LS-DYNA keyword deck by LS-PrePost,Rcforc Data
Time,Ma 373 X-force,Time,Ma 373 Y-force,Time,Ma 373 Z-force,
    0.0000000000e+00,    0.0000000000e+00,    0.0000000000e+00,    0.0000000000e+00,    0.0000000000e+00,    0.0000000000e+00,
    1.0990600567e-03,    0.0000000000e+00,    1.0990600567e-03,    0.0000000000e+00,    1.0990600567e-03,    0.0000000000e+00,
    2.1981699392e-03,    0.0000000000e+00,    2.1981699392e-03,    0.0000000000e+00,    2.1981699392e-03,    0.0000000000e+00,
    3.2983899582e-03,    0.0000000000e+00,    3.2983899582e-03,    0.0000000000e+00,    3.2983899582e-03,    0.0000000000e+00,
    4.3993499130e-03,    0.0000000000e+00,    4.3993499130e-03,    0.0000000000e+00,    4.3993499130e-03,    0.0000000000e+00,
    5.4993899539e-03,    0.0000000000e+00,    5.4993899539e-03,    0.0000000000e+00,    5.4993899539e-03,    0.0000000000e+00,
    6.5985200927e-03,    0.0000000000e+00,    6.5985200927e-03,    0.0000000000e+00,    6.5985200927e-03,    0.0000000000e+00,
    7.6994900592e-03,    0.0000000000e+00,    7.6994900592e-03,    0.0000000000e+00,    7.6994900592e-03,    0.0000000000e+00,
    8.7991701439e-03,    0.0000000000e+00,    8.7991701439e-03,    0.0000000000e+00,    8.7991701439e-03,    0.0000000000e+00,
    9.8988199607e-03,    0.0000000000e+00,    9.8988199607e-03,    0.0000000000e+00,    9.8988199607e-03,    0.0000000000e+00,
    1.0999799706e-02,    0.0000000000e+00,    1.0999799706e-02,    0.0000000000e+00,    1.0999799706e-02,    0.0000000000e+00,
    1.2099700049e-02,    0.0000000000e+00,    1.2099700049e-02,    0.0000000000e+00,    1.2099700049e-02,    0.0000000000e+00,
    1.3198999688e-02,    0.0000000000e+00,    1.3198999688e-02,    0.0000000000e+00,    1.3198999688e-02,    0.0000000000e+00,
    1.4299600385e-02,    0.0000000000e+00,    1.4299600385e-02,    0.0000000000e+00,    1.4299600385e-02,    0.0000000000e+00,
    1.5399900265e-02,    0.0000000000e+00,    1.5399900265e-02,    0.0000000000e+00,    1.5399900265e-02,    0.0000000000e+00,
    1.6498299316e-02,    0.0000000000e+00,    1.6498299316e-02,    0.0000000000e+00,    1.6498299316e-02,    0.0000000000e+00,
    1.7599200830e-02,    0.0000000000e+00,    1.7599200830e-02,    0.0000000000e+00,    1.7599200830e-02,    0.0000000000e+00,
    1.8699700013e-02,    0.0000000000e+00,    1.8699700013e-02,    0.0000000000e+00,    1.8699700013e-02,    0.0000000000e+00,
    1.9799100235e-02,    0.0000000000e+00,    1.9799100235e-02,    0.0000000000e+00,    1.9799100235e-02,    0.0000000000e+00,
    2.0898200572e-02,    0.0000000000e+00,    2.0898200572e-02,    0.0000000000e+00,    2.0898200572e-02,    0.0000000000e+00,
    2.1999200806e-02,    0.0000000000e+00,    2.1999200806e-02,    0.0000000000e+00,    2.1999200806e-02,    0.0000000000e+00,
    2.3099999875e-02,    0.0000000000e+00,    2.3099999875e-02,    0.0000000000e+00,    2.3099999875e-02,    0.0000000000e+00,
    2.4199200794e-02,    0.0000000000e+00,    2.4199200794e-02,    0.0000000000e+00,    2.4199200794e-02,    0.0000000000e+00,
    2.5298900902e-02,    0.0000000000e+00,    2.5298900902e-02,    0.0000000000e+00,    2.5298900902e-02,    0.0000000000e+00,
    2.6398399845e-02,    0.0000000000e+00,    2.6398399845e-02,    0.0000000000e+00,    2.6398399845e-02,    0.0000000000e+00,
    2.7499800548e-02,    0.0000000000e+00,    2.7499800548e-02,    0.0000000000e+00,    2.7499800548e-02,    0.0000000000e+00,
    2.8598599136e-02,    0.0000000000e+00,    2.8598599136e-02,    0.0000000000e+00,    2.8598599136e-02,    0.0000000000e+00,
    2.9699800536e-02,    0.0000000000e+00,    2.9699800536e-02,    0.0000000000e+00,    2.9699800536e-02,    0.0000000000e+00,
    3.0798900872e-02,    0.0000000000e+00,    3.0798900872e-02,    0.0000000000e+00,    3.0798900872e-02,    0.0000000000e+00,
    3.1899001449e-02,    0.0000000000e+00,    3.1899001449e-02,    0.0000000000e+00,    3.1899001449e-02,    0.0000000000e+00,
    3.2998200506e-02,    0.0000000000e+00,    3.2998200506e-02,    0.0000000000e+00,    3.2998200506e-02,    0.0000000000e+00,
    3.4099198878e-02,    0.0000000000e+00,    3.4099198878e-02,    0.0000000000e+00,    3.4099198878e-02,    0.0000000000e+00,
    3.5199001431e-02,    0.0000000000e+00,    3.5199001431e-02,    0.0000000000e+00,    3.5199001431e-02,    0.0000000000e+00,
    3.6299198866e-02,    0.0000000000e+00,    3.6299198866e-02,    0.0000000000e+00,    3.6299198866e-02,    0.0000000000e+00,
    3.7398301065e-02,    0.0000000000e+00,    3.7398301065e-02,    0.0000000000e+00,    3.7398301065e-02,    0.0000000000e+00,
    3.8499899209e-02,    0.0000000000e+00,    3.8499899209e-02,    0.0000000000e+00,    3.8499899209e-02,    0.0000000000e+00,
    3.9599601179e-02,    0.0000000000e+00,    3.9599601179e-02,    0.0000000000e+00,    3.9599601179e-02,    0.0000000000e+00,
    4.0699601173e-02,    0.0000000000e+00,    4.0699601173e-02,    0.0000000000e+00,    4.0699601173e-02,    0.0000000000e+00,
    4.1798699647e-02,    0.0000000000e+00,    4.1798699647e-02,    0.0000000000e+00,    4.1798699647e-02,    0.0000000000e+00,
    4.2899001390e-02,    0.0000000000e+00,    4.2899001390e-02,    0.0000000000e+00,    4.2899001390e-02,    0.0000000000e+00,
    4.3998401612e-02,    0.0000000000e+00,    4.3998401612e-02,    0.0000000000e+00,    4.3998401612e-02,    0.0000000000e+00,
    4.5098699629e-02,    0.0000000000e+00,    4.5098699629e-02,    0.0000000000e+00,    4.5098699629e-02,    0.0000000000e+00,
    4.6199701726e-02,    0.0000000000e+00,    4.6199701726e-02,    0.0000000000e+00,    4.6199701726e-02,    0.0000000000e+00,
    4.7299500555e-02,    0.0000000000e+00,    4.7299500555e-02,    0.0000000000e+00,    4.7299500555e-02,    0.0000000000e+00,
    4.8399198800e-02,    0.0000000000e+00,    4.8399198800e-02,    0.0000000000e+00,    4.8399198800e-02,    0.0000000000e+00,
    4.9498300999e-02,    0.0000000000e+00,    4.9498300999e-02,    0.0000000000e+00,    4.9498300999e-02,    0.0000000000e+00,
    5.0599399954e-02,    0.0000000000e+00,    5.0599399954e-02,    0.0000000000e+00,    5.0599399954e-02,    0.0000000000e+00,
    5.1699899137e-02,    0.0000000000e+00,    5.1699899137e-02,    0.0000000000e+00,    5.1699899137e-02,    0.0000000000e+00,
    5.2798800170e-02,    0.0000000000e+00,    5.2798800170e-02,    0.0000000000e+00,    5.2798800170e-02,    0.0000000000e+00,
    5.3899798542e-02,    0.0000000000e+00,    5.3899798542e-02,    0.0000000000e+00,    5.3899798542e-02,    0.0000000000e+00,
    5.4999601096e-02,    0.0000000000e+00,    5.4999601096e-02,    0.0000000000e+00,    5.4999601096e-02,    0.0000000000e+00,
    5.6098498404e-02,    0.0000000000e+00,    5.6098498404e-02,    0.0000000000e+00,    5.6098498404e-02,    0.0000000000e+00,
    5.7199500501e-02,    0.0000000000e+00,    5.7199500501e-02,    0.0000000000e+00,    5.7199500501e-02,    0.0000000000e+00,
    5.8299198747e-02,    0.0000000000e+00,    5.8299198747e-02,    0.0000000000e+00,    5.8299198747e-02,    0.0000000000e+00,
    5.9399701655e-02,    0.0000000000e+00,    5.9399701655e-02,    0.0000000000e+00,    5.9399701655e-02,    0.0000000000e+00,
    6.0499701649e-02,    0.0000000000e+00,    6.0499701649e-02,    0.0000000000e+00,    6.0499701649e-02,    0.0000000000e+00,
    6.1599399894e-02,    0.0000000000e+00,    6.1599399894e-02,    0.0000000000e+00,    6.1599399894e-02,    0.0000000000e+00,
    6.2698900700e-02,    0.0000000000e+00,    6.2698900700e-02,    0.0000000000e+00,    6.2698900700e-02,    0.0000000000e+00,
    6.3798502088e-02,    0.0000000000e+00,    6.3798502088e-02,    0.0000000000e+00,    6.3798502088e-02,    0.0000000000e+00,
    6.4899496734e-02,    0.0000000000e+00,    6.4899496734e-02,    0.0000000000e+00,    6.4899496734e-02,    0.0000000000e+00,
    6.5998099744e-02,    0.0000000000e+00,    6.5998099744e-02,    0.0000000000e+00,    6.5998099744e-02,    0.0000000000e+00,
    6.7098401487e-02,    0.0000000000e+00,    6.7098401487e-02,    0.0000000000e+00,    6.7098401487e-02,    0.0000000000e+00,
    6.8199902773e-02,    0.0000000000e+00,    6.8199902773e-02,    0.0000000000e+00,    6.8199902773e-02,    0.0000000000e+00,
    6.9298997521e-02,    0.0000000000e+00,    6.9298997521e-02,    0.0000000000e+00,    6.9298997521e-02,    0.0000000000e+00,
    7.0399798453e-02,    0.0000000000e+00,    7.0399798453e-02,    0.0000000000e+00,    7.0399798453e-02,    0.0000000000e+00,
    7.1499697864e-02,    0.0000000000e+00,    7.1499697864e-02,    0.0000000000e+00,    7.1499697864e-02,    0.0000000000e+00,
    7.2598800063e-02,    0.0000000000e+00,    7.2598800063e-02,    0.0000000000e+00,    7.2598800063e-02,    0.0000000000e+00,
    7.3698200285e-02,    0.0000000000e+00,    7.3698200285e-02,    0.0000000000e+00,    7.3698200285e-02,    0.0000000000e+00,
    7.4798502028e-02,    0.0000000000e+00,    7.4798502028e-02,    0.0000000000e+00,    7.4798502028e-02,    0.0000000000e+00,
    7.5898401439e-02,    0.0000000000e+00,    7.5898401439e-02,    0.0000000000e+00,    7.5898401439e-02,    0.0000000000e+00,
    7.6999902725e-02,    0.0000000000e+00,    7.6999902725e-02,    0.0000000000e+00,    7.6999902725e-02,    0.0000000000e+00,
    7.8098997474e-02,    0.0000000000e+00,    7.8098997474e-02,    0.0000000000e+00,    7.8098997474e-02,    0.0000000000e+00,
    7.9199701548e-02,    0.0000000000e+00,    7.9199701548e-02,    0.0000000000e+00,    7.9199701548e-02,    0.0000000000e+00,
    8.0298699439e-02,    0.0000000000e+00,    8.0298699439e-02,    0.0000000000e+00,    8.0298699439e-02,    0.0000000000e+00,
    8.1398598850e-02,    0.0000000000e+00,    8.1398598850e-02,    0.0000000000e+00,    8.1398598850e-02,    0.0000000000e+00,
    8.2499101758e-02,    0.0000000000e+00,    8.2499101758e-02,    0.0000000000e+00,    8.2499101758e-02,    0.0000000000e+00,
    8.3598397672e-02,    0.0000000000e+00,    8.3598397672e-02,    0.0000000000e+00,    8.3598397672e-02,    0.0000000000e+00,
    8.4699399769e-02,    0.0000000000e+00,    8.4699399769e-02,    0.0000000000e+00,    8.4699399769e-02,    0.0000000000e+00,
    8.5798799992e-02,    0.0000000000e+00,    8.5798799992e-02,    0.0000000000e+00,    8.5798799992e-02,    0.0000000000e+00,
    8.6899898946e-02,    0.0000000000e+00,    8.6899898946e-02,    0.0000000000e+00,    8.6899898946e-02,    0.0000000000e+00,
    8.7999001145e-02,    0.0000000000e+00,    8.7999001145e-02,    0.0000000000e+00,    8.7999001145e-02,    0.0000000000e+00,
    8.9098997414e-02,    0.0000000000e+00,    8.9098997414e-02,    0.0000000000e+00,    8.9098997414e-02,    0.0000000000e+00,
    9.0199500322e-02,    0.0000000000e+00,    9.0199500322e-02,    0.0000000000e+00,    9.0199500322e-02,    0.0000000000e+00,
    9.1299600899e-02,    0.0000000000e+00,    9.1299600899e-02,    0.0000000000e+00,    9.1299600899e-02,    0.0000000000e+00,
    9.2398703098e-02,    0.0000000000e+00,    9.2398703098e-02,    0.0000000000e+00,    9.2398703098e-02,    0.0000000000e+00,
    9.3499898911e-02,    0.0000000000e+00,    9.3499898911e-02,    0.0000000000e+00,    9.3499898911e-02,    0.0000000000e+00,
    9.4598703086e-02,    0.0000000000e+00,    9.4598703086e-02,    0.0000000000e+00,    9.4598703086e-02,    0.0000000000e+00,
    9.5699697733e-02,    0.0000000000e+00,    9.5699697733e-02,    0.0000000000e+00,    9.5699697733e-02,    0.0000000000e+00,
    9.6798703074e-02,    0.0000000000e+00,    9.6798703074e-02,    0.0000000000e+00,    9.6798703074e-02,    0.0000000000e+00,
    9.7899198532e-02,    0.0000000000e+00,    9.7899198532e-02,    0.0000000000e+00,    9.7899198532e-02,    0.0000000000e+00,
    9.8999999464e-02,    0.0000000000e+00,    9.8999999464e-02,    0.0000000000e+00,    9.8999999464e-02,    0.0000000000e+00,
    1.0010000318e-01,    0.0000000000e+00,    1.0010000318e-01,    0.0000000000e+00,    1.0010000318e-01,    0.0000000000e+00,
    1.0119800270e-01,    0.0000000000e+00,    1.0119800270e-01,    0.0000000000e+00,    1.0119800270e-01,    0.0000000000e+00,
    1.0229899734e-01,    0.0000000000e+00,    1.0229899734e-01,    0.0000000000e+00,    1.0229899734e-01,    0.0000000000e+00,
    1.0339800268e-01,    0.0000000000e+00,    1.0339800268e-01,    0.0000000000e+00,    1.0339800268e-01,    0.0000000000e+00,
    1.0449899733e-01,    0.0000000000e+00,    1.0449899733e-01,    0.0000000000e+00,    1.0449899733e-01,    0.0000000000e+00,
    1.0559900105e-01,    0.0000000000e+00,    1.0559900105e-01,    0.0000000000e+00,    1.0559900105e-01,    0.0000000000e+00,
    1.0669799894e-01,    0.0000000000e+00,    1.0669799894e-01,    0.0000000000e+00,    1.0669799894e-01,    0.0000000000e+00,
    1.0779900104e-01,    0.0000000000e+00,    1.0779900104e-01,    0.0000000000e+00,    1.0779900104e-01,    0.0000000000e+00,
    1.0889799893e-01,    0.0000000000e+00,    1.0889799893e-01,    0.0000000000e+00,    1.0889799893e-01,    0.0000000000e+00,
    1.0999900103e-01,    0.0000000000e+00,    1.0999900103e-01,    0.0000000000e+00,    1.0999900103e-01,    0.0000000000e+00,
    1.1110000312e-01,    0.0000000000e+00,    1.1110000312e-01,    0.0000000000e+00,    1.1110000312e-01,    0.0000000000e+00,
    1.1219800264e-01,    0.0000000000e+00,    1.1219800264e-01,    0.0000000000e+00,    1.1219800264e-01,    0.0000000000e+00,
    1.1329899728e-01,    0.0000000000e+00,    1.1329899728e-01,    0.0000000000e+00,    1.1329899728e-01,    0.0000000000e+00,
    1.1439900100e-01,    0.0000000000e+00,    1.1439900100e-01,    0.0000000000e+00,    1.1439900100e-01,    0.0000000000e+00,
    1.1549799889e-01,    0.0000000000e+00,    1.1549799889e-01,    0.0000000000e+00,    1.1549799889e-01,    0.0000000000e+00,
    1.1659999937e-01,    0.0000000000e+00,    1.1659999937e-01,    0.0000000000e+00,    1.1659999937e-01,    0.0000000000e+00,
    1.1769799888e-01,    0.0000000000e+00,    1.1769799888e-01,    0.0000000000e+00,    1.1769799888e-01,    0.0000000000e+00,
    1.1879900098e-01,    0.0000000000e+00,    1.1879900098e-01,    0.0000000000e+00,    1.1879900098e-01,    0.0000000000e+00,
    1.1989799887e-01,    0.0000000000e+00,    1.1989799887e-01,    0.0000000000e+00,    1.1989799887e-01,    0.0000000000e+00,
    1.2099900097e-01,    0.0000000000e+00,    1.2099900097e-01,    0.0000000000e+00,    1.2099900097e-01,    0.0000000000e+00,
    1.2209799886e-01,    0.0000000000e+00,    1.2209799886e-01,    0.0000000000e+00,    1.2209799886e-01,    0.0000000000e+00,
    1.2319900095e-01,    0.0000000000e+00,    1.2319900095e-01,    0.0000000000e+00,    1.2319900095e-01,    0.0000000000e+00,
    1.2429799885e-01,    0.0000000000e+00,    1.2429799885e-01,    0.0000000000e+00,    1.2429799885e-01,    0.0000000000e+00,
    1.2540000677e-01,    0.0000000000e+00,    1.2540000677e-01,    0.0000000000e+00,    1.2540000677e-01,    0.0000000000e+00,
    1.2649899721e-01,    0.0000000000e+00,    1.2649899721e-01,    0.0000000000e+00,    1.2649899721e-01,    0.0000000000e+00,
    1.2759999931e-01,    0.0000000000e+00,    1.2759999931e-01,    0.0000000000e+00,    1.2759999931e-01,    0.0000000000e+00,
    1.2869800627e-01,    0.0000000000e+00,    1.2869800627e-01,    0.0000000000e+00,    1.2869800627e-01,    0.0000000000e+00,
    1.2979899347e-01,    0.0000000000e+00,    1.2979899347e-01,    0.0000000000e+00,    1.2979899347e-01,    0.0000000000e+00,
    1.3089999557e-01,    0.0000000000e+00,    1.3089999557e-01,    0.0000000000e+00,    1.3089999557e-01,    0.0000000000e+00,
    1.3199900091e-01,    0.0000000000e+00,    1.3199900091e-01,    0.0000000000e+00,    1.3199900091e-01,    0.0000000000e+00,
    1.3310000300e-01,    0.0000000000e+00,    1.3310000300e-01,    0.0000000000e+00,    1.3310000300e-01,    0.0000000000e+00,
    1.3419899344e-01,    0.0000000000e+00,    1.3419899344e-01,    0.0000000000e+00,    1.3419899344e-01,    0.0000000000e+00,
    1.3529999554e-01,    0.0000000000e+00,    1.3529999554e-01,    0.0000000000e+00,    1.3529999554e-01,    0.0000000000e+00,
    1.3639800251e-01,    0.0000000000e+00,    1.3639800251e-01,    0.0000000000e+00,    1.3639800251e-01,    0.0000000000e+00,
    1.3750000298e-01,    0.0000000000e+00,    1.3750000298e-01,    0.0000000000e+00,    1.3750000298e-01,    0.0000000000e+00,
    1.3859899342e-01,    0.0000000000e+00,    1.3859899342e-01,    0.0000000000e+00,    1.3859899342e-01,    0.0000000000e+00,
    1.3969799876e-01,    0.0000000000e+00,    1.3969799876e-01,    0.0000000000e+00,    1.3969799876e-01,    0.0000000000e+00,
    1.4079999924e-01,    0.0000000000e+00,    1.4079999924e-01,    0.0000000000e+00,    1.4079999924e-01,    0.0000000000e+00,
    1.4189900458e-01,    0.0000000000e+00,    1.4189900458e-01,    0.0000000000e+00,    1.4189900458e-01,    0.0000000000e+00,
    1.4299899340e-01,    0.0000000000e+00,    1.4299899340e-01,    0.0000000000e+00,    1.4299899340e-01,    0.0000000000e+00,
    1.4409999549e-01,    0.0000000000e+00,    1.4409999549e-01,    0.0000000000e+00,    1.4409999549e-01,    0.0000000000e+00,
    1.4519999921e-01,    0.0000000000e+00,    1.4519999921e-01,    0.0000000000e+00,    1.4519999921e-01,    0.0000000000e+00,
    1.4629900455e-01,    0.0000000000e+00,    1.4629900455e-01,    0.0000000000e+00,    1.4629900455e-01,    0.0000000000e+00,
    1.4739899337e-01,    0.0000000000e+00,    1.4739899337e-01,    0.0000000000e+00,    1.4739899337e-01,    0.0000000000e+00,
    1.4849899709e-01,    0.0000000000e+00,    1.4849899709e-01,    0.0000000000e+00,    1.4849899709e-01,    0.0000000000e+00,
    1.4959999919e-01,    0.0000000000e+00,    1.4959999919e-01,    0.0000000000e+00,    1.4959999919e-01,    0.0000000000e+00,
    1.5069900453e-01,    0.0000000000e+00,    1.5069900453e-01,    0.0000000000e+00,    1.5069900453e-01,    0.0000000000e+00,
    1.5180000663e-01,    0.0000000000e+00,    1.5180000663e-01,    0.0000000000e+00,    1.5180000663e-01,    0.0000000000e+00,
    1.5289899707e-01,    0.0000000000e+00,    1.5289899707e-01,    0.0000000000e+00,    1.5289899707e-01,    0.0000000000e+00,
    1.5399999917e-01,    0.0000000000e+00,    1.5399999917e-01,    0.0000000000e+00,    1.5399999917e-01,    0.0000000000e+00,
    1.5509800613e-01,    0.0000000000e+00,    1.5509800613e-01,    0.0000000000e+00,    1.5509800613e-01,    0.0000000000e+00,
    1.5619899333e-01,    0.0000000000e+00,    1.5619899333e-01,    0.0000000000e+00,    1.5619899333e-01,    0.0000000000e+00,
    1.5729799867e-01,    0.0000000000e+00,    1.5729799867e-01,    0.0000000000e+00,    1.5729799867e-01,    0.0000000000e+00,
    1.5839999914e-01,    0.0000000000e+00,    1.5839999914e-01,    0.0000000000e+00,    1.5839999914e-01,    0.0000000000e+00,
    1.5949800611e-01,    0.0000000000e+00,    1.5949800611e-01,    0.0000000000e+00,    1.5949800611e-01,    0.0000000000e+00,
    1.6059899330e-01,    0.0000000000e+00,    1.6059899330e-01,    0.0000000000e+00,    1.6059899330e-01,    0.0000000000e+00,
    1.6169999540e-01,    0.0000000000e+00,    1.6169999540e-01,    0.0000000000e+00,    1.6169999540e-01,    0.0000000000e+00,
    1.6279800236e-01,    0.0000000000e+00,    1.6279800236e-01,    0.0000000000e+00,    1.6279800236e-01,    0.0000000000e+00,
    1.6390000284e-01,    0.0000000000e+00,    1.6390000284e-01,    0.0000000000e+00,    1.6390000284e-01,    0.0000000000e+00,
    1.6499899328e-01,    0.0000000000e+00,    1.6499899328e-01,    0.0000000000e+00,    1.6499899328e-01,    0.0000000000e+00,
    1.6609999537e-01,    0.0000000000e+00,    1.6609999537e-01,    0.0000000000e+00,    1.6609999537e-01,    0.0000000000e+00,
    1.6719999909e-01,    0.0000000000e+00,    1.6719999909e-01,    0.0000000000e+00,    1.6719999909e-01,    0.0000000000e+00,
    1.6829900444e-01,    0.0000000000e+00,    1.6829900444e-01,    0.0000000000e+00,    1.6829900444e-01,    0.0000000000e+00,
    1.6940000653e-01,    0.0000000000e+00,    1.6940000653e-01,    0.0000000000e+00,    1.6940000653e-01,    0.0000000000e+00,
    1.7049899697e-01,    0.0000000000e+00,    1.7049899697e-01,    0.0000000000e+00,    1.7049899697e-01,    0.0000000000e+00,
    1.7159800231e-01,    0.0000000000e+00,    1.7159800231e-01,    0.0000000000e+00,    1.7159800231e-01,    0.0000000000e+00,
    1.7269900441e-01,    0.0000000000e+00,    1.7269900441e-01,    0.0000000000e+00,    1.7269900441e-01,    0.0000000000e+00,
    1.7379899323e-01,    0.0000000000e+00,    1.7379899323e-01,    0.0000000000e+00,    1.7379899323e-01,    0.0000000000e+00,
    1.7489999533e-01,    0.0000000000e+00,    1.7489999533e-01,    0.0000000000e+00,    1.7489999533e-01,    0.0000000000e+00,
    1.7599900067e-01,    0.0000000000e+00,    1.7599900067e-01,    0.0000000000e+00,    1.7599900067e-01,    0.0000000000e+00,
    1.7710000277e-01,    0.0000000000e+00,    1.7710000277e-01,    0.0000000000e+00,    1.7710000277e-01,    0.0000000000e+00,
    1.7819799483e-01,    0.0000000000e+00,    1.7819799483e-01,    0.0000000000e+00,    1.7819799483e-01,    0.0000000000e+00,
    1.7929999530e-01,    0.0000000000e+00,    1.7929999530e-01,    0.0000000000e+00,    1.7929999530e-01,    0.0000000000e+00,
    1.8039900064e-01,    0.0000000000e+00,    1.8039900064e-01,    0.0000000000e+00,    1.8039900064e-01,    0.0000000000e+00,
    1.8149800599e-01,    0.0000000000e+00,    1.8149800599e-01,    0.0000000000e+00,    1.8149800599e-01,    0.0000000000e+00,
    1.8259899318e-01,    0.0000000000e+00,    1.8259899318e-01,    0.0000000000e+00,    1.8259899318e-01,    0.0000000000e+00,
    1.8369999528e-01,    0.0000000000e+00,    1.8369999528e-01,    0.0000000000e+00,    1.8369999528e-01,    0.0000000000e+00,
    1.8479900062e-01,    0.0000000000e+00,    1.8479900062e-01,    0.0000000000e+00,    1.8479900062e-01,    0.0000000000e+00,
    1.8589800596e-01,    0.0000000000e+00,    1.8589800596e-01,    0.0000000000e+00,    1.8589800596e-01,    0.0000000000e+00,
    1.8700000644e-01,    0.0000000000e+00,    1.8700000644e-01,    0.0000000000e+00,    1.8700000644e-01,    0.0000000000e+00,
    1.8809899688e-01,    0.0000000000e+00,    1.8809899688e-01,    0.0000000000e+00,    1.8809899688e-01,    0.0000000000e+00,
    1.8919900060e-01,    0.0000000000e+00,    1.8919900060e-01,    0.0000000000e+00,    1.8919900060e-01,    0.0000000000e+00,
    1.9030000269e-01,    0.0000000000e+00,    1.9030000269e-01,    0.0000000000e+00,    1.9030000269e-01,    0.0000000000e+00,
    1.9139799476e-01,    0.0000000000e+00,    1.9139799476e-01,    0.0000000000e+00,    1.9139799476e-01,    0.0000000000e+00,
    1.9249899685e-01,    0.0000000000e+00,    1.9249899685e-01,    0.0000000000e+00,    1.9249899685e-01,    0.0000000000e+00,
    1.9359999895e-01,    0.0000000000e+00,    1.9359999895e-01,    0.0000000000e+00,    1.9359999895e-01,    0.0000000000e+00,
    1.9470000267e-01,    0.0000000000e+00,    1.9470000267e-01,    0.0000000000e+00,    1.9470000267e-01,    0.0000000000e+00,
    1.9579899311e-01,    0.0000000000e+00,    1.9579899311e-01,    0.0000000000e+00,    1.9579899311e-01,    0.0000000000e+00,
    1.9689899683e-01,    0.0000000000e+00,    1.9689899683e-01,    0.0000000000e+00,    1.9689899683e-01,    0.0000000000e+00,
    1.9799999893e-01,    0.0000000000e+00,    1.9799999893e-01,    0.0000000000e+00,    1.9799999893e-01,    0.0000000000e+00,
    1.9909900427e-01,    0.0000000000e+00,    1.9909900427e-01,    0.0000000000e+00,    1.9909900427e-01,    0.0000000000e+00,
    2.0020000637e-01,    0.0000000000e+00,    2.0020000637e-01,    0.0000000000e+00,    2.0020000637e-01,    0.0000000000e+00,
    2.0129899681e-01,    0.0000000000e+00,    2.0129899681e-01,    0.0000000000e+00,    2.0129899681e-01,    0.0000000000e+00,
    2.0239900053e-01,    0.0000000000e+00,    2.0239900053e-01,    0.0000000000e+00,    2.0239900053e-01,    0.0000000000e+00,
    2.0349900424e-01,    0.0000000000e+00,    2.0349900424e-01,    0.0000000000e+00,    2.0349900424e-01,    0.0000000000e+00,
    2.0459799469e-01,    0.0000000000e+00,    2.0459799469e-01,    0.0000000000e+00,    2.0459799469e-01,    0.0000000000e+00,
    2.0569899678e-01,    0.0000000000e+00,    2.0569899678e-01,    0.0000000000e+00,    2.0569899678e-01,    0.0000000000e+00,
    2.0679900050e-01,    0.0000000000e+00,    2.0679900050e-01,    0.0000000000e+00,    2.0679900050e-01,    0.0000000000e+00,
    2.0790000260e-01,    0.0000000000e+00,    2.0790000260e-01,    0.0000000000e+00,    2.0790000260e-01,    0.0000000000e+00,
    2.0899899304e-01,    0.0000000000e+00,    2.0899899304e-01,    0.0000000000e+00,    2.0899899304e-01,    0.0000000000e+00,
    2.1009799838e-01,    0.0000000000e+00,    2.1009799838e-01,    0.0000000000e+00,    2.1009799838e-01,    0.0000000000e+00,
    2.1119900048e-01,    0.0000000000e+00,    2.1119900048e-01,    0.0000000000e+00,    2.1119900048e-01,    0.0000000000e+00,
    2.1229800582e-01,    0.0000000000e+00,    2.1229800582e-01,    0.0000000000e+00,    2.1229800582e-01,    0.0000000000e+00,
    2.1339899302e-01,    0.0000000000e+00,    2.1339899302e-01,    0.0000000000e+00,    2.1339899302e-01,    0.0000000000e+00,
    2.1449899673e-01,    0.0000000000e+00,    2.1449899673e-01,    0.0000000000e+00,    2.1449899673e-01,    0.0000000000e+00,
    2.1559800208e-01,    0.0000000000e+00,    2.1559800208e-01,    0.0000000000e+00,    2.1559800208e-01,    0.0000000000e+00,
    2.1669900417e-01,    0.0000000000e+00,    2.1669900417e-01,    0.0000000000e+00,    2.1669900417e-01,    0.0000000000e+00,
    2.1779899299e-01,    0.0000000000e+00,    2.1779899299e-01,    0.0000000000e+00,    2.1779899299e-01,    0.0000000000e+00,
    2.1889999509e-01,    0.0000000000e+00,    2.1889999509e-01,    0.0000000000e+00,    2.1889999509e-01,    0.0000000000e+00,
    2.1999800205e-01,    0.0000000000e+00,    2.1999800205e-01,    0.0000000000e+00,    2.1999800205e-01,    0.0000000000e+00,
    2.2109900415e-01,    0.0000000000e+00,    2.2109900415e-01,    0.0000000000e+00,    2.2109900415e-01,    0.0000000000e+00,
    2.2220000625e-01,    0.0000000000e+00,    2.2220000625e-01,    0.0000000000e+00,    2.2220000625e-01,    0.0000000000e+00,
    2.2329899669e-01,    0.0000000000e+00,    2.2329899669e-01,    0.0000000000e+00,    2.2329899669e-01,    0.0000000000e+00,
    2.2439800203e-01,    0.0000000000e+00,    2.2439800203e-01,    0.0000000000e+00,    2.2439800203e-01,    0.0000000000e+00,
    2.2549900413e-01,    0.0000000000e+00,    2.2549900413e-01,    0.0000000000e+00,    2.2549900413e-01,    0.0000000000e+00,
    2.2659799457e-01,    0.0000000000e+00,    2.2659799457e-01,    0.0000000000e+00,    2.2659799457e-01,    0.0000000000e+00,
    2.2769799829e-01,    0.0000000000e+00,    2.2769799829e-01,    0.0000000000e+00,    2.2769799829e-01,    0.0000000000e+00,
    2.2879900038e-01,    0.0000000000e+00,    2.2879900038e-01,    0.0000000000e+00,    2.2879900038e-01,    0.0000000000e+00,
    2.2989900410e-01,    3.3473199323e-08,    2.2989900410e-01,    1.6040100018e-03,    2.2989900410e-01,   -6.1517397398e-07,
    2.3099799454e-01,   -3.0969400200e-07,    2.3099799454e-01,    1.1277499609e-02,    2.3099799454e-01,   -1.2720100131e-05,
    2.3209799826e-01,   -6.4667500510e-07,    2.3209799826e-01,    2.4222899228e-02,    2.3209799826e-01,    1.2153300304e-06,
    2.3319900036e-01,   -5.5529199017e-08,    2.3319900036e-01,    3.6994200200e-02,    2.3319900036e-01,    3.5646600736e-05,
    2.3429800570e-01,    1.8219000140e-06,    2.3429800570e-01,    5.4450299591e-02,    2.3429800570e-01,   -2.6635600079e-05,
    2.3539799452e-01,    4.4285599188e-07,    2.3539799452e-01,    7.4806198478e-02,    2.3539799452e-01,   -6.6615597461e-05,
    2.3649899662e-01,    1.6831600078e-06,    2.3649899662e-01,    9.6317797899e-02,    2.3649899662e-01,    8.6040899987e-06,
    2.3759900033e-01,   -3.8166101035e-07,    2.3759900033e-01,    1.2413100153e-01,    2.3759900033e-01,    5.6456199673e-05,
    2.3869800568e-01,   -1.0472399481e-06,    2.3869800568e-01,    1.5327300131e-01,    2.3869800568e-01,   -5.1709699619e-05,
    2.3979799449e-01,   -1.8465000267e-06,    2.3979799449e-01,    1.8424299359e-01,    2.3979799449e-01,    3.2547600313e-06,
    2.4089799821e-01,    8.7293801698e-07,    2.4089799821e-01,    2.1548600495e-01,    2.4089799821e-01,    1.6799100558e-04,
    2.4199900031e-01,    2.0046500140e-06,    2.4199900031e-01,    2.4937200546e-01,    2.4199900031e-01,    9.3969101727e-05,
    2.4310000241e-01,   -7.8726202446e-07,    2.4310000241e-01,    2.8543001413e-01,    2.4310000241e-01,   -2.3703500119e-05,
    2.4419799447e-01,   -1.4924600578e-07,    2.4419799447e-01,    3.2209500670e-01,    2.4419799447e-01,    1.3432599371e-04,
    2.4529899657e-01,   -8.1593998402e-07,    2.4529899657e-01,    3.5972398520e-01,    2.4529899657e-01,    2.8710899642e-04,
    2.4639999866e-01,   -1.4168999769e-06,    2.4639999866e-01,    4.0298399329e-01,    2.4639999866e-01,    1.0272899817e-04,
    2.4749900401e-01,    1.6980399664e-07,    2.4749900401e-01,    4.4929000735e-01,    2.4749900401e-01,    1.8468299822e-04,
    2.4860000610e-01,    1.1037200238e-06,    2.4860000610e-01,    4.9721100926e-01,    2.4860000610e-01,    3.3943299786e-04,
    2.4969899654e-01,   -4.3490899770e-07,    2.4969899654e-01,    5.4843002558e-01,    2.4969899654e-01,    2.3820399656e-04,
    2.5079900026e-01,   -1.3087100115e-06,    2.5079900026e-01,    6.0572302341e-01,    2.5079900026e-01,    8.1598402176e-05,
    2.5189900398e-01,    5.7106501572e-07,    2.5189900398e-01,    6.6314500570e-01,    2.5189900398e-01,    3.2870800351e-04,
    2.5299999118e-01,    2.7804000524e-07,    2.5299999118e-01,    7.2225898504e-01,    2.5299999118e-01,    4.3620099314e-04,
    2.5409901142e-01,    1.5724400555e-06,    2.5409901142e-01,    7.9671198130e-01,    2.5409901142e-01,    1.3691499771e-04,
    2.5519898534e-01,   -1.4208100083e-06,    2.5519898534e-01,    8.7507402897e-01,    2.5519898534e-01,   -1.4749700495e-04,
    2.5629898906e-01,   -9.6390799342e-08,    2.5629898906e-01,    9.5511400700e-01,    2.5629898906e-01,    1.3545500406e-04,
    2.5740000606e-01,    3.2764600633e-07,    2.5740000606e-01,    1.0401200056e+00,    2.5740000606e-01,   -2.2648400045e-04,
    2.5849899650e-01,    6.7353198574e-07,    2.5849899650e-01,    1.1289900541e+00,    2.5849899650e-01,   -7.7411497477e-04,
    2.5960001349e-01,    4.4798298404e-06,    2.5960001349e-01,    1.2104699612e+00,    2.5960001349e-01,   -8.0472702393e-04,
    2.6069799066e-01,    3.1457400951e-07,    2.6069799066e-01,    1.2912399769e+00,    2.6069799066e-01,   -1.2499999721e-03,
    2.6179900765e-01,   -5.0993901368e-07,    2.6179900765e-01,    1.3732899427e+00,    2.6179900765e-01,   -2.2962200455e-03,
    2.6289799809e-01,   -2.9367800636e-08,    2.6289799809e-01,    1.4362499714e+00,    2.6289799809e-01,   -2.4046199396e-03,
    2.6399800181e-01,    3.7615700421e-06,    2.6399800181e-01,    1.4373099804e+00,    2.6399800181e-01,   -1.1273799464e-03,
    2.6509898901e-01,    3.2500099678e-06,    2.6509898901e-01,    1.5128200054e+00,    2.6509898901e-01,   -2.3487398867e-03,
    2.6620000601e-01,    8.5684001760e-07,    2.6620000601e-01,    1.5922100544e+00,    2.6620000601e-01,   -2.8059100732e-03,
    2.6730000973e-01,    3.1929400848e-06,    2.6730000973e-01,    1.6579099894e+00,    2.6730000973e-01,   -1.4787799446e-03,
    2.6839900017e-01,   -2.5572998652e-07,    2.6839900017e-01,    1.7220400572e+00,    2.6839900017e-01,   -6.6141998104e-05,
    2.6949998736e-01,    1.0607000149e-06,    2.6949998736e-01,    1.7948299646e+00,    2.6949998736e-01,    7.4832700193e-04,
    2.7059799433e-01,   -4.9663198297e-05,    2.7059799433e-01,    1.8267699480e+00,    2.7059799433e-01,    2.2854299459e-04,
    2.7169799805e-01,   -1.9890099793e-05,    2.7169799805e-01,    1.8169200420e+00,    2.7169799805e-01,   -5.8901499870e-05,
    2.7279898524e-01,   -4.1509802031e-06,    2.7279898524e-01,    1.9012099504e+00,    2.7279898524e-01,    2.8037998709e-04,
    2.7390000224e-01,   -1.8432499928e-05,    2.7390000224e-01,    1.9970300198e+00,    2.7390000224e-01,    4.7808198724e-04,
    2.7499800920e-01,    1.6299599782e-02,    2.7499800920e-01,    2.0249500275e+00,    2.7499800920e-01,    2.3566999007e-03,
    2.7609899640e-01,    2.2545399144e-02,    2.7609899640e-01,    2.0949399471e+00,    2.7609899640e-01,    2.9033299070e-03,
    2.7719900012e-01,    1.8717600033e-02,    2.7719900012e-01,    2.2060599327e+00,    2.7719900012e-01,    2.9393299483e-03,
    2.7829900384e-01,    4.2875900865e-02,    2.7829900384e-01,    2.2268700600e+00,    2.7829900384e-01,    3.0728499405e-03,
    2.7939900756e-01,    4.9162201583e-02,    2.7939900756e-01,    2.3206000328e+00,    2.7939900756e-01,    3.7529799156e-03,
    2.8049999475e-01,    4.9565698951e-02,    2.8049999475e-01,    2.4233698845e+00,    2.8049999475e-01,    2.3052101023e-03,
    2.8159800172e-01,    4.8166401684e-02,    2.8159800172e-01,    2.5340800285e+00,    2.8159800172e-01,    1.9032800337e-03,
    2.8270000219e-01,    5.1307398826e-02,    2.8270000219e-01,    2.6375598907e+00,    2.8270000219e-01,    2.1642099600e-03,
    2.8379800916e-01,    5.1857501268e-02,    2.8379800916e-01,    2.7434298992e+00,    2.8379800916e-01,    2.8143299278e-03,
    2.8489899635e-01,    5.2955500782e-02,    2.8489899635e-01,    2.8613100052e+00,    2.8489899635e-01,    1.8791699549e-03,
    2.8600001335e-01,    5.2956201136e-02,    2.8600001335e-01,    2.9731299877e+00,    2.8600001335e-01,    3.1666499563e-03,
    2.8709799051e-01,    5.3226199001e-02,    2.8709799051e-01,    3.0722498894e+00,    2.8709799051e-01,    3.1458600424e-03,
    2.8819799423e-01,    5.5890399963e-02,    2.8819799423e-01,    3.1784598827e+00,    2.8819799423e-01,    1.5773900086e-03,
    2.8929901123e-01,    5.7595599443e-02,    2.8929901123e-01,    3.2823400497e+00,    2.8929901123e-01,    1.9770399667e-03,
    2.9039999843e-01,    6.0734499246e-02,    2.9039999843e-01,    3.3767099380e+00,    2.9039999843e-01,    3.3142999746e-03,
    2.9150000215e-01,    6.1355199665e-02,    2.9150000215e-01,    3.4753201008e+00,    2.9150000215e-01,    2.8641899116e-03,
    2.9259899259e-01,    6.1739299446e-02,    2.9259899259e-01,    3.5909600258e+00,    2.9259899259e-01,    1.6693499638e-03,
    2.9369801283e-01,    6.2317300588e-02,    2.9369801283e-01,    3.6974999905e+00,    2.9369801283e-01,    1.8118299777e-03,
    2.9479900002e-01,    6.5163701773e-02,    2.9479900002e-01,    3.8124101162e+00,    2.9479900002e-01,    1.7840700457e-03,
    2.9589998722e-01,    6.6581398249e-02,    2.9589998722e-01,    3.9469599724e+00,    2.9589998722e-01,    1.2567699887e-03,
    2.9699900746e-01,    6.8394102156e-02,    2.9699900746e-01,    4.0689501762e+00,    2.9699900746e-01,    1.9067099784e-03,
    2.9809901118e-01,    7.3305897415e-02,    2.9809901118e-01,    4.1472601891e+00,    2.9809901118e-01,    9.0695498511e-04,
    2.9919898510e-01,    6.3038401306e-02,    2.9919898510e-01,    4.2180099487e+00,    2.9919898510e-01,    1.1528900359e-03,
    3.0030000210e-01,    4.5945100486e-02,    3.0030000210e-01,    4.2362098694e+00,    3.0030000210e-01,    4.4534699991e-03,
    3.0139800906e-01,    4.7373101115e-02,    3.0139800906e-01,    4.3285698891e+00,    3.0139800906e-01,    7.2904401459e-03,
    3.0250000954e-01,    4.8732399940e-02,    3.0250000954e-01,    4.4252600670e+00,    3.0250000954e-01,    6.3934801146e-03,
    3.0359899998e-01,    3.6530498415e-02,    3.0359899998e-01,    4.5321202278e+00,    3.0359899998e-01,    4.9993698485e-03,
    3.0469900370e-01,    2.6040300727e-02,    3.0469900370e-01,    4.6509099007e+00,    3.0469900370e-01,    4.7550601885e-03,
    3.0579900742e-01,    2.6882499456e-02,    3.0579900742e-01,    4.7519497871e+00,    3.0579900742e-01,    4.7330600210e-03,
    3.0689901114e-01,    3.8085699081e-02,    3.0689901114e-01,    4.8237400055e+00,    3.0689901114e-01,    3.5114800557e-03,
    3.0799999833e-01,    4.4589098543e-02,    3.0799999833e-01,    4.8027601242e+00,    3.0799999833e-01,    8.0054299906e-04,
    3.0909800529e-01,    4.0187101811e-02,    3.0909800529e-01,    4.7782001495e+00,    3.0909800529e-01,   -1.0225500446e-03,
    3.1019800901e-01,    3.3736601472e-02,    3.1019800901e-01,    4.8369998932e+00,    3.1019800901e-01,   -1.8641100032e-03,
    3.1129801273e-01,    3.5382699221e-02,    3.1129801273e-01,    4.9526600838e+00,    3.1129801273e-01,    1.1777499458e-03,
    3.1239899993e-01,    4.7681201249e-02,    3.1239899993e-01,    5.0664000511e+00,    3.1239899993e-01,    2.1510799415e-03,
    3.1349900365e-01,    5.1288101822e-02,    3.1349900365e-01,    5.1516399384e+00,    3.1349900365e-01,    2.8712600470e-03,
    3.1459900737e-01,    4.5098900795e-02,    3.1459900737e-01,    5.2411098480e+00,    3.1459900737e-01,    4.1328198276e-03,
    3.1569901109e-01,    4.3883200735e-02,    3.1569901109e-01,    5.3295698166e+00,    3.1569901109e-01,    7.1387700737e-03,
    3.1679901481e-01,    4.1750401258e-02,    3.1679901481e-01,    5.3960800171e+00,    3.1679901481e-01,    5.2028801292e-03,
    3.1789898872e-01,    4.9910400063e-02,    3.1789898872e-01,    5.4997501373e+00,    3.1789898872e-01,    4.6545499936e-03,
    3.1900000572e-01,    5.4514501244e-02,    3.1900000572e-01,    5.6337199211e+00,    3.1900000572e-01,    7.0254900493e-03,
    3.2009899616e-01,    5.2367899567e-02,    3.2009899616e-01,    5.7608799934e+00,    3.2009899616e-01,    5.5934200063e-03,
    3.2119798660e-01,    5.5749900639e-02,    3.2119798660e-01,    5.8600997925e+00,    3.2119798660e-01,    3.5341400653e-03,
    3.2229900360e-01,    5.5716298521e-02,    3.2229900360e-01,    5.9056801796e+00,    3.2229900360e-01,    3.3497300465e-03,
    3.2339999080e-01,    5.9435699135e-02,    3.2339999080e-01,    5.9664301872e+00,    3.2339999080e-01,    4.4318498112e-03,
    3.2449999452e-01,    5.6483998895e-02,    3.2449999452e-01,    6.0542302132e+00,    3.2449999452e-01,    2.9613799416e-03,
    3.2559901476e-01,    5.7130500674e-02,    3.2559901476e-01,    6.1139001846e+00,    3.2559901476e-01,    5.1823100075e-03,
    3.2669898868e-01,    5.6586500257e-02,    3.2669898868e-01,    6.2147798538e+00,    3.2669898868e-01,    5.2596000023e-03,
    3.2779899240e-01,    5.5388499051e-02,    3.2779899240e-01,    6.2981600761e+00,    3.2779899240e-01,    3.3066100441e-03,
    3.2890000939e-01,    6.0528200120e-02,    3.2890000939e-01,    6.4046602249e+00,    3.2890000939e-01,    7.4020801112e-03,
    3.2999899983e-01,    5.3970899433e-02,    3.2999899983e-01,    6.5247302055e+00,    3.2999899983e-01,    6.3996799290e-03,
    3.3109799027e-01,    5.4479200393e-02,    3.3109799027e-01,    6.6488199234e+00,    3.3109799027e-01,    3.0724499375e-03,
    3.3219799399e-01,    5.4525800049e-02,    3.3219799399e-01,    6.7586197853e+00,    3.3219799399e-01,    5.3066601977e-03,
    3.3329901099e-01,    5.2218601108e-02,    3.3329901099e-01,    6.8714299202e+00,    3.3329901099e-01,    9.4890501350e-03,
    3.3439999819e-01,    6.1694700271e-02,    3.3439999819e-01,    6.9915900230e+00,    3.3439999819e-01,    5.2021001466e-03,
    3.3549800515e-01,    5.8892201632e-02,    3.3549800515e-01,    7.0865101814e+00,    3.3549800515e-01,    4.7651501372e-03,
    3.3659899235e-01,    6.0443401337e-02,    3.3659899235e-01,    7.1608600616e+00,    3.3659899235e-01,    6.1361500993e-03,
    3.3769899607e-01,    7.2244696319e-02,    3.3769899607e-01,    7.2592601776e+00,    3.3769899607e-01,    4.8504900187e-03,
    3.3879899979e-01,    8.6015500128e-02,    3.3879899979e-01,    7.3119201660e+00,    3.3879899979e-01,    5.2383500151e-03,
    3.3989900351e-01,    7.5636699796e-02,    3.3989900351e-01,    7.3626699448e+00,    3.3989900351e-01,    1.0228700005e-02,
    3.4099900723e-01,    6.9899097085e-02,    3.4099900723e-01,    7.4098801613e+00,    3.4099900723e-01,    7.4869999662e-03,
    3.4209901094e-01,    8.5258997977e-02,    3.4209901094e-01,    7.4508600235e+00,    3.4209901094e-01,    8.9076198637e-03,
    3.4319901466e-01,    9.6052497625e-02,    3.4319901466e-01,    7.4717798233e+00,    3.4319901466e-01,    2.1019799635e-02,
    3.4430000186e-01,    8.7232902646e-02,    3.4430000186e-01,    7.5653300285e+00,    3.4430000186e-01,    1.9091600552e-02,
    3.4539800882e-01,    7.9787597060e-02,    3.4539800882e-01,    7.6900701523e+00,    3.4539800882e-01,    1.0785300285e-02,
    3.4649899602e-01,    9.1727599502e-02,    3.4649899602e-01,    7.8129200935e+00,    3.4649899602e-01,    5.9911902063e-03,
    3.4759899974e-01,    1.0632500052e-01,    3.4759899974e-01,    7.9284300804e+00,    3.4759899974e-01,    5.6767901406e-03,
    3.4869799018e-01,    8.4838099778e-02,    3.4869799018e-01,    8.0232400894e+00,    3.4869799018e-01,    1.6965999966e-03,
    3.4979999065e-01,    6.8641997874e-02,    3.4979999065e-01,    8.1162900925e+00,    3.4979999065e-01,   -3.4128699917e-03,
    3.5089999437e-01,    7.6895296574e-02,    3.5089999437e-01,    8.2197303772e+00,    3.5089999437e-01,   -8.7851297576e-04,
    3.5199901462e-01,    8.9364796877e-02,    3.5199901462e-01,    8.2910995483e+00,    3.5199901462e-01,   -8.6497897282e-03,
    3.5309898853e-01,    8.4448598325e-02,    3.5309898853e-01,    8.3437900543e+00,    3.5309898853e-01,   -1.0830700397e-02,
    3.5419899225e-01,    7.5282298028e-02,    3.5419899225e-01,    8.4041996002e+00,    3.5419899225e-01,   -4.8028198071e-03,
    3.5529801250e-01,    8.3182901144e-02,    3.5529801250e-01,    8.4578399658e+00,    3.5529801250e-01,   -1.2272500433e-02,
    3.5639899969e-01,    9.7967900336e-02,    3.5639899969e-01,    8.5339097977e+00,    3.5639899969e-01,   -1.2296400033e-02,
    3.5749900341e-01,    1.0711599886e-01,    3.5749900341e-01,    8.6742095947e+00,    3.5749900341e-01,   -1.2549799867e-02,
    3.5859900713e-01,    9.9028997123e-02,    3.5859900713e-01,    8.8180503845e+00,    3.5859900713e-01,   -7.3387199081e-03,
    3.5969901085e-01,    8.9885897934e-02,    3.5969901085e-01,    8.9053602219e+00,    3.5969901085e-01,   -1.0008599609e-02,
    3.6079800129e-01,    1.0004200041e-01,    3.6079800129e-01,    8.9636297226e+00,    3.6079800129e-01,   -2.3959300015e-03,
    3.6189898849e-01,    1.0815399885e-01,    3.6189898849e-01,    9.0362195969e+00,    3.6189898849e-01,   -3.2641799189e-03,
    3.6299800873e-01,    1.0259500146e-01,    3.6299800873e-01,    9.1449604034e+00,    3.6299800873e-01,   -1.7218199791e-03,
    3.6410000920e-01,    9.2290297151e-02,    3.6410000920e-01,    9.2639102936e+00,    3.6410000920e-01,    2.6855900069e-04,
    3.6519899964e-01,    9.4705797732e-02,    3.6519899964e-01,    9.4168500900e+00,    3.6519899964e-01,    7.0859002881e-04,
    3.6629900336e-01,    1.0994499922e-01,    3.6629900336e-01,    9.5700597763e+00,    3.6629900336e-01,   -1.1166000040e-03,
    3.6739900708e-01,    1.2078499794e-01,    3.6739900708e-01,    9.6854400635e+00,    3.6739900708e-01,   -3.1268100720e-03,
    3.6849799752e-01,    1.0545200109e-01,    3.6849799752e-01,    9.7803001404e+00,    3.6849799752e-01,   -1.8848200561e-03,
    3.6959901452e-01,    9.3303501606e-02,    3.6959901452e-01,    9.8942804337e+00,    3.6959901452e-01,   -5.9061502106e-03,
    3.7070000172e-01,    9.9769197404e-02,    3.7070000172e-01,    9.9937295914e+00,    3.7070000172e-01,   -2.2024700884e-03,
    3.7179800868e-01,    1.0205300152e-01,    3.7179800868e-01,    1.0066599846e+01,    3.7179800868e-01,   -2.4203099310e-03,
    3.7289899588e-01,    9.2867702246e-02,    3.7289899588e-01,    1.0139499664e+01,    3.7289899588e-01,   -4.9053798430e-03,
    3.7399899960e-01,    7.8387200832e-02,    3.7399899960e-01,    1.0197500229e+01,    3.7399899960e-01,   -8.6331302300e-03,
    3.7509998679e-01,    7.1144796908e-02,    3.7509998679e-01,    1.0267000198e+01,    3.7509998679e-01,   -3.4494099673e-03,
    3.7619900703e-01,    7.3194697499e-02,    3.7619900703e-01,    1.0376999855e+01,    3.7619900703e-01,   -1.6464899527e-03,
    3.7729901075e-01,    6.4460203052e-02,    3.7729901075e-01,    1.0462100029e+01,    3.7729901075e-01,   -2.1376500372e-03,
    3.7839901447e-01,    4.9259800464e-02,    3.7839901447e-01,    1.0524299622e+01,    3.7839901447e-01,   -2.4457499385e-03,
    3.7950000167e-01,    4.2808398604e-02,    3.7950000167e-01,    1.0632300377e+01,    3.7950000167e-01,   -6.4709899016e-04,
    3.8059899211e-01,    4.3828699738e-02,    3.8059899211e-01,    1.0750399590e+01,    3.8059899211e-01,   -1.4499700046e-04,
    3.8169899583e-01,    5.7891700417e-02,    3.8169899583e-01,    1.0804900169e+01,    3.8169899583e-01,   -4.5477901585e-03,
    3.8280001283e-01,    4.3227799237e-02,    3.8280001283e-01,    1.0843600273e+01,    3.8280001283e-01,   -9.7092296928e-03,
    3.8389900327e-01,    2.7174400166e-02,    3.8389900327e-01,    1.0887399673e+01,    3.8389900327e-01,   -8.3627998829e-03,
    3.8499900699e-01,    2.8859600425e-02,    3.8499900699e-01,    1.1071900368e+01,    3.8499900699e-01,   -1.3055699877e-02,
    3.8609901071e-01,    4.4089298695e-02,    3.8609901071e-01,    1.1179699898e+01,    3.8609901071e-01,   -1.2137600221e-02,
    3.8719901443e-01,    3.9388701320e-02,    3.8719901443e-01,    1.1246199608e+01,    3.8719901443e-01,   -1.6221800819e-02,
    3.8830000162e-01,    1.9634800032e-02,    3.8830000162e-01,    1.1331999779e+01,    3.8830000162e-01,   -1.4986099675e-02,
    3.8939800858e-01,    2.5309700519e-02,    3.8939800858e-01,    1.1436300278e+01,    3.8939800858e-01,   -1.7678100616e-02,
    3.9049899578e-01,    3.5256300122e-02,    3.9049899578e-01,    1.1512399673e+01,    3.9049899578e-01,   -2.2130599245e-02,
    3.9159899950e-01,    2.5822300464e-02,    3.9159899950e-01,    1.1617500305e+01,    3.9159899950e-01,   -1.9778000191e-02,
    3.9269798994e-01,    5.0679300912e-03,    3.9269798994e-01,    1.1769100189e+01,    3.9269798994e-01,   -2.6709800586e-02,
    3.9379999042e-01,    1.1017699726e-02,    3.9379999042e-01,    1.1865799904e+01,    3.9379999042e-01,   -2.2054899484e-02,
    3.9489799738e-01,    1.2319800444e-02,    3.9489799738e-01,    1.1971599579e+01,    3.9489799738e-01,   -2.4671100080e-02,
    3.9599901438e-01,    3.8019099738e-03,    3.9599901438e-01,    1.2082099915e+01,    3.9599901438e-01,   -2.4974200875e-02,
    3.9709898829e-01,    2.5686600711e-03,    3.9709898829e-01,    1.2186900139e+01,    3.9709898829e-01,   -2.2939600050e-02,
    3.9819800854e-01,   -1.8314999761e-03,    3.9819800854e-01,    1.2256699562e+01,    3.9819800854e-01,   -1.4543499798e-02,
    3.9929801226e-01,    1.2615700252e-03,    3.9929801226e-01,    1.2346099854e+01,    3.9929801226e-01,   -1.2937200256e-02,
    4.0039899945e-01,   -6.1034499668e-03,    4.0039899945e-01,    1.2494400024e+01,    4.0039899945e-01,   -1.7611000687e-02,
    4.0149900317e-01,   -1.0158199817e-02,    4.0149900317e-01,    1.2661999702e+01,    4.0149900317e-01,   -2.3463800550e-02,
    4.0259900689e-01,   -5.6162797846e-03,    4.0259900689e-01,    1.2840499878e+01,    4.0259900689e-01,   -1.8554400653e-02,
    4.0369901061e-01,   -9.1548403725e-03,    4.0369901061e-01,    1.3003399849e+01,    4.0369901061e-01,   -2.0537899807e-02,
    4.0479901433e-01,   -1.2123899534e-02,    4.0479901433e-01,    1.3145600319e+01,    4.0479901433e-01,   -2.0183999091e-02,
    4.0589898825e-01,   -1.8403800204e-02,    4.0589898825e-01,    1.3259599686e+01,    4.0589898825e-01,   -1.6535000876e-02,
    4.0700000525e-01,   -2.0566500723e-02,    4.0700000525e-01,    1.3366299629e+01,    4.0700000525e-01,   -1.6242200509e-02,
    4.0810000896e-01,   -1.9048299640e-02,    4.0810000896e-01,    1.3513899803e+01,    4.0810000896e-01,   -2.0882500336e-02,
    4.0920001268e-01,   -1.6498299316e-02,    4.0920001268e-01,    1.3647000313e+01,    4.0920001268e-01,   -2.1294999868e-02,
    4.1029900312e-01,   -2.0713400096e-02,    4.1029900312e-01,    1.3777400017e+01,    4.1029900312e-01,   -2.1067200229e-02,
    4.1139900684e-01,   -2.8118500486e-02,    4.1139900684e-01,    1.3980199814e+01,    4.1139900684e-01,   -2.7680499479e-02,
    4.1249999404e-01,   -2.6386300102e-02,    4.1249999404e-01,    1.4124099731e+01,    4.1249999404e-01,   -2.3695299402e-02,
    4.1359800100e-01,   -2.6520699263e-02,    4.1359800100e-01,    1.4253399849e+01,    4.1359800100e-01,   -2.1464399993e-02,
    4.1470000148e-01,   -4.2321499437e-02,    4.1470000148e-01,    1.4468700409e+01,    4.1470000148e-01,   -2.1847000346e-02,
    4.1579899192e-01,   -8.6339302361e-02,    4.1579899192e-01,    1.4600799561e+01,    4.1579899192e-01,   -2.5536499918e-02,
    4.1689899564e-01,   -8.4827199578e-02,    4.1689899564e-01,    1.4623100281e+01,    4.1689899564e-01,   -2.7852600440e-02,
    4.1800001264e-01,   -8.4415599704e-02,    4.1800001264e-01,    1.4627099991e+01,    4.1800001264e-01,   -2.7981499210e-02,
    4.1909900308e-01,   -9.5607303083e-02,    4.1909900308e-01,    1.4671899796e+01,    4.1909900308e-01,   -2.8063800186e-02,
    4.2019799352e-01,   -1.3732400537e-01,    4.2019799352e-01,    1.4781200409e+01,    4.2019799352e-01,   -2.7892800048e-02,
    4.2129901052e-01,   -1.3936400414e-01,    4.2129901052e-01,    1.4926400185e+01,    4.2129901052e-01,   -3.4322001040e-02,
    4.2239999771e-01,   -1.1483500153e-01,    4.2239999771e-01,    1.5142800331e+01,    4.2239999771e-01,   -2.9316000640e-02,
    4.2349898815e-01,   -1.3261599839e-01,    4.2349898815e-01,    1.5342800140e+01,    4.2349898815e-01,   -2.4529000744e-02,
    4.2460000515e-01,   -1.7325299978e-01,    4.2460000515e-01,    1.5460800171e+01,    4.2460000515e-01,   -1.9861899316e-02,
    4.2569801211e-01,   -1.7808400095e-01,    4.2569801211e-01,    1.5659199715e+01,    4.2569801211e-01,   -1.7139999196e-02,
    4.2679899931e-01,   -1.6166600585e-01,    4.2679899931e-01,    1.5882300377e+01,    4.2679899931e-01,   -1.8630299717e-02,
    4.2789900303e-01,   -1.5375199914e-01,    4.2789900303e-01,    1.6013099670e+01,    4.2789900303e-01,   -2.1959800273e-02,
    4.2899999022e-01,   -1.5980699658e-01,    4.2899999022e-01,    1.6104999542e+01,    4.2899999022e-01,   -2.8138998896e-03,
    4.3009999394e-01,   -1.7286099494e-01,    4.3009999394e-01,    1.6231300354e+01,    4.3009999394e-01,    3.7642900134e-04,
    4.3119901419e-01,   -1.5163999796e-01,    4.3119901419e-01,    1.6365600586e+01,    4.3119901419e-01,   -8.2613695413e-03,
    4.3229800463e-01,   -1.4134299755e-01,    4.3229800463e-01,    1.6472099304e+01,    4.3229800463e-01,    5.6078298949e-03,
    4.3339800835e-01,   -1.5268099308e-01,    4.3339800835e-01,    1.6642999649e+01,    4.3339800835e-01,    8.7237004191e-03,
    4.3450000882e-01,   -1.5794500709e-01,    4.3450000882e-01,    1.6790700912e+01,    4.3450000882e-01,    8.9410496876e-03,
    4.3559899926e-01,   -1.5433600545e-01,    4.3559899926e-01,    1.6860500336e+01,    4.3559899926e-01,    1.6666600481e-02,
    4.3669798970e-01,   -1.4519000053e-01,    4.3669798970e-01,    1.7037900925e+01,    4.3669798970e-01,    1.7476599663e-02,
    4.3779900670e-01,   -1.3597099483e-01,    4.3779900670e-01,    1.7090999603e+01,    4.3779900670e-01,    1.4038699679e-02,
    4.3889901042e-01,   -1.4012399316e-01,    4.3889901042e-01,    1.7190799713e+01,    4.3889901042e-01,    2.1135099232e-02,
    4.3999800086e-01,   -1.3791599870e-01,    4.3999800086e-01,    1.7265699387e+01,    4.3999800086e-01,    2.5948399678e-02,
    4.4110000134e-01,   -1.1077100039e-01,    4.4110000134e-01,    1.7258100510e+01,    4.4110000134e-01,    1.2403300032e-02,
    4.4219800830e-01,   -9.5422200859e-02,    4.4219800830e-01,    1.7197099686e+01,    4.4219800830e-01,    1.3268600218e-02,
    4.4330000877e-01,   -1.2603199482e-01,    4.4330000877e-01,    1.7335699081e+01,    4.4330000877e-01,    1.1739900336e-02,
    4.4439899921e-01,   -1.2740500271e-01,    4.4439899921e-01,    1.7514400482e+01,    4.4439899921e-01,    1.6080500558e-02,
    4.4549900293e-01,   -1.0266999900e-01,    4.4549900293e-01,    1.7727500916e+01,    4.4549900293e-01,    1.6897900030e-02,
    4.4659999013e-01,   -9.8414801061e-02,    4.4659999013e-01,    1.7902599335e+01,    4.4659999013e-01,    1.4235699549e-02,
    4.4769901037e-01,   -1.1449699849e-01,    4.4769901037e-01,    1.8057800293e+01,    4.4769901037e-01,    1.2484800071e-02,
    4.4879800081e-01,   -1.2586100399e-01,    4.4879800081e-01,    1.8214000702e+01,    4.4879800081e-01,    8.7083000690e-03,
    4.4989898801e-01,   -1.2771899998e-01,    4.4989898801e-01,    1.8340499878e+01,    4.4989898801e-01,    2.2455500439e-02,
    4.5099800825e-01,   -1.1679399759e-01,    4.5099800825e-01,    1.8440200806e+01,    4.5099800825e-01,    1.4085999690e-02,
    4.5209899545e-01,   -1.2664300203e-01,    4.5209899545e-01,    1.8424400330e+01,    4.5209899545e-01,    1.0460999794e-02,
    4.5319899917e-01,   -1.3193799555e-01,    4.5319899917e-01,    1.8449800491e+01,    4.5319899917e-01,    1.7166500911e-02,
    4.5429998636e-01,   -1.3306400180e-01,    4.5429998636e-01,    1.8457500458e+01,    4.5429998636e-01,    1.9933899865e-02,
    4.5539999008e-01,   -1.2367299944e-01,    4.5539999008e-01,    1.8488000870e+01,    4.5539999008e-01,    2.2348500788e-02,
    4.5649999380e-01,   -1.4388200641e-01,    4.5649999380e-01,    1.8617700577e+01,    4.5649999380e-01,    1.7956100404e-02,
    4.5759901404e-01,   -1.5030300617e-01,    4.5759901404e-01,    1.8848199844e+01,    4.5759901404e-01,    1.5733700246e-02,
    4.5870000124e-01,   -1.6200800240e-01,    4.5870000124e-01,    1.8963800430e+01,    4.5870000124e-01,    1.6323799267e-02,
    4.5979899168e-01,   -1.6591000557e-01,    4.5979899168e-01,    1.9100299835e+01,    4.5979899168e-01,    2.4337500334e-02,
    4.6089899540e-01,   -1.6291700304e-01,    4.6089899540e-01,    1.9329900742e+01,    4.6089899540e-01,    1.3079299591e-02,
    4.6199899912e-01,   -1.6291899979e-01,    4.6199899912e-01,    1.9488399506e+01,    4.6199899912e-01,    1.7243800685e-02,
    4.6309998631e-01,   -1.6341499984e-01,    4.6309998631e-01,    1.9634099960e+01,    4.6309998631e-01,    1.4098499902e-02,
    4.6419900656e-01,   -1.5661300719e-01,    4.6419900656e-01,    1.9851800919e+01,    4.6419900656e-01,    2.3122400045e-02,
    4.6529999375e-01,   -1.4925499260e-01,    4.6529999375e-01,    2.0132099152e+01,    4.6529999375e-01,    1.6631700099e-02,
    4.6639800072e-01,   -1.4439499378e-01,    4.6639800072e-01,    2.0414100647e+01,    4.6639800072e-01,    1.5863699839e-02,
    4.6749898791e-01,   -1.3296799362e-01,    4.6749898791e-01,    2.0733499527e+01,    4.6749898791e-01,    9.7179003060e-03,
    4.6859899163e-01,   -1.2181500345e-01,    4.6859899163e-01,    2.0994800568e+01,    4.6859899163e-01,    1.0461299680e-02,
    4.6969899535e-01,   -1.1048900336e-01,    4.6969899535e-01,    2.1095100403e+01,    4.6969899535e-01,    1.5862500295e-02,
    4.7079899907e-01,   -1.1152300239e-01,    4.7079899907e-01,    2.1162799835e+01,    4.7079899907e-01,    4.8878397793e-03,
    4.7189900279e-01,   -1.1261499673e-01,    4.7189900279e-01,    2.1384799957e+01,    4.7189900279e-01,    5.6814001873e-03,
    4.7299900651e-01,   -1.1212900281e-01,    4.7299900651e-01,    2.1458799362e+01,    4.7299900651e-01,    7.5339898467e-03,
    4.7409999371e-01,   -1.1657299846e-01,    4.7409999371e-01,    2.1516599655e+01,    4.7409999371e-01,    1.9587599672e-03,
    4.7519901395e-01,   -1.2372700125e-01,    4.7519901395e-01,    2.1690299988e+01,    4.7519901395e-01,    6.5195001662e-03,
    4.7630000114e-01,   -1.1245299876e-01,    4.7630000114e-01,    2.1996000290e+01,    4.7630000114e-01,   -4.4386400259e-04,
    4.7740000486e-01,   -1.2048400193e-01,    4.7740000486e-01,    2.2284599304e+01,    4.7740000486e-01,   -5.4811201990e-03,
    4.7849899530e-01,   -1.2324599922e-01,    4.7849899530e-01,    2.2493299484e+01,    4.7849899530e-01,   -1.3125900179e-02,
    4.7960001230e-01,   -9.4311401248e-02,    4.7960001230e-01,    2.2805099487e+01,    4.7960001230e-01,   -2.2218300030e-02,
    4.8069998622e-01,   -9.0470500290e-02,    4.8069998622e-01,    2.2982999802e+01,    4.8069998622e-01,   -2.4459900334e-02,
    4.8179900646e-01,   -9.2343799770e-02,    4.8179900646e-01,    2.3125699997e+01,    4.8179900646e-01,   -1.7304500565e-02,
    4.8289999366e-01,   -1.0131300241e-01,    4.8289999366e-01,    2.3389099121e+01,    4.8289999366e-01,   -2.0045299083e-02,
    4.8399800062e-01,   -9.6811302006e-02,    4.8399800062e-01,    2.3568000793e+01,    4.8399800062e-01,   -3.2372299582e-02,
    4.8509898782e-01,   -8.8013298810e-02,    4.8509898782e-01,    2.3613700867e+01,    4.8509898782e-01,   -2.1406900138e-02,
    4.8620000482e-01,   -8.8745802641e-02,    4.8620000482e-01,    2.3758699417e+01,    4.8620000482e-01,   -2.8824299574e-02,
    4.8729899526e-01,   -8.8424101472e-02,    4.8729899526e-01,    2.4012699127e+01,    4.8729899526e-01,   -2.3663399741e-02,
    4.8840001225e-01,   -6.9581799209e-02,    4.8840001225e-01,    2.4127599716e+01,    4.8840001225e-01,   -9.8788700998e-03,
    4.8949900270e-01,   -6.4771197736e-02,    4.8949900270e-01,    2.4185800552e+01,    4.8949900270e-01,   -4.9048098736e-03,
    4.9059900641e-01,   -6.9857701659e-02,    4.9059900641e-01,    2.4202600479e+01,    4.9059900641e-01,   -7.1841902100e-03,
    4.9169799685e-01,   -6.9001197815e-02,    4.9169799685e-01,    2.4072799683e+01,    4.9169799685e-01,   -2.6246500202e-03,
    4.9279800057e-01,   -4.7439701855e-02,    4.9279800057e-01,    2.3757799149e+01,    4.9279800057e-01,   -2.7396499645e-03,
    4.9389898777e-01,   -4.0462501347e-02,    4.9389898777e-01,    2.3785400391e+01,    4.9389898777e-01,    1.0109399445e-03,
    4.9500000477e-01,   -9.1781497002e-02,    4.9500000477e-01,    2.4120199203e+01,    4.9500000477e-01,    9.0231895447e-03,
    4.9609899521e-01,   -1.2089399993e-01,    4.9609899521e-01,    2.4388200760e+01,    4.9609899521e-01,   -1.0481200181e-02,
    4.9719899893e-01,   -8.1620797515e-02,    4.9719899893e-01,    2.4430400848e+01,    4.9719899893e-01,    1.4888700098e-02,
    4.9829798937e-01,   -6.9596201181e-02,    4.9829798937e-01,    2.4498100281e+01,    4.9829798937e-01,    3.3133000135e-02,
    4.9939900637e-01,   -1.1383999884e-01,    4.9939900637e-01,    2.4527099609e+01,    4.9939900637e-01,    2.2895500064e-02,
    5.0049901009e-01,   -8.7942503393e-02,    5.0049901009e-01,    2.4720699310e+01,    5.0049901009e-01,    2.0332099870e-02,
    5.0159800053e-01,   -5.9703599662e-02,    5.0159800053e-01,    2.5084999084e+01,    5.0159800053e-01,    2.9169300571e-02,
    5.0269901752e-01,   -1.1117400229e-01,    5.0269901752e-01,    2.5556299210e+01,    5.0269901752e-01,    1.1895299889e-02,
    5.0379997492e-01,   -1.3931800425e-01,    5.0379997492e-01,    2.5644300461e+01,    5.0379997492e-01,    1.8976099789e-02,
    5.0489997864e-01,   -1.1899600178e-01,    5.0489997864e-01,    2.5682500839e+01,    5.0489997864e-01,    1.6026599333e-02,
    5.0599801540e-01,   -1.0171099752e-01,    5.0599801540e-01,    2.5810199738e+01,    5.0599801540e-01,   -8.1915399060e-03,
    5.0709897280e-01,   -1.6212500632e-01,    5.0709897280e-01,    2.5940599442e+01,    5.0709897280e-01,   -7.8144902363e-04,
    5.0819897652e-01,   -1.8104399741e-01,    5.0819897652e-01,    2.6079299927e+01,    5.0819897652e-01,    2.3549199104e-02,
    5.0929802656e-01,   -1.4010499418e-01,    5.0929802656e-01,    2.6262800217e+01,    5.0929802656e-01,   -9.6968095750e-03,
    5.1039898396e-01,   -1.6039000452e-01,    5.1039898396e-01,    2.6431800842e+01,    5.1039898396e-01,    1.0373500176e-02,
    5.1149797440e-01,   -1.7331199348e-01,    5.1149797440e-01,    2.6329999924e+01,    5.1149797440e-01,    2.7811399195e-03,
    5.1259899139e-01,   -1.6695299745e-01,    5.1259899139e-01,    2.6422199249e+01,    5.1259899139e-01,   -4.4818399474e-03,
    5.1369899511e-01,   -1.2435600162e-01,    5.1369899511e-01,    2.6534700394e+01,    5.1369899511e-01,    1.4627300203e-02,
    5.1479899883e-01,   -1.2545800209e-01,    5.1479899883e-01,    2.6628799438e+01,    5.1479899883e-01,    6.2760598958e-03,
    5.1589900255e-01,   -1.4654199779e-01,    5.1589900255e-01,    2.6735099792e+01,    5.1589900255e-01,   -8.1732701510e-03,
    5.1699799299e-01,   -1.3881699741e-01,    5.1699799299e-01,    2.6917800903e+01,    5.1699799299e-01,   -1.1349200271e-02,
    5.1809799671e-01,   -1.1392000318e-01,    5.1809799671e-01,    2.6766199112e+01,    5.1809799671e-01,    1.3309899718e-02,
    5.1919901371e-01,   -1.1878599972e-01,    5.1919901371e-01,    2.6449300766e+01,    5.1919901371e-01,    9.7732199356e-03,
    5.2029901743e-01,   -1.3038900495e-01,    5.2029901743e-01,    2.6391700745e+01,    5.2029901743e-01,   -1.2284100521e-03,
    5.2139902115e-01,   -9.2810697854e-02,    5.2139902115e-01,    2.6375999451e+01,    5.2139902115e-01,    2.2625699639e-02,
    5.2249902487e-01,   -7.1575097740e-02,    5.2249902487e-01,    2.6212299347e+01,    5.2249902487e-01,    1.9010599703e-02,
    5.2359801531e-01,   -7.4370898306e-02,    5.2359801531e-01,    2.6075899124e+01,    5.2359801531e-01,    3.4862000495e-02,
    5.2469897270e-01,   -5.8037500829e-02,    5.2469897270e-01,    2.6020000458e+01,    5.2469897270e-01,    4.4936899096e-02,
    5.2579998970e-01,   -1.3104300015e-02,    5.2579998970e-01,    2.5767599106e+01,    5.2579998970e-01,    1.6446499154e-02,
    5.2689999342e-01,   -6.3367900439e-03,    5.2689999342e-01,    2.5754499435e+01,    5.2689999342e-01,    9.3546500430e-03,
    5.2799898386e-01,   -2.1786799654e-02,    5.2799898386e-01,    2.5994800568e+01,    5.2799898386e-01,    2.7014899999e-02,
    5.2909898758e-01,   -1.3259999687e-03,    5.2909898758e-01,    2.6215900421e+01,    5.2909898758e-01,    2.5550600141e-02,
    5.3020000458e-01,    2.8690200299e-02,    5.3020000458e-01,    2.6238599777e+01,    5.3020000458e-01,    1.4529700391e-02,
    5.3129798174e-01,    2.6813200675e-03,    5.3129798174e-01,    2.6415000916e+01,    5.3129798174e-01,    1.6894899309e-02,
    5.3239899874e-01,   -1.7518799752e-02,    5.3239899874e-01,    2.6465599060e+01,    5.3239899874e-01,   -3.3492099028e-03,
    5.3349900246e-01,    9.0748602524e-03,    5.3349900246e-01,    2.6299900055e+01,    5.3349900246e-01,    1.5670699999e-02,
    5.3459900618e-01,    1.6547499225e-02,    5.3459900618e-01,    2.6210599899e+01,    5.3459900618e-01,   -1.9600700587e-02,
    5.3569900990e-01,   -2.4080099538e-02,    5.3569900990e-01,    2.6298000336e+01,    5.3569900990e-01,   -3.0172400177e-02,
    5.3679800034e-01,   -3.9302300662e-02,    5.3679800034e-01,    2.6218900681e+01,    5.3679800034e-01,   -6.1743501574e-03,
    5.3789800406e-01,   -1.7352899536e-02,    5.3789800406e-01,    2.6113000870e+01,    5.3789800406e-01,   -1.4607099816e-02,
    5.3899902105e-01,   -2.9645299539e-02,    5.3899902105e-01,    2.6217699051e+01,    5.3899902105e-01,   -1.0437999852e-02,
    5.4009902477e-01,   -5.1945399493e-02,    5.4009902477e-01,    2.6342800140e+01,    5.4009902477e-01,   -1.2803199934e-03,
    5.4119801521e-01,   -4.1379399598e-02,    5.4119801521e-01,    2.6478700638e+01,    5.4119801521e-01,   -1.0271400213e-02,
    5.4229897261e-01,   -5.5857598782e-02,    5.4229897261e-01,    2.6624599457e+01,    5.4229897261e-01,   -4.7994498163e-03,
    5.4339897633e-01,   -8.5768103600e-02,    5.4339897633e-01,    2.6693000793e+01,    5.4339897633e-01,    7.9063599696e-04,
    5.4449802637e-01,   -7.3937602341e-02,    5.4449802637e-01,    2.6590299606e+01,    5.4449802637e-01,    2.0698800683e-02,
    5.4559999704e-01,   -6.0760200024e-02,    5.4559999704e-01,    2.6572200775e+01,    5.4559999704e-01,   -1.5313499607e-03,
    5.4669898748e-01,   -6.0515798628e-02,    5.4669898748e-01,    2.6581399918e+01,    5.4669898748e-01,    1.2399800122e-02,
    5.4779797792e-01,   -8.2124598324e-02,    5.4779797792e-01,    2.6448099136e+01,    5.4779797792e-01,    4.4815698639e-03,
    5.4889798164e-01,   -4.9561999738e-02,    5.4889798164e-01,    2.6247900009e+01,    5.4889798164e-01,    1.5242200345e-02,
    5.4999899864e-01,   -7.5805202127e-02,    5.4999899864e-01,    2.6318300247e+01,    5.4999899864e-01,    3.1798198819e-02,
    5.5110001564e-01,   -8.8012002409e-02,    5.5110001564e-01,    2.6561300278e+01,    5.5110001564e-01,    1.7448399216e-02,
    5.5219900608e-01,   -1.0760100186e-01,    5.5219900608e-01,    2.6745800018e+01,    5.5219900608e-01,    2.8214000165e-02,
    5.5329900980e-01,   -1.0256499797e-01,    5.5329900980e-01,    2.6986099243e+01,    5.5329900980e-01,    4.4122800231e-02,
    5.5439800024e-01,   -9.4783902168e-02,    5.5439800024e-01,    2.7274099350e+01,    5.5439800024e-01,    2.6471199468e-02,
    5.5549997091e-01,   -1.0679599643e-01,    5.5549997091e-01,    2.7452999115e+01,    5.5549997091e-01,    3.6544699222e-02,
    5.5659902096e-01,   -1.0591000319e-01,    5.5659902096e-01,    2.7756500244e+01,    5.5659902096e-01,    1.5252900310e-02,
    5.5769997835e-01,   -9.8716899753e-02,    5.5769997835e-01,    2.8165800095e+01,    5.5769997835e-01,    3.4743398428e-02,
    5.5879902840e-01,   -1.1717599630e-01,    5.5879902840e-01,    2.8517200470e+01,    5.5879902840e-01,    2.3441100493e-02,
    5.5989897251e-01,   -1.1180900037e-01,    5.5989897251e-01,    2.8719100952e+01,    5.5989897251e-01,    1.8454400823e-02,
    5.6099998951e-01,   -1.2780900300e-01,    5.6099998951e-01,    2.8862800598e+01,    5.6099998951e-01,    1.1391400360e-02,
    5.6209897995e-01,   -1.1838199943e-01,    5.6209897995e-01,    2.9152799606e+01,    5.6209897995e-01,    3.0300600454e-02,
    5.6319898367e-01,   -1.0998199880e-01,    5.6319898367e-01,    2.9222499847e+01,    5.6319898367e-01,    2.9393900186e-02,
    5.6429898739e-01,   -1.3561299443e-01,    5.6429898739e-01,    2.9534099579e+01,    5.6429898739e-01,    3.0736999586e-02,
    5.6539797783e-01,   -1.5194700658e-01,    5.6539797783e-01,    2.9998699188e+01,    5.6539797783e-01,    3.2961901277e-02,
    5.6649899483e-01,   -1.4689999819e-01,    5.6649899483e-01,    3.0402099609e+01,    5.6649899483e-01,    1.4020400122e-02,
    5.6759899855e-01,   -1.4214199781e-01,    5.6759899855e-01,    3.0662799835e+01,    5.6759899855e-01,    2.6564000174e-02,
    5.6870001554e-01,   -1.6820399463e-01,    5.6870001554e-01,    3.1144500732e+01,    5.6870001554e-01,    1.3972599991e-02,
    5.6980001926e-01,   -1.8090100586e-01,    5.6980001926e-01,    3.1567800522e+01,    5.6980001926e-01,    2.2141899914e-02,
    5.7090002298e-01,   -1.6212700307e-01,    5.7090002298e-01,    3.1792400360e+01,    5.7090002298e-01,    1.1227300391e-02,
    5.7200002670e-01,   -1.8439699709e-01,    5.7200002670e-01,    3.2101799011e+01,    5.7200002670e-01,    2.4773100391e-02,
    5.7309901714e-01,   -2.0993499458e-01,    5.7309901714e-01,    3.2473098755e+01,    5.7309901714e-01,    1.2491500005e-02,
    5.7419902086e-01,   -2.3114800453e-01,    5.7419902086e-01,    3.2659000397e+01,    5.7419902086e-01,    1.8750799820e-02,
    5.7529997826e-01,   -2.1952399611e-01,    5.7529997826e-01,    3.2741100311e+01,    5.7529997826e-01,    3.9217700250e-03,
    5.7639902830e-01,   -2.5146400928e-01,    5.7639902830e-01,    3.3041801453e+01,    5.7639902830e-01,    7.7349403000e-05,
    5.7749998569e-01,   -2.5830098987e-01,    5.7749998569e-01,    3.3244899750e+01,    5.7749998569e-01,   -5.0623100251e-03,
    5.7859897614e-01,   -2.4389900267e-01,    5.7859897614e-01,    3.3323299408e+01,    5.7859897614e-01,    5.0693200901e-03,
    5.7969897985e-01,   -2.3161500692e-01,    5.7969897985e-01,    3.3479801178e+01,    5.7969897985e-01,   -1.4212200418e-02,
    5.8079797029e-01,   -2.6306098700e-01,    5.8079797029e-01,    3.3730098724e+01,    5.8079797029e-01,   -2.0210100338e-02,
    5.8190000057e-01,   -2.6633501053e-01,    5.8190000057e-01,    3.3806098938e+01,    5.8190000057e-01,   -2.7093000710e-02,
    5.8300000429e-01,   -2.7014198899e-01,    5.8300000429e-01,    3.3989898682e+01,    5.8300000429e-01,   -4.4474899769e-02,
    5.8409899473e-01,   -2.7549600601e-01,    5.8409899473e-01,    3.4220798492e+01,    5.8409899473e-01,   -3.9664600044e-02,
    5.8519899845e-01,   -3.0649301410e-01,    5.8519899845e-01,    3.4175598145e+01,    5.8519899845e-01,   -5.5433601141e-02,
    5.8630001545e-01,   -2.9744499922e-01,    5.8630001545e-01,    3.4213298798e+01,    5.8630001545e-01,   -6.1750799417e-02,
    5.8740001917e-01,   -2.5149700046e-01,    5.8740001917e-01,    3.4389801025e+01,    5.8740001917e-01,   -5.7898201048e-02,
    5.8849799633e-01,   -2.5421801209e-01,    5.8849799633e-01,    3.4578300476e+01,    5.8849799633e-01,   -5.1790900528e-02,
    5.8959901333e-01,   -2.3566399515e-01,    5.8959901333e-01,    3.4500301361e+01,    5.8959901333e-01,   -5.6936301291e-02,
    5.9069901705e-01,   -1.9716499746e-01,    5.9069901705e-01,    3.4511699677e+01,    5.9069901705e-01,   -5.8475799859e-02,
    5.9179800749e-01,   -1.7040699720e-01,    5.9179800749e-01,    3.4728801727e+01,    5.9179800749e-01,   -3.8065098226e-02,
    5.9289997816e-01,   -1.8092299998e-01,    5.9289997816e-01,    3.4650199890e+01,    5.9289997816e-01,   -5.6136198342e-02,
    5.9399902821e-01,   -1.4559400082e-01,    5.9399902821e-01,    3.4558200836e+01,    5.9399902821e-01,   -4.1856899858e-02,
    5.9509897232e-01,   -1.5850600600e-01,    5.9509897232e-01,    3.4692100525e+01,    5.9509897232e-01,   -3.3472698182e-02,
    5.9619897604e-01,   -1.2469000369e-01,    5.9619897604e-01,    3.4633201599e+01,    5.9619897604e-01,   -6.3309498131e-02,
    5.9729897976e-01,   -1.2144500017e-01,    5.9729897976e-01,    3.4445598602e+01,    5.9729897976e-01,   -4.1962001473e-02,
    5.9839999676e-01,   -1.1179400235e-01,    5.9839999676e-01,    3.4502998352e+01,    5.9839999676e-01,   -3.9402000606e-02,
    5.9949898720e-01,   -1.8339000642e-01,    5.9949898720e-01,    3.4923099518e+01,    5.9949898720e-01,   -7.7940396965e-02,
    6.0059899092e-01,   -1.4419500530e-01,    6.0059899092e-01,    3.5081901550e+01,    6.0059899092e-01,   -4.6285498887e-02,
    6.0170000792e-01,   -1.6967000067e-01,    6.0170000792e-01,    3.5558700562e+01,    6.0170000792e-01,   -3.9679899812e-02,
    6.0279899836e-01,   -1.8873099983e-01,    6.0279899836e-01,    3.6018398285e+01,    6.0279899836e-01,   -5.8234401047e-02,
    6.0389900208e-01,   -2.1768899262e-01,    6.0389900208e-01,    3.6162799835e+01,    6.0389900208e-01,   -5.9791099280e-02,
    6.0499900579e-01,   -1.8123799562e-01,    6.0499900579e-01,    3.6282798767e+01,    6.0499900579e-01,   -2.9759600759e-02,
    6.0609799623e-01,   -2.0294299722e-01,    6.0609799623e-01,    3.6720699310e+01,    6.0609799623e-01,   -5.9914398938e-02,
    6.0719799995e-01,   -1.8939399719e-01,    6.0719799995e-01,    3.6921298981e+01,    6.0719799995e-01,   -4.7625798732e-02,
    6.0829997063e-01,   -2.1813200414e-01,    6.0829997063e-01,    3.6801498413e+01,    6.0829997063e-01,   -4.2331698351e-03,
    6.0939997435e-01,   -1.8240100145e-01,    6.0939997435e-01,    3.7009498596e+01,    6.0939997435e-01,   -5.2054401487e-02,
    6.1049902439e-01,   -1.4868199825e-01,    6.1049902439e-01,    3.7356098175e+01,    6.1049902439e-01,   -3.2663401216e-02,
    6.1159801483e-01,   -1.5130400658e-01,    6.1159801483e-01,    3.7407001495e+01,    6.1159801483e-01,   -6.8816798739e-03,
    6.1269897223e-01,   -1.5114200115e-01,    6.1269897223e-01,    3.7494400024e+01,    6.1269897223e-01,   -6.9103702903e-02,
    6.1379802227e-01,   -1.0895899683e-01,    6.1379802227e-01,    3.7924499512e+01,    6.1379802227e-01,   -2.9689399526e-02,
    6.1489897966e-01,   -9.7364902496e-02,    6.1489897966e-01,    3.8171100616e+01,    6.1489897966e-01,   -1.2101300061e-02,
    6.1599802971e-01,   -1.2595799565e-01,    6.1599802971e-01,    3.8336498260e+01,    6.1599802971e-01,   -1.9097799435e-02,
    6.1709797382e-01,   -1.2266200036e-01,    6.1709797382e-01,    3.8980098724e+01,    6.1709797382e-01,   -3.0859099701e-02,
    6.1820000410e-01,   -1.0550899804e-01,    6.1820000410e-01,    3.9386699677e+01,    6.1820000410e-01,   -1.2747400440e-02,
    6.1930000782e-01,   -1.3568200171e-01,    6.1930000782e-01,    3.9515800476e+01,    6.1930000782e-01,   -5.7413898408e-02,
    6.2039899826e-01,   -1.2946200371e-01,    6.2039899826e-01,    3.9838401794e+01,    6.2039899826e-01,   -3.4264601767e-02,
    6.2149798870e-01,   -1.3071699440e-01,    6.2149798870e-01,    4.0157901764e+01,    6.2149798870e-01,    1.0720100254e-02,
    6.2260001898e-01,   -1.4253500104e-01,    6.2260001898e-01,    4.0397300720e+01,    6.2260001898e-01,   -2.1437900141e-02,
    6.2369900942e-01,   -1.4652100205e-01,    6.2369900942e-01,    4.0742099762e+01,    6.2369900942e-01,   -3.9389900863e-02,
    6.2479799986e-01,   -1.4520399272e-01,    6.2479799986e-01,    4.1340698242e+01,    6.2479799986e-01,    8.8265497470e-04,
    6.2589997053e-01,   -1.4873899519e-01,    6.2589997053e-01,    4.1510601044e+01,    6.2589997053e-01,   -1.8796799704e-02,
    6.2699902058e-01,   -1.2645499408e-01,    6.2699902058e-01,    4.1308601379e+01,    6.2699902058e-01,   -3.4297499806e-02,
    6.2809902430e-01,   -1.5267699957e-01,    6.2809902430e-01,    4.1451900482e+01,    6.2809902430e-01,   -2.4014700204e-02,
    6.2919902802e-01,   -1.7730000615e-01,    6.2919902802e-01,    4.1906501770e+01,    6.2919902802e-01,   -2.8158599511e-02,
    6.3029897213e-01,   -1.9159199297e-01,    6.3029897213e-01,    4.1961101532e+01,    6.3029897213e-01,   -1.3430699706e-02,
    6.3139897585e-01,   -1.9394400716e-01,    6.3139897585e-01,    4.2203098297e+01,    6.3139897585e-01,    1.7868699506e-02,
    6.3249999285e-01,   -2.2645799816e-01,    6.3249999285e-01,    4.2463500977e+01,    6.3249999285e-01,   -1.6945099458e-02,
    6.3359999657e-01,   -2.1649999917e-01,    6.3359999657e-01,    4.2375701904e+01,    6.3359999657e-01,   -3.2650001347e-02,
    6.3469898701e-01,   -1.6961599886e-01,    6.3469898701e-01,    4.2308601379e+01,    6.3469898701e-01,    1.3644400053e-02,
    6.3579899073e-01,   -2.0035000145e-01,    6.3579899073e-01,    4.2405799866e+01,    6.3579899073e-01,    1.3354100520e-03,
    6.3689899445e-01,   -1.8734599650e-01,    6.3689899445e-01,    4.2110298157e+01,    6.3689899445e-01,    1.1698099785e-02,
    6.3799899817e-01,   -2.0254899561e-01,    6.3799899817e-01,    4.1440601349e+01,    6.3799899817e-01,    3.0636699870e-02,
    6.3909900188e-01,   -1.8258699775e-01,    6.3909900188e-01,    4.1256301880e+01,    6.3909900188e-01,    1.8766699359e-02,
    6.4019900560e-01,   -2.1687899530e-01,    6.4019900560e-01,    4.1215400696e+01,    6.4019900560e-01,    1.7183199525e-02,
    6.4129900932e-01,   -2.2535499930e-01,    6.4129900932e-01,    4.0865398407e+01,    6.4129900932e-01,    4.5726899058e-02,
    6.4239901304e-01,   -2.2191999853e-01,    6.4239901304e-01,    4.0928298950e+01,    6.4239901304e-01,   -9.8977203015e-04,
    6.4349800348e-01,   -1.9180899858e-01,    6.4349800348e-01,    4.1494998932e+01,    6.4349800348e-01,   -1.0070900433e-02,
    6.4459902048e-01,   -2.7135899663e-01,    6.4459902048e-01,    4.1413299561e+01,    6.4459902048e-01,    5.1809798926e-02,
    6.4569997787e-01,   -2.4485300481e-01,    6.4569997787e-01,    4.1289299011e+01,    6.4569997787e-01,   -1.3867099769e-02,
    6.4679998159e-01,   -1.9912500679e-01,    6.4679998159e-01,    4.1658699036e+01,    6.4679998159e-01,    5.4683298804e-03,
    6.4789998531e-01,   -2.2541099787e-01,    6.4789998531e-01,    4.1685600281e+01,    6.4789998531e-01,    2.1964300424e-02,
    6.4899802208e-01,   -2.8755399585e-01,    6.4899802208e-01,    4.1394798279e+01,    6.4899802208e-01,    8.6661297828e-03,
    6.5009802580e-01,   -2.2092600167e-01,    6.5009802580e-01,    4.1714500427e+01,    6.5009802580e-01,    1.8963199109e-02,
    6.5119802952e-01,   -1.6547100246e-01,    6.5119802952e-01,    4.2008899689e+01,    6.5119802952e-01,    2.9541200027e-02,
    6.5229898691e-01,   -2.0092600584e-01,    6.5229898691e-01,    4.1735000610e+01,    6.5229898691e-01,    4.5902598649e-02,
    6.5340000391e-01,   -1.9852900505e-01,    6.5340000391e-01,    4.1511100769e+01,    6.5340000391e-01,    3.8140900433e-02,
    6.5449899435e-01,   -1.6884799302e-01,    6.5449899435e-01,    4.1726100922e+01,    6.5449899435e-01,    8.5136197507e-02,
    6.5559899807e-01,   -2.0106700063e-01,    6.5559899807e-01,    4.1230701447e+01,    6.5559899807e-01,    6.1686098576e-02,
    6.5670001507e-01,   -2.3194299638e-01,    6.5670001507e-01,    4.0714900970e+01,    6.5670001507e-01,    2.9976200312e-02,
    6.5779799223e-01,   -2.1118800342e-01,    6.5779799223e-01,    4.0871498108e+01,    6.5779799223e-01,    7.0277199149e-02,
    6.5889900923e-01,   -1.3629099727e-01,    6.5889900923e-01,    4.0821998596e+01,    6.5889900923e-01,    8.7624497712e-02,
    6.5999901295e-01,   -1.7898799479e-01,    6.5999901295e-01,    4.0295101166e+01,    6.5999901295e-01,    8.5091203451e-02,
    6.6109997034e-01,   -1.9508500397e-01,    6.6109997034e-01,    4.0203098297e+01,    6.6109997034e-01,    8.6383298039e-02,
    6.6219800711e-01,   -1.4488300681e-01,    6.6219800711e-01,    4.0412399292e+01,    6.6219800711e-01,    7.6428301632e-02,
    6.6329902411e-01,   -1.3468499482e-01,    6.6329902411e-01,    4.0291301727e+01,    6.6329902411e-01,    3.4428101033e-02,
    6.6439998150e-01,   -2.0916900039e-01,    6.6439998150e-01,    4.0497501373e+01,    6.6439998150e-01,    7.7761098742e-02,
    6.6549897194e-01,   -2.0562000573e-01,    6.6549897194e-01,    4.1121601105e+01,    6.6549897194e-01,    3.7630300969e-02,
    6.6659802198e-01,   -1.4039799571e-01,    6.6659802198e-01,    4.1100200653e+01,    6.6659802198e-01,   -1.3514899649e-02,
    6.6769802570e-01,   -2.1183200181e-01,    6.6769802570e-01,    4.0938400269e+01,    6.6769802570e-01,    3.0650699511e-02,
    6.6879898310e-01,   -2.4621300399e-01,    6.6879898310e-01,    4.1483898163e+01,    6.6879898310e-01,   -2.3748999462e-02,
    6.6989898682e-01,   -1.9232900441e-01,    6.6989898682e-01,    4.1710300446e+01,    6.6989898682e-01,   -2.5620900095e-02,
    6.7100000381e-01,   -2.0861099660e-01,    6.7100000381e-01,    4.1484901428e+01,    6.7100000381e-01,   -9.8580000922e-03,
    6.7209899426e-01,   -2.8927099705e-01,    6.7209899426e-01,    4.2036499023e+01,    6.7209899426e-01,   -2.2510200739e-02,
    6.7319899797e-01,   -2.7118501067e-01,    6.7319899797e-01,    4.2735401154e+01,    6.7319899797e-01,   -3.8306500763e-02,
    6.7430001497e-01,   -2.1294499934e-01,    6.7430001497e-01,    4.2814098358e+01,    6.7430001497e-01,    8.6216698401e-04,
    6.7540001869e-01,   -2.8506699204e-01,    6.7540001869e-01,    4.3107498169e+01,    6.7540001869e-01,   -6.7739300430e-03,
    6.7649799585e-01,   -3.0932199955e-01,    6.7649799585e-01,    4.3881198883e+01,    6.7649799585e-01,   -8.1832200289e-02,
    6.7759901285e-01,   -2.4239699543e-01,    6.7759901285e-01,    4.3999599457e+01,    6.7759901285e-01,    1.2917700224e-03,
    6.7869997025e-01,   -2.6859399676e-01,    6.7869997025e-01,    4.3966598511e+01,    6.7869997025e-01,   -4.1101399809e-02,
    6.7979997396e-01,   -3.2718300819e-01,    6.7979997396e-01,    4.4666599274e+01,    6.7979997396e-01,   -4.7254301608e-02,
    6.8089997768e-01,   -3.2377201319e-01,    6.8089997768e-01,    4.5019401550e+01,    6.8089997768e-01,   -7.2641400620e-03,
    6.8199998140e-01,   -2.8298398852e-01,    6.8199998140e-01,    4.4543800354e+01,    6.8199998140e-01,   -2.8278300539e-02,
    6.8309998512e-01,   -4.1889101267e-01,    6.8309998512e-01,    4.4752998352e+01,    6.8309998512e-01,   -4.7513000667e-02,
    6.8419998884e-01,   -4.5771598816e-01,    6.8419998884e-01,    4.5012500763e+01,    6.8419998884e-01,   -3.8909900934e-02,
    6.8529897928e-01,   -4.8787400126e-01,    6.8529897928e-01,    4.4211700439e+01,    6.8529897928e-01,   -4.5320801437e-02,
    6.8639802933e-01,   -4.9103501439e-01,    6.8639802933e-01,    4.3777698517e+01,    6.8639802933e-01,   -7.3980502784e-02,
    6.8749898672e-01,   -5.7354897261e-01,    6.8749898672e-01,    4.3892398834e+01,    6.8749898672e-01,   -3.4841198474e-02,
    6.8859899044e-01,   -5.6710702181e-01,    6.8859899044e-01,    4.3293201447e+01,    6.8859899044e-01,   -5.1549699157e-02,
    6.8970000744e-01,   -6.2498801947e-01,    6.8970000744e-01,    4.2548099518e+01,    6.8970000744e-01,   -6.3172802329e-02,
    6.9080001116e-01,   -7.4622100592e-01,    6.9080001116e-01,    4.2910301208e+01,    6.9080001116e-01,   -5.1542099565e-02,
    6.9189900160e-01,   -8.0621498823e-01,    6.9189900160e-01,    4.2642501831e+01,    6.9189900160e-01,   -4.4557098299e-02,
    6.9300001860e-01,   -8.2965600491e-01,    6.9300001860e-01,    4.1660301208e+01,    6.9300001860e-01,   -1.1320499703e-02,
    6.9409900904e-01,   -9.1677898169e-01,    6.9409900904e-01,    4.1904899597e+01,    6.9409900904e-01,   -1.6791500151e-02,
    6.9520002604e-01,   -9.0840798616e-01,    6.9520002604e-01,    4.2530399323e+01,    6.9520002604e-01,    3.3340498805e-02,
    6.9630002975e-01,   -9.1099399328e-01,    6.9630002975e-01,    4.2036399841e+01,    6.9630002975e-01,   -2.4753000587e-02,
    6.9739902020e-01,   -9.5697700977e-01,    6.9739902020e-01,    4.1991798401e+01,    6.9739902020e-01,    1.0058799759e-02,
    6.9849997759e-01,   -1.0318200588e+00,    6.9849997759e-01,    4.2839298248e+01,    6.9849997759e-01,    3.0842799693e-02,
    6.9959902763e-01,   -1.0611599684e+00,    6.9959902763e-01,    4.2547199249e+01,    6.9959902763e-01,   -9.0099396184e-03,
    7.0069897175e-01,   -1.0651199818e+00,    7.0069897175e-01,    4.2074901581e+01,    7.0069897175e-01,    4.2167801410e-02,
    7.0179897547e-01,   -1.1202399731e+00,    7.0179897547e-01,    4.2908500671e+01,    7.0179897547e-01,    8.9812399819e-03,
    7.0289802551e-01,   -1.1350300312e+00,    7.0289802551e-01,    4.3069301605e+01,    7.0289802551e-01,    1.0665499605e-02,
    7.0399999619e-01,   -1.0860799551e+00,    7.0399999619e-01,    4.2282600403e+01,    7.0399999619e-01,   -8.5516702384e-03,
    7.0509898663e-01,   -1.1576000452e+00,    7.0509898663e-01,    4.2664199829e+01,    7.0509898663e-01,    2.3008400574e-02,
    7.0620000362e-01,   -1.0854899883e+00,    7.0620000362e-01,    4.2885799408e+01,    7.0620000362e-01,   -9.4335302711e-02,
    7.0730000734e-01,   -1.0297199488e+00,    7.0730000734e-01,    4.2015098572e+01,    7.0730000734e-01,   -2.4995800108e-02,
    7.0840001106e-01,   -9.8672598600e-01,    7.0840001106e-01,    4.2077598572e+01,    7.0840001106e-01,   -3.0180899426e-02,
    7.0950001478e-01,   -1.0045000315e+00,    7.0950001478e-01,    4.3043701172e+01,    7.0950001478e-01,   -8.7037399411e-02,
    7.1059900522e-01,   -8.8956397772e-01,    7.1059900522e-01,    4.2492099762e+01,    7.1059900522e-01,   -5.9238001704e-02,
    7.1169900894e-01,   -8.9770197868e-01,    7.1169900894e-01,    4.2327999115e+01,    7.1169900894e-01,   -5.7163301855e-02,
    7.1279799938e-01,   -9.3060201406e-01,    7.1279799938e-01,    4.3524799347e+01,    7.1279799938e-01,   -7.2419598699e-02,
    7.1389901638e-01,   -8.7132602930e-01,    7.1389901638e-01,    4.3691699982e+01,    7.1389901638e-01,   -7.1614302695e-02,
    7.1499800682e-01,   -8.5566997528e-01,    7.1499800682e-01,    4.2840400696e+01,    7.1499800682e-01,   -1.8115399405e-02,
    7.1609997749e-01,   -9.1694402695e-01,    7.1609997749e-01,    4.3682899475e+01,    7.1609997749e-01,   -8.6744897068e-02,
    7.1719902754e-01,   -9.1418099403e-01,    7.1719902754e-01,    4.4426300049e+01,    7.1719902754e-01,   -5.0066500902e-02,
    7.1829897165e-01,   -8.2282799482e-01,    7.1829897165e-01,    4.3527801514e+01,    7.1829897165e-01,   -4.9407601357e-02,
    7.1939897537e-01,   -9.1190999746e-01,    7.1939897537e-01,    4.3738700867e+01,    7.1939897537e-01,   -3.7165798247e-02,
    7.2049897909e-01,   -9.1332602501e-01,    7.2049897909e-01,    4.4827201843e+01,    7.2049897909e-01,   -3.3732701093e-02,
    7.2159898281e-01,   -7.9476898909e-01,    7.2159898281e-01,    4.4187599182e+01,    7.2159898281e-01,   -3.4347601235e-02,
    7.2269898653e-01,   -7.5170600414e-01,    7.2269898653e-01,    4.3935600281e+01,    7.2269898653e-01,   -3.0057100579e-02,
    7.2379899025e-01,   -8.5328698158e-01,    7.2379899025e-01,    4.5285499573e+01,    7.2379899025e-01,   -6.8485297263e-02,
    7.2490000725e-01,   -7.6668298244e-01,    7.2490000725e-01,    4.5169200897e+01,    7.2490000725e-01,   -2.3724399507e-02,
    7.2599899769e-01,   -6.5028101206e-01,    7.2599899769e-01,    4.4036098480e+01,    7.2599899769e-01,   -3.2937899232e-02,
    7.2709900141e-01,   -7.7001798153e-01,    7.2709900141e-01,    4.5147800446e+01,    7.2709900141e-01,   -4.5216798782e-02,
    7.2819900513e-01,   -7.2178900242e-01,    7.2819900513e-01,    4.5785701752e+01,    7.2819900513e-01,   -3.9707999676e-02,
    7.2929900885e-01,   -6.0997402668e-01,    7.2929900885e-01,    4.4650699615e+01,    7.2929900885e-01,    5.3652799688e-03,
    7.3040002584e-01,   -6.5949600935e-01,    7.3040002584e-01,    4.5263198853e+01,    7.3040002584e-01,   -5.8035701513e-03,
    7.3149800301e-01,   -7.3503398895e-01,    7.3149800301e-01,    4.6609798431e+01,    7.3149800301e-01,   -3.3735901117e-02,
    7.3259800673e-01,   -6.1028301716e-01,    7.3259800673e-01,    4.5612998962e+01,    7.3259800673e-01,   -2.9014399275e-02,
    7.3369902372e-01,   -5.5051100254e-01,    7.3369902372e-01,    4.5503501892e+01,    7.3369902372e-01,   -1.6812999966e-03,
    7.3479902744e-01,   -6.5835601091e-01,    7.3479902744e-01,    4.7176601410e+01,    7.3479902744e-01,   -2.6788700372e-02,
    7.3589897156e-01,   -5.2589899302e-01,    7.3589897156e-01,    4.6816001892e+01,    7.3589897156e-01,   -2.5254400447e-02,
    7.3699998856e-01,   -4.3952199817e-01,    7.3699998856e-01,    4.5821201324e+01,    7.3699998856e-01,   -1.5252400190e-02,
    7.3809897900e-01,   -5.2821302414e-01,    7.3809897900e-01,    4.7316200256e+01,    7.3809897900e-01,   -7.0646898821e-03,
    7.3919802904e-01,   -5.1853901148e-01,    7.3919802904e-01,    4.7810699463e+01,    7.3919802904e-01,    1.6218100209e-03,
    7.4029898643e-01,   -3.3294001222e-01,    7.4029898643e-01,    4.6248600006e+01,    7.4029898643e-01,    6.1287800781e-04,
    7.4140000343e-01,   -4.0951898694e-01,    7.4140000343e-01,    4.7007801056e+01,    7.4140000343e-01,    1.8785500899e-02,
    7.4249899387e-01,   -5.9971898794e-01,    7.4249899387e-01,    4.8299400330e+01,    7.4249899387e-01,   -3.6856498569e-02,
    7.4359899759e-01,   -4.1957798600e-01,    7.4359899759e-01,    4.7046199799e+01,    7.4359899759e-01,   -3.1061200425e-02,
    7.4470001459e-01,   -4.0032500029e-01,    7.4470001459e-01,    4.7289398193e+01,    7.4470001459e-01,    5.1362700760e-03,
    7.4579799175e-01,   -5.6509399414e-01,    7.4579799175e-01,    4.9280498505e+01,    7.4579799175e-01,   -4.7634501010e-02,
    7.4690002203e-01,   -4.9573799968e-01,    7.4690002203e-01,    4.8695899963e+01,    7.4690002203e-01,   -1.9974200055e-02,
    7.4799901247e-01,   -3.5169899464e-01,    7.4799901247e-01,    4.7930999756e+01,    7.4799901247e-01,   -1.2405100279e-02,
    7.4909800291e-01,   -5.0639200211e-01,    7.4909800291e-01,    5.0005298615e+01,    7.4909800291e-01,   -8.1826997921e-03,
    7.5019997358e-01,   -5.8794999123e-01,    7.5019997358e-01,    5.0344501495e+01,    7.5019997358e-01,   -4.4949598610e-02,
    7.5129801035e-01,   -3.7609899044e-01,    7.5129801035e-01,    4.8621700287e+01,    7.5129801035e-01,    3.8878198713e-02,
    7.5239902735e-01,   -4.1372901201e-01,    7.5239902735e-01,    4.9874298096e+01,    7.5239902735e-01,    2.2408200428e-02,
    7.5349897146e-01,   -5.6474101543e-01,    7.5349897146e-01,    5.1285400391e+01,    7.5349897146e-01,   -5.9971500188e-02,
    7.5459998846e-01,   -3.9160999656e-01,    7.5459998846e-01,    4.9128799438e+01,    7.5459998846e-01,    3.4936800599e-02,
    7.5569999218e-01,   -2.6668700576e-01,    7.5569999218e-01,    4.9056499481e+01,    7.5569999218e-01,   -1.3982799836e-02,
    7.5679802895e-01,   -4.4022500515e-01,    7.5679802895e-01,    5.0677398682e+01,    7.5679802895e-01,    3.3546099439e-03,
    7.5789999962e-01,   -3.6070799828e-01,    7.5789999962e-01,    4.9047401428e+01,    7.5789999962e-01,    2.3640599102e-02,
    7.5899899006e-01,   -1.5965700150e-01,    7.5899899006e-01,    4.7489898682e+01,    7.5899899006e-01,   -5.1365699619e-03,
    7.6009798050e-01,   -2.4771100283e-01,    7.6009798050e-01,    4.9294300079e+01,    7.6009798050e-01,   -1.8414700404e-02,
    7.6119899750e-01,   -2.7916499972e-01,    7.6119899750e-01,    4.8919898987e+01,    7.6119899750e-01,    1.3697599992e-02,
    7.6229900122e-01,   -1.0642799735e-01,    7.6229900122e-01,    4.6265098572e+01,    7.6229900122e-01,    6.4323797822e-02,
    7.6339900494e-01,   -9.6059203148e-02,    7.6339900494e-01,    4.7693599701e+01,    7.6339900494e-01,   -4.5942701399e-02,
    7.6449799538e-01,   -2.9557299614e-01,    7.6449799538e-01,    4.9366699219e+01,    7.6449799538e-01,   -4.1909199208e-02,
    7.6559901237e-01,   -1.0914800316e-01,    7.6559901237e-01,    4.7245998383e+01,    7.6559901237e-01,    1.3968099840e-02,
    7.6669901609e-01,   -6.6189598292e-03,    7.6669901609e-01,    4.8102298737e+01,    7.6669901609e-01,   -2.3973399773e-02,
    7.6779901981e-01,   -1.7013399303e-01,    7.6779901981e-01,    5.0765300751e+01,    7.6779901981e-01,    1.9742900506e-02,
    7.6889902353e-01,   -5.6859500706e-02,    7.6889902353e-01,    4.8884101868e+01,    7.6889902353e-01,   -1.1036000215e-03,
    7.6999902725e-01,    1.3953900337e-01,    7.6999902725e-01,    4.7164100647e+01,    7.6999902725e-01,   -3.9939498529e-03,
    7.7109801769e-01,    8.1243198365e-03,    7.7109801769e-01,    4.9572898865e+01,    7.7109801769e-01,   -6.4480002038e-03,
    7.7219897509e-01,    2.9939100146e-02,    7.7219897509e-01,    4.9142101288e+01,    7.7219897509e-01,   -4.6125199646e-02,
    7.7329802513e-01,    1.8946699798e-01,    7.7329802513e-01,    4.6385601044e+01,    7.7329802513e-01,   -4.3846801855e-03,
    7.7439999580e-01,    2.0920699835e-01,    7.7439999580e-01,    4.8301700592e+01,    7.7439999580e-01,   -5.9476900846e-02,
    7.7549999952e-01,    1.1571200192e-01,    7.7549999952e-01,    5.0263099670e+01,    7.7549999952e-01,    1.6154199839e-02,
    7.7659898996e-01,    1.8750299513e-01,    7.7659898996e-01,    4.6896999359e+01,    7.7659898996e-01,   -2.4767400697e-02,
    7.7769899368e-01,    2.8435501456e-01,    7.7769899368e-01,    4.7404598236e+01,    7.7769899368e-01,    3.3038500696e-03,
    7.7880001068e-01,    1.9387300313e-01,    7.7880001068e-01,    5.0273101807e+01,    7.7880001068e-01,   -4.3257500976e-02,
    7.7989900112e-01,    8.7997898459e-02,    7.7989900112e-01,    4.7850299835e+01,    7.7989900112e-01,    2.4916601251e-04,
    7.8099900484e-01,    2.3600199819e-01,    7.8099900484e-01,    4.6056900024e+01,    7.8099900484e-01,    3.9591901004e-02,
    7.8209900856e-01,    2.0338800550e-01,    7.8209900856e-01,    4.8832099915e+01,    7.8209900856e-01,   -4.1640698910e-02,
    7.8319799900e-01,    4.4087398797e-02,    7.8319799900e-01,    4.9596599579e+01,    7.8319799900e-01,   -4.4667400420e-02,
    7.8429901600e-01,    1.1337800324e-01,    7.8429901600e-01,    4.6335300446e+01,    7.8429901600e-01,    8.4150796756e-03,
    7.8539800644e-01,    2.4515500665e-01,    7.8539800644e-01,    4.8553798676e+01,    7.8539800644e-01,   -7.3842098936e-03,
    7.8649801016e-01,    2.9371200129e-02,    7.8649801016e-01,    5.1188598633e+01,    7.8649801016e-01,   -1.6447499394e-02,
    7.8759902716e-01,    1.5386800515e-03,    7.8759902716e-01,    4.7323398590e+01,    7.8759902716e-01,   -1.2805999722e-04,
    7.8869998455e-01,    1.3945600390e-01,    7.8869998455e-01,    4.7619701385e+01,    7.8869998455e-01,    9.2050202191e-02,
    7.8979802132e-01,    1.0883399844e-01,    7.8979802132e-01,    5.1074401855e+01,    7.8979802132e-01,   -6.5612602048e-03,
    7.9089897871e-01,   -5.0006201491e-04,    7.9089897871e-01,    4.9574600220e+01,    7.9089897871e-01,    2.4139700457e-02,
    7.9199999571e-01,    1.1107400060e-01,    7.9199999571e-01,    4.7025501251e+01,    7.9199999571e-01,    9.4103500247e-02,
    7.9309898615e-01,    1.5737900138e-01,    7.9309898615e-01,    4.9886501312e+01,    7.9309898615e-01,    3.3115600236e-03,
    7.9419898987e-01,    2.0175199956e-02,    7.9419898987e-01,    5.1224700928e+01,    7.9419898987e-01,    2.0621199161e-02,
    7.9529899359e-01,    1.1427500285e-02,    7.9529899359e-01,    4.6756301880e+01,    7.9529899359e-01,    3.2356299460e-02,
    7.9639798403e-01,    1.9791699946e-01,    7.9639798403e-01,    4.8419498444e+01,    7.9639798403e-01,    6.6372498870e-02,
    7.9749900103e-01,    5.5900600273e-04,    7.9749900103e-01,    5.1925498962e+01,    7.9749900103e-01,   -4.6046800911e-02,
    7.9859900475e-01,   -8.9372903109e-02,    7.9859900475e-01,    4.7957000732e+01,    7.9859900475e-01,    8.7481796741e-02,
    7.9969900846e-01,    5.3697001189e-02,    7.9969900846e-01,    4.7339500427e+01,    7.9969900846e-01,    1.0312800109e-01,
    8.0079799891e-01,   -1.8645500764e-02,    8.0079799891e-01,    5.0896900177e+01,    8.0079799891e-01,   -1.0130199790e-01,
    8.0189901590e-01,   -1.1856599897e-01,    8.0189901590e-01,    5.0682201385e+01,    8.0189901590e-01,    3.9197299629e-02,
    8.0299901962e-01,    2.0056100562e-02,    8.0299901962e-01,    4.7087600708e+01,    8.0299901962e-01,    5.0283901393e-02,
    8.0409997702e-01,    4.6464400366e-03,    8.0409997702e-01,    4.9810699463e+01,    8.0409997702e-01,   -1.3538700342e-01,
    8.0519902706e-01,   -1.3194499910e-01,    8.0519902706e-01,    5.2677501678e+01,    8.0519902706e-01,   -6.8927496672e-02,
    8.0629897118e-01,   -8.4038101137e-02,    8.0629897118e-01,    4.7340801239e+01,    8.0629897118e-01,   -9.9382102489e-02,
    8.0739897490e-01,   -6.2725096941e-02,    8.0739897490e-01,    4.8753101349e+01,    8.0739897490e-01,   -1.2002199888e-01,
    8.0849999189e-01,   -7.8992903233e-02,    8.0849999189e-01,    5.2965900421e+01,    8.0849999189e-01,   -1.1314500123e-01,
    8.0959898233e-01,    8.5929803550e-02,    8.0959898233e-01,    5.0602100372e+01,    8.0959898233e-01,   -1.3312999904e-01,
    8.1069898605e-01,    7.4299603701e-02,    8.1069898605e-01,    4.9169101715e+01,    8.1069898605e-01,   -1.0025099665e-01,
    8.1179898977e-01,   -6.1872698367e-02,    8.1179898977e-01,    5.3000701904e+01,    8.1179898977e-01,   -1.4731900394e-01,
    8.1290000677e-01,   -4.2944099754e-02,    8.1290000677e-01,    5.4955001831e+01,    8.1290000677e-01,   -1.2022600323e-01,
    8.1399899721e-01,    1.4046800137e-01,    8.1399899721e-01,    5.0045299530e+01,    8.1399899721e-01,   -1.2067099661e-01,
    8.1509900093e-01,   -4.5889001340e-02,    8.1509900093e-01,    5.2985698700e+01,    8.1509900093e-01,   -4.2750198394e-02,
    8.1620001793e-01,   -6.0402799398e-02,    8.1620001793e-01,    5.7318401337e+01,    8.1620001793e-01,   -1.2053699791e-01,
    8.1729900837e-01,    9.0599901974e-02,    8.1729900837e-01,    5.2354301453e+01,    8.1729900837e-01,   -1.2920300663e-01,
    8.1839901209e-01,    1.0605299845e-02,    8.1839901209e-01,    5.2600799561e+01,    8.1839901209e-01,    5.5678598583e-02,
    8.1949901581e-01,   -1.6010099649e-01,    8.1949901581e-01,    5.6845401764e+01,    8.1949901581e-01,   -1.6590900719e-01,
    8.2059901953e-01,   -3.5520900041e-02,    8.2059901953e-01,    5.6246898651e+01,    8.2059901953e-01,   -7.8696101904e-02,
    8.2169800997e-01,   -1.0429500043e-01,    8.2169800997e-01,    5.1941200256e+01,    8.2169800997e-01,    6.7197598517e-02,
    8.2279902697e-01,   -3.6564299464e-01,    8.2279902697e-01,    5.5058799744e+01,    8.2279902697e-01,   -7.1135796607e-02,
    8.2389897108e-01,   -2.6680898666e-01,    8.2389897108e-01,    5.8811199188e+01,    8.2389897108e-01,   -7.3902398348e-02,
    8.2499998808e-01,   -2.3677200079e-01,    8.2499998808e-01,    5.1772399902e+01,    8.2499998808e-01,   -4.6913800761e-03,
    8.2609802485e-01,   -6.9905197620e-01,    8.2609802485e-01,    5.3094799042e+01,    8.2609802485e-01,    1.8741499633e-02,
    8.2719802856e-01,   -5.9467202425e-01,    8.2719802856e-01,    5.7768901825e+01,    8.2719802856e-01,   -1.0904599726e-01,
    8.2829797268e-01,   -4.5151799917e-01,    8.2829797268e-01,    5.4409198761e+01,    8.2829797268e-01,    8.5373399779e-03,
    8.2940000296e-01,   -7.0557397604e-01,    8.2940000296e-01,    5.1985298157e+01,    8.2940000296e-01,    2.5706499815e-02,
    8.3050000668e-01,   -8.9133298397e-01,    8.3050000668e-01,    5.6124198914e+01,    8.3050000668e-01,   -8.7291002274e-02,
    8.3160001040e-01,   -5.6671398878e-01,    8.3160001040e-01,    5.8600799561e+01,    8.3160001040e-01,    6.9317698479e-02,
    8.3269798756e-01,   -5.6513500214e-01,    8.3269798756e-01,    5.1995300293e+01,    8.3269798756e-01,   -8.3439303562e-03,
    8.3380001783e-01,   -1.0477600098e+00,    8.3380001783e-01,    5.4682598114e+01,    8.3380001783e-01,    2.1632999182e-02,
    8.3489900827e-01,   -8.0578899384e-01,    8.3489900827e-01,    6.0212699890e+01,    8.3489900827e-01,   -4.1376501322e-02,
    8.3599901199e-01,   -4.2635101080e-01,    8.3599901199e-01,    5.3782001495e+01,    8.3599901199e-01,    1.8529500812e-02,
    8.3709901571e-01,   -9.4003200531e-01,    8.3709901571e-01,    5.2197898865e+01,    8.3709901571e-01,    4.1799400002e-02,
    8.3819901943e-01,   -1.1679500341e+00,    8.3819901943e-01,    5.7426101685e+01,    8.3819901943e-01,   -4.5060798526e-02,
    8.3929800987e-01,   -5.4573202133e-01,    8.3929800987e-01,    5.7248699188e+01,    8.3929800987e-01,    9.3876600266e-02,
    8.4039902687e-01,   -7.7383697033e-01,    8.4039902687e-01,    5.0825698853e+01,    8.4039902687e-01,    8.4127902985e-02,
    8.4149801731e-01,   -1.3852499723e+00,    8.4149801731e-01,    5.3878398895e+01,    8.4149801731e-01,    8.9444801211e-02,
    8.4259802103e-01,   -8.6216902733e-01,    8.4259802103e-01,    5.8909900665e+01,    8.4259802103e-01,    3.7157699466e-02,
    8.4369897842e-01,   -5.5910599232e-01,    8.4369897842e-01,    5.1495098114e+01,    8.4369897842e-01,    1.0091499984e-01,
    8.4479999542e-01,   -1.3510700464e+00,    8.4479999542e-01,    5.1025699615e+01,    8.4479999542e-01,    1.4297300577e-01,
    8.4589999914e-01,   -1.3161300421e+00,    8.4589999914e-01,    5.7553600311e+01,    8.4589999914e-01,   -5.5868001655e-03,
    8.4699797630e-01,   -5.1751101017e-01,    8.4699797630e-01,    5.5227600098e+01,    8.4699797630e-01,    1.2713399529e-01,
    8.4809798002e-01,   -9.8050802946e-01,    8.4809798002e-01,    4.9645900726e+01,    8.4809798002e-01,    6.7761503160e-02,
    8.4919899702e-01,   -1.5227400064e+00,    8.4919899702e-01,    5.3911800385e+01,    8.4919899702e-01,    2.2359099239e-02,
    8.5030001402e-01,   -6.8161797523e-01,    8.5030001402e-01,    5.7673900604e+01,    8.5030001402e-01,    4.5724600554e-02,
    8.5139900446e-01,   -5.6907802820e-01,    8.5139900446e-01,    4.9392501831e+01,    8.5139900446e-01,    7.6038099825e-02,
    8.5250002146e-01,   -1.6116199493e+00,    8.5250002146e-01,    4.9545501709e+01,    8.5250002146e-01,    2.3864600807e-02,
    8.5359799862e-01,   -1.3480700254e+00,    8.5359799862e-01,    5.5918498993e+01,    8.5359799862e-01,   -9.3685299158e-02,
    8.5469901562e-01,   -4.3163201213e-01,    8.5469901562e-01,    5.1751899719e+01,    8.5469901562e-01,    1.1564499885e-01,
    8.5579997301e-01,   -1.1992700100e+00,    8.5579997301e-01,    4.6566501617e+01,    8.5579997301e-01,   -1.3512499630e-02,
    8.5689902306e-01,   -1.8986599445e+00,    8.5689902306e-01,    5.1883098602e+01,    8.5689902306e-01,   -9.1368801892e-02,
    8.5799801350e-01,   -8.1155997515e-01,    8.5799801350e-01,    5.4673900604e+01,    8.5799801350e-01,   -1.2305299751e-02,
    8.5909897089e-01,   -7.6160502434e-01,    8.5909897089e-01,    4.7211700439e+01,    8.5909897089e-01,   -2.0873200148e-02,
    8.6019998789e-01,   -1.9240800142e+00,    8.6019998789e-01,    4.9322898865e+01,    8.6019998789e-01,    7.4045300484e-02,
    8.6129999161e-01,   -1.4170700312e+00,    8.6129999161e-01,    5.6321800232e+01,    8.6129999161e-01,   -2.6931199431e-01,
    8.6239898205e-01,   -4.1642999649e-01,    8.6239898205e-01,    5.1536499023e+01,    8.6239898205e-01,    5.7090900838e-02,
    8.6349797249e-01,   -1.2725299597e+00,    8.6349797249e-01,    4.8079601288e+01,    8.6349797249e-01,    4.1486501694e-02,
    8.6459797621e-01,   -2.0309898853e+00,    8.6459797621e-01,    5.4691101074e+01,    8.6459797621e-01,   -1.5100899339e-01,
    8.6570000648e-01,   -7.7905601263e-01,    8.6570000648e-01,    5.6601200104e+01,    8.6570000648e-01,   -1.1987300217e-01,
    8.6680001020e-01,   -9.0250599384e-01,    8.6680001020e-01,    4.8746398926e+01,    8.6680001020e-01,   -1.9474899396e-02,
    8.6789900064e-01,   -2.1390700340e+00,    8.6789900064e-01,    5.1613700867e+01,    8.6789900064e-01,    7.9296402633e-02,
    8.6899799109e-01,   -1.4684300423e+00,    8.6899799109e-01,    5.8197101593e+01,    8.6899799109e-01,   -2.9079699516e-01,
    8.7009799480e-01,   -5.4327297211e-01,    8.7009799480e-01,    5.2666999817e+01,    8.7009799480e-01,    3.1442400068e-02,
    8.7119901180e-01,   -1.7056299448e+00,    8.7119901180e-01,    4.9776500702e+01,    8.7119901180e-01,    7.2706103325e-02,
    8.7229901552e-01,   -2.2009699345e+00,    8.7229901552e-01,    5.6894699097e+01,    8.7229901552e-01,   -2.0013399422e-01,
    8.7339800596e-01,   -7.8633701801e-01,    8.7339800596e-01,    5.7404701233e+01,    8.7339800596e-01,   -4.5360501856e-02,
    8.7449902296e-01,   -9.9383997917e-01,    8.7449902296e-01,    4.9658699036e+01,    8.7449902296e-01,   -2.5397200137e-02,
    8.7559801340e-01,   -2.2251000404e+00,    8.7559801340e-01,    5.3277599335e+01,    8.7559801340e-01,   -7.2885297239e-02,
    8.7669897079e-01,   -1.3409099579e+00,    8.7669897079e-01,    5.9608001709e+01,    8.7669897079e-01,   -1.9679500163e-01,
    8.7779897451e-01,   -4.2970800400e-01,    8.7779897451e-01,    5.2640899658e+01,    8.7779897451e-01,    8.9280903339e-03,
    8.7889897823e-01,   -1.5779700279e+00,    8.7889897823e-01,    5.0240600586e+01,    8.7889897823e-01,   -5.9653498232e-02,
    8.7999898195e-01,   -2.1775200367e+00,    8.7999898195e-01,    5.7763301849e+01,    8.7999898195e-01,   -3.4013798833e-01,
    8.8109898567e-01,   -6.5070098639e-01,    8.8109898567e-01,    5.6658699036e+01,    8.8109898567e-01,   -6.7377999425e-02,
    8.8220000267e-01,   -9.7015297413e-01,    8.8220000267e-01,    4.9239200592e+01,    8.8220000267e-01,   -6.8825498223e-02,
    8.8329899311e-01,   -2.4073100090e+00,    8.8329899311e-01,    5.3164699554e+01,    8.8329899311e-01,    9.7471000627e-03,
    8.8439798355e-01,   -1.3307600021e+00,    8.8439798355e-01,    5.9069400787e+01,    8.8439798355e-01,   -2.9893198609e-01,
    8.8550001383e-01,   -5.2001100779e-01,    8.8550001383e-01,    5.1450698853e+01,    8.8550001383e-01,   -1.1905299872e-01,
    8.8660001755e-01,   -1.5927100182e+00,    8.8660001755e-01,    5.0302101135e+01,    8.8660001755e-01,    1.3364200294e-01,
    8.8769900799e-01,   -2.1579298973e+00,    8.8769900799e-01,    5.8176601410e+01,    8.8769900799e-01,   -2.6725101471e-01,
    8.8879901171e-01,   -3.9821499586e-01,    8.8879901171e-01,    5.6351699829e+01,    8.8879901171e-01,   -1.8323299289e-01,
    8.8989800215e-01,   -8.8891202211e-01,    8.8989800215e-01,    4.9625099182e+01,    8.8989800215e-01,   -9.3340702355e-02,
    8.9099901915e-01,   -2.0734701157e+00,    8.9099901915e-01,    5.4401500702e+01,    8.9099901915e-01,   -2.8522700071e-02,
    8.9209902287e-01,   -1.2092800140e+00,    8.9209902287e-01,    5.9730098724e+01,    8.9209902287e-01,   -2.0044200122e-01,
    8.9319902658e-01,   -4.4642499089e-01,    8.9319902658e-01,    5.2095901489e+01,    8.9319902658e-01,   -6.1124198139e-02,
    8.9429998398e-01,   -1.5101100206e+00,    8.9429998398e-01,    5.2053600311e+01,    8.9429998398e-01,    9.3736402690e-02,
    8.9539897442e-01,   -1.9080599546e+00,    8.9539897442e-01,    6.0030498505e+01,    8.9539897442e-01,   -3.9888200164e-01,
    8.9649999142e-01,   -2.3997299373e-01,    8.9649999142e-01,    5.6651199341e+01,    8.9649999142e-01,   -5.4685100913e-02,
    8.9759898186e-01,   -8.0027198792e-01,    8.9759898186e-01,    5.0344898224e+01,    8.9759898186e-01,   -6.1491500586e-02,
    8.9869898558e-01,   -1.9608700275e+00,    8.9869898558e-01,    5.5732601166e+01,    8.9869898558e-01,   -2.4713300169e-01,
    8.9980000257e-01,   -1.0072499514e+00,    8.9980000257e-01,    6.0071098328e+01,    8.9980000257e-01,   -1.8810799718e-01,
    9.0089797974e-01,   -4.4795700908e-01,    9.0089797974e-01,    5.1766700745e+01,    9.0089797974e-01,   -5.2012201399e-02,
    9.0200001001e-01,   -1.5319900513e+00,    9.0200001001e-01,    5.2947601318e+01,    9.0200001001e-01,   -3.2967101783e-02,
    9.0310001373e-01,   -1.7150199413e+00,    9.0310001373e-01,    6.0764499664e+01,    9.0310001373e-01,   -4.2900198698e-01,
    9.0420001745e-01,   -3.9248099923e-01,    9.0420001745e-01,    5.6417900085e+01,    9.0420001745e-01,   -6.7314602435e-02,
    9.0529900789e-01,   -9.2451202869e-01,    9.0529900789e-01,    5.1255100250e+01,    9.0529900789e-01,   -9.8557397723e-02,
    9.0639901161e-01,   -1.9496500492e+00,    9.0639901161e-01,    5.7784000397e+01,    9.0639901161e-01,   -2.1921700239e-01,
    9.0750002861e-01,   -9.7345399857e-01,    9.0750002861e-01,    6.1143798828e+01,    9.0750002861e-01,   -1.0806299746e-01,
    9.0859901905e-01,   -6.6187500954e-01,    9.0859901905e-01,    5.2719001770e+01,    9.0859901905e-01,   -1.7947299778e-01,
    9.0969997644e-01,   -1.6433000565e+00,    9.0969997644e-01,    5.4910198212e+01,    9.0969997644e-01,    7.7027097344e-02,
    9.1079902649e-01,   -1.6851799488e+00,    9.1079902649e-01,    6.2352600098e+01,    9.1079902649e-01,   -2.0715999603e-01,
    9.1189801693e-01,   -4.6725401282e-01,    9.1189801693e-01,    5.6149898529e+01,    9.1189801693e-01,   -4.3867301196e-02,
    9.1299897432e-01,   -1.0626300573e+00,    9.1299897432e-01,    5.1091400146e+01,    9.1299897432e-01,    7.0396699011e-02,
    9.1409897804e-01,   -1.9636100531e+00,    9.1409897804e-01,    5.7892101288e+01,    9.1409897804e-01,   -4.1590299457e-02,
    9.1519898176e-01,   -8.3755600452e-01,    9.1519898176e-01,    6.0053001404e+01,    9.1519898176e-01,   -7.6039001346e-02,
    9.1629898548e-01,   -7.7438902855e-01,    9.1629898548e-01,    5.1655200958e+01,    9.1629898548e-01,    9.2044798657e-03,
    9.1739898920e-01,   -1.7346600294e+00,    9.1739898920e-01,    5.4209899902e+01,    9.1739898920e-01,    1.6737200320e-01,
    9.1849899292e-01,   -1.5128699541e+00,    9.1849899292e-01,    6.1633201599e+01,    9.1849899292e-01,   -2.0920799673e-01,
    9.1959899664e-01,   -4.0609699488e-01,    9.1959899664e-01,    5.5209701538e+01,    9.1959899664e-01,    4.8875801265e-02,
    9.2070001364e-01,   -1.2930799723e+00,    9.2070001364e-01,    5.2112400055e+01,    9.2070001364e-01,    1.4734199643e-01,
    9.2180001736e-01,   -1.8385599852e+00,    9.2180001736e-01,    5.9758701324e+01,    9.2180001736e-01,   -1.0732600093e-01,
    9.2289799452e-01,   -8.7664699554e-01,    9.2289799452e-01,    5.9903800964e+01,    9.2289799452e-01,    1.6284400225e-01,
    9.2399901152e-01,   -1.0268100500e+00,    9.2399901152e-01,    4.9922599792e+01,    9.2399901152e-01,    4.4912200421e-02,
    9.2509901524e-01,   -2.0690200329e+00,    9.2509901524e-01,    5.2914798737e+01,    9.2509901524e-01,    1.3087199628e-01,
    9.2619901896e-01,   -1.3254400492e+00,    9.2619901896e-01,    5.9355201721e+01,    9.2619901896e-01,   -1.8967200071e-02,
    9.2729800940e-01,   -4.8677900434e-01,    9.2729800940e-01,    5.1544799805e+01,    9.2729800940e-01,    2.3349800706e-01,
    9.2839801311e-01,   -1.1832300425e+00,    9.2839801311e-01,    4.8500801086e+01,    9.2839801311e-01,    1.7400799692e-01,
    9.2949897051e-01,   -1.5912599564e+00,    9.2949897051e-01,    5.6683601379e+01,    9.2949897051e-01,   -3.0831199139e-02,
    9.3059998751e-01,   -3.6978301406e-01,    9.3059998751e-01,    5.5899200439e+01,    9.3059998751e-01,    3.0802199244e-01,
    9.3169802427e-01,   -6.0865598917e-01,    9.3169802427e-01,    4.7965698242e+01,    9.3169802427e-01,    1.3540600240e-01,
    9.3279999495e-01,   -1.4195100069e+00,    9.3279999495e-01,    5.2449600220e+01,    9.3279999495e-01,    2.3848900199e-01,
    9.3389999866e-01,   -6.7577898502e-01,    9.3389999866e-01,    5.8616699219e+01,    9.3389999866e-01,    4.4944301248e-02,
    9.3499898911e-01,   -8.6256600916e-02,    9.3499898911e-01,    5.0138198853e+01,    9.3499898911e-01,    1.3233399391e-01,
    9.3609797955e-01,   -9.8944199085e-01,    9.3609797955e-01,    4.9090198517e+01,    9.3609797955e-01,    2.8142499924e-01,
    9.3719899654e-01,   -1.3211499453e+00,    9.3719899654e-01,    5.7865001678e+01,    9.3719899654e-01,   -2.1518599242e-02,
    9.3829900026e-01,   -9.3274801970e-02,    9.3829900026e-01,    5.6285198212e+01,    9.3829900026e-01,    1.7639699578e-01,
    9.3939900398e-01,   -4.9003300071e-01,    9.3939900398e-01,    4.9677501678e+01,    9.3939900398e-01,    9.0389601886e-02,
    9.4050002098e-01,   -1.4310200214e+00,    9.4050002098e-01,    5.5421699524e+01,    9.4050002098e-01,    2.5733900070e-01,
    9.4160002470e-01,   -4.4537401199e-01,    9.4160002470e-01,    6.1042999268e+01,    9.4160002470e-01,    1.4700200409e-02,
    9.4270002842e-01,   -1.0801900178e-01,    9.4270002842e-01,    5.2532100677e+01,    9.4270002842e-01,    7.5190000236e-02,
    9.4379800558e-01,   -9.8207002878e-01,    9.4379800558e-01,    5.2884101868e+01,    9.4379800558e-01,    3.5179099441e-01,
    9.4489902258e-01,   -1.0841300488e+00,    9.4489902258e-01,    6.1508598328e+01,    9.4489902258e-01,   -1.2969499826e-01,
    9.4599902630e-01,    1.7200799286e-01,    9.4599902630e-01,    5.7353500366e+01,    9.4599902630e-01,    1.0131800175e-01,
    9.4709801674e-01,   -5.3104400635e-01,    9.4709801674e-01,    5.0227798462e+01,    9.4709801674e-01,    1.9730400294e-02,
    9.4819897413e-01,   -1.3117200136e+00,    9.4819897413e-01,    5.6150100708e+01,    9.4819897413e-01,    5.2985999733e-02,
    9.4929897785e-01,   -4.0722200274e-01,    9.4929897785e-01,    6.0650600433e+01,    9.4929897785e-01,   -5.3426999599e-02,
    9.5039898157e-01,   -2.5725400448e-01,    9.5039898157e-01,    5.1542701721e+01,    9.5039898157e-01,   -9.0883895755e-03,
    9.5149999857e-01,   -8.9254897833e-01,    9.5149999857e-01,    5.2704399109e+01,    9.5149999857e-01,    3.2405900955e-01,
    9.5259898901e-01,   -8.9021199942e-01,    9.5259898901e-01,    6.1622501373e+01,    9.5259898901e-01,   -1.0932800174e-01,
    9.5369899273e-01,    6.7663803697e-02,    9.5369899273e-01,    5.6472400665e+01,    9.5369899273e-01,    2.4477499723e-01,
    9.5480000973e-01,   -5.8049100637e-01,    9.5480000973e-01,    5.0952899933e+01,    9.5480000973e-01,    1.1986900121e-01,
    9.5589900017e-01,   -1.0294699669e+00,    9.5589900017e-01,    5.7920799255e+01,    9.5589900017e-01,    1.4570499957e-01,
    9.5700001717e-01,   -2.2911499441e-01,    9.5700001717e-01,    6.0882900238e+01,    9.5700001717e-01,    2.7571699023e-01,
    9.5810002089e-01,   -2.9664599895e-01,    9.5810002089e-01,    5.1481399536e+01,    9.5810002089e-01,    6.4684301615e-02,
    9.5919901133e-01,   -7.9535698891e-01,    9.5919901133e-01,    5.3772598267e+01,    9.5919901133e-01,    3.6150598526e-01,
    9.6029901505e-01,   -5.1054900885e-01,    9.6029901505e-01,    6.2400798798e+01,    9.6029901505e-01,    8.0823898315e-03,
    9.6139800549e-01,    5.1838401705e-02,    9.6139800549e-01,    5.6294399261e+01,    9.6139800549e-01,    3.6283200979e-01,
    9.6249800920e-01,   -2.9010298848e-01,    9.6249800920e-01,    5.1939899445e+01,    9.6249800920e-01,    7.7235601842e-02,
    9.6359902620e-01,   -6.0783398151e-01,    9.6359902620e-01,    5.9908500671e+01,    9.6359902620e-01,   -1.7928000307e-03,
    9.6469801664e-01,    1.2239499949e-02,    9.6469801664e-01,    6.1699600220e+01,    9.6469801664e-01,    2.5585201383e-01,
    9.6579897404e-01,   -1.7350800335e-01,    9.6579897404e-01,    5.2496398926e+01,    9.6579897404e-01,    2.1572399884e-02,
    9.6689802408e-01,   -3.5454499722e-01,    9.6689802408e-01,    5.5890399933e+01,    9.6689802408e-01,    1.3219399750e-01,
    9.6799898148e-01,   -2.7431100607e-01,    9.6799898148e-01,    6.3833599091e+01,    9.6799898148e-01,   -1.8879100680e-01,
    9.6909797192e-01,    5.6586701423e-02,    9.6909797192e-01,    5.6755001068e+01,    9.6909797192e-01,    1.4018400013e-01,
    9.7019797564e-01,   -7.3697201908e-02,    9.7019797564e-01,    5.3555301666e+01,    9.7019797564e-01,    1.7906600237e-01,
    9.7129899263e-01,   -2.0895999670e-01,    9.7129899263e-01,    6.2099700928e+01,    9.7129899263e-01,   -2.0392200351e-01,
    9.7239899635e-01,    9.5997899771e-02,    9.7239899635e-01,    6.2463500977e+01,    9.7239899635e-01,    3.4355901182e-02,
    9.7349900007e-01,    1.0955699719e-02,    9.7349900007e-01,    5.3506401062e+01,    9.7349900007e-01,    2.6860199869e-02,
    9.7459799051e-01,    5.9199500829e-02,    9.7459799051e-01,    5.7656700134e+01,    9.7459799051e-01,    2.0912300050e-01,
    9.7569900751e-01,    2.5597799569e-02,    9.7569900751e-01,    6.4655197144e+01,    9.7569900751e-01,   -1.5958000720e-01,
    9.7679799795e-01,    1.5970800072e-02,    9.7679799795e-01,    5.5943199158e+01,    9.7679799795e-01,    7.6422698796e-02,
    9.7789901495e-01,    2.6880899444e-02,    9.7789901495e-01,    5.3660900116e+01,    9.7789901495e-01,    2.3429200053e-01,
    9.7899800539e-01,   -9.0396501124e-02,    9.7899800539e-01,    6.2358398438e+01,    9.7899800539e-01,   -1.0916399956e-01,
    9.8009997606e-01,   -2.4170100689e-02,    9.8009997606e-01,    6.0749500275e+01,    9.8009997606e-01,    1.1874199659e-01,
    9.8119801283e-01,   -2.4598300457e-01,    9.8119801283e-01,    5.2533401489e+01,    9.8119801283e-01,   -1.4780599624e-02,
    9.8229801655e-01,   -2.5150500238e-02,    9.8229801655e-01,    5.7412300110e+01,    9.8229801655e-01,    1.4272899926e-01,
    9.8339998722e-01,   -3.4050900489e-02,    9.8339998722e-01,    6.3630901337e+01,    9.8339998722e-01,   -4.6180699021e-02,
    9.8449897766e-01,   -1.5764400363e-01,    9.8449897766e-01,    5.4565601349e+01,    9.8449897766e-01,    1.0885000229e-02,
    9.8559999466e-01,   -9.0855397284e-02,    9.8559999466e-01,    5.4248298645e+01,    9.8559999466e-01,    1.2924000621e-01,
    9.8669797182e-01,    7.9965002835e-02,    9.8669797182e-01,    6.3436901093e+01,    9.8669797182e-01,   -2.6288899779e-01,
    9.8780000210e-01,    1.2530499697e-01,    9.8780000210e-01,    6.0319698334e+01,    9.8780000210e-01,    1.0013400018e-01,
    9.8889899254e-01,   -4.6783600003e-02,    9.8889899254e-01,    5.3271999359e+01,    9.8889899254e-01,   -3.7827998400e-02,
    9.8999899626e-01,    1.8552300334e-01,    9.8999899626e-01,    5.9194301605e+01,    9.8999899626e-01,   -1.2548099458e-01,
    9.9109899998e-01,    4.4466900826e-01,    9.9109899998e-01,    6.4252502441e+01,    9.9109899998e-01,   -1.3468299806e-01,
    9.9219900370e-01,    5.8651599102e-03,    9.9219900370e-01,    5.4775901794e+01,    9.9219900370e-01,   -6.3568100333e-02,
    9.9329900742e-01,    8.4869198501e-02,    9.9329900742e-01,    5.5883800507e+01,    9.9329900742e-01,    5.2134200931e-02,
    9.9439901114e-01,    3.8922899961e-01,    9.9439901114e-01,    6.4924201965e+01,    9.9439901114e-01,   -3.9295199513e-01,
    9.9549901485e-01,    2.7395200729e-01,    9.9549901485e-01,    5.9866100311e+01,    9.9549901485e-01,    1.4644700103e-02,
    9.9659800529e-01,   -4.4885698706e-02,    9.9659800529e-01,    5.3302600861e+01,    9.9659800529e-01,   -6.1612199992e-02,
    9.9769800901e-01,    3.5221800208e-01,    9.9769800901e-01,    5.9147701263e+01,    9.9769800901e-01,   -1.3225400448e-01,
    9.9879902601e-01,    8.1264001131e-01,    9.9879902601e-01,    6.2027400970e+01,    9.9879902601e-01,   -1.3196900487e-01,
    9.9989902973e-01,    3.3999100327e-01,    9.9989902973e-01,    5.0925800323e+01,    9.9989902973e-01,   -1.0972599685e-01,
    1.0010000467e+00,    1.5377500653e-01,    1.0010000467e+00,    5.2968898773e+01,    1.0010000467e+00,    1.9295099378e-01,
    1.0020999908e+00,    1.0655200481e+00,    1.0020999908e+00,    6.1628299713e+01,    1.0020999908e+00,   -3.2020300627e-01,
    1.0032000542e+00,    7.9689401388e-01,    1.0032000542e+00,    5.5614101410e+01,    1.0032000542e+00,   -6.8174698390e-03,
    1.0042999983e+00,   -1.5452200174e-01,    1.0042999983e+00,    5.0217201233e+01,    1.0042999983e+00,    9.1651000082e-02,
    1.0053999424e+00,    4.3078601360e-01,    1.0053999424e+00,    5.8297298431e+01,    1.0053999424e+00,   -2.8411300853e-02,
    1.0065000057e+00,    1.3001199961e+00,    1.0065000057e+00,    6.0452499390e+01,    1.0065000057e+00,   -4.3274401687e-03,
    1.0075999498e+00,    2.7289199829e-01,    1.0075999498e+00,    5.1091598511e+01,    1.0075999498e+00,   -6.4961701632e-02,
    1.0087000132e+00,   -2.8402400017e-01,    1.0087000132e+00,    5.4349700928e+01,    1.0087000132e+00,    2.9392498732e-01,
    1.0097999573e+00,    1.4509600401e+00,    1.0097999573e+00,    6.2508499146e+01,    1.0097999573e+00,   -5.2460100502e-02,
    1.0109000206e+00,    1.0046800375e+00,    1.0109000206e+00,    5.3958198547e+01,    1.0109000206e+00,    2.1171000600e-01,
    1.0119999647e+00,   -5.3425502777e-01,    1.0119999647e+00,    5.0586101532e+01,    1.0119999647e+00,    1.5589000285e-01,
    1.0131000280e+00,    3.5535499454e-01,    1.0131000280e+00,    5.8896198273e+01,    1.0131000280e+00,    1.0309299827e-01,
    1.0141999722e+00,    1.6446499825e+00,    1.0141999722e+00,    5.9362400055e+01,    1.0141999722e+00,    3.0373099446e-01,
    1.0153000355e+00,   -2.9005999677e-03,    1.0153000355e+00,    5.0119998932e+01,    1.0153000355e+00,    1.6865300015e-02,
    1.0163999796e+00,   -9.2593497038e-01,    1.0163999796e+00,    5.4098800659e+01,    1.0163999796e+00,    1.4940500259e-01,
    1.0175000429e+00,    1.7140799761e+00,    1.0175000429e+00,    6.1946399689e+01,    1.0175000429e+00,   -4.5305099338e-02,
    1.0185999870e+00,    9.5193397999e-01,    1.0185999870e+00,    5.3157798767e+01,    1.0185999870e+00,    1.7487700284e-01,
    1.0197000504e+00,   -1.2458399534e+00,    1.0197000504e+00,    5.1443901062e+01,    1.0197000504e+00,    6.4389899373e-02,
    1.0207999945e+00,    4.6270799637e-01,    1.0207999945e+00,    6.0229698181e+01,    1.0207999945e+00,   -2.9039800167e-01,
    1.0219000578e+00,    2.2921299934e+00,    1.0219000578e+00,    5.9185199738e+01,    1.0219000578e+00,    1.6401800513e-01,
    1.0230000019e+00,    9.5240600407e-02,    1.0230000019e+00,    5.0498798370e+01,    1.0230000019e+00,    8.4249898791e-02,
    1.0240999460e+00,   -1.0573300123e+00,    1.0240999460e+00,    5.5020099640e+01,    1.0240999460e+00,    8.9529201388e-02,
    1.0252000093e+00,    2.6507899761e+00,    1.0252000093e+00,    6.2058200836e+01,    1.0252000093e+00,   -2.0949700475e-01,
    1.0262999535e+00,    1.3436199427e+00,    1.0262999535e+00,    5.3253601074e+01,    1.0262999535e+00,   -6.2810499221e-03,
    1.0274000168e+00,   -1.5479999781e+00,    1.0274000168e+00,    5.2812198639e+01,    1.0274000168e+00,    1.8712499738e-01,
    1.0284999609e+00,    1.0563499928e+00,    1.0284999609e+00,    6.1996299744e+01,    1.0284999609e+00,   -2.3378300667e-01,
    1.0296000242e+00,    3.2900500298e+00,    1.0296000242e+00,    5.9489898682e+01,    1.0296000242e+00,   -1.2654299848e-02,
    1.0306999683e+00,   -1.1295700073e-01,    1.0306999683e+00,    5.1360198975e+01,    1.0306999683e+00,    5.9154901654e-02,
    1.0318000317e+00,   -1.3011699915e+00,    1.0318000317e+00,    5.6598999023e+01,    1.0318000317e+00,    8.4730796516e-02,
    1.0328999758e+00,    3.5362598896e+00,    1.0328999758e+00,    6.2323101044e+01,    1.0328999758e+00,   -1.5368400514e-01,
    1.0340000391e+00,    1.5977699757e+00,    1.0340000391e+00,    5.2894199371e+01,    1.0340000391e+00,   -1.6622099280e-01,
    1.0350999832e+00,   -2.7590599060e+00,    1.0350999832e+00,    5.3532901764e+01,    1.0350999832e+00,    8.5956200957e-02,
    1.0362000465e+00,    1.6223399639e+00,    1.0362000465e+00,    6.2220699310e+01,    1.0362000465e+00,   -2.3188599944e-01,
    1.0372999907e+00,    3.9361600876e+00,    1.0372999907e+00,    5.7950801849e+01,    1.0372999907e+00,    9.6055097878e-02,
    1.0384000540e+00,   -9.4589000940e-01,    1.0384000540e+00,    5.1078498840e+01,    1.0384000540e+00,   -5.1637198776e-02,
    1.0394999981e+00,   -1.8899099827e+00,    1.0394999981e+00,    5.6757301331e+01,    1.0394999981e+00,    1.5160900354e-01,
    1.0405999422e+00,    4.2343602180e+00,    1.0405999422e+00,    6.1574401855e+01,    1.0405999422e+00,    1.2589199841e-01,
    1.0417000055e+00,    1.5010999441e+00,    1.0417000055e+00,    5.2271900177e+01,    1.0417000055e+00,    1.8137199804e-02,
    1.0427999496e+00,   -4.0533399582e+00,    1.0427999496e+00,    5.3994201660e+01,    1.0427999496e+00,    1.0620199889e-01,
    1.0439000130e+00,    2.1950700283e+00,    1.0439000130e+00,    6.2935398102e+01,    1.0439000130e+00,   -1.7721000314e-01,
    1.0449999571e+00,    4.3772501945e+00,    1.0449999571e+00,    5.7423900604e+01,    1.0449999571e+00,    1.4899399877e-01,
    1.0461000204e+00,   -2.2813599110e+00,    1.0461000204e+00,    5.1191200256e+01,    1.0461000204e+00,   -8.3567798138e-02,
    1.0471999645e+00,   -2.5571899414e+00,    1.0471999645e+00,    5.6938701630e+01,    1.0471999645e+00,   -1.0560200363e-01,
    1.0483000278e+00,    4.7814397812e+00,    1.0483000278e+00,    6.0756801605e+01,    1.0483000278e+00,    1.1448200047e-01,
    1.0493999720e+00,    1.2264499664e+00,    1.0493999720e+00,    5.1470298767e+01,    1.0493999720e+00,   -6.3129000366e-02,
    1.0505000353e+00,   -5.5720100403e+00,    1.0505000353e+00,    5.3821998596e+01,    1.0505000353e+00,    1.2895800173e-01,
    1.0515999794e+00,    2.9581599236e+00,    1.0515999794e+00,    6.2064701080e+01,    1.0515999794e+00,   -7.1079798043e-02,
    1.0527000427e+00,    4.6800599098e+00,    1.0527000427e+00,    5.6180301666e+01,    1.0527000427e+00,    1.3121899962e-01,
    1.0537999868e+00,   -3.5704801083e+00,    1.0537999868e+00,    5.1881999969e+01,    1.0537999868e+00,   -6.2000401318e-02,
    1.0549000502e+00,   -3.0204699039e+00,    1.0549000502e+00,    5.7797199249e+01,    1.0549000502e+00,   -3.3026400954e-02,
    1.0559999943e+00,    5.4865598679e+00,    1.0559999943e+00,    6.0763801575e+01,    1.0559999943e+00,    2.3562000692e-01,
    1.0571000576e+00,    4.5428800583e-01,    1.0571000576e+00,    5.1888698578e+01,    1.0571000576e+00,   -7.3934100568e-02,
    1.0582000017e+00,   -7.1828398705e+00,    1.0582000017e+00,    5.4491500854e+01,    1.0582000017e+00,    2.5636100769e-01,
    1.0592999458e+00,    3.7606699467e+00,    1.0592999458e+00,    6.2169200897e+01,    1.0592999458e+00,   -1.6389999539e-02,
    1.0604000092e+00,    4.6479401588e+00,    1.0604000092e+00,    5.5389499664e+01,    1.0604000092e+00,    1.3522699475e-01,
    1.0614999533e+00,   -5.7607898712e+00,    1.0614999533e+00,    5.2593200684e+01,    1.0614999533e+00,    2.7085199952e-02,
    1.0626000166e+00,   -3.4589400291e+00,    1.0626000166e+00,    5.8646099091e+01,    1.0626000166e+00,    1.8795300275e-02,
    1.0636999607e+00,    6.4433598518e+00,    1.0636999607e+00,    6.0241798401e+01,    1.0636999607e+00,    2.3761400580e-01,
    1.0648000240e+00,   -3.3716300130e-01,    1.0648000240e+00,    5.1430599213e+01,    1.0648000240e+00,   -8.8851101696e-02,
    1.0658999681e+00,   -8.2136096954e+00,    1.0658999681e+00,    5.4123798370e+01,    1.0658999681e+00,    2.5004699826e-01,
    1.0670000315e+00,    4.9625201225e+00,    1.0670000315e+00,    6.1188098907e+01,    1.0670000315e+00,    1.1166399717e-01,
    1.0680999756e+00,    5.3496599197e+00,    1.0680999756e+00,    5.4761798859e+01,    1.0680999756e+00,    1.0558000207e-01,
    1.0692000389e+00,   -7.2478098869e+00,    1.0692000389e+00,    5.3459201813e+01,    1.0692000389e+00,    7.6140001416e-02,
    1.0702999830e+00,   -2.8914599419e+00,    1.0702999830e+00,    5.9955501556e+01,    1.0702999830e+00,   -1.2613300234e-02,
    1.0714000463e+00,    7.8404798508e+00,    1.0714000463e+00,    6.0976398468e+01,    1.0714000463e+00,    3.5459598899e-01,
    1.0724999905e+00,   -1.1829899549e+00,    1.0724999905e+00,    5.2798099518e+01,    1.0724999905e+00,   -1.3488399982e-01,
    1.0736000538e+00,   -8.9049301147e+00,    1.0736000538e+00,    5.5611698151e+01,    1.0736000538e+00,    2.4292699993e-01,
    1.0746999979e+00,    6.0600299835e+00,    1.0746999979e+00,    6.1955898285e+01,    1.0746999979e+00,    1.5787400305e-01,
    1.0757999420e+00,    5.0816497803e+00,    1.0757999420e+00,    5.4385398865e+01,    1.0757999420e+00,   -3.5921400413e-03,
    1.0769000053e+00,   -9.2906703949e+00,    1.0769000053e+00,    5.3475498199e+01,    1.0769000053e+00,    2.0708900690e-01,
    1.0779999495e+00,   -2.3942699432e+00,    1.0779999495e+00,    5.9376598358e+01,    1.0779999495e+00,   -2.6364898682e-01,
    1.0791000128e+00,    8.3667201996e+00,    1.0791000128e+00,    5.9299400330e+01,    1.0791000128e+00,    2.3345400393e-01,
    1.0801999569e+00,   -3.0083100796e+00,    1.0801999569e+00,    5.2373401642e+01,    1.0801999569e+00,    7.5595401227e-02,
    1.0813000202e+00,   -9.9101104736e+00,    1.0813000202e+00,    5.5443801880e+01,    1.0813000202e+00,    3.9823498577e-02,
    1.0823999643e+00,    6.3340802193e+00,    1.0823999643e+00,    6.1690700531e+01,    1.0823999643e+00,    9.8387196660e-02,
    1.0835000277e+00,    4.6661000252e+00,    1.0835000277e+00,    5.4115600586e+01,    1.0835000277e+00,   -6.4080603421e-02,
    1.0845999718e+00,   -1.1924699783e+01,    1.0845999718e+00,    5.4059799194e+01,    1.0845999718e+00,    2.3586200178e-01,
    1.0857000351e+00,   -1.9017900229e+00,    1.0857000351e+00,    6.0290000916e+01,    1.0857000351e+00,   -2.5784099102e-01,
    1.0867999792e+00,    8.6138896942e+00,    1.0867999792e+00,    5.9534198761e+01,    1.0867999792e+00,    1.0402599722e-01,
    1.0879000425e+00,   -4.9394497871e+00,    1.0879000425e+00,    5.3750301361e+01,    1.0879000425e+00,    1.5485100448e-01,
    1.0889999866e+00,   -1.1229499817e+01,    1.0889999866e+00,    5.7139999390e+01,    1.0889999866e+00,    5.2083700895e-02,
    1.0901000500e+00,    7.0082201958e+00,    1.0901000500e+00,    6.3160598755e+01,    1.0901000500e+00,    1.3021199405e-01,
    1.0911999941e+00,    3.6918699741e+00,    1.0911999941e+00,    5.5795299530e+01,    1.0911999941e+00,   -8.3190999925e-02,
    1.0923000574e+00,   -1.3425100327e+01,    1.0923000574e+00,    5.6116298676e+01,    1.0923000574e+00,    2.3039600253e-01,
    1.0934000015e+00,   -8.2400202751e-01,    1.0934000015e+00,    6.2930999756e+01,    1.0934000015e+00,   -2.7004399896e-01,
    1.0944999456e+00,    9.3716697693e+00,    1.0944999456e+00,    6.1329498291e+01,    1.0944999456e+00,    7.4986000545e-03,
    1.0956000090e+00,   -5.6979498863e+00,    1.0956000090e+00,    5.6118598938e+01,    1.0956000090e+00,    3.1694300473e-02,
    1.0966999531e+00,   -1.0946999550e+01,    1.0966999531e+00,    5.9921600342e+01,    1.0966999531e+00,   -1.1857199669e-01,
    1.0978000164e+00,    7.9734601974e+00,    1.0978000164e+00,    6.5387397766e+01,    1.0978000164e+00,    1.4313900471e-01,
    1.0988999605e+00,    4.0793600082e+00,    1.0988999605e+00,    5.8025501251e+01,    1.0988999605e+00,    2.8323400766e-02,
    1.1000000238e+00,   -1.3578700066e+01,    1.1000000238e+00,    5.7776599884e+01,    1.1000000238e+00,   -2.5787400082e-02,
    1.1010999680e+00,    6.1676102877e-01,    1.1010999680e+00,    6.4138702393e+01,    1.1010999680e+00,   -3.0203199387e-01,
    1.1022000313e+00,    1.0269700050e+01,    1.1022000313e+00,    6.1447299957e+01,    1.1022000313e+00,   -1.0602599941e-02,
    1.1032999754e+00,   -6.7590799332e+00,    1.1032999754e+00,    5.6183101654e+01,    1.1032999754e+00,   -5.5764000863e-02,
    1.1044000387e+00,   -1.0688199997e+01,    1.1044000387e+00,    5.9705898285e+01,    1.1044000387e+00,   -1.4644099772e-01,
    1.1054999828e+00,    8.3397903442e+00,    1.1054999828e+00,    6.4528503418e+01,    1.1054999828e+00,    7.1640601382e-03,
    1.1066000462e+00,    3.7888801098e+00,    1.1066000462e+00,    5.8157600403e+01,    1.1066000462e+00,   -5.3836300969e-02,
    1.1076999903e+00,   -1.4197299957e+01,    1.1076999903e+00,    5.8386501312e+01,    1.1076999903e+00,    1.4992199838e-01,
    1.1088000536e+00,    1.0605599880e+00,    1.1088000536e+00,    6.5032302856e+01,    1.1088000536e+00,   -2.5156000257e-01,
    1.1098999977e+00,    1.0541500092e+01,    1.1098999977e+00,    6.2519298553e+01,    1.1098999977e+00,   -1.0321599990e-01,
    1.1109999418e+00,   -7.3914599419e+00,    1.1109999418e+00,    5.7077301025e+01,    1.1109999418e+00,    3.0293999240e-02,
    1.1121000051e+00,   -1.0315799713e+01,    1.1121000051e+00,    6.0456199646e+01,    1.1121000051e+00,   -3.3386699855e-02,
    1.1131999493e+00,    8.2379703522e+00,    1.1131999493e+00,    6.5157600403e+01,    1.1131999493e+00,   -4.7374099493e-02,
    1.1143000126e+00,    3.6145401001e+00,    1.1143000126e+00,    5.8996898651e+01,    1.1143000126e+00,    1.0764300078e-01,
    1.1153999567e+00,   -1.4448100090e+01,    1.1153999567e+00,    5.8897399902e+01,    1.1153999567e+00,    1.0857500136e-01,
    1.1165000200e+00,    1.3961499929e+00,    1.1165000200e+00,    6.6083503723e+01,    1.1165000200e+00,   -1.8683800101e-01,
    1.1175999641e+00,    1.0064999580e+01,    1.1175999641e+00,    6.3864299774e+01,    1.1175999641e+00,   -1.4301499724e-01,
    1.1187000275e+00,   -8.0031700134e+00,    1.1187000275e+00,    5.9069999695e+01,    1.1187000275e+00,    2.2326499224e-02,
    1.1197999716e+00,   -9.8115196228e+00,    1.1197999716e+00,    6.3289600372e+01,    1.1197999716e+00,    7.1721300483e-02,
    1.1209000349e+00,    8.0062904358e+00,    1.1209000349e+00,    6.7754501343e+01,    1.1209000349e+00,   -6.0814801604e-02,
    1.1219999790e+00,    3.8185000420e+00,    1.1219999790e+00,    6.0848598480e+01,    1.1219999790e+00,    1.8990600109e-01,
    1.1231000423e+00,   -1.4394700050e+01,    1.1231000423e+00,    6.0404098511e+01,    1.1231000423e+00,    1.0388299823e-01,
    1.1241999865e+00,    1.6744699478e+00,    1.1241999865e+00,    6.7011299133e+01,    1.1241999865e+00,   -1.2452100217e-01,
    1.1253000498e+00,    1.0096799850e+01,    1.1253000498e+00,    6.4811302185e+01,    1.1253000498e+00,   -8.7140902877e-02,
    1.1263999939e+00,   -7.4507899284e+00,    1.1263999939e+00,    5.9549301147e+01,    1.1263999939e+00,    1.5532700717e-01,
    1.1275000572e+00,   -9.7651195526e+00,    1.1275000572e+00,    6.3241600037e+01,    1.1275000572e+00,    7.5033001602e-02,
    1.1286000013e+00,    7.8687400818e+00,    1.1286000013e+00,    6.7694702148e+01,    1.1286000013e+00,   -3.3303499222e-02,
    1.1296999454e+00,    4.0308699608e+00,    1.1296999454e+00,    6.1481601715e+01,    1.1296999454e+00,    1.6210900247e-01,
    1.1308000088e+00,   -1.3594599724e+01,    1.1308000088e+00,    6.1426998138e+01,    1.1308000088e+00,    4.7505300492e-02,
    1.1318999529e+00,    1.1933799982e+00,    1.1318999529e+00,    6.8503601074e+01,    1.1318999529e+00,   -6.5318800509e-02,
    1.1330000162e+00,    1.0156299591e+01,    1.1330000162e+00,    6.7248596191e+01,    1.1330000162e+00,    1.1521300301e-02,
    1.1340999603e+00,   -6.9618401527e+00,    1.1340999603e+00,    6.2602901459e+01,    1.1340999603e+00,    1.0741899721e-02,
    1.1352000237e+00,   -9.4574804306e+00,    1.1352000237e+00,    6.6676399231e+01,    1.1352000237e+00,    1.0723400116e-01,
    1.1362999678e+00,    7.4200801849e+00,    1.1362999678e+00,    7.1212997437e+01,    1.1362999678e+00,   -6.4999602735e-02,
    1.1374000311e+00,    4.9498600960e+00,    1.1374000311e+00,    6.5952598572e+01,    1.1374000311e+00,    1.4542800188e-01,
    1.1384999752e+00,   -1.2521599770e+01,    1.1384999752e+00,    6.5312301636e+01,    1.1384999752e+00,    7.4456900358e-02,
    1.1396000385e+00,    1.1088600159e+00,    1.1396000385e+00,    7.1903297424e+01,    1.1396000385e+00,   -1.2919600308e-01,
    1.1406999826e+00,    9.6158504486e+00,    1.1406999826e+00,    7.0792503357e+01,    1.1406999826e+00,    4.4753000140e-02,
    1.1418000460e+00,   -5.9898700714e+00,    1.1418000460e+00,    6.5244102478e+01,    1.1418000460e+00,    1.0783900321e-01,
    1.1428999901e+00,   -9.8390798569e+00,    1.1428999901e+00,    6.8569702148e+01,    1.1428999901e+00,    6.6752899438e-03,
    1.1440000534e+00,    6.4659800529e+00,    1.1440000534e+00,    7.2897598267e+01,    1.1440000534e+00,   -1.2463600188e-01,
    1.1450999975e+00,    5.2179799080e+00,    1.1450999975e+00,    6.7599197388e+01,    1.1450999975e+00,    8.2239598036e-02,
    1.1461999416e+00,   -1.2101200104e+01,    1.1461999416e+00,    6.6040702820e+01,    1.1461999416e+00,    1.6596700251e-01,
    1.1473000050e+00,   -3.7369000912e-01,    1.1473000050e+00,    7.1825798035e+01,    1.1473000050e+00,   -1.2298800051e-01,
    1.1483999491e+00,    8.9462900162e+00,    1.1483999491e+00,    7.1386398315e+01,    1.1483999491e+00,    4.6920399182e-03,
    1.1495000124e+00,   -4.9692797661e+00,    1.1495000124e+00,    6.4691001892e+01,    1.1495000124e+00,    6.8601798266e-03,
    1.1505999565e+00,   -1.0691300392e+01,    1.1505999565e+00,    6.7114196777e+01,    1.1505999565e+00,    7.2548903525e-02,
    1.1517000198e+00,    5.2204999924e+00,    1.1517000198e+00,    7.1778701782e+01,    1.1517000198e+00,   -2.5618198514e-01,
    1.1527999640e+00,    6.3199701309e+00,    1.1527999640e+00,    6.7787200928e+01,    1.1527999640e+00,    8.4555096924e-02,
    1.1539000273e+00,   -1.1382499695e+01,    1.1539000273e+00,    6.5641799927e+01,    1.1539000273e+00,    5.3119499236e-02,
    1.1549999714e+00,   -2.2019000053e+00,    1.1549999714e+00,    7.0747200012e+01,    1.1549999714e+00,   -6.4230598509e-02,
    1.1561000347e+00,    7.8788099289e+00,    1.1561000347e+00,    7.1736297607e+01,    1.1561000347e+00,   -9.2453196645e-02,
    1.1571999788e+00,   -3.1734800339e+00,    1.1571999788e+00,    6.6505699158e+01,    1.1571999788e+00,    4.0504101664e-02,
    1.1583000422e+00,   -1.1278599739e+01,    1.1583000422e+00,    6.8464103699e+01,    1.1583000422e+00,   -7.4402302504e-02,
    1.1593999863e+00,    3.8367199898e+00,    1.1593999863e+00,    7.3194297791e+01,    1.1593999863e+00,   -1.9594000280e-01,
    1.1605000496e+00,    7.2021198273e+00,    1.1605000496e+00,    6.9589698792e+01,    1.1605000496e+00,    1.2145199580e-03,
    1.1615999937e+00,   -9.9638500214e+00,    1.1615999937e+00,    6.5872802734e+01,    1.1615999937e+00,    4.0731500834e-02,
    1.1627000570e+00,   -4.3348698616e+00,    1.1627000570e+00,    6.8999801636e+01,    1.1627000570e+00,   -5.9231601655e-02,
    1.1638000011e+00,    5.7100501060e+00,    1.1638000011e+00,    7.0551597595e+01,    1.1638000011e+00,   -1.0617599636e-01,
    1.1648999453e+00,   -1.2224800587e+00,    1.1648999453e+00,    6.5024497986e+01,    1.1648999453e+00,   -3.2325498760e-02,
    1.1660000086e+00,   -1.2567500114e+01,    1.1660000086e+00,    6.5461196899e+01,    1.1660000086e+00,    1.0509199649e-01,
    1.1670999527e+00,    1.0803500414e+00,    1.1670999527e+00,    6.9952003479e+01,    1.1670999527e+00,   -8.7885297835e-02,
    1.1682000160e+00,    6.3352999687e+00,    1.1682000160e+00,    6.7860198975e+01,    1.1682000160e+00,   -3.8110800087e-02,
    1.1692999601e+00,   -9.1591701508e+00,    1.1692999601e+00,    6.3629699707e+01,    1.1692999601e+00,    2.4066600204e-01,
    1.1704000235e+00,   -7.7536401749e+00,    1.1704000235e+00,    6.6881202698e+01,    1.1704000235e+00,   -2.4300700054e-02,
    1.1714999676e+00,    3.3184599876e+00,    1.1714999676e+00,    6.9798301697e+01,    1.1714999676e+00,   -1.0481700301e-01,
    1.1726000309e+00,    1.2870299816e-01,    1.1726000309e+00,    6.5599403381e+01,    1.1726000309e+00,    2.9434600845e-02,
    1.1736999750e+00,   -1.2149200439e+01,    1.1736999750e+00,    6.5404701233e+01,    1.1736999750e+00,    2.0790199935e-01,
    1.1748000383e+00,   -8.5476601124e-01,    1.1748000383e+00,    6.9905097961e+01,    1.1748000383e+00,   -1.5213400126e-01,
    1.1758999825e+00,    5.3481998444e+00,    1.1758999825e+00,    6.9635498047e+01,    1.1758999825e+00,   -6.9733701646e-02,
    1.1770000458e+00,   -6.6496601105e+00,    1.1770000458e+00,    6.5462898254e+01,    1.1770000458e+00,    1.5806600451e-01,
    1.1780999899e+00,   -9.7165498734e+00,    1.1780999899e+00,    6.8451400757e+01,    1.1780999899e+00,    6.7452803254e-02,
    1.1792000532e+00,    1.0939999819e+00,    1.1792000532e+00,    7.2204399109e+01,    1.1792000532e+00,   -1.5060800314e-01,
    1.1802999973e+00,    2.5103700161e+00,    1.1802999973e+00,    6.9353202820e+01,    1.1802999973e+00,   -1.2246699631e-01,
    1.1813999414e+00,   -1.1132699966e+01,    1.1813999414e+00,    6.7976799011e+01,    1.1813999414e+00,    8.2381196320e-02,
    1.1825000048e+00,   -3.6623198986e+00,    1.1825000048e+00,    7.2332901001e+01,    1.1825000048e+00,   -7.0771999657e-02,
    1.1835999489e+00,    3.7316401005e+00,    1.1835999489e+00,    7.3175201416e+01,    1.1835999489e+00,   -1.8453100324e-01,
    1.1847000122e+00,   -3.6663699150e+00,    1.1847000122e+00,    6.9898597717e+01,    1.1847000122e+00,   -8.2462802529e-03,
    1.1857999563e+00,   -1.1341400146e+01,    1.1857999563e+00,    7.1652999878e+01,    1.1857999563e+00,   -3.3111501485e-02,
    1.1869000196e+00,   -6.4116299152e-01,    1.1869000196e+00,    7.5636299133e+01,    1.1869000196e+00,   -1.2865799665e-01,
    1.1879999638e+00,    4.4290499687e+00,    1.1879999638e+00,    7.3907203674e+01,    1.1879999638e+00,   -9.8590098321e-02,
    1.1891000271e+00,   -8.1303501129e+00,    1.1891000271e+00,    7.1042198181e+01,    1.1891000271e+00,   -3.0367599800e-02,
    1.1901999712e+00,   -6.3430099487e+00,    1.1901999712e+00,    7.4287597656e+01,    1.1901999712e+00,   -1.3210799545e-02,
    1.1913000345e+00,    1.9335500002e+00,    1.1913000345e+00,    7.6080596924e+01,    1.1913000345e+00,   -2.1247899532e-01,
    1.1923999786e+00,    6.9428199530e-01,    1.1923999786e+00,    7.3207702637e+01,    1.1923999786e+00,    6.3559398986e-03,
    1.1935000420e+00,   -1.0695899963e+01,    1.1935000420e+00,    7.2782798767e+01,    1.1935000420e+00,   -1.4738200232e-02,
    1.1945999861e+00,   -2.6086599827e+00,    1.1945999861e+00,    7.5939598083e+01,    1.1945999861e+00,   -3.8986299187e-02,
    1.1957000494e+00,    4.4279599190e+00,    1.1957000494e+00,    7.5141296387e+01,    1.1957000494e+00,   -9.8651200533e-02,
    1.1967999935e+00,   -4.4602799416e+00,    1.1967999935e+00,    7.2041702271e+01,    1.1967999935e+00,    4.8250298947e-02,
    1.1979000568e+00,   -7.5915498734e+00,    1.1979000568e+00,    7.3516502380e+01,    1.1979000568e+00,   -1.7460800707e-02,
    1.1990000010e+00,   -4.4184699655e-01,    1.1990000010e+00,    7.5558998108e+01,    1.1990000010e+00,   -1.8117100000e-01,
    1.2000999451e+00,    3.4502000809e+00,    1.2000999451e+00,    7.3156402588e+01,    1.2000999451e+00,   -3.4521699417e-03,
    1.2012000084e+00,   -7.1664700508e+00,    1.2012000084e+00,    7.1696701050e+01,    1.2012000084e+00,    1.8730200827e-02,
    1.2022999525e+00,   -3.9416399002e+00,    1.2022999525e+00,    7.4643501282e+01,    1.2022999525e+00,   -2.9648099095e-02,
    1.2034000158e+00,    2.2354700565e+00,    1.2034000158e+00,    7.4594100952e+01,    1.2034000158e+00,   -1.1557199806e-01,
    1.2044999599e+00,   -8.8046997786e-02,    1.2044999599e+00,    7.1399101257e+01,    1.2044999599e+00,    7.6259700581e-03,
    1.2056000233e+00,   -7.6904401779e+00,    1.2056000233e+00,    7.1966201782e+01,    1.2056000233e+00,   -7.7609896660e-02,
    1.2066999674e+00,   -2.8137099743e+00,    1.2066999674e+00,    7.4866600037e+01,    1.2066999674e+00,   -1.7457000911e-02,
    1.2078000307e+00,    3.2301299572e+00,    1.2078000307e+00,    7.3537101746e+01,    1.2078000307e+00,   -9.3322597444e-02,
    1.2088999748e+00,   -3.6438999176e+00,    1.2088999748e+00,    7.1186798096e+01,    1.2088999748e+00,   -4.8376400024e-02,
    1.2100000381e+00,   -5.0480899811e+00,    1.2100000381e+00,    7.3038902283e+01,    1.2100000381e+00,   -5.2356600761e-02,
    1.2110999823e+00,   -1.0308400393e+00,    1.2110999823e+00,    7.4675598145e+01,    1.2110999823e+00,   -1.1324600130e-01,
    1.2122000456e+00,    2.2929899693e+00,    1.2122000456e+00,    7.2737396240e+01,    1.2122000456e+00,   -1.0721100122e-01,
    1.2132999897e+00,   -4.8832201958e+00,    1.2132999897e+00,    7.2115898132e+01,    1.2132999897e+00,   -9.2170402408e-02,
    1.2144000530e+00,   -3.7123599052e+00,    1.2144000530e+00,    7.4513198853e+01,    1.2144000530e+00,   -9.9137902260e-02,
    1.2154999971e+00,    1.5825099945e+00,    1.2154999971e+00,    7.4578002930e+01,    1.2154999971e+00,   -1.2090799958e-01,
    1.2165999413e+00,    2.5598400831e-01,    1.2165999413e+00,    7.2890296936e+01,    1.2165999413e+00,   -1.0111500323e-01,
    1.2177000046e+00,   -4.4459600449e+00,    1.2177000046e+00,    7.2048500061e+01,    1.2177000046e+00,   -1.1665999889e-01,
    1.2187999487e+00,   -2.8429200649e+00,    1.2187999487e+00,    7.2361801147e+01,    1.2187999487e+00,   -9.5134399831e-02,
    1.2199000120e+00,    2.8652799129e+00,    1.2199000120e+00,    7.1173400879e+01,    1.2199000120e+00,    3.1187899411e-02,
    1.2209999561e+00,   -1.4951399565e+00,    1.2209999561e+00,    6.9777198792e+01,    1.2209999561e+00,    4.0647100657e-02,
    1.2221000195e+00,   -3.2254900932e+00,    1.2221000195e+00,    7.0262199402e+01,    1.2221000195e+00,   -6.6756196320e-02,
