LS-DYNA keyword deck by LS-PrePost,Rcforc Data
Time,Ma 373 X-force,Time,Ma 373 Y-force,Time,Ma 373 Z-force,
    0.0000000000e+00,    0.0000000000e+00,    0.0000000000e+00,    0.0000000000e+00,    0.0000000000e+00,    0.0000000000e+00,
    1.0990600567e-03,    0.0000000000e+00,    1.0990600567e-03,    0.0000000000e+00,    1.0990600567e-03,    0.0000000000e+00,
    2.1981699392e-03,    0.0000000000e+00,    2.1981699392e-03,    0.0000000000e+00,    2.1981699392e-03,    0.0000000000e+00,
    3.2983899582e-03,    0.0000000000e+00,    3.2983899582e-03,    0.0000000000e+00,    3.2983899582e-03,    0.0000000000e+00,
    4.3993499130e-03,    0.0000000000e+00,    4.3993499130e-03,    0.0000000000e+00,    4.3993499130e-03,    0.0000000000e+00,
    5.4993899539e-03,    0.0000000000e+00,    5.4993899539e-03,    0.0000000000e+00,    5.4993899539e-03,    0.0000000000e+00,
    6.5985200927e-03,    0.0000000000e+00,    6.5985200927e-03,    0.0000000000e+00,    6.5985200927e-03,    0.0000000000e+00,
    7.6994900592e-03,    0.0000000000e+00,    7.6994900592e-03,    0.0000000000e+00,    7.6994900592e-03,    0.0000000000e+00,
    8.7991701439e-03,    0.0000000000e+00,    8.7991701439e-03,    0.0000000000e+00,    8.7991701439e-03,    0.0000000000e+00,
    9.8988199607e-03,    0.0000000000e+00,    9.8988199607e-03,    0.0000000000e+00,    9.8988199607e-03,    0.0000000000e+00,
    1.0999799706e-02,    0.0000000000e+00,    1.0999799706e-02,    0.0000000000e+00,    1.0999799706e-02,    0.0000000000e+00,
    1.2099700049e-02,    0.0000000000e+00,    1.2099700049e-02,    0.0000000000e+00,    1.2099700049e-02,    0.0000000000e+00,
    1.3198999688e-02,    0.0000000000e+00,    1.3198999688e-02,    0.0000000000e+00,    1.3198999688e-02,    0.0000000000e+00,
    1.4299600385e-02,    0.0000000000e+00,    1.4299600385e-02,    0.0000000000e+00,    1.4299600385e-02,    0.0000000000e+00,
    1.5399900265e-02,    0.0000000000e+00,    1.5399900265e-02,    0.0000000000e+00,    1.5399900265e-02,    0.0000000000e+00,
    1.6498299316e-02,    0.0000000000e+00,    1.6498299316e-02,    0.0000000000e+00,    1.6498299316e-02,    0.0000000000e+00,
    1.7599200830e-02,    0.0000000000e+00,    1.7599200830e-02,    0.0000000000e+00,    1.7599200830e-02,    0.0000000000e+00,
    1.8699700013e-02,    0.0000000000e+00,    1.8699700013e-02,    0.0000000000e+00,    1.8699700013e-02,    0.0000000000e+00,
    1.9799100235e-02,    0.0000000000e+00,    1.9799100235e-02,    0.0000000000e+00,    1.9799100235e-02,    0.0000000000e+00,
    2.0898200572e-02,    0.0000000000e+00,    2.0898200572e-02,    0.0000000000e+00,    2.0898200572e-02,    0.0000000000e+00,
    2.1999200806e-02,    0.0000000000e+00,    2.1999200806e-02,    0.0000000000e+00,    2.1999200806e-02,    0.0000000000e+00,
    2.3099999875e-02,    0.0000000000e+00,    2.3099999875e-02,    0.0000000000e+00,    2.3099999875e-02,    0.0000000000e+00,
    2.4199200794e-02,    0.0000000000e+00,    2.4199200794e-02,    0.0000000000e+00,    2.4199200794e-02,    0.0000000000e+00,
    2.5298900902e-02,    0.0000000000e+00,    2.5298900902e-02,    0.0000000000e+00,    2.5298900902e-02,    0.0000000000e+00,
    2.6398399845e-02,    0.0000000000e+00,    2.6398399845e-02,    0.0000000000e+00,    2.6398399845e-02,    0.0000000000e+00,
    2.7499800548e-02,    0.0000000000e+00,    2.7499800548e-02,    0.0000000000e+00,    2.7499800548e-02,    0.0000000000e+00,
    2.8598599136e-02,    0.0000000000e+00,    2.8598599136e-02,    0.0000000000e+00,    2.8598599136e-02,    0.0000000000e+00,
    2.9699800536e-02,    0.0000000000e+00,    2.9699800536e-02,    0.0000000000e+00,    2.9699800536e-02,    0.0000000000e+00,
    3.0798900872e-02,    0.0000000000e+00,    3.0798900872e-02,    0.0000000000e+00,    3.0798900872e-02,    0.0000000000e+00,
    3.1899001449e-02,    0.0000000000e+00,    3.1899001449e-02,    0.0000000000e+00,    3.1899001449e-02,    0.0000000000e+00,
    3.2998200506e-02,    0.0000000000e+00,    3.2998200506e-02,    0.0000000000e+00,    3.2998200506e-02,    0.0000000000e+00,
    3.4099198878e-02,    0.0000000000e+00,    3.4099198878e-02,    0.0000000000e+00,    3.4099198878e-02,    0.0000000000e+00,
    3.5199001431e-02,    0.0000000000e+00,    3.5199001431e-02,    0.0000000000e+00,    3.5199001431e-02,    0.0000000000e+00,
    3.6299198866e-02,    0.0000000000e+00,    3.6299198866e-02,    0.0000000000e+00,    3.6299198866e-02,    0.0000000000e+00,
    3.7398301065e-02,    0.0000000000e+00,    3.7398301065e-02,    0.0000000000e+00,    3.7398301065e-02,    0.0000000000e+00,
    3.8499899209e-02,    0.0000000000e+00,    3.8499899209e-02,    0.0000000000e+00,    3.8499899209e-02,    0.0000000000e+00,
    3.9599601179e-02,    0.0000000000e+00,    3.9599601179e-02,    0.0000000000e+00,    3.9599601179e-02,    0.0000000000e+00,
    4.0699601173e-02,    0.0000000000e+00,    4.0699601173e-02,    0.0000000000e+00,    4.0699601173e-02,    0.0000000000e+00,
    4.1798699647e-02,    0.0000000000e+00,    4.1798699647e-02,    0.0000000000e+00,    4.1798699647e-02,    0.0000000000e+00,
    4.2899001390e-02,    0.0000000000e+00,    4.2899001390e-02,    0.0000000000e+00,    4.2899001390e-02,    0.0000000000e+00,
    4.3998401612e-02,    0.0000000000e+00,    4.3998401612e-02,    0.0000000000e+00,    4.3998401612e-02,    0.0000000000e+00,
    4.5098699629e-02,    0.0000000000e+00,    4.5098699629e-02,    0.0000000000e+00,    4.5098699629e-02,    0.0000000000e+00,
    4.6199701726e-02,    0.0000000000e+00,    4.6199701726e-02,    0.0000000000e+00,    4.6199701726e-02,    0.0000000000e+00,
    4.7299500555e-02,    0.0000000000e+00,    4.7299500555e-02,    0.0000000000e+00,    4.7299500555e-02,    0.0000000000e+00,
    4.8399198800e-02,    0.0000000000e+00,    4.8399198800e-02,    0.0000000000e+00,    4.8399198800e-02,    0.0000000000e+00,
    4.9498300999e-02,    0.0000000000e+00,    4.9498300999e-02,    0.0000000000e+00,    4.9498300999e-02,    0.0000000000e+00,
    5.0599399954e-02,    0.0000000000e+00,    5.0599399954e-02,    0.0000000000e+00,    5.0599399954e-02,    0.0000000000e+00,
    5.1699899137e-02,    0.0000000000e+00,    5.1699899137e-02,    0.0000000000e+00,    5.1699899137e-02,    0.0000000000e+00,
    5.2798800170e-02,    0.0000000000e+00,    5.2798800170e-02,    0.0000000000e+00,    5.2798800170e-02,    0.0000000000e+00,
    5.3899798542e-02,    0.0000000000e+00,    5.3899798542e-02,    0.0000000000e+00,    5.3899798542e-02,    0.0000000000e+00,
    5.4999601096e-02,    0.0000000000e+00,    5.4999601096e-02,    0.0000000000e+00,    5.4999601096e-02,    0.0000000000e+00,
    5.6098498404e-02,    0.0000000000e+00,    5.6098498404e-02,    0.0000000000e+00,    5.6098498404e-02,    0.0000000000e+00,
    5.7199500501e-02,    0.0000000000e+00,    5.7199500501e-02,    0.0000000000e+00,    5.7199500501e-02,    0.0000000000e+00,
    5.8299198747e-02,    0.0000000000e+00,    5.8299198747e-02,    0.0000000000e+00,    5.8299198747e-02,    0.0000000000e+00,
    5.9399701655e-02,    0.0000000000e+00,    5.9399701655e-02,    0.0000000000e+00,    5.9399701655e-02,    0.0000000000e+00,
    6.0499701649e-02,    0.0000000000e+00,    6.0499701649e-02,    0.0000000000e+00,    6.0499701649e-02,    0.0000000000e+00,
    6.1599399894e-02,    0.0000000000e+00,    6.1599399894e-02,    0.0000000000e+00,    6.1599399894e-02,    0.0000000000e+00,
    6.2698900700e-02,    0.0000000000e+00,    6.2698900700e-02,    0.0000000000e+00,    6.2698900700e-02,    0.0000000000e+00,
    6.3798502088e-02,    0.0000000000e+00,    6.3798502088e-02,    0.0000000000e+00,    6.3798502088e-02,    0.0000000000e+00,
    6.4899496734e-02,    0.0000000000e+00,    6.4899496734e-02,    0.0000000000e+00,    6.4899496734e-02,    0.0000000000e+00,
    6.5998099744e-02,    0.0000000000e+00,    6.5998099744e-02,    0.0000000000e+00,    6.5998099744e-02,    0.0000000000e+00,
    6.7098401487e-02,    0.0000000000e+00,    6.7098401487e-02,    0.0000000000e+00,    6.7098401487e-02,    0.0000000000e+00,
    6.8199902773e-02,    0.0000000000e+00,    6.8199902773e-02,    0.0000000000e+00,    6.8199902773e-02,    0.0000000000e+00,
    6.9298997521e-02,    0.0000000000e+00,    6.9298997521e-02,    0.0000000000e+00,    6.9298997521e-02,    0.0000000000e+00,
    7.0399798453e-02,    0.0000000000e+00,    7.0399798453e-02,    0.0000000000e+00,    7.0399798453e-02,    0.0000000000e+00,
    7.1499697864e-02,    0.0000000000e+00,    7.1499697864e-02,    0.0000000000e+00,    7.1499697864e-02,    0.0000000000e+00,
    7.2598800063e-02,    0.0000000000e+00,    7.2598800063e-02,    0.0000000000e+00,    7.2598800063e-02,    0.0000000000e+00,
    7.3698200285e-02,    0.0000000000e+00,    7.3698200285e-02,    0.0000000000e+00,    7.3698200285e-02,    0.0000000000e+00,
    7.4798502028e-02,    0.0000000000e+00,    7.4798502028e-02,    0.0000000000e+00,    7.4798502028e-02,    0.0000000000e+00,
    7.5898401439e-02,    0.0000000000e+00,    7.5898401439e-02,    0.0000000000e+00,    7.5898401439e-02,    0.0000000000e+00,
    7.6999902725e-02,    0.0000000000e+00,    7.6999902725e-02,    0.0000000000e+00,    7.6999902725e-02,    0.0000000000e+00,
    7.8098997474e-02,    0.0000000000e+00,    7.8098997474e-02,    0.0000000000e+00,    7.8098997474e-02,    0.0000000000e+00,
    7.9199701548e-02,    0.0000000000e+00,    7.9199701548e-02,    0.0000000000e+00,    7.9199701548e-02,    0.0000000000e+00,
    8.0298699439e-02,    0.0000000000e+00,    8.0298699439e-02,    0.0000000000e+00,    8.0298699439e-02,    0.0000000000e+00,
    8.1398598850e-02,    0.0000000000e+00,    8.1398598850e-02,    0.0000000000e+00,    8.1398598850e-02,    0.0000000000e+00,
    8.2499101758e-02,    0.0000000000e+00,    8.2499101758e-02,    0.0000000000e+00,    8.2499101758e-02,    0.0000000000e+00,
    8.3598397672e-02,    0.0000000000e+00,    8.3598397672e-02,    0.0000000000e+00,    8.3598397672e-02,    0.0000000000e+00,
    8.4699399769e-02,    0.0000000000e+00,    8.4699399769e-02,    0.0000000000e+00,    8.4699399769e-02,    0.0000000000e+00,
    8.5798799992e-02,    0.0000000000e+00,    8.5798799992e-02,    0.0000000000e+00,    8.5798799992e-02,    0.0000000000e+00,
    8.6899898946e-02,    0.0000000000e+00,    8.6899898946e-02,    0.0000000000e+00,    8.6899898946e-02,    0.0000000000e+00,
    8.7999001145e-02,    0.0000000000e+00,    8.7999001145e-02,    0.0000000000e+00,    8.7999001145e-02,    0.0000000000e+00,
    8.9098997414e-02,    0.0000000000e+00,    8.9098997414e-02,    0.0000000000e+00,    8.9098997414e-02,    0.0000000000e+00,
    9.0199500322e-02,    0.0000000000e+00,    9.0199500322e-02,    0.0000000000e+00,    9.0199500322e-02,    0.0000000000e+00,
    9.1299600899e-02,    0.0000000000e+00,    9.1299600899e-02,    0.0000000000e+00,    9.1299600899e-02,    0.0000000000e+00,
    9.2398703098e-02,    0.0000000000e+00,    9.2398703098e-02,    0.0000000000e+00,    9.2398703098e-02,    0.0000000000e+00,
    9.3499898911e-02,    0.0000000000e+00,    9.3499898911e-02,    0.0000000000e+00,    9.3499898911e-02,    0.0000000000e+00,
    9.4598703086e-02,    0.0000000000e+00,    9.4598703086e-02,    0.0000000000e+00,    9.4598703086e-02,    0.0000000000e+00,
    9.5699697733e-02,    0.0000000000e+00,    9.5699697733e-02,    0.0000000000e+00,    9.5699697733e-02,    0.0000000000e+00,
    9.6798703074e-02,    0.0000000000e+00,    9.6798703074e-02,    0.0000000000e+00,    9.6798703074e-02,    0.0000000000e+00,
    9.7899198532e-02,    0.0000000000e+00,    9.7899198532e-02,    0.0000000000e+00,    9.7899198532e-02,    0.0000000000e+00,
    9.8999999464e-02,    0.0000000000e+00,    9.8999999464e-02,    0.0000000000e+00,    9.8999999464e-02,    0.0000000000e+00,
    1.0010000318e-01,    0.0000000000e+00,    1.0010000318e-01,    0.0000000000e+00,    1.0010000318e-01,    0.0000000000e+00,
    1.0119800270e-01,    0.0000000000e+00,    1.0119800270e-01,    0.0000000000e+00,    1.0119800270e-01,    0.0000000000e+00,
    1.0229899734e-01,    0.0000000000e+00,    1.0229899734e-01,    0.0000000000e+00,    1.0229899734e-01,    0.0000000000e+00,
    1.0339800268e-01,    0.0000000000e+00,    1.0339800268e-01,    0.0000000000e+00,    1.0339800268e-01,    0.0000000000e+00,
    1.0449899733e-01,    0.0000000000e+00,    1.0449899733e-01,    0.0000000000e+00,    1.0449899733e-01,    0.0000000000e+00,
    1.0559900105e-01,    0.0000000000e+00,    1.0559900105e-01,    0.0000000000e+00,    1.0559900105e-01,    0.0000000000e+00,
    1.0669799894e-01,    0.0000000000e+00,    1.0669799894e-01,    0.0000000000e+00,    1.0669799894e-01,    0.0000000000e+00,
    1.0779900104e-01,    0.0000000000e+00,    1.0779900104e-01,    0.0000000000e+00,    1.0779900104e-01,    0.0000000000e+00,
    1.0889799893e-01,    0.0000000000e+00,    1.0889799893e-01,    0.0000000000e+00,    1.0889799893e-01,    0.0000000000e+00,
    1.0999900103e-01,    0.0000000000e+00,    1.0999900103e-01,    0.0000000000e+00,    1.0999900103e-01,    0.0000000000e+00,
    1.1110000312e-01,    0.0000000000e+00,    1.1110000312e-01,    0.0000000000e+00,    1.1110000312e-01,    0.0000000000e+00,
    1.1219800264e-01,    0.0000000000e+00,    1.1219800264e-01,    0.0000000000e+00,    1.1219800264e-01,    0.0000000000e+00,
    1.1329899728e-01,    0.0000000000e+00,    1.1329899728e-01,    0.0000000000e+00,    1.1329899728e-01,    0.0000000000e+00,
    1.1439900100e-01,    0.0000000000e+00,    1.1439900100e-01,    0.0000000000e+00,    1.1439900100e-01,    0.0000000000e+00,
    1.1549799889e-01,    0.0000000000e+00,    1.1549799889e-01,    0.0000000000e+00,    1.1549799889e-01,    0.0000000000e+00,
    1.1659999937e-01,    0.0000000000e+00,    1.1659999937e-01,    0.0000000000e+00,    1.1659999937e-01,    0.0000000000e+00,
    1.1769799888e-01,    0.0000000000e+00,    1.1769799888e-01,    0.0000000000e+00,    1.1769799888e-01,    0.0000000000e+00,
    1.1879900098e-01,    0.0000000000e+00,    1.1879900098e-01,    0.0000000000e+00,    1.1879900098e-01,    0.0000000000e+00,
    1.1989799887e-01,    0.0000000000e+00,    1.1989799887e-01,    0.0000000000e+00,    1.1989799887e-01,    0.0000000000e+00,
    1.2099900097e-01,    0.0000000000e+00,    1.2099900097e-01,    0.0000000000e+00,    1.2099900097e-01,    0.0000000000e+00,
    1.2209799886e-01,    0.0000000000e+00,    1.2209799886e-01,    0.0000000000e+00,    1.2209799886e-01,    0.0000000000e+00,
    1.2319900095e-01,    0.0000000000e+00,    1.2319900095e-01,    0.0000000000e+00,    1.2319900095e-01,    0.0000000000e+00,
    1.2429799885e-01,    0.0000000000e+00,    1.2429799885e-01,    0.0000000000e+00,    1.2429799885e-01,    0.0000000000e+00,
    1.2540000677e-01,    0.0000000000e+00,    1.2540000677e-01,    0.0000000000e+00,    1.2540000677e-01,    0.0000000000e+00,
    1.2649899721e-01,    0.0000000000e+00,    1.2649899721e-01,    0.0000000000e+00,    1.2649899721e-01,    0.0000000000e+00,
    1.2759999931e-01,    0.0000000000e+00,    1.2759999931e-01,    0.0000000000e+00,    1.2759999931e-01,    0.0000000000e+00,
    1.2869800627e-01,    0.0000000000e+00,    1.2869800627e-01,    0.0000000000e+00,    1.2869800627e-01,    0.0000000000e+00,
    1.2979899347e-01,    0.0000000000e+00,    1.2979899347e-01,    0.0000000000e+00,    1.2979899347e-01,    0.0000000000e+00,
    1.3089999557e-01,    0.0000000000e+00,    1.3089999557e-01,    0.0000000000e+00,    1.3089999557e-01,    0.0000000000e+00,
    1.3199900091e-01,    0.0000000000e+00,    1.3199900091e-01,    0.0000000000e+00,    1.3199900091e-01,    0.0000000000e+00,
    1.3310000300e-01,    0.0000000000e+00,    1.3310000300e-01,    0.0000000000e+00,    1.3310000300e-01,    0.0000000000e+00,
    1.3419899344e-01,    0.0000000000e+00,    1.3419899344e-01,    0.0000000000e+00,    1.3419899344e-01,    0.0000000000e+00,
    1.3529999554e-01,    0.0000000000e+00,    1.3529999554e-01,    0.0000000000e+00,    1.3529999554e-01,    0.0000000000e+00,
    1.3639800251e-01,    0.0000000000e+00,    1.3639800251e-01,    0.0000000000e+00,    1.3639800251e-01,    0.0000000000e+00,
    1.3750000298e-01,    0.0000000000e+00,    1.3750000298e-01,    0.0000000000e+00,    1.3750000298e-01,    0.0000000000e+00,
    1.3859899342e-01,    0.0000000000e+00,    1.3859899342e-01,    0.0000000000e+00,    1.3859899342e-01,    0.0000000000e+00,
    1.3969799876e-01,    0.0000000000e+00,    1.3969799876e-01,    0.0000000000e+00,    1.3969799876e-01,    0.0000000000e+00,
    1.4079999924e-01,    0.0000000000e+00,    1.4079999924e-01,    0.0000000000e+00,    1.4079999924e-01,    0.0000000000e+00,
    1.4189900458e-01,    0.0000000000e+00,    1.4189900458e-01,    0.0000000000e+00,    1.4189900458e-01,    0.0000000000e+00,
    1.4299899340e-01,    0.0000000000e+00,    1.4299899340e-01,    0.0000000000e+00,    1.4299899340e-01,    0.0000000000e+00,
    1.4409999549e-01,    0.0000000000e+00,    1.4409999549e-01,    0.0000000000e+00,    1.4409999549e-01,    0.0000000000e+00,
    1.4519999921e-01,    0.0000000000e+00,    1.4519999921e-01,    0.0000000000e+00,    1.4519999921e-01,    0.0000000000e+00,
    1.4629900455e-01,    0.0000000000e+00,    1.4629900455e-01,    0.0000000000e+00,    1.4629900455e-01,    0.0000000000e+00,
    1.4739899337e-01,    0.0000000000e+00,    1.4739899337e-01,    0.0000000000e+00,    1.4739899337e-01,    0.0000000000e+00,
    1.4849899709e-01,    0.0000000000e+00,    1.4849899709e-01,    0.0000000000e+00,    1.4849899709e-01,    0.0000000000e+00,
    1.4959999919e-01,    0.0000000000e+00,    1.4959999919e-01,    0.0000000000e+00,    1.4959999919e-01,    0.0000000000e+00,
    1.5069900453e-01,    0.0000000000e+00,    1.5069900453e-01,    0.0000000000e+00,    1.5069900453e-01,    0.0000000000e+00,
    1.5180000663e-01,    0.0000000000e+00,    1.5180000663e-01,    0.0000000000e+00,    1.5180000663e-01,    0.0000000000e+00,
    1.5289899707e-01,    0.0000000000e+00,    1.5289899707e-01,    0.0000000000e+00,    1.5289899707e-01,    0.0000000000e+00,
    1.5399999917e-01,    0.0000000000e+00,    1.5399999917e-01,    0.0000000000e+00,    1.5399999917e-01,    0.0000000000e+00,
    1.5509800613e-01,    0.0000000000e+00,    1.5509800613e-01,    0.0000000000e+00,    1.5509800613e-01,    0.0000000000e+00,
    1.5619899333e-01,    0.0000000000e+00,    1.5619899333e-01,    0.0000000000e+00,    1.5619899333e-01,    0.0000000000e+00,
    1.5729799867e-01,    0.0000000000e+00,    1.5729799867e-01,    0.0000000000e+00,    1.5729799867e-01,    0.0000000000e+00,
    1.5839999914e-01,    0.0000000000e+00,    1.5839999914e-01,    0.0000000000e+00,    1.5839999914e-01,    0.0000000000e+00,
    1.5949800611e-01,    0.0000000000e+00,    1.5949800611e-01,    0.0000000000e+00,    1.5949800611e-01,    0.0000000000e+00,
    1.6059899330e-01,    0.0000000000e+00,    1.6059899330e-01,    0.0000000000e+00,    1.6059899330e-01,    0.0000000000e+00,
    1.6169999540e-01,    0.0000000000e+00,    1.6169999540e-01,    0.0000000000e+00,    1.6169999540e-01,    0.0000000000e+00,
    1.6279800236e-01,    0.0000000000e+00,    1.6279800236e-01,    0.0000000000e+00,    1.6279800236e-01,    0.0000000000e+00,
    1.6390000284e-01,    0.0000000000e+00,    1.6390000284e-01,    0.0000000000e+00,    1.6390000284e-01,    0.0000000000e+00,
    1.6499899328e-01,    0.0000000000e+00,    1.6499899328e-01,    0.0000000000e+00,    1.6499899328e-01,    0.0000000000e+00,
    1.6609999537e-01,    0.0000000000e+00,    1.6609999537e-01,    0.0000000000e+00,    1.6609999537e-01,    0.0000000000e+00,
    1.6719999909e-01,    0.0000000000e+00,    1.6719999909e-01,    0.0000000000e+00,    1.6719999909e-01,    0.0000000000e+00,
    1.6829900444e-01,    0.0000000000e+00,    1.6829900444e-01,    0.0000000000e+00,    1.6829900444e-01,    0.0000000000e+00,
    1.6940000653e-01,    0.0000000000e+00,    1.6940000653e-01,    0.0000000000e+00,    1.6940000653e-01,    0.0000000000e+00,
    1.7049899697e-01,    0.0000000000e+00,    1.7049899697e-01,    0.0000000000e+00,    1.7049899697e-01,    0.0000000000e+00,
    1.7159800231e-01,    0.0000000000e+00,    1.7159800231e-01,    0.0000000000e+00,    1.7159800231e-01,    0.0000000000e+00,
    1.7269900441e-01,    0.0000000000e+00,    1.7269900441e-01,    0.0000000000e+00,    1.7269900441e-01,    0.0000000000e+00,
    1.7379899323e-01,    0.0000000000e+00,    1.7379899323e-01,    0.0000000000e+00,    1.7379899323e-01,    0.0000000000e+00,
    1.7489999533e-01,    0.0000000000e+00,    1.7489999533e-01,    0.0000000000e+00,    1.7489999533e-01,    0.0000000000e+00,
    1.7599900067e-01,    0.0000000000e+00,    1.7599900067e-01,    0.0000000000e+00,    1.7599900067e-01,    0.0000000000e+00,
    1.7710000277e-01,    0.0000000000e+00,    1.7710000277e-01,    0.0000000000e+00,    1.7710000277e-01,    0.0000000000e+00,
    1.7819799483e-01,    0.0000000000e+00,    1.7819799483e-01,    0.0000000000e+00,    1.7819799483e-01,    0.0000000000e+00,
    1.7929999530e-01,    0.0000000000e+00,    1.7929999530e-01,    0.0000000000e+00,    1.7929999530e-01,    0.0000000000e+00,
    1.8039900064e-01,    0.0000000000e+00,    1.8039900064e-01,    0.0000000000e+00,    1.8039900064e-01,    0.0000000000e+00,
    1.8149800599e-01,    0.0000000000e+00,    1.8149800599e-01,    0.0000000000e+00,    1.8149800599e-01,    0.0000000000e+00,
    1.8259899318e-01,    0.0000000000e+00,    1.8259899318e-01,    0.0000000000e+00,    1.8259899318e-01,    0.0000000000e+00,
    1.8369999528e-01,    0.0000000000e+00,    1.8369999528e-01,    0.0000000000e+00,    1.8369999528e-01,    0.0000000000e+00,
    1.8479900062e-01,    0.0000000000e+00,    1.8479900062e-01,    0.0000000000e+00,    1.8479900062e-01,    0.0000000000e+00,
    1.8589800596e-01,    0.0000000000e+00,    1.8589800596e-01,    0.0000000000e+00,    1.8589800596e-01,    0.0000000000e+00,
    1.8700000644e-01,    0.0000000000e+00,    1.8700000644e-01,    0.0000000000e+00,    1.8700000644e-01,    0.0000000000e+00,
    1.8809899688e-01,    3.9809599173e-08,    1.8809899688e-01,    1.4209500514e-03,    1.8809899688e-01,   -8.6382499376e-07,
    1.8919800222e-01,    6.8715002044e-07,    1.8919800222e-01,    1.2923499569e-02,    1.8919800222e-01,   -5.9517901718e-06,
    1.9029900432e-01,    7.4104299586e-08,    1.9029900432e-01,    2.8036000207e-02,    1.9029900432e-01,    8.4695602709e-06,
    1.9139899313e-01,    7.1640897659e-07,    1.9139899313e-01,    4.6875100583e-02,    1.9139899313e-01,   -1.7424299585e-05,
    1.9249799848e-01,   -2.2449400205e-07,    1.9249799848e-01,    7.0328496397e-02,    1.9249799848e-01,   -3.0136599889e-05,
    1.9359900057e-01,   -8.2113302824e-07,    1.9359900057e-01,    9.7067497671e-02,    1.9359900057e-01,   -1.1625100342e-05,
    1.9469800591e-01,    3.1881000950e-07,    1.9469800591e-01,    1.3041999936e-01,    1.9469800591e-01,    5.8616999013e-05,
    1.9579899311e-01,    9.1206300112e-07,    1.9579899311e-01,    1.6643700004e-01,    1.9579899311e-01,   -6.4837399805e-06,
    1.9689899683e-01,    1.2578000224e-06,    1.9689899683e-01,    2.0653100312e-01,    1.9689899683e-01,   -1.2851700376e-05,
    1.9799999893e-01,    7.9621599980e-07,    1.9799999893e-01,    2.4665400386e-01,    1.9799999893e-01,    9.0372202976e-05,
    1.9909900427e-01,   -2.0585700895e-06,    1.9909900427e-01,    2.8825199604e-01,    1.9909900427e-01,    1.9202899421e-04,
    2.0019799471e-01,   -1.7051299892e-06,    2.0019799471e-01,    3.3600100875e-01,    2.0019799471e-01,    1.7285399372e-04,
    2.0129899681e-01,    1.1940600189e-06,    2.0129899681e-01,    3.8450598717e-01,    2.0129899681e-01,    1.1566699686e-04,
    2.0239900053e-01,    3.3089099816e-07,    2.0239900053e-01,    4.3712699413e-01,    2.0239900053e-01,    2.0090100588e-04,
    2.0350000262e-01,    1.0524800018e-06,    2.0350000262e-01,    4.9848800898e-01,    2.0350000262e-01,    3.4338599653e-04,
    2.0459899306e-01,   -1.2232600000e-07,    2.0459899306e-01,    5.6358098984e-01,    2.0459899306e-01,    2.3806000536e-04,
    2.0569999516e-01,   -1.1107099454e-06,    2.0569999516e-01,    6.3151299953e-01,    2.0569999516e-01,    2.0573500660e-04,
    2.0679900050e-01,   -9.1528399082e-08,    2.0679900050e-01,    7.0309102535e-01,    2.0679900050e-01,    3.2017499325e-04,
    2.0789800584e-01,    9.0879200343e-07,    2.0789800584e-01,    7.8936398029e-01,    2.0789800584e-01,    2.2909000108e-04,
    2.0900000632e-01,    1.4720800436e-06,    2.0900000632e-01,    8.8601398468e-01,    2.0900000632e-01,   -7.6512602391e-05,
    2.1009899676e-01,   -4.8944298214e-07,    2.1009899676e-01,    9.8492497206e-01,    2.1009899676e-01,    4.2734998715e-05,
    2.1119999886e-01,   -4.3626499746e-07,    2.1119999886e-01,    1.0917299986e+00,    2.1119999886e-01,   -3.0470400816e-04,
    2.1229800582e-01,   -2.5980600640e-06,    2.1229800582e-01,    1.1998200417e+00,    2.1229800582e-01,   -8.7559001986e-04,
    2.1339899302e-01,    6.9975902761e-07,    2.1339899302e-01,    1.3024899960e+00,    2.1339899302e-01,   -1.0495400056e-03,
    2.1449899673e-01,    2.9022799026e-06,    2.1449899673e-01,    1.4032800198e+00,    2.1449899673e-01,   -1.5394700458e-03,
    2.1559900045e-01,    1.2540399439e-06,    2.1559900045e-01,    1.4474400282e+00,    2.1559900045e-01,   -1.6282900469e-03,
    2.1670000255e-01,    4.2095998651e-06,    2.1670000255e-01,    1.5074100494e+00,    2.1670000255e-01,   -2.4346499704e-03,
    2.1779899299e-01,   -3.3789899589e-06,    2.1779899299e-01,    1.5984899998e+00,    2.1779899299e-01,   -2.5238199160e-03,
    2.1889799833e-01,   -2.7541000236e-06,    2.1889799833e-01,    1.6928800344e+00,    2.1889799833e-01,   -2.3763899226e-03,
    2.1999900043e-01,    4.3380000534e-06,    2.1999900043e-01,    1.7850999832e+00,    2.1999900043e-01,   -1.2123100460e-03,
    2.2109800577e-01,   -1.2026799823e-07,    2.2109800577e-01,    1.8521599770e+00,    2.2109800577e-01,    9.1958802659e-04,
    2.2219799459e-01,    5.7158499658e-06,    2.2219799459e-01,    1.8262599707e+00,    2.2219799459e-01,   -2.8754799860e-04,
    2.2329899669e-01,    9.5677296486e-06,    2.2329899669e-01,    1.9264999628e+00,    2.2329899669e-01,    2.5311400532e-04,
    2.2439800203e-01,   -2.1376700606e-03,    2.2439800203e-01,    2.0356900692e+00,    2.2439800203e-01,    1.3516800245e-03,
    2.2549900413e-01,   -2.1199600771e-02,    2.2549900413e-01,    2.0583899021e+00,    2.2549900413e-01,    3.1532798894e-03,
    2.2659899294e-01,   -2.1914599463e-02,    2.2659899294e-01,    2.1880199909e+00,    2.2659899294e-01,    2.9133500066e-03,
    2.2769899666e-01,   -3.7349101156e-02,    2.2769899666e-01,    2.2493898869e+00,    2.2769899666e-01,    3.1942098867e-03,
    2.2879800200e-01,   -4.5783299953e-02,    2.2879800200e-01,    2.3543500900e+00,    2.2879800200e-01,    3.2718800940e-03,
    2.2989900410e-01,   -4.7207601368e-02,    2.2989900410e-01,    2.4779999256e+00,    2.2989900410e-01,    2.9877999332e-03,
    2.3099899292e-01,   -5.2657198161e-02,    2.3099899292e-01,    2.6131498814e+00,    2.3099899292e-01,    2.1834198851e-03,
    2.3209799826e-01,   -5.2878998220e-02,    2.3209799826e-01,    2.7479500771e+00,    2.3209799826e-01,    1.9376500277e-03,
    2.3319800198e-01,   -5.1180198789e-02,    2.3319800198e-01,    2.8818600178e+00,    2.3319800198e-01,    2.0833599847e-03,
    2.3430000246e-01,   -5.1709398627e-02,    2.3430000246e-01,    3.0223600864e+00,    2.3430000246e-01,    2.3463899270e-03,
    2.3540000618e-01,   -5.3695499897e-02,    2.3540000618e-01,    3.1589999199e+00,    2.3540000618e-01,    2.0925099961e-03,
    2.3649799824e-01,   -5.7783499360e-02,    2.3649799824e-01,    3.2865200043e+00,    2.3649799824e-01,    3.6046700552e-03,
    2.3759999871e-01,   -5.9264399111e-02,    2.3759999871e-01,    3.4066898823e+00,    2.3759999871e-01,    1.5579500468e-03,
    2.3870000243e-01,   -6.1104599386e-02,    2.3870000243e-01,    3.5404000282e+00,    2.3870000243e-01,    1.4290800318e-03,
    2.3980000615e-01,   -5.9862799942e-02,    2.3980000615e-01,    3.6686100960e+00,    2.3980000615e-01,    2.6143400464e-03,
    2.4089799821e-01,   -6.2911100686e-02,    2.4089799821e-01,    3.7950699329e+00,    2.4089799821e-01,    2.4870699272e-03,
    2.4199900031e-01,   -6.5135300159e-02,    2.4199900031e-01,    3.9469900131e+00,    2.4199900031e-01,    1.3334399555e-03,
    2.4309900403e-01,   -6.6273503006e-02,    2.4309900403e-01,    4.1079998016e+00,    2.4309900403e-01,    3.3972901292e-04,
    2.4420000613e-01,   -7.3354296386e-02,    2.4420000613e-01,    4.2168698311e+00,    2.4420000613e-01,   -1.6495699529e-03,
    2.4529899657e-01,   -5.2679799497e-02,    2.4529899657e-01,    4.2643599510e+00,    2.4529899657e-01,   -8.1749801757e-04,
    2.4639800191e-01,   -4.2480401695e-02,    2.4639800191e-01,    4.3126301765e+00,    2.4639800191e-01,    5.2449097857e-03,
    2.4750000238e-01,   -4.6829901636e-02,    2.4750000238e-01,    4.4045200348e+00,    2.4750000238e-01,    3.4631099552e-03,
    2.4859899282e-01,   -4.7049898654e-02,    2.4859899282e-01,    4.5270299911e+00,    2.4859899282e-01,    5.4973000661e-03,
    2.4969899654e-01,   -3.3745501190e-02,    2.4969899654e-01,    4.6590900421e+00,    2.4969899654e-01,    5.4209302180e-03,
    2.5079798698e-01,   -2.1208299324e-02,    2.5079798698e-01,    4.7862701416e+00,    2.5079798698e-01,    6.8883402273e-03,
    2.5189799070e-01,   -2.1743599325e-02,    2.5189799070e-01,    4.8434000015e+00,    2.5189799070e-01,    6.0330298729e-03,
    2.5299900770e-01,   -2.7373200282e-02,    2.5299900770e-01,    4.8597798347e+00,    2.5299900770e-01,    7.9309800640e-03,
    2.5409799814e-01,   -2.9529400170e-02,    2.5409799814e-01,    4.9821701050e+00,    2.5409799814e-01,    6.7135198042e-03,
    2.5519800186e-01,   -1.3906899840e-02,    2.5519800186e-01,    5.1101498604e+00,    2.5519800186e-01,    7.9431403428e-03,
    2.5629800558e-01,   -1.1099699885e-02,    2.5629800558e-01,    5.2062001228e+00,    2.5629800558e-01,    1.0175200179e-02,
    2.5740000606e-01,   -1.9914399832e-02,    2.5740000606e-01,    5.3212199211e+00,    2.5740000606e-01,    8.7820198387e-03,
    2.5850000978e-01,   -3.1042899936e-02,    2.5850000978e-01,    5.4199099541e+00,    2.5850000978e-01,    8.1300297752e-03,
    2.5959900022e-01,   -3.4142799675e-02,    2.5959900022e-01,    5.4836702347e+00,    2.5959900022e-01,    8.8201696053e-03,
    2.6069900393e-01,   -2.1167699248e-02,    2.6069900393e-01,    5.6040802002e+00,    2.6069900393e-01,    3.4644899424e-03,
    2.6179900765e-01,   -1.3282000087e-02,    2.6179900765e-01,    5.7337598801e+00,    2.6179900765e-01,    3.1254999340e-03,
    2.6289901137e-01,   -2.1762300283e-02,    2.6289901137e-01,    5.8478097916e+00,    2.6289901137e-01,    3.6099099088e-03,
    2.6399800181e-01,   -4.1535299271e-02,    2.6399800181e-01,    5.9420900345e+00,    2.6399800181e-01,    2.9096000362e-03,
    2.6510000229e-01,   -3.1274601817e-02,    2.6510000229e-01,    6.0711598396e+00,    2.6510000229e-01,    5.1905000582e-03,
    2.6619800925e-01,   -1.4243099838e-02,    2.6619800925e-01,    6.1740698814e+00,    2.6619800925e-01,    5.0785201602e-03,
    2.6729899645e-01,   -2.0773099735e-02,    2.6729899645e-01,    6.2088398933e+00,    2.6729899645e-01,    6.6448599100e-03,
    2.6839900017e-01,   -4.7356400639e-02,    2.6839900017e-01,    6.3438401222e+00,    2.6839900017e-01,    6.5249297768e-03,
    2.6949900389e-01,   -5.3758099675e-02,    2.6949900389e-01,    6.4940500259e+00,    2.6949900389e-01,    7.2990199551e-03,
    2.7059999108e-01,   -3.6716599017e-02,    2.7059999108e-01,    6.6395201683e+00,    2.7059999108e-01,    2.6261999737e-03,
    2.7169999480e-01,   -2.9934799299e-02,    2.7169999480e-01,    6.7600297928e+00,    2.7169999480e-01,    1.0079100030e-03,
    2.7279999852e-01,   -4.5549198985e-02,    2.7279999852e-01,    6.8993201256e+00,    2.7279999852e-01,    2.5961699430e-03,
    2.7390000224e-01,   -6.6490799189e-02,    2.7390000224e-01,    7.0505599976e+00,    2.7390000224e-01,    5.8184601367e-03,
    2.7499800920e-01,   -5.7268500328e-02,    2.7499800920e-01,    7.1529197693e+00,    2.7499800920e-01,   -1.6713299556e-03,
    2.7609899640e-01,   -4.8569101840e-02,    2.7609899640e-01,    7.2893300056e+00,    2.7609899640e-01,    1.7443599645e-03,
    2.7719900012e-01,   -5.8893699199e-02,    2.7719900012e-01,    7.4117197990e+00,    2.7719900012e-01,   -1.3063499937e-03,
    2.7829998732e-01,   -8.2655802369e-02,    2.7829998732e-01,    7.4769902229e+00,    2.7829998732e-01,    3.0809598975e-03,
    2.7939999104e-01,   -8.0996498466e-02,    2.7939999104e-01,    7.4808602333e+00,    2.7939999104e-01,    1.4101499692e-02,
    2.8049999475e-01,   -6.9103397429e-02,    2.8049999475e-01,    7.5430397987e+00,    2.8049999475e-01,    1.1262499727e-02,
    2.8159898520e-01,   -5.6697599590e-02,    2.8159898520e-01,    7.6319398880e+00,    2.8159898520e-01,    8.5172699764e-03,
    2.8270000219e-01,   -6.3468001783e-02,    2.8270000219e-01,    7.7580599785e+00,    2.8270000219e-01,    1.0329199955e-02,
    2.8379800916e-01,   -7.2634898126e-02,    2.8379800916e-01,    7.9438600540e+00,    2.8379800916e-01,    1.2447499670e-02,
    2.8489899635e-01,   -6.5909802914e-02,    2.8489899635e-01,    8.1646099091e+00,    2.8489899635e-01,    1.2946600327e-03,
    2.8599900007e-01,   -5.1342498511e-02,    2.8599900007e-01,    8.3331499100e+00,    2.8599900007e-01,    1.2852400541e-03,
    2.8709998727e-01,   -5.4923299700e-02,    2.8709998727e-01,    8.4841299057e+00,    2.8709998727e-01,    7.2556902887e-04,
    2.8819900751e-01,   -7.4500203133e-02,    2.8819900751e-01,    8.6846199036e+00,    2.8819900751e-01,   -5.9067499824e-03,
    2.8929799795e-01,   -7.1960799396e-02,    2.8929799795e-01,    8.7840995789e+00,    2.8929799795e-01,   -6.4935800619e-03,
    2.9039999843e-01,   -6.2416400760e-02,    2.9039999843e-01,    8.7680597305e+00,    2.9039999843e-01,   -7.7809700742e-03,
    2.9149898887e-01,   -5.0389900804e-02,    2.9149898887e-01,    8.8041400909e+00,    2.9149898887e-01,   -1.6839100048e-02,
    2.9259899259e-01,   -4.2172499001e-02,    2.9259899259e-01,    8.9193696976e+00,    2.9259899259e-01,   -1.4808500186e-02,
    2.9369801283e-01,   -3.9551001042e-02,    2.9369801283e-01,    9.0330495834e+00,    2.9369801283e-01,   -1.1710399762e-02,
    2.9479900002e-01,   -4.1872501373e-02,    2.9479900002e-01,    9.0947704315e+00,    2.9479900002e-01,   -8.3317598328e-03,
    2.9589900374e-01,   -3.4594200552e-02,    2.9589900374e-01,    9.1936597824e+00,    2.9589900374e-01,   -1.4679499902e-02,
    2.9699900746e-01,   -1.8040899187e-02,    2.9699900746e-01,    9.3246898651e+00,    2.9699900746e-01,   -4.6748900786e-03,
    2.9809901118e-01,   -1.0854800232e-02,    2.9809901118e-01,    9.4008197784e+00,    2.9809901118e-01,    1.5325900167e-03,
    2.9919999838e-01,   -2.5956800207e-02,    2.9919999838e-01,    9.5333003998e+00,    2.9919999838e-01,   -3.5711000673e-03,
    3.0029800534e-01,   -2.4521300569e-02,    3.0029800534e-01,    9.6960296631e+00,    3.0029800534e-01,   -4.8746701214e-04,
    3.0139899254e-01,   -8.0813402310e-03,    3.0139899254e-01,    9.8163299561e+00,    3.0139899254e-01,   -9.4456499210e-04,
    3.0249899626e-01,   -4.1358098388e-03,    3.0249899626e-01,    9.8682298660e+00,    3.0249899626e-01,   -1.7326700035e-03,
    3.0359899998e-01,   -2.5282699615e-02,    3.0359899998e-01,    9.9238901138e+00,    3.0359899998e-01,    6.8583799293e-04,
    3.0469799042e-01,   -3.0145699158e-02,    3.0469799042e-01,    9.9689102173e+00,    3.0469799042e-01,    1.1574700475e-03,
    3.0579900742e-01,   -1.1622199789e-02,    3.0579900742e-01,    1.0044500351e+01,    3.0579900742e-01,   -4.0807900950e-03,
    3.0689799786e-01,   -6.6474000923e-03,    3.0689799786e-01,    1.0136199951e+01,    3.0689799786e-01,    4.5463599963e-04,
    3.0799901485e-01,   -1.0331000201e-02,    3.0799901485e-01,    1.0277600288e+01,    3.0799901485e-01,    7.8370003030e-03,
    3.0909898877e-01,   -1.6145700589e-02,    3.0909898877e-01,    1.0410200119e+01,    3.0909898877e-01,    1.1418100446e-02,
    3.1019899249e-01,   -2.8418300208e-03,    3.1019899249e-01,    1.0611599922e+01,    3.1019899249e-01,    1.2559800409e-02,
    3.1129899621e-01,    1.3890299946e-02,    3.1129899621e-01,    1.0814100266e+01,    3.1129899621e-01,    7.9167196527e-03,
    3.1239798665e-01,    1.8481300212e-03,    3.1239798665e-01,    1.0969699860e+01,    3.1239798665e-01,    3.9441902190e-03,
    3.1349900365e-01,   -9.1036399826e-03,    3.1349900365e-01,    1.1079799652e+01,    3.1349900365e-01,    3.0163999181e-03,
    3.1459999084e-01,   -3.1792400405e-03,    3.1459999084e-01,    1.1302300453e+01,    3.1459999084e-01,   -2.5947999675e-03,
    3.1569901109e-01,    1.0191299953e-02,    3.1569901109e-01,    1.1465800285e+01,    3.1569901109e-01,   -1.6859699972e-03,
    3.1679901481e-01,    7.8953299671e-03,    3.1679901481e-01,    1.1572600365e+01,    3.1679901481e-01,   -1.1856700294e-02,
    3.1789898872e-01,   -7.8306803480e-03,    3.1789898872e-01,    1.1702599525e+01,    3.1789898872e-01,   -1.2322300114e-02,
    3.1899800897e-01,   -4.9416702241e-03,    3.1899800897e-01,    1.1835900307e+01,    3.1899800897e-01,   -1.7187200487e-02,
    3.2009899616e-01,    1.0849099606e-02,    3.2009899616e-01,    1.1973799706e+01,    3.2009899616e-01,   -1.2777900323e-02,
    3.2120001316e-01,    1.4852100052e-02,    3.2120001316e-01,    1.2104999542e+01,    3.2120001316e-01,   -1.5883199871e-02,
    3.2229900360e-01,   -1.3548700372e-03,    3.2229900360e-01,    1.2178500175e+01,    3.2229900360e-01,   -1.9777100533e-02,
    3.2339799404e-01,   -6.3453097828e-03,    3.2339799404e-01,    1.2307600021e+01,    3.2339799404e-01,   -2.0298000425e-02,
    3.2449901104e-01,    7.9764798284e-03,    3.2449901104e-01,    1.2512499809e+01,    3.2449901104e-01,   -1.6100199893e-02,
    3.2559800148e-01,    9.9427299574e-03,    3.2559800148e-01,    1.2682399750e+01,    3.2559800148e-01,   -2.2665100172e-02,
    3.2669898868e-01,    3.5854899324e-03,    3.2669898868e-01,    1.2857000351e+01,    3.2669898868e-01,   -2.0154900849e-02,
    3.2779899240e-01,    1.5492900275e-03,    3.2779899240e-01,    1.3012700081e+01,    3.2779899240e-01,   -1.5135999769e-02,
    3.2889899611e-01,    1.8203400075e-02,    3.2889899611e-01,    1.3129099846e+01,    3.2889899611e-01,   -1.7938399687e-02,
    3.2999899983e-01,    2.6308799163e-02,    3.2999899983e-01,    1.3260199547e+01,    3.2999899983e-01,   -2.5022899732e-02,
    3.3109998703e-01,    2.2717999294e-02,    3.3109998703e-01,    1.3387499809e+01,    3.3109998703e-01,   -1.7524499446e-02,
    3.3219900727e-01,    1.9640799612e-02,    3.3219900727e-01,    1.3521300316e+01,    3.3219900727e-01,   -1.5639800578e-02,
    3.3329999447e-01,    2.3639699444e-02,    3.3329999447e-01,    1.3576899529e+01,    3.3329999447e-01,   -1.5104399994e-02,
    3.3439901471e-01,    2.7370700613e-02,    3.3439901471e-01,    1.3726699829e+01,    3.3439901471e-01,   -1.6603499651e-02,
    3.3549898863e-01,    2.5324499235e-02,    3.3549898863e-01,    1.3821499825e+01,    3.3549898863e-01,   -2.4821300060e-02,
    3.3659899235e-01,    2.4949099869e-02,    3.3659899235e-01,    1.3953000069e+01,    3.3659899235e-01,   -2.2694800049e-02,
    3.3769899607e-01,    3.7704300135e-02,    3.3769899607e-01,    1.4200699806e+01,    3.3769899607e-01,   -1.5762200579e-02,
    3.3879899979e-01,    3.2114401460e-02,    3.3879899979e-01,    1.4343500137e+01,    3.3879899979e-01,   -8.1081204116e-03,
    3.3989900351e-01,    3.2278601080e-02,    3.3989900351e-01,    1.4435000420e+01,    3.3989900351e-01,   -1.1874199845e-02,
    3.4099999070e-01,    3.9737101644e-02,    3.4099999070e-01,    1.4540200233e+01,    3.4099999070e-01,   -9.0859103948e-03,
    3.4209901094e-01,    4.7433301806e-02,    3.4209901094e-01,    1.4709699631e+01,    3.4209901094e-01,   -1.1043899693e-02,
    3.4319901466e-01,    3.8816001266e-02,    3.4319901466e-01,    1.4848500252e+01,    3.4319901466e-01,   -1.0949400254e-02,
    3.4429898858e-01,    3.9858799428e-02,    3.4429898858e-01,    1.5058899879e+01,    3.4429898858e-01,   -3.7733700592e-03,
    3.4539899230e-01,    6.2770500779e-02,    3.4539899230e-01,    1.5279899597e+01,    3.4539899230e-01,   -1.3432400301e-02,
    3.4649899602e-01,    7.7298499644e-02,    3.4649899602e-01,    1.5539400101e+01,    3.4649899602e-01,   -5.3585800342e-03,
    3.4759899974e-01,    5.9020701796e-02,    3.4759899974e-01,    1.5669599533e+01,    3.4759899974e-01,    2.4630799890e-03,
    3.4869900346e-01,    4.5382600278e-02,    3.4869900346e-01,    1.5913599968e+01,    3.4869900346e-01,   -6.8968101405e-03,
    3.4979900718e-01,    5.5909499526e-02,    3.4979900718e-01,    1.6177499771e+01,    3.4979900718e-01,   -8.7651703507e-03,
    3.5089999437e-01,    8.6251199245e-02,    3.5089999437e-01,    1.6364299774e+01,    3.5089999437e-01,   -5.5689099245e-03,
    3.5199999809e-01,    7.1521602571e-02,    3.5199999809e-01,    1.6532800674e+01,    3.5199999809e-01,   -7.7197903011e-05,
    3.5309898853e-01,    4.3155498803e-02,    3.5309898853e-01,    1.6790899277e+01,    3.5309898853e-01,   -5.0368001685e-03,
    3.5420000553e-01,    5.0432901829e-02,    3.5420000553e-01,    1.6990999222e+01,    3.5420000553e-01,   -5.0363698974e-03,
    3.5530000925e-01,    6.8491198123e-02,    3.5530000925e-01,    1.7077299118e+01,    3.5530000925e-01,   -5.7568401098e-03,
    3.5640001297e-01,    3.1534899026e-02,    3.5640001297e-01,    1.7141899109e+01,    3.5640001297e-01,    3.5939000081e-03,
    3.5749900341e-01,   -1.3232599944e-02,    3.5749900341e-01,    1.7247299194e+01,    3.5749900341e-01,    1.0912399739e-02,
    3.5859799385e-01,   -1.4310799539e-02,    3.5859799385e-01,    1.7277399063e+01,    3.5859799385e-01,    1.0540699586e-02,
    3.5969799757e-01,   -1.7806600779e-02,    3.5969799757e-01,    1.7326799393e+01,    3.5969799757e-01,    1.1344900355e-02,
    3.6079901457e-01,   -4.6888001263e-02,    3.6079901457e-01,    1.7483900070e+01,    3.6079901457e-01,    1.1509399861e-02,
    3.6189898849e-01,   -6.9093503058e-02,    3.6189898849e-01,    1.7637199402e+01,    3.6189898849e-01,    1.8177300692e-02,
    3.6300000548e-01,   -6.5472900867e-02,    3.6300000548e-01,    1.7815200806e+01,    3.6300000548e-01,    1.8394799903e-02,
    3.6409899592e-01,   -4.9901101738e-02,    3.6409899592e-01,    1.8111400604e+01,    3.6409899592e-01,    2.1676899865e-02,
    3.6519899964e-01,   -6.4470402896e-02,    3.6519899964e-01,    1.8364500046e+01,    3.6519899964e-01,    7.6567498036e-03,
    3.6629900336e-01,   -9.1172799468e-02,    3.6629900336e-01,    1.8488399506e+01,    3.6629900336e-01,    1.7686100677e-02,
    3.6739999056e-01,   -9.1357901692e-02,    3.6739999056e-01,    1.8703800201e+01,    3.6739999056e-01,    2.6250099763e-02,
    3.6849901080e-01,   -8.1656299531e-02,    3.6849901080e-01,    1.8940700531e+01,    3.6849901080e-01,    1.4723000117e-02,
    3.6959800124e-01,   -9.5014199615e-02,    3.6959800124e-01,    1.8991899490e+01,    3.6959800124e-01,    1.7960900441e-02,
    3.7069898844e-01,   -1.0288800299e-01,    3.7069898844e-01,    1.9057100296e+01,    3.7069898844e-01,    1.4118899591e-02,
    3.7180000544e-01,   -1.0108599812e-01,    3.7180000544e-01,    1.9211200714e+01,    3.7180000544e-01,    8.9312195778e-03,
    3.7290000916e-01,   -7.8245297074e-02,    3.7290000916e-01,    1.9334999084e+01,    3.7290000916e-01,    1.8076499924e-02,
    3.7400001287e-01,   -6.2177900225e-02,    3.7400001287e-01,    1.9483400345e+01,    3.7400001287e-01,    1.8523899838e-02,
    3.7509900331e-01,   -7.6539002359e-02,    3.7509900331e-01,    1.9632200241e+01,    3.7509900331e-01,    1.2288199738e-02,
    3.7619900703e-01,   -5.8636900038e-02,    3.7619900703e-01,    1.9816299438e+01,    3.7619900703e-01,    1.3922500424e-02,
    3.7729901075e-01,   -3.5054698586e-02,    3.7729901075e-01,    1.9993799210e+01,    3.7729901075e-01,    9.2595098540e-03,
    3.7839901447e-01,   -4.4146399945e-02,    3.7839901447e-01,    2.0239400864e+01,    3.7839901447e-01,   -3.9308499545e-03,
    3.7949800491e-01,   -2.5348899886e-02,    3.7949800491e-01,    2.0584800720e+01,    3.7949800491e-01,   -1.0752700269e-02,
    3.8059899211e-01,   -2.8582399711e-02,    3.8059899211e-01,    2.0912300110e+01,    3.8059899211e-01,   -5.9116799384e-03,
    3.8169899583e-01,   -3.4252900630e-02,    3.8169899583e-01,    2.1247200012e+01,    3.8169899583e-01,   -5.1645198837e-03,
    3.8279899955e-01,   -3.6566898227e-02,    3.8279899955e-01,    2.1644800186e+01,    3.8279899955e-01,   -6.8907202221e-03,
    3.8389900327e-01,   -3.4552700818e-02,    3.8389900327e-01,    2.1954500198e+01,    3.8389900327e-01,   -9.5476000570e-04,
    3.8499999046e-01,   -4.3131798506e-02,    3.8499999046e-01,    2.2270200729e+01,    3.8499999046e-01,   -1.9582500681e-02,
    3.8609999418e-01,   -1.7565399408e-02,    3.8609999418e-01,    2.2701999664e+01,    3.8609999418e-01,   -2.5207900908e-03,
    3.8719901443e-01,   -3.3273700625e-02,    3.8719901443e-01,    2.3016000748e+01,    3.8719901443e-01,    4.5634401031e-03,
    3.8829800487e-01,   -4.7637801617e-02,    3.8829800487e-01,    2.3201400757e+01,    3.8829800487e-01,   -4.7822999768e-03,
    3.8939899206e-01,   -7.1151800454e-02,    3.8939899206e-01,    2.3338300705e+01,    3.8939899206e-01,    1.4753900468e-03,
    3.9050000906e-01,   -7.2493299842e-02,    3.9050000906e-01,    2.3550100327e+01,    3.9050000906e-01,    9.4958804548e-03,
    3.9159899950e-01,   -8.5280299187e-02,    3.9159899950e-01,    2.3840299606e+01,    3.9159899950e-01,    4.4420701452e-03,
    3.9269998670e-01,   -1.0400100052e-01,    3.9269998670e-01,    2.4024900436e+01,    3.9269998670e-01,   -7.0368000306e-03,
    3.9379900694e-01,   -1.0400599986e-01,    3.9379900694e-01,    2.4169099808e+01,    3.9379900694e-01,    1.2455400079e-02,
    3.9489901066e-01,   -9.9319003522e-02,    3.9489901066e-01,    2.4413799286e+01,    3.9489901066e-01,   -1.7155300826e-02,
    3.9599901438e-01,   -1.4264599979e-01,    3.9599901438e-01,    2.4643299103e+01,    3.9599901438e-01,   -1.9809499383e-02,
    3.9710000157e-01,   -1.7395099998e-01,    3.9710000157e-01,    2.4676599503e+01,    3.9710000157e-01,    5.1863398403e-03,
    3.9820000529e-01,   -1.7655499279e-01,    3.9820000529e-01,    2.4874500275e+01,    3.9820000529e-01,   -1.8918599933e-02,
    3.9929801226e-01,   -1.5837599337e-01,    3.9929801226e-01,    2.5162700653e+01,    3.9929801226e-01,   -1.7365299165e-02,
    4.0039798617e-01,   -1.8986499310e-01,    4.0039798617e-01,    2.5312299728e+01,    4.0039798617e-01,   -4.5703700744e-03,
    4.0149998665e-01,   -2.1234099567e-01,    4.0149998665e-01,    2.5441299438e+01,    4.0149998665e-01,    5.8069098741e-03,
    4.0259900689e-01,   -1.9259800017e-01,    4.0259900689e-01,    2.5664800644e+01,    4.0259900689e-01,   -4.9477198627e-04,
    4.0369901061e-01,   -2.1331100166e-01,    4.0369901061e-01,    2.5631500244e+01,    4.0369901061e-01,    1.9978800789e-02,
    4.0479901433e-01,   -2.5336501002e-01,    4.0479901433e-01,    2.5404800415e+01,    4.0479901433e-01,    1.0349499993e-02,
    4.0589898825e-01,   -2.3832100630e-01,    4.0589898825e-01,    2.5344499588e+01,    4.0589898825e-01,    1.3431100175e-02,
    4.0700000525e-01,   -2.4268500507e-01,    4.0700000525e-01,    2.5320199966e+01,    4.0700000525e-01,    2.7544900775e-02,
    4.0809899569e-01,   -2.7329498529e-01,    4.0809899569e-01,    2.5277700424e+01,    4.0809899569e-01,    2.6815600693e-02,
    4.0919899940e-01,   -2.6137399673e-01,    4.0919899940e-01,    2.5496200562e+01,    4.0919899940e-01,    2.1319299936e-02,
    4.1029900312e-01,   -2.4558800459e-01,    4.1029900312e-01,    2.5722999573e+01,    4.1029900312e-01,    1.5759099275e-02,
    4.1139999032e-01,   -2.4567799270e-01,    4.1139999032e-01,    2.5810100555e+01,    4.1139999032e-01,    2.9736300930e-02,
    4.1249901056e-01,   -2.8136900067e-01,    4.1249901056e-01,    2.5898000717e+01,    4.1249901056e-01,    1.8551399931e-02,
    4.1359999776e-01,   -2.5795400143e-01,    4.1359999776e-01,    2.6072500229e+01,    4.1359999776e-01,    2.9652699828e-02,
    4.1469898820e-01,   -2.4260500073e-01,    4.1469898820e-01,    2.6264600754e+01,    4.1469898820e-01,    8.3585996181e-03,
    4.1579800844e-01,   -2.6175200939e-01,    4.1579800844e-01,    2.6168199539e+01,    4.1579800844e-01,    1.5301199630e-02,
    4.1689899564e-01,   -2.7084401250e-01,    4.1689899564e-01,    2.6117599487e+01,    4.1689899564e-01,    4.7916898620e-04,
    4.1799798608e-01,   -2.4611699581e-01,    4.1799798608e-01,    2.5978300095e+01,    4.1799798608e-01,    7.7123302035e-03,
    4.1909900308e-01,   -1.8908199668e-01,    4.1909900308e-01,    2.5856399536e+01,    4.1909900308e-01,    5.7568500051e-04,
    4.2019900680e-01,   -1.9262899458e-01,    4.2019900680e-01,    2.5966100693e+01,    4.2019900680e-01,   -1.3722600415e-02,
    4.2129999399e-01,   -1.9852299988e-01,    4.2129999399e-01,    2.6143100739e+01,    4.2129999399e-01,   -1.3480500318e-02,
    4.2239901423e-01,   -1.6125200689e-01,    4.2239901423e-01,    2.6030899048e+01,    4.2239901423e-01,   -3.9713401347e-03,
    4.2349898815e-01,   -1.2936800718e-01,    4.2349898815e-01,    2.5932600021e+01,    4.2349898815e-01,   -7.6069398783e-03,
    4.2460000515e-01,   -1.4511300623e-01,    4.2460000515e-01,    2.6000299454e+01,    4.2460000515e-01,   -3.3451400697e-02,
    4.2570000887e-01,   -1.2352400273e-01,    4.2570000887e-01,    2.6085399628e+01,    4.2570000887e-01,    5.1145302132e-03,
    4.2679899931e-01,   -8.6564600468e-02,    4.2679899931e-01,    2.6051900864e+01,    4.2679899931e-01,   -1.5086400323e-02,
    4.2789998651e-01,   -5.0514899194e-02,    4.2789998651e-01,    2.6117300034e+01,    4.2789998651e-01,   -4.9537499435e-03,
    4.2899999022e-01,   -6.0869399458e-02,    4.2899999022e-01,    2.6176300049e+01,    4.2899999022e-01,    8.7679699063e-03,
    4.3009901047e-01,   -6.4718097448e-02,    4.3009901047e-01,    2.6145799637e+01,    4.3009901047e-01,   -2.4419000838e-03,
    4.3119999766e-01,   -2.4305900559e-02,    4.3119999766e-01,    2.5971599579e+01,    4.3119999766e-01,   -6.5603698604e-03,
    4.3229800463e-01,   -2.3812599480e-02,    4.3229800463e-01,    2.6042800903e+01,    4.3229800463e-01,    2.5601899251e-03,
    4.3339899182e-01,   -8.2157000899e-02,    4.3339899182e-01,    2.6329000473e+01,    4.3339899182e-01,    2.0266999491e-03,
    4.3450000882e-01,   -4.7477301210e-02,    4.3450000882e-01,    2.6404300690e+01,    4.3450000882e-01,   -2.8650600463e-02,
    4.3559899926e-01,   -2.5041000918e-02,    4.3559899926e-01,    2.6600799561e+01,    4.3559899926e-01,   -3.8326799404e-03,
    4.3669900298e-01,   -1.9920099527e-02,    4.3669900298e-01,    2.6559600830e+01,    4.3669900298e-01,   -5.1847598515e-03,
    4.3779799342e-01,   -2.3158300668e-02,    4.3779799342e-01,    2.6440700531e+01,    4.3779799342e-01,   -9.0062199160e-03,
    4.3889901042e-01,   -7.8196199611e-03,    4.3889901042e-01,    2.6529300690e+01,    4.3889901042e-01,    1.3989999890e-02,
    4.3999800086e-01,    2.2133599967e-02,    4.3999800086e-01,    2.6819200516e+01,    4.3999800086e-01,    2.1038800478e-02,
    4.4110000134e-01,    2.0374100655e-02,    4.4110000134e-01,    2.6975000381e+01,    4.4110000134e-01,   -9.7009800375e-03,
    4.4219800830e-01,    9.2034498230e-03,    4.4219800830e-01,    2.6975599289e+01,    4.4219800830e-01,    2.2943299264e-02,
    4.4329899549e-01,    2.0900800824e-02,    4.4329899549e-01,    2.7132299423e+01,    4.4329899549e-01,    1.8909099745e-03,
    4.4439798594e-01,    2.1498499438e-02,    4.4439798594e-01,    2.7238599777e+01,    4.4439798594e-01,   -2.7053400874e-02,
    4.4549900293e-01,   -1.1955000460e-02,    4.4549900293e-01,    2.7370500565e+01,    4.4549900293e-01,    8.0212801695e-03,
    4.4659900665e-01,    1.4601499774e-02,    4.4659900665e-01,    2.7336500168e+01,    4.4659900665e-01,   -1.6692999750e-02,
    4.4769901037e-01,   -2.1253300831e-02,    4.4769901037e-01,    2.7346900940e+01,    4.4769901037e-01,   -3.7153299898e-02,
    4.4879901409e-01,   -1.5285599977e-02,    4.4879901409e-01,    2.7508499146e+01,    4.4879901409e-01,   -1.8730900483e-03,
    4.4990000129e-01,   -3.8706701249e-02,    4.4990000129e-01,    2.7661199570e+01,    4.4990000129e-01,   -2.9227200896e-02,
    4.5100000501e-01,   -3.6685198545e-02,    4.5100000501e-01,    2.7947000504e+01,    4.5100000501e-01,   -1.9106399268e-02,
    4.5210000873e-01,   -5.4697100073e-02,    4.5210000873e-01,    2.7952800751e+01,    4.5210000873e-01,   -1.0135100223e-02,
    4.5319798589e-01,   -7.0074200630e-02,    4.5319798589e-01,    2.7818599701e+01,    4.5319798589e-01,   -4.7977399081e-03,
    4.5429998636e-01,   -1.0177800059e-01,    4.5429998636e-01,    2.7722400665e+01,    4.5429998636e-01,   -1.6011100262e-02,
    4.5539900661e-01,   -8.7305203080e-02,    4.5539900661e-01,    2.7815599442e+01,    4.5539900661e-01,   -1.4997499995e-02,
    4.5649999380e-01,   -6.6932298243e-02,    4.5649999380e-01,    2.7918100357e+01,    4.5649999380e-01,   -1.4445399866e-02,
    4.5759999752e-01,   -9.6271201968e-02,    4.5759999752e-01,    2.8088300705e+01,    4.5759999752e-01,   -3.8679998368e-02,
    4.5870000124e-01,   -9.0522296727e-02,    4.5870000124e-01,    2.8356199265e+01,    4.5870000124e-01,   -4.3622199446e-02,
    4.5980000496e-01,   -5.0060700625e-02,    4.5980000496e-01,    2.8538600922e+01,    4.5980000496e-01,   -3.3393099904e-02,
    4.6089801192e-01,   -6.2218699604e-02,    4.6089801192e-01,    2.8707799911e+01,    4.6089801192e-01,   -6.5776802599e-02,
    4.6199899912e-01,   -7.8806102276e-02,    4.6199899912e-01,    2.9104299545e+01,    4.6199899912e-01,   -3.4277398139e-02,
    4.6309900284e-01,   -8.6198203266e-02,    4.6309900284e-01,    2.9472499847e+01,    4.6309900284e-01,   -5.0093099475e-02,
    4.6419900656e-01,   -9.0471200645e-02,    4.6419900656e-01,    2.9874000549e+01,    4.6419900656e-01,   -5.2213899791e-02,
    4.6529799700e-01,   -1.2100700289e-01,    4.6529799700e-01,    3.0379699707e+01,    4.6529799700e-01,   -5.6446101516e-02,
    4.6639901400e-01,   -1.4344599843e-01,    4.6639901400e-01,    3.0987199783e+01,    4.6639901400e-01,   -3.3231299371e-02,
    4.6749898791e-01,   -1.5063600242e-01,    4.6749898791e-01,    3.1408500671e+01,    4.6749898791e-01,   -5.8910101652e-02,
    4.6859899163e-01,   -2.0038999617e-01,    4.6859899163e-01,    3.1841899872e+01,    4.6859899163e-01,   -3.0407899991e-02,
    4.6969899535e-01,   -2.1417699754e-01,    4.6969899535e-01,    3.2399501801e+01,    4.6969899535e-01,   -3.7343498319e-02,
    4.7079899907e-01,   -2.2228999436e-01,    4.7079899907e-01,    3.2806098938e+01,    4.7079899907e-01,   -3.7978000939e-02,
    4.7189998627e-01,   -2.4842600524e-01,    4.7189998627e-01,    3.3076301575e+01,    4.7189998627e-01,   -3.3056199551e-02,
    4.7299900651e-01,   -2.7033001184e-01,    4.7299900651e-01,    3.3698501587e+01,    4.7299900651e-01,   -1.4453900047e-02,
    4.7409999371e-01,   -2.6843500137e-01,    4.7409999371e-01,    3.4296398163e+01,    4.7409999371e-01,   -3.7877198309e-02,
    4.7519800067e-01,   -2.9909899831e-01,    4.7519800067e-01,    3.4601299286e+01,    4.7519800067e-01,   -2.0140800625e-02,
    4.7630000114e-01,   -3.1202301383e-01,    4.7630000114e-01,    3.4972801208e+01,    4.7630000114e-01,   -1.1554899625e-02,
    4.7740000486e-01,   -3.1613200903e-01,    4.7740000486e-01,    3.5463199615e+01,    4.7740000486e-01,   -2.2309299558e-02,
    4.7849899530e-01,   -2.9290398955e-01,    4.7849899530e-01,    3.5679599762e+01,    4.7849899530e-01,   -1.5818400308e-02,
    4.7960001230e-01,   -3.3060601354e-01,    4.7960001230e-01,    3.5886901855e+01,    4.7960001230e-01,   -1.9280500710e-02,
    4.8069900274e-01,   -3.6433801055e-01,    4.8069900274e-01,    3.5745300293e+01,    4.8069900274e-01,   -2.9552999884e-02,
    4.8179799318e-01,   -3.6131501198e-01,    4.8179799318e-01,    3.5601501465e+01,    4.8179799318e-01,   -2.2000800818e-02,
    4.8289901018e-01,   -3.5966101289e-01,    4.8289901018e-01,    3.5314498901e+01,    4.8289901018e-01,   -2.7423499152e-02,
    4.8399999738e-01,   -3.9032599330e-01,    4.8399999738e-01,    3.5103199005e+01,    4.8399999738e-01,   -3.6711201072e-02,
    4.8510000110e-01,   -3.4026300907e-01,    4.8510000110e-01,    3.5192699432e+01,    4.8510000110e-01,   -5.7939499617e-02,
    4.8619899154e-01,   -3.1706300378e-01,    4.8619899154e-01,    3.5222801208e+01,    4.8619899154e-01,    1.7782300711e-02,
    4.8730000854e-01,   -2.5619301200e-01,    4.8730000854e-01,    3.5621700287e+01,    4.8730000854e-01,    1.7397899181e-02,
    4.8839899898e-01,   -2.7784100175e-01,    4.8839899898e-01,    3.6092899323e+01,    4.8839899898e-01,   -1.0557400063e-02,
    4.8949998617e-01,   -2.4940699339e-01,    4.8949998617e-01,    3.6387199402e+01,    4.8949998617e-01,    1.2251099572e-02,
    4.9059998989e-01,   -2.2873200476e-01,    4.9059998989e-01,    3.6513301849e+01,    4.9059998989e-01,   -1.7760200426e-02,
    4.9169799685e-01,   -2.4311600626e-01,    4.9169799685e-01,    3.7002700806e+01,    4.9169799685e-01,   -8.5057001561e-03,
    4.9279901385e-01,   -2.6565501094e-01,    4.9279901385e-01,    3.7477901459e+01,    4.9279901385e-01,   -2.3861599620e-03,
    4.9389898777e-01,   -2.3724600673e-01,    4.9389898777e-01,    3.7705898285e+01,    4.9389898777e-01,   -4.8946798779e-03,
    4.9499899149e-01,   -2.0786699653e-01,    4.9499899149e-01,    3.7945701599e+01,    4.9499899149e-01,   -1.9058100879e-02,
    4.9609801173e-01,   -2.5803700089e-01,    4.9609801173e-01,    3.8379001617e+01,    4.9609801173e-01,    1.6884699464e-02,
    4.9720001221e-01,   -2.4662899971e-01,    4.9720001221e-01,    3.8721599579e+01,    4.9720001221e-01,    2.7902899310e-02,
    4.9829998612e-01,   -2.2867800295e-01,    4.9829998612e-01,    3.8966598511e+01,    4.9829998612e-01,   -2.9298400506e-02,
    4.9939900637e-01,   -2.2194799781e-01,    4.9939900637e-01,    3.9484600067e+01,    4.9939900637e-01,    1.1053700000e-02,
    5.0049901009e-01,   -2.2221399844e-01,    5.0049901009e-01,    3.9662101746e+01,    5.0049901009e-01,    9.4875402283e-04,
    5.0159901381e-01,   -2.1193000674e-01,    5.0159901381e-01,    3.9980598450e+01,    5.0159901381e-01,   -1.3423799537e-02,
    5.0269800425e-01,   -1.7060700059e-01,    5.0269800425e-01,    4.0354900360e+01,    5.0269800425e-01,    1.0318700224e-02,
    5.0379902124e-01,   -1.5411800146e-01,    5.0379902124e-01,    4.0598598480e+01,    5.0379902124e-01,   -3.3500801772e-02,
    5.0489902496e-01,   -1.6866999865e-01,    5.0489902496e-01,    4.0522399902e+01,    5.0489902496e-01,   -5.8243200183e-02,
    5.0599902868e-01,   -1.7326599360e-01,    5.0599902868e-01,    4.0631401062e+01,    5.0599902868e-01,   -3.1051399186e-02,
    5.0709801912e-01,   -1.7048799992e-01,    5.0709801912e-01,    4.1052299500e+01,    5.0709801912e-01,    3.7613799796e-03,
    5.0819897652e-01,   -2.0031900704e-01,    5.0819897652e-01,    4.1034400940e+01,    5.0819897652e-01,   -8.5992999375e-02,
    5.0929898024e-01,   -2.4473200738e-01,    5.0929898024e-01,    4.0904300690e+01,    5.0929898024e-01,   -4.5550901443e-02,
    5.1039898396e-01,   -2.6092499495e-01,    5.1039898396e-01,    4.0871898651e+01,    5.1039898396e-01,   -4.6318300068e-02,
    5.1150000095e-01,   -2.6491299272e-01,    5.1150000095e-01,    4.0848098755e+01,    5.1150000095e-01,   -1.1153600365e-01,
    5.1260000467e-01,   -2.4424199760e-01,    5.1260000467e-01,    4.0674701691e+01,    5.1260000467e-01,   -2.7896499261e-02,
    5.1369798183e-01,   -2.9571101069e-01,    5.1369798183e-01,    4.0849399567e+01,    5.1369798183e-01,   -5.8754000813e-02,
    5.1480001211e-01,   -2.7450901270e-01,    5.1480001211e-01,    4.0879001617e+01,    5.1480001211e-01,   -1.0351800174e-01,
    5.1590001583e-01,   -2.4435000122e-01,    5.1590001583e-01,    4.0834400177e+01,    5.1590001583e-01,   -5.3397998214e-02,
    5.1699900627e-01,   -2.1479199827e-01,    5.1699900627e-01,    4.0904399872e+01,    5.1699900627e-01,    7.2033498436e-03,
    5.1809900999e-01,   -2.3782800138e-01,    5.1809900999e-01,    4.1130298615e+01,    5.1809900999e-01,   -6.2418699265e-02,
    5.1919901371e-01,   -2.2804999352e-01,    5.1919901371e-01,    4.1199199677e+01,    5.1919901371e-01,   -2.3778000847e-02,
    5.2029901743e-01,   -1.9519899786e-01,    5.2029901743e-01,    4.1171901703e+01,    5.2029901743e-01,    2.1291499957e-02,
    5.2139800787e-01,   -1.6334199905e-01,    5.2139800787e-01,    4.1311599731e+01,    5.2139800787e-01,   -5.4931499064e-02,
    5.2249902487e-01,   -2.0362199843e-01,    5.2249902487e-01,    4.1368198395e+01,    5.2249902487e-01,    1.0390800424e-02,
    5.2359998226e-01,   -1.7583400011e-01,    5.2359998226e-01,    4.1067100525e+01,    5.2359998226e-01,    2.3788200691e-02,
    5.2469897270e-01,   -1.1340700090e-01,    5.2469897270e-01,    4.1064498901e+01,    5.2469897270e-01,   -3.9996299893e-02,
    5.2579998970e-01,   -1.3118299842e-01,    5.2579998970e-01,    4.1178398132e+01,    5.2579998970e-01,    4.1199801490e-03,
    5.2689898014e-01,   -1.6481100023e-01,    5.2689898014e-01,    4.0918701172e+01,    5.2689898014e-01,    5.3092099726e-02,
    5.2799898386e-01,   -9.2021502554e-02,    5.2799898386e-01,    4.0599800110e+01,    5.2799898386e-01,    2.3245499469e-03,
    5.2909898758e-01,   -6.4346198924e-03,    5.2909898758e-01,    4.0512798309e+01,    5.2909898758e-01,    4.1453901678e-02,
    5.3019899130e-01,   -2.4679200724e-02,    5.3019899130e-01,    4.0189701080e+01,    5.3019899130e-01,    7.5814900920e-03,
    5.3129798174e-01,   -1.4378800057e-02,    5.3129798174e-01,    3.9718898773e+01,    5.3129798174e-01,   -1.6169499606e-02,
    5.3239798546e-01,    1.0824999958e-01,    5.3239798546e-01,    3.9721500397e+01,    5.3239798546e-01,   -9.6308800858e-04,
    5.3350001574e-01,    1.3017199934e-01,    5.3350001574e-01,    3.9635200500e+01,    5.3350001574e-01,    1.1808999814e-02,
    5.3459799290e-01,    1.4611700177e-01,    5.3459799290e-01,    3.8975101471e+01,    5.3459799290e-01,   -2.6116900146e-02,
    5.3569900990e-01,    2.2423900664e-01,    5.3569900990e-01,    3.7980201721e+01,    5.3569900990e-01,   -2.7696599718e-03,
    5.3680002689e-01,    3.0370199680e-01,    5.3680002689e-01,    3.7409198761e+01,    5.3680002689e-01,    3.9529301226e-02,
    5.3789800406e-01,    2.5124201179e-01,    5.3789800406e-01,    3.7136901855e+01,    5.3789800406e-01,   -1.8514299765e-02,
    5.3899997473e-01,    2.7045398951e-01,    5.3899997473e-01,    3.7050300598e+01,    5.3899997473e-01,    7.8349601245e-04,
    5.4009902477e-01,    3.6566799879e-01,    5.4009902477e-01,    3.7053001404e+01,    5.4009902477e-01,    1.4963000081e-02,
    5.4119998217e-01,    3.5177999735e-01,    5.4119998217e-01,    3.6942100525e+01,    5.4119998217e-01,    7.8103002161e-03,
    5.4229998589e-01,    3.2280099392e-01,    5.4229998589e-01,    3.6580200195e+01,    5.4229998589e-01,    3.4275199287e-03,
    5.4339998960e-01,    2.5551900268e-01,    5.4339998960e-01,    3.6879001617e+01,    5.4339998960e-01,    5.4184500128e-02,
    5.4449898005e-01,    2.9093500972e-01,    5.4449898005e-01,    3.7521400452e+01,    5.4449898005e-01,   -2.7382800356e-02,
    5.4559898376e-01,    2.5223699212e-01,    5.4559898376e-01,    3.7787498474e+01,    5.4559898376e-01,    2.7032999322e-02,
    5.4670000076e-01,    1.9885499775e-01,    5.4670000076e-01,    3.8344699860e+01,    5.4670000076e-01,    6.6889196634e-02,
    5.4779899120e-01,    1.6712599993e-01,    5.4779899120e-01,    3.9147998810e+01,    5.4779899120e-01,   -4.1097499430e-02,
    5.4889899492e-01,    2.2149600089e-01,    5.4889899492e-01,    3.9290298462e+01,    5.4889899492e-01,   -2.0333399996e-02,
    5.5000001192e-01,    1.8550099432e-01,    5.5000001192e-01,    3.9311698914e+01,    5.5000001192e-01,   -2.6697000489e-02,
    5.5109900236e-01,    1.8622100353e-01,    5.5109900236e-01,    3.9801700592e+01,    5.5109900236e-01,   -8.1351198256e-02,
    5.5219900608e-01,    2.3046199977e-01,    5.5219900608e-01,    4.0225101471e+01,    5.5219900608e-01,   -3.3559601754e-02,
    5.5329900980e-01,    2.5602599978e-01,    5.5329900980e-01,    4.0134399414e+01,    5.5329900980e-01,   -4.2661998421e-02,
    5.5440002680e-01,    2.7113699913e-01,    5.5440002680e-01,    4.0290199280e+01,    5.5440002680e-01,   -1.0321699828e-01,
    5.5549901724e-01,    2.9046100378e-01,    5.5549901724e-01,    4.0813301086e+01,    5.5549901724e-01,   -7.0414297283e-02,
    5.5659902096e-01,    3.6354199052e-01,    5.5659902096e-01,    4.0690399170e+01,    5.5659902096e-01,   -5.4096799344e-02,
    5.5769902468e-01,    3.9157399535e-01,    5.5769902468e-01,    4.0889701843e+01,    5.5769902468e-01,   -7.1282297373e-02,
    5.5879998207e-01,    3.5959899426e-01,    5.5879998207e-01,    4.1613601685e+01,    5.5879998207e-01,   -1.0226900131e-01,
    5.5989897251e-01,    3.3114901185e-01,    5.5989897251e-01,    4.1682201385e+01,    5.5989897251e-01,   -9.3889102340e-02,
    5.6099998951e-01,    4.3807500601e-01,    5.6099998951e-01,    4.1795700073e+01,    5.6099998951e-01,   -8.1513203681e-02,
    5.6209999323e-01,    3.9992499352e-01,    5.6209999323e-01,    4.2615501404e+01,    5.6209999323e-01,   -9.6135497093e-02,
    5.6319999695e-01,    3.4013900161e-01,    5.6319999695e-01,    4.3173698425e+01,    5.6319999695e-01,   -1.0959599912e-01,
    5.6429898739e-01,    4.1185501218e-01,    5.6429898739e-01,    4.3193401337e+01,    5.6429898739e-01,   -1.5754100680e-01,
    5.6539797783e-01,    4.2324700952e-01,    5.6539797783e-01,    4.3730998993e+01,    5.6539797783e-01,   -1.3807900250e-01,
    5.6649798155e-01,    3.6766400933e-01,    5.6649798155e-01,    4.4323398590e+01,    5.6649798155e-01,   -1.3820999861e-01,
    5.6759899855e-01,    3.7862899899e-01,    5.6759899855e-01,    4.4281200409e+01,    5.6759899855e-01,   -1.1546999961e-01,
    5.6869900227e-01,    4.2957600951e-01,    5.6869900227e-01,    4.4644599915e+01,    5.6869900227e-01,   -1.4138799906e-01,
    5.6979900599e-01,    3.7251600623e-01,    5.6979900599e-01,    4.5605300903e+01,    5.6979900599e-01,   -1.1053100228e-01,
    5.7089900970e-01,    3.4937599301e-01,    5.7089900970e-01,    4.5718399048e+01,    5.7089900970e-01,   -1.0128699988e-01,
    5.7199901342e-01,    3.8986200094e-01,    5.7199901342e-01,    4.5967800140e+01,    5.7199901342e-01,   -6.5956801176e-02,
    5.7309901714e-01,    3.8843700290e-01,    5.7309901714e-01,    4.6969799042e+01,    5.7309901714e-01,   -7.5045399368e-02,
    5.7419800758e-01,    3.5270398855e-01,    5.7419800758e-01,    4.7221500397e+01,    5.7419800758e-01,   -9.9779397249e-02,
    5.7529801130e-01,    3.5744100809e-01,    5.7529801130e-01,    4.7057899475e+01,    5.7529801130e-01,   -4.4942699373e-02,
    5.7639902830e-01,    4.0526801348e-01,    5.7639902830e-01,    4.7801498413e+01,    5.7639902830e-01,   -4.8486001790e-02,
    5.7749897242e-01,    3.4797799587e-01,    5.7749897242e-01,    4.8446899414e+01,    5.7749897242e-01,   -3.7973500788e-02,
    5.7859998941e-01,    3.1551301479e-01,    5.7859998941e-01,    4.8083698273e+01,    5.7859998941e-01,   -4.5078299940e-02,
    5.7969897985e-01,    3.4561499953e-01,    5.7969897985e-01,    4.8241600037e+01,    5.7969897985e-01,   -3.2352201641e-02,
    5.8079898357e-01,    3.7925401330e-01,    5.8079898357e-01,    4.8991500854e+01,    5.8079898357e-01,   -3.9749700576e-02,
    5.8190000057e-01,    2.8121998906e-01,    5.8190000057e-01,    4.8680900574e+01,    5.8190000057e-01,   -2.5629000738e-02,
    5.8300000429e-01,    2.6417699456e-01,    5.8300000429e-01,    4.8393199921e+01,    5.8300000429e-01,   -2.0636299625e-02,
    5.8409899473e-01,    2.6873800159e-01,    5.8409899473e-01,    4.9062999725e+01,    5.8409899473e-01,   -4.9428600818e-02,
    5.8520001173e-01,    2.3138499260e-01,    5.8520001173e-01,    4.9071601868e+01,    5.8520001173e-01,   -8.9556500316e-03,
    5.8630001545e-01,    1.6566100717e-01,    5.8630001545e-01,    4.8555099487e+01,    5.8630001545e-01,   -2.7704399079e-02,
    5.8740001917e-01,    2.1570600569e-01,    5.8740001917e-01,    4.9376499176e+01,    5.8740001917e-01,   -5.3479201160e-03,
    5.8849900961e-01,    2.4821700156e-01,    5.8849900961e-01,    4.9889801025e+01,    5.8849900961e-01,   -2.7083799243e-02,
    5.8959901333e-01,    9.6904300153e-02,    5.8959901333e-01,    4.9337501526e+01,    5.8959901333e-01,   -1.8263099482e-03,
    5.9069901705e-01,    1.2285199761e-01,    5.9069901705e-01,    4.9743698120e+01,    5.9069901705e-01,   -9.5601798967e-03,
    5.9179997444e-01,    1.4840699732e-01,    5.9179997444e-01,    5.0411598206e+01,    5.9179997444e-01,   -3.9817601442e-02,
    5.9289997816e-01,    4.7815199941e-02,    5.9289997816e-01,    4.9749198914e+01,    5.9289997816e-01,    3.9066402242e-03,
    5.9399902821e-01,   -9.2869102955e-02,    5.9399902821e-01,    4.9020900726e+01,    5.9399902821e-01,    8.8942395523e-03,
    5.9509897232e-01,   -4.3600898236e-02,    5.9509897232e-01,    4.9873298645e+01,    5.9509897232e-01,   -1.7353999428e-03,
    5.9619998932e-01,   -9.2183299363e-02,    5.9619998932e-01,    4.9548400879e+01,    5.9619998932e-01,   -3.8121200632e-03,
    5.9729897976e-01,   -1.9118399918e-01,    5.9729897976e-01,    4.8939201355e+01,    5.9729897976e-01,    3.2982699573e-02,
    5.9839898348e-01,   -2.0885099471e-01,    5.9839898348e-01,    4.9786098480e+01,    5.9839898348e-01,   -2.4529099464e-03,
    5.9949898720e-01,   -1.7635099590e-01,    5.9949898720e-01,    5.0228199005e+01,    5.9949898720e-01,    1.3516699895e-02,
    6.0059899092e-01,   -2.7360799909e-01,    6.0059899092e-01,    4.9568698883e+01,    6.0059899092e-01,    5.2848398685e-02,
    6.0169798136e-01,   -2.9328298569e-01,    6.0169798136e-01,    5.0331600189e+01,    6.0169798136e-01,   -2.8602099046e-03,
    6.0279899836e-01,   -1.9766500592e-01,    6.0279899836e-01,    5.1469100952e+01,    6.0279899836e-01,   -3.1207399443e-02,
    6.0389798880e-01,   -2.4557000399e-01,    6.0389798880e-01,    5.0502201080e+01,    6.0389798880e-01,    2.8773199767e-02,
    6.0499900579e-01,   -3.2544299960e-01,    6.0499900579e-01,    5.0032299042e+01,    6.0499900579e-01,    4.0374200791e-02,
    6.0609900951e-01,   -1.8681700528e-01,    6.0609900951e-01,    5.0712799072e+01,    6.0609900951e-01,    4.0599301457e-02,
    6.0719901323e-01,   -1.0045800358e-01,    6.0719901323e-01,    5.0206501007e+01,    6.0719901323e-01,    3.9930801839e-02,
    6.0829901695e-01,   -1.9266599417e-01,    6.0829901695e-01,    4.9659099579e+01,    6.0829901695e-01,    6.9014802575e-02,
    6.0939997435e-01,   -2.1472600102e-01,    6.0939997435e-01,    5.0672401428e+01,    6.0939997435e-01,   -1.2385699898e-02,
    6.1049902439e-01,   -9.1241799295e-02,    6.1049902439e-01,    5.0533901215e+01,    6.1049902439e-01,    1.0605700314e-01,
    6.1159902811e-01,   -8.9631102979e-02,    6.1159902811e-01,    4.9241001129e+01,    6.1159902811e-01,    5.7821601629e-02,
    6.1269801855e-01,   -2.1447999775e-01,    6.1269801855e-01,    4.9487300873e+01,    6.1269801855e-01,    4.0075801313e-02,
    6.1379897594e-01,   -1.3772399724e-01,    6.1379897594e-01,    4.9910800934e+01,    6.1379897594e-01,    6.4534999430e-02,
    6.1489999294e-01,   -4.5105200261e-02,    6.1489999294e-01,    4.8886001587e+01,    6.1489999294e-01,    9.8233096302e-02,
    6.1599898338e-01,   -1.7357100546e-01,    6.1599898338e-01,    4.9028800964e+01,    6.1599898338e-01,    6.5791897476e-02,
    6.1710000038e-01,   -2.2335399687e-01,    6.1710000038e-01,    5.0230598450e+01,    6.1710000038e-01,    5.4939698428e-02,
    6.1820000410e-01,   -9.2571496964e-02,    6.1820000410e-01,    4.9391201019e+01,    6.1820000410e-01,    5.9020798653e-02,
    6.1929798126e-01,   -2.4729399383e-01,    6.1929798126e-01,    4.8583698273e+01,    6.1929798126e-01,    4.2504001409e-02,
    6.2040001154e-01,   -3.9354100823e-01,    6.2040001154e-01,    4.9471599579e+01,    6.2040001154e-01,    5.2406799048e-02,
    6.2150001526e-01,   -3.6622300744e-01,    6.2150001526e-01,    4.8931098938e+01,    6.2150001526e-01,    1.2506799772e-02,
    6.2259799242e-01,   -4.0364700556e-01,    6.2259799242e-01,    4.7869400024e+01,    6.2259799242e-01,    6.0326199979e-02,
    6.2370002270e-01,   -5.6720602512e-01,    6.2370002270e-01,    4.9001499176e+01,    6.2370002270e-01,    3.5405401140e-03,
    6.2479901314e-01,   -5.4712998867e-01,    6.2479901314e-01,    4.9518199921e+01,    6.2479901314e-01,    4.2060699314e-02,
    6.2589901686e-01,   -5.0485098362e-01,    6.2589901686e-01,    4.7961799622e+01,    6.2589901686e-01,    4.7461200505e-02,
    6.2699902058e-01,   -5.9202098846e-01,    6.2699902058e-01,    4.8306701660e+01,    6.2699902058e-01,   -2.1643899381e-02,
    6.2809902430e-01,   -6.2148702145e-01,    6.2809902430e-01,    4.9670101166e+01,    6.2809902430e-01,    2.9636699706e-02,
    6.2919998169e-01,   -4.9088498950e-01,    6.2919998169e-01,    4.8453899384e+01,    6.2919998169e-01,    4.5522600412e-02,
    6.3029801846e-01,   -5.6438702345e-01,    6.3029801846e-01,    4.8709499359e+01,    6.3029801846e-01,    5.9402901679e-02,
    6.3139897585e-01,   -6.4441800117e-01,    6.3139897585e-01,    5.0854400635e+01,    6.3139897585e-01,   -2.9241399840e-02,
    6.3249897957e-01,   -5.2720397711e-01,    6.3249897957e-01,    5.0349399567e+01,    6.3249897957e-01,    7.2247698903e-02,
    6.3359802961e-01,   -4.3562901020e-01,    6.3359802961e-01,    4.9419601440e+01,    6.3359802961e-01,    3.4979399294e-02,
    6.3469898701e-01,   -5.1769697666e-01,    6.3469898701e-01,    5.1243499756e+01,    6.3469898701e-01,    4.5201301575e-02,
    6.3579797745e-01,   -5.0095599890e-01,    6.3579797745e-01,    5.1758998871e+01,    6.3579797745e-01,    5.1447600126e-02,
    6.3690000772e-01,   -4.4456300139e-01,    6.3690000772e-01,    5.0258499146e+01,    6.3690000772e-01,    4.1727699339e-02,
    6.3799899817e-01,   -4.7305101156e-01,    6.3799899817e-01,    5.1793399811e+01,    6.3799899817e-01,    6.2506802380e-02,
    6.3910001516e-01,   -5.5620002747e-01,    6.3910001516e-01,    5.3171298981e+01,    6.3910001516e-01,    7.8914098442e-02,
    6.4019900560e-01,   -4.2570298910e-01,    6.4019900560e-01,    5.1596099854e+01,    6.4019900560e-01,    4.6659499407e-02,
    6.4129900932e-01,   -3.8156101108e-01,    6.4129900932e-01,    5.1961799622e+01,    6.4129900932e-01,    5.7436298579e-02,
    6.4239799976e-01,   -4.9728900194e-01,    6.4239799976e-01,    5.4048599243e+01,    6.4239799976e-01,    1.6253300011e-02,
    6.4349800348e-01,   -4.8219999671e-01,    6.4349800348e-01,    5.2971099854e+01,    6.4349800348e-01,    2.3361200467e-02,
    6.4459902048e-01,   -4.3269398808e-01,    6.4459902048e-01,    5.2233398438e+01,    6.4459902048e-01,    4.6164199710e-02,
    6.4569902420e-01,   -4.9330800772e-01,    6.4569902420e-01,    5.4881401062e+01,    6.4569902420e-01,    3.2310601324e-02,
    6.4679902792e-01,   -5.3853398561e-01,    6.4679902792e-01,    5.4739700317e+01,    6.4679902792e-01,   -2.3993700743e-02,
    6.4789998531e-01,   -4.6904501319e-01,    6.4789998531e-01,    5.2860500336e+01,    6.4789998531e-01,    6.0699798167e-02,
    6.4899897575e-01,   -5.2111297846e-01,    6.4899897575e-01,    5.4769599915e+01,    6.4899897575e-01,    4.4232700020e-02,
    6.5009897947e-01,   -6.2022697926e-01,    6.5009897947e-01,    5.5686100006e+01,    6.5009897947e-01,   -7.1552698500e-03,
    6.5119898319e-01,   -5.0559902191e-01,    6.5119898319e-01,    5.3319499969e+01,    6.5119898319e-01,    2.0920800045e-02,
    6.5229898691e-01,   -5.0439798832e-01,    6.5229898691e-01,    5.4116798401e+01,    6.5229898691e-01,    8.2790702581e-02,
    6.5339899063e-01,   -6.2777197361e-01,    6.5339899063e-01,    5.6321399689e+01,    6.5339899063e-01,    6.3226800412e-03,
    6.5449899435e-01,   -4.7437399626e-01,    6.5449899435e-01,    5.4364299774e+01,    6.5449899435e-01,    2.3576399311e-02,
    6.5559899807e-01,   -4.0381300449e-01,    6.5559899807e-01,    5.4110401154e+01,    6.5559899807e-01,    3.7629701197e-02,
    6.5669798851e-01,   -5.4114902020e-01,    6.5669798851e-01,    5.7112201691e+01,    6.5669798851e-01,   -3.5280000418e-02,
    6.5779799223e-01,   -4.9113699794e-01,    6.5779799223e-01,    5.6621101379e+01,    6.5779799223e-01,    2.6850700378e-02,
    6.5890002251e-01,   -3.6744299531e-01,    6.5890002251e-01,    5.4870800018e+01,    6.5890002251e-01,    3.7303701043e-02,
    6.6000002623e-01,   -4.4113901258e-01,    6.6000002623e-01,    5.7570899963e+01,    6.6000002623e-01,   -1.0364200175e-01,
    6.6109800339e-01,   -4.7380000353e-01,    6.6109800339e-01,    5.8256099701e+01,    6.6109800339e-01,   -6.4075499773e-02,
    6.6219800711e-01,   -3.9585301280e-01,    6.6219800711e-01,    5.5007198334e+01,    6.6219800711e-01,    4.2581399903e-03,
    6.6329902411e-01,   -4.1752099991e-01,    6.6329902411e-01,    5.6521400452e+01,    6.6329902411e-01,   -7.5824297965e-02,
    6.6439801455e-01,   -4.7762900591e-01,    6.6439801455e-01,    5.8864299774e+01,    6.6439801455e-01,   -1.2488400191e-01,
    6.6549998522e-01,   -5.1341402531e-01,    6.6549998522e-01,    5.5718700409e+01,    6.6549998522e-01,   -1.8347000703e-02,
    6.6659802198e-01,   -4.7082400322e-01,    6.6659802198e-01,    5.5309700012e+01,    6.6659802198e-01,   -1.1474899948e-01,
    6.6769897938e-01,   -5.7763302326e-01,    6.6769897938e-01,    5.8126300812e+01,    6.6769897938e-01,   -5.4320700467e-02,
    6.6879802942e-01,   -6.2582200766e-01,    6.6879802942e-01,    5.6084400177e+01,    6.6879802942e-01,   -1.0502699763e-01,
    6.6989797354e-01,   -5.9421598911e-01,    6.6989797354e-01,    5.2870498657e+01,    6.6989797354e-01,   -8.0177299678e-02,
    6.7100000381e-01,   -5.9719097614e-01,    6.7100000381e-01,    5.5512298584e+01,    6.7100000381e-01,   -6.4163498580e-02,
    6.7209899426e-01,   -6.6528898478e-01,    6.7209899426e-01,    5.6363700867e+01,    6.7209899426e-01,   -1.0818599910e-01,
    6.7319798470e-01,   -5.7173997164e-01,    6.7319798470e-01,    5.2192298889e+01,    6.7319798470e-01,   -8.1853203475e-02,
    6.7429900169e-01,   -5.3203600645e-01,    6.7429900169e-01,    5.4162998199e+01,    6.7429900169e-01,   -1.2526300550e-01,
    6.7539900541e-01,   -6.5926599503e-01,    6.7539900541e-01,    5.7562698364e+01,    6.7539900541e-01,   -1.3519099355e-01,
    6.7649900913e-01,   -6.3479697704e-01,    6.7649900913e-01,    5.4046901703e+01,    6.7649900913e-01,   -6.3077397645e-02,
    6.7759799957e-01,   -6.8297600746e-01,    6.7759799957e-01,    5.4185001373e+01,    6.7759799957e-01,   -9.4313800335e-02,
    6.7869901657e-01,   -6.7085802555e-01,    6.7869901657e-01,    5.8165000916e+01,    6.7869901657e-01,   -2.5934401155e-01,
    6.7979902029e-01,   -6.1480402946e-01,    6.7979902029e-01,    5.6243000031e+01,    6.7979902029e-01,   -1.4728200436e-01,
    6.8089997768e-01,   -5.7817900181e-01,    6.8089997768e-01,    5.2850399017e+01,    6.8089997768e-01,   -1.7752800137e-02,
    6.8199902773e-01,   -6.1605197191e-01,    6.8199902773e-01,    5.6373199463e+01,    6.8199902773e-01,   -2.0010800660e-01,
    6.8309801817e-01,   -6.4312297106e-01,    6.8309801817e-01,    5.8674598694e+01,    6.8309801817e-01,   -2.2622700036e-01,
    6.8419998884e-01,   -5.7471501827e-01,    6.8419998884e-01,    5.3263198853e+01,    6.8419998884e-01,   -3.8766898215e-02,
    6.8529897928e-01,   -5.9522598982e-01,    6.8529897928e-01,    5.5409999847e+01,    6.8529897928e-01,   -1.2176900357e-01,
    6.8639802933e-01,   -5.2471202612e-01,    6.8639802933e-01,    5.9727100372e+01,    6.8639802933e-01,   -1.5197500587e-01,
    6.8750000000e-01,   -3.6957201362e-01,    6.8750000000e-01,    5.5374198914e+01,    6.8750000000e-01,   -1.0330100358e-01,
    6.8859899044e-01,   -3.5292199254e-01,    6.8859899044e-01,    5.4223201752e+01,    6.8859899044e-01,   -7.1037203074e-02,
    6.8969899416e-01,   -4.0650299191e-01,    6.8969899416e-01,    5.8564098358e+01,    6.8969899416e-01,   -1.2760800123e-01,
    6.9080001116e-01,   -2.6895099878e-01,    6.9080001116e-01,    5.8630001068e+01,    6.9080001116e-01,   -1.3358700089e-02,
    6.9189900160e-01,   -2.4328500032e-01,    6.9189900160e-01,    5.3567501068e+01,    6.9189900160e-01,   -6.4021296799e-02,
    6.9299900532e-01,   -4.5063701272e-01,    6.9299900532e-01,    5.6680400848e+01,    6.9299900532e-01,   -4.5002900064e-02,
    6.9410002232e-01,   -2.7409499884e-01,    6.9410002232e-01,    6.0477298737e+01,    6.9410002232e-01,   -7.4551403522e-02,
    6.9519901276e-01,   -6.1927199364e-02,    6.9519901276e-01,    5.4060600281e+01,    6.9519901276e-01,   -5.3629901260e-02,
    6.9630002975e-01,   -3.3748099208e-01,    6.9630002975e-01,    5.5098400116e+01,    6.9630002975e-01,    8.8751599193e-02,
    6.9739902020e-01,   -2.9216700792e-01,    6.9739902020e-01,    6.0234798431e+01,    6.9739902020e-01,   -3.3699300140e-02,
    6.9849902391e-01,    9.2889502645e-02,    6.9849902391e-01,    5.6776699066e+01,    6.9849902391e-01,   -5.3279399872e-02,
    6.9959998131e-01,   -1.0499399900e-01,    6.9959998131e-01,    5.3147499084e+01,    6.9959998131e-01,    1.2949800491e-01,
    7.0069998503e-01,   -3.6502000690e-01,    7.0069998503e-01,    5.7112598419e+01,    7.0069998503e-01,    8.1850200891e-02,
    7.0179897547e-01,    8.5145696998e-02,    7.0179897547e-01,    5.9126399994e+01,    7.0179897547e-01,   -6.2121599913e-02,
    7.0289802551e-01,    3.1682100892e-01,    7.0289802551e-01,    5.1465000153e+01,    7.0289802551e-01,    1.4029900730e-01,
    7.0399999619e-01,   -1.6498799622e-01,    7.0399999619e-01,    5.3415901184e+01,    7.0399999619e-01,    1.0759299994e-01,
    7.0509797335e-01,    8.8162101805e-02,    7.0509797335e-01,    5.8637599945e+01,    7.0509797335e-01,   -6.1498701572e-02,
    7.0619899035e-01,    5.7883799076e-01,    7.0619899035e-01,    5.1557800293e+01,    7.0619899035e-01,    1.3341599703e-01,
    7.0730000734e-01,    2.0928700268e-01,    7.0730000734e-01,    4.9747501373e+01,    7.0730000734e-01,    1.5032100677e-01,
    7.0840001106e-01,    1.4733799733e-02,    7.0840001106e-01,    5.4290699005e+01,    7.0840001106e-01,   -1.5363299847e-01,
    7.0950001478e-01,    7.1385902166e-01,    7.0950001478e-01,    5.3816898346e+01,    7.0950001478e-01,    6.5071202815e-02,
    7.1059900522e-01,    6.6484302282e-01,    7.1059900522e-01,    4.7215599060e+01,    7.1059900522e-01,    1.2214600295e-01,
    7.1169900894e-01,    1.5657299757e-01,    7.1169900894e-01,    4.9901599884e+01,    7.1169900894e-01,   -1.2444800138e-01,
    7.1279901266e-01,    4.8456099629e-01,    7.1279901266e-01,    5.4468898773e+01,    7.1279901266e-01,   -1.2664400041e-01,
    7.1389800310e-01,    6.8477100134e-01,    7.1389800310e-01,    4.5867599487e+01,    7.1389800310e-01,    7.4688501656e-02,
    7.1499902010e-01,    3.2116800547e-01,    7.1499902010e-01,    4.6834499359e+01,    7.1499902010e-01,   -8.6296699941e-02,
    7.1609902382e-01,    2.0248100162e-01,    7.1609902382e-01,    5.2456401825e+01,    7.1609902382e-01,   -2.4699899554e-01,
    7.1719801426e-01,    6.6145998240e-01,    7.1719801426e-01,    4.8444698334e+01,    7.1719801426e-01,   -1.7375700176e-01,
    7.1829998493e-01,    3.7772101164e-01,    7.1829998493e-01,    4.4979499817e+01,    7.1829998493e-01,   -3.9723798633e-02,
    7.1939897537e-01,    5.7915300131e-02,    7.1939897537e-01,    4.9881000519e+01,    7.1939897537e-01,   -2.2430799901e-01,
    7.2049999237e-01,    1.9336299598e-01,    7.2049999237e-01,    5.3366401672e+01,    7.2049999237e-01,   -2.1477599442e-01,
    7.2159999609e-01,    3.6772999167e-01,    7.2159999609e-01,    4.5825298309e+01,    7.2159999609e-01,   -1.9414499402e-01,
    7.2269898653e-01,    1.6397899389e-01,    7.2269898653e-01,    4.8764701843e+01,    7.2269898653e-01,    5.1575999707e-02,
    7.2380000353e-01,    4.3304301798e-02,    7.2380000353e-01,    5.6263000488e+01,    7.2380000353e-01,   -1.7014999688e-01,
    7.2489899397e-01,    4.6518400311e-01,    7.2489899397e-01,    4.9440700531e+01,    7.2489899397e-01,   -1.6012400389e-01,
    7.2599798441e-01,    4.1669601202e-01,    7.2599798441e-01,    4.7997798920e+01,    7.2599798441e-01,   -9.5781497657e-03,
    7.2709798813e-01,    9.6803799272e-02,    7.2709798813e-01,    5.4752899170e+01,    7.2709798813e-01,   -1.4043700695e-01,
    7.2819900513e-01,    2.5628900528e-01,    7.2819900513e-01,    5.5255798340e+01,    7.2819900513e-01,   -1.6502000391e-01,
    7.2929799557e-01,    4.6921199560e-01,    7.2929799557e-01,    4.8112499237e+01,    7.2929799557e-01,    3.1998600811e-02,
    7.3039799929e-01,    2.4655400217e-01,    7.3039799929e-01,    5.2048900604e+01,    7.3039799929e-01,    4.9785401672e-02,
    7.3149901628e-01,    1.6977399588e-01,    7.3149901628e-01,    5.8711498260e+01,    7.3149901628e-01,   -2.8744900227e-01,
    7.3259902000e-01,    3.7443500757e-01,    7.3259902000e-01,    5.0754001617e+01,    7.3259902000e-01,   -4.3633398600e-03,
    7.3369902372e-01,    3.7954801321e-01,    7.3369902372e-01,    5.0419700623e+01,    7.3369902372e-01,    1.2951099873e-01,
    7.3479902744e-01,    4.0006801486e-02,    7.3479902744e-01,    5.8908298492e+01,    7.3479902744e-01,   -2.4504800141e-01,
    7.3589897156e-01,    1.0812599957e-01,    7.3589897156e-01,    5.6724601746e+01,    7.3589897156e-01,   -1.4773200452e-01,
    7.3699998856e-01,    3.0561700463e-01,    7.3699998856e-01,    5.0678699493e+01,    7.3699998856e-01,    8.2425296307e-02,
    7.3809897900e-01,    1.0541500151e-01,    7.3809897900e-01,    5.6298801422e+01,    7.3809897900e-01,   -1.1986400187e-01,
    7.3919898272e-01,   -1.1104399711e-01,    7.3919898272e-01,    6.1509998322e+01,    7.3919898272e-01,   -2.1611300111e-01,
    7.4029999971e-01,    7.7432198450e-03,    7.4029999971e-01,    5.2561100006e+01,    7.4029999971e-01,    9.0187398018e-04,
    7.4139899015e-01,   -3.7843300961e-03,    7.4139899015e-01,    5.3304000854e+01,    7.4139899015e-01,    6.6291198134e-02,
    7.4249899387e-01,   -2.6120299101e-01,    7.4249899387e-01,    6.2110900879e+01,    7.4249899387e-01,   -4.1375398636e-01,
    7.4359899759e-01,   -1.6070500016e-01,    7.4359899759e-01,    5.7802200317e+01,    7.4359899759e-01,   -1.2077800184e-01,
    7.4469798803e-01,    3.5217698663e-02,    7.4469798803e-01,    5.2512901306e+01,    7.4469798803e-01,   -6.0408499092e-02,
    7.4579799175e-01,   -1.2592199445e-01,    7.4579799175e-01,    5.9574501038e+01,    7.4579799175e-01,   -2.1988600492e-01,
    7.4689799547e-01,   -2.0431800187e-01,    7.4689799547e-01,    6.3422298431e+01,    7.4689799547e-01,   -1.8160200119e-01,
    7.4799799919e-01,    1.0773900151e-01,    7.4799799919e-01,    5.4354499817e+01,    7.4799799919e-01,   -1.3259600103e-01,
    7.4909901619e-01,    9.7531497478e-02,    7.4909901619e-01,    5.6744899750e+01,    7.4909901619e-01,    4.1969098151e-02,
    7.5019901991e-01,   -1.0891400278e-01,    7.5019901991e-01,    6.5360702515e+01,    7.5019901991e-01,   -3.8957399130e-01,
    7.5129801035e-01,    2.1327000111e-02,    7.5129801035e-01,    5.9135700226e+01,    7.5129801035e-01,   -3.9866000414e-02,
    7.5239998102e-01,    3.2192400098e-01,    7.5239998102e-01,    5.4545101166e+01,    7.5239998102e-01,    7.5350599363e-03,
    7.5349897146e-01,    2.2065100074e-01,    7.5349897146e-01,    6.2335899353e+01,    7.5349897146e-01,   -1.9417199492e-01,
    7.5459897518e-01,   -3.2376598567e-02,    7.5459897518e-01,    6.4260498047e+01,    7.5459897518e-01,   -1.0883399844e-01,
    7.5569897890e-01,    2.9072898626e-01,    7.5569897890e-01,    5.4413600922e+01,    7.5569897890e-01,   -6.5875701606e-02,
    7.5679999590e-01,    4.1669899225e-01,    7.5679999590e-01,    5.7537399292e+01,    7.5679999590e-01,    8.9814200997e-02,
    7.5789999962e-01,    1.6740199178e-02,    7.5789999962e-01,    6.5796798706e+01,    7.5789999962e-01,   -2.8839001060e-01,
    7.5900000334e-01,    9.7822301090e-02,    7.5900000334e-01,    5.8047599792e+01,    7.5900000334e-01,    1.0708300397e-02,
    7.6009899378e-01,    5.3771597147e-01,    7.6009899378e-01,    5.3864398956e+01,    7.6009899378e-01,    1.8953600526e-01,
    7.6119798422e-01,    3.0311200023e-01,    7.6119798422e-01,    6.2719200134e+01,    7.6119798422e-01,   -2.6741799712e-01,
    7.6229798794e-01,   -2.0488700829e-03,    7.6229798794e-01,    6.3525699615e+01,    7.6229798794e-01,   -5.6373598054e-03,
    7.6339799166e-01,    2.3771800101e-01,    7.6339799166e-01,    5.4151500702e+01,    7.6339799166e-01,    1.1535900086e-01,
    7.6450002193e-01,    3.7424498796e-01,    7.6450002193e-01,    5.8370498657e+01,    7.6450002193e-01,    1.0248199850e-01,
    7.6560002565e-01,    8.1139601767e-02,    7.6560002565e-01,    6.6408699036e+01,    7.6560002565e-01,   -1.7541100085e-01,
    7.6670002937e-01,    8.6334802210e-02,    7.6670002937e-01,    5.7773998260e+01,    7.6670002937e-01,    1.0332400352e-01,
    7.6779901981e-01,    3.4599500895e-01,    7.6779901981e-01,    5.4838798523e+01,    7.6779901981e-01,    2.6996400952e-01,
    7.6889902353e-01,    1.6154199839e-01,    7.6889902353e-01,    6.4328498840e+01,    7.6889902353e-01,   -2.3224699497e-01,
    7.6999902725e-01,   -1.3059100509e-01,    7.6999902725e-01,    6.3605499268e+01,    7.6999902725e-01,    1.5816600621e-01,
    7.7109998465e-01,    1.4903099835e-01,    7.7109998465e-01,    5.4750999451e+01,    7.7109998465e-01,    1.3725599647e-01,
    7.7219897509e-01,    8.6738802493e-02,    7.7219897509e-01,    5.9846500397e+01,    7.7219897509e-01,    8.7269999087e-02,
    7.7329897881e-01,   -1.4472599328e-01,    7.7329897881e-01,    6.7373703003e+01,    7.7329897881e-01,   -8.7506897748e-02,
    7.7439898252e-01,   -1.3355499506e-01,    7.7439898252e-01,    5.8613601685e+01,    7.7439898252e-01,    5.4788101465e-02,
    7.7549797297e-01,    1.7309300601e-01,    7.7549797297e-01,    5.7261398315e+01,    7.7549797297e-01,    2.0505100489e-01,
    7.7659797668e-01,   -1.2405800074e-01,    7.7659797668e-01,    6.7571800232e+01,    7.7659797668e-01,   -3.5975599289e-01,
    7.7770000696e-01,   -3.0521300435e-01,    7.7770000696e-01,    6.5240097046e+01,    7.7770000696e-01,    7.1405299008e-02,
    7.7879899740e-01,   -2.2564400733e-01,    7.7879899740e-01,    5.6536300659e+01,    7.7879899740e-01,    1.1884400249e-01,
    7.7989798784e-01,   -5.6969098747e-02,    7.7989798784e-01,    6.2428901672e+01,    7.7989798784e-01,    2.4233000353e-02,
    7.8099900484e-01,   -2.7969300747e-01,    7.8099900484e-01,    6.8661903381e+01,    7.8099900484e-01,   -1.7052799463e-01,
    7.8209900856e-01,   -3.6296701431e-01,    7.8209900856e-01,    5.7903499603e+01,    7.8209900856e-01,    6.5569199622e-02,
    7.8319901228e-01,   -1.7287999392e-01,    7.8319901228e-01,    5.7013500214e+01,    7.8319901228e-01,    2.0056200027e-01,
    7.8430002928e-01,   -2.6719900966e-01,    7.8430002928e-01,    6.7145202637e+01,    7.8430002928e-01,   -2.3322799802e-01,
    7.8539901972e-01,   -5.1705098152e-01,    7.8539901972e-01,    6.2729598999e+01,    7.8539901972e-01,    1.6918300092e-01,
    7.8649902344e-01,   -1.7313100398e-01,    7.8649902344e-01,    5.3763801575e+01,    7.8649902344e-01,    1.6148300469e-01,
    7.8759902716e-01,   -9.7391396761e-02,    7.8759902716e-01,    6.0301300049e+01,    7.8759902716e-01,    1.9616900384e-01,
    7.8869998455e-01,   -3.1692200899e-01,    7.8869998455e-01,    6.5722801208e+01,    7.8869998455e-01,    1.1552099884e-01,
    7.8979998827e-01,   -3.2866600156e-01,    7.8979998827e-01,    5.4673198700e+01,    7.8979998827e-01,    1.0566200316e-01,
    7.9089802504e-01,    1.0213000327e-01,    7.9089802504e-01,    5.4882801056e+01,    7.9089802504e-01,    2.8479298949e-01,
    7.9199999571e-01,   -2.5751599669e-01,    7.9199999571e-01,    6.5129898071e+01,    7.9199999571e-01,   -1.7785300314e-01,
    7.9309898615e-01,   -3.1803599000e-01,    7.9309898615e-01,    5.9501899719e+01,    7.9309898615e-01,    2.5742900372e-01,
    7.9419898987e-01,   -9.1703400016e-02,    7.9419898987e-01,    5.1794898987e+01,    7.9419898987e-01,    1.6763600707e-01,
    7.9530000687e-01,   -1.0104700178e-01,    7.9530000687e-01,    5.9505401611e+01,    7.9530000687e-01,   -1.1743800342e-01,
    7.9640001059e-01,   -4.3770399690e-01,    7.9640001059e-01,    6.3765098572e+01,    7.9640001059e-01,    7.7351398766e-02,
    7.9749900103e-01,   -3.4727698565e-01,    7.9749900103e-01,    5.2857700348e+01,    7.9749900103e-01,    5.2041698247e-02,
    7.9859799147e-01,    2.0625600219e-01,    7.9859799147e-01,    5.4486598969e+01,    7.9859799147e-01,    1.0134399682e-01,
    7.9969900846e-01,   -4.4869300723e-01,    7.9969900846e-01,    6.4632003784e+01,    7.9969900846e-01,   -4.0237700939e-01,
    8.0079799891e-01,   -5.9578698874e-01,    8.0079799891e-01,    5.7558898926e+01,    8.0079799891e-01,    1.5823200345e-01,
    8.0189901590e-01,    2.0474700630e-01,    8.0189901590e-01,    5.0534000397e+01,    8.0189901590e-01,    1.3127699494e-01,
    8.0299901962e-01,    3.9703199267e-01,    8.0299901962e-01,    5.8994899750e+01,    8.0299901962e-01,   -2.8324800730e-01,
    8.0409997702e-01,   -3.8048499823e-01,    8.0409997702e-01,    6.2247001648e+01,    8.0409997702e-01,   -1.8576300144e-01,
    8.0519998074e-01,    8.7713800371e-02,    8.0519998074e-01,    5.0616199493e+01,    8.0519998074e-01,    3.0672498979e-03,
    8.0629897118e-01,    1.2925599813e+00,    8.0629897118e-01,    5.3218399048e+01,    8.0629897118e-01,    1.3670800626e-01,
    8.0739897490e-01,   -2.6328200102e-01,    8.0739897490e-01,    6.2862598419e+01,    8.0739897490e-01,   -4.1495600343e-01,
    8.0849897861e-01,   -1.9711500406e-01,    8.0849897861e-01,    5.4917098999e+01,    8.0849897861e-01,   -3.3207401633e-02,
    8.0959898233e-01,    1.0736000538e+00,    8.0959898233e-01,    4.8911598206e+01,    8.0959898233e-01,    1.4134000242e-01,
    8.1069797277e-01,    9.0403801203e-01,    8.1069797277e-01,    5.7875999451e+01,    8.1069797277e-01,   -1.0635700077e-01,
    8.1179898977e-01,   -3.3684700727e-01,    8.1179898977e-01,    5.9828601837e+01,    8.1179898977e-01,   -2.0653900504e-01,
    8.1289798021e-01,    4.3587398529e-01,    8.1289798021e-01,    4.8228199005e+01,    8.1289798021e-01,   -1.1807499826e-01,
    8.1399899721e-01,    2.0260701180e+00,    8.1399899721e-01,    5.1753898621e+01,    8.1399899721e-01,    8.4075696766e-02,
    8.1509900093e-01,   -3.1228700280e-01,    8.1509900093e-01,    6.0519298553e+01,    8.1509900093e-01,   -3.8868999481e-01,
    8.1619799137e-01,   -5.0189799070e-01,    8.1619799137e-01,    5.0500499725e+01,    8.1619799137e-01,   -9.8646901548e-02,
    8.1729900837e-01,    1.4464700222e+00,    8.1729900837e-01,    4.5517101288e+01,    8.1729900837e-01,    4.9420598894e-02,
    8.1839799881e-01,    1.0020699501e+00,    8.1839799881e-01,    5.4060901642e+01,    8.1839799881e-01,   -2.0589099824e-01,
    8.1950002909e-01,   -1.1747900248e+00,    8.1950002909e-01,    5.4671501160e+01,    8.1950002909e-01,   -4.7628398985e-02,
    8.2059997320e-01,    1.9408899546e-01,    8.2059997320e-01,    4.3197498322e+01,    8.2059997320e-01,   -2.1612400189e-02,
    8.2169902325e-01,    2.1254398823e+00,    8.2169902325e-01,    4.7796798706e+01,    8.2169902325e-01,   -9.3327000737e-02,
    8.2279801369e-01,   -8.7183898687e-01,    8.2279801369e-01,    5.5455898285e+01,    8.2279801369e-01,   -3.3334401250e-01,
    8.2389998436e-01,   -6.6295897961e-01,    8.2389998436e-01,    4.6942798615e+01,    8.2389998436e-01,    3.5685099661e-02,
    8.2499897480e-01,    1.9575999975e+00,    8.2499897480e-01,    4.4278099060e+01,    8.2499897480e-01,   -1.4152100682e-01,
    8.2609999180e-01,    9.9025398493e-01,    8.2609999180e-01,    5.2701900482e+01,    8.2609999180e-01,   -4.8386201262e-01,
    8.2719999552e-01,   -1.5288200378e+00,    8.2719999552e-01,    5.3388401031e+01,    8.2719999552e-01,    6.6357202828e-02,
    8.2829797268e-01,    3.6140298843e-01,    8.2829797268e-01,    4.3425598145e+01,    8.2829797268e-01,    1.5296299942e-02,
    8.2939898968e-01,    2.6095099449e+00,    8.2939898968e-01,    4.9116199493e+01,    8.2939898968e-01,   -1.7066699266e-01,
    8.3050000668e-01,   -1.3630900383e+00,    8.3050000668e-01,    5.5814701080e+01,    8.3050000668e-01,   -3.5269701481e-01,
    8.3160001040e-01,   -9.7028601170e-01,    8.3160001040e-01,    4.7743499756e+01,    8.3160001040e-01,   -6.0131200589e-03,
    8.3269900084e-01,    2.3824300766e+00,    8.3269900084e-01,    4.6729301453e+01,    8.3269900084e-01,    3.9785098284e-02,
    8.3379900455e-01,    7.6440900564e-01,    8.3379900455e-01,    5.4680801392e+01,    8.3379900455e-01,   -4.1825398803e-01,
    8.3489799500e-01,   -2.1610701084e+00,    8.3489799500e-01,    5.4479698181e+01,    8.3489799500e-01,   -2.2908200324e-01,
    8.3599901199e-01,    8.3624100685e-01,    8.3599901199e-01,    4.5626300812e+01,    8.3599901199e-01,    2.0079700649e-01,
    8.3709901571e-01,    2.9024000168e+00,    8.3709901571e-01,    5.1436901093e+01,    8.3709901571e-01,   -1.4122700691e-01,
    8.3819800615e-01,   -1.9731099606e+00,    8.3819800615e-01,    5.7936698914e+01,    8.3819800615e-01,   -4.3054699898e-01,
    8.3929800987e-01,   -9.4920897484e-01,    8.3929800987e-01,    4.8653999329e+01,    8.3929800987e-01,   -1.2218700349e-01,
    8.4039998055e-01,    3.6831901073e+00,    8.4039998055e-01,    4.9362598419e+01,    8.4039998055e-01,    2.4610799551e-01,
    8.4149801731e-01,    7.2434598207e-01,    8.4149801731e-01,    5.7028598785e+01,    8.4149801731e-01,   -2.8156098723e-01,
    8.4259802103e-01,   -2.2972900867e+00,    8.4259802103e-01,    5.5696098328e+01,    8.4259802103e-01,   -2.1618799865e-01,
    8.4369897842e-01,    1.6790599823e+00,    8.4369897842e-01,    4.8208099365e+01,    8.4369897842e-01,    4.9302298576e-02,
    8.4479898214e-01,    3.7854199409e+00,    8.4479898214e-01,    5.3962898254e+01,    8.4479898214e-01,    3.3264599741e-02,
    8.4589797258e-01,   -2.3043599129e+00,    8.4589797258e-01,    5.9980598450e+01,    8.4589797258e-01,   -3.7575599551e-01,
    8.4700000286e-01,   -4.5767399669e-01,    8.4700000286e-01,    4.9548301697e+01,    8.4700000286e-01,    7.3955796659e-02,
    8.4809899330e-01,    5.1146402359e+00,    8.4809899330e-01,    5.1032501221e+01,    8.4809899330e-01,   -1.9209800288e-02,
    8.4919798374e-01,    5.4283499718e-01,    8.4919798374e-01,    5.8417999268e+01,    8.4919798374e-01,   -2.8148800135e-01,
    8.5029900074e-01,   -2.5862100124e+00,    8.5029900074e-01,    5.5092899323e+01,    8.5029900074e-01,    8.7712600827e-02,
    8.5139900446e-01,    2.9193599224e+00,    8.5139900446e-01,    4.8386901855e+01,    8.5139900446e-01,   -1.1496099830e-01,
    8.5250002146e-01,    4.6429800987e+00,    8.5250002146e-01,    5.4029701233e+01,    8.5250002146e-01,   -8.7644398212e-02,
    8.5359901190e-01,   -2.4345901012e+00,    8.5359901190e-01,    5.9358501434e+01,    8.5359901190e-01,   -2.0290000737e-01,
    8.5470002890e-01,   -2.7712799609e-02,    8.5470002890e-01,    4.9320899963e+01,    8.5470002890e-01,    5.8604098856e-02,
    8.5579901934e-01,    6.6112098694e+00,    8.5579901934e-01,    5.2009998322e+01,    8.5579901934e-01,   -2.6361200213e-01,
    8.5689997673e-01,    2.7690199018e-01,    8.5689997673e-01,    6.0237998962e+01,    8.5689997673e-01,   -2.0351499319e-01,
    8.5799998045e-01,   -2.9387800694e+00,    8.5799998045e-01,    5.5984500885e+01,    8.5799998045e-01,    1.2053000182e-01,
    8.5909897089e-01,    4.1376700401e+00,    8.5909897089e-01,    5.1059700012e+01,    8.5909897089e-01,   -1.5784800053e-01,
    8.6019802094e-01,    5.0992097855e+00,    8.6019802094e-01,    5.7216899872e+01,    8.6019802094e-01,   -2.7559301257e-01,
    8.6129802465e-01,   -2.6441900730e+00,    8.6129802465e-01,    6.1674701691e+01,    8.6129802465e-01,   -9.2605300248e-02,
    8.6239898205e-01,    6.9619500637e-01,    8.6239898205e-01,    5.1861000061e+01,    8.6239898205e-01,   -6.8285800517e-02,
    8.6349797249e-01,    7.9907598495e+00,    8.6349797249e-01,    5.5061901093e+01,    8.6349797249e-01,   -9.9991798401e-02,
    8.6459898949e-01,   -5.1515299082e-01,    8.6459898949e-01,    6.3548099518e+01,    8.6459898949e-01,   -3.5600700974e-01,
    8.6569899321e-01,   -2.4502100945e+00,    8.6569899321e-01,    5.6118698120e+01,    8.6569899321e-01,   -5.1606498659e-02,
    8.6679899693e-01,    5.7426199913e+00,    8.6679899693e-01,    5.0824600220e+01,    8.6679899693e-01,   -1.7495900393e-01,
    8.6789900064e-01,    5.5841698647e+00,    8.6789900064e-01,    5.6840599060e+01,    8.6789900064e-01,   -1.4685500413e-02,
    8.6899799109e-01,   -3.1275300980e+00,    8.6899799109e-01,    5.9104198456e+01,    8.6899799109e-01,   -2.0609499514e-01,
    8.7009900808e-01,    1.3950599432e+00,    8.7009900808e-01,    4.8469200134e+01,    8.7009900808e-01,   -1.0137899965e-01,
    8.7119901180e-01,    8.1697301865e+00,    8.7119901180e-01,    5.2481098175e+01,    8.7119901180e-01,    2.2982899100e-02,
    8.7230002880e-01,   -1.1862200499e+00,    8.7230002880e-01,    5.8861400604e+01,    8.7230002880e-01,   -1.8411399424e-01,
    8.7339901924e-01,   -3.2362899780e+00,    8.7339901924e-01,    5.3344001770e+01,    8.7339901924e-01,   -7.9343803227e-02,
    8.7449902296e-01,    6.1158900261e+00,    8.7449902296e-01,    5.1094200134e+01,    8.7449902296e-01,   -2.4346099794e-01,
    8.7559902668e-01,    4.7612299919e+00,    8.7559902668e-01,    5.6612899780e+01,    8.7559902668e-01,   -1.0284099728e-01,
    8.7669801712e-01,   -4.2804498672e+00,    8.7669801712e-01,    5.9656200409e+01,    8.7669801712e-01,    8.9247398078e-02,
    8.7779802084e-01,    1.3070700169e+00,    8.7779802084e-01,    5.0270401001e+01,    8.7779802084e-01,   -1.5316499770e-01,
    8.7889897823e-01,    8.0454902649e+00,    8.7889897823e-01,    5.4071201324e+01,    8.7889897823e-01,   -1.3203899562e-01,
    8.7999802828e-01,   -2.4102799892e+00,    8.7999802828e-01,    6.1239700317e+01,    8.7999802828e-01,   -4.8323698342e-02,
    8.8109797239e-01,   -3.6290600300e+00,    8.8109797239e-01,    5.4938400269e+01,    8.8109797239e-01,    1.3983000070e-02,
    8.8219898939e-01,    6.4995098114e+00,    8.8219898939e-01,    5.3808601379e+01,    8.8219898939e-01,   -1.9553500414e-01,
    8.8329797983e-01,    3.6105999947e+00,    8.8329797983e-01,    6.0122798920e+01,    8.8329797983e-01,   -2.4483799934e-01,
    8.8439798355e-01,   -4.3761801720e+00,    8.8439798355e-01,    6.1301200867e+01,    8.8439798355e-01,    2.4615500122e-02,
    8.8549900055e-01,    2.2804598808e+00,    8.8549900055e-01,    5.2449699402e+01,    8.8549900055e-01,   -1.8681000173e-01,
    8.8660001755e-01,    8.5550699234e+00,    8.8660001755e-01,    5.5599800110e+01,    8.8660001755e-01,    2.3063300550e-01,
    8.8769900799e-01,   -2.4381000996e+00,    8.8769900799e-01,    6.2961898804e+01,    8.8769900799e-01,   -2.4011300504e-01,
    8.8879799843e-01,   -2.9970600605e+00,    8.8879799843e-01,    5.4783100128e+01,    8.8879799843e-01,   -8.8121898472e-02,
    8.8989901543e-01,    8.5543003082e+00,    8.8989901543e-01,    5.3867599487e+01,    8.8989901543e-01,    1.1758299917e-01,
    8.9099997282e-01,    3.8088800907e+00,    8.9099997282e-01,    6.0658699036e+01,    8.9099997282e-01,   -2.9370900989e-01,
    8.9209902287e-01,   -4.6375899315e+00,    8.9209902287e-01,    6.1067401886e+01,    8.9209902287e-01,   -1.8871499598e-01,
    8.9319998026e-01,    3.2931199074e+00,    8.9319998026e-01,    5.3696800232e+01,    8.9319998026e-01,    1.9289399683e-01,
    8.9429801702e-01,    9.0947904587e+00,    8.9429801702e-01,    5.7277900696e+01,    8.9429801702e-01,    4.5015800744e-02,
    8.9539897442e-01,   -2.9356300831e+00,    8.9539897442e-01,    6.4468299866e+01,    8.9539897442e-01,   -1.4979000390e-01,
    8.9649897814e-01,   -2.8085699081e+00,    8.9649897814e-01,    5.6490600586e+01,    8.9649897814e-01,   -1.1208499968e-01,
    8.9759999514e-01,    9.9729003906e+00,    8.9759999514e-01,    5.6537101746e+01,    8.9759999514e-01,    4.0242400020e-02,
    8.9869898558e-01,    2.8382599354e+00,    8.9869898558e-01,    6.4131797791e+01,    8.9869898558e-01,   -2.1159100533e-01,
    8.9979898930e-01,   -5.2121500969e+00,    8.9979898930e-01,    6.3061199188e+01,    8.9979898930e-01,   -2.8982400894e-02,
    9.0089899302e-01,    4.0165100098e+00,    9.0089899302e-01,    5.6176998138e+01,    9.0089899302e-01,    2.0742500201e-02,
    9.0199899673e-01,    9.8620195389e+00,    9.0199899673e-01,    5.9995300293e+01,    9.0199899673e-01,   -1.0824699700e-01,
    9.0310001373e-01,   -3.3847699165e+00,    9.0310001373e-01,    6.6487899780e+01,    9.0310001373e-01,   -8.9122496545e-02,
    9.0419799089e-01,   -3.0108199120e+00,    9.0419799089e-01,    5.7960098267e+01,    9.0419799089e-01,   -7.5538799167e-02,
    9.0529900789e-01,    1.0599100113e+01,    9.0529900789e-01,    5.7172599792e+01,    9.0529900789e-01,    3.9659701288e-02,
    9.0639799833e-01,    2.1321299076e+00,    9.0639799833e-01,    6.5026100159e+01,    9.0639799833e-01,   -9.2578798532e-02,
    9.0749901533e-01,   -6.6286301613e+00,    9.0749901533e-01,    6.3723899841e+01,    9.0749901533e-01,   -2.2354200482e-02,
    9.0859997272e-01,    4.4237999916e+00,    9.0859997272e-01,    5.7201099396e+01,    9.0859997272e-01,    2.5555300713e-01,
    9.0969800949e-01,    9.3548898697e+00,    9.0969800949e-01,    6.1303699493e+01,    9.0969800949e-01,   -3.1500101089e-02,
    9.1079902649e-01,   -3.8336598873e+00,    9.1079902649e-01,    6.5909797668e+01,    9.1079902649e-01,   -6.6958397627e-02,
    9.1189897060e-01,   -3.4827198982e+00,    9.1189897060e-01,    5.7702201843e+01,    9.1189897060e-01,   -1.7378099263e-02,
    9.1299802065e-01,    1.0935899734e+01,    9.1299802065e-01,    5.6982200623e+01,    9.1299802065e-01,    2.4426400661e-01,
    9.1409897804e-01,    1.7725499868e+00,    9.1409897804e-01,    6.4485000610e+01,    9.1409897804e-01,   -6.4925998449e-02,
    9.1519898176e-01,   -6.5410099030e+00,    9.1519898176e-01,    6.2628200531e+01,    9.1519898176e-01,   -6.1019200832e-02,
    9.1629999876e-01,    4.5511298180e+00,    9.1629999876e-01,    5.5731098175e+01,    9.1629999876e-01,    5.3238399327e-02,
    9.1739898920e-01,    9.8070697784e+00,    9.1739898920e-01,    5.9459201813e+01,    9.1739898920e-01,    1.1436700076e-01,
    9.1849899292e-01,   -3.7805099487e+00,    9.1849899292e-01,    6.4785102844e+01,    9.1849899292e-01,   -2.3126300424e-02,
    9.1959798336e-01,   -3.5719499588e+00,    9.1959798336e-01,    5.6430400848e+01,    9.1959798336e-01,    3.9869800210e-02,
    9.2069900036e-01,    1.0891300201e+01,    9.2069900036e-01,    5.5394199371e+01,    9.2069900036e-01,    1.2843300402e-01,
    9.2179799080e-01,    2.4444000721e+00,    9.2179799080e-01,    6.1622501373e+01,    9.2179799080e-01,    1.0431899689e-02,
    9.2289799452e-01,   -6.6550297737e+00,    9.2289799452e-01,    6.0954601288e+01,    9.2289799452e-01,    5.8674998581e-02,
    9.2399901152e-01,    4.2017202377e+00,    9.2399901152e-01,    5.4158798218e+01,    9.2399901152e-01,   -7.7078096569e-02,
    9.2509800196e-01,    1.0364399910e+01,    9.2509800196e-01,    5.7085700989e+01,    9.2509800196e-01,    2.4059100077e-02,
    9.2619901896e-01,   -3.0091099739e+00,    9.2619901896e-01,    6.2575099945e+01,    9.2619901896e-01,    4.1856698692e-02,
    9.2729997635e-01,   -4.0445299149e+00,    9.2729997635e-01,    5.6115501404e+01,    9.2729997635e-01,   -1.6154700890e-02,
    9.2839998007e-01,    1.0172400475e+01,    9.2839998007e-01,    5.5271800995e+01,    9.2839998007e-01,   -2.2566400468e-01,
    9.2949801683e-01,    3.1223399639e+00,    9.2949801683e-01,    5.9684898376e+01,    9.2949801683e-01,   -2.9176298995e-03,
    9.3059897423e-01,   -6.3245902061e+00,    9.3059897423e-01,    6.0829799652e+01,    9.3059897423e-01,    5.1333498210e-02,
    9.3169897795e-01,    3.6222701073e+00,    9.3169897795e-01,    5.4518199921e+01,    9.3169897795e-01,   -3.4716698527e-01,
    9.3279802799e-01,    1.0437800407e+01,    9.3279802799e-01,    5.7291801453e+01,    9.3279802799e-01,    2.7052599192e-01,
    9.3389797211e-01,   -2.2469699383e+00,    9.3389797211e-01,    6.2506099701e+01,    9.3389797211e-01,    2.2942300886e-02,
    9.3499797583e-01,   -4.6893901825e+00,    9.3499797583e-01,    5.7795101166e+01,    9.3499797583e-01,    1.6682299972e-01,
    9.3610000610e-01,    9.3657302856e+00,    9.3610000610e-01,    5.6764801025e+01,    9.3610000610e-01,    5.6455399841e-02,
    9.3719899654e-01,    4.0474200249e+00,    9.3719899654e-01,    5.9908699036e+01,    9.3719899654e-01,    1.1418200284e-01,
    9.3829900026e-01,   -5.4513602257e+00,    9.3829900026e-01,    6.2438899994e+01,    9.3829900026e-01,    5.3277101368e-02,
    9.3940001726e-01,    2.6218600273e+00,    9.3940001726e-01,    5.6583000183e+01,    9.3940001726e-01,   -9.4586396590e-03,
    9.4049900770e-01,    1.1175800323e+01,    9.4049900770e-01,    5.9021800995e+01,    9.4049900770e-01,    2.6827698946e-01,
    9.4159799814e-01,   -1.3730499744e+00,    9.4159799814e-01,    6.4271797180e+01,    9.4159799814e-01,    7.9149797559e-02,
    9.4269901514e-01,   -5.7004799843e+00,    9.4269901514e-01,    6.0472400665e+01,    9.4269901514e-01,    1.4017400146e-01,
    9.4379997253e-01,    8.9558000565e+00,    9.4379997253e-01,    5.8656799316e+01,    9.4379997253e-01,    1.7474900186e-01,
    9.4489800930e-01,    5.0171098709e+00,    9.4489800930e-01,    6.1583499908e+01,    9.4489800930e-01,    3.9748899639e-02,
    9.4599902630e-01,   -4.4477500916e+00,    9.4599902630e-01,    6.4658996582e+01,    9.4599902630e-01,    6.5545298159e-02,
    9.4709897041e-01,    1.2029900551e+00,    9.4709897041e-01,    5.8910198212e+01,    9.4709897041e-01,   -3.7457100116e-03,
    9.4819802046e-01,    1.1017800331e+01,    9.4819802046e-01,    6.0580799103e+01,    9.4819802046e-01,   -7.0183999836e-02,
    9.4929897785e-01,   -3.8884899020e-01,    9.4929897785e-01,    6.6178100586e+01,    9.4929897785e-01,    2.1832899749e-01,
    9.5039898157e-01,   -5.9915900230e+00,    9.5039898157e-01,    6.4016799927e+01,    9.5039898157e-01,    9.1300703585e-02,
    9.5149797201e-01,    8.3851900101e+00,    9.5149797201e-01,    6.0963100433e+01,    9.5149797201e-01,    5.3236998618e-02,
    9.5259898901e-01,    6.7762799263e+00,    9.5259898901e-01,    6.4566802979e+01,    9.5259898901e-01,   -9.7294300795e-02,
    9.5370000601e-01,   -2.4287199974e+00,    9.5370000601e-01,    6.8127899170e+01,    9.5370000601e-01,    2.6303499937e-01,
    9.5479899645e-01,   -3.7322500348e-01,    9.5479899645e-01,    6.2539901733e+01,    9.5479899645e-01,    8.2594297826e-02,
    9.5589900017e-01,    1.1275600433e+01,    9.5589900017e-01,    6.3116500854e+01,    9.5589900017e-01,    2.2098599374e-01,
    9.5699799061e-01,    8.4697002172e-01,    9.5699799061e-01,    6.8590499878e+01,    9.5699799061e-01,    7.4422098696e-02,
    9.5810002089e-01,   -5.4757299423e+00,    9.5810002089e-01,    6.7982200623e+01,    9.5810002089e-01,    6.6640898585e-02,
    9.5919901133e-01,    6.3446102142e+00,    9.5919901133e-01,    6.4388801575e+01,    9.5919901133e-01,    3.1748801470e-01,
    9.6029901505e-01,    7.8933100700e+00,    9.6029901505e-01,    6.8091201782e+01,    9.6029901505e-01,    1.6620199382e-01,
    9.6139901876e-01,   -9.0167498589e-01,    9.6139901876e-01,    7.2396598816e+01,    9.6139901876e-01,    1.1705899611e-02,
    9.6249902248e-01,   -2.3447299004e+00,    9.6249902248e-01,    6.7914001465e+01,    9.6249902248e-01,    1.5468299389e-01,
    9.6359997988e-01,    9.4134502411e+00,    9.6359997988e-01,    6.7520500183e+01,    9.6359997988e-01,    4.3267101049e-01,
    9.6469897032e-01,    2.1054100990e+00,    9.6469897032e-01,    7.2504402161e+01,    9.6469897032e-01,    1.3559299707e-01,
    9.6579897404e-01,   -5.0771098137e+00,    9.6579897404e-01,    7.2465400696e+01,    9.6579897404e-01,    1.1346200109e-01,
    9.6689897776e-01,    2.9346699715e+00,    9.6689897776e-01,    6.7505897522e+01,    9.6689897776e-01,    1.9839699566e-01,
    9.6799898148e-01,    8.1745595932e+00,    9.6799898148e-01,    7.0081596375e+01,    9.6799898148e-01,    2.8687098622e-01,
    9.6909898520e-01,   -4.2262700200e-01,    9.6909898520e-01,    7.4269599915e+01,    9.6909898520e-01,    2.5430199504e-01,
    9.7019898891e-01,   -4.3241701126e+00,    9.7019898891e-01,    7.1099998474e+01,    9.7019898891e-01,    1.1258400232e-01,
    9.7129899263e-01,    6.8731098175e+00,    9.7129899263e-01,    6.9082099915e+01,    9.7129899263e-01,    7.4331998825e-02,
    9.7239899635e-01,    3.0605499744e+00,    9.7239899635e-01,    7.3000396729e+01,    9.7239899635e-01,    2.4226200581e-01,
    9.7350001335e-01,   -3.6537799835e+00,    9.7350001335e-01,    7.4413902283e+01,    9.7350001335e-01,    1.6691899300e-01,
    9.7459799051e-01,   -9.9160403013e-02,    9.7459799051e-01,    6.9484001160e+01,    9.7459799051e-01,    4.8769101501e-02,
    9.7570002079e-01,    7.8151998520e+00,    9.7570002079e-01,    6.9994400024e+01,    9.7570002079e-01,    1.2722100317e-01,
    9.7679901123e-01,    7.8239601851e-01,    9.7679901123e-01,    7.3855598450e+01,    9.7679901123e-01,    2.2249899805e-01,
    9.7789800167e-01,   -5.2974600792e+00,    9.7789800167e-01,    7.1739601135e+01,    9.7789800167e-01,    1.4971299469e-01,
    9.7899800539e-01,    3.7418699265e+00,    9.7899800539e-01,    6.7684700012e+01,    9.7899800539e-01,    1.7846399546e-01,
    9.8009997606e-01,    4.3675599098e+00,    9.8009997606e-01,    7.1510002136e+01,    9.8009997606e-01,   -4.7367598861e-02,
    9.8119997978e-01,   -1.0865299702e+00,    9.8119997978e-01,    7.5437797546e+01,    9.8119997978e-01,    3.6058101803e-02,
    9.8229801655e-01,   -2.1231799126e+00,    9.8229801655e-01,    7.2779899597e+01,    9.8229801655e-01,    8.2630902529e-02,
    9.8339897394e-01,    7.1768498421e+00,    9.8339897394e-01,    7.2504501343e+01,    9.8339897394e-01,    3.4029099345e-01,
    9.8449897766e-01,    2.7278199196e+00,    9.8449897766e-01,    7.6616798401e+01,    9.8449897766e-01,   -1.2476500124e-01,
    9.8559999466e-01,   -3.1121098995e+00,    9.8559999466e-01,    7.6810302734e+01,    9.8559999466e-01,    8.2659401000e-02,
    9.8669797182e-01,    1.6777900457e+00,    9.8669797182e-01,    7.3369796753e+01,    9.8669797182e-01,    1.9324100018e-01,
    9.8779797554e-01,    5.7642498016e+00,    9.8779797554e-01,    7.5667503357e+01,    9.8779797554e-01,    1.2413500249e-01,
    9.8889797926e-01,    2.1112399101e+00,    9.8889797926e-01,    7.9463401794e+01,    9.8889797926e-01,    4.1422501206e-02,
    9.8999899626e-01,   -3.0657699108e+00,    9.8999899626e-01,    7.8606597900e+01,    9.8999899626e-01,    1.7595900595e-01,
    9.9110001326e-01,    5.3953299522e+00,    9.9110001326e-01,    7.7343498230e+01,    9.9110001326e-01,    1.6557200253e-01,
    9.9219900370e-01,    4.3055300713e+00,    9.9219900370e-01,    8.0598098755e+01,    9.9219900370e-01,    2.5664600730e-01,
    9.9329900742e-01,   -2.8402701020e-01,    9.9329900742e-01,    8.2288803101e+01,    9.9329900742e-01,    7.9703398049e-02,
    9.9440002441e-01,   -8.2033097744e-01,    9.9440002441e-01,    7.9939598083e+01,    9.9440002441e-01,    1.1726300232e-02,
    9.9549901485e-01,    5.6256399155e+00,    9.9549901485e-01,    7.9246803284e+01,    9.9549901485e-01,    2.5367000699e-01,
    9.9659901857e-01,    3.9889800549e+00,    9.9659901857e-01,    8.1869201660e+01,    9.9659901857e-01,    1.4274400473e-01,
    9.9769902229e-01,   -8.8812702894e-01,    9.9769902229e-01,    8.1597801208e+01,    9.9769902229e-01,    1.7235399783e-01,
    9.9879997969e-01,    2.4304399490e+00,    9.9879997969e-01,    7.8884597778e+01,    9.9879997969e-01,   -3.9194799960e-02,
    9.9989998341e-01,    5.2874698639e+00,    9.9989998341e-01,    7.9059898376e+01,    9.9989998341e-01,    6.5786197782e-02,
