LS-DYNA keyword deck by LS-PrePost,Rcforc Data
Time,Ma 373 X-force,Time,Ma 373 Y-force,Time,Ma 373 Z-force,
    0.0000000000e+00,    0.0000000000e+00,    0.0000000000e+00,    0.0000000000e+00,    0.0000000000e+00,    0.0000000000e+00,
    1.0987400310e-03,    0.0000000000e+00,    1.0987400310e-03,    0.0000000000e+00,    1.0987400310e-03,    0.0000000000e+00,
    2.1992400289e-03,    0.0000000000e+00,    2.1992400289e-03,    0.0000000000e+00,    2.1992400289e-03,    0.0000000000e+00,
    3.2994700596e-03,    0.0000000000e+00,    3.2994700596e-03,    0.0000000000e+00,    3.2994700596e-03,    0.0000000000e+00,
    4.3993098661e-03,    0.0000000000e+00,    4.3993098661e-03,    0.0000000000e+00,    4.3993098661e-03,    0.0000000000e+00,
    5.4982001893e-03,    0.0000000000e+00,    5.4982001893e-03,    0.0000000000e+00,    5.4982001893e-03,    0.0000000000e+00,
    6.5989699215e-03,    0.0000000000e+00,    6.5989699215e-03,    0.0000000000e+00,    6.5989699215e-03,    0.0000000000e+00,
    7.6982001774e-03,    0.0000000000e+00,    7.6982001774e-03,    0.0000000000e+00,    7.6982001774e-03,    0.0000000000e+00,
    8.7984595448e-03,    0.0000000000e+00,    8.7984595448e-03,    0.0000000000e+00,    8.7984595448e-03,    0.0000000000e+00,
    9.8992399871e-03,    0.0000000000e+00,    9.8992399871e-03,    0.0000000000e+00,    9.8992399871e-03,    0.0000000000e+00,
    1.0999299586e-02,    0.0000000000e+00,    1.0999299586e-02,    0.0000000000e+00,    1.0999299586e-02,    0.0000000000e+00,
    1.2098499574e-02,    0.0000000000e+00,    1.2098499574e-02,    0.0000000000e+00,    1.2098499574e-02,    0.0000000000e+00,
    1.3197899796e-02,    0.0000000000e+00,    1.3197899796e-02,    0.0000000000e+00,    1.3197899796e-02,    0.0000000000e+00,
    1.4298999682e-02,    0.0000000000e+00,    1.4298999682e-02,    0.0000000000e+00,    1.4298999682e-02,    0.0000000000e+00,
    1.5399799682e-02,    0.0000000000e+00,    1.5399799682e-02,    0.0000000000e+00,    1.5399799682e-02,    0.0000000000e+00,
    1.6498800367e-02,    0.0000000000e+00,    1.6498800367e-02,    0.0000000000e+00,    1.6498800367e-02,    0.0000000000e+00,
    1.7598699778e-02,    0.0000000000e+00,    1.7598699778e-02,    0.0000000000e+00,    1.7598699778e-02,    0.0000000000e+00,
    1.8699700013e-02,    0.0000000000e+00,    1.8699700013e-02,    0.0000000000e+00,    1.8699700013e-02,    0.0000000000e+00,
    1.9798299298e-02,    0.0000000000e+00,    1.9798299298e-02,    0.0000000000e+00,    1.9798299298e-02,    0.0000000000e+00,
    2.0899700001e-02,    0.0000000000e+00,    2.0899700001e-02,    0.0000000000e+00,    2.0899700001e-02,    0.0000000000e+00,
    2.1998800337e-02,    0.0000000000e+00,    2.1998800337e-02,    0.0000000000e+00,    2.1998800337e-02,    0.0000000000e+00,
    2.3098800331e-02,    0.0000000000e+00,    2.3098800331e-02,    0.0000000000e+00,    2.3098800331e-02,    0.0000000000e+00,
    2.4199500680e-02,    0.0000000000e+00,    2.4199500680e-02,    0.0000000000e+00,    2.4199500680e-02,    0.0000000000e+00,
    2.5298200548e-02,    0.0000000000e+00,    2.5298200548e-02,    0.0000000000e+00,    2.5298200548e-02,    0.0000000000e+00,
    2.6398599148e-02,    0.0000000000e+00,    2.6398599148e-02,    0.0000000000e+00,    2.6398599148e-02,    0.0000000000e+00,
    2.7498900890e-02,    0.0000000000e+00,    2.7498900890e-02,    0.0000000000e+00,    2.7498900890e-02,    0.0000000000e+00,
    2.8599400073e-02,    0.0000000000e+00,    2.8599400073e-02,    0.0000000000e+00,    2.8599400073e-02,    0.0000000000e+00,
    2.9698800296e-02,    0.0000000000e+00,    2.9698800296e-02,    0.0000000000e+00,    2.9698800296e-02,    0.0000000000e+00,
    3.0798500404e-02,    0.0000000000e+00,    3.0798500404e-02,    0.0000000000e+00,    3.0798500404e-02,    0.0000000000e+00,
    3.1899299473e-02,    0.0000000000e+00,    3.1899299473e-02,    0.0000000000e+00,    3.1899299473e-02,    0.0000000000e+00,
    3.2998401672e-02,    0.0000000000e+00,    3.2998401672e-02,    0.0000000000e+00,    3.2998401672e-02,    0.0000000000e+00,
    3.4098301083e-02,    0.0000000000e+00,    3.4098301083e-02,    0.0000000000e+00,    3.4098301083e-02,    0.0000000000e+00,
    3.5198099911e-02,    0.0000000000e+00,    3.5198099911e-02,    0.0000000000e+00,    3.5198099911e-02,    0.0000000000e+00,
    3.6299798638e-02,    0.0000000000e+00,    3.6299798638e-02,    0.0000000000e+00,    3.6299798638e-02,    0.0000000000e+00,
    3.7399999797e-02,    0.0000000000e+00,    3.7399999797e-02,    0.0000000000e+00,    3.7399999797e-02,    0.0000000000e+00,
    3.8498699665e-02,    0.0000000000e+00,    3.8498699665e-02,    0.0000000000e+00,    3.8498699665e-02,    0.0000000000e+00,
    3.9598800242e-02,    0.0000000000e+00,    3.9598800242e-02,    0.0000000000e+00,    3.9598800242e-02,    0.0000000000e+00,
    4.0699601173e-02,    0.0000000000e+00,    4.0699601173e-02,    0.0000000000e+00,    4.0699601173e-02,    0.0000000000e+00,
    4.1799299419e-02,    0.0000000000e+00,    4.1799299419e-02,    0.0000000000e+00,    4.1799299419e-02,    0.0000000000e+00,
    4.2899500579e-02,    0.0000000000e+00,    4.2899500579e-02,    0.0000000000e+00,    4.2899500579e-02,    0.0000000000e+00,
    4.3998900801e-02,    0.0000000000e+00,    4.3998900801e-02,    0.0000000000e+00,    4.3998900801e-02,    0.0000000000e+00,
    4.5099001378e-02,    0.0000000000e+00,    4.5099001378e-02,    0.0000000000e+00,    4.5099001378e-02,    0.0000000000e+00,
    4.6197999269e-02,    0.0000000000e+00,    4.6197999269e-02,    0.0000000000e+00,    4.6197999269e-02,    0.0000000000e+00,
    4.7299098223e-02,    0.0000000000e+00,    4.7299098223e-02,    0.0000000000e+00,    4.7299098223e-02,    0.0000000000e+00,
    4.8399001360e-02,    0.0000000000e+00,    4.8399001360e-02,    0.0000000000e+00,    4.8399001360e-02,    0.0000000000e+00,
    4.9498401582e-02,    0.0000000000e+00,    4.9498401582e-02,    0.0000000000e+00,    4.9498401582e-02,    0.0000000000e+00,
    5.0597898662e-02,    0.0000000000e+00,    5.0597898662e-02,    0.0000000000e+00,    5.0597898662e-02,    0.0000000000e+00,
    5.1699399948e-02,    0.0000000000e+00,    5.1699399948e-02,    0.0000000000e+00,    5.1699399948e-02,    0.0000000000e+00,
    5.2798099816e-02,    0.0000000000e+00,    5.2798099816e-02,    0.0000000000e+00,    5.2798099816e-02,    0.0000000000e+00,
    5.3899601102e-02,    0.0000000000e+00,    5.3899601102e-02,    0.0000000000e+00,    5.3899601102e-02,    0.0000000000e+00,
    5.4997999221e-02,    0.0000000000e+00,    5.4997999221e-02,    0.0000000000e+00,    5.4997999221e-02,    0.0000000000e+00,
    5.6099500507e-02,    0.0000000000e+00,    5.6099500507e-02,    0.0000000000e+00,    5.6099500507e-02,    0.0000000000e+00,
    5.7199701667e-02,    0.0000000000e+00,    5.7199701667e-02,    0.0000000000e+00,    5.7199701667e-02,    0.0000000000e+00,
    5.8298401535e-02,    0.0000000000e+00,    5.8298401535e-02,    0.0000000000e+00,    5.8298401535e-02,    0.0000000000e+00,
    5.9399001300e-02,    0.0000000000e+00,    5.9399001300e-02,    0.0000000000e+00,    5.9399001300e-02,    0.0000000000e+00,
    6.0498200357e-02,    0.0000000000e+00,    6.0498200357e-02,    0.0000000000e+00,    6.0498200357e-02,    0.0000000000e+00,
    6.1599001288e-02,    0.0000000000e+00,    6.1599001288e-02,    0.0000000000e+00,    6.1599001288e-02,    0.0000000000e+00,
    6.2699802220e-02,    0.0000000000e+00,    6.2699802220e-02,    0.0000000000e+00,    6.2699802220e-02,    0.0000000000e+00,
    6.3798099756e-02,    0.0000000000e+00,    6.3798099756e-02,    0.0000000000e+00,    6.3798099756e-02,    0.0000000000e+00,
    6.4898297191e-02,    0.0000000000e+00,    6.4898297191e-02,    0.0000000000e+00,    6.4898297191e-02,    0.0000000000e+00,
    6.5999098122e-02,    0.0000000000e+00,    6.5999098122e-02,    0.0000000000e+00,    6.5999098122e-02,    0.0000000000e+00,
    6.7099899054e-02,    0.0000000000e+00,    6.7099899054e-02,    0.0000000000e+00,    6.7099899054e-02,    0.0000000000e+00,
    6.8199299276e-02,    0.0000000000e+00,    6.8199299276e-02,    0.0000000000e+00,    6.8199299276e-02,    0.0000000000e+00,
    6.9298796356e-02,    0.0000000000e+00,    6.9298796356e-02,    0.0000000000e+00,    6.9298796356e-02,    0.0000000000e+00,
    7.0398896933e-02,    0.0000000000e+00,    7.0398896933e-02,    0.0000000000e+00,    7.0398896933e-02,    0.0000000000e+00,
    7.1498103440e-02,    0.0000000000e+00,    7.1498103440e-02,    0.0000000000e+00,    7.1498103440e-02,    0.0000000000e+00,
    7.2598598897e-02,    0.0000000000e+00,    7.2598598897e-02,    0.0000000000e+00,    7.2598598897e-02,    0.0000000000e+00,
    7.3698602617e-02,    0.0000000000e+00,    7.3698602617e-02,    0.0000000000e+00,    7.3698602617e-02,    0.0000000000e+00,
    7.4799202383e-02,    0.0000000000e+00,    7.4799202383e-02,    0.0000000000e+00,    7.4799202383e-02,    0.0000000000e+00,
    7.5898602605e-02,    0.0000000000e+00,    7.5898602605e-02,    0.0000000000e+00,    7.5898602605e-02,    0.0000000000e+00,
    7.6998598874e-02,    0.0000000000e+00,    7.6998598874e-02,    0.0000000000e+00,    7.6998598874e-02,    0.0000000000e+00,
    7.8098200262e-02,    0.0000000000e+00,    7.8098200262e-02,    0.0000000000e+00,    7.8098200262e-02,    0.0000000000e+00,
    7.9199902713e-02,    0.0000000000e+00,    7.9199902713e-02,    0.0000000000e+00,    7.9199902713e-02,    0.0000000000e+00,
    8.0298796296e-02,    0.0000000000e+00,    8.0298796296e-02,    0.0000000000e+00,    8.0298796296e-02,    0.0000000000e+00,
    8.1399597228e-02,    0.0000000000e+00,    8.1399597228e-02,    0.0000000000e+00,    8.1399597228e-02,    0.0000000000e+00,
    8.2498200238e-02,    0.0000000000e+00,    8.2498200238e-02,    0.0000000000e+00,    8.2498200238e-02,    0.0000000000e+00,
    8.3599798381e-02,    0.0000000000e+00,    8.3599798381e-02,    0.0000000000e+00,    8.3599798381e-02,    0.0000000000e+00,
    8.4698498249e-02,    0.0000000000e+00,    8.4698498249e-02,    0.0000000000e+00,    8.4698498249e-02,    0.0000000000e+00,
    8.5798501968e-02,    0.0000000000e+00,    8.5798501968e-02,    0.0000000000e+00,    8.5798501968e-02,    0.0000000000e+00,
    8.6899802089e-02,    0.0000000000e+00,    8.6899802089e-02,    0.0000000000e+00,    8.6899802089e-02,    0.0000000000e+00,
    8.7998501956e-02,    0.0000000000e+00,    8.7998501956e-02,    0.0000000000e+00,    8.7998501956e-02,    0.0000000000e+00,
    8.9099898934e-02,    0.0000000000e+00,    8.9099898934e-02,    0.0000000000e+00,    8.9099898934e-02,    0.0000000000e+00,
    9.0199299157e-02,    0.0000000000e+00,    9.0199299157e-02,    0.0000000000e+00,    9.0199299157e-02,    0.0000000000e+00,
    9.1298103333e-02,    0.0000000000e+00,    9.1298103333e-02,    0.0000000000e+00,    9.1298103333e-02,    0.0000000000e+00,
    9.2399902642e-02,    0.0000000000e+00,    9.2399902642e-02,    0.0000000000e+00,    9.2399902642e-02,    0.0000000000e+00,
    9.3498602509e-02,    0.0000000000e+00,    9.3498602509e-02,    0.0000000000e+00,    9.3498602509e-02,    0.0000000000e+00,
    9.4598002732e-02,    0.0000000000e+00,    9.4598002732e-02,    0.0000000000e+00,    9.4598002732e-02,    0.0000000000e+00,
    9.5697999001e-02,    0.0000000000e+00,    9.5697999001e-02,    0.0000000000e+00,    9.5697999001e-02,    0.0000000000e+00,
    9.6799097955e-02,    0.0000000000e+00,    9.6799097955e-02,    0.0000000000e+00,    9.6799097955e-02,    0.0000000000e+00,
    9.7898297012e-02,    0.0000000000e+00,    9.7898297012e-02,    0.0000000000e+00,    9.7898297012e-02,    0.0000000000e+00,
    9.8999597132e-02,    0.0000000000e+00,    9.8999597132e-02,    0.0000000000e+00,    9.8999597132e-02,    0.0000000000e+00,
    1.0009799898e-01,    0.0000000000e+00,    1.0009799898e-01,    0.0000000000e+00,    1.0009799898e-01,    0.0000000000e+00,
    1.0119800270e-01,    0.0000000000e+00,    1.0119800270e-01,    0.0000000000e+00,    1.0119800270e-01,    0.0000000000e+00,
    1.0229899734e-01,    0.0000000000e+00,    1.0229899734e-01,    0.0000000000e+00,    1.0229899734e-01,    0.0000000000e+00,
    1.0339900106e-01,    0.0000000000e+00,    1.0339900106e-01,    0.0000000000e+00,    1.0339900106e-01,    0.0000000000e+00,
    1.0449799895e-01,    0.0000000000e+00,    1.0449799895e-01,    0.0000000000e+00,    1.0449799895e-01,    0.0000000000e+00,
    1.0559900105e-01,    0.0000000000e+00,    1.0559900105e-01,    0.0000000000e+00,    1.0559900105e-01,    0.0000000000e+00,
    1.0669799894e-01,    0.0000000000e+00,    1.0669799894e-01,    0.0000000000e+00,    1.0669799894e-01,    0.0000000000e+00,
    1.0779900104e-01,    0.0000000000e+00,    1.0779900104e-01,    0.0000000000e+00,    1.0779900104e-01,    0.0000000000e+00,
    1.0890000314e-01,    0.0000000000e+00,    1.0890000314e-01,    0.0000000000e+00,    1.0890000314e-01,    0.0000000000e+00,
    1.0999900103e-01,    0.0000000000e+00,    1.0999900103e-01,    0.0000000000e+00,    1.0999900103e-01,    0.0000000000e+00,
    1.1110000312e-01,    0.0000000000e+00,    1.1110000312e-01,    0.0000000000e+00,    1.1110000312e-01,    0.0000000000e+00,
    1.1219999939e-01,    0.0000000000e+00,    1.1219999939e-01,    0.0000000000e+00,    1.1219999939e-01,    0.0000000000e+00,
    1.1329899728e-01,    0.0000000000e+00,    1.1329899728e-01,    0.0000000000e+00,    1.1329899728e-01,    0.0000000000e+00,
    1.1439999938e-01,    0.0000000000e+00,    1.1439999938e-01,    0.0000000000e+00,    1.1439999938e-01,    0.0000000000e+00,
    1.1549799889e-01,    0.0000000000e+00,    1.1549799889e-01,    0.0000000000e+00,    1.1549799889e-01,    0.0000000000e+00,
    1.1659800261e-01,    0.0000000000e+00,    1.1659800261e-01,    0.0000000000e+00,    1.1659800261e-01,    0.0000000000e+00,
    1.1769899726e-01,    0.0000000000e+00,    1.1769899726e-01,    0.0000000000e+00,    1.1769899726e-01,    0.0000000000e+00,
    1.1879999936e-01,    0.0000000000e+00,    1.1879999936e-01,    0.0000000000e+00,    1.1879999936e-01,    0.0000000000e+00,
    1.1989899725e-01,    0.0000000000e+00,    1.1989899725e-01,    0.0000000000e+00,    1.1989899725e-01,    0.0000000000e+00,
    1.2099900097e-01,    0.0000000000e+00,    1.2099900097e-01,    0.0000000000e+00,    1.2099900097e-01,    0.0000000000e+00,
    1.2209899724e-01,    0.0000000000e+00,    1.2209899724e-01,    0.0000000000e+00,    1.2209899724e-01,    0.0000000000e+00,
    1.2319999933e-01,    0.0000000000e+00,    1.2319999933e-01,    0.0000000000e+00,    1.2319999933e-01,    0.0000000000e+00,
    1.2430000305e-01,    0.0000000000e+00,    1.2430000305e-01,    0.0000000000e+00,    1.2430000305e-01,    0.0000000000e+00,
    1.2539799511e-01,    0.0000000000e+00,    1.2539799511e-01,    0.0000000000e+00,    1.2539799511e-01,    0.0000000000e+00,
    1.2649799883e-01,    0.0000000000e+00,    1.2649799883e-01,    0.0000000000e+00,    1.2649799883e-01,    0.0000000000e+00,
    1.2759999931e-01,    0.0000000000e+00,    1.2759999931e-01,    0.0000000000e+00,    1.2759999931e-01,    0.0000000000e+00,
    1.2869800627e-01,    0.0000000000e+00,    1.2869800627e-01,    0.0000000000e+00,    1.2869800627e-01,    0.0000000000e+00,
    1.2980000675e-01,    0.0000000000e+00,    1.2980000675e-01,    0.0000000000e+00,    1.2980000675e-01,    0.0000000000e+00,
    1.3089899719e-01,    0.0000000000e+00,    1.3089899719e-01,    0.0000000000e+00,    1.3089899719e-01,    0.0000000000e+00,
    1.3199800253e-01,    0.0000000000e+00,    1.3199800253e-01,    0.0000000000e+00,    1.3199800253e-01,    0.0000000000e+00,
    1.3309900463e-01,    0.0000000000e+00,    1.3309900463e-01,    0.0000000000e+00,    1.3309900463e-01,    0.0000000000e+00,
    1.3419899344e-01,    0.0000000000e+00,    1.3419899344e-01,    0.0000000000e+00,    1.3419899344e-01,    0.0000000000e+00,
    1.3529899716e-01,    0.0000000000e+00,    1.3529899716e-01,    0.0000000000e+00,    1.3529899716e-01,    0.0000000000e+00,
    1.3639900088e-01,    0.0000000000e+00,    1.3639900088e-01,    0.0000000000e+00,    1.3639900088e-01,    0.0000000000e+00,
    1.3750000298e-01,    0.0000000000e+00,    1.3750000298e-01,    0.0000000000e+00,    1.3750000298e-01,    0.0000000000e+00,
    1.3859799504e-01,    0.0000000000e+00,    1.3859799504e-01,    0.0000000000e+00,    1.3859799504e-01,    0.0000000000e+00,
    1.3969799876e-01,    0.0000000000e+00,    1.3969799876e-01,    0.0000000000e+00,    1.3969799876e-01,    0.0000000000e+00,
    1.4079800248e-01,    0.0000000000e+00,    1.4079800248e-01,    0.0000000000e+00,    1.4079800248e-01,    0.0000000000e+00,
    1.4189900458e-01,    0.0000000000e+00,    1.4189900458e-01,    0.0000000000e+00,    1.4189900458e-01,    0.0000000000e+00,
    1.4299899340e-01,    0.0000000000e+00,    1.4299899340e-01,    0.0000000000e+00,    1.4299899340e-01,    0.0000000000e+00,
    1.4409899712e-01,    0.0000000000e+00,    1.4409899712e-01,    0.0000000000e+00,    1.4409899712e-01,    0.0000000000e+00,
    1.4519999921e-01,    0.0000000000e+00,    1.4519999921e-01,    0.0000000000e+00,    1.4519999921e-01,    0.0000000000e+00,
    1.4629900455e-01,    0.0000000000e+00,    1.4629900455e-01,    0.0000000000e+00,    1.4629900455e-01,    0.0000000000e+00,
    1.4739799500e-01,    0.0000000000e+00,    1.4739799500e-01,    0.0000000000e+00,    1.4739799500e-01,    0.0000000000e+00,
    1.4849999547e-01,    0.0000000000e+00,    1.4849999547e-01,    0.0000000000e+00,    1.4849999547e-01,    0.0000000000e+00,
    1.4959900081e-01,    0.0000000000e+00,    1.4959900081e-01,    0.0000000000e+00,    1.4959900081e-01,    0.0000000000e+00,
    1.5069900453e-01,    0.0000000000e+00,    1.5069900453e-01,    0.0000000000e+00,    1.5069900453e-01,    0.0000000000e+00,
    1.5179899335e-01,    0.0000000000e+00,    1.5179899335e-01,    0.0000000000e+00,    1.5179899335e-01,    0.0000000000e+00,
    1.5289999545e-01,    0.0000000000e+00,    1.5289999545e-01,    0.0000000000e+00,    1.5289999545e-01,    0.0000000000e+00,
    1.5399800241e-01,    0.0000000000e+00,    1.5399800241e-01,    0.0000000000e+00,    1.5399800241e-01,    0.0000000000e+00,
    1.5509800613e-01,    0.0000000000e+00,    1.5509800613e-01,    0.0000000000e+00,    1.5509800613e-01,    0.0000000000e+00,
    1.5619799495e-01,    0.0000000000e+00,    1.5619799495e-01,    0.0000000000e+00,    1.5619799495e-01,    0.0000000000e+00,
    1.5729899704e-01,    0.0000000000e+00,    1.5729899704e-01,    0.0000000000e+00,    1.5729899704e-01,    0.0000000000e+00,
    1.5839900076e-01,    0.0000000000e+00,    1.5839900076e-01,    0.0000000000e+00,    1.5839900076e-01,    0.0000000000e+00,
    1.5950000286e-01,    0.0000000000e+00,    1.5950000286e-01,    0.0000000000e+00,    1.5950000286e-01,    0.0000000000e+00,
    1.6059799492e-01,    0.0000000000e+00,    1.6059799492e-01,    0.0000000000e+00,    1.6059799492e-01,    0.0000000000e+00,
    1.6169799864e-01,    0.0000000000e+00,    1.6169799864e-01,    0.0000000000e+00,    1.6169799864e-01,    0.0000000000e+00,
    1.6279800236e-01,    0.0000000000e+00,    1.6279800236e-01,    0.0000000000e+00,    1.6279800236e-01,    0.0000000000e+00,
    1.6389900446e-01,    0.0000000000e+00,    1.6389900446e-01,    0.0000000000e+00,    1.6389900446e-01,    0.0000000000e+00,
    1.6499899328e-01,    0.0000000000e+00,    1.6499899328e-01,    0.0000000000e+00,    1.6499899328e-01,    0.0000000000e+00,
    1.6609799862e-01,    0.0000000000e+00,    1.6609799862e-01,    0.0000000000e+00,    1.6609799862e-01,    0.0000000000e+00,
    1.6719999909e-01,    0.0000000000e+00,    1.6719999909e-01,    0.0000000000e+00,    1.6719999909e-01,    0.0000000000e+00,
    1.6829900444e-01,    0.0000000000e+00,    1.6829900444e-01,    0.0000000000e+00,    1.6829900444e-01,    0.0000000000e+00,
    1.6939899325e-01,    0.0000000000e+00,    1.6939899325e-01,    0.0000000000e+00,    1.6939899325e-01,    0.0000000000e+00,
    1.7049999535e-01,    0.0000000000e+00,    1.7049999535e-01,    0.0000000000e+00,    1.7049999535e-01,    0.0000000000e+00,
    1.7159999907e-01,    0.0000000000e+00,    1.7159999907e-01,    0.0000000000e+00,    1.7159999907e-01,    0.0000000000e+00,
    1.7269800603e-01,    0.0000000000e+00,    1.7269800603e-01,    0.0000000000e+00,    1.7269800603e-01,    0.0000000000e+00,
    1.7379899323e-01,    0.0000000000e+00,    1.7379899323e-01,    0.0000000000e+00,    1.7379899323e-01,    0.0000000000e+00,
    1.7489799857e-01,    0.0000000000e+00,    1.7489799857e-01,    0.0000000000e+00,    1.7489799857e-01,    0.0000000000e+00,
    1.7599900067e-01,    0.0000000000e+00,    1.7599900067e-01,    0.0000000000e+00,    1.7599900067e-01,    0.0000000000e+00,
    1.7709800601e-01,    0.0000000000e+00,    1.7709800601e-01,    0.0000000000e+00,    1.7709800601e-01,    0.0000000000e+00,
    1.7819799483e-01,    0.0000000000e+00,    1.7819799483e-01,    0.0000000000e+00,    1.7819799483e-01,    0.0000000000e+00,
    1.7929899693e-01,    0.0000000000e+00,    1.7929899693e-01,    0.0000000000e+00,    1.7929899693e-01,    0.0000000000e+00,
    1.8039900064e-01,    0.0000000000e+00,    1.8039900064e-01,    0.0000000000e+00,    1.8039900064e-01,    0.0000000000e+00,
    1.8149900436e-01,    0.0000000000e+00,    1.8149900436e-01,    0.0000000000e+00,    1.8149900436e-01,    0.0000000000e+00,
    1.8259799480e-01,    0.0000000000e+00,    1.8259799480e-01,    0.0000000000e+00,    1.8259799480e-01,    0.0000000000e+00,
    1.8369799852e-01,    0.0000000000e+00,    1.8369799852e-01,    0.0000000000e+00,    1.8369799852e-01,    0.0000000000e+00,
    1.8479900062e-01,    0.0000000000e+00,    1.8479900062e-01,    0.0000000000e+00,    1.8479900062e-01,    0.0000000000e+00,
    1.8590000272e-01,    0.0000000000e+00,    1.8590000272e-01,    0.0000000000e+00,    1.8590000272e-01,    0.0000000000e+00,
    1.8700000644e-01,    0.0000000000e+00,    1.8700000644e-01,    0.0000000000e+00,    1.8700000644e-01,    0.0000000000e+00,
    1.8809899688e-01,    0.0000000000e+00,    1.8809899688e-01,    0.0000000000e+00,    1.8809899688e-01,    0.0000000000e+00,
    1.8919800222e-01,    0.0000000000e+00,    1.8919800222e-01,    0.0000000000e+00,    1.8919800222e-01,    0.0000000000e+00,
    1.9029900432e-01,    0.0000000000e+00,    1.9029900432e-01,    0.0000000000e+00,    1.9029900432e-01,    0.0000000000e+00,
    1.9139799476e-01,    0.0000000000e+00,    1.9139799476e-01,    0.0000000000e+00,    1.9139799476e-01,    0.0000000000e+00,
    1.9249799848e-01,    0.0000000000e+00,    1.9249799848e-01,    0.0000000000e+00,    1.9249799848e-01,    0.0000000000e+00,
    1.9359900057e-01,    0.0000000000e+00,    1.9359900057e-01,    0.0000000000e+00,    1.9359900057e-01,    0.0000000000e+00,
    1.9470000267e-01,    0.0000000000e+00,    1.9470000267e-01,    0.0000000000e+00,    1.9470000267e-01,    0.0000000000e+00,
    1.9579899311e-01,    0.0000000000e+00,    1.9579899311e-01,    0.0000000000e+00,    1.9579899311e-01,    0.0000000000e+00,
    1.9689899683e-01,    0.0000000000e+00,    1.9689899683e-01,    0.0000000000e+00,    1.9689899683e-01,    0.0000000000e+00,
    1.9799900055e-01,    0.0000000000e+00,    1.9799900055e-01,    0.0000000000e+00,    1.9799900055e-01,    0.0000000000e+00,
    1.9909900427e-01,    0.0000000000e+00,    1.9909900427e-01,    0.0000000000e+00,    1.9909900427e-01,    0.0000000000e+00,
    2.0019899309e-01,    0.0000000000e+00,    2.0019899309e-01,    0.0000000000e+00,    2.0019899309e-01,    0.0000000000e+00,
    2.0129999518e-01,    0.0000000000e+00,    2.0129999518e-01,    0.0000000000e+00,    2.0129999518e-01,    0.0000000000e+00,
    2.0239900053e-01,    0.0000000000e+00,    2.0239900053e-01,    0.0000000000e+00,    2.0239900053e-01,    0.0000000000e+00,
    2.0349900424e-01,    0.0000000000e+00,    2.0349900424e-01,    0.0000000000e+00,    2.0349900424e-01,    0.0000000000e+00,
    2.0460000634e-01,    0.0000000000e+00,    2.0460000634e-01,    0.0000000000e+00,    2.0460000634e-01,    0.0000000000e+00,
    2.0569999516e-01,    0.0000000000e+00,    2.0569999516e-01,    0.0000000000e+00,    2.0569999516e-01,    0.0000000000e+00,
    2.0679999888e-01,    1.6991100438e-07,    2.0679999888e-01,    9.8474801052e-04,    2.0679999888e-01,   -3.7233800754e-07,
    2.0789900422e-01,    6.2692002700e-08,    2.0789900422e-01,    9.5270797610e-03,    2.0789900422e-01,   -1.8399100554e-06,
    2.0899899304e-01,   -2.5910000545e-07,    2.0899899304e-01,    2.1744899452e-02,    2.0899899304e-01,    1.1830900348e-06,
    2.1009899676e-01,   -2.2486099649e-09,    2.1009899676e-01,    3.5955801606e-02,    2.1009899676e-01,   -1.9021299522e-05,
    2.1119900048e-01,    5.7096400496e-07,    2.1119900048e-01,    5.3387500346e-02,    2.1119900048e-01,   -3.0930600587e-06,
    2.1229900420e-01,   -2.1699200659e-07,    2.1229900420e-01,    7.3188602924e-02,    2.1229900420e-01,   -6.8010699579e-06,
    2.1340000629e-01,    9.6574297004e-08,    2.1340000629e-01,    9.8982296884e-02,    2.1340000629e-01,   -1.0859799659e-05,
    2.1449899673e-01,   -9.4873297485e-07,    2.1449899673e-01,    1.2718999386e-01,    2.1449899673e-01,    2.4083699827e-05,
    2.1559900045e-01,    7.1267299973e-07,    2.1559900045e-01,    1.5642899275e-01,    2.1559900045e-01,    4.7757701395e-05,
    2.1669900417e-01,   -5.7557701894e-07,    2.1669900417e-01,    1.8878600001e-01,    2.1669900417e-01,    1.8857099349e-05,
    2.1780000627e-01,    7.4161897601e-07,    2.1780000627e-01,    2.2252599895e-01,    2.1780000627e-01,    6.5559099312e-05,
    2.1889899671e-01,   -1.1283200152e-08,    2.1889899671e-01,    2.5659701228e-01,    2.1889899671e-01,    1.0708899936e-04,
    2.1999800205e-01,   -5.3583499948e-07,    2.1999800205e-01,    2.9545798898e-01,    2.1999800205e-01,    1.5531000099e-04,
    2.2110000253e-01,    6.3202497813e-07,    2.2110000253e-01,    3.3826300502e-01,    2.2110000253e-01,    2.1718100470e-04,
    2.2219899297e-01,    6.1992199107e-07,    2.2219899297e-01,    3.8439500332e-01,    2.2219899297e-01,    9.0096502390e-05,
    2.2329799831e-01,    2.1678600604e-07,    2.2329799831e-01,    4.3789601326e-01,    2.2329799831e-01,    2.2400800663e-04,
    2.2439800203e-01,   -6.5692802309e-07,    2.2439800203e-01,    4.9180498719e-01,    2.2439800203e-01,    2.4712600862e-04,
    2.2549900413e-01,   -1.4822299477e-07,    2.2549900413e-01,    5.4811000824e-01,    2.2549900413e-01,    7.1895003202e-05,
    2.2659899294e-01,   -1.2161500251e-07,    2.2659899294e-01,    6.1745500565e-01,    2.2659899294e-01,    8.4573199274e-05,
    2.2769899666e-01,   -1.9419699981e-07,    2.2769899666e-01,    6.9356197119e-01,    2.2769899666e-01,    9.8958298622e-05,
    2.2879999876e-01,    1.6741199715e-06,    2.2879999876e-01,    7.7187401056e-01,    2.2879999876e-01,   -5.2828600019e-05,
    2.2989900410e-01,   -3.2440598829e-07,    2.2989900410e-01,    8.5627901554e-01,    2.2989900410e-01,   -4.3407999328e-04,
    2.3099899292e-01,    3.6182498775e-08,    2.3099899292e-01,    9.2956602573e-01,    2.3099899292e-01,   -3.3196099685e-04,
    2.3209899664e-01,   -1.0622300208e-02,    2.3209899664e-01,    9.0570801497e-01,    2.3209899664e-01,    1.1447999859e-03,
    2.3319999874e-01,   -3.7219699472e-02,    2.3319999874e-01,    8.3203798532e-01,    2.3319999874e-01,    2.1905900212e-04,
    2.3429900408e-01,   -3.8474500179e-02,    2.3429900408e-01,    8.9317899942e-01,    2.3429900408e-01,    2.4811399271e-05,
    2.3539899290e-01,   -5.8635700494e-02,    2.3539899290e-01,    9.1552799940e-01,    2.3539899290e-01,   -5.7412101887e-04,
    2.3649799824e-01,   -6.5878100693e-02,    2.3649799824e-01,    9.8572701216e-01,    2.3649799824e-01,   -4.3127298704e-04,
    2.3759900033e-01,   -8.2639902830e-02,    2.3759900033e-01,    1.0033400059e+00,    2.3759900033e-01,   -1.0860300245e-04,
    2.3870000243e-01,   -7.9983003438e-02,    2.3870000243e-01,    1.0757199526e+00,    2.3870000243e-01,   -4.5400499948e-04,
    2.3979899287e-01,   -7.9255096614e-02,    2.3979899287e-01,    1.1510499716e+00,    2.3979899287e-01,   -2.3511200197e-05,
    2.4089899659e-01,   -1.0192800313e-01,    2.4089899659e-01,    1.1857199669e+00,    2.4089899659e-01,    9.9086994305e-04,
    2.4199900031e-01,   -1.0851799697e-01,    2.4199900031e-01,    1.2412999868e+00,    2.4199900031e-01,    2.0862100646e-03,
    2.4310000241e-01,   -1.0092499852e-01,    2.4310000241e-01,    1.3086099625e+00,    2.4310000241e-01,    2.6705400087e-03,
    2.4419899285e-01,   -9.7518101335e-02,    2.4419899285e-01,    1.3815699816e+00,    2.4419899285e-01,    2.8655799106e-03,
    2.4529799819e-01,   -1.0886099935e-01,    2.4529799819e-01,    1.4663699865e+00,    2.4529799819e-01,    2.1013501100e-03,
    2.4639999866e-01,   -1.0837599635e-01,    2.4639999866e-01,    1.5542700291e+00,    2.4639999866e-01,    2.1868799813e-03,
    2.4749800563e-01,   -9.6217103302e-02,    2.4749800563e-01,    1.6428600550e+00,    2.4749800563e-01,    1.7321100459e-03,
    2.4860000610e-01,   -9.6165403724e-02,    2.4860000610e-01,    1.7413200140e+00,    2.4860000610e-01,    1.6032300191e-03,
    2.4969899654e-01,   -8.8267497718e-02,    2.4969899654e-01,    1.7653199434e+00,    2.4969899654e-01,    8.3837198326e-04,
    2.5079798698e-01,   -1.0583599657e-01,    2.5079798698e-01,    1.8060899973e+00,    2.5079798698e-01,   -2.2171200253e-03,
    2.5189799070e-01,   -7.8414499760e-02,    2.5189799070e-01,    1.8647999763e+00,    2.5189799070e-01,    9.4689702382e-04,
    2.5299999118e-01,   -7.4877403677e-02,    2.5299999118e-01,    1.9709000587e+00,    2.5299999118e-01,    3.3466299647e-04,
    2.5409901142e-01,   -7.9317003489e-02,    2.5409901142e-01,    2.0615999699e+00,    2.5409901142e-01,    1.3564099791e-03,
    2.5519898534e-01,   -4.9194898456e-02,    2.5519898534e-01,    2.0625600815e+00,    2.5519898534e-01,    2.2560700309e-03,
    2.5629898906e-01,   -5.5400598794e-02,    2.5629898906e-01,    2.1172199249e+00,    2.5629898906e-01,   -2.0060999668e-04,
    2.5739899278e-01,   -5.3399700671e-02,    2.5739899278e-01,    2.1992199421e+00,    2.5739899278e-01,   -8.8845798746e-04,
    2.5850000978e-01,   -4.3527599424e-02,    2.5850000978e-01,    2.3052799702e+00,    2.5850000978e-01,   -3.2185900636e-05,
    2.5959900022e-01,   -4.7587200999e-02,    2.5959900022e-01,    2.4061000347e+00,    2.5959900022e-01,    7.7007897198e-04,
    2.6069998741e-01,   -4.8168499023e-02,    2.6069998741e-01,    2.5207400322e+00,    2.6069998741e-01,    2.3409100249e-03,
    2.6179799438e-01,   -3.9104700089e-02,    2.6179799438e-01,    2.6523799896e+00,    2.6179799438e-01,    2.6141100097e-03,
    2.6289901137e-01,   -2.7220999822e-02,    2.6289901137e-01,    2.7807400227e+00,    2.6289901137e-01,    2.2901298944e-03,
    2.6399999857e-01,   -3.8934800774e-02,    2.6399999857e-01,    2.9169099331e+00,    2.6399999857e-01,    4.6429098584e-03,
    2.6509800553e-01,   -4.7778498381e-02,    2.6509800553e-01,    3.0426900387e+00,    2.6509800553e-01,    3.9861798286e-03,
    2.6619899273e-01,   -3.8189098239e-02,    2.6619899273e-01,    3.0532300472e+00,    2.6619899273e-01,   -2.3568999022e-03,
    2.6729899645e-01,    3.1895800494e-03,    2.6729899645e-01,    3.0715000629e+00,    2.6729899645e-01,   -7.0401299745e-03,
    2.6839798689e-01,   -1.5394000337e-02,    2.6839798689e-01,    3.1960000992e+00,    2.6839798689e-01,   -1.9338399870e-03,
    2.6949900389e-01,   -1.8811900169e-02,    2.6949900389e-01,    3.3309199810e+00,    2.6949900389e-01,   -1.0204700520e-03,
    2.7059900761e-01,    7.5423098169e-03,    2.7059900761e-01,    3.4624600410e+00,    2.7059900761e-01,    6.3862599200e-04,
    2.7169799805e-01,    8.6349900812e-03,    2.7169799805e-01,    3.5813601017e+00,    2.7169799805e-01,    1.4087399468e-03,
    2.7279800177e-01,   -1.3938300312e-02,    2.7279800177e-01,    3.7056701183e+00,    2.7279800177e-01,    2.9091900215e-03,
    2.7389898896e-01,   -1.9596500322e-02,    2.7389898896e-01,    3.8248300552e+00,    2.7389898896e-01,    3.2661301084e-03,
    2.7499899268e-01,    4.5317001641e-02,    2.7499899268e-01,    3.7976999283e+00,    2.7499899268e-01,   -6.1760698445e-03,
    2.7609801292e-01,    3.5180799663e-02,    2.7609801292e-01,    3.9194700718e+00,    2.7609801292e-01,   -2.1874699742e-03,
    2.7719900012e-01,    1.3106700033e-02,    2.7719900012e-01,    4.0500397682e+00,    2.7719900012e-01,   -3.5632799845e-03,
    2.7829900384e-01,    1.9861400127e-02,    2.7829900384e-01,    4.1927900314e+00,    2.7829900384e-01,    2.1964600310e-03,
    2.7939999104e-01,    3.4848999232e-02,    2.7939999104e-01,    4.3320899010e+00,    2.7939999104e-01,    8.0813601380e-04,
    2.8049999475e-01,    8.2016903907e-03,    2.8049999475e-01,    4.4313402176e+00,    2.8049999475e-01,   -4.5066699386e-04,
    2.8159898520e-01,   -7.5516197830e-03,    2.8159898520e-01,    4.5639300346e+00,    2.8159898520e-01,    2.8671699110e-03,
    2.8269898891e-01,    1.1881099781e-03,    2.8269898891e-01,    4.6747298241e+00,    2.8269898891e-01,    2.4199599866e-03,
    2.8379899263e-01,    9.6762701869e-03,    2.8379899263e-01,    4.8193402290e+00,    2.8379899263e-01,    4.5304899104e-03,
    2.8489899635e-01,    4.6698800288e-03,    2.8489899635e-01,    4.9374299049e+00,    2.8489899635e-01,    6.0157100670e-03,
    2.8599900007e-01,    5.6694401428e-03,    2.8599900007e-01,    5.0187201500e+00,    2.8599900007e-01,    4.0308302268e-03,
    2.8709799051e-01,    2.4513399228e-02,    2.8709799051e-01,    5.1301798820e+00,    2.8709799051e-01,    1.9165399717e-03,
    2.8819999099e-01,    2.3244099692e-02,    2.8819999099e-01,    5.2378401756e+00,    2.8819999099e-01,    9.2003401369e-03,
    2.8929901123e-01,    1.4378000051e-02,    2.8929901123e-01,    5.3244600296e+00,    2.8929901123e-01,    1.0119699873e-02,
    2.9039999843e-01,    1.2235900387e-02,    2.9039999843e-01,    5.4427299500e+00,    2.9039999843e-01,    1.2975599617e-02,
    2.9150000215e-01,    1.4422900043e-02,    2.9150000215e-01,    5.5526099205e+00,    2.9150000215e-01,    1.2955999933e-02,
    2.9259899259e-01,    1.1113500223e-02,    2.9259899259e-01,    5.6494498253e+00,    2.9259899259e-01,    9.7317304462e-03,
    2.9370000958e-01,    9.3300100416e-03,    2.9370000958e-01,    5.7494502068e+00,    2.9370000958e-01,    1.3893299736e-02,
    2.9479798675e-01,    2.7167201042e-03,    2.9479798675e-01,    5.8466901779e+00,    2.9479798675e-01,    1.1874300428e-02,
    2.9589900374e-01,    1.0301499860e-03,    2.9589900374e-01,    5.9614200592e+00,    2.9589900374e-01,    1.2347199954e-02,
    2.9699799418e-01,   -4.8505300656e-03,    2.9699799418e-01,    6.0123400688e+00,    2.9699799418e-01,    9.0024797246e-03,
    2.9809799790e-01,   -1.6951700673e-02,    2.9809799790e-01,    6.0505900383e+00,    2.9809799790e-01,    9.7076799721e-03,
    2.9919898510e-01,   -2.0129900426e-02,    2.9919898510e-01,    6.1220397949e+00,    2.9919898510e-01,    7.1368501522e-03,
    3.0030000210e-01,   -2.3312700912e-02,    3.0030000210e-01,    6.2007899284e+00,    3.0030000210e-01,    5.5407099426e-03,
    3.0139800906e-01,   -2.1755900234e-02,    3.0139800906e-01,    6.3000302315e+00,    3.0139800906e-01,    5.1724598743e-03,
    3.0249899626e-01,   -2.9542200267e-02,    3.0249899626e-01,    6.4115900993e+00,    3.0249899626e-01,    7.1463799104e-03,
    3.0359899998e-01,   -3.2615900040e-02,    3.0359899998e-01,    6.4676499367e+00,    3.0359899998e-01,    1.0363699868e-02,
    3.0469998717e-01,   -3.0443299562e-02,    3.0469998717e-01,    6.5542101860e+00,    3.0469998717e-01,    1.0003400035e-02,
    3.0579900742e-01,   -2.6917099953e-02,    3.0579900742e-01,    6.6551499367e+00,    3.0579900742e-01,    9.3965698034e-03,
    3.0689799786e-01,   -3.1919598579e-02,    3.0689799786e-01,    6.7433500290e+00,    3.0689799786e-01,    8.2677695900e-03,
    3.0799901485e-01,   -2.4439899251e-02,    3.0799901485e-01,    6.8152899742e+00,    3.0799901485e-01,    1.1996099725e-02,
    3.0909800529e-01,   -1.3951700181e-02,    3.0909800529e-01,    6.8963999748e+00,    3.0909800529e-01,    1.2126900256e-02,
    3.1019899249e-01,   -1.4229699969e-02,    3.1019899249e-01,    6.9726700783e+00,    3.1019899249e-01,    1.4681099914e-02,
    3.1130000949e-01,   -3.6831200123e-02,    3.1130000949e-01,    6.9810600281e+00,    3.1130000949e-01,    6.0718897730e-03,
    3.1239798665e-01,   -2.0453799516e-02,    3.1239798665e-01,    7.0610699654e+00,    3.1239798665e-01,    1.0784599930e-02,
    3.1349799037e-01,   -1.0174900293e-02,    3.1349799037e-01,    7.1112399101e+00,    3.1349799037e-01,    6.2973699532e-03,
    3.1459900737e-01,    5.9091299772e-03,    3.1459900737e-01,    7.1108999252e+00,    3.1459900737e-01,    1.6749799252e-02,
    3.1569901109e-01,    3.8076099008e-04,    3.1569901109e-01,    7.1683602333e+00,    3.1569901109e-01,    1.1639400385e-02,
    3.1679901481e-01,    1.2153900228e-02,    3.1679901481e-01,    7.2730398178e+00,    3.1679901481e-01,    9.0740304440e-03,
    3.1789800525e-01,    2.7866700664e-02,    3.1789800525e-01,    7.3746299744e+00,    3.1789800525e-01,    1.1832499877e-02,
    3.1899800897e-01,    3.3564999467e-04,    3.1899800897e-01,    7.4690999985e+00,    3.1899800897e-01,    9.9766198546e-03,
    3.2009899616e-01,   -1.8068499863e-02,    3.2009899616e-01,    7.5042500496e+00,    3.2009899616e-01,    1.8401699141e-02,
    3.2119798660e-01,    1.0848199949e-02,    3.2119798660e-01,    7.5875301361e+00,    3.2119798660e-01,    1.8159000203e-02,
    3.2229799032e-01,    1.4695899561e-02,    3.2229799032e-01,    7.6486201286e+00,    3.2229799032e-01,    2.0078100264e-02,
    3.2339799404e-01,   -2.2273199633e-02,    3.2339799404e-01,    7.7296400070e+00,    3.2339799404e-01,    2.0547799766e-02,
    3.2449799776e-01,   -1.8988899887e-02,    3.2449799776e-01,    7.8258900642e+00,    3.2449799776e-01,    2.0756799728e-02,
    3.2559999824e-01,    4.4416300952e-03,    3.2559999824e-01,    7.9366898537e+00,    3.2559999824e-01,    1.2662800029e-02,
    3.2669898868e-01,   -4.6737999655e-03,    3.2669898868e-01,    8.0126800537e+00,    3.2669898868e-01,    1.5360100195e-02,
    3.2779899240e-01,   -3.5925399512e-02,    3.2779899240e-01,    8.1174201965e+00,    3.2779899240e-01,    1.1785999872e-02,
    3.2889899611e-01,   -2.0691599697e-02,    3.2889899611e-01,    8.2162504196e+00,    3.2889899611e-01,    1.4705999754e-02,
    3.2999899983e-01,   -5.9539498761e-03,    3.2999899983e-01,    8.3577003479e+00,    3.2999899983e-01,    1.3223700225e-02,
    3.3109998703e-01,   -2.7745600790e-02,    3.3109998703e-01,    8.4861097336e+00,    3.3109998703e-01,    1.1298100464e-02,
    3.3219900727e-01,   -4.7661200166e-02,    3.3219900727e-01,    8.5931701660e+00,    3.3219900727e-01,    1.1988899671e-02,
    3.3329901099e-01,   -6.0655497946e-03,    3.3329901099e-01,    8.5846996307e+00,    3.3329901099e-01,   -6.8067898974e-04,
    3.3439999819e-01,    7.2528501041e-03,    3.3439999819e-01,    8.6086702347e+00,    3.3439999819e-01,    1.0615600040e-03,
    3.3549800515e-01,   -2.8087299317e-02,    3.3549800515e-01,    8.7123003006e+00,    3.3549800515e-01,   -2.2274700459e-03,
    3.3659899235e-01,   -1.1820400134e-02,    3.3659899235e-01,    8.8072299957e+00,    3.3659899235e-01,    2.8130901046e-03,
    3.3769801259e-01,    4.2419498786e-03,    3.3769801259e-01,    8.8747301102e+00,    3.3769801259e-01,    2.6269399095e-03,
    3.3880001307e-01,   -9.3185696751e-03,    3.3880001307e-01,    8.9069004059e+00,    3.3880001307e-01,    4.9275497440e-04,
    3.3989799023e-01,   -3.2382499427e-02,    3.3989799023e-01,    8.9439897537e+00,    3.3989799023e-01,    1.8884000383e-05,
    3.4099900723e-01,   -1.8461799482e-03,    3.4099900723e-01,    8.9853401184e+00,    3.4099900723e-01,    2.8692400083e-03,
    3.4209799767e-01,    7.5758402236e-03,    3.4209799767e-01,    9.0560102463e+00,    3.4209799767e-01,   -3.6590299569e-03,
    3.4319901466e-01,   -2.6804300025e-02,    3.4319901466e-01,    9.0859899521e+00,    3.4319901466e-01,   -6.9951899350e-03,
    3.4429898858e-01,   -4.0628500283e-02,    3.4429898858e-01,    9.1216602325e+00,    3.4429898858e-01,   -1.6345400363e-02,
    3.4539899230e-01,   -1.0735000251e-03,    3.4539899230e-01,    9.2278404236e+00,    3.4539899230e-01,   -1.1728599668e-02,
    3.4649899602e-01,   -1.6931299120e-02,    3.4649899602e-01,    9.3755598068e+00,    3.4649899602e-01,   -1.0033399798e-02,
    3.4759899974e-01,   -4.3941300362e-02,    3.4759899974e-01,    9.4906997681e+00,    3.4759899974e-01,   -1.1782499962e-02,
    3.4869900346e-01,   -1.2365199625e-02,    3.4869900346e-01,    9.6033096313e+00,    3.4869900346e-01,   -4.0306700394e-03,
    3.4979900718e-01,    1.7687799409e-02,    3.4979900718e-01,    9.6996698380e+00,    3.4979900718e-01,   -8.3038499579e-03,
    3.5089901090e-01,   -1.5594300348e-03,    3.5089901090e-01,    9.7738504410e+00,    3.5089901090e-01,   -4.4662300497e-03,
    3.5199999809e-01,   -1.3850900577e-03,    3.5199999809e-01,    9.8711900711e+00,    3.5199999809e-01,   -1.0858499445e-03,
    3.5309898853e-01,    3.5232100636e-02,    3.5309898853e-01,    1.0019300461e+01,    3.5309898853e-01,    1.3265400194e-03,
    3.5420000553e-01,    3.2585799694e-02,    3.5420000553e-01,    1.0175100327e+01,    3.5420000553e-01,   -2.2647499572e-03,
    3.5529899597e-01,    1.4751600102e-02,    3.5529899597e-01,    1.0313599586e+01,    3.5529899597e-01,    3.1593500171e-03,
    3.5639798641e-01,    2.2450299934e-02,    3.5639798641e-01,    1.0449199677e+01,    3.5639798641e-01,   -1.1009599548e-03,
    3.5749900341e-01,    3.9272699505e-02,    3.5749900341e-01,    1.0618100166e+01,    3.5749900341e-01,   -2.4284000974e-03,
    3.5859799385e-01,    1.7917100340e-02,    3.5859799385e-01,    1.0755800247e+01,    3.5859799385e-01,   -1.6119299689e-03,
    3.5969799757e-01,    7.8085800633e-03,    3.5969799757e-01,    1.0927499771e+01,    3.5969799757e-01,   -7.8324703500e-03,
    3.6079901457e-01,    2.5923900306e-02,    3.6079901457e-01,    1.1080699921e+01,    3.6079901457e-01,   -6.9725499488e-03,
    3.6189800501e-01,    2.5680899620e-02,    3.6189800501e-01,    1.1268400192e+01,    3.6189800501e-01,   -5.6694000959e-03,
    3.6299800873e-01,    2.9394100420e-03,    3.6299800873e-01,    1.1447600365e+01,    3.6299800873e-01,   -7.5492798351e-03,
    3.6410000920e-01,    1.7364099622e-03,    3.6410000920e-01,    1.1655599594e+01,    3.6410000920e-01,   -9.4852503389e-03,
    3.6519899964e-01,    1.5105299652e-02,    3.6519899964e-01,    1.1879899979e+01,    3.6519899964e-01,   -7.0950197987e-03,
    3.6629799008e-01,   -5.7745799422e-03,    3.6629799008e-01,    1.2071000099e+01,    3.6629799008e-01,   -6.4292000607e-03,
    3.6739900708e-01,   -2.1252600476e-02,    3.6739900708e-01,    1.2245900154e+01,    3.6739900708e-01,   -2.7944899630e-03,
    3.6849799752e-01,   -1.7334299162e-02,    3.6849799752e-01,    1.2438699722e+01,    3.6849799752e-01,   -3.7134699523e-03,
    3.6959800124e-01,   -2.8829300776e-02,    3.6959800124e-01,    1.2597700119e+01,    3.6959800124e-01,   -3.0019099358e-03,
    3.7069898844e-01,   -5.2427701652e-02,    3.7069898844e-01,    1.2755100250e+01,    3.7069898844e-01,    1.0180999525e-03,
    3.7179800868e-01,   -5.5487498641e-02,    3.7179800868e-01,    1.2953399658e+01,    3.7179800868e-01,    5.3874898003e-04,
    3.7289899588e-01,   -5.8694798499e-02,    3.7289899588e-01,    1.3142299652e+01,    3.7289899588e-01,    7.7593902824e-04,
    3.7399798632e-01,   -6.6930398345e-02,    3.7399798632e-01,    1.3319899559e+01,    3.7399798632e-01,    1.7400600482e-03,
    3.7509799004e-01,   -7.9908296466e-02,    3.7509799004e-01,    1.3515199661e+01,    3.7509799004e-01,   -5.3444900550e-03,
    3.7619999051e-01,   -7.5910396874e-02,    3.7619999051e-01,    1.3702599525e+01,    3.7619999051e-01,   -3.9634099812e-04,
    3.7729799747e-01,   -7.9926997423e-02,    3.7729799747e-01,    1.3880900383e+01,    3.7729799747e-01,    6.8079301855e-04,
    3.7839800119e-01,   -8.6793601513e-02,    3.7839800119e-01,    1.4051600456e+01,    3.7839800119e-01,    1.2536400463e-03,
    3.7950000167e-01,   -8.9406199753e-02,    3.7950000167e-01,    1.4230899811e+01,    3.7950000167e-01,    5.9974500909e-03,
    3.8059800863e-01,   -8.7257698178e-02,    3.8059800863e-01,    1.4425299644e+01,    3.8059800863e-01,    3.1284200959e-03,
    3.8169899583e-01,   -1.0027100146e-01,    3.8169899583e-01,    1.4548899651e+01,    3.8169899583e-01,    1.1292400304e-03,
    3.8280001283e-01,   -1.2250199914e-01,    3.8280001283e-01,    1.4647500038e+01,    3.8280001283e-01,    2.4919800926e-03,
    3.8389900327e-01,   -1.1365699768e-01,    3.8389900327e-01,    1.4791299820e+01,    3.8389900327e-01,    6.9147101603e-03,
    3.8499799371e-01,   -1.3788999617e-01,    3.8499799371e-01,    1.4949600220e+01,    3.8499799371e-01,    8.9140096679e-03,
    3.8609999418e-01,   -1.5327300131e-01,    3.8609999418e-01,    1.5094400406e+01,    3.8609999418e-01,    8.9006498456e-03,
    3.8719901443e-01,   -1.4313399792e-01,    3.8719901443e-01,    1.5228699684e+01,    3.8719901443e-01,    5.2811498754e-03,
    3.8829800487e-01,   -1.2584200501e-01,    3.8829800487e-01,    1.5382599831e+01,    3.8829800487e-01,    3.4197599161e-03,
    3.8939899206e-01,   -1.4670699835e-01,    3.8939899206e-01,    1.5535300255e+01,    3.8939899206e-01,    6.4517399296e-03,
    3.9049899578e-01,   -1.2191800028e-01,    3.9049899578e-01,    1.5649800301e+01,    3.9049899578e-01,    4.3079000898e-03,
    3.9159899950e-01,   -1.0499300063e-01,    3.9159899950e-01,    1.5790399551e+01,    3.9159899950e-01,    8.9962799102e-03,
    3.9269900322e-01,   -1.1154700071e-01,    3.9269900322e-01,    1.5975199699e+01,    3.9269900322e-01,    1.0564900003e-02,
    3.9379900694e-01,   -9.4484396279e-02,    3.9379900694e-01,    1.6068199158e+01,    3.9379900694e-01,    5.7675498538e-03,
    3.9489999413e-01,   -8.0582998693e-02,    3.9489999413e-01,    1.6141799927e+01,    3.9489999413e-01,    4.7441599891e-03,
    3.9599800110e-01,   -8.8476598263e-02,    3.9599800110e-01,    1.6241699219e+01,    3.9599800110e-01,   -1.6186999856e-03,
    3.9710000157e-01,   -8.8323697448e-02,    3.9710000157e-01,    1.6377599716e+01,    3.9710000157e-01,   -6.4221299253e-03,
    3.9819899201e-01,   -5.8731000870e-02,    3.9819899201e-01,    1.6450000763e+01,    3.9819899201e-01,   -9.1806901619e-03,
    3.9930000901e-01,   -5.5619601160e-02,    3.9930000901e-01,    1.6489700317e+01,    3.9930000901e-01,   -1.6311200336e-02,
    4.0039899945e-01,   -5.8888599277e-02,    4.0039899945e-01,    1.6550399780e+01,    4.0039899945e-01,   -1.7633700743e-02,
    4.0149998665e-01,   -2.7303999290e-02,    4.0149998665e-01,    1.6612199783e+01,    4.0149998665e-01,   -2.3685500026e-02,
    4.0259900689e-01,   -8.3156097680e-03,    4.0259900689e-01,    1.6713699341e+01,    4.0259900689e-01,   -2.6361700147e-02,
    4.0369901061e-01,   -1.7845699564e-02,    4.0369901061e-01,    1.6841800690e+01,    4.0369901061e-01,   -2.1597599611e-02,
    4.0479999781e-01,    1.1142799631e-02,    4.0479999781e-01,    1.7002500534e+01,    4.0479999781e-01,   -2.5395000353e-02,
    4.0589800477e-01,    3.4073401242e-02,    4.0589800477e-01,    1.7177099228e+01,    4.0589800477e-01,   -2.0255800337e-02,
    4.0699899197e-01,    3.9093598723e-02,    4.0699899197e-01,    1.7349700928e+01,    4.0699899197e-01,   -9.6041401848e-03,
    4.0809801221e-01,    5.2278999239e-02,    4.0809801221e-01,    1.7535600662e+01,    4.0809801221e-01,   -6.6217998974e-03,
    4.0919899940e-01,    7.4904002249e-02,    4.0919899940e-01,    1.7815000534e+01,    4.0919899940e-01,    2.9424899258e-03,
    4.1029798985e-01,    7.5913898647e-02,    4.1029798985e-01,    1.7988800049e+01,    4.1029798985e-01,    6.9263800979e-03,
    4.1139799356e-01,    7.7007398009e-02,    4.1139799356e-01,    1.8117799759e+01,    4.1139799356e-01,    1.4229400083e-02,
    4.1249901056e-01,    6.2916599214e-02,    4.1249901056e-01,    1.8359199524e+01,    4.1249901056e-01,    1.5177800320e-02,
    4.1359999776e-01,    8.4084801376e-02,    4.1359999776e-01,    1.8376699448e+01,    4.1359999776e-01,    1.4072299935e-02,
    4.1469898820e-01,    9.8561696708e-02,    4.1469898820e-01,    1.8343099594e+01,    4.1469898820e-01,    1.1186099611e-02,
    4.1579800844e-01,    9.1720797122e-02,    4.1579800844e-01,    1.8372600555e+01,    4.1579800844e-01,    1.4178900048e-02,
    4.1689899564e-01,    1.0582499951e-01,    4.1689899564e-01,    1.8449899673e+01,    4.1689899564e-01,    9.6414797008e-03,
    4.1800001264e-01,    1.0304400325e-01,    4.1800001264e-01,    1.8545299530e+01,    4.1800001264e-01,    1.5518499538e-02,
    4.1909900308e-01,    9.5559500158e-02,    4.1909900308e-01,    1.8593799591e+01,    4.1909900308e-01,    1.9355999306e-02,
    4.2019900680e-01,    1.1005300283e-01,    4.2019900680e-01,    1.8726800919e+01,    4.2019900680e-01,    1.5036700293e-02,
    4.2129901052e-01,    1.1088400334e-01,    4.2129901052e-01,    1.8919900894e+01,    4.2129901052e-01,    9.9961403757e-03,
    4.2239800096e-01,    9.2287398875e-02,    4.2239800096e-01,    1.9111700058e+01,    4.2239800096e-01,    1.6046499833e-02,
    4.2349800467e-01,    1.0880400240e-01,    4.2349800467e-01,    1.9275699615e+01,    4.2349800467e-01,    6.4698997885e-03,
    4.2459899187e-01,    1.1133799702e-01,    4.2459899187e-01,    1.9496299744e+01,    4.2459899187e-01,    1.8232399598e-03,
    4.2569899559e-01,    1.0418199748e-01,    4.2569899559e-01,    1.9666500092e+01,    4.2569899559e-01,    1.0714499513e-03,
    4.2679899931e-01,    1.0697899759e-01,    4.2679899931e-01,    1.9780300140e+01,    4.2679899931e-01,   -7.9876398668e-03,
    4.2789998651e-01,    1.2679700553e-01,    4.2789998651e-01,    1.9890499115e+01,    4.2789998651e-01,   -1.8149599433e-02,
    4.2899999022e-01,    1.1762200296e-01,    4.2899999022e-01,    2.0016000748e+01,    4.2899999022e-01,   -1.6695499420e-02,
    4.3009901047e-01,    1.1896400154e-01,    4.3009901047e-01,    2.0239999771e+01,    4.3009901047e-01,   -1.4286099933e-02,
    4.3119901419e-01,    1.4767299592e-01,    4.3119901419e-01,    2.0422000885e+01,    4.3119901419e-01,   -1.2160800397e-02,
    4.3229800463e-01,    1.4306199551e-01,    4.3229800463e-01,    2.0582899094e+01,    4.3229800463e-01,   -1.4668500051e-02,
    4.3339800835e-01,    1.3829599321e-01,    4.3339800835e-01,    2.0792299271e+01,    4.3339800835e-01,   -1.3784700073e-02,
    4.3450000882e-01,    1.6769899428e-01,    4.3450000882e-01,    2.0953599930e+01,    4.3450000882e-01,   -3.6769399885e-03,
    4.3559899926e-01,    1.5998899937e-01,    4.3559899926e-01,    2.1026199341e+01,    4.3559899926e-01,   -1.0428000242e-02,
    4.3669998646e-01,    1.4233699441e-01,    4.3669998646e-01,    2.1081699371e+01,    4.3669998646e-01,   -6.6847801208e-03,
    4.3779900670e-01,    1.7504699528e-01,    4.3779900670e-01,    2.1120500565e+01,    4.3779900670e-01,    7.1000598837e-04,
    4.3889901042e-01,    1.7256100476e-01,    4.3889901042e-01,    2.1068599701e+01,    4.3889901042e-01,   -2.3750499822e-03,
    4.3999901414e-01,    1.6068400443e-01,    4.3999901414e-01,    2.1120899200e+01,    4.3999901414e-01,    1.5936499403e-04,
    4.4110000134e-01,    2.0310600102e-01,    4.4110000134e-01,    2.1132299423e+01,    4.4110000134e-01,    8.7550599128e-03,
    4.4219899178e-01,    2.4805000424e-01,    4.4219899178e-01,    2.1215000153e+01,    4.4219899178e-01,    1.8976099789e-02,
    4.4329801202e-01,    2.1360899508e-01,    4.4329801202e-01,    2.1345399857e+01,    4.4329801202e-01,    1.4050900005e-02,
    4.4440001249e-01,    2.2230899334e-01,    4.4440001249e-01,    2.1529399872e+01,    4.4440001249e-01,    1.2089899741e-02,
    4.4549900293e-01,    2.4698700011e-01,    4.4549900293e-01,    2.1697599411e+01,    4.4549900293e-01,    6.7192101851e-03,
    4.4659999013e-01,    2.3597100377e-01,    4.4659999013e-01,    2.1913799286e+01,    4.4659999013e-01,    2.4483199231e-03,
    4.4769799709e-01,    2.1939900517e-01,    4.4769799709e-01,    2.2153499603e+01,    4.4769799709e-01,   -4.3613500893e-03,
    4.4879901409e-01,    2.3969499767e-01,    4.4879901409e-01,    2.2444299698e+01,    4.4879901409e-01,   -1.2237600051e-02,
    4.4989898801e-01,    2.4254800379e-01,    4.4989898801e-01,    2.2680500031e+01,    4.4989898801e-01,   -1.5577100217e-02,
    4.5099800825e-01,    2.1956600249e-01,    4.5099800825e-01,    2.2784200668e+01,    4.5099800825e-01,   -1.9305299968e-02,
    4.5210000873e-01,    2.1194800735e-01,    4.5210000873e-01,    2.2958999634e+01,    4.5210000873e-01,   -2.3175900802e-02,
    4.5319899917e-01,    2.1899400651e-01,    4.5319899917e-01,    2.2993799210e+01,    4.5319899917e-01,   -1.8180400133e-02,
    4.5429798961e-01,    2.0143400133e-01,    4.5429798961e-01,    2.3099399567e+01,    4.5429798961e-01,   -1.8566599116e-02,
    4.5539799333e-01,    1.7219500244e-01,    4.5539799333e-01,    2.3203100204e+01,    4.5539799333e-01,   -1.0034199804e-02,
    4.5649999380e-01,    2.0306499302e-01,    4.5649999380e-01,    2.3288900375e+01,    4.5649999380e-01,   -1.4968300238e-02,
    4.5759999752e-01,    1.8169499934e-01,    4.5759999752e-01,    2.3378000259e+01,    4.5759999752e-01,   -1.3281400315e-02,
    4.5869898796e-01,    1.4364999533e-01,    4.5869898796e-01,    2.3407699585e+01,    4.5869898796e-01,   -1.1881699786e-02,
    4.5980000496e-01,    1.3480600715e-01,    4.5980000496e-01,    2.3449800491e+01,    4.5980000496e-01,   -1.2343100272e-02,
    4.6090000868e-01,    1.2403900176e-01,    4.6090000868e-01,    2.3460399628e+01,    4.6090000868e-01,    1.6923500225e-03,
    4.6199899912e-01,    6.9481000304e-02,    4.6199899912e-01,    2.3465200424e+01,    4.6199899912e-01,   -6.6683101468e-03,
    4.6309998631e-01,    4.7160301358e-02,    4.6309998631e-01,    2.3432100296e+01,    4.6309998631e-01,   -7.6695601456e-04,
    4.6419999003e-01,    3.5648699850e-02,    4.6419999003e-01,    2.3317699432e+01,    4.6419999003e-01,    1.9630501047e-03,
    4.6529901028e-01,    2.5943599176e-03,    4.6529901028e-01,    2.3199100494e+01,    4.6529901028e-01,    9.0741598979e-03,
    4.6639901400e-01,   -1.8928999081e-02,    4.6639901400e-01,    2.3132799149e+01,    4.6639901400e-01,    1.6585599631e-02,
    4.6749898791e-01,   -8.3168700803e-04,    4.6749898791e-01,    2.3170400620e+01,    4.6749898791e-01,    1.3284900226e-02,
    4.6859899163e-01,    6.8459599279e-03,    4.6859899163e-01,    2.3277799606e+01,    4.6859899163e-01,    1.2134100311e-02,
    4.6970000863e-01,   -7.4745598249e-03,    4.6970000863e-01,    2.3306100845e+01,    4.6970000863e-01,   -9.1111200163e-04,
    4.7079798579e-01,    3.6844901741e-02,    4.7079798579e-01,    2.3434700012e+01,    4.7079798579e-01,   -5.5593000725e-03,
    4.7189900279e-01,    6.7280396819e-02,    4.7189900279e-01,    2.3571699142e+01,    4.7189900279e-01,   -2.8742200811e-04,
    4.7299998999e-01,    5.9225101024e-02,    4.7299998999e-01,    2.3617000580e+01,    4.7299998999e-01,    1.8224399537e-03,
    4.7409999371e-01,    1.0669200122e-01,    4.7409999371e-01,    2.3722000122e+01,    4.7409999371e-01,    5.6034899317e-03,
    4.7519901395e-01,    1.2807999551e-01,    4.7519901395e-01,    2.3888799667e+01,    4.7519901395e-01,   -1.0923299938e-02,
    4.7629898787e-01,    1.1426500231e-01,    4.7629898787e-01,    2.4026699066e+01,    4.7629898787e-01,   -4.6211499721e-03,
    4.7740000486e-01,    1.4775300026e-01,    4.7740000486e-01,    2.4225799561e+01,    4.7740000486e-01,   -2.7509899810e-03,
    4.7849801183e-01,    1.7507599294e-01,    4.7849801183e-01,    2.4505800247e+01,    4.7849801183e-01,    4.9181201030e-04,
    4.7959899902e-01,    1.4623300731e-01,    4.7959899902e-01,    2.4695699692e+01,    4.7959899902e-01,   -1.0782799684e-02,
    4.8069998622e-01,    1.3925699890e-01,    4.8069998622e-01,    2.4878900528e+01,    4.8069998622e-01,   -6.3940300606e-03,
    4.8179799318e-01,    1.4655700326e-01,    4.8179799318e-01,    2.5117799759e+01,    4.8179799318e-01,   -8.0459397286e-03,
    4.8289901018e-01,    1.1152499914e-01,    4.8289901018e-01,    2.5397100449e+01,    4.8289901018e-01,   -1.9828399643e-02,
    4.8399800062e-01,    6.3844002783e-02,    4.8399800062e-01,    2.5608400345e+01,    4.8399800062e-01,   -3.3250201494e-02,
    4.8509898782e-01,    6.0753799975e-02,    4.8509898782e-01,    2.5735599518e+01,    4.8509898782e-01,   -2.1527500823e-02,
    4.8619899154e-01,    3.1572401524e-02,    4.8619899154e-01,    2.5970699310e+01,    4.8619899154e-01,   -3.1895898283e-02,
    4.8729899526e-01,   -7.0964200422e-03,    4.8729899526e-01,    2.6268499374e+01,    4.8729899526e-01,   -3.1173499301e-02,
    4.8840001225e-01,   -1.4378700405e-02,    4.8840001225e-01,    2.6509899139e+01,    4.8840001225e-01,   -2.8197299689e-02,
    4.8949798942e-01,   -2.7432499453e-02,    4.8949798942e-01,    2.6662099838e+01,    4.8949798942e-01,   -2.4505799636e-02,
    4.9059998989e-01,   -5.9076998383e-02,    4.9059998989e-01,    2.6738300323e+01,    4.9059998989e-01,   -2.7739699930e-02,
    4.9169799685e-01,   -5.7065099478e-02,    4.9169799685e-01,    2.6844299316e+01,    4.9169799685e-01,   -4.8984501511e-02,
    4.9279999733e-01,   -7.5405597687e-02,    4.9279999733e-01,    2.6931800842e+01,    4.9279999733e-01,   -2.3880500346e-02,
    4.9389800429e-01,   -8.5219599307e-02,    4.9389800429e-01,    2.7173299789e+01,    4.9389800429e-01,   -2.4879500270e-02,
    4.9499899149e-01,   -7.2282202542e-02,    4.9499899149e-01,    2.7486999512e+01,    4.9499899149e-01,   -2.2937899455e-02,
    4.9610000849e-01,   -8.6342096329e-02,    4.9610000849e-01,    2.7743900299e+01,    4.9610000849e-01,   -2.7527600527e-02,
    4.9720001221e-01,   -1.0897199810e-01,    4.9720001221e-01,    2.7962799072e+01,    4.9720001221e-01,   -1.3954600319e-02,
    4.9829798937e-01,   -8.9786298573e-02,    4.9829798937e-01,    2.8154199600e+01,    4.9829798937e-01,   -1.1485699564e-02,
    4.9939900637e-01,   -9.3258902431e-02,    4.9939900637e-01,    2.8110599518e+01,    4.9939900637e-01,   -3.0583500862e-02,
    5.0049901009e-01,   -1.0274399817e-01,    5.0049901009e-01,    2.8163700104e+01,    5.0049901009e-01,   -2.2890400141e-02,
    5.0159901381e-01,   -5.8975800872e-02,    5.0159901381e-01,    2.8439100266e+01,    5.0159901381e-01,   -2.6464700699e-02,
    5.0269901752e-01,   -4.7619700432e-02,    5.0269901752e-01,    2.8649799347e+01,    5.0269901752e-01,   -1.9062599167e-02,
    5.0379902124e-01,   -5.7382900268e-02,    5.0379902124e-01,    2.8791500092e+01,    5.0379902124e-01,   -2.0878499374e-02,
    5.0489902496e-01,   -2.1245100070e-03,    5.0489902496e-01,    2.8929300308e+01,    5.0489902496e-01,   -2.3328699172e-02,
    5.0599801540e-01,    1.9598899409e-02,    5.0599801540e-01,    2.9068399429e+01,    5.0599801540e-01,   -2.7795899659e-02,
    5.0709897280e-01,    5.6929499842e-03,    5.0709897280e-01,    2.9233800888e+01,    5.0709897280e-01,   -2.2226700559e-02,
    5.0819897652e-01,    4.4051099569e-02,    5.0819897652e-01,    2.9518199921e+01,    5.0819897652e-01,   -2.7183299884e-02,
    5.0929999352e-01,    7.5937397778e-02,    5.0929999352e-01,    2.9886400223e+01,    5.0929999352e-01,   -8.9265899733e-03,
    5.1039999723e-01,    4.6374801546e-02,    5.1039999723e-01,    3.0156799316e+01,    5.1039999723e-01,   -1.5866100788e-02,
    5.1149898767e-01,    5.5393401533e-02,    5.1149898767e-01,    3.0387100220e+01,    5.1149898767e-01,   -9.1936299577e-03,
    5.1259899139e-01,    5.9640098363e-02,    5.1259899139e-01,    3.0799600601e+01,    5.1259899139e-01,   -4.9289399758e-03,
    5.1370000839e-01,    4.3081298470e-02,    5.1370000839e-01,    3.1226400375e+01,    5.1370000839e-01,   -1.0718000121e-02,
    5.1479899883e-01,    5.0996899605e-02,    5.1479899883e-01,    3.1545700073e+01,    5.1479899883e-01,   -1.9014799967e-02,
    5.1589900255e-01,    7.2701498866e-02,    5.1589900255e-01,    3.1935800552e+01,    5.1589900255e-01,   -1.2225800194e-02,
    5.1699799299e-01,    7.2627402842e-02,    5.1699799299e-01,    3.2261901855e+01,    5.1699799299e-01,   -1.4721999876e-02,
    5.1809799671e-01,    4.8766501248e-02,    5.1809799671e-01,    3.2531398773e+01,    5.1809799671e-01,   -2.5600800291e-02,
    5.1920002699e-01,    5.6048899889e-02,    5.1920002699e-01,    3.2842399597e+01,    5.1920002699e-01,   -1.7769800499e-02,
    5.2029800415e-01,    3.9029400796e-02,    5.2029800415e-01,    3.3100799561e+01,    5.2029800415e-01,   -1.2972099707e-02,
    5.2139997482e-01,    1.0649999604e-02,    5.2139997482e-01,    3.3320800781e+01,    5.2139997482e-01,   -1.8788000569e-02,
    5.2249801159e-01,    2.9451999813e-02,    5.2249801159e-01,    3.3547000885e+01,    5.2249801159e-01,   -2.7337400243e-02,
    5.2359801531e-01,    1.6932500526e-02,    5.2359801531e-01,    3.3784999847e+01,    5.2359801531e-01,    5.0385501236e-03,
    5.2469998598e-01,    1.6102099791e-02,    5.2469998598e-01,    3.4019199371e+01,    5.2469998598e-01,    1.6307499260e-02,
    5.2579802275e-01,    2.8614100069e-02,    5.2579802275e-01,    3.4338500977e+01,    5.2579802275e-01,    1.1973599903e-02,
    5.2689999342e-01,    2.3613400757e-02,    5.2689999342e-01,    3.4573001862e+01,    5.2689999342e-01,   -1.0622099973e-02,
    5.2799898386e-01,   -1.4109100215e-02,    5.2799898386e-01,    3.4851200104e+01,    5.2799898386e-01,   -3.6725099199e-03,
    5.2909898758e-01,   -7.5108101591e-03,    5.2909898758e-01,    3.5021900177e+01,    5.2909898758e-01,    1.0947699659e-02,
    5.3019797802e-01,   -2.6766199619e-02,    5.3019797802e-01,    3.5209300995e+01,    5.3019797802e-01,   -5.1860598614e-04,
    5.3129899502e-01,   -4.4736001641e-02,    5.3129899502e-01,    3.5467098236e+01,    5.3129899502e-01,    1.5512499958e-02,
    5.3239798546e-01,   -4.4642198831e-02,    5.3239798546e-01,    3.5568000793e+01,    5.3239798546e-01,    1.1536699720e-02,
    5.3349900246e-01,   -7.3693200946e-02,    5.3349900246e-01,    3.5686298370e+01,    5.3349900246e-01,    1.8464399502e-02,
    5.3459799290e-01,   -1.0165400058e-01,    5.3459799290e-01,    3.5744800568e+01,    5.3459799290e-01,    9.9392496049e-03,
    5.3569900990e-01,   -1.2157300115e-01,    5.3569900990e-01,    3.5767898560e+01,    5.3569900990e-01,    4.9011800438e-03,
    5.3679901361e-01,   -1.6394199431e-01,    5.3679901361e-01,    3.5432201385e+01,    5.3679901361e-01,   -5.9293401428e-03,
    5.3789901733e-01,   -1.5312500298e-01,    5.3789901733e-01,    3.5605899811e+01,    5.3789901733e-01,   -1.4912099577e-02,
    5.3899902105e-01,   -1.7973400652e-01,    5.3899902105e-01,    3.5812900543e+01,    5.3899902105e-01,    6.4114099368e-03,
    5.4009801149e-01,   -1.9652800262e-01,    5.4009801149e-01,    3.5967201233e+01,    5.4009801149e-01,    2.8812600300e-02,
    5.4119902849e-01,   -2.2980800271e-01,    5.4119902849e-01,    3.6222599030e+01,    5.4119902849e-01,    1.5196800232e-02,
    5.4229897261e-01,   -2.2041399777e-01,    5.4229897261e-01,    3.6407600403e+01,    5.4229897261e-01,    3.3214300871e-02,
    5.4339897633e-01,   -2.5871700048e-01,    5.4339897633e-01,    3.6464199066e+01,    5.4339897633e-01,    3.0408700928e-02,
    5.4449898005e-01,   -2.4398800731e-01,    5.4449898005e-01,    3.6396900177e+01,    5.4449898005e-01,    3.7637099624e-02,
    5.4559898376e-01,   -1.9234299660e-01,    5.4559898376e-01,    3.6470500946e+01,    5.4559898376e-01,   -1.0812699795e-02,
    5.4670000076e-01,   -1.8800400198e-01,    5.4670000076e-01,    3.6589900970e+01,    5.4670000076e-01,    6.8837501109e-02,
    5.4779899120e-01,   -1.5552300215e-01,    5.4779899120e-01,    3.6722000122e+01,    5.4779899120e-01,    2.4353699759e-02,
    5.4889899492e-01,   -1.2497399747e-01,    5.4889899492e-01,    3.6876300812e+01,    5.4889899492e-01,   -9.1140298173e-03,
    5.4999899864e-01,   -1.4941799641e-01,    5.4999899864e-01,    3.7019699097e+01,    5.4999899864e-01,    2.1883800626e-02,
    5.5109798908e-01,   -1.3892200589e-01,    5.5109798908e-01,    3.7148498535e+01,    5.5109798908e-01,    2.2973399609e-02,
    5.5219900608e-01,   -1.2501899898e-01,    5.5219900608e-01,    3.7186798096e+01,    5.5219900608e-01,    1.3411300257e-02,
    5.5329900980e-01,   -1.3877800107e-01,    5.5329900980e-01,    3.7279201508e+01,    5.5329900980e-01,    3.4606398549e-04,
    5.5439901352e-01,   -1.3113899529e-01,    5.5439901352e-01,    3.7239898682e+01,    5.5439901352e-01,    2.3522799835e-02,
    5.5549997091e-01,   -4.5612398535e-02,    5.5549997091e-01,    3.7291801453e+01,    5.5549997091e-01,    1.6642199829e-02,
    5.5659902096e-01,   -1.6450099647e-02,    5.5659902096e-01,    3.7305198669e+01,    5.5659902096e-01,   -1.9313100725e-02,
    5.5769902468e-01,    3.4912701696e-02,    5.5769902468e-01,    3.7057300568e+01,    5.5769902468e-01,    4.3351398781e-03,
    5.5879998207e-01,    6.8327799439e-02,    5.5879998207e-01,    3.6851299286e+01,    5.5879998207e-01,   -5.9703402221e-03,
    5.5989897251e-01,    4.6057999134e-02,    5.5989897251e-01,    3.7080501556e+01,    5.5989897251e-01,   -2.8567900881e-02,
    5.6099802256e-01,    4.5062799007e-02,    5.6099802256e-01,    3.7280200958e+01,    5.6099802256e-01,   -2.7033800259e-02,
    5.6209999323e-01,    7.0040896535e-02,    5.6209999323e-01,    3.7342300415e+01,    5.6209999323e-01,    1.5484199859e-02,
    5.6319898367e-01,    4.2819298804e-02,    5.6319898367e-01,    3.7668800354e+01,    5.6319898367e-01,   -3.1412601471e-02,
    5.6429797411e-01,    5.0712700933e-02,    5.6429797411e-01,    3.8120601654e+01,    5.6429797411e-01,   -3.3268999308e-02,
    5.6539899111e-01,    5.1304399967e-02,    5.6539899111e-01,    3.8557899475e+01,    5.6539899111e-01,   -2.6861799881e-02,
    5.6649798155e-01,    3.3440001309e-02,    5.6649798155e-01,    3.8777000427e+01,    5.6649798155e-01,   -4.3549701571e-02,
    5.6759798527e-01,    1.4925099909e-02,    5.6759798527e-01,    3.8837398529e+01,    5.6759798527e-01,   -6.6183798015e-02,
    5.6869900227e-01,   -3.0977299437e-02,    5.6869900227e-01,    3.8759998322e+01,    5.6869900227e-01,   -5.8111600578e-02,
    5.6980001926e-01,   -3.1336098909e-02,    5.6980001926e-01,    3.8524101257e+01,    5.6980001926e-01,   -3.0560100451e-02,
    5.7090002298e-01,   -5.3200899856e-04,    5.7090002298e-01,    3.8442699432e+01,    5.7090002298e-01,   -6.6836401820e-02,
    5.7199901342e-01,    1.0466899723e-02,    5.7199901342e-01,    3.8575698853e+01,    5.7199901342e-01,   -5.9792898595e-02,
    5.7309901714e-01,    5.6209601462e-02,    5.7309901714e-01,    3.8871299744e+01,    5.7309901714e-01,   -1.5813300386e-02,
    5.7419800758e-01,    6.6314898431e-02,    5.7419800758e-01,    3.9213699341e+01,    5.7419800758e-01,   -1.2551000342e-02,
    5.7529902458e-01,    3.3953398466e-02,    5.7529902458e-01,    3.9667598724e+01,    5.7529902458e-01,   -4.6437099576e-02,
    5.7639902830e-01,    5.3121298552e-02,    5.7639902830e-01,    4.0011100769e+01,    5.7639902830e-01,   -4.7906499356e-02,
    5.7749998569e-01,    3.3684201539e-02,    5.7749998569e-01,    4.0372898102e+01,    5.7749998569e-01,   -2.9269700870e-02,
    5.7859897614e-01,    4.9731001258e-02,    5.7859897614e-01,    4.0851799011e+01,    5.7859897614e-01,   -4.8389598727e-02,
    5.7969999313e-01,    3.8705501705e-02,    5.7969999313e-01,    4.1176700592e+01,    5.7969999313e-01,   -3.5485200584e-02,
    5.8079898357e-01,    5.2691500634e-02,    5.8079898357e-01,    4.1580699921e+01,    5.8079898357e-01,   -2.2656500340e-02,
    5.8190000057e-01,    7.4579499662e-02,    5.8190000057e-01,    4.1928100586e+01,    5.8190000057e-01,   -2.4989800528e-02,
    5.8299899101e-01,    1.4329299331e-01,    5.8299899101e-01,    4.2062500000e+01,    5.8299899101e-01,   -3.3770799637e-02,
    5.8409899473e-01,    1.6934099793e-01,    5.8409899473e-01,    4.2169601440e+01,    5.8409899473e-01,   -4.6213000314e-04,
    5.8519798517e-01,    1.9433000684e-01,    5.8519798517e-01,    4.2333099365e+01,    5.8519798517e-01,   -1.5490099788e-02,
    5.8629900217e-01,    2.5163599849e-01,    5.8629900217e-01,    4.2468898773e+01,    5.8629900217e-01,   -7.0458599366e-03,
    5.8740001917e-01,    2.6680499315e-01,    5.8740001917e-01,    4.2537799835e+01,    5.8740001917e-01,   -2.1937200800e-03,
    5.8849799633e-01,    3.0977600813e-01,    5.8849799633e-01,    4.2470401764e+01,    5.8849799633e-01,    3.9405999705e-03,
    5.8959800005e-01,    3.8507199287e-01,    5.8959800005e-01,    4.2250801086e+01,    5.8959800005e-01,    7.2745000944e-03,
    5.9069997072e-01,    4.0104699135e-01,    5.9069997072e-01,    4.2017898560e+01,    5.9069997072e-01,    2.2098900750e-02,
    5.9179800749e-01,    4.0843498707e-01,    5.9179800749e-01,    4.2027801514e+01,    5.9179800749e-01,    4.2816098779e-02,
    5.9289902449e-01,    4.2925500870e-01,    5.9289902449e-01,    4.2208599091e+01,    5.9289902449e-01,    5.0217598677e-02,
    5.9399902821e-01,    4.4459399581e-01,    5.9399902821e-01,    4.2288398743e+01,    5.9399902821e-01,    3.7217799574e-02,
    5.9509897232e-01,    4.6152201295e-01,    5.9509897232e-01,    4.2441699982e+01,    5.9509897232e-01,    3.8064498454e-02,
    5.9619897604e-01,    5.3255200386e-01,    5.9619897604e-01,    4.2437099457e+01,    5.9619897604e-01,    5.4237600416e-02,
    5.9729802608e-01,    5.8624798059e-01,    5.9729802608e-01,    4.2297199249e+01,    5.9729802608e-01,    3.8389701396e-02,
    5.9839999676e-01,    5.9756499529e-01,    5.9839999676e-01,    4.2231700897e+01,    5.9839999676e-01,    6.3046798110e-02,
    5.9949898720e-01,    5.9881097078e-01,    5.9949898720e-01,    4.2140300751e+01,    5.9949898720e-01,    4.4570099562e-02,
    6.0060000420e-01,    6.0017102957e-01,    6.0060000420e-01,    4.1912300110e+01,    6.0060000420e-01,    3.1835600734e-02,
    6.0169899464e-01,    6.1151897907e-01,    6.0169899464e-01,    4.1457099915e+01,    6.0169899464e-01,    5.3376700729e-02,
    6.0280001163e-01,    5.8883202076e-01,    6.0280001163e-01,    4.1485198975e+01,    6.0280001163e-01,    6.5358497202e-02,
    6.0389900208e-01,    6.0015302896e-01,    6.0389900208e-01,    4.1539001465e+01,    6.0389900208e-01,    1.4879399911e-02,
    6.0499900579e-01,    6.1486798525e-01,    6.0499900579e-01,    4.1565299988e+01,    6.0499900579e-01,    2.4007499218e-02,
    6.0609900951e-01,    5.8784800768e-01,    6.0609900951e-01,    4.1599601746e+01,    6.0609900951e-01,    6.8605700508e-03,
    6.0719901323e-01,    6.1382699013e-01,    6.0719901323e-01,    4.1744300842e+01,    6.0719901323e-01,    4.7008600086e-03,
    6.0829997063e-01,    6.1528199911e-01,    6.0829997063e-01,    4.1811298370e+01,    6.0829997063e-01,    2.7131001116e-04,
    6.0939902067e-01,    6.1195200682e-01,    6.0939902067e-01,    4.1968498230e+01,    6.0939902067e-01,   -1.0675599799e-02,
    6.1049801111e-01,    6.3718599081e-01,    6.1049801111e-01,    4.2277400970e+01,    6.1049801111e-01,    5.0560399890e-02,
    6.1159902811e-01,    6.3361698389e-01,    6.1159902811e-01,    4.2465301514e+01,    6.1159902811e-01,   -2.3330500349e-02,
    6.1269897223e-01,    6.0172301531e-01,    6.1269897223e-01,    4.2311298370e+01,    6.1269897223e-01,   -7.5792297721e-03,
    6.1379998922e-01,    6.1496597528e-01,    6.1379998922e-01,    4.2188301086e+01,    6.1379998922e-01,   -2.3169400170e-02,
    6.1489802599e-01,    6.5161699057e-01,    6.1489802599e-01,    4.2524101257e+01,    6.1489802599e-01,   -1.6413800418e-02,
    6.1599898338e-01,    6.1402297020e-01,    6.1599898338e-01,    4.2975498199e+01,    6.1599898338e-01,   -1.5368499793e-02,
    6.1709898710e-01,    6.7014402151e-01,    6.1709898710e-01,    4.3455101013e+01,    6.1709898710e-01,   -8.6326897144e-03,
    6.1819797754e-01,    6.8868100643e-01,    6.1819797754e-01,    4.3866500854e+01,    6.1819797754e-01,   -9.8914997652e-03,
    6.1930000782e-01,    6.5300601721e-01,    6.1930000782e-01,    4.3924800873e+01,    6.1930000782e-01,   -3.7639199290e-03,
    6.2039899826e-01,    6.8110597134e-01,    6.2039899826e-01,    4.4029499054e+01,    6.2039899826e-01,    1.2068499811e-02,
    6.2149798870e-01,    7.3770898581e-01,    6.2149798870e-01,    4.4303199768e+01,    6.2149798870e-01,    1.4383499511e-03,
    6.2260001898e-01,    7.0867401361e-01,    6.2260001898e-01,    4.4425498962e+01,    6.2260001898e-01,   -4.1418699548e-03,
    6.2369900942e-01,    7.5574201345e-01,    6.2369900942e-01,    4.4613399506e+01,    6.2369900942e-01,    1.4731300063e-02,
    6.2480002642e-01,    8.3145898581e-01,    6.2480002642e-01,    4.4782600403e+01,    6.2480002642e-01,   -1.2614600360e-02,
    6.2589901686e-01,    8.3345198631e-01,    6.2589901686e-01,    4.4997299194e+01,    6.2589901686e-01,    1.0343600065e-02,
    6.2699902058e-01,    8.7283098698e-01,    6.2699902058e-01,    4.5175899506e+01,    6.2699902058e-01,   -4.0149800479e-02,
    6.2809902430e-01,    8.9972198009e-01,    6.2809902430e-01,    4.5404098511e+01,    6.2809902430e-01,   -1.0492799804e-02,
    6.2919902802e-01,    8.7227100134e-01,    6.2919902802e-01,    4.5919998169e+01,    6.2919902802e-01,   -1.1242000386e-02,
    6.3029998541e-01,    8.7117898464e-01,    6.3029998541e-01,    4.6263698578e+01,    6.3029998541e-01,   -2.8549000621e-02,
    6.3139998913e-01,    8.9295500517e-01,    6.3139998913e-01,    4.6285400391e+01,    6.3139998913e-01,   -2.8212400153e-02,
    6.3249999285e-01,    8.7301898003e-01,    6.3249999285e-01,    4.6423198700e+01,    6.3249999285e-01,   -1.1717899702e-02,
    6.3359802961e-01,    9.3203401566e-01,    6.3359802961e-01,    4.6307701111e+01,    6.3359802961e-01,   -8.1899901852e-03,
    6.3469898701e-01,    1.0971000195e+00,    6.3469898701e-01,    4.5894901276e+01,    6.3469898701e-01,   -4.1954599321e-02,
    6.3579899073e-01,    1.0018999577e+00,    6.3579899073e-01,    4.5646701813e+01,    6.3579899073e-01,   -1.8693299964e-02,
    6.3689899445e-01,    1.0503400564e+00,    6.3689899445e-01,    4.6113201141e+01,    6.3689899445e-01,   -4.2492900975e-03,
    6.3800001144e-01,    1.1326899529e+00,    6.3800001144e-01,    4.6681400299e+01,    6.3800001144e-01,   -1.8401499838e-02,
    6.3909900188e-01,    1.0408500433e+00,    6.3909900188e-01,    4.7000701904e+01,    6.3909900188e-01,   -1.3879699633e-02,
    6.4019799232e-01,    1.0780899525e+00,    6.4019799232e-01,    4.7243000031e+01,    6.4019799232e-01,   -2.1481199190e-02,
    6.4129799604e-01,    1.0905100107e+00,    6.4129799604e-01,    4.7584201813e+01,    6.4129799604e-01,   -8.5872700438e-03,
    6.4239901304e-01,    9.7101497650e-01,    6.4239901304e-01,    4.7713401794e+01,    6.4239901304e-01,   -1.0143999942e-02,
    6.4349901676e-01,    9.7669202089e-01,    6.4349901676e-01,    4.7791000366e+01,    6.4349901676e-01,   -3.3884901553e-02,
    6.4459800720e-01,    1.0084500313e+00,    6.4459800720e-01,    4.8138999939e+01,    6.4459800720e-01,    2.9244000092e-02,
    6.4569801092e-01,    8.8862299919e-01,    6.4569801092e-01,    4.8516498566e+01,    6.4569801092e-01,    2.2020300094e-04,
    6.4679998159e-01,    9.2124599218e-01,    6.4679998159e-01,    4.8873699188e+01,    6.4679998159e-01,    2.1231999621e-02,
    6.4789897203e-01,    9.4086897373e-01,    6.4789897203e-01,    4.9275001526e+01,    6.4789897203e-01,    2.4035100359e-03,
    6.4899802208e-01,    8.1848001480e-01,    6.4899802208e-01,    4.9547599792e+01,    6.4899802208e-01,    1.4630700462e-02,
    6.5009897947e-01,    8.9552199841e-01,    6.5009897947e-01,    4.9558601379e+01,    6.5009897947e-01,    3.3894600347e-03,
    6.5119898319e-01,    8.5228401423e-01,    6.5119898319e-01,    4.9503501892e+01,    6.5119898319e-01,    1.1720400304e-02,
    6.5229898691e-01,    7.3874902725e-01,    6.5229898691e-01,    4.9370399475e+01,    6.5229898691e-01,    9.6198096871e-03,
    6.5339797735e-01,    7.2049099207e-01,    6.5339797735e-01,    4.9236099243e+01,    6.5339797735e-01,   -1.9511099905e-02,
    6.5449899435e-01,    6.6701698303e-01,    6.5449899435e-01,    4.9133098602e+01,    6.5449899435e-01,   -3.1730998307e-02,
    6.5559899807e-01,    6.1266398430e-01,    6.5559899807e-01,    4.9242198944e+01,    6.5559899807e-01,   -3.7333298475e-02,
    6.5670001507e-01,    5.8122599125e-01,    6.5670001507e-01,    4.9237598419e+01,    6.5670001507e-01,   -1.1620899662e-02,
    6.5780001879e-01,    5.4299598932e-01,    6.5780001879e-01,    4.9134101868e+01,    6.5780001879e-01,   -2.6469899341e-02,
    6.5889900923e-01,    4.5903998613e-01,    6.5889900923e-01,    4.8987300873e+01,    6.5889900923e-01,   -4.3079901487e-02,
    6.5999901295e-01,    4.1004401445e-01,    6.5999901295e-01,    4.8839599609e+01,    6.5999901295e-01,   -1.5334100462e-02,
    6.6109901667e-01,    3.5227000713e-01,    6.6109901667e-01,    4.8858299255e+01,    6.6109901667e-01,   -2.5420300663e-02,
    6.6219997406e-01,    2.8541800380e-01,    6.6219997406e-01,    4.8933101654e+01,    6.6219997406e-01,   -6.5688500181e-03,
    6.6329902411e-01,    2.8275701404e-01,    6.6329902411e-01,    4.8989601135e+01,    6.6329902411e-01,   -1.0310599580e-02,
    6.6439902782e-01,    1.8748299778e-01,    6.6439902782e-01,    4.8937301636e+01,    6.6439902782e-01,   -1.6829699278e-02,
    6.6549998522e-01,   -2.1981399506e-02,    6.6549998522e-01,    4.7965301514e+01,    6.6549998522e-01,   -1.0138300247e-02,
    6.6659998894e-01,   -4.0465198457e-02,    6.6659998894e-01,    4.7152599335e+01,    6.6659998894e-01,   -3.4652799368e-02,
    6.6769802570e-01,   -7.8965499997e-02,    6.6769802570e-01,    4.7400001526e+01,    6.6769802570e-01,   -5.0066601485e-02,
    6.6879898310e-01,   -2.0227900147e-01,    6.6879898310e-01,    4.7762901306e+01,    6.6879898310e-01,   -1.0826800019e-02,
    6.6989898682e-01,   -1.9224800169e-01,    6.6989898682e-01,    4.7909400940e+01,    6.6989898682e-01,   -4.8032999039e-02,
    6.7100000381e-01,   -2.6295301318e-01,    6.7100000381e-01,    4.8059398651e+01,    6.7100000381e-01,   -6.4980402589e-02,
    6.7209798098e-01,   -3.9388200641e-01,    6.7209798098e-01,    4.8138900757e+01,    6.7209798098e-01,   -7.7226899564e-02,
    6.7319899797e-01,   -3.2024699450e-01,    6.7319899797e-01,    4.8283100128e+01,    6.7319899797e-01,   -8.6242698133e-02,
    6.7430001497e-01,   -3.9021199942e-01,    6.7430001497e-01,    4.8489898682e+01,    6.7430001497e-01,   -7.9073302448e-02,
    6.7539900541e-01,   -4.8327299953e-01,    6.7539900541e-01,    4.8551898956e+01,    6.7539900541e-01,   -7.9057596624e-02,
    6.7650002241e-01,   -3.8772198558e-01,    6.7650002241e-01,    4.8445499420e+01,    6.7650002241e-01,   -8.1123396754e-02,
    6.7759901285e-01,   -4.6596500278e-01,    6.7759901285e-01,    4.8295200348e+01,    6.7759901285e-01,   -2.0141299814e-02,
    6.7869800329e-01,   -5.0053399801e-01,    6.7869800329e-01,    4.7892200470e+01,    6.7869800329e-01,   -6.3236001879e-03,
    6.7979902029e-01,   -4.4582700729e-01,    6.7979902029e-01,    4.7382499695e+01,    6.7979902029e-01,   -6.3837901689e-03,
    6.8089902401e-01,   -5.0392699242e-01,    6.8089902401e-01,    4.6662998199e+01,    6.8089902401e-01,    3.3639799803e-02,
    6.8199998140e-01,   -5.0266802311e-01,    6.8199998140e-01,    4.6455398560e+01,    6.8199998140e-01,    1.5744199976e-02,
    6.8309998512e-01,   -4.5409300923e-01,    6.8309998512e-01,    4.6132198334e+01,    6.8309998512e-01,    3.2662499696e-02,
    6.8419802189e-01,   -4.8109599948e-01,    6.8419802189e-01,    4.5737300873e+01,    6.8419802189e-01,    1.4949300326e-02,
    6.8529999256e-01,   -4.5508000255e-01,    6.8529999256e-01,    4.5330299377e+01,    6.8529999256e-01,    1.4848399907e-02,
    6.8639999628e-01,   -4.6413999796e-01,    6.8639999628e-01,    4.4974399567e+01,    6.8639999628e-01,    4.8012901098e-02,
    6.8749797344e-01,   -4.2094400525e-01,    6.8749797344e-01,    4.5193599701e+01,    6.8749797344e-01,   -1.9641600549e-02,
    6.8860000372e-01,   -4.2032799125e-01,    6.8860000372e-01,    4.5305500031e+01,    6.8860000372e-01,   -1.2985499576e-02,
    6.8970000744e-01,   -4.2785701156e-01,    6.8970000744e-01,    4.5063800812e+01,    6.8970000744e-01,    3.9365100674e-03,
    6.9079899788e-01,   -4.9664199352e-01,    6.9079899788e-01,    4.4812000275e+01,    6.9079899788e-01,   -4.7895800322e-02,
    6.9190001488e-01,   -5.5306798220e-01,    6.9190001488e-01,    4.4516201019e+01,    6.9190001488e-01,   -3.5106800497e-02,
    6.9299799204e-01,   -5.8779001236e-01,    6.9299799204e-01,    4.4131900787e+01,    6.9299799204e-01,    7.4088601395e-03,
    6.9409799576e-01,   -5.7444202900e-01,    6.9409799576e-01,    4.4331100464e+01,    6.9409799576e-01,   -1.1374399997e-02,
    6.9519901276e-01,   -6.8906199932e-01,    6.9519901276e-01,    4.4877998352e+01,    6.9519901276e-01,   -1.1816900223e-02,
    6.9630002975e-01,   -5.8610898256e-01,    6.9630002975e-01,    4.5535099030e+01,    6.9630002975e-01,    1.2264199555e-02,
    6.9739997387e-01,   -6.1858999729e-01,    6.9739997387e-01,    4.6191001892e+01,    6.9739997387e-01,    6.2461998314e-02,
    6.9849902391e-01,   -6.9091999531e-01,    6.9849902391e-01,    4.6762401581e+01,    6.9849902391e-01,    2.6179799810e-02,
    6.9959998131e-01,   -6.4270597696e-01,    6.9959998131e-01,    4.7324401855e+01,    6.9959998131e-01,    2.6047300547e-02,
    7.0069897175e-01,   -6.7676901817e-01,    7.0069897175e-01,    4.7969100952e+01,    7.0069897175e-01,    6.4322896302e-02,
    7.0179897547e-01,   -7.3015999794e-01,    7.0179897547e-01,    4.8476600647e+01,    7.0179897547e-01,    5.4512001574e-02,
    7.0289999247e-01,   -6.7571800947e-01,    7.0289999247e-01,    4.8828601837e+01,    7.0289999247e-01,    5.3540900350e-02,
    7.0399898291e-01,   -6.8631899357e-01,    7.0399898291e-01,    4.9384899139e+01,    7.0399898291e-01,    7.7884003520e-02,
    7.0509898663e-01,   -7.2791302204e-01,    7.0509898663e-01,    5.0022399902e+01,    7.0509898663e-01,    1.1772499979e-01,
    7.0619797707e-01,   -6.7834198475e-01,    7.0619797707e-01,    5.0629299164e+01,    7.0619797707e-01,    6.3290499151e-02,
    7.0729798079e-01,   -7.1699202061e-01,    7.0729798079e-01,    5.1194499969e+01,    7.0729798079e-01,    8.6694397032e-02,
    7.0839899778e-01,   -7.0341002941e-01,    7.0839899778e-01,    5.1818599701e+01,    7.0839899778e-01,    1.1750099808e-01,
    7.0950001478e-01,   -6.5142697096e-01,    7.0950001478e-01,    5.2414699554e+01,    7.0950001478e-01,    6.7918702960e-02,
    7.1059799194e-01,   -6.7192900181e-01,    7.1059799194e-01,    5.3020698547e+01,    7.1059799194e-01,    6.1257898808e-02,
    7.1169900894e-01,   -6.6631901264e-01,    7.1169900894e-01,    5.3589900970e+01,    7.1169900894e-01,    1.1124400049e-01,
    7.1279901266e-01,   -5.9605801105e-01,    7.1279901266e-01,    5.3974098206e+01,    7.1279901266e-01,    9.8079003394e-02,
    7.1389800310e-01,   -6.1454600096e-01,    7.1389800310e-01,    5.4365898132e+01,    7.1389800310e-01,    4.3012600392e-02,
    7.1499902010e-01,   -6.0443001986e-01,    7.1499902010e-01,    5.4523498535e+01,    7.1499902010e-01,    7.2877399623e-02,
    7.1609801054e-01,   -5.7871198654e-01,    7.1609801054e-01,    5.4330001831e+01,    7.1609801054e-01,    7.4329398572e-02,
    7.1719902754e-01,   -5.7759600878e-01,    7.1719902754e-01,    5.4593700409e+01,    7.1719902754e-01,    9.1050397605e-03,
    7.1829998493e-01,   -5.6596601009e-01,    7.1829998493e-01,    5.5080001831e+01,    7.1829998493e-01,    4.8864901066e-02,
    7.1939897537e-01,   -5.5356097221e-01,    7.1939897537e-01,    5.5578701019e+01,    7.1939897537e-01,    4.1401699185e-02,
    7.2049897909e-01,   -5.6379699707e-01,    7.2049897909e-01,    5.6237998962e+01,    7.2049897909e-01,    6.5251901746e-02,
    7.2159802914e-01,   -5.4558199644e-01,    7.2159802914e-01,    5.6832000732e+01,    7.2159802914e-01,    5.5200800300e-02,
    7.2269999981e-01,   -4.9889299273e-01,    7.2269999981e-01,    5.7336200714e+01,    7.2269999981e-01,    2.8705600649e-02,
    7.2379899025e-01,   -5.2188098431e-01,    7.2379899025e-01,    5.7811798096e+01,    7.2379899025e-01,    5.8854401112e-02,
    7.2489798069e-01,   -5.1598602533e-01,    7.2489798069e-01,    5.8166500092e+01,    7.2489798069e-01,    2.8132900596e-02,
    7.2599899769e-01,   -4.8033601046e-01,    7.2599899769e-01,    5.8529499054e+01,    7.2599899769e-01,    1.8407900352e-03,
    7.2709900141e-01,   -4.7761398554e-01,    7.2709900141e-01,    5.8923099518e+01,    7.2709900141e-01,    3.1800001860e-02,
    7.2819900513e-01,   -4.6752798557e-01,    7.2819900513e-01,    5.9205200195e+01,    7.2819900513e-01,    3.8235299289e-02,
    7.2929799557e-01,   -4.5197299123e-01,    7.2929799557e-01,    5.9481601715e+01,    7.2929799557e-01,   -4.0794100612e-02,
    7.3039901257e-01,   -4.2080301046e-01,    7.3039901257e-01,    5.9975799561e+01,    7.3039901257e-01,    1.8385099247e-02,
    7.3149901628e-01,   -4.3070301414e-01,    7.3149901628e-01,    6.0636398315e+01,    7.3149901628e-01,    3.0365899205e-02,
    7.3259997368e-01,   -4.0893301368e-01,    7.3259997368e-01,    6.1108501434e+01,    7.3259997368e-01,   -1.0705200024e-02,
    7.3369997740e-01,   -4.2262399197e-01,    7.3369997740e-01,    6.1660400391e+01,    7.3369997740e-01,    7.4229300953e-03,
    7.3479998112e-01,   -3.6420598626e-01,    7.3479998112e-01,    6.2278198242e+01,    7.3479998112e-01,    1.3478199951e-02,
    7.3589897156e-01,   -3.9640599489e-01,    7.3589897156e-01,    6.2728298187e+01,    7.3589897156e-01,    2.4914499372e-02,
    7.3699897528e-01,   -3.2087099552e-01,    7.3699897528e-01,    6.3091999054e+01,    7.3699897528e-01,    1.2058700435e-02,
    7.3809802532e-01,   -3.1666401029e-01,    7.3809802532e-01,    6.3455600739e+01,    7.3809802532e-01,    2.3748500273e-02,
    7.3919898272e-01,   -2.7221900225e-01,    7.3919898272e-01,    6.3715499878e+01,    7.3919898272e-01,   -1.4023999938e-05,
    7.4029999971e-01,   -2.7639299631e-01,    7.4029999971e-01,    6.3973800659e+01,    7.4029999971e-01,    2.0652299747e-02,
    7.4140000343e-01,   -2.6085698605e-01,    7.4140000343e-01,    6.4034896851e+01,    7.4140000343e-01,    1.1544299778e-03,
    7.4249899387e-01,   -2.6000499725e-01,    7.4249899387e-01,    6.3844398499e+01,    7.4249899387e-01,    2.7194699273e-02,
    7.4359899759e-01,   -2.0792500675e-01,    7.4359899759e-01,    6.3687698364e+01,    7.4359899759e-01,    7.2967601009e-03,
    7.4470001459e-01,   -1.1180300266e-01,    7.4470001459e-01,    6.3184299469e+01,    7.4470001459e-01,   -1.7009500414e-02,
    7.4579900503e-01,   -9.3729801476e-02,    7.4579900503e-01,    6.2606300354e+01,    7.4579900503e-01,   -8.1595098600e-03,
    7.4690002203e-01,    9.5020197332e-02,    7.4690002203e-01,    6.2088798523e+01,    7.4690002203e-01,   -4.4259998947e-02,
    7.4799901247e-01,    1.2714499608e-02,    7.4799901247e-01,    6.2215301514e+01,    7.4799901247e-01,   -6.3087902963e-02,
    7.4909901619e-01,    6.3473403454e-02,    7.4909901619e-01,    6.2501399994e+01,    7.4909901619e-01,   -5.9860400856e-02,
    7.5019901991e-01,    9.3773402274e-02,    7.5019901991e-01,    6.2791198730e+01,    7.5019901991e-01,   -2.2376900539e-02,
    7.5129902363e-01,    9.5379604027e-03,    7.5129902363e-01,    6.2814998627e+01,    7.5129902363e-01,   -1.1273299903e-01,
    7.5239801407e-01,    1.1458800174e-02,    7.5239801407e-01,    6.2730499268e+01,    7.5239801407e-01,   -4.5701999217e-02,
    7.5349897146e-01,   -4.2454399168e-02,    7.5349897146e-01,    6.2499401093e+01,    7.5349897146e-01,   -4.4683501124e-02,
    7.5459897518e-01,   -7.1778900921e-02,    7.5459897518e-01,    6.2129299164e+01,    7.5459897518e-01,   -4.5292999595e-02,
    7.5569897890e-01,   -3.9781801403e-02,    7.5569897890e-01,    6.1808998108e+01,    7.5569897890e-01,   -6.4423203468e-02,
    7.5679898262e-01,    6.2986500561e-03,    7.5679898262e-01,    6.1697799683e+01,    7.5679898262e-01,   -5.9188298881e-02,
    7.5789797306e-01,   -5.1985200495e-02,    7.5789797306e-01,    6.1576801300e+01,    7.5789797306e-01,   -9.9443800747e-02,
    7.5900000334e-01,    1.3850499876e-02,    7.5900000334e-01,    6.1400100708e+01,    7.5900000334e-01,   -7.9421900213e-02,
    7.6009899378e-01,   -6.2251798809e-03,    7.6009899378e-01,    6.1181499481e+01,    7.6009899378e-01,   -7.2989203036e-02,
    7.6119899750e-01,   -1.1388999969e-01,    7.6119899750e-01,    6.0836799622e+01,    7.6119899750e-01,   -7.0334598422e-02,
    7.6229798794e-01,   -8.1284098327e-02,    7.6229798794e-01,    6.0470699310e+01,    7.6229798794e-01,   -5.5917099118e-02,
    7.6339799166e-01,   -1.4079299569e-01,    7.6339799166e-01,    6.0258998871e+01,    7.6339799166e-01,   -2.0984699950e-02,
    7.6449900866e-01,   -1.6299900413e-01,    7.6449900866e-01,    5.9978199005e+01,    7.6449900866e-01,   -1.4016100205e-02,
    7.6559901237e-01,   -2.8597900644e-02,    7.6559901237e-01,    5.9737899780e+01,    7.6559901237e-01,    2.2021200508e-02,
    7.6669901609e-01,   -1.1745999753e-01,    7.6669901609e-01,    6.0209598541e+01,    7.6669901609e-01,    7.5494997203e-02,
    7.6779800653e-01,   -1.0585899651e-01,    7.6779800653e-01,    6.0889400482e+01,    7.6779800653e-01,    1.0262899846e-01,
    7.6889902353e-01,   -6.9421902299e-02,    7.6889902353e-01,    6.1415199280e+01,    7.6889902353e-01,    2.2410400212e-02,
    7.6999998093e-01,   -1.3763299584e-01,    7.6999998093e-01,    6.1857101440e+01,    7.6999998093e-01,    8.4867499769e-02,
    7.7109897137e-01,   -2.1107499301e-01,    7.7109897137e-01,    6.2267601013e+01,    7.7109897137e-01,    1.0964599997e-01,
    7.7219998837e-01,   -1.4689899981e-01,    7.7219998837e-01,    6.2525001526e+01,    7.7219998837e-01,    1.2188500166e-01,
    7.7329897881e-01,   -2.6989400387e-01,    7.7329897881e-01,    6.2794700623e+01,    7.7329897881e-01,    4.5503798872e-02,
    7.7439898252e-01,   -3.1606501341e-01,    7.7439898252e-01,    6.2859199524e+01,    7.7439898252e-01,    1.9580200315e-01,
    7.7549898624e-01,   -2.9541900754e-01,    7.7549898624e-01,    6.2901599884e+01,    7.7549898624e-01,    1.0368099809e-01,
    7.7659797668e-01,   -4.6700900793e-01,    7.7659797668e-01,    6.2917999268e+01,    7.7659797668e-01,    7.5456500053e-02,
    7.7770000696e-01,   -4.7152200341e-01,    7.7770000696e-01,    6.3001201630e+01,    7.7770000696e-01,    7.7642597258e-02,
    7.7879899740e-01,   -5.2574801445e-01,    7.7879899740e-01,    6.2887199402e+01,    7.7879899740e-01,    6.6082999110e-02,
    7.7990001440e-01,   -5.7045000792e-01,    7.7990001440e-01,    6.2665401459e+01,    7.7990001440e-01,    7.2574198246e-02,
    7.8099900484e-01,   -6.1391502619e-01,    7.8099900484e-01,    6.2906600952e+01,    7.8099900484e-01,    4.2368300259e-02,
    7.8209900856e-01,   -6.1496400833e-01,    7.8209900856e-01,    6.2974700928e+01,    7.8209900856e-01,    4.9531199038e-02,
    7.8320002556e-01,   -6.3832801580e-01,    7.8320002556e-01,    6.2748500824e+01,    7.8320002556e-01,    2.8437400237e-02,
    7.8429800272e-01,   -6.8659102917e-01,    7.8429800272e-01,    6.2656600952e+01,    7.8429800272e-01,   -1.2248500250e-02,
    7.8539800644e-01,   -6.3239300251e-01,    7.8539800644e-01,    6.2477199554e+01,    7.8539800644e-01,    2.9551099986e-02,
    7.8649997711e-01,   -7.2623801231e-01,    7.8649997711e-01,    6.2190799713e+01,    7.8649997711e-01,   -3.5107299685e-02,
    7.8759902716e-01,   -7.5291800499e-01,    7.8759902716e-01,    6.2383800507e+01,    7.8759902716e-01,    7.8817503527e-03,
    7.8869801760e-01,   -7.8352600336e-01,    7.8869801760e-01,    6.2224399567e+01,    7.8869801760e-01,   -4.5845899731e-02,
    7.8979897499e-01,   -8.7260299921e-01,    7.8979897499e-01,    6.2535999298e+01,    7.8979897499e-01,    2.8961300850e-02,
    7.9089999199e-01,   -9.6221601963e-01,    7.9089999199e-01,    6.2847099304e+01,    7.9089999199e-01,   -6.8413503468e-02,
    7.9199802876e-01,   -1.0382599831e+00,    7.9199802876e-01,    6.2747299194e+01,    7.9199802876e-01,   -2.4644900113e-02,
    7.9309898615e-01,   -1.0665700436e+00,    7.9309898615e-01,    6.2396400452e+01,    7.9309898615e-01,   -2.8374399990e-02,
    7.9420000315e-01,   -1.1258100271e+00,    7.9420000315e-01,    6.2690898895e+01,    7.9420000315e-01,   -9.0569302440e-02,
    7.9529899359e-01,   -1.2007700205e+00,    7.9529899359e-01,    6.3003601074e+01,    7.9529899359e-01,   -2.9425999150e-02,
    7.9640001059e-01,   -1.1790499687e+00,    7.9640001059e-01,    6.3215698242e+01,    7.9640001059e-01,   -7.3856399395e-03,
    7.9749900103e-01,   -1.1818900108e+00,    7.9749900103e-01,    6.3609100342e+01,    7.9749900103e-01,   -3.2076001167e-02,
    7.9860001802e-01,   -1.2631100416e+00,    7.9860001802e-01,    6.4184097290e+01,    7.9860001802e-01,   -2.5669399649e-02,
    7.9969900846e-01,   -1.2565200329e+00,    7.9969900846e-01,    6.4548500061e+01,    7.9969900846e-01,   -3.0629499815e-03,
    8.0079901218e-01,   -1.3022300005e+00,    8.0079901218e-01,    6.4889297485e+01,    8.0079901218e-01,   -1.9639100879e-02,
    8.0190002918e-01,   -1.3138600588e+00,    8.0190002918e-01,    6.5309501648e+01,    8.0190002918e-01,   -4.6484101564e-02,
    8.0299901962e-01,   -1.3503899574e+00,    8.0299901962e-01,    6.5457496643e+01,    8.0299901962e-01,    1.7370800488e-03,
    8.0409902334e-01,   -1.3051899672e+00,    8.0409902334e-01,    6.5438499451e+01,    8.0409902334e-01,   -4.4698800892e-02,
    8.0519998074e-01,   -1.2978399992e+00,    8.0519998074e-01,    6.5634597778e+01,    8.0519998074e-01,   -4.3414000422e-02,
    8.0629801750e-01,   -1.2926299572e+00,    8.0629801750e-01,    6.5774497986e+01,    8.0629801750e-01,   -7.5766898692e-02,
    8.0739802122e-01,   -1.2736999989e+00,    8.0739802122e-01,    6.6065200806e+01,    8.0739802122e-01,    2.7727300301e-02,
    8.0849897861e-01,   -1.3214099407e+00,    8.0849897861e-01,    6.6029899597e+01,    8.0849897861e-01,   -6.5480001271e-02,
    8.0959802866e-01,   -1.3392200470e+00,    8.0959802866e-01,    6.5831596375e+01,    8.0959802866e-01,   -2.0182799548e-02,
    8.1069898605e-01,   -1.4084299803e+00,    8.1069898605e-01,    6.5854797363e+01,    8.1069898605e-01,    2.9758799821e-02,
    8.1179898977e-01,   -1.3203200102e+00,    8.1179898977e-01,    6.5790397644e+01,    8.1179898977e-01,    1.8349999562e-02,
    8.1289899349e-01,   -1.3184399605e+00,    8.1289899349e-01,    6.5510002136e+01,    8.1289899349e-01,   -2.1515600383e-02,
    8.1399798393e-01,   -1.2892999649e+00,    8.1399798393e-01,    6.5322097778e+01,    8.1399798393e-01,   -3.1172099989e-03,
    8.1510001421e-01,   -1.2561399937e+00,    8.1510001421e-01,    6.4931602478e+01,    8.1510001421e-01,    6.6839300096e-02,
    8.1619900465e-01,   -1.2431099415e+00,    8.1619900465e-01,    6.3920200348e+01,    8.1619900465e-01,   -1.6246600077e-02,
    8.1729799509e-01,   -1.2352000475e+00,    8.1729799509e-01,    6.3222900391e+01,    8.1729799509e-01,   -1.8788700923e-02,
    8.1839799881e-01,   -1.1892800331e+00,    8.1839799881e-01,    6.2952598572e+01,    8.1839799881e-01,   -7.6698500197e-04,
    8.1950002909e-01,   -1.1990699768e+00,    8.1950002909e-01,    6.2902099609e+01,    8.1950002909e-01,    5.3591899574e-02,
    8.2059901953e-01,   -1.1396700144e+00,    8.2059901953e-01,    6.2818801880e+01,    8.2059901953e-01,   -4.2148198932e-02,
    8.2169902325e-01,   -1.0507400036e+00,    8.2169902325e-01,    6.2958499908e+01,    8.2169902325e-01,    4.8019499518e-03,
    8.2279998064e-01,   -1.0723600388e+00,    8.2279998064e-01,    6.2962100983e+01,    8.2279998064e-01,   -1.6703899950e-02,
    8.2389801741e-01,   -1.0365200043e+00,    8.2389801741e-01,    6.2891101837e+01,    8.2389801741e-01,   -9.9602201954e-03,
    8.2499802113e-01,   -1.0316400528e+00,    8.2499802113e-01,    6.3489601135e+01,    8.2499802113e-01,   -7.6847098768e-02,
    8.2609802485e-01,   -1.0369299650e+00,    8.2609802485e-01,    6.4328102112e+01,    8.2609802485e-01,   -1.1683099903e-02,
    8.2719802856e-01,   -1.0089099407e+00,    8.2719802856e-01,    6.4758499146e+01,    8.2719802856e-01,   -5.4951999336e-02,
    8.2829898596e-01,   -1.0158799887e+00,    8.2829898596e-01,    6.4919601440e+01,    8.2829898596e-01,   -3.0887100846e-02,
    8.2940000296e-01,   -1.0495699644e+00,    8.2940000296e-01,    6.5392501831e+01,    8.2940000296e-01,    4.0472701192e-02,
    8.3049798012e-01,   -1.0414299965e+00,    8.3049798012e-01,    6.5977996826e+01,    8.3049798012e-01,   -6.1146099120e-02,
    8.3159899712e-01,   -1.0948899984e+00,    8.3159899712e-01,    6.6453498840e+01,    8.3159899712e-01,    1.9363800064e-02,
    8.3270001411e-01,   -1.1152700186e+00,    8.3270001411e-01,    6.6985603333e+01,    8.3270001411e-01,   -2.8467100114e-02,
    8.3379900455e-01,   -1.1366900206e+00,    8.3379900455e-01,    6.7429801941e+01,    8.3379900455e-01,    3.4564200789e-02,
    8.3489900827e-01,   -1.1582200527e+00,    8.3489900827e-01,    6.7733398438e+01,    8.3489900827e-01,   -2.0069500431e-02,
    8.3599799871e-01,   -1.2239999771e+00,    8.3599799871e-01,    6.8056198120e+01,    8.3599799871e-01,    5.3775299340e-02,
    8.3709800243e-01,   -1.2200800180e+00,    8.3709800243e-01,    6.8238502502e+01,    8.3709800243e-01,    4.2980401777e-03,
    8.3819997311e-01,   -1.2611299753e+00,    8.3819997311e-01,    6.8551803589e+01,    8.3819997311e-01,    2.5159299374e-02,
    8.3929902315e-01,   -1.3205599785e+00,    8.3929902315e-01,    6.8585899353e+01,    8.3929902315e-01,    4.5839999802e-03,
    8.4039902687e-01,   -1.2866799831e+00,    8.4039902687e-01,    6.8334602356e+01,    8.4039902687e-01,    1.9469600171e-02,
    8.4149998426e-01,   -1.4282300472e+00,    8.4149998426e-01,    6.8151901245e+01,    8.4149998426e-01,    4.2209599167e-02,
    8.4259897470e-01,   -1.3919199705e+00,    8.4259897470e-01,    6.7924697876e+01,    8.4259897470e-01,    2.8465799987e-02,
    8.4369802475e-01,   -1.3019200563e+00,    8.4369802475e-01,    6.8030899048e+01,    8.4369802475e-01,    1.2224200182e-03,
    8.4479898214e-01,   -1.3816100359e+00,    8.4479898214e-01,    6.8305900574e+01,    8.4479898214e-01,    3.0482299626e-02,
    8.4589898586e-01,   -1.3090599775e+00,    8.4589898586e-01,    6.8453903198e+01,    8.4589898586e-01,    4.8858597875e-03,
    8.4699797630e-01,   -1.3151099682e+00,    8.4699797630e-01,    6.8489402771e+01,    8.4699797630e-01,   -3.2617500983e-03,
    8.4809899330e-01,   -1.3845100403e+00,    8.4809899330e-01,    6.8695297241e+01,    8.4809899330e-01,    1.7853900790e-02,
    8.4919899702e-01,   -1.3417199850e+00,    8.4919899702e-01,    6.8856796265e+01,    8.4919899702e-01,    3.6540798843e-02,
    8.5030001402e-01,   -1.2484999895e+00,    8.5030001402e-01,    6.9192596436e+01,    8.5030001402e-01,   -6.5389201045e-02,
    8.5140001774e-01,   -1.3167699575e+00,    8.5140001774e-01,    6.9892898560e+01,    8.5140001774e-01,    2.2202299908e-02,
    8.5249900818e-01,   -1.1964399815e+00,    8.5249900818e-01,    7.0471397400e+01,    8.5249900818e-01,    1.5018800274e-02,
    8.5359799862e-01,   -1.1450699568e+00,    8.5359799862e-01,    7.0940002441e+01,    8.5359799862e-01,   -4.7247000039e-02,
    8.5469901562e-01,   -1.1825799942e+00,    8.5469901562e-01,    7.1606300354e+01,    8.5469901562e-01,   -1.5512900427e-02,
    8.5579901934e-01,   -1.0622400045e+00,    8.5579901934e-01,    7.2078201294e+01,    8.5579901934e-01,    5.9181798249e-02,
    8.5689902306e-01,   -1.0609699488e+00,    8.5689902306e-01,    7.2475997925e+01,    8.5689902306e-01,   -5.0599899143e-02,
    8.5799801350e-01,   -1.0585199594e+00,    8.5799801350e-01,    7.3005798340e+01,    8.5799801350e-01,   -2.1975699812e-02,
    8.5909897089e-01,   -9.7165399790e-01,    8.5909897089e-01,    7.3358802795e+01,    8.5909897089e-01,    1.6473899595e-03,
    8.6019897461e-01,   -1.0203900337e+00,    8.6019897461e-01,    7.3242698669e+01,    8.6019897461e-01,    1.1284500360e-03,
    8.6129802465e-01,   -1.0371600389e+00,    8.6129802465e-01,    7.3677597046e+01,    8.6129802465e-01,   -1.3879000209e-02,
    8.6239999533e-01,   -9.5643699169e-01,    8.6239999533e-01,    7.4206703186e+01,    8.6239999533e-01,   -2.1658900368e-04,
    8.6349898577e-01,   -9.1113400459e-01,    8.6349898577e-01,    7.4065200806e+01,    8.6349898577e-01,    7.2360001504e-02,
    8.6460000277e-01,   -8.6639899015e-01,    8.6460000277e-01,    7.3773498535e+01,    8.6460000277e-01,    2.0969800651e-02,
    8.6569899321e-01,   -8.1787699461e-01,    8.6569899321e-01,    7.3841003418e+01,    8.6569899321e-01,   -8.4701003507e-03,
    8.6680001020e-01,   -9.2273902893e-01,    8.6680001020e-01,    7.3826499939e+01,    8.6680001020e-01,    6.9024398923e-02,
    8.6789900064e-01,   -9.4589602947e-01,    8.6789900064e-01,    7.3782302856e+01,    8.6789900064e-01,    3.7185799330e-02,
    8.6900001764e-01,   -9.3335700035e-01,    8.6900001764e-01,    7.3648803711e+01,    8.6900001764e-01,   -5.8127198368e-02,
    8.7009900808e-01,   -9.6679300070e-01,    8.7009900808e-01,    7.3531196594e+01,    8.7009900808e-01,   -2.0715100691e-02,
    8.7119901180e-01,   -9.6643298864e-01,    8.7119901180e-01,    7.3443397522e+01,    8.7119901180e-01,    5.7057399303e-02,
    8.7230002880e-01,   -9.0830600262e-01,    8.7230002880e-01,    7.3459800720e+01,    8.7230002880e-01,   -4.4624399394e-02,
    8.7339997292e-01,   -1.0917999744e+00,    8.7339997292e-01,    7.3638000488e+01,    8.7339997292e-01,   -6.8825799972e-03,
    8.7449902296e-01,   -1.0502599478e+00,    8.7449902296e-01,    7.3608901978e+01,    8.7449902296e-01,    3.8872998208e-02,
    8.7559801340e-01,   -1.1716200113e+00,    8.7559801340e-01,    7.3559196472e+01,    8.7559801340e-01,    4.8336498439e-02,
    8.7669801712e-01,   -1.1956299543e+00,    8.7669801712e-01,    7.3769302368e+01,    8.7669801712e-01,    1.0906799696e-02,
    8.7779897451e-01,   -1.1165699959e+00,    8.7779897451e-01,    7.4075798035e+01,    8.7779897451e-01,   -1.7831200734e-02,
    8.7889897823e-01,   -1.1441999674e+00,    8.7889897823e-01,    7.4222396851e+01,    8.7889897823e-01,    5.7401899248e-02,
    8.7999802828e-01,   -1.0501199961e+00,    8.7999802828e-01,    7.4325302124e+01,    8.7999802828e-01,   -3.2727099955e-02,
    8.8109898567e-01,   -1.1643999815e+00,    8.8109898567e-01,    7.4619400024e+01,    8.8109898567e-01,   -9.8037300631e-04,
    8.8219898939e-01,   -1.1728600264e+00,    8.8219898939e-01,    7.4744796753e+01,    8.8219898939e-01,    2.6418400928e-02,
    8.8329797983e-01,   -1.2644799948e+00,    8.8329797983e-01,    7.4437896729e+01,    8.8329797983e-01,    2.4308400229e-02,
    8.8439899683e-01,   -1.3108600378e+00,    8.8439899683e-01,    7.4252700806e+01,    8.8439899683e-01,   -5.8467201889e-03,
    8.8550001383e-01,   -1.4351500273e+00,    8.8550001383e-01,    7.4178298950e+01,    8.8550001383e-01,    6.5760299563e-02,
    8.8660001755e-01,   -1.5890799761e+00,    8.8660001755e-01,    7.3938598633e+01,    8.8660001755e-01,    7.7925100923e-02,
    8.8769799471e-01,   -1.7048399448e+00,    8.8769799471e-01,    7.3100799561e+01,    8.8769799471e-01,    1.5203200281e-02,
    8.8879901171e-01,   -1.8149100542e+00,    8.8879901171e-01,    7.2266502380e+01,    8.8879901171e-01,    1.1562400311e-01,
    8.8990002871e-01,   -1.8082200289e+00,    8.8990002871e-01,    7.2518501282e+01,    8.8990002871e-01,    1.2223300338e-01,
    8.9099997282e-01,   -1.8581099510e+00,    8.9099997282e-01,    7.3166603088e+01,    8.9099997282e-01,    5.4166201502e-02,
    8.9209902287e-01,   -1.8348699808e+00,    8.9209902287e-01,    7.3626502991e+01,    8.9209902287e-01,    9.4851098955e-02,
    8.9319902658e-01,   -1.9052400589e+00,    8.9319902658e-01,    7.3856903076e+01,    8.9319902658e-01,    8.5188798606e-02,
    8.9429897070e-01,   -1.8311200142e+00,    8.9429897070e-01,    7.3803001404e+01,    8.9429897070e-01,    8.0648198724e-02,
    8.9539897442e-01,   -1.9299800396e+00,    8.9539897442e-01,    7.3197303772e+01,    8.9539897442e-01,    3.2845001668e-02,
    8.9649897814e-01,   -2.0247800350e+00,    8.9649897814e-01,    7.1885902405e+01,    8.9649897814e-01,    9.5973201096e-02,
    8.9759898186e-01,   -2.0631499290e+00,    8.9759898186e-01,    7.1235000610e+01,    8.9759898186e-01,    6.2964096665e-02,
    8.9869898558e-01,   -2.0620799065e+00,    8.9869898558e-01,    7.0882003784e+01,    8.9869898558e-01,    1.1962600052e-01,
    8.9980000257e-01,   -2.0011100769e+00,    8.9980000257e-01,    7.0487098694e+01,    8.9980000257e-01,    5.9292998165e-02,
    9.0089797974e-01,   -2.1012899876e+00,    9.0089797974e-01,    7.0512802124e+01,    9.0089797974e-01,    8.9996196330e-02,
    9.0199899673e-01,   -1.9348599911e+00,    9.0199899673e-01,    7.1046699524e+01,    9.0199899673e-01,    8.6058601737e-02,
    9.0309900045e-01,   -1.9762500525e+00,    9.0309900045e-01,    7.1167503357e+01,    9.0309900045e-01,    7.1084998548e-02,
    9.0419900417e-01,   -1.9262000322e+00,    9.0419900417e-01,    7.1418998718e+01,    9.0419900417e-01,    8.0089099705e-02,
    9.0529900789e-01,   -1.9486999512e+00,    9.0529900789e-01,    7.2202499390e+01,    9.0529900789e-01,    1.6109000146e-01,
    9.0639901161e-01,   -1.9607199430e+00,    9.0639901161e-01,    7.2836898804e+01,    9.0639901161e-01,   -1.4741200022e-02,
    9.0749901533e-01,   -1.9701499939e+00,    9.0749901533e-01,    7.3104202271e+01,    9.0749901533e-01,    5.8629199862e-02,
    9.0859901905e-01,   -1.9436500072e+00,    9.0859901905e-01,    7.3408599854e+01,    9.0859901905e-01,    9.9200502038e-02,
    9.0969800949e-01,   -1.9573899508e+00,    9.0969800949e-01,    7.3691703796e+01,    9.0969800949e-01,    8.3506301045e-02,
    9.1079902649e-01,   -1.9794900417e+00,    9.1079902649e-01,    7.3568199158e+01,    9.1079902649e-01,   -3.1498398632e-02,
    9.1189897060e-01,   -1.9521499872e+00,    9.1189897060e-01,    7.3597000122e+01,    9.1189897060e-01,    1.2384799868e-01,
    9.1299802065e-01,   -1.8282799721e+00,    9.1299802065e-01,    7.3487602234e+01,    9.1299802065e-01,    5.0022900105e-02,
    9.1409897804e-01,   -1.7332999706e+00,    9.1409897804e-01,    7.3371200562e+01,    9.1409897804e-01,   -7.6697301120e-03,
    9.1519999504e-01,   -1.6513600349e+00,    9.1519999504e-01,    7.3252403259e+01,    9.1519999504e-01,    5.1666600630e-03,
    9.1629797220e-01,   -1.6422599554e+00,    9.1629797220e-01,    7.3311897278e+01,    9.1629797220e-01,    7.4101500213e-02,
    9.1739898920e-01,   -1.4188300371e+00,    9.1739898920e-01,    7.3271896362e+01,    9.1739898920e-01,   -1.3980999589e-02,
    9.1850000620e-01,   -1.1552900076e+00,    9.1850000620e-01,    7.3101799011e+01,    9.1850000620e-01,   -5.3665898740e-02,
    9.1959899664e-01,   -8.4958201647e-01,    9.1959899664e-01,    7.2029197693e+01,    9.1959899664e-01,   -3.6531899124e-02,
    9.2069900036e-01,   -8.8202399015e-01,    9.2069900036e-01,    7.1162597656e+01,    9.2069900036e-01,    7.4231200852e-03,
    9.2179900408e-01,   -6.0734200478e-01,    9.2179900408e-01,    7.0410797119e+01,    9.2179900408e-01,   -1.2160299718e-01,
    9.2289799452e-01,   -5.2557700872e-01,    9.2289799452e-01,    6.9654899597e+01,    9.2289799452e-01,   -8.6837798357e-02,
    9.2399799824e-01,   -5.5059498549e-01,    9.2399799824e-01,    6.8900703430e+01,    9.2399799824e-01,   -3.9881199598e-02,
    9.2509800196e-01,   -2.5643798709e-01,    9.2509800196e-01,    6.7957496643e+01,    9.2509800196e-01,   -7.0770502090e-02,
    9.2619901896e-01,    1.0511899740e-01,    9.2619901896e-01,    6.6191596985e+01,    9.2619901896e-01,   -1.2030500174e-01,
    9.2729902267e-01,   -1.7498600483e-01,    9.2729902267e-01,    6.5243301392e+01,    9.2729902267e-01,    1.0591800325e-02,
    9.2839998007e-01,   -5.1683101803e-02,    9.2839998007e-01,    6.5207199097e+01,    9.2839998007e-01,   -4.4000998139e-02,
    9.2949998379e-01,   -9.7198300064e-02,    9.2949998379e-01,    6.5012100220e+01,    9.2949998379e-01,   -1.3922800124e-01,
    9.3059897423e-01,   -2.1207700670e-01,    9.3059897423e-01,    6.4624702454e+01,    9.3059897423e-01,   -1.7766799778e-02,
    9.3169897795e-01,    5.9707701206e-02,    9.3169897795e-01,    6.4983001709e+01,    9.3169897795e-01,   -7.7161602676e-02,
    9.3279898167e-01,    8.3946604282e-03,    9.3279898167e-01,    6.5247100830e+01,    9.3279898167e-01,   -1.1518599838e-01,
    9.3389797211e-01,    4.4215798378e-02,    9.3389797211e-01,    6.5395599365e+01,    9.3389797211e-01,   -8.5938796401e-02,
    9.3499898911e-01,   -1.1907800101e-02,    9.3499898911e-01,    6.5705299377e+01,    9.3499898911e-01,   -8.5232302547e-02,
    9.3610000610e-01,    1.1221200228e-01,    9.3610000610e-01,    6.5967201233e+01,    9.3610000610e-01,   -3.1651500612e-02,
    9.3719899654e-01,    1.9107400440e-03,    9.3719899654e-01,    6.6233200073e+01,    9.3719899654e-01,   -7.0477403700e-02,
    9.3830001354e-01,    3.7571098655e-02,    9.3830001354e-01,    6.6779998779e+01,    9.3830001354e-01,   -8.3693802357e-02,
    9.3939799070e-01,    8.5165798664e-02,    9.3939799070e-01,    6.7449996948e+01,    9.3939799070e-01,   -4.7205798328e-02,
    9.4049799442e-01,    2.8535699472e-02,    9.4049799442e-01,    6.8101097107e+01,    9.4049799442e-01,    2.0249900408e-03,
    9.4159799814e-01,    4.0178600699e-02,    9.4159799814e-01,    6.8871498108e+01,    9.4159799814e-01,   -1.0753300041e-01,
    9.4270002842e-01,    1.5989400446e-01,    9.4270002842e-01,    6.9632896423e+01,    9.4270002842e-01,   -1.3546699658e-02,
    9.4379997253e-01,    1.3722300529e-01,    9.4379997253e-01,    7.0158996582e+01,    9.4379997253e-01,   -4.1299600154e-02,
    9.4489902258e-01,    2.9380699992e-01,    9.4489902258e-01,    7.0564399719e+01,    9.4489902258e-01,   -8.6752101779e-02,
    9.4599902630e-01,    3.1600999832e-01,    9.4599902630e-01,    7.1210899353e+01,    9.4599902630e-01,   -5.0807900727e-02,
    9.4709897041e-01,    2.7674999833e-01,    9.4709897041e-01,    7.1844902039e+01,    9.4709897041e-01,   -6.9018498063e-02,
    9.4819897413e-01,    3.4806799889e-01,    9.4819897413e-01,    7.2289299011e+01,    9.4819897413e-01,   -7.4493601918e-02,
    9.4929897785e-01,    3.9473098516e-01,    9.4929897785e-01,    7.2844001770e+01,    9.4929897785e-01,   -5.1468200982e-02,
    9.5039802790e-01,    2.2528399527e-01,    9.5039802790e-01,    7.3229400635e+01,    9.5039802790e-01,   -7.1699596941e-02,
    9.5149999857e-01,    4.1760700941e-01,    9.5149999857e-01,    7.3433296204e+01,    9.5149999857e-01,   -6.6472597420e-02,
    9.5260000229e-01,    3.9255198836e-01,    9.5260000229e-01,    7.3708602905e+01,    9.5260000229e-01,   -4.0354099125e-02,
    9.5369797945e-01,    1.7415499687e-01,    9.5369797945e-01,    7.3273399353e+01,    9.5369797945e-01,   -1.3230900466e-01,
    9.5479899645e-01,    4.7340399027e-01,    9.5479899645e-01,    7.2951202393e+01,    9.5479899645e-01,   -2.0766699687e-02,
    9.5590001345e-01,    2.6731100678e-01,    9.5590001345e-01,    7.3276496887e+01,    9.5590001345e-01,   -7.5897701085e-02,
    9.5700001717e-01,    2.6331698895e-01,    9.5700001717e-01,    7.3530998230e+01,    9.5700001717e-01,   -8.3605498075e-02,
    9.5810002089e-01,    4.3775901198e-01,    9.5810002089e-01,    7.3410301208e+01,    9.5810002089e-01,   -3.6314699799e-02,
    9.5920002460e-01,    3.9810699224e-01,    9.5920002460e-01,    7.3785400391e+01,    9.5920002460e-01,   -3.0266600661e-03,
    9.6030002832e-01,    2.3825499415e-01,    9.6030002832e-01,    7.4107101440e+01,    9.6030002832e-01,   -7.5771503150e-02,
    9.6139800549e-01,    6.6409599781e-01,    9.6139800549e-01,    7.4251098633e+01,    9.6139800549e-01,   -7.4351701187e-04,
    9.6249800920e-01,    4.2913100123e-01,    9.6249800920e-01,    7.4669898987e+01,    9.6249800920e-01,   -4.1227798909e-02,
    9.6359997988e-01,    4.4857901335e-01,    9.6359997988e-01,    7.5344299316e+01,    9.6359997988e-01,   -4.5379698277e-02,
    9.6469897032e-01,    5.1164597273e-01,    9.6469897032e-01,    7.5684997559e+01,    9.6469897032e-01,   -2.2437499836e-02,
    9.6579998732e-01,    4.3638798594e-01,    9.6579998732e-01,    7.6298698425e+01,    9.6579998732e-01,   -3.1371600926e-02,
    9.6689999104e-01,    3.0304101110e-01,    9.6689999104e-01,    7.6854698181e+01,    9.6689999104e-01,   -3.3104401082e-02,
    9.6799898148e-01,    3.7585499883e-01,    9.6799898148e-01,    7.6996597290e+01,    9.6799898148e-01,   -5.2612200379e-02,
    9.6909797192e-01,    3.1867900491e-01,    9.6909797192e-01,    7.7376701355e+01,    9.6909797192e-01,   -3.1706601381e-02,
    9.7019898891e-01,    1.7342400551e-01,    9.7019898891e-01,    7.7854598999e+01,    9.7019898891e-01,   -3.1571999192e-02,
    9.7129899263e-01,    2.7047100663e-01,    9.7129899263e-01,    7.7924102783e+01,    9.7129899263e-01,   -2.9329499230e-02,
    9.7240000963e-01,    2.0180900395e-01,    9.7240000963e-01,    7.8003997803e+01,    9.7240000963e-01,   -6.2298398465e-02,
    9.7349798679e-01,   -4.0240600705e-02,    9.7349798679e-01,    7.8047996521e+01,    9.7349798679e-01,    2.0538100507e-03,
    9.7459900379e-01,    8.1959903240e-02,    9.7459900379e-01,    7.8111099243e+01,    9.7459900379e-01,    1.9488700200e-03,
    9.7569799423e-01,    1.6441799700e-01,    9.7569799423e-01,    7.8818099976e+01,    9.7569799423e-01,   -8.2793697715e-02,
    9.7679901123e-01,   -4.6990901232e-02,    9.7679901123e-01,    7.9838203430e+01,    9.7679901123e-01,    3.2677699346e-03,
    9.7789901495e-01,    9.5789000392e-02,    9.7789901495e-01,    8.0065399170e+01,    9.7789901495e-01,   -6.3218802214e-02,
    9.7899800539e-01,   -1.4728100039e-02,    9.7899800539e-01,    7.9879699707e+01,    9.7899800539e-01,   -7.7054001391e-02,
    9.8009997606e-01,   -1.8551500142e-01,    9.8009997606e-01,    7.9837600708e+01,    9.8009997606e-01,   -4.6098198742e-02,
    9.8119902611e-01,   -1.5973499417e-01,    9.8119902611e-01,    7.9803001404e+01,    9.8119902611e-01,   -9.0832203627e-02,
    9.8229897022e-01,   -2.7772799134e-01,    9.8229897022e-01,    7.9915702820e+01,    9.8229897022e-01,   -6.4792700112e-02,
    9.8339998722e-01,   -3.3394399285e-01,    9.8339998722e-01,    8.0098503113e+01,    9.8339998722e-01,   -7.7985599637e-02,
    9.8449897766e-01,   -3.7683999538e-01,    9.8449897766e-01,    8.0180397034e+01,    9.8449897766e-01,   -5.4427899420e-02,
    9.8559999466e-01,   -4.2618599534e-01,    9.8559999466e-01,    8.0415802002e+01,    9.8559999466e-01,    6.0089598410e-03,
    9.8669898510e-01,   -3.8776201010e-01,    9.8669898510e-01,    8.0862503052e+01,    9.8669898510e-01,   -1.1284699664e-02,
    9.8779898882e-01,   -5.4089999199e-01,    9.8779898882e-01,    8.1233200073e+01,    9.8779898882e-01,   -7.7366903424e-02,
    9.8889797926e-01,   -6.1235398054e-01,    9.8889797926e-01,    8.1398002625e+01,    9.8889797926e-01,   -4.3081599288e-03,
    9.9000000954e-01,   -4.8511999846e-01,    9.9000000954e-01,    8.1770599365e+01,    9.9000000954e-01,    1.7718000337e-02,
    9.9109899998e-01,   -6.3932102919e-01,    9.9109899998e-01,    8.2084899902e+01,    9.9109899998e-01,   -6.9256998599e-02,
    9.9220001698e-01,   -5.9010601044e-01,    9.9220001698e-01,    8.2088302612e+01,    9.9220001698e-01,   -6.5838401206e-03,
    9.9329900742e-01,   -4.0199398994e-01,    9.9329900742e-01,    8.2063201904e+01,    9.9329900742e-01,    6.4126200974e-02,
    9.9439901114e-01,   -5.9198099375e-01,    9.9439901114e-01,    8.1643898010e+01,    9.9439901114e-01,   -8.3993002772e-03,
    9.9549901485e-01,   -5.0342702866e-01,    9.9549901485e-01,    8.0854499817e+01,    9.9549901485e-01,   -1.9465299323e-02,
    9.9659800529e-01,   -2.2298400104e-01,    9.9659800529e-01,    8.0162597656e+01,    9.9659800529e-01,   -3.2978400122e-04,
    9.9769800901e-01,   -4.8070299625e-01,    9.9769800901e-01,    7.9689201355e+01,    9.9769800901e-01,    2.1453399211e-02,
    9.9879997969e-01,   -4.4838199019e-01,    9.9879997969e-01,    7.9175498962e+01,    9.9879997969e-01,   -3.3463399857e-02,
    9.9989902973e-01,   -2.8850701451e-01,    9.9989902973e-01,    7.8673400879e+01,    9.9989902973e-01,   -6.5793499351e-02,
    1.0010000467e+00,   -5.9510201216e-01,    1.0010000467e+00,    7.7916999817e+01,    1.0010000467e+00,   -2.1013800055e-02,
    1.0020999908e+00,   -2.8729599714e-01,    1.0020999908e+00,    7.6613098145e+01,    1.0020999908e+00,   -2.5630800053e-02,
    1.0032000542e+00,   -3.1910398602e-01,    1.0032000542e+00,    7.6824096680e+01,    1.0032000542e+00,   -5.9987898916e-02,
    1.0042999983e+00,   -2.5069001317e-01,    1.0042999983e+00,    7.7287002563e+01,    1.0042999983e+00,   -1.5439799987e-02,
    1.0053999424e+00,   -4.0664601326e-01,    1.0053999424e+00,    7.8086402893e+01,    1.0053999424e+00,    4.8148300499e-02,
    1.0065000057e+00,   -1.7755100131e-01,    1.0065000057e+00,    7.8619796753e+01,    1.0065000057e+00,   -3.3208400011e-02,
    1.0075999498e+00,   -1.4328500628e-01,    1.0075999498e+00,    7.9093498230e+01,    1.0075999498e+00,   -4.2959898710e-02,
    1.0087000132e+00,   -5.0256097317e-01,    1.0087000132e+00,    7.9767997742e+01,    1.0087000132e+00,    2.5265399367e-02,
    1.0097999573e+00,   -4.0161598474e-02,    1.0097999573e+00,    8.0419998169e+01,    1.0097999573e+00,    1.7854100093e-02,
    1.0109000206e+00,   -1.1957000196e-01,    1.0109000206e+00,    8.0874397278e+01,    1.0109000206e+00,   -2.8008200228e-02,
    1.0119999647e+00,   -5.3662002087e-01,    1.0119999647e+00,    8.1385498047e+01,    1.0119999647e+00,    1.2526200153e-02,
    1.0131000280e+00,   -1.6507099569e-01,    1.0131000280e+00,    8.1738899231e+01,    1.0131000280e+00,    3.1695000827e-02,
    1.0141999722e+00,   -3.3597299457e-01,    1.0141999722e+00,    8.1982597351e+01,    1.0141999722e+00,   -5.4835001938e-03,
    1.0153000355e+00,   -6.7829900980e-01,    1.0153000355e+00,    8.2318603516e+01,    1.0153000355e+00,    5.6702800095e-02,
    1.0163999796e+00,   -4.2100501060e-01,    1.0163999796e+00,    8.2548896790e+01,    1.0163999796e+00,    6.0062799603e-02,
    1.0175000429e+00,   -5.0215899944e-01,    1.0175000429e+00,    8.2652801514e+01,    1.0175000429e+00,    4.9675300717e-02,
    1.0185999870e+00,   -8.3123499155e-01,    1.0185999870e+00,    8.2882598877e+01,    1.0185999870e+00,    5.1418099552e-02,
    1.0197000504e+00,   -7.5181698799e-01,    1.0197000504e+00,    8.3084297180e+01,    1.0197000504e+00,    6.1629198492e-02,
    1.0207999945e+00,   -6.4284098148e-01,    1.0207999945e+00,    8.2787101746e+01,    1.0207999945e+00,    5.4536599666e-02,
    1.0219000578e+00,   -1.0759700537e+00,    1.0219000578e+00,    8.2374099731e+01,    1.0219000578e+00,    6.1005301774e-02,
    1.0230000019e+00,   -9.1677498817e-01,    1.0230000019e+00,    8.2129302979e+01,    1.0230000019e+00,    3.3822499216e-02,
    1.0240999460e+00,   -8.0338597298e-01,    1.0240999460e+00,    8.2272300720e+01,    1.0240999460e+00,    7.7849201858e-02,
    1.0252000093e+00,   -1.1623100042e+00,    1.0252000093e+00,    8.2309997559e+01,    1.0252000093e+00,   -9.8313298076e-03,
    1.0262999535e+00,   -9.8785597086e-01,    1.0262999535e+00,    8.2625297546e+01,    1.0262999535e+00,    3.4173899330e-03,
    1.0274000168e+00,   -6.4326798916e-01,    1.0274000168e+00,    8.2948303223e+01,    1.0274000168e+00,    4.4734798372e-02,
    1.0284999609e+00,   -9.6207100153e-01,    1.0284999609e+00,    8.3202796936e+01,    1.0284999609e+00,   -3.8711700588e-02,
    1.0296000242e+00,   -1.1083199978e+00,    1.0296000242e+00,    8.3437896729e+01,    1.0296000242e+00,   -2.4365199730e-02,
    1.0306999683e+00,   -9.8130100965e-01,    1.0306999683e+00,    8.3910003662e+01,    1.0306999683e+00,    1.7539300025e-02,
    1.0318000317e+00,   -1.0028100014e+00,    1.0318000317e+00,    8.4157203674e+01,    1.0318000317e+00,   -2.0334500819e-02,
    1.0328999758e+00,   -1.2172700167e+00,    1.0328999758e+00,    8.3504501343e+01,    1.0328999758e+00,   -3.9738100022e-02,
    1.0340000391e+00,   -1.0217599869e+00,    1.0340000391e+00,    8.2204002380e+01,    1.0340000391e+00,    2.1107299253e-02,
    1.0350999832e+00,   -8.7367099524e-01,    1.0350999832e+00,    8.1223701477e+01,    1.0350999832e+00,   -7.4739597738e-02,
    1.0362000465e+00,   -1.2515599728e+00,    1.0362000465e+00,    8.0853599548e+01,    1.0362000465e+00,   -4.0828898549e-02,
    1.0372999907e+00,   -1.0535700321e+00,    1.0372999907e+00,    8.0302803040e+01,    1.0372999907e+00,   -8.7727598846e-02,
    1.0384000540e+00,   -1.0701500177e+00,    1.0384000540e+00,    8.0227897644e+01,    1.0384000540e+00,   -6.1394400895e-02,
    1.0394999981e+00,   -1.5049599409e+00,    1.0394999981e+00,    8.0497901917e+01,    1.0394999981e+00,   -1.1890199780e-01,
    1.0405999422e+00,   -1.1695400476e+00,    1.0405999422e+00,    7.9965202332e+01,    1.0405999422e+00,   -6.8019397557e-02,
    1.0417000055e+00,   -1.2330800295e+00,    1.0417000055e+00,    7.9565803528e+01,    1.0417000055e+00,   -9.6628397703e-02,
    1.0427999496e+00,   -1.7527600527e+00,    1.0427999496e+00,    7.9690200806e+01,    1.0427999496e+00,   -2.5977399200e-02,
    1.0439000130e+00,   -1.2281600237e+00,    1.0439000130e+00,    7.9937797546e+01,    1.0439000130e+00,   -6.7217499018e-02,
    1.0449999571e+00,   -1.1953899860e+00,    1.0449999571e+00,    8.0119697571e+01,    1.0449999571e+00,   -3.8918700069e-02,
    1.0461000204e+00,   -1.7110500336e+00,    1.0461000204e+00,    8.0498497009e+01,    1.0461000204e+00,    3.6798998713e-02,
    1.0471999645e+00,   -1.3786599636e+00,    1.0471999645e+00,    8.0905502319e+01,    1.0471999645e+00,   -9.8246999085e-02,
    1.0483000278e+00,   -1.2730599642e+00,    1.0483000278e+00,    8.1115303040e+01,    1.0483000278e+00,    5.3559698164e-02,
    1.0493999720e+00,   -1.6942299604e+00,    1.0493999720e+00,    8.1179100037e+01,    1.0493999720e+00,   -1.8488999456e-02,
    1.0505000353e+00,   -1.3809499741e+00,    1.0505000353e+00,    8.1527900696e+01,    1.0505000353e+00,    3.5201199353e-02,
    1.0515999794e+00,   -1.4247499704e+00,    1.0515999794e+00,    8.1605598450e+01,    1.0515999794e+00,   -2.7554299682e-02,
    1.0527000427e+00,   -1.8691300154e+00,    1.0527000427e+00,    8.1430397034e+01,    1.0527000427e+00,    4.4892799109e-02,
    1.0537999868e+00,   -1.5940999985e+00,    1.0537999868e+00,    8.1294700623e+01,    1.0537999868e+00,   -5.1756601781e-02,
    1.0549000502e+00,   -1.5236799717e+00,    1.0549000502e+00,    8.1187301636e+01,    1.0549000502e+00,   -5.5479601026e-02,
    1.0559999943e+00,   -1.7100499868e+00,    1.0559999943e+00,    8.0847000122e+01,    1.0559999943e+00,   -2.9466299340e-02,
    1.0571000576e+00,   -1.6940799952e+00,    1.0571000576e+00,    8.0571502686e+01,    1.0571000576e+00,   -6.9867201149e-02,
    1.0582000017e+00,   -1.6581200361e+00,    1.0582000017e+00,    8.0415397644e+01,    1.0582000017e+00,    7.2072101757e-03,
    1.0592999458e+00,   -1.9480199814e+00,    1.0592999458e+00,    8.0434799194e+01,    1.0592999458e+00,   -4.8236001283e-02,
    1.0604000092e+00,   -2.0839099884e+00,    1.0604000092e+00,    8.0281799316e+01,    1.0604000092e+00,   -2.3183200508e-02,
    1.0614999533e+00,   -1.9559199810e+00,    1.0614999533e+00,    8.0449798584e+01,    1.0614999533e+00,    2.3208800703e-02,
    1.0626000166e+00,   -2.2850201130e+00,    1.0626000166e+00,    8.0694297791e+01,    1.0626000166e+00,   -4.6448100358e-02,
    1.0636999607e+00,   -2.3663599491e+00,    1.0636999607e+00,    8.1007102966e+01,    1.0636999607e+00,   -1.2773999944e-02,
    1.0648000240e+00,   -2.1306600571e+00,    1.0648000240e+00,    8.1627601624e+01,    1.0648000240e+00,   -5.7894099504e-02,
    1.0658999681e+00,   -2.2307999134e+00,    1.0658999681e+00,    8.2279403687e+01,    1.0658999681e+00,    5.1708001643e-02,
    1.0670000315e+00,   -2.2543499470e+00,    1.0670000315e+00,    8.2821998596e+01,    1.0670000315e+00,   -4.3286301196e-02,
    1.0680999756e+00,   -1.9541499615e+00,    1.0680999756e+00,    8.3555099487e+01,    1.0680999756e+00,    5.9330999851e-02,
    1.0692000389e+00,   -1.8555500507e+00,    1.0692000389e+00,    8.3794502258e+01,    1.0692000389e+00,    4.6586100012e-02,
    1.0702999830e+00,   -1.9713100195e+00,    1.0702999830e+00,    8.4325401306e+01,    1.0702999830e+00,    6.2931902707e-02,
    1.0714000463e+00,   -1.5987000465e+00,    1.0714000463e+00,    8.5093803406e+01,    1.0714000463e+00,    8.2282699645e-02,
    1.0724999905e+00,   -1.2643799782e+00,    1.0724999905e+00,    8.5680000305e+01,    1.0724999905e+00,   -2.6256099343e-02,
    1.0736000538e+00,   -1.7122999430e+00,    1.0736000538e+00,    8.5985397339e+01,    1.0736000538e+00,    1.3527600467e-01,
    1.0746999979e+00,   -1.5948100090e+00,    1.0746999979e+00,    8.6111099243e+01,    1.0746999979e+00,   -2.5226001162e-04,
    1.0757999420e+00,   -1.1787899733e+00,    1.0757999420e+00,    8.6411300659e+01,    1.0757999420e+00,    6.2106598169e-02,
    1.0769000053e+00,   -1.6962100267e+00,    1.0769000053e+00,    8.6846702576e+01,    1.0769000053e+00,    5.1264099777e-02,
    1.0779999495e+00,   -1.6983000040e+00,    1.0779999495e+00,    8.7238296509e+01,    1.0779999495e+00,    7.0929899812e-02,
    1.0791000128e+00,   -1.3209999800e+00,    1.0791000128e+00,    8.7668098450e+01,    1.0791000128e+00,    1.2051299959e-01,
    1.0801999569e+00,   -1.2767200470e+00,    1.0801999569e+00,    8.8352302551e+01,    1.0801999569e+00,    1.0241700336e-02,
    1.0813000202e+00,   -1.0849599838e+00,    1.0813000202e+00,    8.9464996338e+01,    1.0813000202e+00,    2.0102700591e-01,
    1.0823999643e+00,   -7.8231799603e-01,    1.0823999643e+00,    9.0927398682e+01,    1.0823999643e+00,    1.3045699894e-01,
    1.0835000277e+00,   -9.5998597145e-01,    1.0835000277e+00,    9.1615699768e+01,    1.0835000277e+00,   -2.7310199221e-04,
    1.0845999718e+00,   -7.6531398296e-01,    1.0845999718e+00,    9.2295097351e+01,    1.0845999718e+00,    1.6030099988e-01,
    1.0857000351e+00,   -5.9166902304e-01,    1.0857000351e+00,    9.3581596375e+01,    1.0857000351e+00,    1.0137200356e-01,
    1.0867999792e+00,   -8.0258697271e-01,    1.0867999792e+00,    9.4662300110e+01,    1.0867999792e+00,    9.0111598372e-02,
    1.0879000425e+00,   -8.6869001389e-01,    1.0879000425e+00,    9.5073501587e+01,    1.0879000425e+00,    2.7595300227e-02,
    1.0889999866e+00,   -6.4207601547e-01,    1.0889999866e+00,    9.6072502136e+01,    1.0889999866e+00,    3.1051099300e-02,
    1.0901000500e+00,   -5.6408697367e-01,    1.0901000500e+00,    9.7400901794e+01,    1.0901000500e+00,    1.5062400699e-01,
    1.0911999941e+00,   -9.8867201805e-01,    1.0911999941e+00,    9.7983299255e+01,    1.0911999941e+00,   -1.2974600494e-01,
    1.0923000574e+00,   -1.0125900507e+00,    1.0923000574e+00,    9.8330703735e+01,    1.0923000574e+00,    1.0677299649e-01,
    1.0934000015e+00,   -6.6990399361e-01,    1.0934000015e+00,    9.9495300293e+01,    1.0934000015e+00,    1.0579500347e-01,
    1.0944999456e+00,   -8.6201202869e-01,    1.0944999456e+00,    9.9982902527e+01,    1.0944999456e+00,   -2.0051099360e-02,
    1.0956000090e+00,   -1.0673400164e+00,    1.0956000090e+00,    9.9959396362e+01,    1.0956000090e+00,    2.6461200789e-02,
    1.0966999531e+00,   -6.9902902842e-01,    1.0966999531e+00,    1.0019400024e+02,    1.0966999531e+00,    5.9528801590e-02,
    1.0978000164e+00,   -1.0565500259e+00,    1.0978000164e+00,    1.0068399811e+02,    1.0978000164e+00,    5.0287000835e-02,
    1.0988999605e+00,   -1.3889100552e+00,    1.0988999605e+00,    1.0029599762e+02,    1.0988999605e+00,   -5.3150799125e-02,
    1.1000000238e+00,   -9.5934802294e-01,    1.1000000238e+00,    9.9853401184e+01,    1.1000000238e+00,    1.4730800688e-01,
