LS-DYNA keyword deck by LS-PrePost,Rcforc Data
Time,Ma 373 X-force,Time,Ma 373 Y-force,Time,Ma 373 Z-force,
    0.0000000000e+00,    0.0000000000e+00,    0.0000000000e+00,    0.0000000000e+00,    0.0000000000e+00,    0.0000000000e+00,
    1.0990600567e-03,    0.0000000000e+00,    1.0990600567e-03,    0.0000000000e+00,    1.0990600567e-03,    0.0000000000e+00,
    2.1981699392e-03,    0.0000000000e+00,    2.1981699392e-03,    0.0000000000e+00,    2.1981699392e-03,    0.0000000000e+00,
    3.2983899582e-03,    0.0000000000e+00,    3.2983899582e-03,    0.0000000000e+00,    3.2983899582e-03,    0.0000000000e+00,
    4.3993499130e-03,    0.0000000000e+00,    4.3993499130e-03,    0.0000000000e+00,    4.3993499130e-03,    0.0000000000e+00,
    5.4993899539e-03,    0.0000000000e+00,    5.4993899539e-03,    0.0000000000e+00,    5.4993899539e-03,    0.0000000000e+00,
    6.5985200927e-03,    0.0000000000e+00,    6.5985200927e-03,    0.0000000000e+00,    6.5985200927e-03,    0.0000000000e+00,
    7.6994900592e-03,    0.0000000000e+00,    7.6994900592e-03,    0.0000000000e+00,    7.6994900592e-03,    0.0000000000e+00,
    8.7991701439e-03,    0.0000000000e+00,    8.7991701439e-03,    0.0000000000e+00,    8.7991701439e-03,    0.0000000000e+00,
    9.8988199607e-03,    0.0000000000e+00,    9.8988199607e-03,    0.0000000000e+00,    9.8988199607e-03,    0.0000000000e+00,
    1.0999799706e-02,    0.0000000000e+00,    1.0999799706e-02,    0.0000000000e+00,    1.0999799706e-02,    0.0000000000e+00,
    1.2099700049e-02,    0.0000000000e+00,    1.2099700049e-02,    0.0000000000e+00,    1.2099700049e-02,    0.0000000000e+00,
    1.3198999688e-02,    0.0000000000e+00,    1.3198999688e-02,    0.0000000000e+00,    1.3198999688e-02,    0.0000000000e+00,
    1.4299600385e-02,    0.0000000000e+00,    1.4299600385e-02,    0.0000000000e+00,    1.4299600385e-02,    0.0000000000e+00,
    1.5399900265e-02,    0.0000000000e+00,    1.5399900265e-02,    0.0000000000e+00,    1.5399900265e-02,    0.0000000000e+00,
    1.6498299316e-02,    0.0000000000e+00,    1.6498299316e-02,    0.0000000000e+00,    1.6498299316e-02,    0.0000000000e+00,
    1.7599200830e-02,    0.0000000000e+00,    1.7599200830e-02,    0.0000000000e+00,    1.7599200830e-02,    0.0000000000e+00,
    1.8699700013e-02,    0.0000000000e+00,    1.8699700013e-02,    0.0000000000e+00,    1.8699700013e-02,    0.0000000000e+00,
    1.9799100235e-02,    0.0000000000e+00,    1.9799100235e-02,    0.0000000000e+00,    1.9799100235e-02,    0.0000000000e+00,
    2.0898200572e-02,    0.0000000000e+00,    2.0898200572e-02,    0.0000000000e+00,    2.0898200572e-02,    0.0000000000e+00,
    2.1999200806e-02,    0.0000000000e+00,    2.1999200806e-02,    0.0000000000e+00,    2.1999200806e-02,    0.0000000000e+00,
    2.3099999875e-02,    0.0000000000e+00,    2.3099999875e-02,    0.0000000000e+00,    2.3099999875e-02,    0.0000000000e+00,
    2.4199200794e-02,    0.0000000000e+00,    2.4199200794e-02,    0.0000000000e+00,    2.4199200794e-02,    0.0000000000e+00,
    2.5298900902e-02,    0.0000000000e+00,    2.5298900902e-02,    0.0000000000e+00,    2.5298900902e-02,    0.0000000000e+00,
    2.6398399845e-02,    0.0000000000e+00,    2.6398399845e-02,    0.0000000000e+00,    2.6398399845e-02,    0.0000000000e+00,
    2.7499800548e-02,    0.0000000000e+00,    2.7499800548e-02,    0.0000000000e+00,    2.7499800548e-02,    0.0000000000e+00,
    2.8598599136e-02,    0.0000000000e+00,    2.8598599136e-02,    0.0000000000e+00,    2.8598599136e-02,    0.0000000000e+00,
    2.9699800536e-02,    0.0000000000e+00,    2.9699800536e-02,    0.0000000000e+00,    2.9699800536e-02,    0.0000000000e+00,
    3.0798900872e-02,    0.0000000000e+00,    3.0798900872e-02,    0.0000000000e+00,    3.0798900872e-02,    0.0000000000e+00,
    3.1899001449e-02,    0.0000000000e+00,    3.1899001449e-02,    0.0000000000e+00,    3.1899001449e-02,    0.0000000000e+00,
    3.2998200506e-02,    0.0000000000e+00,    3.2998200506e-02,    0.0000000000e+00,    3.2998200506e-02,    0.0000000000e+00,
    3.4099198878e-02,    0.0000000000e+00,    3.4099198878e-02,    0.0000000000e+00,    3.4099198878e-02,    0.0000000000e+00,
    3.5199001431e-02,    0.0000000000e+00,    3.5199001431e-02,    0.0000000000e+00,    3.5199001431e-02,    0.0000000000e+00,
    3.6299198866e-02,    0.0000000000e+00,    3.6299198866e-02,    0.0000000000e+00,    3.6299198866e-02,    0.0000000000e+00,
    3.7398301065e-02,    0.0000000000e+00,    3.7398301065e-02,    0.0000000000e+00,    3.7398301065e-02,    0.0000000000e+00,
    3.8499899209e-02,    0.0000000000e+00,    3.8499899209e-02,    0.0000000000e+00,    3.8499899209e-02,    0.0000000000e+00,
    3.9599601179e-02,    0.0000000000e+00,    3.9599601179e-02,    0.0000000000e+00,    3.9599601179e-02,    0.0000000000e+00,
    4.0699601173e-02,    0.0000000000e+00,    4.0699601173e-02,    0.0000000000e+00,    4.0699601173e-02,    0.0000000000e+00,
    4.1798699647e-02,    0.0000000000e+00,    4.1798699647e-02,    0.0000000000e+00,    4.1798699647e-02,    0.0000000000e+00,
    4.2899001390e-02,    0.0000000000e+00,    4.2899001390e-02,    0.0000000000e+00,    4.2899001390e-02,    0.0000000000e+00,
    4.3998401612e-02,    0.0000000000e+00,    4.3998401612e-02,    0.0000000000e+00,    4.3998401612e-02,    0.0000000000e+00,
    4.5098699629e-02,    0.0000000000e+00,    4.5098699629e-02,    0.0000000000e+00,    4.5098699629e-02,    0.0000000000e+00,
    4.6199701726e-02,    0.0000000000e+00,    4.6199701726e-02,    0.0000000000e+00,    4.6199701726e-02,    0.0000000000e+00,
    4.7299500555e-02,    0.0000000000e+00,    4.7299500555e-02,    0.0000000000e+00,    4.7299500555e-02,    0.0000000000e+00,
    4.8399198800e-02,    0.0000000000e+00,    4.8399198800e-02,    0.0000000000e+00,    4.8399198800e-02,    0.0000000000e+00,
    4.9498300999e-02,    0.0000000000e+00,    4.9498300999e-02,    0.0000000000e+00,    4.9498300999e-02,    0.0000000000e+00,
    5.0599399954e-02,    0.0000000000e+00,    5.0599399954e-02,    0.0000000000e+00,    5.0599399954e-02,    0.0000000000e+00,
    5.1699899137e-02,    0.0000000000e+00,    5.1699899137e-02,    0.0000000000e+00,    5.1699899137e-02,    0.0000000000e+00,
    5.2798800170e-02,    0.0000000000e+00,    5.2798800170e-02,    0.0000000000e+00,    5.2798800170e-02,    0.0000000000e+00,
    5.3899798542e-02,    0.0000000000e+00,    5.3899798542e-02,    0.0000000000e+00,    5.3899798542e-02,    0.0000000000e+00,
    5.4999601096e-02,    0.0000000000e+00,    5.4999601096e-02,    0.0000000000e+00,    5.4999601096e-02,    0.0000000000e+00,
    5.6098498404e-02,    0.0000000000e+00,    5.6098498404e-02,    0.0000000000e+00,    5.6098498404e-02,    0.0000000000e+00,
    5.7199500501e-02,    0.0000000000e+00,    5.7199500501e-02,    0.0000000000e+00,    5.7199500501e-02,    0.0000000000e+00,
    5.8299198747e-02,    0.0000000000e+00,    5.8299198747e-02,    0.0000000000e+00,    5.8299198747e-02,    0.0000000000e+00,
    5.9399701655e-02,    0.0000000000e+00,    5.9399701655e-02,    0.0000000000e+00,    5.9399701655e-02,    0.0000000000e+00,
    6.0499701649e-02,    0.0000000000e+00,    6.0499701649e-02,    0.0000000000e+00,    6.0499701649e-02,    0.0000000000e+00,
    6.1599399894e-02,    0.0000000000e+00,    6.1599399894e-02,    0.0000000000e+00,    6.1599399894e-02,    0.0000000000e+00,
    6.2698900700e-02,    0.0000000000e+00,    6.2698900700e-02,    0.0000000000e+00,    6.2698900700e-02,    0.0000000000e+00,
    6.3798502088e-02,    0.0000000000e+00,    6.3798502088e-02,    0.0000000000e+00,    6.3798502088e-02,    0.0000000000e+00,
    6.4899496734e-02,    0.0000000000e+00,    6.4899496734e-02,    0.0000000000e+00,    6.4899496734e-02,    0.0000000000e+00,
    6.5998099744e-02,    0.0000000000e+00,    6.5998099744e-02,    0.0000000000e+00,    6.5998099744e-02,    0.0000000000e+00,
    6.7098401487e-02,    0.0000000000e+00,    6.7098401487e-02,    0.0000000000e+00,    6.7098401487e-02,    0.0000000000e+00,
    6.8199902773e-02,    0.0000000000e+00,    6.8199902773e-02,    0.0000000000e+00,    6.8199902773e-02,    0.0000000000e+00,
    6.9298997521e-02,    0.0000000000e+00,    6.9298997521e-02,    0.0000000000e+00,    6.9298997521e-02,    0.0000000000e+00,
    7.0399798453e-02,    0.0000000000e+00,    7.0399798453e-02,    0.0000000000e+00,    7.0399798453e-02,    0.0000000000e+00,
    7.1499697864e-02,    0.0000000000e+00,    7.1499697864e-02,    0.0000000000e+00,    7.1499697864e-02,    0.0000000000e+00,
    7.2598800063e-02,    0.0000000000e+00,    7.2598800063e-02,    0.0000000000e+00,    7.2598800063e-02,    0.0000000000e+00,
    7.3698200285e-02,    0.0000000000e+00,    7.3698200285e-02,    0.0000000000e+00,    7.3698200285e-02,    0.0000000000e+00,
    7.4798502028e-02,    0.0000000000e+00,    7.4798502028e-02,    0.0000000000e+00,    7.4798502028e-02,    0.0000000000e+00,
    7.5898401439e-02,    0.0000000000e+00,    7.5898401439e-02,    0.0000000000e+00,    7.5898401439e-02,    0.0000000000e+00,
    7.6999902725e-02,    0.0000000000e+00,    7.6999902725e-02,    0.0000000000e+00,    7.6999902725e-02,    0.0000000000e+00,
    7.8098997474e-02,    0.0000000000e+00,    7.8098997474e-02,    0.0000000000e+00,    7.8098997474e-02,    0.0000000000e+00,
    7.9199701548e-02,    0.0000000000e+00,    7.9199701548e-02,    0.0000000000e+00,    7.9199701548e-02,    0.0000000000e+00,
    8.0298699439e-02,    0.0000000000e+00,    8.0298699439e-02,    0.0000000000e+00,    8.0298699439e-02,    0.0000000000e+00,
    8.1398598850e-02,    0.0000000000e+00,    8.1398598850e-02,    0.0000000000e+00,    8.1398598850e-02,    0.0000000000e+00,
    8.2499101758e-02,    0.0000000000e+00,    8.2499101758e-02,    0.0000000000e+00,    8.2499101758e-02,    0.0000000000e+00,
    8.3598397672e-02,    0.0000000000e+00,    8.3598397672e-02,    0.0000000000e+00,    8.3598397672e-02,    0.0000000000e+00,
    8.4699399769e-02,    0.0000000000e+00,    8.4699399769e-02,    0.0000000000e+00,    8.4699399769e-02,    0.0000000000e+00,
    8.5798799992e-02,    0.0000000000e+00,    8.5798799992e-02,    0.0000000000e+00,    8.5798799992e-02,    0.0000000000e+00,
    8.6899898946e-02,    0.0000000000e+00,    8.6899898946e-02,    0.0000000000e+00,    8.6899898946e-02,    0.0000000000e+00,
    8.7999001145e-02,    0.0000000000e+00,    8.7999001145e-02,    0.0000000000e+00,    8.7999001145e-02,    0.0000000000e+00,
    8.9098997414e-02,    0.0000000000e+00,    8.9098997414e-02,    0.0000000000e+00,    8.9098997414e-02,    0.0000000000e+00,
    9.0199500322e-02,    0.0000000000e+00,    9.0199500322e-02,    0.0000000000e+00,    9.0199500322e-02,    0.0000000000e+00,
    9.1299600899e-02,    0.0000000000e+00,    9.1299600899e-02,    0.0000000000e+00,    9.1299600899e-02,    0.0000000000e+00,
    9.2398703098e-02,    0.0000000000e+00,    9.2398703098e-02,    0.0000000000e+00,    9.2398703098e-02,    0.0000000000e+00,
    9.3499898911e-02,    0.0000000000e+00,    9.3499898911e-02,    0.0000000000e+00,    9.3499898911e-02,    0.0000000000e+00,
    9.4598703086e-02,    0.0000000000e+00,    9.4598703086e-02,    0.0000000000e+00,    9.4598703086e-02,    0.0000000000e+00,
    9.5699697733e-02,    0.0000000000e+00,    9.5699697733e-02,    0.0000000000e+00,    9.5699697733e-02,    0.0000000000e+00,
    9.6798703074e-02,    0.0000000000e+00,    9.6798703074e-02,    0.0000000000e+00,    9.6798703074e-02,    0.0000000000e+00,
    9.7899198532e-02,    0.0000000000e+00,    9.7899198532e-02,    0.0000000000e+00,    9.7899198532e-02,    0.0000000000e+00,
    9.8999999464e-02,    0.0000000000e+00,    9.8999999464e-02,    0.0000000000e+00,    9.8999999464e-02,    0.0000000000e+00,
    1.0010000318e-01,    0.0000000000e+00,    1.0010000318e-01,    0.0000000000e+00,    1.0010000318e-01,    0.0000000000e+00,
    1.0119800270e-01,    0.0000000000e+00,    1.0119800270e-01,    0.0000000000e+00,    1.0119800270e-01,    0.0000000000e+00,
    1.0229899734e-01,    0.0000000000e+00,    1.0229899734e-01,    0.0000000000e+00,    1.0229899734e-01,    0.0000000000e+00,
    1.0339800268e-01,    0.0000000000e+00,    1.0339800268e-01,    0.0000000000e+00,    1.0339800268e-01,    0.0000000000e+00,
    1.0449899733e-01,    0.0000000000e+00,    1.0449899733e-01,    0.0000000000e+00,    1.0449899733e-01,    0.0000000000e+00,
    1.0559900105e-01,    0.0000000000e+00,    1.0559900105e-01,    0.0000000000e+00,    1.0559900105e-01,    0.0000000000e+00,
    1.0669799894e-01,    0.0000000000e+00,    1.0669799894e-01,    0.0000000000e+00,    1.0669799894e-01,    0.0000000000e+00,
    1.0779900104e-01,    0.0000000000e+00,    1.0779900104e-01,    0.0000000000e+00,    1.0779900104e-01,    0.0000000000e+00,
    1.0889799893e-01,    0.0000000000e+00,    1.0889799893e-01,    0.0000000000e+00,    1.0889799893e-01,    0.0000000000e+00,
    1.0999900103e-01,    0.0000000000e+00,    1.0999900103e-01,    0.0000000000e+00,    1.0999900103e-01,    0.0000000000e+00,
    1.1110000312e-01,    0.0000000000e+00,    1.1110000312e-01,    0.0000000000e+00,    1.1110000312e-01,    0.0000000000e+00,
    1.1219800264e-01,    0.0000000000e+00,    1.1219800264e-01,    0.0000000000e+00,    1.1219800264e-01,    0.0000000000e+00,
    1.1329899728e-01,    0.0000000000e+00,    1.1329899728e-01,    0.0000000000e+00,    1.1329899728e-01,    0.0000000000e+00,
    1.1439900100e-01,    0.0000000000e+00,    1.1439900100e-01,    0.0000000000e+00,    1.1439900100e-01,    0.0000000000e+00,
    1.1549799889e-01,    0.0000000000e+00,    1.1549799889e-01,    0.0000000000e+00,    1.1549799889e-01,    0.0000000000e+00,
    1.1659999937e-01,    0.0000000000e+00,    1.1659999937e-01,    0.0000000000e+00,    1.1659999937e-01,    0.0000000000e+00,
    1.1769799888e-01,    0.0000000000e+00,    1.1769799888e-01,    0.0000000000e+00,    1.1769799888e-01,    0.0000000000e+00,
    1.1879900098e-01,    0.0000000000e+00,    1.1879900098e-01,    0.0000000000e+00,    1.1879900098e-01,    0.0000000000e+00,
    1.1989799887e-01,    0.0000000000e+00,    1.1989799887e-01,    0.0000000000e+00,    1.1989799887e-01,    0.0000000000e+00,
    1.2099900097e-01,    0.0000000000e+00,    1.2099900097e-01,    0.0000000000e+00,    1.2099900097e-01,    0.0000000000e+00,
    1.2209799886e-01,    0.0000000000e+00,    1.2209799886e-01,    0.0000000000e+00,    1.2209799886e-01,    0.0000000000e+00,
    1.2319900095e-01,    0.0000000000e+00,    1.2319900095e-01,    0.0000000000e+00,    1.2319900095e-01,    0.0000000000e+00,
    1.2429799885e-01,    0.0000000000e+00,    1.2429799885e-01,    0.0000000000e+00,    1.2429799885e-01,    0.0000000000e+00,
    1.2540000677e-01,    0.0000000000e+00,    1.2540000677e-01,    0.0000000000e+00,    1.2540000677e-01,    0.0000000000e+00,
    1.2649899721e-01,    0.0000000000e+00,    1.2649899721e-01,    0.0000000000e+00,    1.2649899721e-01,    0.0000000000e+00,
    1.2759999931e-01,    0.0000000000e+00,    1.2759999931e-01,    0.0000000000e+00,    1.2759999931e-01,    0.0000000000e+00,
    1.2869800627e-01,    0.0000000000e+00,    1.2869800627e-01,    0.0000000000e+00,    1.2869800627e-01,    0.0000000000e+00,
    1.2979899347e-01,    0.0000000000e+00,    1.2979899347e-01,    0.0000000000e+00,    1.2979899347e-01,    0.0000000000e+00,
    1.3089999557e-01,    0.0000000000e+00,    1.3089999557e-01,    0.0000000000e+00,    1.3089999557e-01,    0.0000000000e+00,
    1.3199900091e-01,    0.0000000000e+00,    1.3199900091e-01,    0.0000000000e+00,    1.3199900091e-01,    0.0000000000e+00,
    1.3310000300e-01,    0.0000000000e+00,    1.3310000300e-01,    0.0000000000e+00,    1.3310000300e-01,    0.0000000000e+00,
    1.3419899344e-01,    0.0000000000e+00,    1.3419899344e-01,    0.0000000000e+00,    1.3419899344e-01,    0.0000000000e+00,
    1.3529999554e-01,    0.0000000000e+00,    1.3529999554e-01,    0.0000000000e+00,    1.3529999554e-01,    0.0000000000e+00,
    1.3639800251e-01,    0.0000000000e+00,    1.3639800251e-01,    0.0000000000e+00,    1.3639800251e-01,    0.0000000000e+00,
    1.3750000298e-01,    0.0000000000e+00,    1.3750000298e-01,    0.0000000000e+00,    1.3750000298e-01,    0.0000000000e+00,
    1.3859899342e-01,    0.0000000000e+00,    1.3859899342e-01,    0.0000000000e+00,    1.3859899342e-01,    0.0000000000e+00,
    1.3969799876e-01,    0.0000000000e+00,    1.3969799876e-01,    0.0000000000e+00,    1.3969799876e-01,    0.0000000000e+00,
    1.4079999924e-01,    0.0000000000e+00,    1.4079999924e-01,    0.0000000000e+00,    1.4079999924e-01,    0.0000000000e+00,
    1.4189900458e-01,    0.0000000000e+00,    1.4189900458e-01,    0.0000000000e+00,    1.4189900458e-01,    0.0000000000e+00,
    1.4299899340e-01,    0.0000000000e+00,    1.4299899340e-01,    0.0000000000e+00,    1.4299899340e-01,    0.0000000000e+00,
    1.4409999549e-01,    0.0000000000e+00,    1.4409999549e-01,    0.0000000000e+00,    1.4409999549e-01,    0.0000000000e+00,
    1.4519999921e-01,    0.0000000000e+00,    1.4519999921e-01,    0.0000000000e+00,    1.4519999921e-01,    0.0000000000e+00,
    1.4629900455e-01,    0.0000000000e+00,    1.4629900455e-01,    0.0000000000e+00,    1.4629900455e-01,    0.0000000000e+00,
    1.4739899337e-01,    0.0000000000e+00,    1.4739899337e-01,    0.0000000000e+00,    1.4739899337e-01,    0.0000000000e+00,
    1.4849899709e-01,    0.0000000000e+00,    1.4849899709e-01,    0.0000000000e+00,    1.4849899709e-01,    0.0000000000e+00,
    1.4959999919e-01,    0.0000000000e+00,    1.4959999919e-01,    0.0000000000e+00,    1.4959999919e-01,    0.0000000000e+00,
    1.5069900453e-01,    0.0000000000e+00,    1.5069900453e-01,    0.0000000000e+00,    1.5069900453e-01,    0.0000000000e+00,
    1.5180000663e-01,    0.0000000000e+00,    1.5180000663e-01,    0.0000000000e+00,    1.5180000663e-01,    0.0000000000e+00,
    1.5289899707e-01,    0.0000000000e+00,    1.5289899707e-01,    0.0000000000e+00,    1.5289899707e-01,    0.0000000000e+00,
    1.5399999917e-01,    0.0000000000e+00,    1.5399999917e-01,    0.0000000000e+00,    1.5399999917e-01,    0.0000000000e+00,
    1.5509800613e-01,    0.0000000000e+00,    1.5509800613e-01,    0.0000000000e+00,    1.5509800613e-01,    0.0000000000e+00,
    1.5619899333e-01,    0.0000000000e+00,    1.5619899333e-01,    0.0000000000e+00,    1.5619899333e-01,    0.0000000000e+00,
    1.5729799867e-01,    0.0000000000e+00,    1.5729799867e-01,    0.0000000000e+00,    1.5729799867e-01,    0.0000000000e+00,
    1.5839999914e-01,    0.0000000000e+00,    1.5839999914e-01,    0.0000000000e+00,    1.5839999914e-01,    0.0000000000e+00,
    1.5949800611e-01,    0.0000000000e+00,    1.5949800611e-01,    0.0000000000e+00,    1.5949800611e-01,    0.0000000000e+00,
    1.6059899330e-01,    0.0000000000e+00,    1.6059899330e-01,    0.0000000000e+00,    1.6059899330e-01,    0.0000000000e+00,
    1.6169999540e-01,    0.0000000000e+00,    1.6169999540e-01,    0.0000000000e+00,    1.6169999540e-01,    0.0000000000e+00,
    1.6279800236e-01,    0.0000000000e+00,    1.6279800236e-01,    0.0000000000e+00,    1.6279800236e-01,    0.0000000000e+00,
    1.6390000284e-01,    0.0000000000e+00,    1.6390000284e-01,    0.0000000000e+00,    1.6390000284e-01,    0.0000000000e+00,
    1.6499899328e-01,    0.0000000000e+00,    1.6499899328e-01,    0.0000000000e+00,    1.6499899328e-01,    0.0000000000e+00,
    1.6609999537e-01,    0.0000000000e+00,    1.6609999537e-01,    0.0000000000e+00,    1.6609999537e-01,    0.0000000000e+00,
    1.6719999909e-01,    0.0000000000e+00,    1.6719999909e-01,    0.0000000000e+00,    1.6719999909e-01,    0.0000000000e+00,
    1.6829900444e-01,    0.0000000000e+00,    1.6829900444e-01,    0.0000000000e+00,    1.6829900444e-01,    0.0000000000e+00,
    1.6940000653e-01,    0.0000000000e+00,    1.6940000653e-01,    0.0000000000e+00,    1.6940000653e-01,    0.0000000000e+00,
    1.7049899697e-01,    0.0000000000e+00,    1.7049899697e-01,    0.0000000000e+00,    1.7049899697e-01,    0.0000000000e+00,
    1.7159800231e-01,    0.0000000000e+00,    1.7159800231e-01,    0.0000000000e+00,    1.7159800231e-01,    0.0000000000e+00,
    1.7269900441e-01,    0.0000000000e+00,    1.7269900441e-01,    0.0000000000e+00,    1.7269900441e-01,    0.0000000000e+00,
    1.7379899323e-01,    0.0000000000e+00,    1.7379899323e-01,    0.0000000000e+00,    1.7379899323e-01,    0.0000000000e+00,
    1.7489999533e-01,    0.0000000000e+00,    1.7489999533e-01,    0.0000000000e+00,    1.7489999533e-01,    0.0000000000e+00,
    1.7599900067e-01,    0.0000000000e+00,    1.7599900067e-01,    0.0000000000e+00,    1.7599900067e-01,    0.0000000000e+00,
    1.7710000277e-01,    0.0000000000e+00,    1.7710000277e-01,    0.0000000000e+00,    1.7710000277e-01,    0.0000000000e+00,
    1.7819799483e-01,    0.0000000000e+00,    1.7819799483e-01,    0.0000000000e+00,    1.7819799483e-01,    0.0000000000e+00,
    1.7929999530e-01,    0.0000000000e+00,    1.7929999530e-01,    0.0000000000e+00,    1.7929999530e-01,    0.0000000000e+00,
    1.8039900064e-01,    0.0000000000e+00,    1.8039900064e-01,    0.0000000000e+00,    1.8039900064e-01,    0.0000000000e+00,
    1.8149800599e-01,    0.0000000000e+00,    1.8149800599e-01,    0.0000000000e+00,    1.8149800599e-01,    0.0000000000e+00,
    1.8259899318e-01,    0.0000000000e+00,    1.8259899318e-01,    0.0000000000e+00,    1.8259899318e-01,    0.0000000000e+00,
    1.8369999528e-01,    0.0000000000e+00,    1.8369999528e-01,    0.0000000000e+00,    1.8369999528e-01,    0.0000000000e+00,
    1.8479900062e-01,    0.0000000000e+00,    1.8479900062e-01,    0.0000000000e+00,    1.8479900062e-01,    0.0000000000e+00,
    1.8589800596e-01,    0.0000000000e+00,    1.8589800596e-01,    0.0000000000e+00,    1.8589800596e-01,    0.0000000000e+00,
    1.8700000644e-01,    0.0000000000e+00,    1.8700000644e-01,    0.0000000000e+00,    1.8700000644e-01,    0.0000000000e+00,
    1.8809899688e-01,    0.0000000000e+00,    1.8809899688e-01,    0.0000000000e+00,    1.8809899688e-01,    0.0000000000e+00,
    1.8919900060e-01,    0.0000000000e+00,    1.8919900060e-01,    0.0000000000e+00,    1.8919900060e-01,    0.0000000000e+00,
    1.9030000269e-01,    0.0000000000e+00,    1.9030000269e-01,    0.0000000000e+00,    1.9030000269e-01,    0.0000000000e+00,
    1.9139799476e-01,    0.0000000000e+00,    1.9139799476e-01,    0.0000000000e+00,    1.9139799476e-01,    0.0000000000e+00,
    1.9249899685e-01,    0.0000000000e+00,    1.9249899685e-01,    0.0000000000e+00,    1.9249899685e-01,    0.0000000000e+00,
    1.9359999895e-01,    0.0000000000e+00,    1.9359999895e-01,    0.0000000000e+00,    1.9359999895e-01,    0.0000000000e+00,
    1.9470000267e-01,    0.0000000000e+00,    1.9470000267e-01,    0.0000000000e+00,    1.9470000267e-01,    0.0000000000e+00,
    1.9579899311e-01,    0.0000000000e+00,    1.9579899311e-01,    0.0000000000e+00,    1.9579899311e-01,    0.0000000000e+00,
    1.9689899683e-01,    0.0000000000e+00,    1.9689899683e-01,    0.0000000000e+00,    1.9689899683e-01,    0.0000000000e+00,
    1.9799999893e-01,    0.0000000000e+00,    1.9799999893e-01,    0.0000000000e+00,    1.9799999893e-01,    0.0000000000e+00,
    1.9909900427e-01,    0.0000000000e+00,    1.9909900427e-01,    0.0000000000e+00,    1.9909900427e-01,    0.0000000000e+00,
    2.0020000637e-01,    0.0000000000e+00,    2.0020000637e-01,    0.0000000000e+00,    2.0020000637e-01,    0.0000000000e+00,
    2.0129899681e-01,    0.0000000000e+00,    2.0129899681e-01,    0.0000000000e+00,    2.0129899681e-01,    0.0000000000e+00,
    2.0239900053e-01,    0.0000000000e+00,    2.0239900053e-01,    0.0000000000e+00,    2.0239900053e-01,    0.0000000000e+00,
    2.0349900424e-01,    0.0000000000e+00,    2.0349900424e-01,    0.0000000000e+00,    2.0349900424e-01,    0.0000000000e+00,
    2.0459799469e-01,    0.0000000000e+00,    2.0459799469e-01,    0.0000000000e+00,    2.0459799469e-01,    0.0000000000e+00,
    2.0569899678e-01,    0.0000000000e+00,    2.0569899678e-01,    0.0000000000e+00,    2.0569899678e-01,    0.0000000000e+00,
    2.0679900050e-01,    0.0000000000e+00,    2.0679900050e-01,    0.0000000000e+00,    2.0679900050e-01,    0.0000000000e+00,
    2.0790000260e-01,    0.0000000000e+00,    2.0790000260e-01,    0.0000000000e+00,    2.0790000260e-01,    0.0000000000e+00,
    2.0899899304e-01,    0.0000000000e+00,    2.0899899304e-01,    0.0000000000e+00,    2.0899899304e-01,    0.0000000000e+00,
    2.1009799838e-01,    0.0000000000e+00,    2.1009799838e-01,    0.0000000000e+00,    2.1009799838e-01,    0.0000000000e+00,
    2.1119900048e-01,    0.0000000000e+00,    2.1119900048e-01,    0.0000000000e+00,    2.1119900048e-01,    0.0000000000e+00,
    2.1229800582e-01,    0.0000000000e+00,    2.1229800582e-01,    0.0000000000e+00,    2.1229800582e-01,    0.0000000000e+00,
    2.1339899302e-01,    0.0000000000e+00,    2.1339899302e-01,    0.0000000000e+00,    2.1339899302e-01,    0.0000000000e+00,
    2.1449899673e-01,    0.0000000000e+00,    2.1449899673e-01,    0.0000000000e+00,    2.1449899673e-01,    0.0000000000e+00,
    2.1559800208e-01,    0.0000000000e+00,    2.1559800208e-01,    0.0000000000e+00,    2.1559800208e-01,    0.0000000000e+00,
    2.1669900417e-01,    0.0000000000e+00,    2.1669900417e-01,    0.0000000000e+00,    2.1669900417e-01,    0.0000000000e+00,
    2.1779899299e-01,    0.0000000000e+00,    2.1779899299e-01,    0.0000000000e+00,    2.1779899299e-01,    0.0000000000e+00,
    2.1889999509e-01,    0.0000000000e+00,    2.1889999509e-01,    0.0000000000e+00,    2.1889999509e-01,    0.0000000000e+00,
    2.1999800205e-01,    0.0000000000e+00,    2.1999800205e-01,    0.0000000000e+00,    2.1999800205e-01,    0.0000000000e+00,
    2.2109900415e-01,    0.0000000000e+00,    2.2109900415e-01,    0.0000000000e+00,    2.2109900415e-01,    0.0000000000e+00,
    2.2220000625e-01,    0.0000000000e+00,    2.2220000625e-01,    0.0000000000e+00,    2.2220000625e-01,    0.0000000000e+00,
    2.2329899669e-01,    0.0000000000e+00,    2.2329899669e-01,    0.0000000000e+00,    2.2329899669e-01,    0.0000000000e+00,
    2.2439800203e-01,    0.0000000000e+00,    2.2439800203e-01,    0.0000000000e+00,    2.2439800203e-01,    0.0000000000e+00,
    2.2549900413e-01,    0.0000000000e+00,    2.2549900413e-01,    0.0000000000e+00,    2.2549900413e-01,    0.0000000000e+00,
    2.2659799457e-01,    0.0000000000e+00,    2.2659799457e-01,    0.0000000000e+00,    2.2659799457e-01,    0.0000000000e+00,
    2.2769799829e-01,    0.0000000000e+00,    2.2769799829e-01,    0.0000000000e+00,    2.2769799829e-01,    0.0000000000e+00,
    2.2879900038e-01,    0.0000000000e+00,    2.2879900038e-01,    0.0000000000e+00,    2.2879900038e-01,    0.0000000000e+00,
    2.2989900410e-01,    0.0000000000e+00,    2.2989900410e-01,    0.0000000000e+00,    2.2989900410e-01,    0.0000000000e+00,
    2.3099799454e-01,    0.0000000000e+00,    2.3099799454e-01,    0.0000000000e+00,    2.3099799454e-01,    0.0000000000e+00,
    2.3209999502e-01,    0.0000000000e+00,    2.3209999502e-01,    0.0000000000e+00,    2.3209999502e-01,    0.0000000000e+00,
    2.3319999874e-01,    0.0000000000e+00,    2.3319999874e-01,    0.0000000000e+00,    2.3319999874e-01,    0.0000000000e+00,
    2.3429900408e-01,    0.0000000000e+00,    2.3429900408e-01,    0.0000000000e+00,    2.3429900408e-01,    0.0000000000e+00,
    2.3540000618e-01,    0.0000000000e+00,    2.3540000618e-01,    0.0000000000e+00,    2.3540000618e-01,    0.0000000000e+00,
    2.3649799824e-01,    0.0000000000e+00,    2.3649799824e-01,    0.0000000000e+00,    2.3649799824e-01,    0.0000000000e+00,
    2.3759800196e-01,    0.0000000000e+00,    2.3759800196e-01,    0.0000000000e+00,    2.3759800196e-01,    0.0000000000e+00,
    2.3869900405e-01,    0.0000000000e+00,    2.3869900405e-01,    0.0000000000e+00,    2.3869900405e-01,    0.0000000000e+00,
    2.3979899287e-01,    0.0000000000e+00,    2.3979899287e-01,    0.0000000000e+00,    2.3979899287e-01,    0.0000000000e+00,
    2.4089799821e-01,    0.0000000000e+00,    2.4089799821e-01,    0.0000000000e+00,    2.4089799821e-01,    0.0000000000e+00,
    2.4199900031e-01,    0.0000000000e+00,    2.4199900031e-01,    0.0000000000e+00,    2.4199900031e-01,    0.0000000000e+00,
    2.4310000241e-01,    0.0000000000e+00,    2.4310000241e-01,    0.0000000000e+00,    2.4310000241e-01,    0.0000000000e+00,
    2.4419799447e-01,    0.0000000000e+00,    2.4419799447e-01,    0.0000000000e+00,    2.4419799447e-01,    0.0000000000e+00,
    2.4529899657e-01,    0.0000000000e+00,    2.4529899657e-01,    0.0000000000e+00,    2.4529899657e-01,    0.0000000000e+00,
    2.4639800191e-01,    0.0000000000e+00,    2.4639800191e-01,    0.0000000000e+00,    2.4639800191e-01,    0.0000000000e+00,
    2.4750000238e-01,    0.0000000000e+00,    2.4750000238e-01,    0.0000000000e+00,    2.4750000238e-01,    0.0000000000e+00,
    2.4859899282e-01,    0.0000000000e+00,    2.4859899282e-01,    0.0000000000e+00,    2.4859899282e-01,    0.0000000000e+00,
    2.4969799817e-01,    0.0000000000e+00,    2.4969799817e-01,    0.0000000000e+00,    2.4969799817e-01,    0.0000000000e+00,
    2.5080001354e-01,    0.0000000000e+00,    2.5080001354e-01,    0.0000000000e+00,    2.5080001354e-01,    0.0000000000e+00,
    2.5189799070e-01,    0.0000000000e+00,    2.5189799070e-01,    0.0000000000e+00,    2.5189799070e-01,    0.0000000000e+00,
    2.5299900770e-01,    0.0000000000e+00,    2.5299900770e-01,    0.0000000000e+00,    2.5299900770e-01,    0.0000000000e+00,
    2.5409901142e-01,    0.0000000000e+00,    2.5409901142e-01,    0.0000000000e+00,    2.5409901142e-01,    0.0000000000e+00,
    2.5519898534e-01,    0.0000000000e+00,    2.5519898534e-01,    0.0000000000e+00,    2.5519898534e-01,    0.0000000000e+00,
    2.5629800558e-01,    0.0000000000e+00,    2.5629800558e-01,    0.0000000000e+00,    2.5629800558e-01,    0.0000000000e+00,
    2.5739899278e-01,    0.0000000000e+00,    2.5739899278e-01,    0.0000000000e+00,    2.5739899278e-01,    0.0000000000e+00,
    2.5849801302e-01,    0.0000000000e+00,    2.5849801302e-01,    0.0000000000e+00,    2.5849801302e-01,    0.0000000000e+00,
    2.5959900022e-01,    0.0000000000e+00,    2.5959900022e-01,    0.0000000000e+00,    2.5959900022e-01,    0.0000000000e+00,
    2.6069900393e-01,    0.0000000000e+00,    2.6069900393e-01,    0.0000000000e+00,    2.6069900393e-01,    0.0000000000e+00,
    2.6179900765e-01,    0.0000000000e+00,    2.6179900765e-01,    0.0000000000e+00,    2.6179900765e-01,    0.0000000000e+00,
    2.6289901137e-01,    0.0000000000e+00,    2.6289901137e-01,    0.0000000000e+00,    2.6289901137e-01,    0.0000000000e+00,
    2.6399999857e-01,    0.0000000000e+00,    2.6399999857e-01,    0.0000000000e+00,    2.6399999857e-01,    0.0000000000e+00,
    2.6509898901e-01,    0.0000000000e+00,    2.6509898901e-01,    0.0000000000e+00,    2.6509898901e-01,    0.0000000000e+00,
    2.6619800925e-01,    0.0000000000e+00,    2.6619800925e-01,    0.0000000000e+00,    2.6619800925e-01,    0.0000000000e+00,
    2.6729899645e-01,    0.0000000000e+00,    2.6729899645e-01,    0.0000000000e+00,    2.6729899645e-01,    0.0000000000e+00,
    2.6839900017e-01,    0.0000000000e+00,    2.6839900017e-01,    0.0000000000e+00,    2.6839900017e-01,    0.0000000000e+00,
    2.6949998736e-01,    0.0000000000e+00,    2.6949998736e-01,    0.0000000000e+00,    2.6949998736e-01,    0.0000000000e+00,
    2.7059900761e-01,    0.0000000000e+00,    2.7059900761e-01,    0.0000000000e+00,    2.7059900761e-01,    0.0000000000e+00,
    2.7169901133e-01,    0.0000000000e+00,    2.7169901133e-01,    0.0000000000e+00,    2.7169901133e-01,    0.0000000000e+00,
    2.7279800177e-01,    0.0000000000e+00,    2.7279800177e-01,    0.0000000000e+00,    2.7279800177e-01,    0.0000000000e+00,
    2.7389898896e-01,    0.0000000000e+00,    2.7389898896e-01,    0.0000000000e+00,    2.7389898896e-01,    0.0000000000e+00,
    2.7500000596e-01,    0.0000000000e+00,    2.7500000596e-01,    0.0000000000e+00,    2.7500000596e-01,    0.0000000000e+00,
    2.7610000968e-01,    0.0000000000e+00,    2.7610000968e-01,    0.0000000000e+00,    2.7610000968e-01,    0.0000000000e+00,
    2.7719900012e-01,    0.0000000000e+00,    2.7719900012e-01,    0.0000000000e+00,    2.7719900012e-01,    0.0000000000e+00,
    2.7829900384e-01,    0.0000000000e+00,    2.7829900384e-01,    0.0000000000e+00,    2.7829900384e-01,    0.0000000000e+00,
    2.7939900756e-01,    0.0000000000e+00,    2.7939900756e-01,    0.0000000000e+00,    2.7939900756e-01,    0.0000000000e+00,
    2.8049799800e-01,    0.0000000000e+00,    2.8049799800e-01,    0.0000000000e+00,    2.8049799800e-01,    0.0000000000e+00,
    2.8159999847e-01,    0.0000000000e+00,    2.8159999847e-01,    0.0000000000e+00,    2.8159999847e-01,    0.0000000000e+00,
    2.8269800544e-01,    0.0000000000e+00,    2.8269800544e-01,    0.0000000000e+00,    2.8269800544e-01,    0.0000000000e+00,
    2.8379899263e-01,    0.0000000000e+00,    2.8379899263e-01,    0.0000000000e+00,    2.8379899263e-01,    0.0000000000e+00,
    2.8490000963e-01,    0.0000000000e+00,    2.8490000963e-01,    0.0000000000e+00,    2.8490000963e-01,    0.0000000000e+00,
    2.8599798679e-01,    0.0000000000e+00,    2.8599798679e-01,    0.0000000000e+00,    2.8599798679e-01,    0.0000000000e+00,
    2.8709799051e-01,    0.0000000000e+00,    2.8709799051e-01,    0.0000000000e+00,    2.8709799051e-01,    0.0000000000e+00,
    2.8819900751e-01,    0.0000000000e+00,    2.8819900751e-01,    0.0000000000e+00,    2.8819900751e-01,    0.0000000000e+00,
    2.8929999471e-01,    0.0000000000e+00,    2.8929999471e-01,    0.0000000000e+00,    2.8929999471e-01,    0.0000000000e+00,
    2.9039800167e-01,    0.0000000000e+00,    2.9039800167e-01,    0.0000000000e+00,    2.9039800167e-01,    0.0000000000e+00,
    2.9150000215e-01,    0.0000000000e+00,    2.9150000215e-01,    0.0000000000e+00,    2.9150000215e-01,    0.0000000000e+00,
    2.9259899259e-01,    0.0000000000e+00,    2.9259899259e-01,    0.0000000000e+00,    2.9259899259e-01,    0.0000000000e+00,
    2.9370000958e-01,    0.0000000000e+00,    2.9370000958e-01,    0.0000000000e+00,    2.9370000958e-01,    0.0000000000e+00,
    2.9480001330e-01,   -1.4825400285e-07,    2.9480001330e-01,    7.5838397606e-05,    2.9480001330e-01,   -1.2227500124e-09,
    2.9589998722e-01,   -5.9635897287e-07,    2.9589998722e-01,    3.9058700204e-03,    2.9589998722e-01,   -5.1779197747e-06,
    2.9699799418e-01,   -6.7928897352e-07,    2.9699799418e-01,    1.2630299665e-02,    2.9699799418e-01,   -9.6724597825e-06,
    2.9809901118e-01,   -2.8756400638e-07,    2.9809901118e-01,    2.2638199851e-02,    2.9809901118e-01,    2.4231700081e-05,
    2.9919800162e-01,    6.7661602543e-08,    2.9919800162e-01,    3.1597398221e-02,    2.9919800162e-01,    2.7118199796e-05,
    3.0029898882e-01,    5.4420900142e-07,    3.0029898882e-01,    4.4908400625e-02,    3.0029898882e-01,   -1.0302099690e-04,
    3.0139800906e-01,   -1.6131400571e-07,    3.0139800906e-01,    5.8471098542e-02,    3.0139800906e-01,   -8.3884197011e-06,
    3.0249899626e-01,   -3.6414800775e-07,    3.0249899626e-01,    7.3498800397e-02,    3.0249899626e-01,    5.6398999732e-05,
    3.0359899998e-01,   -2.1065099531e-07,    3.0359899998e-01,    9.0111896396e-02,    3.0359899998e-01,   -5.8744401031e-05,
    3.0469799042e-01,    4.5857100872e-07,    3.0469799042e-01,    1.1266099662e-01,    3.0469799042e-01,   -7.1232003393e-05,
    3.0579900742e-01,    6.1477197733e-07,    3.0579900742e-01,    1.3361999393e-01,    3.0579900742e-01,    1.1200400331e-04,
    3.0689799786e-01,    1.0929200016e-06,    3.0689799786e-01,    1.5541200340e-01,    3.0689799786e-01,    8.0789403000e-05,
    3.0799901485e-01,   -1.1337500183e-07,    3.0799901485e-01,    1.7972700298e-01,    3.0799901485e-01,   -6.8099499913e-05,
    3.0909800529e-01,   -1.1854999826e-07,    3.0909800529e-01,    2.0515799522e-01,    3.0909800529e-01,    1.7498799707e-06,
    3.1020000577e-01,    7.6831202023e-07,    3.1020000577e-01,    2.3019200563e-01,    3.1020000577e-01,    1.5101999452e-04,
    3.1129899621e-01,    2.0178799787e-07,    3.1129899621e-01,    2.5601100922e-01,    3.1129899621e-01,    7.2078699304e-05,
    3.1239899993e-01,   -1.9252100358e-08,    3.1239899993e-01,    2.8466299176e-01,    3.1239899993e-01,   -5.3129001572e-06,
    3.1349900365e-01,    3.0672100593e-07,    3.1349900365e-01,    3.1279599667e-01,    3.1349900365e-01,    1.5909399372e-04,
    3.1459799409e-01,   -1.4677100069e-07,    3.1459799409e-01,    3.4182500839e-01,    3.1459799409e-01,    2.3081300606e-04,
    3.1569901109e-01,    8.3992702571e-08,    3.1569901109e-01,    3.7419599295e-01,    3.1569901109e-01,    1.2816699746e-04,
    3.1679901481e-01,    4.5483099598e-07,    3.1679901481e-01,    4.0796101093e-01,    3.1679901481e-01,    1.6548100393e-04,
    3.1790000200e-01,    1.2346699805e-06,    3.1790000200e-01,    4.4155699015e-01,    3.1790000200e-01,    2.4060100259e-04,
    3.1899899244e-01,    2.2913299347e-07,    3.1899899244e-01,    4.8030900955e-01,    3.1899899244e-01,    2.5283099967e-04,
    3.2009899616e-01,   -1.8545000557e-06,    3.2009899616e-01,    5.2004998922e-01,    3.2009899616e-01,    2.1459300478e-04,
    3.2120001316e-01,    6.0682900482e-08,    3.2120001316e-01,    5.6005698442e-01,    3.2120001316e-01,    2.6167399483e-04,
    3.2229998708e-01,    7.3175897342e-07,    3.2229998708e-01,    6.0156399012e-01,    3.2229998708e-01,    2.8874300187e-04,
    3.2339900732e-01,    2.7149201287e-07,    3.2339900732e-01,    6.4910101891e-01,    3.2339900732e-01,    1.9768500351e-04,
    3.2449901104e-01,    6.4994202376e-07,    3.2449901104e-01,    6.9575202465e-01,    3.2449901104e-01,    3.5964700510e-04,
    3.2559800148e-01,    5.0761502735e-07,    3.2559800148e-01,    7.4300897121e-01,    3.2559800148e-01,    4.1811598931e-04,
    3.2669898868e-01,   -5.3853000281e-07,    3.2669898868e-01,    8.0207097530e-01,    3.2669898868e-01,    8.6516702140e-05,
    3.2779899240e-01,   -1.4080900428e-06,    3.2779899240e-01,    8.6414599419e-01,    3.2779899240e-01,   -2.0170399512e-04,
    3.2890000939e-01,   -5.2411201068e-07,    3.2890000939e-01,    9.2625898123e-01,    3.2890000939e-01,    1.2743199477e-04,
    3.2999899983e-01,    9.9444298485e-07,    3.2999899983e-01,    9.8846799135e-01,    3.2999899983e-01,   -7.3392599006e-05,
    3.3109998703e-01,    3.8234898625e-07,    3.3109998703e-01,    1.0568200350e+00,    3.3109998703e-01,   -6.4629100962e-04,
    3.3219999075e-01,   -2.4225300876e-07,    3.3219999075e-01,    1.1220400333e+00,    3.3219999075e-01,   -8.0739398254e-04,
    3.3329799771e-01,    1.0499500149e-06,    3.3329799771e-01,    1.1808099747e+00,    3.3329799771e-01,   -8.1359798787e-04,
    3.3439901471e-01,    6.9017397664e-07,    3.3439901471e-01,    1.2432600260e+00,    3.3439901471e-01,   -1.8064200412e-03,
    3.3549898863e-01,    1.2210399518e-06,    3.3549898863e-01,    1.3051700592e+00,    3.3549898863e-01,   -2.3178400006e-03,
    3.3660000563e-01,    1.6096399804e-06,    3.3660000563e-01,    1.3636399508e+00,    3.3660000563e-01,   -2.3091400508e-03,
    3.3769899607e-01,    2.1042098979e-06,    3.3769899607e-01,    1.4203799963e+00,    3.3769899607e-01,   -2.1613899153e-03,
    3.3880001307e-01,    2.0138399748e-07,    3.3880001307e-01,    1.4819400311e+00,    3.3880001307e-01,   -2.3882300593e-03,
    3.3989799023e-01,    1.4540299844e-06,    3.3989799023e-01,    1.5405299664e+00,    3.3989799023e-01,   -2.5918900501e-03,
    3.4099799395e-01,    1.4295100073e-06,    3.4099799395e-01,    1.5967899561e+00,    3.4099799395e-01,   -2.0431599114e-03,
    3.4209999442e-01,    1.9376000182e-06,    3.4209999442e-01,    1.6515100002e+00,    3.4209999442e-01,   -1.7386700492e-03,
    3.4319800138e-01,    2.5592501061e-06,    3.4319800138e-01,    1.7068500519e+00,    3.4319800138e-01,   -1.5321599785e-03,
    3.4429898858e-01,    1.7227199578e-06,    3.4429898858e-01,    1.7581900358e+00,    3.4429898858e-01,   -6.3002301613e-04,
    3.4540000558e-01,    2.8143399504e-06,    3.4540000558e-01,    1.8162100315e+00,    3.4540000558e-01,    2.7972699172e-05,
    3.4649899602e-01,    2.8663799867e-07,    3.4649899602e-01,    1.8812199831e+00,    3.4649899602e-01,    2.5715399534e-04,
    3.4759899974e-01,    2.1415100804e-09,    3.4759899974e-01,    1.9408799410e+00,    3.4759899974e-01,    2.5637500221e-04,
    3.4869998693e-01,    6.5441201968e-07,    3.4869998693e-01,    1.9596699476e+00,    3.4869998693e-01,    8.5595900600e-05,
    3.4979799390e-01,   -2.7824000881e-06,    3.4979799390e-01,    1.9281200171e+00,    3.4979799390e-01,   -1.1608799687e-03,
    3.5089901090e-01,    2.6142399747e-06,    3.5089901090e-01,    1.9011299610e+00,    3.5089901090e-01,    4.7962801182e-04,
    3.5199999809e-01,    1.6966199837e-05,    3.5199999809e-01,    1.9179199934e+00,    3.5199999809e-01,    1.3142999960e-03,
    3.5309800506e-01,   -6.6902698563e-06,    3.5309800506e-01,    1.9706000090e+00,    3.5309800506e-01,    7.7595701441e-04,
    3.5419899225e-01,   -6.5307399382e-06,    3.5419899225e-01,    2.0368399620e+00,    3.5419899225e-01,    8.1041501835e-04,
    3.5529801250e-01,    9.3821501650e-05,    3.5529801250e-01,    2.0366499424e+00,    3.5529801250e-01,    1.2419200502e-03,
    3.5640001297e-01,    1.1769099729e-05,    3.5640001297e-01,    2.0433800220e+00,    3.5640001297e-01,    2.1029498894e-03,
    3.5749900341e-01,   -4.4383300519e-06,    3.5749900341e-01,    2.1087799072e+00,    3.5749900341e-01,    1.3619300444e-03,
    3.5859900713e-01,   -1.1743899813e-04,    3.5859900713e-01,    2.1614799500e+00,    3.5859900713e-01,    1.1233800324e-03,
    3.5969901085e-01,    2.0073399355e-05,    3.5969901085e-01,    2.0527400970e+00,    3.5969901085e-01,    3.0900400598e-03,
    3.6079901457e-01,    2.4430899430e-05,    3.6079901457e-01,    2.1068100929e+00,    3.6079901457e-01,    2.6922801044e-03,
    3.6189898849e-01,   -4.3916199502e-05,    3.6189898849e-01,    2.1783499718e+00,    3.6189898849e-01,    2.1698100027e-03,
    3.6299899220e-01,   -4.9410900829e-05,    3.6299899220e-01,    2.2565701008e+00,    3.6299899220e-01,    2.1402800921e-03,
    3.6409899592e-01,   -2.1879099222e-05,    3.6409899592e-01,    2.3286700249e+00,    3.6409899592e-01,    2.9061899986e-03,
    3.6519798636e-01,   -2.8011399991e-05,    3.6519798636e-01,    2.4017601013e+00,    3.6519798636e-01,    7.7465397771e-04,
    3.6629799008e-01,   -5.7099001424e-05,    3.6629799008e-01,    2.4665300846e+00,    3.6629799008e-01,    1.6980400542e-03,
    3.6739999056e-01,   -5.0745900808e-05,    3.6739999056e-01,    2.5427999496e+00,    3.6739999056e-01,    3.0230400153e-03,
    3.6849901080e-01,   -9.8697797512e-05,    3.6849901080e-01,    2.6183500290e+00,    3.6849901080e-01,    2.4087699130e-03,
    3.6959901452e-01,   -9.7829397419e-05,    3.6959901452e-01,    2.7029500008e+00,    3.6959901452e-01,    2.1720100194e-03,
    3.7069898844e-01,   -7.1784299507e-05,    3.7069898844e-01,    2.7898499966e+00,    3.7069898844e-01,    7.7145098476e-04,
    3.7179800868e-01,   -6.7098997533e-05,    3.7179800868e-01,    2.8350100517e+00,    3.7179800868e-01,    1.5850199852e-03,
    3.7290000916e-01,   -6.9433997851e-05,    3.7290000916e-01,    2.8179800510e+00,    3.7290000916e-01,    2.0387999248e-03,
    3.7399899960e-01,   -8.5109801148e-05,    3.7399899960e-01,    2.9056200981e+00,    3.7399899960e-01,    3.7416201085e-03,
    3.7509900331e-01,   -7.1608897997e-05,    3.7509900331e-01,    2.9925699234e+00,    3.7509900331e-01,    2.4077401031e-03,
    3.7619900703e-01,   -7.6128999353e-05,    3.7619900703e-01,    3.0893199444e+00,    3.7619900703e-01,    2.7348999865e-03,
    3.7729999423e-01,    1.1168399942e-04,    3.7729999423e-01,    3.1912899017e+00,    3.7729999423e-01,    2.7999000158e-03,
    3.7839999795e-01,    5.0371199904e-05,    3.7839999795e-01,    3.2782399654e+00,    3.7839999795e-01,    2.7507799678e-03,
    3.7949898839e-01,   -9.6723299066e-05,    3.7949898839e-01,    3.2502999306e+00,    3.7949898839e-01,    4.7417599708e-03,
    3.8060000539e-01,   -1.2052200327e-04,    3.8060000539e-01,    3.3000600338e+00,    3.8060000539e-01,    3.3843698911e-03,
    3.8169899583e-01,    1.4019200171e-04,    3.8169899583e-01,    3.3932700157e+00,    3.8169899583e-01,    1.5006900067e-03,
    3.8280001283e-01,    2.0994100487e-04,    3.8280001283e-01,    3.4771599770e+00,    3.8280001283e-01,    1.1007799767e-03,
    3.8389998674e-01,    7.3352399340e-05,    3.8389998674e-01,    3.5625700951e+00,    3.8389998674e-01,    3.2488401048e-03,
    3.8499999046e-01,   -4.6240598749e-05,    3.8499999046e-01,    3.6527400017e+00,    3.8499999046e-01,    4.5934799127e-03,
    3.8609999418e-01,    3.7729700125e-05,    3.8609999418e-01,    3.7601199150e+00,    3.8609999418e-01,    4.7941901721e-03,
    3.8719901443e-01,    2.0746000519e-04,    3.8719901443e-01,    3.8599600792e+00,    3.8719901443e-01,    3.6802398972e-03,
    3.8829800487e-01,   -4.7297198762e-05,    3.8829800487e-01,    3.9355499744e+00,    3.8829800487e-01,    5.8424598537e-03,
    3.8939800858e-01,   -3.6512900260e-04,    3.8939800858e-01,    4.0042200089e+00,    3.8939800858e-01,    3.4499599133e-03,
    3.9050000906e-01,   -8.9340501290e-05,    3.9050000906e-01,    4.0806398392e+00,    3.9050000906e-01,    4.1350498796e-03,
    3.9160001278e-01,    5.2405201131e-04,    3.9160001278e-01,    4.1757497787e+00,    3.9160001278e-01,    3.8225899916e-03,
    3.9269998670e-01,   -9.6519397630e-05,    3.9269998670e-01,    4.2860898972e+00,    3.9269998670e-01,    2.4211199488e-03,
    3.9379799366e-01,   -1.4974399528e-04,    3.9379799366e-01,    4.3521499634e+00,    3.9379799366e-01,   -2.5226300932e-04,
    3.9489999413e-01,    2.0665800548e-04,    3.9489999413e-01,    4.4377698898e+00,    3.9489999413e-01,    3.5215800744e-04,
    3.9599999785e-01,    1.0312099475e-03,    3.9599999785e-01,    4.5363202095e+00,    3.9599999785e-01,    1.4363099763e-04,
    3.9709800482e-01,    3.5501000821e-04,    3.9709800482e-01,    4.5583500862e+00,    3.9709800482e-01,   -3.9882999845e-03,
    3.9819899201e-01,   -4.8888602760e-04,    3.9819899201e-01,    4.6092801094e+00,    3.9819899201e-01,   -3.3797200304e-03,
    3.9929899573e-01,    3.5281901364e-04,    3.9929899573e-01,    4.7096400261e+00,    3.9929899573e-01,   -5.4510997143e-04,
    4.0039899945e-01,    3.7162099034e-04,    4.0039899945e-01,    4.8230099678e+00,    4.0039899945e-01,   -2.0432600286e-03,
    4.0149798989e-01,    6.9012597669e-04,    4.0149798989e-01,    4.9295501709e+00,    4.0149798989e-01,   -1.8742699467e-04,
    4.0259900689e-01,   -4.4375201105e-04,    4.0259900689e-01,    5.0167798996e+00,    4.0259900689e-01,    6.3776801107e-04,
    4.0369901061e-01,   -6.5299001290e-04,    4.0369901061e-01,    5.1259598732e+00,    4.0369901061e-01,    1.0034199804e-03,
    4.0479901433e-01,    2.6286201319e-04,    4.0479901433e-01,    5.2389798164e+00,    4.0479901433e-01,   -5.6599299569e-05,
    4.0589898825e-01,   -6.1064300826e-04,    4.0589898825e-01,    5.3137798309e+00,    4.0589898825e-01,    1.5259400243e-03,
    4.0699800849e-01,   -8.0159399658e-04,    4.0699800849e-01,    5.3306798935e+00,    4.0699800849e-01,    2.5095599703e-03,
    4.0810000896e-01,   -1.2205799576e-03,    4.0810000896e-01,    5.3919301033e+00,    4.0810000896e-01,   -3.2744400669e-03,
    4.0920001268e-01,   -2.7978499420e-03,    4.0920001268e-01,    5.4247398376e+00,    4.0920001268e-01,   -1.6830599634e-03,
    4.1029798985e-01,   -1.9081200007e-03,    4.1029798985e-01,    5.4310002327e+00,    4.1029798985e-01,   -1.3398299925e-03,
    4.1139900684e-01,   -7.6712400187e-04,    4.1139900684e-01,    5.4852199554e+00,    4.1139900684e-01,   -1.1476200307e-03,
    4.1249999404e-01,   -1.8372699560e-04,    4.1249999404e-01,    5.5811901093e+00,    4.1249999404e-01,   -4.4663599692e-03,
    4.1359901428e-01,    1.9923399668e-03,    4.1359901428e-01,    5.6368298531e+00,    4.1359901428e-01,   -5.0413901918e-03,
    4.1469898820e-01,    1.6779700527e-03,    4.1469898820e-01,    5.6753201485e+00,    4.1469898820e-01,   -6.5471399575e-03,
    4.1579899192e-01,    9.0475799516e-04,    4.1579899192e-01,    5.7594699860e+00,    4.1579899192e-01,   -4.7614597715e-03,
    4.1689801216e-01,    3.0170199461e-03,    4.1689801216e-01,    5.8779501915e+00,    4.1689801216e-01,    1.2354600476e-03,
    4.1799798608e-01,    5.9613401390e-05,    4.1799798608e-01,    5.9545297623e+00,    4.1799798608e-01,   -2.1437800024e-03,
    4.1909998655e-01,   -1.9926999230e-03,    4.1909998655e-01,    6.0096998215e+00,    4.1909998655e-01,   -5.7946401648e-03,
    4.2019900680e-01,   -1.6874199500e-03,    4.2019900680e-01,    6.1054902077e+00,    4.2019900680e-01,   -5.7996199466e-03,
    4.2129901052e-01,    4.2503300938e-04,    4.2129901052e-01,    6.2260398865e+00,    4.2129901052e-01,   -1.2186999666e-03,
    4.2239800096e-01,   -2.8286300949e-04,    4.2239800096e-01,    6.3601198196e+00,    4.2239800096e-01,   -6.3468897715e-03,
    4.2350000143e-01,   -2.0501699764e-03,    4.2350000143e-01,    6.5044598579e+00,    4.2350000143e-01,   -5.5697001517e-03,
    4.2459800839e-01,   -1.1369499844e-03,    4.2459800839e-01,    6.6122097969e+00,    4.2459800839e-01,   -3.3191998955e-03,
    4.2569899559e-01,    2.1911200602e-03,    4.2569899559e-01,    6.7094597816e+00,    4.2569899559e-01,   -5.6994301267e-03,
    4.2680001259e-01,    5.3918100893e-03,    4.2680001259e-01,    6.8329401016e+00,    4.2680001259e-01,   -3.0314300675e-03,
    4.2789900303e-01,    6.8885898218e-03,    4.2789900303e-01,    6.9531698227e+00,    4.2789900303e-01,   -1.2130399700e-03,
    4.2899900675e-01,    5.2604698576e-03,    4.2899900675e-01,    7.0603499413e+00,    4.2899900675e-01,   -1.5090400120e-03,
    4.3009901047e-01,    6.2221400440e-03,    4.3009901047e-01,    7.1691498756e+00,    4.3009901047e-01,   -4.5002400875e-03,
    4.3119999766e-01,    9.2079602182e-03,    4.3119999766e-01,    7.2414598465e+00,    4.3119999766e-01,    1.3575400226e-03,
    4.3229898810e-01,    1.1945500039e-02,    4.3229898810e-01,    7.2782897949e+00,    4.3229898810e-01,    3.0558800790e-03,
    4.3339899182e-01,    1.2184999883e-02,    4.3339899182e-01,    7.3793802261e+00,    4.3339899182e-01,   -7.1117299376e-04,
    4.3449899554e-01,    1.5264700167e-02,    4.3449899554e-01,    7.4588799477e+00,    4.3449899554e-01,   -2.7395801153e-03,
    4.3559899926e-01,    1.2158200145e-02,    4.3559899926e-01,    7.5581898689e+00,    4.3559899926e-01,   -6.3426402630e-04,
    4.3669998646e-01,    1.1390199885e-02,    4.3669998646e-01,    7.6147899628e+00,    4.3669998646e-01,   -6.0697998852e-03,
    4.3779900670e-01,    2.0722700283e-02,    4.3779900670e-01,    7.5847401619e+00,    4.3779900670e-01,   -5.4795700125e-03,
    4.3889999390e-01,    2.4783700705e-02,    4.3889999390e-01,    7.6161098480e+00,    4.3889999390e-01,    9.4315299066e-04,
    4.3999800086e-01,    1.6668299213e-02,    4.3999800086e-01,    7.6985001564e+00,    4.3999800086e-01,   -5.7851499878e-03,
    4.4110000134e-01,    1.9335199147e-02,    4.4110000134e-01,    7.7675600052e+00,    4.4110000134e-01,   -6.9888699800e-03,
    4.4219899178e-01,    2.7193199843e-02,    4.4219899178e-01,    7.8598999977e+00,    4.4219899178e-01,   -2.4727201089e-03,
    4.4329899549e-01,    3.2555699348e-02,    4.4329899549e-01,    7.9328298569e+00,    4.4329899549e-01,   -3.7394401152e-03,
    4.4439798594e-01,    2.5452500209e-02,    4.4439798594e-01,    7.9841098785e+00,    4.4439798594e-01,   -2.9852900188e-03,
    4.4549998641e-01,    1.9760500640e-02,    4.4549998641e-01,    8.0673799515e+00,    4.4549998641e-01,   -3.9287799154e-04,
    4.4659900665e-01,    2.1440200508e-02,    4.4659900665e-01,    8.1915102005e+00,    4.4659900665e-01,    3.7378300913e-03,
    4.4769799709e-01,    2.9970400035e-02,    4.4769799709e-01,    8.3110904694e+00,    4.4769799709e-01,   -2.8166798875e-03,
    4.4879901409e-01,    1.9887799397e-02,    4.4879901409e-01,    8.3779096603e+00,    4.4879901409e-01,    6.2369898660e-04,
    4.4990000129e-01,    1.0520599782e-02,    4.4990000129e-01,    8.4452695847e+00,    4.4990000129e-01,   -6.0489197494e-04,
    4.5099800825e-01,    1.3879200444e-02,    4.5099800825e-01,    8.5096302032e+00,    4.5099800825e-01,   -3.3238399774e-03,
    4.5209801197e-01,    1.3328400441e-02,    4.5209801197e-01,    8.5770597458e+00,    4.5209801197e-01,   -2.5479600299e-03,
    4.5319899917e-01,    1.2786899693e-02,    4.5319899917e-01,    8.6304302216e+00,    4.5319899917e-01,   -8.0552604049e-03,
    4.5429798961e-01,   -2.8295500670e-03,    4.5429798961e-01,    8.6690397263e+00,    4.5429798961e-01,   -1.2707199901e-02,
    4.5539900661e-01,    4.0507800877e-03,    4.5539900661e-01,    8.6687803268e+00,    4.5539900661e-01,   -1.5397200361e-02,
    4.5649901032e-01,    1.0166499764e-02,    4.5649901032e-01,    8.6776304245e+00,    4.5649901032e-01,   -1.4653200284e-02,
    4.5759901404e-01,    1.6357799992e-02,    4.5759901404e-01,    8.7495899200e+00,    4.5759901404e-01,   -1.8834199756e-02,
    4.5869898796e-01,    1.3191499747e-02,    4.5869898796e-01,    8.8328104019e+00,    4.5869898796e-01,   -2.0541600883e-02,
    4.5979800820e-01,    8.2318801433e-03,    4.5979800820e-01,    8.8789501190e+00,    4.5979800820e-01,   -1.8596800044e-02,
    4.6090000868e-01,    1.8811600283e-02,    4.6090000868e-01,    8.9340600967e+00,    4.6090000868e-01,   -1.7159299925e-02,
    4.6199899912e-01,    2.3462399840e-02,    4.6199899912e-01,    9.0157003403e+00,    4.6199899912e-01,   -1.4775799587e-02,
    4.6309998631e-01,    2.9082600027e-02,    4.6309998631e-01,    9.0724496841e+00,    4.6309998631e-01,   -1.3794899918e-02,
    4.6419799328e-01,    3.0804300681e-02,    4.6419799328e-01,    9.1132698059e+00,    4.6419799328e-01,   -8.6375903338e-03,
    4.6529999375e-01,    2.7680799365e-02,    4.6529999375e-01,    9.1813802719e+00,    4.6529999375e-01,   -9.1171199456e-03,
    4.6639901400e-01,    3.5541199148e-02,    4.6639901400e-01,    9.2630100250e+00,    4.6639901400e-01,   -9.6738198772e-03,
    4.6750000119e-01,    4.3820101768e-02,    4.6750000119e-01,    9.3039503098e+00,    4.6750000119e-01,   -7.0850797929e-03,
    4.6859800816e-01,    4.5044798404e-02,    4.6859800816e-01,    9.3380203247e+00,    4.6859800816e-01,   -1.0452999733e-02,
    4.6969899535e-01,    3.1876899302e-02,    4.6969899535e-01,    9.3633003235e+00,    4.6969899535e-01,   -1.1090699583e-02,
    4.7079798579e-01,    3.3792100847e-02,    4.7079798579e-01,    9.4263200760e+00,    4.7079798579e-01,   -1.1537799612e-02,
    4.7189998627e-01,    3.8522798568e-02,    4.7189998627e-01,    9.4634399414e+00,    4.7189998627e-01,   -3.6615501158e-03,
    4.7299998999e-01,    3.6038901657e-02,    4.7299998999e-01,    9.5112304688e+00,    4.7299998999e-01,   -6.6067399457e-03,
    4.7409999371e-01,    2.8889600188e-02,    4.7409999371e-01,    9.5717697144e+00,    4.7409999371e-01,   -7.8826500103e-03,
    4.7519901395e-01,    2.9671100900e-02,    4.7519901395e-01,    9.6499900818e+00,    4.7519901395e-01,   -4.6774297953e-03,
    4.7630000114e-01,    3.0212700367e-02,    4.7630000114e-01,    9.7362899780e+00,    4.7630000114e-01,   -6.6002900712e-03,
    4.7739800811e-01,    2.3487899452e-02,    4.7739800811e-01,    9.8022203445e+00,    4.7739800811e-01,   -6.6394498572e-03,
    4.7849899530e-01,    1.4800200239e-02,    4.7849899530e-01,    9.8684797287e+00,    4.7849899530e-01,   -5.5558099411e-03,
    4.7959899902e-01,    1.8064899370e-02,    4.7959899902e-01,    9.9288301468e+00,    4.7959899902e-01,   -4.9149598926e-03,
    4.8069900274e-01,    2.2184100002e-02,    4.8069900274e-01,    9.9972200394e+00,    4.8069900274e-01,   -1.1666700244e-02,
    4.8179799318e-01,    1.4809300192e-02,    4.8179799318e-01,    1.0069600105e+01,    4.8179799318e-01,   -4.5608500950e-03,
    4.8289901018e-01,    1.7151299864e-02,    4.8289901018e-01,    1.0138500214e+01,    4.8289901018e-01,   -3.4447200596e-03,
    4.8399800062e-01,    2.7422200888e-02,    4.8399800062e-01,    1.0192299843e+01,    4.8399800062e-01,   -2.9324800707e-03,
    4.8509898782e-01,    3.2597001642e-02,    4.8509898782e-01,    1.0244400024e+01,    4.8509898782e-01,    2.6844101376e-04,
    4.8619899154e-01,    3.0319999903e-02,    4.8619899154e-01,    1.0300999641e+01,    4.8619899154e-01,    5.8849998750e-03,
    4.8729801178e-01,    2.0617399365e-02,    4.8729801178e-01,    1.0405300140e+01,    4.8729801178e-01,    7.0774299093e-03,
    4.8839899898e-01,    2.2547699511e-02,    4.8839899898e-01,    1.0450699806e+01,    4.8839899898e-01,    2.0248300862e-03,
    4.8949798942e-01,    2.7233300731e-02,    4.8949798942e-01,    1.0439999580e+01,    4.8949798942e-01,    1.4586399775e-03,
    4.9059799314e-01,    2.5913199410e-02,    4.9059799314e-01,    1.0423000336e+01,    4.9059799314e-01,   -5.3729098290e-03,
    4.9169901013e-01,    2.9765499756e-02,    4.9169901013e-01,    1.0545800209e+01,    4.9169901013e-01,   -9.2498399317e-03,
    4.9279999733e-01,    2.5563199073e-02,    4.9279999733e-01,    1.0672200203e+01,    4.9279999733e-01,   -1.3857600279e-02,
    4.9390000105e-01,    2.6503600180e-02,    4.9390000105e-01,    1.0725500107e+01,    4.9390000105e-01,   -1.3480899855e-02,
    4.9499899149e-01,    3.2733801752e-02,    4.9499899149e-01,    1.0814599991e+01,    4.9499899149e-01,   -1.3393400237e-02,
    4.9609801173e-01,    3.7278600037e-02,    4.9609801173e-01,    1.0928099632e+01,    4.9609801173e-01,   -1.5054999851e-02,
    4.9719899893e-01,    4.1145298630e-02,    4.9719899893e-01,    1.0966600418e+01,    4.9719899893e-01,   -1.5185999684e-02,
    4.9829998612e-01,    3.6573201418e-02,    4.9829998612e-01,    1.0997099876e+01,    4.9829998612e-01,   -1.5917800367e-02,
    4.9939799309e-01,    3.4904498607e-02,    4.9939799309e-01,    1.1134799957e+01,    4.9939799309e-01,   -1.7841700464e-02,
    5.0049901009e-01,    4.7954201698e-02,    5.0049901009e-01,    1.1305100441e+01,    5.0049901009e-01,   -2.7194900438e-02,
    5.0159901381e-01,    3.6293100566e-02,    5.0159901381e-01,    1.1424300194e+01,    5.0159901381e-01,   -2.6605999097e-02,
    5.0269901752e-01,    3.1587101519e-02,    5.0269901752e-01,    1.1527199745e+01,    5.0269901752e-01,   -3.1168499961e-02,
    5.0379902124e-01,    2.9719099402e-02,    5.0379902124e-01,    1.1628999710e+01,    5.0379902124e-01,   -3.1213000417e-02,
    5.0489997864e-01,    3.6694500595e-02,    5.0489997864e-01,    1.1653200150e+01,    5.0489997864e-01,   -3.2692298293e-02,
    5.0599801540e-01,    3.4921500832e-02,    5.0599801540e-01,    1.1687399864e+01,    5.0599801540e-01,   -2.4864500389e-02,
    5.0709998608e-01,    3.0245300382e-02,    5.0709998608e-01,    1.1788100243e+01,    5.0709998608e-01,   -2.2794300690e-02,
    5.0819897652e-01,    2.8587600216e-02,    5.0819897652e-01,    1.1874400139e+01,    5.0819897652e-01,   -2.4138700217e-02,
    5.0929898024e-01,    2.5294400752e-02,    5.0929898024e-01,    1.1921400070e+01,    5.0929898024e-01,   -2.3490399122e-02,
    5.1039898396e-01,    4.3274298310e-02,    5.1039898396e-01,    1.1960300446e+01,    5.1039898396e-01,   -2.9415000230e-02,
    5.1150000095e-01,    3.1679298729e-02,    5.1150000095e-01,    1.2052599907e+01,    5.1150000095e-01,   -2.9992999509e-02,
    5.1259899139e-01,    2.8369499370e-02,    5.1259899139e-01,    1.2117199898e+01,    5.1259899139e-01,   -2.4841699749e-02,
    5.1369899511e-01,    3.5590298474e-02,    5.1369899511e-01,    1.2107500076e+01,    5.1369899511e-01,   -2.4819700047e-02,
    5.1479899883e-01,    3.2761499286e-02,    5.1479899883e-01,    1.2191900253e+01,    5.1479899883e-01,   -1.8722299486e-02,
    5.1590001583e-01,    2.2519599646e-02,    5.1590001583e-01,    1.2277099609e+01,    5.1590001583e-01,   -2.1426800638e-02,
    5.1699799299e-01,    7.8551797196e-03,    5.1699799299e-01,    1.2350099564e+01,    5.1699799299e-01,   -1.9262799993e-02,
    5.1809799671e-01,    1.7972800881e-02,    5.1809799671e-01,    1.2449299812e+01,    5.1809799671e-01,   -1.7218399793e-02,
    5.1919901371e-01,    3.1049100682e-02,    5.1919901371e-01,    1.2565299988e+01,    5.1919901371e-01,   -1.2600899674e-02,
    5.2029901743e-01,    2.1946400404e-02,    5.2029901743e-01,    1.2630100250e+01,    5.2029901743e-01,   -2.1362299100e-02,
    5.2139902115e-01,    6.5815402195e-03,    5.2139902115e-01,    1.2695699692e+01,    5.2139902115e-01,   -2.1535599604e-02,
    5.2249902487e-01,    1.9254300743e-02,    5.2249902487e-01,    1.2803999901e+01,    5.2249902487e-01,   -1.7168700695e-02,
    5.2359998226e-01,    3.2927401364e-02,    5.2359998226e-01,    1.2878100395e+01,    5.2359998226e-01,   -2.1677199751e-02,
    5.2469801903e-01,    3.9622601122e-02,    5.2469801903e-01,    1.2833399773e+01,    5.2469801903e-01,   -1.6640299931e-02,
    5.2579897642e-01,    4.0184598416e-02,    5.2579897642e-01,    1.2822699547e+01,    5.2579897642e-01,   -1.7252299935e-02,
    5.2689802647e-01,    5.0285700709e-02,    5.2689802647e-01,    1.2913999557e+01,    5.2689802647e-01,   -1.3224000111e-02,
    5.2799999714e-01,    7.2022698820e-02,    5.2799999714e-01,    1.2964599609e+01,    5.2799999714e-01,   -2.2533999756e-02,
    5.2909898758e-01,    8.0427400768e-02,    5.2909898758e-01,    1.2984000206e+01,    5.2909898758e-01,   -2.1060500294e-02,
    5.3019899130e-01,    6.0239698738e-02,    5.3019899130e-01,    1.3026800156e+01,    5.3019899130e-01,   -2.5213299319e-02,
    5.3129899502e-01,    7.1900703013e-02,    5.3129899502e-01,    1.3077300072e+01,    5.3129899502e-01,   -2.3062199354e-02,
    5.3239798546e-01,    9.5596097410e-02,    5.3239798546e-01,    1.3061900139e+01,    5.3239798546e-01,   -2.0326999947e-02,
    5.3349900246e-01,    1.0112699866e-01,    5.3349900246e-01,    1.3160699844e+01,    5.3349900246e-01,   -2.2786300629e-02,
    5.3460001945e-01,    8.3880297840e-02,    5.3460001945e-01,    1.3320400238e+01,    5.3460001945e-01,   -2.0600300282e-02,
    5.3569900990e-01,    8.3478502929e-02,    5.3569900990e-01,    1.3416500092e+01,    5.3569900990e-01,   -1.8435200676e-02,
    5.3680002689e-01,    9.9002398551e-02,    5.3680002689e-01,    1.3525400162e+01,    5.3680002689e-01,   -1.7774000764e-02,
    5.3789800406e-01,    1.1148100346e-01,    5.3789800406e-01,    1.3710200310e+01,    5.3789800406e-01,   -2.0576199517e-02,
    5.3899800777e-01,    1.0370600224e-01,    5.3899800777e-01,    1.3896300316e+01,    5.3899800777e-01,   -2.5368999690e-02,
    5.4009902477e-01,    9.7633697093e-02,    5.4009902477e-01,    1.4079799652e+01,    5.4009902477e-01,   -1.5621500090e-02,
    5.4119902849e-01,    1.0340300202e-01,    5.4119902849e-01,    1.4310799599e+01,    5.4119902849e-01,   -2.1931499243e-02,
    5.4229897261e-01,    1.1323300004e-01,    5.4229897261e-01,    1.4498600006e+01,    5.4229897261e-01,   -2.6342699304e-02,
    5.4339897633e-01,    1.0725499690e-01,    5.4339897633e-01,    1.4584799767e+01,    5.4339897633e-01,   -2.3506600410e-02,
    5.4449898005e-01,    9.3766897917e-02,    5.4449898005e-01,    1.4684399605e+01,    5.4449898005e-01,   -2.6367500424e-02,
    5.4559898376e-01,    8.8686197996e-02,    5.4559898376e-01,    1.4852600098e+01,    5.4559898376e-01,   -3.2636098564e-02,
    5.4669797421e-01,    8.5799902678e-02,    5.4669797421e-01,    1.4966400146e+01,    5.4669797421e-01,   -2.8136599809e-02,
    5.4780000448e-01,    7.4650801718e-02,    5.4780000448e-01,    1.5063599586e+01,    5.4780000448e-01,   -3.0463499948e-02,
    5.4889899492e-01,    5.9528201818e-02,    5.4889899492e-01,    1.5192199707e+01,    5.4889899492e-01,   -2.8854699805e-02,
    5.5000001192e-01,    5.8072600514e-02,    5.5000001192e-01,    1.5267800331e+01,    5.5000001192e-01,   -2.6884000748e-02,
    5.5109900236e-01,    6.5138198435e-02,    5.5109900236e-01,    1.5281299591e+01,    5.5109900236e-01,   -2.5983700529e-02,
    5.5219900608e-01,    7.6219901443e-02,    5.5219900608e-01,    1.5366000175e+01,    5.5219900608e-01,   -2.7286000550e-02,
    5.5329900980e-01,    6.6872000694e-02,    5.5329900980e-01,    1.5446499825e+01,    5.5329900980e-01,   -2.5429200381e-02,
    5.5439901352e-01,    6.9035299122e-02,    5.5439901352e-01,    1.5463000298e+01,    5.5439901352e-01,   -1.3302399777e-02,
    5.5549997091e-01,    7.7553696930e-02,    5.5549997091e-01,    1.5508999825e+01,    5.5549997091e-01,   -1.5152099542e-02,
    5.5659902096e-01,    7.1996696293e-02,    5.5659902096e-01,    1.5565699577e+01,    5.5659902096e-01,   -9.8561700433e-03,
    5.5769902468e-01,    6.4191199839e-02,    5.5769902468e-01,    1.5593000412e+01,    5.5769902468e-01,   -8.4528103471e-03,
    5.5879902840e-01,    5.4068401456e-02,    5.5879902840e-01,    1.5538100243e+01,    5.5879902840e-01,   -4.4583901763e-03,
    5.5989897251e-01,    5.8038998395e-02,    5.5989897251e-01,    1.5559599876e+01,    5.5989897251e-01,    4.4832900167e-03,
    5.6099897623e-01,    6.2135599554e-02,    5.6099897623e-01,    1.5684100151e+01,    5.6099897623e-01,    3.7257899530e-03,
    5.6209897995e-01,    5.4745499045e-02,    5.6209897995e-01,    1.5830300331e+01,    5.6209897995e-01,    1.2878200039e-02,
    5.6319898367e-01,    6.0724399984e-02,    5.6319898367e-01,    1.6018400192e+01,    5.6319898367e-01,    1.7954500392e-02,
    5.6429797411e-01,    6.9052800536e-02,    5.6429797411e-01,    1.6171300888e+01,    5.6429797411e-01,    1.2773100287e-02,
    5.6539797783e-01,    8.5738502443e-02,    5.6539797783e-01,    1.6255899429e+01,    5.6539797783e-01,    2.1372599527e-02,
    5.6649899483e-01,    8.2549296319e-02,    5.6649899483e-01,    1.6325199127e+01,    5.6649899483e-01,    2.1640399471e-02,
    5.6760001183e-01,    7.5360499322e-02,    5.6760001183e-01,    1.6400800705e+01,    5.6760001183e-01,    2.1517800167e-02,
    5.6869900227e-01,    9.6222199500e-02,    5.6869900227e-01,    1.6515499115e+01,    5.6869900227e-01,    2.2286599502e-02,
    5.6979799271e-01,    1.0315000266e-01,    5.6979799271e-01,    1.6569900513e+01,    5.6979799271e-01,    3.4118600190e-02,
    5.7089900970e-01,    1.0181000084e-01,    5.7089900970e-01,    1.6697399139e+01,    5.7089900970e-01,    3.0906600878e-02,
    5.7199901342e-01,    1.0108499974e-01,    5.7199901342e-01,    1.6912099838e+01,    5.7199901342e-01,    3.4463901073e-02,
    5.7309997082e-01,    1.1331199855e-01,    5.7309997082e-01,    1.7080499649e+01,    5.7309997082e-01,    4.1003301740e-02,
    5.7419800758e-01,    1.1730100214e-01,    5.7419800758e-01,    1.7190900803e+01,    5.7419800758e-01,    4.3432898819e-02,
    5.7529997826e-01,    1.0892099887e-01,    5.7529997826e-01,    1.7435499191e+01,    5.7529997826e-01,    3.7477798760e-02,
    5.7639998198e-01,    1.1616200209e-01,    5.7639998198e-01,    1.7650199890e+01,    5.7639998198e-01,    3.2384298742e-02,
    5.7749897242e-01,    1.2686300278e-01,    5.7749897242e-01,    1.7763000488e+01,    5.7749897242e-01,    3.5805698484e-02,
    5.7859998941e-01,    1.2618300319e-01,    5.7859998941e-01,    1.7865999222e+01,    5.7859998941e-01,    3.9518799633e-02,
    5.7969897985e-01,    1.2560099363e-01,    5.7969897985e-01,    1.7963499069e+01,    5.7969897985e-01,    4.4235501438e-02,
    5.8079797029e-01,    1.4147299528e-01,    5.8079797029e-01,    1.8003400803e+01,    5.8079797029e-01,    3.7357900292e-02,
    5.8189797401e-01,    1.5049099922e-01,    5.8189797401e-01,    1.8052700043e+01,    5.8189797401e-01,    3.4583799541e-02,
    5.8299797773e-01,    1.5738700330e-01,    5.8299797773e-01,    1.8146699905e+01,    5.8299797773e-01,    3.9300598204e-02,
    5.8409899473e-01,    1.5358400345e-01,    5.8409899473e-01,    1.8257099152e+01,    5.8409899473e-01,    4.1652500629e-02,
    5.8519899845e-01,    1.4947600663e-01,    5.8519899845e-01,    1.8357299805e+01,    5.8519899845e-01,    3.4526899457e-02,
    5.8629798889e-01,    1.6431300342e-01,    5.8629798889e-01,    1.8549900055e+01,    5.8629798889e-01,    2.8239900246e-02,
    5.8739900589e-01,    1.6757099330e-01,    5.8739900589e-01,    1.8757999420e+01,    5.8739900589e-01,    2.8719099239e-02,
    5.8850002289e-01,    1.5751299262e-01,    5.8850002289e-01,    1.8833700180e+01,    5.8850002289e-01,    2.8134299442e-02,
    5.8959901333e-01,    1.5199699998e-01,    5.8959901333e-01,    1.8977199554e+01,    5.8959901333e-01,    2.4743100628e-02,
    5.9069901705e-01,    1.6382199526e-01,    5.9069901705e-01,    1.9165100098e+01,    5.9069901705e-01,    1.9105600193e-02,
    5.9179800749e-01,    1.5031699836e-01,    5.9179800749e-01,    1.9259199142e+01,    5.9179800749e-01,    1.6752300784e-02,
    5.9289801121e-01,    1.4144900441e-01,    5.9289801121e-01,    1.9336799622e+01,    5.9289801121e-01,    2.0115500316e-02,
    5.9399998188e-01,    1.3833700120e-01,    5.9399998188e-01,    1.9472499847e+01,    5.9399998188e-01,    1.5420099720e-02,
    5.9509998560e-01,    1.3381199539e-01,    5.9509998560e-01,    1.9645299911e+01,    5.9509998560e-01,    9.7904196009e-03,
    5.9619998932e-01,    1.2646299601e-01,    5.9619998932e-01,    1.9771799088e+01,    5.9619998932e-01,    4.2917700484e-03,
    5.9729999304e-01,    1.2129600346e-01,    5.9729999304e-01,    1.9963499069e+01,    5.9729999304e-01,    1.4317699708e-02,
    5.9839898348e-01,    1.1818999797e-01,    5.9839898348e-01,    2.0220300674e+01,    5.9839898348e-01,    1.0018300265e-02,
    5.9949898720e-01,    1.1826299876e-01,    5.9949898720e-01,    2.0396499634e+01,    5.9949898720e-01,    9.4030499458e-03,
    6.0060000420e-01,    1.0941399634e-01,    6.0060000420e-01,    2.0614999771e+01,    6.0060000420e-01,    2.1395599470e-03,
    6.0169899464e-01,    1.0734800249e-01,    6.0169899464e-01,    2.0893999100e+01,    6.0169899464e-01,    9.9119599909e-03,
    6.0279899836e-01,    1.1007300019e-01,    6.0279899836e-01,    2.1093599319e+01,    6.0279899836e-01,    1.2503899634e-02,
    6.0389900208e-01,    1.1355700344e-01,    6.0389900208e-01,    2.1269899368e+01,    6.0389900208e-01,    6.9601801224e-03,
    6.0499799252e-01,    1.0466899723e-01,    6.0499799252e-01,    2.1458200455e+01,    6.0499799252e-01,    7.0087001659e-03,
    6.0609900951e-01,    1.0801900178e-01,    6.0609900951e-01,    2.1684299469e+01,    6.0609900951e-01,   -4.3202699162e-03,
    6.0719799995e-01,    1.0599000007e-01,    6.0719799995e-01,    2.1790300369e+01,    6.0719799995e-01,    4.3927701190e-03,
    6.0829800367e-01,    1.0711599886e-01,    6.0829800367e-01,    2.1929100037e+01,    6.0829800367e-01,    2.1799700335e-04,
    6.0939997435e-01,    1.0412000120e-01,    6.0939997435e-01,    2.2203300476e+01,    6.0939997435e-01,    4.1902801022e-03,
    6.1049902439e-01,    1.0168000311e-01,    6.1049902439e-01,    2.2399400711e+01,    6.1049902439e-01,    4.3299300596e-03,
    6.1159998178e-01,    8.5618197918e-02,    6.1159998178e-01,    2.2547599792e+01,    6.1159998178e-01,    9.7357798368e-03,
    6.1269998550e-01,    1.0272499919e-01,    6.1269998550e-01,    2.2699399948e+01,    6.1269998550e-01,    7.6689198613e-03,
    6.1379998922e-01,    1.0285899788e-01,    6.1379998922e-01,    2.2908399582e+01,    6.1379998922e-01,   -1.7797499895e-03,
    6.1489999294e-01,    9.7001798451e-02,    6.1489999294e-01,    2.3063800812e+01,    6.1489999294e-01,    1.2849599589e-03,
    6.1599898338e-01,    1.0249300301e-01,    6.1599898338e-01,    2.3218099594e+01,    6.1599898338e-01,   -1.4004600234e-02,
    6.1709898710e-01,    1.3438999653e-01,    6.1709898710e-01,    2.3451000214e+01,    6.1709898710e-01,    3.8562400732e-04,
    6.1820000410e-01,    1.3403999805e-01,    6.1820000410e-01,    2.3632299423e+01,    6.1820000410e-01,   -3.5349500831e-03,
    6.1929899454e-01,    1.2731899321e-01,    6.1929899454e-01,    2.3785699844e+01,    6.1929899454e-01,   -1.7005899921e-02,
    6.2039899826e-01,    1.3941499591e-01,    6.2039899826e-01,    2.4007200241e+01,    6.2039899826e-01,   -1.0472100228e-02,
    6.2149900198e-01,    1.4342400432e-01,    6.2149900198e-01,    2.4198600769e+01,    6.2149900198e-01,   -1.0175799951e-02,
    6.2259900570e-01,    1.4483900368e-01,    6.2259900570e-01,    2.4340999603e+01,    6.2259900570e-01,   -1.2884500436e-02,
    6.2370002270e-01,    1.4991800487e-01,    6.2370002270e-01,    2.4422100067e+01,    6.2370002270e-01,   -1.8132500350e-02,
    6.2479799986e-01,    1.4025500417e-01,    6.2479799986e-01,    2.4623699188e+01,    6.2479799986e-01,   -2.0589199848e-03,
    6.2589901686e-01,    1.6276100278e-01,    6.2589901686e-01,    2.4729200363e+01,    6.2589901686e-01,   -1.4605900273e-02,
    6.2699902058e-01,    1.5885800123e-01,    6.2699902058e-01,    2.4745800018e+01,    6.2699902058e-01,   -4.0680300444e-03,
    6.2809801102e-01,    1.3131099939e-01,    6.2809801102e-01,    2.4862499237e+01,    6.2809801102e-01,    5.3364401683e-03,
    6.2919902802e-01,    1.5042200685e-01,    6.2919902802e-01,    2.4733100891e+01,    6.2919902802e-01,    5.9014200233e-03,
    6.3029998541e-01,    1.6703699529e-01,    6.3029998541e-01,    2.4538600922e+01,    6.3029998541e-01,    2.3828599602e-02,
    6.3139998913e-01,    1.7128199339e-01,    6.3139998913e-01,    2.4447000504e+01,    6.3139998913e-01,    2.8303299099e-02,
    6.3249897957e-01,    1.5624399483e-01,    6.3249897957e-01,    2.4412200928e+01,    6.3249897957e-01,    1.5564800240e-02,
    6.3359898329e-01,    1.6467000544e-01,    6.3359898329e-01,    2.4398399353e+01,    6.3359898329e-01,    1.5168700367e-02,
    6.3469898701e-01,    1.6121099889e-01,    6.3469898701e-01,    2.4376300812e+01,    6.3469898701e-01,    3.0454000458e-02,
    6.3579797745e-01,    1.5169200301e-01,    6.3579797745e-01,    2.4235000610e+01,    6.3579797745e-01,    8.1908497959e-03,
    6.3689899445e-01,    1.3420900702e-01,    6.3689899445e-01,    2.4139799118e+01,    6.3689899445e-01,    3.7196499761e-03,
    6.3800001144e-01,    1.2865099311e-01,    6.3800001144e-01,    2.3881999969e+01,    6.3800001144e-01,    2.0640099421e-02,
    6.3909798861e-01,    1.2402100116e-01,    6.3909798861e-01,    2.3727500916e+01,    6.3909798861e-01,    1.2645100243e-02,
    6.4019799232e-01,    1.1597199738e-01,    6.4019799232e-01,    2.3753999710e+01,    6.4019799232e-01,    1.9857600331e-02,
    6.4129900932e-01,    1.0327400267e-01,    6.4129900932e-01,    2.3816200256e+01,    6.4129900932e-01,    3.5392999649e-02,
    6.4239901304e-01,    1.0217999667e-01,    6.4239901304e-01,    2.3861299515e+01,    6.4239901304e-01,    2.2018000484e-02,
    6.4349901676e-01,    9.3216501176e-02,    6.4349901676e-01,    2.3919900894e+01,    6.4349901676e-01,    2.1641099826e-02,
    6.4459997416e-01,    7.9478502274e-02,    6.4459997416e-01,    2.3911800385e+01,    6.4459997416e-01,    3.1715899706e-02,
    6.4569902420e-01,    8.2702696323e-02,    6.4569902420e-01,    2.3847600937e+01,    6.4569902420e-01,    2.6030700654e-02,
    6.4679998159e-01,    6.1562400311e-02,    6.4679998159e-01,    2.3989299774e+01,    6.4679998159e-01,    1.9608799368e-02,
    6.4789897203e-01,    5.6408498436e-02,    6.4789897203e-01,    2.4204799652e+01,    6.4789897203e-01,    1.3631399721e-02,
    6.4899897575e-01,    1.7848299816e-02,    6.4899897575e-01,    2.4249399185e+01,    6.4899897575e-01,   -1.2672299636e-04,
    6.5009999275e-01,    1.8782399595e-02,    6.5009999275e-01,    2.4292699814e+01,    6.5009999275e-01,   -9.1419396922e-03,
    6.5119898319e-01,    5.5510201491e-03,    6.5119898319e-01,    2.4462600708e+01,    6.5119898319e-01,    3.9728201955e-06,
    6.5229898691e-01,   -6.1302501708e-03,    6.5229898691e-01,    2.4533800125e+01,    6.5229898691e-01,   -1.8302699551e-02,
    6.5339899063e-01,    5.9291701764e-03,    6.5339899063e-01,    2.4510599136e+01,    6.5339899063e-01,   -2.6266099885e-02,
    6.5449899435e-01,    7.7054002322e-03,    6.5449899435e-01,    2.4476200104e+01,    6.5449899435e-01,   -1.7231499776e-02,
    6.5560001135e-01,    2.1150499582e-02,    6.5560001135e-01,    2.4358600616e+01,    6.5560001135e-01,   -2.2099399939e-02,
    6.5669900179e-01,    3.0100399628e-02,    6.5669900179e-01,    2.4163900375e+01,    6.5669900179e-01,   -2.1784299985e-02,
    6.5780001879e-01,    7.0510599762e-03,    6.5780001879e-01,    2.3982299805e+01,    6.5780001879e-01,   -3.4419100732e-02,
    6.5889900923e-01,    1.0709900409e-02,    6.5889900923e-01,    2.3926200867e+01,    6.5889900923e-01,   -3.0165499076e-02,
    6.5999901295e-01,    7.0911701769e-03,    6.5999901295e-01,    2.3826000214e+01,    6.5999901295e-01,   -3.2144598663e-02,
    6.6109901667e-01,   -1.6325400211e-03,    6.6109901667e-01,    2.3746599197e+01,    6.6109901667e-01,   -3.6224298179e-02,
    6.6219800711e-01,   -1.5955699608e-02,    6.6219800711e-01,    2.3843399048e+01,    6.6219800711e-01,   -2.2855300456e-02,
    6.6329902411e-01,    1.1922200210e-02,    6.6329902411e-01,    2.3921800613e+01,    6.6329902411e-01,   -4.1356101632e-02,
    6.6439801455e-01,    3.2283701003e-03,    6.6439801455e-01,    2.4009500504e+01,    6.6439801455e-01,   -1.6400199383e-02,
    6.6549897194e-01,   -1.9686000422e-02,    6.6549897194e-01,    2.4129100800e+01,    6.6549897194e-01,   -3.8948100060e-02,
    6.6659998894e-01,   -4.7684800811e-03,    6.6659998894e-01,    2.4192300797e+01,    6.6659998894e-01,   -3.2959900796e-02,
    6.6769802570e-01,    2.0085399970e-02,    6.6769802570e-01,    2.4125699997e+01,    6.6769802570e-01,   -2.9236400500e-02,
    6.6879898310e-01,    3.3693801612e-02,    6.6879898310e-01,    2.4060300827e+01,    6.6879898310e-01,   -2.8382699937e-02,
    6.6989898682e-01,    1.9871300086e-02,    6.6989898682e-01,    2.4171600342e+01,    6.6989898682e-01,   -3.1430799514e-02,
    6.7099899054e-01,    4.9453400075e-02,    6.7099899054e-01,    2.4164300919e+01,    6.7099899054e-01,   -3.1895298511e-02,
    6.7209899426e-01,    7.9994797707e-02,    6.7209899426e-01,    2.4112600327e+01,    6.7209899426e-01,   -2.1119499579e-02,
    6.7319899797e-01,    9.8139896989e-02,    6.7319899797e-01,    2.4045299530e+01,    6.7319899797e-01,   -2.1134799346e-02,
    6.7430001497e-01,    1.2873600423e-01,    6.7430001497e-01,    2.3851200104e+01,    6.7430001497e-01,   -2.1449599415e-02,
    6.7539799213e-01,    1.8451400101e-01,    6.7539799213e-01,    2.3737300873e+01,    6.7539799213e-01,   -2.2722499445e-02,
    6.7649900913e-01,    2.0374299586e-01,    6.7649900913e-01,    2.3605600357e+01,    6.7649900913e-01,   -2.8023300692e-02,
    6.7760002613e-01,    2.3643000424e-01,    6.7760002613e-01,    2.3533899307e+01,    6.7760002613e-01,   -1.9930800423e-02,
    6.7869800329e-01,    2.7087199688e-01,    6.7869800329e-01,    2.3394100189e+01,    6.7869800329e-01,   -1.4824699610e-02,
    6.7979902029e-01,    3.0076101422e-01,    6.7979902029e-01,    2.3357799530e+01,    6.7979902029e-01,   -2.5247199461e-02,
    6.8089902401e-01,    2.9041200876e-01,    6.8089902401e-01,    2.3641700745e+01,    6.8089902401e-01,   -8.9667197317e-03,
    6.8199902773e-01,    3.0653399229e-01,    6.8199902773e-01,    2.3848300934e+01,    6.8199902773e-01,   -2.2459900007e-02,
    6.8309897184e-01,    3.4468701482e-01,    6.8309897184e-01,    2.3855800629e+01,    6.8309897184e-01,   -9.1995997354e-03,
    6.8419897556e-01,    3.6177000403e-01,    6.8419897556e-01,    2.3979299545e+01,    6.8419897556e-01,   -9.4317700714e-03,
    6.8529897928e-01,    3.5130101442e-01,    6.8529897928e-01,    2.4074699402e+01,    6.8529897928e-01,   -2.5601999834e-02,
    6.8639999628e-01,    3.8694599271e-01,    6.8639999628e-01,    2.4094100952e+01,    6.8639999628e-01,   -2.0601799712e-02,
    6.8749898672e-01,    4.1247999668e-01,    6.8749898672e-01,    2.4091800690e+01,    6.8749898672e-01,    5.3241900168e-03,
    6.8859797716e-01,    4.1901800036e-01,    6.8859797716e-01,    2.4145500183e+01,    6.8859797716e-01,   -2.1450599656e-02,
    6.8969899416e-01,    4.1852599382e-01,    6.8969899416e-01,    2.4084299088e+01,    6.8969899416e-01,   -1.5937300399e-02,
    6.9079899788e-01,    4.5392298698e-01,    6.9079899788e-01,    2.4083799362e+01,    6.9079899788e-01,    1.0206599720e-02,
    6.9189900160e-01,    4.4097799063e-01,    6.9189900160e-01,    2.4216600418e+01,    6.9189900160e-01,   -1.6051199287e-02,
    6.9299799204e-01,    4.3160799146e-01,    6.9299799204e-01,    2.4368400574e+01,    6.9299799204e-01,    8.9040603489e-03,
    6.9409799576e-01,    4.2127498984e-01,    6.9409799576e-01,    2.4482900620e+01,    6.9409799576e-01,    7.0483800955e-03,
    6.9519901276e-01,    4.4323599339e-01,    6.9519901276e-01,    2.4629499435e+01,    6.9519901276e-01,   -3.6445900332e-03,
    6.9629901648e-01,    4.2261201143e-01,    6.9629901648e-01,    2.4879400253e+01,    6.9629901648e-01,    7.8382603824e-03,
    6.9739997387e-01,    4.1170099378e-01,    6.9739997387e-01,    2.4958000183e+01,    6.9739997387e-01,    1.8795400858e-02,
    6.9849801064e-01,    4.0287199616e-01,    6.9849801064e-01,    2.5000099182e+01,    6.9849801064e-01,   -5.5216201581e-03,
    6.9959902763e-01,    4.1974499822e-01,    6.9959902763e-01,    2.5240499496e+01,    6.9959902763e-01,   -1.8944500014e-02,
    7.0069998503e-01,    4.1234999895e-01,    7.0069998503e-01,    2.5492200851e+01,    7.0069998503e-01,   -5.7601497974e-04,
    7.0179802179e-01,    4.0917700529e-01,    7.0179802179e-01,    2.5620700836e+01,    7.0179802179e-01,   -1.8846899271e-02,
    7.0289897919e-01,    4.1323700547e-01,    7.0289897919e-01,    2.5847200394e+01,    7.0289897919e-01,   -9.1725699604e-03,
    7.0399999619e-01,    4.2296901345e-01,    7.0399999619e-01,    2.6147600174e+01,    7.0399999619e-01,   -8.7246699259e-03,
    7.0509999990e-01,    4.1508299112e-01,    7.0509999990e-01,    2.6258800507e+01,    7.0509999990e-01,   -1.7011100426e-02,
    7.0619899035e-01,    4.0513500571e-01,    7.0619899035e-01,    2.6480699539e+01,    7.0619899035e-01,   -9.6577899531e-03,
    7.0729798079e-01,    4.0703299642e-01,    7.0729798079e-01,    2.6775400162e+01,    7.0729798079e-01,    1.5484199859e-02,
    7.0839899778e-01,    4.3432900310e-01,    7.0839899778e-01,    2.7039600372e+01,    7.0839899778e-01,   -1.0670900345e-02,
    7.0949900150e-01,    4.3143200874e-01,    7.0949900150e-01,    2.7214000702e+01,    7.0949900150e-01,   -5.7319900952e-03,
    7.1059900522e-01,    4.2037999630e-01,    7.1059900522e-01,    2.7450500488e+01,    7.1059900522e-01,    3.1269600149e-03,
    7.1169900894e-01,    4.1667899489e-01,    7.1169900894e-01,    2.7523599625e+01,    7.1169900894e-01,   -1.9373200834e-02,
    7.1279901266e-01,    4.0552601218e-01,    7.1279901266e-01,    2.7527500153e+01,    7.1279901266e-01,   -1.5137899667e-02,
    7.1390002966e-01,    3.9896601439e-01,    7.1390002966e-01,    2.7635499954e+01,    7.1390002966e-01,   -5.1972698420e-03,
    7.1499997377e-01,    3.7657299638e-01,    7.1499997377e-01,    2.7839300156e+01,    7.1499997377e-01,   -3.3397398889e-02,
    7.1609902382e-01,    3.7417098880e-01,    7.1609902382e-01,    2.7963499069e+01,    7.1609902382e-01,   -3.9239898324e-02,
    7.1719902754e-01,    3.8960599899e-01,    7.1719902754e-01,    2.8138200760e+01,    7.1719902754e-01,   -2.3965699598e-02,
    7.1829998493e-01,    3.7238800526e-01,    7.1829998493e-01,    2.8438800812e+01,    7.1829998493e-01,   -5.0319898874e-02,
    7.1939897537e-01,    3.4938898683e-01,    7.1939897537e-01,    2.8635599136e+01,    7.1939897537e-01,   -5.4163798690e-02,
    7.2049999237e-01,    3.5823699832e-01,    7.2049999237e-01,    2.8733100891e+01,    7.2049999237e-01,   -2.8176700696e-02,
    7.2159999609e-01,    3.5804200172e-01,    7.2159999609e-01,    2.9001600266e+01,    7.2159999609e-01,   -6.6829398274e-02,
    7.2269898653e-01,    3.5172900558e-01,    7.2269898653e-01,    2.9306200027e+01,    7.2269898653e-01,   -5.3087700158e-02,
    7.2379899025e-01,    3.2303598523e-01,    7.2379899025e-01,    2.9467800140e+01,    7.2379899025e-01,   -3.5376600921e-02,
    7.2489899397e-01,    3.3831098676e-01,    7.2489899397e-01,    2.9731000900e+01,    7.2489899397e-01,   -6.9090597332e-02,
    7.2599899769e-01,    3.1345498562e-01,    7.2599899769e-01,    3.0035499573e+01,    7.2599899769e-01,   -4.2134799063e-02,
    7.2710001469e-01,    3.0555498600e-01,    7.2710001469e-01,    3.0208700180e+01,    7.2710001469e-01,   -4.8140298575e-02,
    7.2820001841e-01,    2.7244201303e-01,    7.2820001841e-01,    3.0396999359e+01,    7.2820001841e-01,   -4.9038998783e-02,
    7.2929900885e-01,    2.9023700953e-01,    7.2929900885e-01,    3.0696800232e+01,    7.2929900885e-01,   -5.5904999375e-02,
    7.3039901257e-01,    2.6558700204e-01,    7.3039901257e-01,    3.0948400497e+01,    7.3039901257e-01,   -4.1815098375e-02,
    7.3150002956e-01,    2.5992101431e-01,    7.3150002956e-01,    3.1070899963e+01,    7.3150002956e-01,   -5.4540600628e-02,
    7.3259997368e-01,    2.3884800076e-01,    7.3259997368e-01,    3.1294500351e+01,    7.3259997368e-01,   -5.8869201690e-02,
    7.3369997740e-01,    2.3527599871e-01,    7.3369997740e-01,    3.1558900833e+01,    7.3369997740e-01,   -3.8727398962e-02,
    7.3479801416e-01,    2.3391599953e-01,    7.3479801416e-01,    3.1634500504e+01,    7.3479801416e-01,   -5.7757798582e-02,
    7.3589897156e-01,    2.4217599630e-01,    7.3589897156e-01,    3.1603200912e+01,    7.3589897156e-01,   -5.7987701148e-02,
    7.3699998856e-01,    2.3111699522e-01,    7.3699998856e-01,    3.1707700729e+01,    7.3699998856e-01,   -4.5324001461e-02,
    7.3809802532e-01,    2.1263399720e-01,    7.3809802532e-01,    3.1673900604e+01,    7.3809802532e-01,   -5.3066100925e-02,
    7.3919999599e-01,    2.1831600368e-01,    7.3919999599e-01,    3.1534299850e+01,    7.3919999599e-01,   -5.4275598377e-02,
    7.4029898643e-01,    2.2590799630e-01,    7.4029898643e-01,    3.1471599579e+01,    7.4029898643e-01,   -3.5204000771e-02,
    7.4139899015e-01,    1.8883399665e-01,    7.4139899015e-01,    3.1367399216e+01,    7.4139899015e-01,   -3.9498601109e-02,
    7.4250000715e-01,    1.6448999941e-01,    7.4250000715e-01,    3.1110500336e+01,    7.4250000715e-01,   -5.2532300353e-02,
    7.4360001087e-01,    1.8519400060e-01,    7.4360001087e-01,    3.0989200592e+01,    7.4360001087e-01,   -3.5402100533e-02,
    7.4470001459e-01,    1.6366200149e-01,    7.4470001459e-01,    3.1042800903e+01,    7.4470001459e-01,   -2.7617899701e-02,
    7.4579900503e-01,    1.3270199299e-01,    7.4579900503e-01,    3.0927799225e+01,    7.4579900503e-01,   -3.2493401319e-02,
    7.4689900875e-01,    1.7856200039e-01,    7.4689900875e-01,    3.1019199371e+01,    7.4689900875e-01,    1.1082099751e-02,
    7.4799901247e-01,    2.0401200652e-01,    7.4799901247e-01,    3.1410800934e+01,    7.4799901247e-01,   -2.6363000274e-02,
    7.4909901619e-01,    1.6471700370e-01,    7.4909901619e-01,    3.1654100418e+01,    7.4909901619e-01,   -4.2413000017e-02,
    7.5019800663e-01,    1.5611399710e-01,    7.5019800663e-01,    3.1722600937e+01,    7.5019800663e-01,   -8.4094498307e-03,
    7.5129997730e-01,    2.1624499559e-01,    7.5129997730e-01,    3.2087898254e+01,    7.5129997730e-01,   -2.6877399534e-02,
    7.5239801407e-01,    2.2402599454e-01,    7.5239801407e-01,    3.2503398895e+01,    7.5239801407e-01,   -2.8083199635e-02,
    7.5349897146e-01,    1.9747899473e-01,    7.5349897146e-01,    3.2805000305e+01,    7.5349897146e-01,   -1.0448999703e-02,
    7.5459998846e-01,    2.1467100084e-01,    7.5459998846e-01,    3.3231498718e+01,    7.5459998846e-01,   -3.8391400129e-02,
    7.5569897890e-01,    2.9600900412e-01,    7.5569897890e-01,    3.3791500092e+01,    7.5569897890e-01,   -5.0011098385e-02,
    7.5679898262e-01,    2.6249399781e-01,    7.5679898262e-01,    3.4100399017e+01,    7.5679898262e-01,   -2.0544800907e-02,
    7.5789898634e-01,    2.6326799393e-01,    7.5789898634e-01,    3.4428501129e+01,    7.5789898634e-01,   -3.7664901465e-02,
    7.5900000334e-01,    3.2382801175e-01,    7.5900000334e-01,    3.4766700745e+01,    7.5900000334e-01,   -5.6508101523e-02,
    7.6009899378e-01,    3.5146000981e-01,    7.6009899378e-01,    3.4953399658e+01,    7.6009899378e-01,   -2.6696600020e-02,
    7.6119798422e-01,    2.8945299983e-01,    7.6119798422e-01,    3.4991401672e+01,    7.6119798422e-01,   -4.0832299739e-02,
    7.6229798794e-01,    3.0795899034e-01,    7.6229798794e-01,    3.5192699432e+01,    7.6229798794e-01,   -3.9660699666e-02,
    7.6339900494e-01,    3.3782801032e-01,    7.6339900494e-01,    3.5561901093e+01,    7.6339900494e-01,   -3.5196401179e-02,
    7.6449900866e-01,    3.1025201082e-01,    7.6449900866e-01,    3.5794101715e+01,    7.6449900866e-01,   -4.2755201459e-02,
    7.6559901237e-01,    2.5649699569e-01,    7.6559901237e-01,    3.6058998108e+01,    7.6559901237e-01,   -4.0438901633e-02,
    7.6670002937e-01,    2.9154399037e-01,    7.6670002937e-01,    3.6436100006e+01,    7.6670002937e-01,   -2.0890999585e-02,
    7.6779901981e-01,    3.1119498610e-01,    7.6779901981e-01,    3.6687400818e+01,    7.6779901981e-01,   -3.9354600012e-02,
    7.6889997721e-01,    2.6423400640e-01,    7.6889997721e-01,    3.6877700806e+01,    7.6889997721e-01,   -2.1091099828e-02,
    7.6999998093e-01,    2.4474400282e-01,    7.6999998093e-01,    3.7234401703e+01,    7.6999998093e-01,   -6.0626701452e-03,
    7.7109897137e-01,    2.9820600152e-01,    7.7109897137e-01,    3.7592998505e+01,    7.7109897137e-01,   -2.1962899715e-02,
    7.7219897509e-01,    2.9691699147e-01,    7.7219897509e-01,    3.7746398926e+01,    7.7219897509e-01,   -1.2225200422e-02,
    7.7329897881e-01,    2.5732800364e-01,    7.7329897881e-01,    3.8053100586e+01,    7.7329897881e-01,   -2.0953800529e-02,
    7.7439898252e-01,    2.8521600366e-01,    7.7439898252e-01,    3.8484500885e+01,    7.7439898252e-01,   -8.3952900022e-03,
    7.7549797297e-01,    3.0517598987e-01,    7.7549797297e-01,    3.8647201538e+01,    7.7549797297e-01,   -1.5251900069e-02,
    7.7660000324e-01,    2.7870899439e-01,    7.7660000324e-01,    3.8886299133e+01,    7.7660000324e-01,    4.2773201130e-03,
    7.7769798040e-01,    2.5998601317e-01,    7.7769798040e-01,    3.9284999847e+01,    7.7769798040e-01,   -5.8443797752e-03,
    7.7880001068e-01,    2.8201898932e-01,    7.7880001068e-01,    3.9551101685e+01,    7.7880001068e-01,   -8.5731298896e-05,
    7.7989900112e-01,    2.8283900023e-01,    7.7989900112e-01,    3.9593200684e+01,    7.7989900112e-01,    1.1442399584e-02,
    7.8099900484e-01,    2.4279800057e-01,    7.8099900484e-01,    3.9783500671e+01,    7.8099900484e-01,    4.8522502184e-03,
    7.8210002184e-01,    2.2410599887e-01,    7.8210002184e-01,    3.9887798309e+01,    7.8210002184e-01,    1.0402799584e-02,
    7.8320002556e-01,    2.3365700245e-01,    7.8320002556e-01,    3.9721099854e+01,    7.8320002556e-01,    1.8043199554e-02,
    7.8429901600e-01,    2.0967100561e-01,    7.8429901600e-01,    3.9531398773e+01,    7.8429901600e-01,    8.2156397402e-03,
    7.8539800644e-01,    1.7287099361e-01,    7.8539800644e-01,    3.9371498108e+01,    7.8539800644e-01,    1.2872899882e-02,
    7.8649902344e-01,    1.5548400581e-01,    7.8649902344e-01,    3.8927700043e+01,    7.8649902344e-01,    7.1796299890e-03,
    7.8759998083e-01,    1.4235900342e-01,    7.8759998083e-01,    3.8592399597e+01,    7.8759998083e-01,    1.3186600059e-02,
    7.8869998455e-01,    1.7955400050e-01,    7.8869998455e-01,    3.8777900696e+01,    7.8869998455e-01,    1.6655599698e-02,
    7.8979897499e-01,    1.7601700127e-01,    7.8979897499e-01,    3.8890098572e+01,    7.8979897499e-01,    1.1090399697e-02,
    7.9089999199e-01,    1.7940300703e-01,    7.9089999199e-01,    3.8715099335e+01,    7.9089999199e-01,    1.5688400716e-02,
    7.9199898243e-01,    1.9485700130e-01,    7.9199898243e-01,    3.8783199310e+01,    7.9199898243e-01,    4.1840199381e-02,
    7.9309999943e-01,    1.9781300426e-01,    7.9309999943e-01,    3.8897800446e+01,    7.9309999943e-01,    9.9485097453e-03,
    7.9420000315e-01,    2.3071500659e-01,    7.9420000315e-01,    3.8682998657e+01,    7.9420000315e-01,    9.7915204242e-04,
    7.9529798031e-01,    2.4990500510e-01,    7.9529798031e-01,    3.8607601166e+01,    7.9529798031e-01,    4.0475800633e-02,
    7.9639899731e-01,    2.5735199451e-01,    7.9639899731e-01,    3.8846099854e+01,    7.9639899731e-01,    2.5699399412e-03,
    7.9750001431e-01,    2.7812200785e-01,    7.9750001431e-01,    3.8862098694e+01,    7.9750001431e-01,    1.0896000080e-02,
    7.9859799147e-01,    3.0844300985e-01,    7.9859799147e-01,    3.8803699493e+01,    7.9859799147e-01,    2.9921999201e-02,
    7.9970002174e-01,    3.0949598551e-01,    7.9970002174e-01,    3.9035800934e+01,    7.9970002174e-01,   -1.8129000440e-02,
    8.0079901218e-01,    2.9230600595e-01,    8.0079901218e-01,    3.9450000763e+01,    8.0079901218e-01,   -1.2374700047e-02,
    8.0189901590e-01,    3.4530499578e-01,    8.0189901590e-01,    3.9420799255e+01,    8.0189901590e-01,    2.9649499338e-03,
    8.0299997330e-01,    3.3909600973e-01,    8.0299997330e-01,    3.9585201263e+01,    8.0299997330e-01,    1.4007000253e-02,
    8.0409902334e-01,    3.1610101461e-01,    8.0409902334e-01,    3.9682201385e+01,    8.0409902334e-01,   -4.8647001386e-03,
    8.0519998074e-01,    3.0752599239e-01,    8.0519998074e-01,    3.9598300934e+01,    8.0519998074e-01,    2.1035199985e-02,
    8.0629801750e-01,    3.4312298894e-01,    8.0629801750e-01,    3.9481800079e+01,    8.0629801750e-01,    5.6618400849e-03,
    8.0739897490e-01,    3.6386299133e-01,    8.0739897490e-01,    3.9470699310e+01,    8.0739897490e-01,    2.0947700366e-02,
    8.0849897861e-01,    3.8333299756e-01,    8.0849897861e-01,    3.9410198212e+01,    8.0849897861e-01,    2.1753100678e-02,
    8.0959898233e-01,    4.2572900653e-01,    8.0959898233e-01,    3.9203399658e+01,    8.0959898233e-01,    2.3985600565e-03,
    8.1069898605e-01,    4.6112200618e-01,    8.1069898605e-01,    3.9111099243e+01,    8.1069898605e-01,    8.9869499207e-03,
    8.1180000305e-01,    4.4981700182e-01,    8.1180000305e-01,    3.8980499268e+01,    8.1180000305e-01,    2.5810699910e-02,
    8.1289899349e-01,    4.8188999295e-01,    8.1289899349e-01,    3.8638099670e+01,    8.1289899349e-01,    3.9398498833e-02,
    8.1400001049e-01,    5.3611999750e-01,    8.1400001049e-01,    3.8477100372e+01,    8.1400001049e-01,    2.9513400048e-02,
    8.1510001421e-01,    5.1980501413e-01,    8.1510001421e-01,    3.8492599487e+01,    8.1510001421e-01,    7.8111797571e-02,
    8.1619799137e-01,    4.7786799073e-01,    8.1619799137e-01,    3.8147098541e+01,    8.1619799137e-01,    1.6369499266e-02,
    8.1729900837e-01,    5.3409802914e-01,    8.1729900837e-01,    3.8000301361e+01,    8.1729900837e-01,    5.4832700640e-02,
    8.1839901209e-01,    5.7086098194e-01,    8.1839901209e-01,    3.8051601410e+01,    8.1839901209e-01,    4.0662199259e-02,
    8.1949901581e-01,    5.3922402859e-01,    8.1949901581e-01,    3.7776798248e+01,    8.1949901581e-01,    4.8666600138e-02,
    8.2059901953e-01,    5.8385699987e-01,    8.2059901953e-01,    3.7757999420e+01,    8.2059901953e-01,    4.7097399831e-02,
    8.2169800997e-01,    6.1674398184e-01,    8.2169800997e-01,    3.8031200409e+01,    8.2169800997e-01,    4.4196400791e-02,
    8.2279902697e-01,    5.9698802233e-01,    8.2279902697e-01,    3.8335098267e+01,    8.2279902697e-01,    6.4286403358e-02,
    8.2389897108e-01,    6.0010802746e-01,    8.2389897108e-01,    3.8340900421e+01,    8.2389897108e-01,    1.3649799861e-02,
    8.2499998808e-01,    6.6944700480e-01,    8.2499998808e-01,    3.8635700226e+01,    8.2499998808e-01,    3.4357901663e-02,
    8.2609999180e-01,    6.2682098150e-01,    8.2609999180e-01,    3.9161701202e+01,    8.2609999180e-01,    4.0313199162e-02,
    8.2719898224e-01,    6.2321400642e-01,    8.2719898224e-01,    3.9218498230e+01,    8.2719898224e-01,   -8.9374203235e-03,
    8.2829797268e-01,    6.4380401373e-01,    8.2829797268e-01,    3.9323898315e+01,    8.2829797268e-01,    3.7158798426e-02,
    8.2939898968e-01,    6.9984900951e-01,    8.2939898968e-01,    3.9680198669e+01,    8.2939898968e-01,   -3.3473499119e-02,
    8.3049899340e-01,    6.5870797634e-01,    8.3049899340e-01,    3.9764701843e+01,    8.3049899340e-01,    9.5893796533e-03,
    8.3160001040e-01,    6.4463901520e-01,    8.3160001040e-01,    3.9473499298e+01,    8.3160001040e-01,   -1.0945600457e-02,
    8.3269900084e-01,    6.7671799660e-01,    8.3269900084e-01,    3.9691699982e+01,    8.3269900084e-01,   -2.7654899284e-02,
    8.3379900455e-01,    7.0163500309e-01,    8.3379900455e-01,    4.0016201019e+01,    8.3379900455e-01,   -2.4933700915e-03,
    8.3489900827e-01,    6.6841202974e-01,    8.3489900827e-01,    4.0006198883e+01,    8.3489900827e-01,   -5.8533698320e-02,
    8.3599901199e-01,    6.8462902308e-01,    8.3599901199e-01,    4.0180900574e+01,    8.3599901199e-01,   -3.0566899106e-02,
    8.3709901571e-01,    6.9993901253e-01,    8.3709901571e-01,    4.0611999512e+01,    8.3709901571e-01,   -6.0957301408e-02,
    8.3819800615e-01,    6.9626402855e-01,    8.3819800615e-01,    4.0718601227e+01,    8.3819800615e-01,   -2.9918100685e-02,
    8.3929902315e-01,    6.5959501266e-01,    8.3929902315e-01,    4.0789100647e+01,    8.3929902315e-01,   -7.6548501849e-02,
    8.4039902687e-01,    6.9569897652e-01,    8.4039902687e-01,    4.1200000763e+01,    8.4039902687e-01,   -6.1144698411e-02,
    8.4149897099e-01,    6.7511397600e-01,    8.4149897099e-01,    4.1335498810e+01,    8.4149897099e-01,   -4.8766501248e-02,
    8.4259897470e-01,    6.6065102816e-01,    8.4259897470e-01,    4.1300098419e+01,    8.4259897470e-01,   -7.9262398183e-02,
    8.4369897842e-01,    6.4414602518e-01,    8.4369897842e-01,    4.1629100800e+01,    8.4369897842e-01,   -4.9656100571e-02,
    8.4479999542e-01,    7.0166498423e-01,    8.4479999542e-01,    4.1867198944e+01,    8.4479999542e-01,   -8.2166403532e-02,
    8.4589898586e-01,    6.6245102882e-01,    8.4589898586e-01,    4.1640899658e+01,    8.4589898586e-01,   -8.4187597036e-02,
    8.4699898958e-01,    6.7128002644e-01,    8.4699898958e-01,    4.1820701599e+01,    8.4699898958e-01,   -1.2708500028e-01,
    8.4809798002e-01,    6.9478702545e-01,    8.4809798002e-01,    4.2099800110e+01,    8.4809798002e-01,   -9.9852196872e-02,
    8.4920001030e-01,    7.0474702120e-01,    8.4920001030e-01,    4.1988998413e+01,    8.4920001030e-01,   -1.1962600052e-01,
    8.5029900074e-01,    7.0013898611e-01,    8.5029900074e-01,    4.2017601013e+01,    8.5029900074e-01,   -1.0753100365e-01,
    8.5139900446e-01,    6.9741797447e-01,    8.5139900446e-01,    4.2264999390e+01,    8.5139900446e-01,   -1.0973999649e-01,
    8.5249900818e-01,    7.3058801889e-01,    8.5249900818e-01,    4.2244800568e+01,    8.5249900818e-01,   -1.1061199754e-01,
    8.5359901190e-01,    7.2787600756e-01,    8.5359901190e-01,    4.2066898346e+01,    8.5359901190e-01,   -1.0220400244e-01,
    8.5469901562e-01,    7.2782397270e-01,    8.5469901562e-01,    4.2222400665e+01,    8.5469901562e-01,   -7.7832400799e-02,
    8.5579997301e-01,    7.2099697590e-01,    8.5579997301e-01,    4.2198001862e+01,    8.5579997301e-01,   -5.2434798330e-02,
    8.5689902306e-01,    7.2467702627e-01,    8.5689902306e-01,    4.1890399933e+01,    8.5689902306e-01,   -9.3171902001e-02,
    8.5799801350e-01,    6.9296300411e-01,    8.5799801350e-01,    4.2035900116e+01,    8.5799801350e-01,   -5.0456799567e-02,
    8.5909897089e-01,    7.1040999889e-01,    8.5909897089e-01,    4.2398300171e+01,    8.5909897089e-01,   -9.3510799110e-02,
    8.6019998789e-01,    7.2452497482e-01,    8.6019998789e-01,    4.2582401276e+01,    8.6019998789e-01,   -8.5828997195e-02,
    8.6129999161e-01,    7.4048000574e-01,    8.6129999161e-01,    4.2650901794e+01,    8.6129999161e-01,   -7.7127501369e-02,
    8.6239898205e-01,    6.9206798077e-01,    8.6239898205e-01,    4.3013801575e+01,    8.6239898205e-01,   -8.0845803022e-02,
    8.6349999905e-01,    7.0759099722e-01,    8.6349999905e-01,    4.3140598297e+01,    8.6349999905e-01,   -8.2007899880e-02,
    8.6459797621e-01,    7.4125999212e-01,    8.6459797621e-01,    4.3120899200e+01,    8.6459797621e-01,   -6.2025099993e-02,
    8.6569899321e-01,    6.9657200575e-01,    8.6569899321e-01,    4.3508800507e+01,    8.6569899321e-01,   -9.2591896653e-02,
    8.6679899693e-01,    6.4879000187e-01,    8.6679899693e-01,    4.3962299347e+01,    8.6679899693e-01,   -9.0749196708e-02,
    8.6790001392e-01,    6.7382597923e-01,    8.6790001392e-01,    4.3953800201e+01,    8.6790001392e-01,   -7.3415301740e-02,
    8.6899900436e-01,    6.5464299917e-01,    8.6899900436e-01,    4.4006698608e+01,    8.6899900436e-01,   -8.8472798467e-02,
    8.7009799480e-01,    5.7149302959e-01,    8.7009799480e-01,    4.4291900635e+01,    8.7009799480e-01,   -6.6706798971e-02,
    8.7119901180e-01,    5.9875601530e-01,    8.7119901180e-01,    4.3881599426e+01,    8.7119901180e-01,   -6.4151197672e-02,
    8.7229901552e-01,    6.5557599068e-01,    8.7229901552e-01,    4.3065498352e+01,    8.7229901552e-01,   -8.3686396480e-02,
    8.7339901924e-01,    6.4020001888e-01,    8.7339901924e-01,    4.2705699921e+01,    8.7339901924e-01,   -7.9131498933e-02,
    8.7449902296e-01,    6.6017001867e-01,    8.7449902296e-01,    4.2454399109e+01,    8.7449902296e-01,   -6.2322799116e-02,
    8.7559998035e-01,    6.9700801373e-01,    8.7559998035e-01,    4.2135398865e+01,    8.7559998035e-01,   -6.2720902264e-02,
    8.7669801712e-01,    7.1877598763e-01,    8.7669801712e-01,    4.2311599731e+01,    8.7669801712e-01,   -5.0415199250e-02,
    8.7779897451e-01,    7.2415101528e-01,    8.7779897451e-01,    4.2189098358e+01,    8.7779897451e-01,   -6.4382597804e-02,
    8.7889802456e-01,    7.2429800034e-01,    8.7889802456e-01,    4.1310001373e+01,    8.7889802456e-01,   -3.3673100173e-02,
    8.7999898195e-01,    7.3214799166e-01,    8.7999898195e-01,    4.1450298309e+01,    8.7999898195e-01,    1.1291399598e-02,
    8.8109898567e-01,    7.3940098286e-01,    8.8109898567e-01,    4.2001300812e+01,    8.8109898567e-01,   -3.6956701428e-02,
    8.8220000267e-01,    7.2131401300e-01,    8.8220000267e-01,    4.2167301178e+01,    8.8220000267e-01,    3.9144898765e-03,
    8.8329899311e-01,    7.2304302454e-01,    8.8329899311e-01,    4.2373500824e+01,    8.8329899311e-01,   -1.7941299826e-02,
    8.8439899683e-01,    7.2636401653e-01,    8.8439899683e-01,    4.2953300476e+01,    8.8439899683e-01,   -3.2004099339e-02,
    8.8549900055e-01,    7.2962999344e-01,    8.8549900055e-01,    4.3066398621e+01,    8.8549900055e-01,   -2.3894601036e-03,
    8.8659900427e-01,    7.2365200520e-01,    8.8659900427e-01,    4.2895401001e+01,    8.8659900427e-01,    3.5506200045e-02,
    8.8769900799e-01,    7.1474301815e-01,    8.8769900799e-01,    4.3332698822e+01,    8.8769900799e-01,   -4.4844198972e-02,
    8.8879901171e-01,    7.1926701069e-01,    8.8879901171e-01,    4.3638099670e+01,    8.8879901171e-01,   -2.0533299074e-02,
    8.8989901543e-01,    7.1879702806e-01,    8.8989901543e-01,    4.3382099152e+01,    8.8989901543e-01,    3.8974698633e-02,
    8.9099901915e-01,    7.3660999537e-01,    8.9099901915e-01,    4.3490299225e+01,    8.9099901915e-01,   -3.7807598710e-02,
    8.9209902287e-01,    7.2800701857e-01,    8.9209902287e-01,    4.3786399841e+01,    8.9209902287e-01,   -1.6545599326e-02,
    8.9319902658e-01,    7.4431598186e-01,    8.9319902658e-01,    4.3431400299e+01,    8.9319902658e-01,   -2.0513100550e-02,
    8.9429801702e-01,    7.2565901279e-01,    8.9429801702e-01,    4.3300800323e+01,    8.9429801702e-01,   -1.3910099864e-02,
    8.9539897442e-01,    7.1574199200e-01,    8.9539897442e-01,    4.3697498322e+01,    8.9539897442e-01,   -4.4340998866e-03,
    8.9649897814e-01,    7.0559102297e-01,    8.9649897814e-01,    4.3662200928e+01,    8.9649897814e-01,    1.7271200195e-02,
    8.9759898186e-01,    7.2654098272e-01,    8.9759898186e-01,    4.3332199097e+01,    8.9759898186e-01,   -8.9608998969e-03,
    8.9869999886e-01,    7.1054798365e-01,    8.9869999886e-01,    4.3498298645e+01,    8.9869999886e-01,    2.4237800390e-02,
    8.9980000257e-01,    7.3886501789e-01,    8.9980000257e-01,    4.3258399963e+01,    8.9980000257e-01,    4.4142298400e-02,
    9.0089797974e-01,    7.1949297190e-01,    9.0089797974e-01,    4.2629901886e+01,    9.0089797974e-01,    3.5388100892e-02,
    9.0199899673e-01,    7.3150998354e-01,    9.0199899673e-01,    4.2707199097e+01,    9.0199899673e-01,    6.8145602942e-02,
    9.0309900045e-01,    7.0186102390e-01,    9.0309900045e-01,    4.2914501190e+01,    9.0309900045e-01,    3.6798100919e-02,
    9.0419900417e-01,    7.0377302170e-01,    9.0419900417e-01,    4.2505001068e+01,    9.0419900417e-01,    6.8268701434e-02,
    9.0529799461e-01,    7.1790802479e-01,    9.0529799461e-01,    4.2597301483e+01,    9.0529799461e-01,    6.9420702755e-02,
    9.0639901161e-01,    6.6883599758e-01,    9.0639901161e-01,    4.3270000458e+01,    9.0639901161e-01,    3.6852400750e-02,
    9.0750002861e-01,    6.4765501022e-01,    9.0750002861e-01,    4.3327598572e+01,    9.0750002861e-01,    3.7697099149e-02,
    9.0859997272e-01,    6.7152702808e-01,    9.0859997272e-01,    4.3251899719e+01,    9.0859997272e-01,    6.0870800167e-02,
    9.0969800949e-01,    5.9342902899e-01,    9.0969800949e-01,    4.3774200439e+01,    9.0969800949e-01,    5.0767198205e-02,
    9.1079801321e-01,    5.6814497709e-01,    9.1079801321e-01,    4.4131099701e+01,    9.1079801321e-01,    3.6212399602e-02,
    9.1189897060e-01,    5.8083099127e-01,    9.1189897060e-01,    4.3949901581e+01,    9.1189897060e-01,    5.3840700537e-02,
    9.1299998760e-01,    5.5426198244e-01,    9.1299998760e-01,    4.4306999207e+01,    9.1299998760e-01,   -8.9217798086e-04,
    9.1409999132e-01,    5.3302901983e-01,    9.1409999132e-01,    4.4639999390e+01,    9.1409999132e-01,    4.4251699001e-02,
    9.1519898176e-01,    4.9741300941e-01,    9.1519898176e-01,    4.4406700134e+01,    9.1519898176e-01,    3.2744400203e-02,
    9.1629898548e-01,    4.9736699462e-01,    9.1629898548e-01,    4.4570499420e+01,    9.1629898548e-01,    2.0317599177e-02,
    9.1739797592e-01,    4.5158800483e-01,    9.1739797592e-01,    4.5600101471e+01,    9.1739797592e-01,    1.5910699964e-02,
    9.1849899292e-01,    3.9702200890e-01,    9.1849899292e-01,    4.5802799225e+01,    9.1849899292e-01,    3.3225201070e-02,
    9.1960000992e-01,    3.8692700863e-01,    9.1960000992e-01,    4.6087600708e+01,    9.1960000992e-01,    1.5796899796e-02,
    9.2069900036e-01,    3.6615601182e-01,    9.2069900036e-01,    4.7031398773e+01,    9.2069900036e-01,    2.1004900336e-02,
    9.2179900408e-01,    3.0706200004e-01,    9.2179900408e-01,    4.7463298798e+01,    9.2179900408e-01,    1.7409399152e-02,
    9.2289900780e-01,    2.9253399372e-01,    9.2289900780e-01,    4.7360500336e+01,    9.2289900780e-01,   -2.1472501103e-03,
    9.2399901152e-01,    2.9915300012e-01,    9.2399901152e-01,    4.8008399963e+01,    9.2399901152e-01,    3.0178999528e-02,
    9.2509800196e-01,    2.3372499645e-01,    9.2509800196e-01,    4.8580398560e+01,    9.2509800196e-01,    1.2281999923e-02,
    9.2619997263e-01,    1.8928200006e-01,    9.2619997263e-01,    4.8174400330e+01,    9.2619997263e-01,   -1.0837799869e-02,
    9.2729902267e-01,    1.9633600116e-01,    9.2729902267e-01,    4.8287899017e+01,    9.2729902267e-01,    2.3960899562e-02,
    9.2839998007e-01,    1.4050799608e-01,    9.2839998007e-01,    4.8979900360e+01,    9.2839998007e-01,   -1.3267800212e-02,
    9.2949998379e-01,    8.1381596625e-02,    9.2949998379e-01,    4.8615600586e+01,    9.2949998379e-01,   -2.3478899151e-02,
    9.3059897423e-01,    1.3971599750e-02,    9.3059897423e-01,    4.7964900970e+01,    9.3059897423e-01,   -4.5232601464e-02,
    9.3169802427e-01,    2.8584100306e-02,    9.3169802427e-01,    4.8390998840e+01,    9.3169802427e-01,   -6.4052499831e-02,
    9.3279898167e-01,   -1.7030000687e-02,    9.3279898167e-01,    4.8231098175e+01,    9.3279898167e-01,   -7.4107199907e-02,
    9.3389898539e-01,   -8.5769400001e-02,    9.3389898539e-01,    4.7608398438e+01,    9.3389898539e-01,   -3.3373400569e-02,
    9.3499898911e-01,   -8.0990396440e-02,    9.3499898911e-01,    4.8056198120e+01,    9.3499898911e-01,   -7.9878203571e-02,
    9.3610000610e-01,   -8.8270001113e-02,    9.3610000610e-01,    4.8371799469e+01,    9.3610000610e-01,   -6.3558101654e-02,
    9.3719798326e-01,   -1.1855799705e-01,    9.3719798326e-01,    4.7699901581e+01,    9.3719798326e-01,   -6.1545599252e-02,
    9.3829798698e-01,   -1.7269599438e-01,    9.3829798698e-01,    4.7831100464e+01,    9.3829798698e-01,   -5.5259000510e-02,
    9.3939900398e-01,   -7.0215597749e-02,    9.3939900398e-01,    4.8611698151e+01,    9.3939900398e-01,   -5.4978400469e-02,
    9.4050002098e-01,   -4.9133300781e-02,    9.4050002098e-01,    4.8460300446e+01,    9.4050002098e-01,   -7.6482303441e-02,
    9.4159901142e-01,   -1.3377399743e-01,    9.4159901142e-01,    4.8255001068e+01,    9.4159901142e-01,   -6.9738596678e-02,
    9.4269901514e-01,   -1.1755099893e-01,    9.4269901514e-01,    4.9065898895e+01,    9.4269901514e-01,   -7.7206201851e-02,
    9.4379800558e-01,   -4.2983401567e-02,    9.4379800558e-01,    4.9085300446e+01,    9.4379800558e-01,   -6.6724702716e-02,
    9.4489902258e-01,   -1.1198399961e-01,    9.4489902258e-01,    4.8764801025e+01,    9.4489902258e-01,   -7.5294800103e-02,
    9.4599997997e-01,   -1.6810800135e-01,    9.4599997997e-01,    4.9686599731e+01,    9.4599997997e-01,   -5.7102899998e-02,
    9.4709897041e-01,   -1.0332600027e-01,    9.4709897041e-01,    5.0337200165e+01,    9.4709897041e-01,   -3.2620299608e-02,
    9.4819802046e-01,   -1.1617100239e-01,    9.4819802046e-01,    4.9790401459e+01,    9.4819802046e-01,   -5.6008901447e-02,
    9.4929999113e-01,   -2.0116899908e-01,    9.4929999113e-01,    4.9835098267e+01,    9.4929999113e-01,    1.5950599685e-02,
    9.5039898157e-01,   -2.6331201196e-01,    9.5039898157e-01,    5.0565399170e+01,    9.5039898157e-01,   -3.0935900286e-02,
    9.5149898529e-01,   -1.7706200480e-01,    9.5149898529e-01,    4.9931999207e+01,    9.5149898529e-01,   -2.8610400856e-02,
    9.5259898901e-01,   -2.6417800784e-01,    9.5259898901e-01,    4.9767101288e+01,    9.5259898901e-01,    5.8264899999e-02,
    9.5369797945e-01,   -3.3124101162e-01,    9.5369797945e-01,    5.0812301636e+01,    9.5369797945e-01,    1.1255299672e-02,
    9.5480000973e-01,   -2.6170301437e-01,    9.5480000973e-01,    5.0652198792e+01,    9.5480000973e-01,   -1.1912100017e-02,
    9.5589900017e-01,   -2.2480599582e-01,    9.5589900017e-01,    4.9812801361e+01,    9.5589900017e-01,    6.2097098678e-02,
    9.5699799061e-01,   -3.5113999248e-01,    9.5699799061e-01,    5.0413898468e+01,    9.5699799061e-01,    1.5086799860e-02,
    9.5809900761e-01,   -3.2939198613e-01,    9.5809900761e-01,    5.0652400970e+01,    9.5809900761e-01,    7.8428201377e-03,
    9.5919799805e-01,   -2.2343699634e-01,    9.5919799805e-01,    4.9431999207e+01,    9.5919799805e-01,    6.6167399287e-02,
    9.6029800177e-01,   -2.4391399324e-01,    9.6029800177e-01,    4.9487300873e+01,    9.6029800177e-01,    1.8038699403e-02,
    9.6139800549e-01,   -2.8914299607e-01,    9.6139800549e-01,    5.0097400665e+01,    9.6139800549e-01,    2.8349200264e-02,
    9.6249997616e-01,   -1.3803300261e-01,    9.6249997616e-01,    4.8617900848e+01,    9.6249997616e-01,    5.5233500898e-02,
    9.6359997988e-01,   -1.2063100189e-01,    9.6359997988e-01,    4.7728000641e+01,    9.6359997988e-01,    7.4708603323e-02,
    9.6469897032e-01,   -2.7612999082e-01,    9.6469897032e-01,    4.8826198578e+01,    9.6469897032e-01,    6.6288099624e-03,
    9.6579998732e-01,   -2.1451300383e-01,    9.6579998732e-01,    4.8448200226e+01,    9.6579998732e-01,    6.5771602094e-02,
    9.6689897776e-01,   -9.7299799323e-02,    9.6689897776e-01,    4.7434898376e+01,    9.6689897776e-01,    5.0119701773e-02,
    9.6799802780e-01,   -1.5002900362e-01,    9.6799802780e-01,    4.8330699921e+01,    9.6799802780e-01,    2.2768000141e-02,
    9.6909999847e-01,   -1.2053599954e-01,    9.6909999847e-01,    4.8487400055e+01,    9.6909999847e-01,    1.5886699781e-02,
    9.7019898891e-01,   -5.8756298386e-03,    9.7019898891e-01,    4.6895599365e+01,    9.7019898891e-01,    8.6866900325e-02,
    9.7129899263e-01,    5.7017799467e-02,    9.7129899263e-01,    4.7554599762e+01,    9.7129899263e-01,    6.2151301652e-02,
    9.7239899635e-01,   -4.6178299934e-02,    9.7239899635e-01,    4.8837699890e+01,    9.7239899635e-01,    1.3586100191e-02,
    9.7350001335e-01,    8.8512696326e-02,    9.7350001335e-01,    4.7646701813e+01,    9.7350001335e-01,    8.8464498520e-02,
    9.7459900379e-01,    2.2106599808e-01,    9.7459900379e-01,    4.7437999725e+01,    9.7459900379e-01,    3.5752400756e-02,
    9.7569900751e-01,    9.4854697585e-02,    9.7569900751e-01,    4.9123199463e+01,    9.7569900751e-01,    6.2611803412e-02,
    9.7679901123e-01,    1.5870900452e-01,    9.7679901123e-01,    4.8480098724e+01,    9.7679901123e-01,    7.6381698251e-02,
    9.7789901495e-01,    3.2895600796e-01,    9.7789901495e-01,    4.7407299042e+01,    9.7789901495e-01,    7.4587896466e-02,
    9.7899901867e-01,    2.5461700559e-01,    9.7899901867e-01,    4.9012298584e+01,    9.7899901867e-01,    2.1393500268e-02,
    9.8009902239e-01,    2.5686600804e-01,    9.8009902239e-01,    4.9362899780e+01,    9.8009902239e-01,    5.3353298455e-02,
    9.8119997978e-01,    3.8121500611e-01,    9.8119997978e-01,    4.7462100983e+01,    9.8119997978e-01,    6.6359400749e-02,
    9.8229998350e-01,    3.9689901471e-01,    9.8229998350e-01,    4.8513000488e+01,    9.8229998350e-01,    4.0749900043e-02,
    9.8339897394e-01,    3.8718000054e-01,    9.8339897394e-01,    4.9798099518e+01,    9.8339897394e-01,    2.8824100271e-02,
    9.8449897766e-01,    4.5655399561e-01,    9.8449897766e-01,    4.7894500732e+01,    9.8449897766e-01,    4.3238699436e-02,
    9.8559898138e-01,    5.7816898823e-01,    9.8559898138e-01,    4.7756801605e+01,    9.8559898138e-01,    3.2293099910e-02,
    9.8669898510e-01,    5.7436102629e-01,    9.8669898510e-01,    4.9443801880e+01,    9.8669898510e-01,    2.6362000033e-02,
    9.8780000210e-01,    5.5679702759e-01,    9.8780000210e-01,    4.8236000061e+01,    9.8780000210e-01,    1.2056999840e-02,
    9.8889899254e-01,    6.9436901808e-01,    9.8889899254e-01,    4.6802799225e+01,    9.8889899254e-01,    3.1440000981e-02,
    9.8999899626e-01,    7.7036899328e-01,    9.8999899626e-01,    4.8456100464e+01,    9.8999899626e-01,    3.2684799284e-02,
    9.9110001326e-01,    7.1341800690e-01,    9.9110001326e-01,    4.8289699554e+01,    9.9110001326e-01,    1.5868600458e-02,
    9.9219799042e-01,    7.7618098259e-01,    9.9219799042e-01,    4.5813899994e+01,    9.9219799042e-01,    2.1084200591e-02,
    9.9330002069e-01,    8.8985002041e-01,    9.9330002069e-01,    4.6832698822e+01,    9.9330002069e-01,    3.9466198534e-02,
    9.9439901114e-01,    7.6852202415e-01,    9.9439901114e-01,    4.8315299988e+01,    9.9439901114e-01,    3.9920997806e-03,
    9.9550002813e-01,    6.7831301689e-01,    9.9550002813e-01,    4.6142101288e+01,    9.9550002813e-01,    6.4350500703e-02,
    9.9659901857e-01,    8.5774302483e-01,    9.9659901857e-01,    4.6273200989e+01,    9.9659901857e-01,    4.5940499753e-02,
    9.9769902229e-01,    8.4988498688e-01,    9.9769902229e-01,    4.8677101135e+01,    9.9769902229e-01,   -7.1205601096e-02,
    9.9879801273e-01,    7.4478501081e-01,    9.9879801273e-01,    4.7753101349e+01,    9.9879801273e-01,    6.3000001013e-02,
    9.9989902973e-01,    8.2202798128e-01,    9.9989902973e-01,    4.6888801575e+01,    9.9989902973e-01,    2.7667200193e-02,
    1.0010000467e+00,    9.5816498995e-01,    1.0010000467e+00,    4.8595600128e+01,    1.0010000467e+00,   -6.6503003240e-02,
    1.0020999908e+00,    7.8011602163e-01,    1.0020999908e+00,    4.9161998749e+01,    1.0020999908e+00,   -3.6854099482e-02,
    1.0032000542e+00,    7.4300897121e-01,    1.0032000542e+00,    4.6684501648e+01,    1.0032000542e+00,   -6.9034099579e-02,
    1.0042999983e+00,    9.0172201395e-01,    1.0042999983e+00,    4.8297000885e+01,    1.0042999983e+00,   -7.2113700211e-02,
    1.0053999424e+00,    9.4950401783e-01,    1.0053999424e+00,    5.0385398865e+01,    1.0053999424e+00,   -4.4572301209e-02,
    1.0065000057e+00,    7.8337001801e-01,    1.0065000057e+00,    4.7771499634e+01,    1.0065000057e+00,   -6.9831900299e-02,
    1.0075999498e+00,    9.0082097054e-01,    1.0075999498e+00,    4.7992599487e+01,    1.0075999498e+00,   -1.1824999750e-01,
    1.0087000132e+00,    1.0593800545e+00,    1.0087000132e+00,    5.0511798859e+01,    1.0087000132e+00,   -9.7699500620e-02,
    1.0097999573e+00,    8.2912397385e-01,    1.0097999573e+00,    4.9558300018e+01,    1.0097999573e+00,   -1.1724700034e-01,
    1.0109000206e+00,    8.2625001669e-01,    1.0109000206e+00,    4.7637298584e+01,    1.0109000206e+00,   -8.4772899747e-02,
    1.0119999647e+00,    1.0213899612e+00,    1.0119999647e+00,    4.9768199921e+01,    1.0119999647e+00,   -1.3579000533e-01,
    1.0131000280e+00,    9.1997098923e-01,    1.0131000280e+00,    5.0998001099e+01,    1.0131000280e+00,   -1.3198499382e-01,
    1.0141999722e+00,    6.7676901817e-01,    1.0141999722e+00,    4.7613098145e+01,    1.0141999722e+00,   -1.0278999805e-01,
    1.0153000355e+00,    8.8356697559e-01,    1.0153000355e+00,    4.8863399506e+01,    1.0153000355e+00,   -3.1327001750e-02,
    1.0163999796e+00,    9.8033100367e-01,    1.0163999796e+00,    5.1507301331e+01,    1.0163999796e+00,   -1.2676200271e-01,
    1.0175000429e+00,    7.0822799206e-01,    1.0175000429e+00,    4.8890598297e+01,    1.0175000429e+00,   -6.8102002144e-02,
    1.0185999870e+00,    6.8205302954e-01,    1.0185999870e+00,    4.8294200897e+01,    1.0185999870e+00,    5.8957599103e-03,
    1.0197000504e+00,    9.5764201880e-01,    1.0197000504e+00,    5.1000701904e+01,    1.0197000504e+00,   -1.0756699741e-01,
    1.0207999945e+00,    8.5892897844e-01,    1.0207999945e+00,    5.0832599640e+01,    1.0207999945e+00,   -5.7885300368e-02,
    1.0219000578e+00,    5.7683902979e-01,    1.0219000578e+00,    4.7731899261e+01,    1.0219000578e+00,    3.8334600627e-02,
    1.0230000019e+00,    8.1205397844e-01,    1.0230000019e+00,    4.9654399872e+01,    1.0230000019e+00,   -7.7798701823e-02,
    1.0240999460e+00,    9.8982602358e-01,    1.0240999460e+00,    5.1917301178e+01,    1.0240999460e+00,   -6.4021401107e-02,
    1.0252000093e+00,    6.1957901716e-01,    1.0252000093e+00,    4.7881301880e+01,    1.0252000093e+00,    1.2202899903e-02,
    1.0262999535e+00,    6.2354099751e-01,    1.0262999535e+00,    4.8195301056e+01,    1.0262999535e+00,   -6.1005301774e-02,
    1.0274000168e+00,    9.4660001993e-01,    1.0274000168e+00,    5.0951801300e+01,    1.0274000168e+00,   -1.3959799707e-01,
    1.0284999609e+00,    8.3512002230e-01,    1.0284999609e+00,    4.8397701263e+01,    1.0284999609e+00,   -1.2317400426e-02,
    1.0296000242e+00,    4.6688601375e-01,    1.0296000242e+00,    4.6154300690e+01,    1.0296000242e+00,   -7.9470701516e-02,
    1.0306999683e+00,    8.1233602762e-01,    1.0306999683e+00,    4.8373401642e+01,    1.0306999683e+00,   -1.8956300616e-01,
    1.0318000317e+00,    1.0377800465e+00,    1.0318000317e+00,    4.9999500275e+01,    1.0318000317e+00,   -5.4266601801e-02,
    1.0328999758e+00,    5.0390702486e-01,    1.0328999758e+00,    4.5402198792e+01,    1.0328999758e+00,   -5.7515598834e-02,
    1.0340000391e+00,    5.8120697737e-01,    1.0340000391e+00,    4.7069599152e+01,    1.0340000391e+00,   -1.4884699881e-01,
    1.0350999832e+00,    1.0970000029e+00,    1.0350999832e+00,    5.0327098846e+01,    1.0350999832e+00,   -8.2295402884e-02,
    1.0362000465e+00,    7.6233702898e-01,    1.0362000465e+00,    4.6518798828e+01,    1.0362000465e+00,   -9.7979202867e-02,
    1.0372999907e+00,    3.7929999828e-01,    1.0372999907e+00,    4.6149600983e+01,    1.0372999907e+00,   -6.8211100996e-02,
    1.0384000540e+00,    9.2086702585e-01,    1.0384000540e+00,    4.9147701263e+01,    1.0384000540e+00,   -1.0954900086e-01,
    1.0394999981e+00,    1.0525799990e+00,    1.0394999981e+00,    4.8847198486e+01,    1.0394999981e+00,   -9.3617200851e-02,
    1.0405999422e+00,    4.0874999762e-01,    1.0405999422e+00,    4.5238998413e+01,    1.0405999422e+00,   -6.3165202737e-02,
    1.0417000055e+00,    6.3497000933e-01,    1.0417000055e+00,    4.7435199738e+01,    1.0417000055e+00,   -5.1625799388e-02,
    1.0427999496e+00,    1.1988199949e+00,    1.0427999496e+00,    5.0182498932e+01,    1.0427999496e+00,   -6.8919502199e-02,
    1.0439000130e+00,    6.5397500992e-01,    1.0439000130e+00,    4.4897300720e+01,    1.0439000130e+00,   -5.9346601367e-02,
    1.0449999571e+00,    3.4131699800e-01,    1.0449999571e+00,    4.5716300964e+01,    1.0449999571e+00,    2.2449299693e-02,
    1.0461000204e+00,    1.0819100142e+00,    1.0461000204e+00,    4.9273799896e+01,    1.0461000204e+00,   -1.0091599822e-01,
    1.0471999645e+00,    1.0872999430e+00,    1.0471999645e+00,    4.6723899841e+01,    1.0471999645e+00,   -6.7956902087e-02,
    1.0483000278e+00,    2.2109900415e-01,    1.0483000278e+00,    4.4727199554e+01,    1.0483000278e+00,    8.6020298302e-02,
    1.0493999720e+00,    7.2720998526e-01,    1.0493999720e+00,    4.7488300323e+01,    1.0493999720e+00,   -1.2243100256e-01,
    1.0505000353e+00,    1.2991800308e+00,    1.0505000353e+00,    4.9427299500e+01,    1.0505000353e+00,   -2.6022700593e-02,
    1.0515999794e+00,    4.3906599283e-01,    1.0515999794e+00,    4.4497798920e+01,    1.0515999794e+00,    2.6517599821e-02,
    1.0527000427e+00,    2.3478099704e-01,    1.0527000427e+00,    4.6499000549e+01,    1.0527000427e+00,   -5.7936299592e-02,
    1.0537999868e+00,    1.2017199993e+00,    1.0537999868e+00,    5.0521198273e+01,    1.0537999868e+00,   -4.5849699527e-02,
    1.0549000502e+00,    9.2498099804e-01,    1.0549000502e+00,    4.6153099060e+01,    1.0549000502e+00,   -9.5615899190e-03,
    1.0559999943e+00,   -7.8056603670e-02,    1.0559999943e+00,    4.6397998810e+01,    1.0559999943e+00,    3.2703600824e-02,
    1.0571000576e+00,    7.4708199501e-01,    1.0571000576e+00,    4.9920600891e+01,    1.0571000576e+00,   -1.1725100130e-01,
    1.0582000017e+00,    1.3519599438e+00,    1.0582000017e+00,    4.9768299103e+01,    1.0582000017e+00,    3.8346201181e-02,
    1.0592999458e+00,    3.5636100918e-02,    1.0592999458e+00,    4.5908298492e+01,    1.0592999458e+00,    8.8603496552e-02,
    1.0604000092e+00,    4.3536499143e-02,    1.0604000092e+00,    4.8313301086e+01,    1.0604000092e+00,   -1.3772100210e-01,
    1.0614999533e+00,    1.3068499565e+00,    1.0614999533e+00,    5.1647800446e+01,    1.0614999533e+00,    8.1781603396e-02,
    1.0626000166e+00,    6.8289297819e-01,    1.0626000166e+00,    4.5093200684e+01,    1.0626000166e+00,   -1.2903500348e-02,
    1.0636999607e+00,   -4.5392400026e-01,    1.0636999607e+00,    4.6013999939e+01,    1.0636999607e+00,    2.1415099502e-02,
    1.0648000240e+00,    8.9080899954e-01,    1.0648000240e+00,    4.9782199860e+01,    1.0648000240e+00,    1.0686299764e-02,
    1.0658999681e+00,    1.5467799902e+00,    1.0658999681e+00,    4.6121700287e+01,    1.0658999681e+00,   -1.0113400407e-02,
    1.0670000315e+00,   -4.9369800836e-02,    1.0670000315e+00,    4.2635601044e+01,    1.0670000315e+00,    2.2143699229e-02,
    1.0680999756e+00,    2.4698700011e-01,    1.0680999756e+00,    4.5306198120e+01,    1.0680999756e+00,   -1.6579000279e-02,
    1.0692000389e+00,    1.9879300594e+00,    1.0692000389e+00,    4.7135501862e+01,    1.0692000389e+00,    1.0421900079e-02,
    1.0702999830e+00,    9.4387799501e-01,    1.0702999830e+00,    4.0797401428e+01,    1.0702999830e+00,    2.3350199685e-02,
    1.0714000463e+00,   -4.2466500401e-01,    1.0714000463e+00,    4.2726501465e+01,    1.0714000463e+00,    6.2892697752e-03,
    1.0724999905e+00,    1.5347299576e+00,    1.0724999905e+00,    4.7849300385e+01,    1.0724999905e+00,   -5.2988998592e-02,
    1.0736000538e+00,    1.8879300356e+00,    1.0736000538e+00,    4.3579299927e+01,    1.0736000538e+00,   -5.1414299756e-02,
    1.0746999979e+00,   -2.9243001342e-01,    1.0746999979e+00,    4.2977401733e+01,    1.0746999979e+00,    1.5033599734e-01,
    1.0757999420e+00,    4.5978900790e-01,    1.0757999420e+00,    4.7867099762e+01,    1.0757999420e+00,   -2.1266299486e-01,
    1.0769000053e+00,    2.3052599430e+00,    1.0769000053e+00,    4.7927501678e+01,    1.0769000053e+00,   -3.5957001150e-02,
    1.0779999495e+00,    6.2119001150e-01,    1.0779999495e+00,    4.2917499542e+01,    1.0779999495e+00,    5.0173599273e-02,
    1.0791000128e+00,   -3.7725698948e-01,    1.0791000128e+00,    4.5786201477e+01,    1.0791000128e+00,   -7.8642196953e-02,
    1.0801999569e+00,    1.8401499987e+00,    1.0801999569e+00,    5.0105300903e+01,    1.0801999569e+00,   -6.5641097724e-02,
    1.0813000202e+00,    1.7215100527e+00,    1.0813000202e+00,    4.4458000183e+01,    1.0813000202e+00,   -7.2582699358e-03,
    1.0823999643e+00,   -4.3275201321e-01,    1.0823999643e+00,    4.4482799530e+01,    1.0823999643e+00,    1.3342300057e-01,
    1.0835000277e+00,    6.1778402328e-01,    1.0835000277e+00,    4.9724399567e+01,    1.0835000277e+00,   -1.6571399570e-01,
    1.0845999718e+00,    2.5401899815e+00,    1.0845999718e+00,    4.7963901520e+01,    1.0845999718e+00,   -1.2550800107e-02,
    1.0857000351e+00,    3.7187001109e-01,    1.0857000351e+00,    4.3712799072e+01,    1.0857000351e+00,    2.6178300381e-02,
    1.0867999792e+00,   -2.2091199458e-01,    1.0867999792e+00,    4.7332599640e+01,    1.0867999792e+00,   -1.1314900219e-01,
    1.0879000425e+00,    2.1334099770e+00,    1.0879000425e+00,    5.0824401855e+01,    1.0879000425e+00,   -5.5661700666e-02,
    1.0889999866e+00,    1.4595799446e+00,    1.0889999866e+00,    4.4603099823e+01,    1.0889999866e+00,   -7.1898497641e-02,
    1.0901000500e+00,   -6.3302701712e-01,    1.0901000500e+00,    4.5824901581e+01,    1.0901000500e+00,   -1.5410000458e-02,
    1.0911999941e+00,    1.0614999533e+00,    1.0911999941e+00,    5.1237201691e+01,    1.0911999941e+00,   -2.1636399627e-01,
    1.0923000574e+00,    2.6038799286e+00,    1.0923000574e+00,    4.7806900024e+01,    1.0923000574e+00,   -1.7796700820e-02,
    1.0934000015e+00,    1.2241499871e-01,    1.0934000015e+00,    4.4255798340e+01,    1.0934000015e+00,   -6.2238802202e-03,
    1.0944999456e+00,    2.2784899920e-02,    1.0944999456e+00,    4.8572299957e+01,    1.0944999456e+00,   -2.0252500474e-01,
    1.0956000090e+00,    2.3514499664e+00,    1.0956000090e+00,    5.0888198853e+01,    1.0956000090e+00,   -6.8023197353e-02,
    1.0966999531e+00,    1.2919499874e+00,    1.0966999531e+00,    4.4580101013e+01,    1.0966999531e+00,   -3.1216200441e-02,
    1.0978000164e+00,   -5.1971602440e-01,    1.0978000164e+00,    4.6422798157e+01,    1.0978000164e+00,   -1.0847000405e-02,
    1.0988999605e+00,    1.5477499962e+00,    1.0988999605e+00,    5.1662700653e+01,    1.0988999605e+00,   -2.4220900238e-01,
    1.1000000238e+00,    2.4904201031e+00,    1.1000000238e+00,    4.6931098938e+01,    1.1000000238e+00,   -5.0725499168e-03,
    1.1010999680e+00,    1.1398199946e-01,    1.1010999680e+00,    4.3699199677e+01,    1.1010999680e+00,    3.2754801214e-02,
    1.1022000313e+00,    2.0300999284e-01,    1.1022000313e+00,    4.8489700317e+01,    1.1022000313e+00,   -8.0063998699e-02,
    1.1032999754e+00,    2.4185700417e+00,    1.1032999754e+00,    4.9702098846e+01,    1.1032999754e+00,   -8.2807399333e-02,
    1.1044000387e+00,    8.3190798759e-01,    1.1044000387e+00,    4.3640399933e+01,    1.1044000387e+00,   -2.9672300443e-02,
    1.1054999828e+00,   -4.8822700977e-01,    1.1054999828e+00,    4.6094398499e+01,    1.1054999828e+00,    3.6504101008e-02,
    1.1066000462e+00,    1.6765700579e+00,    1.1066000462e+00,    5.1201900482e+01,    1.1066000462e+00,   -1.7092700303e-01,
    1.1076999903e+00,    1.9777100086e+00,    1.1076999903e+00,    4.5979000092e+01,    1.1076999903e+00,   -2.5318199769e-02,
    1.1088000536e+00,   -1.0770799965e-01,    1.1088000536e+00,    4.4542499542e+01,    1.1088000536e+00,    1.2630599737e-01,
    1.1098999977e+00,    5.8517801762e-01,    1.1098999977e+00,    5.0245998383e+01,    1.1098999977e+00,   -1.7794699967e-01,
    1.1109999418e+00,    2.3805899620e+00,    1.1109999418e+00,    4.9929698944e+01,    1.1109999418e+00,   -5.8814499527e-02,
    1.1121000051e+00,    5.9832799435e-01,    1.1121000051e+00,    4.4300300598e+01,    1.1121000051e+00,    2.0661199465e-02,
    1.1131999493e+00,   -1.3442100585e-01,    1.1131999493e+00,    4.7597698212e+01,    1.1131999493e+00,   -1.2862700038e-02,
    1.1143000126e+00,    1.9341299534e+00,    1.1143000126e+00,    5.1944400787e+01,    1.1143000126e+00,   -2.0013199747e-01,
    1.1153999567e+00,    1.6814500093e+00,    1.1153999567e+00,    4.5841201782e+01,    1.1153999567e+00,   -5.2698601037e-02,
    1.1165000200e+00,   -2.0076499879e-01,    1.1165000200e+00,    4.5556301117e+01,    1.1165000200e+00,    1.1498399824e-01,
    1.1175999641e+00,    9.3343299627e-01,    1.1175999641e+00,    5.1346698761e+01,    1.1175999641e+00,   -2.1981999278e-01,
    1.1187000275e+00,    2.5329599380e+00,    1.1187000275e+00,    4.9618000031e+01,    1.1187000275e+00,   -8.3487302065e-02,
    1.1197999716e+00,    4.4493201375e-01,    1.1197999716e+00,    4.4104900360e+01,    1.1197999716e+00,   -5.8044899255e-02,
    1.1209000349e+00,    6.9126099348e-02,    1.1209000349e+00,    4.8142200470e+01,    1.1209000349e+00,   -7.8749001026e-02,
    1.1219999790e+00,    2.1178600788e+00,    1.1219999790e+00,    5.1766399384e+01,    1.1219999790e+00,   -1.7280000448e-01,
    1.1231000423e+00,    1.3747199774e+00,    1.1231000423e+00,    4.4874900818e+01,    1.1231000423e+00,   -1.4093500376e-01,
    1.1241999865e+00,   -3.4647598863e-01,    1.1241999865e+00,    4.5542900085e+01,    1.1241999865e+00,    3.2101899385e-02,
    1.1253000498e+00,    1.2284599543e+00,    1.1253000498e+00,    5.1372898102e+01,    1.1253000498e+00,   -2.8644499183e-01,
    1.1263999939e+00,    2.4205200672e+00,    1.1263999939e+00,    4.8487499237e+01,    1.1263999939e+00,   -8.2710802555e-02,
    1.1275000572e+00,    3.2234200835e-01,    1.1275000572e+00,    4.4204799652e+01,    1.1275000572e+00,   -3.8593698293e-02,
    1.1286000013e+00,    2.8080001473e-01,    1.1286000013e+00,    4.8883098602e+01,    1.1286000013e+00,   -1.2750199437e-01,
    1.1296999454e+00,    2.2973799706e+00,    1.1296999454e+00,    5.1841800690e+01,    1.1296999454e+00,   -1.3959300518e-01,
    1.1308000088e+00,    1.1554600000e+00,    1.1308000088e+00,    4.5438701630e+01,    1.1308000088e+00,   -1.1645600200e-01,
    1.1318999529e+00,   -3.9685600996e-01,    1.1318999529e+00,    4.7274898529e+01,    1.1318999529e+00,    4.6026200056e-02,
    1.1330000162e+00,    1.4077299833e+00,    1.1330000162e+00,    5.3221401215e+01,    1.1330000162e+00,   -2.9066899419e-01,
    1.1340999603e+00,    2.3903999329e+00,    1.1340999603e+00,    4.8855400085e+01,    1.1340999603e+00,   -1.1582399748e-04,
    1.1352000237e+00,    8.8466197252e-02,    1.1352000237e+00,    4.5640800476e+01,    1.1352000237e+00,   -1.7956500873e-02,
    1.1362999678e+00,    2.6177299023e-01,    1.1362999678e+00,    5.0935001373e+01,    1.1362999678e+00,   -1.1363500357e-01,
    1.1374000311e+00,    2.3141601086e+00,    1.1374000311e+00,    5.2757301331e+01,    1.1374000311e+00,   -5.8860398829e-02,
    1.1384999752e+00,    9.2100501060e-01,    1.1384999752e+00,    4.5816200256e+01,    1.1384999752e+00,   -1.0928300023e-01,
    1.1396000385e+00,   -6.2966501713e-01,    1.1396000385e+00,    4.8179500580e+01,    1.1396000385e+00,    6.3134998083e-02,
    1.1406999826e+00,    1.5620800257e+00,    1.1406999826e+00,    5.3817901611e+01,    1.1406999826e+00,   -1.3728000224e-01,
    1.1418000460e+00,    2.0611300468e+00,    1.1418000460e+00,    4.8560600281e+01,    1.1418000460e+00,    2.0240699872e-02,
    1.1428999901e+00,   -1.9309699535e-01,    1.1428999901e+00,    4.6366298676e+01,    1.1428999901e+00,    1.8560500816e-02,
    1.1440000534e+00,    2.7534899116e-01,    1.1440000534e+00,    5.2252300262e+01,    1.1440000534e+00,   -2.3766500875e-02,
    1.1450999975e+00,    2.3455200195e+00,    1.1450999975e+00,    5.3045299530e+01,    1.1450999975e+00,    7.2695598006e-02,
    1.1461999416e+00,    6.1620700359e-01,    1.1461999416e+00,    4.7289100647e+01,    1.1461999416e+00,   -9.1429702938e-02,
    1.1473000050e+00,   -5.8900099993e-01,    1.1473000050e+00,    5.0778301239e+01,    1.1473000050e+00,    1.0126499832e-01,
    1.1483999491e+00,    1.6765400171e+00,    1.1483999491e+00,    5.6143798828e+01,    1.1483999491e+00,   -1.4385899901e-01,
    1.1495000124e+00,    1.7099699974e+00,    1.1495000124e+00,    5.0301200867e+01,    1.1495000124e+00,    1.2350000441e-02,
    1.1505999565e+00,   -5.9489101171e-01,    1.1505999565e+00,    4.9370399475e+01,    1.1505999565e+00,    3.4913398325e-02,
    1.1517000198e+00,    2.4698500335e-01,    1.1517000198e+00,    5.5727401733e+01,    1.1517000198e+00,   -1.7016799748e-01,
    1.1527999640e+00,    2.1193900108e+00,    1.1527999640e+00,    5.4421001434e+01,    1.1527999640e+00,   -4.1531901807e-02,
    1.1539000273e+00,    1.2263800204e-01,    1.1539000273e+00,    4.8547000885e+01,    1.1539000273e+00,   -3.6414299160e-02,
    1.1549999714e+00,   -7.5538301468e-01,    1.1549999714e+00,    5.2314098358e+01,    1.1549999714e+00,    4.6279501170e-02,
    1.1561000347e+00,    1.6264100075e+00,    1.1561000347e+00,    5.6806701660e+01,    1.1561000347e+00,   -1.7757600546e-01,
    1.1571999788e+00,    1.0531300306e+00,    1.1571999788e+00,    5.0243099213e+01,    1.1571999788e+00,   -1.2361299992e-01,
    1.1583000422e+00,   -8.9305597544e-01,    1.1583000422e+00,    5.0402198792e+01,    1.1583000422e+00,    7.4683502316e-02,
    1.1593999863e+00,    2.8141099215e-01,    1.1593999863e+00,    5.7131301880e+01,    1.1593999863e+00,   -8.0599501729e-02,
    1.1605000496e+00,    1.9483100176e+00,    1.1605000496e+00,    5.4480598450e+01,    1.1605000496e+00,    6.7810103297e-02,
    1.1615999937e+00,   -2.5184199214e-01,    1.1615999937e+00,    4.9354099274e+01,    1.1615999937e+00,   -6.9808103144e-02,
    1.1627000570e+00,   -5.7676702738e-01,    1.1627000570e+00,    5.3897499084e+01,    1.1627000570e+00,    1.1715299636e-01,
    1.1638000011e+00,    1.5585500002e+00,    1.1638000011e+00,    5.7293899536e+01,    1.1638000011e+00,    3.8343399763e-02,
    1.1648999453e+00,    7.4708700180e-01,    1.1648999453e+00,    4.9459999084e+01,    1.1648999453e+00,   -6.1698298901e-02,
    1.1660000086e+00,   -1.0486400127e+00,    1.1660000086e+00,    5.0326499939e+01,    1.1660000086e+00,    1.0412900150e-01,
    1.1670999527e+00,    5.9161299467e-01,    1.1670999527e+00,    5.6744998932e+01,    1.1670999527e+00,   -1.1791600287e-01,
    1.1682000160e+00,    1.6934200525e+00,    1.1682000160e+00,    5.2356601715e+01,    1.1682000160e+00,    1.4956900477e-01,
    1.1692999601e+00,   -5.1276701689e-01,    1.1692999601e+00,    4.7499000549e+01,    1.1692999601e+00,    1.9456500188e-02,
    1.1704000235e+00,   -5.8916199207e-01,    1.1704000235e+00,    5.2304401398e+01,    1.1704000235e+00,    6.7412701901e-04,
    1.1714999676e+00,    1.3505300283e+00,    1.1714999676e+00,    5.4717498779e+01,    1.1714999676e+00,    5.2044201642e-02,
    1.1726000309e+00,    3.3518601209e-02,    1.1726000309e+00,    4.7638599396e+01,    1.1726000309e+00,   -2.6223799214e-02,
    1.1736999750e+00,   -1.1790499687e+00,    1.1736999750e+00,    4.9737499237e+01,    1.1736999750e+00,    1.1354299635e-01,
    1.1748000383e+00,    5.1164698601e-01,    1.1748000383e+00,    5.6276199341e+01,    1.1748000383e+00,   -1.3940200210e-01,
    1.1758999825e+00,    1.1211299896e+00,    1.1758999825e+00,    5.1227699280e+01,    1.1758999825e+00,    1.4545300603e-01,
    1.1770000458e+00,   -8.7123000622e-01,    1.1770000458e+00,    4.8728900909e+01,    1.1770000458e+00,    4.4366899878e-02,
    1.1780999899e+00,   -5.5298399925e-01,    1.1780999899e+00,    5.4841800690e+01,    1.1780999899e+00,   -2.9675200582e-02,
    1.1792000532e+00,    1.0697900057e+00,    1.1792000532e+00,    5.6004398346e+01,    1.1792000532e+00,    1.0366299748e-01,
    1.1802999973e+00,   -3.9141801000e-01,    1.1802999973e+00,    4.9590801239e+01,    1.1802999973e+00,   -2.8701199219e-02,
    1.1813999414e+00,   -1.1063300371e+00,    1.1813999414e+00,    5.2692600250e+01,    1.1813999414e+00,    2.0965400338e-01,
    1.1825000048e+00,    4.4435301423e-01,    1.1825000048e+00,    5.8563800812e+01,    1.1825000048e+00,   -5.8758899570e-02,
    1.1835999489e+00,    5.0730299950e-01,    1.1835999489e+00,    5.2881999969e+01,    1.1835999489e+00,    1.0491299629e-01,
    1.1847000122e+00,   -1.1921900511e+00,    1.1847000122e+00,    5.1756099701e+01,    1.1847000122e+00,    9.7592502832e-02,
    1.1857999563e+00,   -5.5910497904e-01,    1.1857999563e+00,    5.8237499237e+01,    1.1857999563e+00,   -1.8311599270e-02,
    1.1869000196e+00,    6.8366497755e-01,    1.1869000196e+00,    5.8138698578e+01,    1.1869000196e+00,    1.2963500619e-01,
    1.1879999638e+00,   -8.0036002398e-01,    1.1879999638e+00,    5.2099601746e+01,    1.1879999638e+00,   -2.8086399660e-02,
    1.1891000271e+00,   -1.0799000263e+00,    1.1891000271e+00,    5.6059299469e+01,    1.1891000271e+00,    1.6201199591e-01,
    1.1901999712e+00,    2.0987300575e-01,    1.1901999712e+00,    6.1073799133e+01,    1.1901999712e+00,   -7.0623201318e-03,
    1.1913000345e+00,   -2.0563599467e-01,    1.1913000345e+00,    5.4564098358e+01,    1.1913000345e+00,    2.4499300867e-02,
    1.1923999786e+00,   -1.2451800108e+00,    1.1923999786e+00,    5.4565498352e+01,    1.1923999786e+00,    1.5849199891e-01,
    1.1935000420e+00,   -5.3439801931e-01,    1.1935000420e+00,    6.1381099701e+01,    1.1935000420e+00,   -8.0181397498e-02,
    1.1945999861e+00,    2.5305500627e-01,    1.1945999861e+00,    5.9166698456e+01,    1.1945999861e+00,    1.5672700107e-01,
    1.1957000494e+00,   -1.1493400335e+00,    1.1957000494e+00,    5.4073200226e+01,    1.1957000494e+00,    1.6490299255e-02,
    1.1967999935e+00,   -9.6077799797e-01,    1.1967999935e+00,    5.8760398865e+01,    1.1967999935e+00,    7.0961497724e-02,
    1.1979000568e+00,   -1.7940899357e-02,    1.1979000568e+00,    6.2485900879e+01,    1.1979000568e+00,    2.3508999497e-02,
    1.1990000010e+00,   -6.7684501410e-01,    1.1990000010e+00,    5.5069499969e+01,    1.1990000010e+00,    3.0321599916e-02,
    1.2000999451e+00,   -1.2354400158e+00,    1.2000999451e+00,    5.6148899078e+01,    1.2000999451e+00,    1.5885500610e-01,
    1.2012000084e+00,   -4.0577599406e-01,    1.2012000084e+00,    6.3079498291e+01,    1.2012000084e+00,   -7.9814702272e-02,
    1.2022999525e+00,   -1.5533800423e-01,    1.2022999525e+00,    5.8662498474e+01,    1.2022999525e+00,    2.0395100117e-01,
    1.2034000158e+00,   -1.0102200508e+00,    1.2034000158e+00,    5.4041198730e+01,    1.2034000158e+00,    6.7956596613e-02,
    1.2044999599e+00,   -5.7715797424e-01,    1.2044999599e+00,    5.9204498291e+01,    1.2044999599e+00,    4.0489900857e-02,
    1.2056000233e+00,   -5.1924400032e-02,    1.2056000233e+00,    6.1651100159e+01,    1.2056000233e+00,    1.1211699992e-01,
    1.2066999674e+00,   -7.1007400751e-01,    1.2066999674e+00,    5.4492198944e+01,    1.2066999674e+00,   -4.1248001158e-02,
    1.2078000307e+00,   -7.4858301878e-01,    1.2078000307e+00,    5.6769199371e+01,    1.2078000307e+00,    1.4440600574e-01,
    1.2088999748e+00,   -1.7841400206e-01,    1.2088999748e+00,    6.3679599762e+01,    1.2088999748e+00,   -5.8686200529e-02,
    1.2100000381e+00,   -1.9037400186e-01,    1.2100000381e+00,    5.8281398773e+01,    1.2100000381e+00,    1.3590900600e-01,
    1.2110999823e+00,   -7.5424599648e-01,    1.2110999823e+00,    5.5612300873e+01,    1.2110999823e+00,    4.0365099907e-02,
    1.2122000456e+00,   -3.8587298989e-01,    1.2122000456e+00,    6.1825801849e+01,    1.2122000456e+00,    7.6311200857e-02,
    1.2132999897e+00,   -1.3773700595e-01,    1.2132999897e+00,    6.2517799377e+01,    1.2132999897e+00,    9.1260202229e-02,
    1.2144000530e+00,   -8.6941301823e-01,    1.2144000530e+00,    5.4831600189e+01,    1.2144000530e+00,   -5.6637998670e-02,
    1.2154999971e+00,   -6.0691398382e-01,    1.2154999971e+00,    5.7743499756e+01,    1.2154999971e+00,    2.9029899836e-01,
    1.2165999413e+00,   -2.7766299248e-01,    1.2165999413e+00,    6.3565299988e+01,    1.2165999413e+00,   -6.9932099432e-03,
    1.2177000046e+00,   -5.4139101505e-01,    1.2177000046e+00,    5.6501499176e+01,    1.2177000046e+00,    8.0781102180e-02,
    1.2187999487e+00,   -7.9748499393e-01,    1.2187999487e+00,    5.4494998932e+01,    1.2187999487e+00,    1.6427299380e-01,
    1.2199000120e+00,   -4.0768501163e-01,    1.2199000120e+00,    6.0978298187e+01,    1.2199000120e+00,    1.5846699476e-01,
    1.2209999561e+00,   -3.5128700733e-01,    1.2209999561e+00,    5.9410598755e+01,    1.2209999561e+00,    2.0561499894e-01,
    1.2221000195e+00,   -7.9542100430e-01,    1.2221000195e+00,    5.2472301483e+01,    1.2221000195e+00,    4.9479000270e-02,
    1.2231999636e+00,   -3.4115400910e-01,    1.2231999636e+00,    5.6298000336e+01,    1.2231999636e+00,    3.6642399430e-01,
    1.2243000269e+00,   -2.9640099406e-01,    1.2243000269e+00,    6.1375701904e+01,    1.2243000269e+00,    1.6030600667e-01,
    1.2253999710e+00,   -6.4670699835e-01,    1.2253999710e+00,    5.4270500183e+01,    1.2253999710e+00,    2.1193400025e-01,
    1.2265000343e+00,   -3.6995100975e-01,    1.2265000343e+00,    5.4326000214e+01,    1.2265000343e+00,    2.3059999943e-01,
    1.2275999784e+00,   -2.3151999712e-01,    1.2275999784e+00,    6.1798500061e+01,    1.2275999784e+00,    1.8748199567e-02,
    1.2287000418e+00,   -5.5151200294e-01,    1.2287000418e+00,    5.9202201843e+01,    1.2287000418e+00,    2.4953700602e-01,
    1.2297999859e+00,   -7.3291599751e-01,    1.2297999859e+00,    5.3801200867e+01,    1.2297999859e+00,    9.4934098423e-02,
    1.2309000492e+00,    7.1414597332e-02,    1.2309000492e+00,    5.8635299683e+01,    1.2309000492e+00,    8.7777301669e-02,
    1.2319999933e+00,   -5.4125601053e-01,    1.2319999933e+00,    6.2509601593e+01,    1.2319999933e+00,    1.5071700513e-01,
    1.2331000566e+00,   -8.6339700222e-01,    1.2331000566e+00,    5.4736598969e+01,    1.2331000566e+00,    1.5516400337e-02,
    1.2342000008e+00,   -2.9262199998e-02,    1.2342000008e+00,    5.5779598236e+01,    1.2342000008e+00,    2.0162600279e-01,
    1.2352999449e+00,   -2.2707100213e-01,    1.2352999449e+00,    6.3016998291e+01,    1.2352999449e+00,   -5.9818499722e-03,
    1.2364000082e+00,   -9.4320100546e-01,    1.2364000082e+00,    5.8674400330e+01,    1.2364000082e+00,    2.3042500019e-01,
    1.2374999523e+00,   -4.8238700628e-01,    1.2374999523e+00,    5.3944698334e+01,    1.2374999523e+00,    5.0275500864e-02,
    1.2386000156e+00,    2.1124100685e-01,    1.2386000156e+00,    5.9502399445e+01,    1.2386000156e+00,    1.9142399728e-01,
    1.2396999598e+00,   -8.6567801237e-01,    1.2396999598e+00,    6.1962299347e+01,    1.2396999598e+00,    1.7566999793e-01,
    1.2408000231e+00,   -1.0169299841e+00,    1.2408000231e+00,    5.3875999451e+01,    1.2408000231e+00,   -1.9819499925e-02,
    1.2418999672e+00,    3.9463999867e-01,    1.2418999672e+00,    5.6185501099e+01,    1.2418999672e+00,    3.0234301090e-01,
    1.2430000305e+00,   -4.6236199141e-01,    1.2430000305e+00,    6.3093200684e+01,    1.2430000305e+00,    4.1326399893e-02,
    1.2440999746e+00,   -1.1357500553e+00,    1.2440999746e+00,    5.6693500519e+01,    1.2440999746e+00,    1.7962400615e-01,
    1.2452000380e+00,   -5.2739299834e-02,    1.2452000380e+00,    5.2852001190e+01,    1.2452000380e+00,    1.9853100181e-01,
    1.2462999821e+00,    4.0146398544e-01,    1.2462999821e+00,    5.9029399872e+01,    1.2462999821e+00,    2.0476999879e-01,
    1.2474000454e+00,   -1.1125199795e+00,    1.2474000454e+00,    6.0048599243e+01,    1.2474000454e+00,    1.2377300113e-01,
    1.2484999895e+00,   -8.9030402899e-01,    1.2484999895e+00,    5.3148998260e+01,    1.2484999895e+00,    9.3440301716e-02,
    1.2496000528e+00,    8.5064697266e-01,    1.2496000528e+00,    5.6284698486e+01,    1.2496000528e+00,    3.4766399860e-01,
    1.2506999969e+00,   -7.2077798843e-01,    1.2506999969e+00,    6.2792598724e+01,    1.2506999969e+00,    4.5993600041e-02,
    1.2517999411e+00,   -1.2830799818e+00,    1.2517999411e+00,    5.5986099243e+01,    1.2517999411e+00,    1.5017299354e-01,
    1.2529000044e+00,    4.6529000998e-01,    1.2529000044e+00,    5.4594200134e+01,    1.2529000044e+00,    2.3959200084e-01,
    1.2539999485e+00,    4.9400898814e-01,    1.2539999485e+00,    6.1684898376e+01,    1.2539999485e+00,    7.1096003056e-02,
    1.2551000118e+00,   -1.5424100161e+00,    1.2551000118e+00,    6.0684501648e+01,    1.2551000118e+00,    1.8169899285e-01,
    1.2561999559e+00,   -6.2796199322e-01,    1.2561999559e+00,    5.3903598785e+01,    1.2561999559e+00,    3.9664801210e-02,
    1.2573000193e+00,    1.0986399651e+00,    1.2573000193e+00,    5.7870998383e+01,    1.2573000193e+00,    2.2271999717e-01,
    1.2583999634e+00,   -1.1981799603e+00,    1.2583999634e+00,    6.3117698669e+01,    1.2583999634e+00,    1.5576000512e-01,
    1.2595000267e+00,   -1.5265799761e+00,    1.2595000267e+00,    5.5625400543e+01,    1.2595000267e+00,    7.4190698564e-02,
    1.2605999708e+00,    9.1201800108e-01,    1.2605999708e+00,    5.5926200867e+01,    1.2605999708e+00,    2.0370399952e-01,
    1.2617000341e+00,    6.5460897982e-02,    1.2617000341e+00,    6.3270999908e+01,    1.2617000341e+00,   -1.2069200166e-02,
    1.2627999783e+00,   -2.0356700420e+00,    1.2627999783e+00,    6.0335601807e+01,    1.2627999783e+00,    2.0544999838e-01,
    1.2639000416e+00,   -4.3937599659e-01,    1.2639000416e+00,    5.4815399170e+01,    1.2639000416e+00,    8.4746800363e-02,
    1.2649999857e+00,    1.1187900305e+00,    1.2649999857e+00,    5.9919101715e+01,    1.2649999857e+00,    4.8792500049e-02,
    1.2661000490e+00,   -1.6866999865e+00,    1.2661000490e+00,    6.3698101044e+01,    1.2661000490e+00,    1.4113299549e-01,
    1.2671999931e+00,   -1.6047099829e+00,    1.2671999931e+00,    5.5500900269e+01,    1.2671999931e+00,    2.2653099149e-02,
    1.2683000565e+00,    1.3505599499e+00,    1.2683000565e+00,    5.7213600159e+01,    1.2683000565e+00,    2.2078299522e-01,
    1.2694000006e+00,   -5.5860102177e-01,    1.2694000006e+00,    6.4419799805e+01,    1.2694000006e+00,    6.5939999186e-03,
    1.2704999447e+00,   -2.4884200096e+00,    1.2704999447e+00,    5.9866901398e+01,    1.2704999447e+00,    1.2511500716e-01,
    1.2716000080e+00,    1.2789200246e-01,    1.2716000080e+00,    5.6119201660e+01,    1.2716000080e+00,    1.7672799528e-01,
    1.2726999521e+00,    1.0317800045e+00,    1.2726999521e+00,    6.2307300568e+01,    1.2726999521e+00,   -1.9031200558e-02,
    1.2738000154e+00,   -2.0267100334e+00,    1.2738000154e+00,    6.4319503784e+01,    1.2738000154e+00,    9.1470003128e-02,
    1.2748999596e+00,   -1.2218199968e+00,    1.2748999596e+00,    5.6684299469e+01,    1.2748999596e+00,   -4.8974398524e-02,
    1.2760000229e+00,    1.9140499830e+00,    1.2760000229e+00,    5.9718898773e+01,    1.2760000229e+00,    6.9611497223e-02,
    1.2770999670e+00,   -9.6289902925e-01,    1.2770999670e+00,    6.6417701721e+01,    1.2770999670e+00,    7.0052999072e-03,
    1.2782000303e+00,   -2.1666500568e+00,    1.2782000303e+00,    5.9561199188e+01,    1.2782000303e+00,    2.4692099541e-02,
    1.2792999744e+00,    1.0961699486e+00,    1.2792999744e+00,    5.7232299805e+01,    1.2792999744e+00,    9.1658100486e-02,
    1.2804000378e+00,    1.1885999441e+00,    1.2804000378e+00,    6.3887500763e+01,    1.2804000378e+00,   -1.1413300037e-01,
    1.2814999819e+00,   -2.1566700935e+00,    1.2814999819e+00,    6.3703800201e+01,    1.2814999819e+00,    7.8336201608e-02,
    1.2826000452e+00,   -5.6245398521e-01,    1.2826000452e+00,    5.6466800690e+01,    1.2826000452e+00,   -8.7037801743e-02,
    1.2836999893e+00,    2.2993099689e+00,    1.2836999893e+00,    5.9890701294e+01,    1.2836999893e+00,   -5.2455798723e-03,
    1.2848000526e+00,   -1.4440499544e+00,    1.2848000526e+00,    6.5651802063e+01,    1.2848000526e+00,    8.1054503098e-03,
    1.2858999968e+00,   -1.7585400343e+00,    1.2858999968e+00,    5.6898799896e+01,    1.2858999968e+00,   -4.1265301406e-02,
    1.2869999409e+00,    1.9260799885e+00,    1.2869999409e+00,    5.6030700684e+01,    1.2869999409e+00,    1.2914100289e-01,
    1.2881000042e+00,    8.4954297543e-01,    1.2881000042e+00,    6.3276000977e+01,    1.2881000042e+00,   -2.4166500196e-02,
    1.2891999483e+00,   -2.5047500134e+00,    1.2891999483e+00,    6.1160198212e+01,    1.2891999483e+00,    1.4269399643e-01,
    1.2903000116e+00,    1.0858599842e-01,    1.2903000116e+00,    5.5649898529e+01,    1.2903000116e+00,    9.6844501793e-02,
    1.2913999557e+00,    2.2784299850e+00,    1.2913999557e+00,    6.0291400909e+01,    1.2913999557e+00,    1.4236100018e-01,
    1.2925000191e+00,   -2.0136001110e+00,    1.2925000191e+00,    6.4649299622e+01,    1.2925000191e+00,    1.2922500074e-01,
    1.2935999632e+00,   -1.8816499710e+00,    1.2935999632e+00,    5.6104801178e+01,    1.2935999632e+00,   -1.0530300438e-02,
    1.2947000265e+00,    2.2875199318e+00,    1.2947000265e+00,    5.7682998657e+01,    1.2947000265e+00,    2.5979900360e-01,
    1.2957999706e+00,   -1.2584400177e-01,    1.2957999706e+00,    6.4934898376e+01,    1.2957999706e+00,    5.2435699850e-02,
    1.2969000340e+00,   -3.1295700073e+00,    1.2969000340e+00,    5.9966999054e+01,    1.2969000340e+00,    1.0495100170e-01,
    1.2979999781e+00,    6.5219199657e-01,    1.2979999781e+00,    5.4954700470e+01,    1.2979999781e+00,    2.6463100314e-01,
    1.2991000414e+00,    1.9464299679e+00,    1.2991000414e+00,    6.0716499329e+01,    1.2991000414e+00,    1.5690599382e-01,
    1.3001999855e+00,   -2.3647398949e+00,    1.3001999855e+00,    6.3159500122e+01,    1.3001999855e+00,    2.1515299380e-01,
    1.3013000488e+00,   -8.7628298998e-01,    1.3013000488e+00,    5.4731098175e+01,    1.3013000488e+00,    1.0847900063e-01,
    1.3023999929e+00,    3.0308599472e+00,    1.3023999929e+00,    5.7299098969e+01,    1.3023999929e+00,    1.1658400297e-01,
    1.3035000563e+00,   -5.2245402336e-01,    1.3035000563e+00,    6.4333000183e+01,    1.3035000563e+00,    1.3764700294e-01,
    1.3046000004e+00,   -2.4668400288e+00,    1.3046000004e+00,    5.7344100952e+01,    1.3046000004e+00,    8.7325297296e-02,
    1.3056999445e+00,    2.0031800270e+00,    1.3056999445e+00,    5.4259998322e+01,    1.3056999445e+00,    2.1695800126e-01,
    1.3068000078e+00,    2.1373500824e+00,    1.3068000078e+00,    6.0549800873e+01,    1.3068000078e+00,   -6.6161200404e-02,
    1.3078999519e+00,   -2.2335999012e+00,    1.3078999519e+00,    6.0458801270e+01,    1.3078999519e+00,    7.7458098531e-02,
    1.3090000153e+00,    1.6214899719e-01,    1.3090000153e+00,    5.1954601288e+01,    1.3090000153e+00,   -4.6251099557e-02,
    1.3100999594e+00,    3.4777300358e+00,    1.3100999594e+00,    5.5019901276e+01,    1.3100999594e+00,    6.7675597966e-03,
    1.3112000227e+00,   -1.0478500128e+00,    1.3112000227e+00,    6.1300498962e+01,    1.3112000227e+00,    1.7606399953e-01,
    1.3122999668e+00,   -1.7658499479e+00,    1.3122999668e+00,    5.3422698975e+01,    1.3122999668e+00,   -6.0982201248e-02,
    1.3134000301e+00,    2.9162499905e+00,    1.3134000301e+00,    5.2191001892e+01,    1.3134000301e+00,    2.4471400678e-01,
    1.3144999743e+00,    1.8724199533e+00,    1.3144999743e+00,    5.9489799500e+01,    1.3144999743e+00,    4.5239001513e-02,
    1.3156000376e+00,   -2.3474400043e+00,    1.3156000376e+00,    5.7566799164e+01,    1.3156000376e+00,    2.7139600366e-02,
    1.3166999817e+00,    8.3594799042e-01,    1.3166999817e+00,    5.1280700684e+01,    1.3166999817e+00,    7.9911097884e-02,
    1.3178000450e+00,    3.3878901005e+00,    1.3178000450e+00,    5.5470298767e+01,    1.3178000450e+00,    1.7885899544e-01,
    1.3188999891e+00,   -1.4603400230e+00,    1.3188999891e+00,    6.0593700409e+01,    1.3188999891e+00,    2.2271600366e-01,
    1.3200000525e+00,   -1.1579300165e+00,    1.3200000525e+00,    5.2431999207e+01,    1.3200000525e+00,    1.0657999665e-02,
    1.3210999966e+00,    3.4869298935e+00,    1.3210999966e+00,    5.3515201569e+01,    1.3210999966e+00,    2.7094098926e-01,
    1.3221999407e+00,    1.0747699738e+00,    1.3221999407e+00,    6.1383701324e+01,    1.3221999407e+00,    2.3869600147e-02,
    1.3233000040e+00,   -2.5299699306e+00,    1.3233000040e+00,    5.7119201660e+01,    1.3233000040e+00,   -1.0690700263e-02,
    1.3243999481e+00,    1.6175400019e+00,    1.3243999481e+00,    5.1941501617e+01,    1.3243999481e+00,    2.3769600689e-01,
    1.3255000114e+00,    3.0329298973e+00,    1.3255000114e+00,    5.7124401093e+01,    1.3255000114e+00,   -3.6641199142e-02,
    1.3265999556e+00,   -1.5867099762e+00,    1.3265999556e+00,    6.0631500244e+01,    1.3265999556e+00,    1.3942299783e-01,
    1.3277000189e+00,   -4.1573399305e-01,    1.3277000189e+00,    5.1902000427e+01,    1.3277000189e+00,    5.3356401622e-03,
    1.3287999630e+00,    4.0307002068e+00,    1.3287999630e+00,    5.3637901306e+01,    1.3287999630e+00,    8.5561797023e-02,
    1.3299000263e+00,    3.2364100218e-01,    1.3299000263e+00,    6.0806301117e+01,    1.3299000263e+00,    5.1107298583e-02,
    1.3309999704e+00,   -2.0546998978e+00,    1.3309999704e+00,    5.4188400269e+01,    1.3309999704e+00,   -6.2115401961e-03,
    1.3321000338e+00,    2.4256799221e+00,    1.3321000338e+00,    5.0052799225e+01,    1.3321000338e+00,    1.7269200087e-01,
    1.3331999779e+00,    3.0553400517e+00,    1.3331999779e+00,    5.5440700531e+01,    1.3331999779e+00,   -2.0199500024e-01,
    1.3343000412e+00,   -1.3681299686e+00,    1.3343000412e+00,    5.7259700775e+01,    1.3343000412e+00,   -2.8466600925e-02,
    1.3353999853e+00,    5.3099799156e-01,    1.3353999853e+00,    4.9432300568e+01,    1.3353999853e+00,   -8.8416099548e-02,
    1.3365000486e+00,    4.3247399330e+00,    1.3365000486e+00,    5.1921398163e+01,    1.3365000486e+00,    5.9759300202e-02,
    1.3375999928e+00,   -9.5470599830e-02,    1.3375999928e+00,    5.8738399506e+01,    1.3375999928e+00,    1.9462099671e-01,
    1.3387000561e+00,   -1.1979899406e+00,    1.3387000561e+00,    5.1612098694e+01,    1.3387000561e+00,   -4.0757298470e-02,
    1.3398000002e+00,    3.5288100243e+00,    1.3398000002e+00,    4.9763599396e+01,    1.3398000002e+00,    1.6997100413e-01,
    1.3408999443e+00,    2.8348000050e+00,    1.3408999443e+00,    5.5939899445e+01,    1.3408999443e+00,   -4.6532701701e-02,
    1.3420000076e+00,   -1.2912399769e+00,    1.3420000076e+00,    5.5637401581e+01,    1.3420000076e+00,   -7.2998397052e-02,
    1.3430999517e+00,    1.3562899828e+00,    1.3430999517e+00,    4.8283401489e+01,    1.3430999517e+00,    1.5465100110e-01,
    1.3442000151e+00,    4.5089101791e+00,    1.3442000151e+00,    5.1098800659e+01,    1.3442000151e+00,   -1.4694100618e-01,
    1.3452999592e+00,   -5.5232501030e-01,    1.3452999592e+00,    5.6769100189e+01,    1.3452999592e+00,    1.5641599894e-01,
    1.3464000225e+00,   -6.1753201485e-01,    1.3464000225e+00,    4.8488899231e+01,    1.3464000225e+00,   -8.8242597878e-02,
    1.3474999666e+00,    4.1669402122e+00,    1.3474999666e+00,    4.7728599548e+01,    1.3474999666e+00,    1.7934699357e-01,
    1.3486000299e+00,    2.3240299225e+00,    1.3486000299e+00,    5.3725200653e+01,    1.3486000299e+00,   -6.9110102952e-02,
    1.3496999741e+00,   -1.6995500326e+00,    1.3496999741e+00,    5.2192798615e+01,    1.3496999741e+00,   -1.7029900104e-02,
    1.3508000374e+00,    2.1923201084e+00,    1.3508000374e+00,    4.5595600128e+01,    1.3508000374e+00,    2.6837700605e-01,
    1.3518999815e+00,    4.7003397942e+00,    1.3518999815e+00,    4.8539398193e+01,    1.3518999815e+00,   -3.9408400655e-02,
    1.3530000448e+00,   -8.5656601191e-01,    1.3530000448e+00,    5.2690498352e+01,    1.3530000448e+00,    1.6926200688e-01,
    1.3540999889e+00,   -4.8077499866e-01,    1.3540999889e+00,    4.4472099304e+01,    1.3540999889e+00,   -3.0083399266e-02,
    1.3552000523e+00,    4.4369301796e+00,    1.3552000523e+00,    4.6055801392e+01,    1.3552000523e+00,    1.5400999784e-01,
    1.3562999964e+00,    1.5030499697e+00,    1.3562999964e+00,    5.0331199646e+01,    1.3562999964e+00,    2.0784300566e-01,
    1.3573999405e+00,   -2.2536499500e+00,    1.3573999405e+00,    4.8836101532e+01,    1.3573999405e+00,    8.2484200597e-02,
    1.3585000038e+00,    2.2145600319e+00,    1.3585000038e+00,    4.4649200439e+01,    1.3585000038e+00,    2.3990400136e-01,
    1.3595999479e+00,    3.9531600475e+00,    1.3595999479e+00,    4.7441799164e+01,    1.3595999479e+00,    4.4746100903e-02,
    1.3607000113e+00,   -1.8028700352e+00,    1.3607000113e+00,    5.1560398102e+01,    1.3607000113e+00,    1.4195699990e-01,
    1.3617999554e+00,   -7.2948002815e-01,    1.3617999554e+00,    4.3999401093e+01,    1.3617999554e+00,   -2.6920700446e-02,
    1.3629000187e+00,    4.2763199806e+00,    1.3629000187e+00,    4.6795501709e+01,    1.3629000187e+00,    3.8973499089e-02,
    1.3639999628e+00,    3.1457701325e-01,    1.3639999628e+00,    5.0381999969e+01,    1.3639999628e+00,    1.2333299965e-01,
    1.3651000261e+00,   -2.6447799206e+00,    1.3651000261e+00,    4.7228000641e+01,    1.3651000261e+00,    5.5625200272e-02,
    1.3661999702e+00,    2.6094698906e+00,    1.3661999702e+00,    4.4662899017e+01,    1.3661999702e+00,    1.8306200206e-01,
    1.3673000336e+00,    3.6093699932e+00,    1.3673000336e+00,    4.7072299957e+01,    1.3673000336e+00,   -6.2577001750e-02,
    1.3683999777e+00,   -2.2677900791e+00,    1.3683999777e+00,    5.0414798737e+01,    1.3683999777e+00,   -8.1553300843e-03,
    1.3695000410e+00,   -3.2305601239e-01,    1.3695000410e+00,    4.4132900238e+01,    1.3695000410e+00,   -5.3973201662e-02,
    1.3705999851e+00,    4.5512299538e+00,    1.3705999851e+00,    4.7426498413e+01,    1.3705999851e+00,    2.7174400166e-03,
    1.3717000484e+00,   -4.4404399395e-01,    1.3717000484e+00,    5.1678001404e+01,    1.3717000484e+00,    2.0394399762e-02,
    1.3727999926e+00,   -2.7106499672e+00,    1.3727999926e+00,    4.8278099060e+01,    1.3727999926e+00,   -5.3775701672e-02,
    1.3739000559e+00,    3.3072800636e+00,    1.3739000559e+00,    4.7389400482e+01,    1.3739000559e+00,    1.1306799948e-01,
    1.3750000000e+00,    2.5263099670e+00,    1.3750000000e+00,    5.0600101471e+01,    1.3750000000e+00,   -8.1464096904e-02,
    1.3760999441e+00,   -2.2928500175e+00,    1.3760999441e+00,    5.3388599396e+01,    1.3760999441e+00,   -4.6963598579e-02,
    1.3772000074e+00,    6.0875302553e-01,    1.3772000074e+00,    4.7663200378e+01,    1.3772000074e+00,    1.7402000725e-02,
    1.3782999516e+00,    4.6854400635e+00,    1.3782999516e+00,    5.0334201813e+01,    1.3782999516e+00,   -1.0681000352e-01,
    1.3794000149e+00,   -1.3421800137e+00,    1.3794000149e+00,    5.5967098236e+01,    1.3794000149e+00,    7.5141496956e-02,
    1.3804999590e+00,   -2.0896699429e+00,    1.3804999590e+00,    5.0537899017e+01,    1.3804999590e+00,   -9.2831596732e-02,
    1.3816000223e+00,    4.0425200462e+00,    1.3816000223e+00,    4.9840499878e+01,    1.3816000223e+00,    1.4166299999e-01,
    1.3826999664e+00,    1.9555100203e+00,    1.3826999664e+00,    5.4481700897e+01,    1.3826999664e+00,   -1.3369600475e-01,
    1.3838000298e+00,   -2.6157898903e+00,    1.3838000298e+00,    5.5080799103e+01,    1.3838000298e+00,    5.9272598475e-02,
    1.3848999739e+00,    1.1102999449e+00,    1.3848999739e+00,    4.9200401306e+01,    1.3848999739e+00,    1.8094100058e-01,
    1.3860000372e+00,    4.8246798515e+00,    1.3860000372e+00,    5.1201900482e+01,    1.3860000372e+00,   -8.0862799659e-03,
    1.3870999813e+00,   -1.8975299597e+00,    1.3870999813e+00,    5.6509998322e+01,    1.3870999813e+00,   -5.3892400116e-02,
    1.3882000446e+00,   -1.8656500578e+00,    1.3882000446e+00,    5.0291198730e+01,    1.3882000446e+00,   -4.5846397988e-03,
    1.3892999887e+00,    4.9635801315e+00,    1.3892999887e+00,    5.0303298950e+01,    1.3892999887e+00,    4.8708401620e-02,
    1.3904000521e+00,    1.3207199574e+00,    1.3904000521e+00,    5.4866699219e+01,    1.3904000521e+00,   -4.5300498605e-02,
    1.3914999962e+00,   -2.9134099483e+00,    1.3914999962e+00,    5.4609100342e+01,    1.3914999962e+00,   -5.8677200228e-02,
    1.3926000595e+00,    1.9670200348e+00,    1.3926000595e+00,    4.9816200256e+01,    1.3926000595e+00,    3.4375101328e-01,
    1.3937000036e+00,    4.6149601936e+00,    1.3937000036e+00,    5.1847198486e+01,    1.3937000036e+00,   -1.0484600067e-01,
    1.3947999477e+00,   -1.9753500223e+00,    1.3947999477e+00,    5.7158901215e+01,    1.3947999477e+00,   -1.5543000400e-01,
    1.3959000111e+00,   -1.8277599812e+00,    1.3959000111e+00,    5.0326900482e+01,    1.3959000111e+00,   -5.6940000504e-02,
    1.3969999552e+00,    5.3939700127e+00,    1.3969999552e+00,    5.0823799133e+01,    1.3969999552e+00,   -9.9269799888e-02,
    1.3981000185e+00,    7.5060802698e-01,    1.3981000185e+00,    5.5463001251e+01,    1.3981000185e+00,    7.8560702503e-02,
    1.3991999626e+00,   -3.3515000343e+00,    1.3991999626e+00,    5.3850799561e+01,    1.3991999626e+00,   -1.8673699349e-02,
    1.4003000259e+00,    2.6743900776e+00,    1.4003000259e+00,    5.0250900269e+01,    1.4003000259e+00,    2.3620100319e-01,
    1.4013999701e+00,    4.8842301369e+00,    1.4013999701e+00,    5.2163398743e+01,    1.4013999701e+00,   -1.6574299335e-01,
    1.4025000334e+00,   -2.5731599331e+00,    1.4025000334e+00,    5.6262699127e+01,    1.4025000334e+00,   -2.5093901157e-01,
    1.4035999775e+00,   -1.5548700094e+00,    1.4035999775e+00,    4.9430999756e+01,    1.4035999775e+00,   -2.8658200055e-02,
    1.4047000408e+00,    5.3827300072e+00,    1.4047000408e+00,    5.0543399811e+01,    1.4047000408e+00,   -1.6012699902e-01,
    1.4057999849e+00,   -3.2502400875e-01,    1.4057999849e+00,    5.5565898895e+01,    1.4057999849e+00,   -5.7665001601e-02,
    1.4069000483e+00,   -4.1362400055e+00,    1.4069000483e+00,    5.3119701385e+01,    1.4069000483e+00,   -1.2191899866e-01,
    1.4079999924e+00,    2.5830199718e+00,    1.4079999924e+00,    4.9833900452e+01,    1.4079999924e+00,   -2.3923499510e-02,
    1.4091000557e+00,    3.2788798809e+00,    1.4091000557e+00,    5.1836601257e+01,    1.4091000557e+00,   -2.5553500652e-01,
    1.4101999998e+00,   -3.5409300327e+00,    1.4101999998e+00,    5.5585098267e+01,    1.4101999998e+00,   -2.6639500260e-01,
    1.4112999439e+00,   -2.5334300995e+00,    1.4112999439e+00,    4.7810199738e+01,    1.4112999439e+00,   -5.1204398274e-02,
    1.4124000072e+00,    4.4655799866e+00,    1.4124000072e+00,    4.8884700775e+01,    1.4124000072e+00,   -1.6935700178e-01,
    1.4134999514e+00,   -1.7532999516e+00,    1.4134999514e+00,    5.2120998383e+01,    1.4134999514e+00,   -8.7522096932e-02,
    1.4146000147e+00,   -5.4498600960e+00,    1.4146000147e+00,    4.8590698242e+01,    1.4146000147e+00,   -1.3655300438e-01,
    1.4156999588e+00,    2.4257900715e+00,    1.4156999588e+00,    4.6257301331e+01,    1.4156999588e+00,    2.2041299939e-01,
    1.4168000221e+00,    3.0606598854e+00,    1.4168000221e+00,    4.7070999146e+01,    1.4168000221e+00,   -3.5168701410e-01,
    1.4178999662e+00,   -4.4296898842e+00,    1.4178999662e+00,    5.0284000397e+01,    1.4178999662e+00,   -1.8150499463e-01,
    1.4190000296e+00,   -2.0427699089e+00,    1.4190000296e+00,    4.5600200653e+01,    1.4190000296e+00,    1.1060599983e-01,
    1.4200999737e+00,    4.9041700363e+00,    1.4200999737e+00,    4.8356498718e+01,    1.4200999737e+00,    1.1134400219e-01,
    1.4212000370e+00,   -1.7524700165e+00,    1.4212000370e+00,    5.0333801270e+01,    1.4212000370e+00,   -2.5071200728e-01,
    1.4222999811e+00,   -5.3322000504e+00,    1.4222999811e+00,    4.9542198181e+01,    1.4222999811e+00,   -3.3734199405e-01,
    1.4234000444e+00,    3.3569099903e+00,    1.4234000444e+00,    4.8603698730e+01,    1.4234000444e+00,    3.1623798609e-01,
    1.4244999886e+00,    2.3972499371e+00,    1.4244999886e+00,    4.9076099396e+01,    1.4244999886e+00,   -7.6248301193e-03,
    1.4256000519e+00,   -4.3420901299e+00,    1.4256000519e+00,    5.3127799988e+01,    1.4256000519e+00,   -3.2062599063e-01,
    1.4266999960e+00,   -1.8955500126e+00,    1.4266999960e+00,    4.8396800995e+01,    1.4266999960e+00,    2.2314099595e-02,
    1.4278000593e+00,    4.9545998573e+00,    1.4278000593e+00,    5.0722198486e+01,    1.4278000593e+00,    8.5457703099e-03,
    1.4289000034e+00,   -2.2203400135e+00,    1.4289000034e+00,    5.3921298981e+01,    1.4289000034e+00,   -9.2054698616e-03,
    1.4299999475e+00,   -4.7881097794e+00,    1.4299999475e+00,    5.1926101685e+01,    1.4299999475e+00,   -2.8079101443e-01,
    1.4311000109e+00,    3.2706999779e+00,    1.4311000109e+00,    5.1302101135e+01,    1.4311000109e+00,    9.0856499970e-02,
    1.4321999550e+00,    2.2592599392e+00,    1.4321999550e+00,    5.2715698242e+01,    1.4321999550e+00,    2.2461500484e-03,
    1.4333000183e+00,   -4.0486202240e+00,    1.4333000183e+00,    5.6076301575e+01,    1.4333000183e+00,   -1.0730300099e-01,
    1.4343999624e+00,   -1.4659999609e+00,    1.4343999624e+00,    5.0650199890e+01,    1.4343999624e+00,    2.2432400286e-01,
    1.4355000257e+00,    5.1594400406e+00,    1.4355000257e+00,    5.2270301819e+01,    1.4355000257e+00,   -2.1666699648e-01,
    1.4365999699e+00,   -2.0513501167e+00,    1.4365999699e+00,    5.6381801605e+01,    1.4365999699e+00,   -1.5049499273e-01,
    1.4377000332e+00,   -4.3024997711e+00,    1.4377000332e+00,    5.3796001434e+01,    1.4377000332e+00,   -9.7719103098e-02,
    1.4387999773e+00,    3.6552300453e+00,    1.4387999773e+00,    5.3005100250e+01,    1.4387999773e+00,   -2.7619000524e-02,
    1.4399000406e+00,    2.1011600494e+00,    1.4399000406e+00,    5.4306098938e+01,    1.4399000406e+00,    4.8264101148e-02,
    1.4409999847e+00,   -3.9776899815e+00,    1.4409999847e+00,    5.7701400757e+01,    1.4409999847e+00,   -3.9059999585e-01,
    1.4421000481e+00,   -1.1511600018e+00,    1.4421000481e+00,    5.2998600006e+01,    1.4421000481e+00,    1.3835200667e-01,
    1.4431999922e+00,    4.9425997734e+00,    1.4431999922e+00,    5.4088001251e+01,    1.4431999922e+00,   -1.8055999279e-01,
    1.4443000555e+00,   -1.9437199831e+00,    1.4443000555e+00,    5.9479000092e+01,    1.4443000555e+00,   -3.2076799870e-01,
    1.4453999996e+00,   -4.0605897903e+00,    1.4453999996e+00,    5.6221199036e+01,    1.4453999996e+00,   -1.9508600235e-01,
    1.4464999437e+00,    4.3487200737e+00,    1.4464999437e+00,    5.4851799011e+01,    1.4464999437e+00,   -2.0074699819e-01,
    1.4476000071e+00,    2.3100199699e+00,    1.4476000071e+00,    5.7057701111e+01,    1.4476000071e+00,    1.0665699840e-01,
    1.4486999512e+00,   -3.3687798977e+00,    1.4486999512e+00,    5.9713298798e+01,    1.4486999512e+00,   -4.9882900715e-01,
    1.4498000145e+00,   -2.5841999054e-01,    1.4498000145e+00,    5.5257801056e+01,    1.4498000145e+00,   -6.5145596862e-02,
    1.4508999586e+00,    5.2558498383e+00,    1.4508999586e+00,    5.5737701416e+01,    1.4508999586e+00,   -3.2418999076e-01,
    1.4520000219e+00,   -1.5375800133e+00,    1.4520000219e+00,    6.1314701080e+01,    1.4520000219e+00,   -2.4492800236e-01,
    1.4530999660e+00,   -3.6984999180e+00,    1.4530999660e+00,    5.8045398712e+01,    1.4530999660e+00,   -1.6887399554e-01,
    1.4542000294e+00,    4.4800400734e+00,    1.4542000294e+00,    5.6285400391e+01,    1.4542000294e+00,   -2.4683199823e-01,
    1.4552999735e+00,    2.1753199100e+00,    1.4552999735e+00,    5.8852199554e+01,    1.4552999735e+00,   -2.2774299607e-02,
    1.4564000368e+00,   -3.1670300961e+00,    1.4564000368e+00,    6.0650501251e+01,    1.4564000368e+00,   -3.1539899111e-01,
    1.4574999809e+00,   -3.6053501070e-02,    1.4574999809e+00,    5.5363300323e+01,    1.4574999809e+00,   -4.8219099641e-02,
    1.4586000443e+00,    5.1001601219e+00,    1.4586000443e+00,    5.5870498657e+01,    1.4586000443e+00,   -1.9508199394e-01,
    1.4596999884e+00,   -1.3993500471e+00,    1.4596999884e+00,    6.0611099243e+01,    1.4596999884e+00,   -2.7662599087e-01,
    1.4608000517e+00,   -3.5127398968e+00,    1.4608000517e+00,    5.8365200043e+01,    1.4608000517e+00,    3.4754399210e-02,
    1.4618999958e+00,    3.8828001022e+00,    1.4618999958e+00,    5.6598400116e+01,    1.4618999958e+00,   -1.5250700712e-01,
    1.4630000591e+00,    2.2653799057e+00,    1.4630000591e+00,    5.9065799713e+01,    1.4630000591e+00,   -6.8723700941e-02,
    1.4641000032e+00,   -2.9408800602e+00,    1.4641000032e+00,    6.1949001312e+01,    1.4641000032e+00,   -3.3662700653e-01,
    1.4651999474e+00,   -3.7592199445e-01,    1.4651999474e+00,    5.7547100067e+01,    1.4651999474e+00,   -4.3788399547e-02,
    1.4663000107e+00,    4.3950200081e+00,    1.4663000107e+00,    5.8363899231e+01,    1.4663000107e+00,   -1.3112600148e-01,
    1.4673999548e+00,   -1.3560199738e+00,    1.4673999548e+00,    6.3502498627e+01,    1.4673999548e+00,   -2.6814100146e-01,
    1.4685000181e+00,   -3.5335199833e+00,    1.4685000181e+00,    6.1066501617e+01,    1.4685000181e+00,   -7.5729601085e-02,
    1.4695999622e+00,    3.1562500000e+00,    1.4695999622e+00,    5.9022300720e+01,    1.4695999622e+00,   -1.4858600497e-01,
    1.4707000256e+00,    1.6875400543e+00,    1.4707000256e+00,    6.1493198395e+01,    1.4707000256e+00,   -1.3947999477e-01,
    1.4717999697e+00,   -2.7619900703e+00,    1.4717999697e+00,    6.3979099274e+01,    1.4717999697e+00,   -3.1876298785e-01,
    1.4729000330e+00,   -9.0733700991e-01,    1.4729000330e+00,    5.9700099945e+01,    1.4729000330e+00,   -1.6888399422e-01,
    1.4739999771e+00,    3.7220299244e+00,    1.4739999771e+00,    5.9919998169e+01,    1.4739999771e+00,   -1.5153999627e-01,
    1.4751000404e+00,   -1.6235300303e+00,    1.4751000404e+00,    6.4752502441e+01,    1.4751000404e+00,   -2.1899199486e-01,
    1.4761999846e+00,   -3.4622499943e+00,    1.4761999846e+00,    6.2681999207e+01,    1.4761999846e+00,   -1.8123799562e-01,
    1.4773000479e+00,    2.2614600658e+00,    1.4773000479e+00,    5.9781799316e+01,    1.4773000479e+00,   -2.1798199415e-01,
    1.4783999920e+00,    1.6357899904e+00,    1.4783999920e+00,    6.2314998627e+01,    1.4783999920e+00,   -2.0635600388e-01,
    1.4795000553e+00,   -2.9675099850e+00,    1.4795000553e+00,    6.5134300232e+01,    1.4795000553e+00,   -2.9989400506e-01,
    1.4805999994e+00,   -1.3969899416e+00,    1.4805999994e+00,    6.1228000641e+01,    1.4805999994e+00,   -1.9949899614e-01,
    1.4816999435e+00,    3.3057000637e+00,    1.4816999435e+00,    6.1693199158e+01,    1.4816999435e+00,   -9.9835902452e-02,
    1.4828000069e+00,   -1.3231400251e+00,    1.4828000069e+00,    6.6713401794e+01,    1.4828000069e+00,   -2.1467199922e-01,
    1.4838999510e+00,   -3.7902200222e+00,    1.4838999510e+00,    6.5574996948e+01,    1.4838999510e+00,   -1.4943699539e-01,
    1.4850000143e+00,    1.7619199753e+00,    1.4850000143e+00,    6.1952201843e+01,    1.4850000143e+00,   -1.8592399359e-01,
    1.4860999584e+00,    2.0744800568e+00,    1.4860999584e+00,    6.4463699341e+01,    1.4860999584e+00,   -4.8910200596e-02,
    1.4872000217e+00,   -2.2524700165e+00,    1.4872000217e+00,    6.7223602295e+01,    1.4872000217e+00,   -2.4470099807e-01,
    1.4882999659e+00,   -2.2167398930e+00,    1.4882999659e+00,    6.2957500458e+01,    1.4882999659e+00,   -2.7447199449e-02,
    1.4894000292e+00,    3.4245300293e+00,    1.4894000292e+00,    6.2078800201e+01,    1.4894000292e+00,   -1.1247199960e-02,
    1.4904999733e+00,   -9.4203102589e-01,    1.4904999733e+00,    6.6212997437e+01,    1.4904999733e+00,   -6.4391903579e-02,
    1.4916000366e+00,   -3.4291400909e+00,    1.4916000366e+00,    6.6000297546e+01,    1.4916000366e+00,   -1.9189199805e-01,
    1.4926999807e+00,    1.3364900351e+00,    1.4926999807e+00,    6.2205299377e+01,    1.4926999807e+00,   -8.4082901478e-02,
    1.4938000441e+00,    2.5067899227e+00,    1.4938000441e+00,    6.4171096802e+01,    1.4938000441e+00,   -5.5923100561e-02,
    1.4948999882e+00,   -1.9329400063e+00,    1.4948999882e+00,    6.8053001404e+01,    1.4948999882e+00,   -1.4824700356e-01,
    1.4960000515e+00,   -2.4824099541e+00,    1.4960000515e+00,    6.5101303101e+01,    1.4960000515e+00,   -7.5290203094e-02,
    1.4970999956e+00,    3.2638099194e+00,    1.4970999956e+00,    6.4243202209e+01,    1.4970999956e+00,    5.9777401388e-02,
    1.4982000589e+00,   -1.7804099619e-01,    1.4982000589e+00,    6.7135398865e+01,    1.4982000589e+00,   -8.4555298090e-02,
    1.4993000031e+00,   -2.5453300476e+00,    1.4993000031e+00,    6.7195999146e+01,    1.4993000031e+00,   -1.1689999700e-01,
    1.5003999472e+00,    1.0182700157e+00,    1.5003999472e+00,    6.3029899597e+01,    1.5003999472e+00,   -7.1696199477e-02,
    1.5015000105e+00,    3.4089999199e+00,    1.5015000105e+00,    6.4248596191e+01,    1.5015000105e+00,    4.9455601722e-02,
    1.5025999546e+00,   -1.1419899464e+00,    1.5025999546e+00,    6.8059799194e+01,    1.5025999546e+00,   -4.5416601002e-02,
    1.5037000179e+00,   -2.0242700577e+00,    1.5037000179e+00,    6.6283302307e+01,    1.5037000179e+00,   -4.3632298708e-02,
    1.5047999620e+00,    3.2208700180e+00,    1.5047999620e+00,    6.4754501343e+01,    1.5047999620e+00,    1.2917199731e-01,
    1.5059000254e+00,    1.0850199461e+00,    1.5059000254e+00,    6.8017303467e+01,    1.5059000254e+00,   -4.7460898757e-02,
    1.5069999695e+00,   -1.6374900341e+00,    1.5069999695e+00,    6.9548301697e+01,    1.5069999695e+00,   -9.2045500875e-02,
    1.5081000328e+00,    8.2851600647e-01,    1.5081000328e+00,    6.5668998718e+01,    1.5081000328e+00,    5.3148600273e-03,
    1.5091999769e+00,    3.6521999836e+00,    1.5091999769e+00,    6.6790901184e+01,    1.5091999769e+00,    1.9639299810e-01,
    1.5103000402e+00,   -3.9480099082e-01,    1.5103000402e+00,    7.1021499634e+01,    1.5103000402e+00,   -1.0449499637e-01,
    1.5113999844e+00,   -1.9642699957e+00,    1.5113999844e+00,    7.0694702148e+01,    1.5113999844e+00,   -3.3473700285e-02,
    1.5125000477e+00,    2.8933498859e+00,    1.5125000477e+00,    6.8576499939e+01,    1.5125000477e+00,    1.4502599835e-01,
    1.5135999918e+00,    1.7792099714e+00,    1.5135999918e+00,    7.1400100708e+01,    1.5135999918e+00,    5.6426700205e-02,
    1.5147000551e+00,   -9.6798002720e-01,    1.5147000551e+00,    7.3406600952e+01,    1.5147000551e+00,    6.3219098374e-03,
    1.5157999992e+00,    6.7473597825e-02,    1.5157999992e+00,    7.0113601685e+01,    1.5157999992e+00,    7.0919297636e-02,
    1.5168999434e+00,    3.8829998970e+00,    1.5168999434e+00,    7.0320396423e+01,    1.5168999434e+00,    9.9539898336e-02,
    1.5180000067e+00,   -4.2860201001e-01,    1.5180000067e+00,    7.4120498657e+01,    1.5180000067e+00,    1.4447100461e-01,
    1.5190999508e+00,   -1.8909800053e+00,    1.5190999508e+00,    7.3459503174e+01,    1.5190999508e+00,    5.0009798259e-02,
    1.5202000141e+00,    2.2674500942e+00,    1.5202000141e+00,    6.9000900269e+01,    1.5202000141e+00,    6.1873998493e-02,
    1.5212999582e+00,    2.6484498978e+00,    1.5212999582e+00,    7.0498497009e+01,    1.5212999582e+00,    8.8051900268e-02,
    1.5224000216e+00,   -7.2370898724e-01,    1.5224000216e+00,    7.2268302917e+01,    1.5224000216e+00,    1.7172400653e-01,
    1.5234999657e+00,   -3.1759798527e-01,    1.5234999657e+00,    6.8714996338e+01,    1.5234999657e+00,    9.3482702971e-02,
    1.5246000290e+00,    3.6076600552e+00,    1.5246000290e+00,    6.6758399963e+01,    1.5246000290e+00,    6.5972700715e-02,
    1.5256999731e+00,    8.5573399067e-01,    1.5256999731e+00,    6.9052597046e+01,    1.5256999731e+00,    1.5905899927e-02,
    1.5268000364e+00,   -9.6082502604e-01,    1.5268000364e+00,    6.8912498474e+01,    1.5268000364e+00,    1.0754399747e-01,
    1.5278999805e+00,    2.1012101173e+00,    1.5278999805e+00,    6.4575401306e+01,    1.5278999805e+00,    1.6784099862e-02,
    1.5290000439e+00,    3.5456199646e+00,    1.5290000439e+00,    6.5675903320e+01,    1.5290000439e+00,    7.3814101517e-02,
    1.5300999880e+00,    7.3199999332e-01,    1.5300999880e+00,    6.8609199524e+01,    1.5300999880e+00,   -9.3813598156e-02,
    1.5312000513e+00,   -3.3963400126e-01,    1.5312000513e+00,    6.7543502808e+01,    1.5312000513e+00,   -9.0924296528e-03,
    1.5322999954e+00,    3.3374199867e+00,    1.5322999954e+00,    6.5435203552e+01,    1.5322999954e+00,    5.8295499533e-02,
    1.5334000587e+00,    1.3919099569e+00,    1.5334000587e+00,    6.7912498474e+01,    1.5334000587e+00,   -3.6943901330e-02,
    1.5345000029e+00,    2.5951001048e-01,    1.5345000029e+00,    6.9194000244e+01,    1.5345000029e+00,   -5.3528301418e-02,
    1.5355999470e+00,    1.3101600409e+00,    1.5355999470e+00,    6.5668899536e+01,    1.5355999470e+00,   -1.5449699946e-02,
    1.5367000103e+00,    3.6383600235e+00,    1.5367000103e+00,    6.5200996399e+01,    1.5367000103e+00,    2.1419800818e-02,
    1.5377999544e+00,    9.3181502819e-01,    1.5377999544e+00,    6.7942100525e+01,    1.5377999544e+00,   -1.0020799935e-01,
    1.5389000177e+00,    1.8706599250e-02,    1.5389000177e+00,    6.8060997009e+01,    1.5389000177e+00,   -2.4574099109e-02,
    1.5399999619e+00,    2.5748701096e+00,    1.5399999619e+00,    6.5021400452e+01,    1.5399999619e+00,   -1.2416899949e-01,
    1.5411000252e+00,    2.0380299091e+00,    1.5411000252e+00,    6.6385101318e+01,    1.5411000252e+00,   -1.7030900344e-02,
    1.5421999693e+00,    7.1093302965e-01,    1.5421999693e+00,    6.8048797607e+01,    1.5421999693e+00,   -2.8698099777e-02,
    1.5433000326e+00,    8.7693202496e-01,    1.5433000326e+00,    6.6279899597e+01,    1.5433000326e+00,   -3.7154100835e-02,
    1.5443999767e+00,    3.3382399082e+00,    1.5443999767e+00,    6.4328102112e+01,    1.5443999767e+00,   -7.7704496682e-02,
    1.5455000401e+00,    1.3908599615e+00,    1.5455000401e+00,    6.6510398865e+01,    1.5455000401e+00,   -7.7616296709e-02,
    1.5465999842e+00,    6.2065398693e-01,    1.5465999842e+00,    6.7902397156e+01,    1.5465999842e+00,   -1.0911600292e-01,
    1.5477000475e+00,    2.0129599571e+00,    1.5477000475e+00,    6.5772499084e+01,    1.5477000475e+00,   -1.4135700464e-01,
    1.5487999916e+00,    2.7306599617e+00,    1.5487999916e+00,    6.6210899353e+01,    1.5487999916e+00,   -6.4904898405e-02,
    1.5499000549e+00,    1.5735199451e+00,    1.5499000549e+00,    6.8174598694e+01,    1.5499000549e+00,   -1.1378099769e-01,
    1.5509999990e+00,    1.1060099602e+00,    1.5509999990e+00,    6.8538696289e+01,    1.5509999990e+00,   -5.7102099061e-02,
    1.5520999432e+00,    2.9505200386e+00,    1.5520999432e+00,    6.6728302002e+01,    1.5520999432e+00,   -6.8099997938e-02,
    1.5532000065e+00,    2.3333399296e+00,    1.5532000065e+00,    6.8552200317e+01,    1.5532000065e+00,   -1.0689999908e-01,
    1.5542999506e+00,    1.3417099714e+00,    1.5542999506e+00,    7.0339202881e+01,    1.5542999506e+00,   -1.3319000602e-01,
    1.5554000139e+00,    1.6076400280e+00,    1.5554000139e+00,    6.9890098572e+01,    1.5554000139e+00,    2.5260699913e-03,
    1.5564999580e+00,    2.7735700607e+00,    1.5564999580e+00,    6.8928802490e+01,    1.5564999580e+00,   -3.3616099972e-03,
    1.5576000214e+00,    2.2586801052e+00,    1.5576000214e+00,    7.0981597900e+01,    1.5576000214e+00,   -5.5766899139e-02,
    1.5586999655e+00,    1.6886600256e+00,    1.5586999655e+00,    7.2137397766e+01,    1.5586999655e+00,   -3.5363398492e-02,
    1.5598000288e+00,    2.3466000557e+00,    1.5598000288e+00,    7.0694801331e+01,    1.5598000288e+00,   -9.2383898795e-02,
    1.5608999729e+00,    2.5458199978e+00,    1.5608999729e+00,    7.0513496399e+01,    1.5608999729e+00,   -6.0971200466e-02,
    1.5620000362e+00,    2.3425199986e+00,    1.5620000362e+00,    7.2285400391e+01,    1.5620000362e+00,   -3.1051799655e-02,
    1.5630999804e+00,    1.8143500090e+00,    1.5630999804e+00,    7.3114700317e+01,    1.5630999804e+00,   -1.1003399640e-01,
    1.5642000437e+00,    2.6413900852e+00,    1.5642000437e+00,    7.1978996277e+01,    1.5642000437e+00,   -6.6525399685e-02,
    1.5652999878e+00,    2.3701999187e+00,    1.5652999878e+00,    7.2783302307e+01,    1.5652999878e+00,   -3.3863000572e-02,
    1.5664000511e+00,    1.4633300304e+00,    1.5664000511e+00,    7.4316802979e+01,    1.5664000511e+00,   -7.7216401696e-02,
    1.5674999952e+00,    1.8506100178e+00,    1.5674999952e+00,    7.3343803406e+01,    1.5674999952e+00,   -1.2898300588e-01,
    1.5686000586e+00,    3.0755400658e+00,    1.5686000586e+00,    7.2128501892e+01,    1.5686000586e+00,   -9.7419098020e-02,
    1.5697000027e+00,    2.7765100002e+00,    1.5697000027e+00,    7.3225997925e+01,    1.5697000027e+00,   -1.4542399347e-01,
    1.5707999468e+00,    2.0759499073e+00,    1.5707999468e+00,    7.4263496399e+01,    1.5707999468e+00,   -1.4500199817e-02,
