LS-DYNA keyword deck by LS-PrePost,Rcforc Data
Time,Ma 373 X-force,Time,Ma 373 Y-force,Time,Ma 373 Z-force,
    0.0000000000e+00,    0.0000000000e+00,    0.0000000000e+00,    0.0000000000e+00,    0.0000000000e+00,    0.0000000000e+00,
    1.0995699558e-03,    0.0000000000e+00,    1.0995699558e-03,    0.0000000000e+00,    1.0995699558e-03,    0.0000000000e+00,
    2.1999799646e-03,    0.0000000000e+00,    2.1999799646e-03,    0.0000000000e+00,    2.1999799646e-03,    0.0000000000e+00,
    3.2995599322e-03,    0.0000000000e+00,    3.2995599322e-03,    0.0000000000e+00,    3.2995599322e-03,    0.0000000000e+00,
    4.3996497989e-03,    0.0000000000e+00,    4.3996497989e-03,    0.0000000000e+00,    4.3996497989e-03,    0.0000000000e+00,
    5.4990299977e-03,    0.0000000000e+00,    5.4990299977e-03,    0.0000000000e+00,    5.4990299977e-03,    0.0000000000e+00,
    6.5992400050e-03,    0.0000000000e+00,    6.5992400050e-03,    0.0000000000e+00,    6.5992400050e-03,    0.0000000000e+00,
    7.6989298686e-03,    0.0000000000e+00,    7.6989298686e-03,    0.0000000000e+00,    7.6989298686e-03,    0.0000000000e+00,
    8.7997000664e-03,    0.0000000000e+00,    8.7997000664e-03,    0.0000000000e+00,    8.7997000664e-03,    0.0000000000e+00,
    9.8998397589e-03,    0.0000000000e+00,    9.8998397589e-03,    0.0000000000e+00,    9.8998397589e-03,    0.0000000000e+00,
    1.0999999940e-02,    0.0000000000e+00,    1.0999999940e-02,    0.0000000000e+00,    1.0999999940e-02,    0.0000000000e+00,
    1.2099700049e-02,    0.0000000000e+00,    1.2099700049e-02,    0.0000000000e+00,    1.2099700049e-02,    0.0000000000e+00,
    1.3199400157e-02,    0.0000000000e+00,    1.3199400157e-02,    0.0000000000e+00,    1.3199400157e-02,    0.0000000000e+00,
    1.4299700037e-02,    0.0000000000e+00,    1.4299700037e-02,    0.0000000000e+00,    1.4299700037e-02,    0.0000000000e+00,
    1.5399600379e-02,    0.0000000000e+00,    1.5399600379e-02,    0.0000000000e+00,    1.5399600379e-02,    0.0000000000e+00,
    1.6499200836e-02,    0.0000000000e+00,    1.6499200836e-02,    0.0000000000e+00,    1.6499200836e-02,    0.0000000000e+00,
    1.7599200830e-02,    0.0000000000e+00,    1.7599200830e-02,    0.0000000000e+00,    1.7599200830e-02,    0.0000000000e+00,
    1.8699899316e-02,    0.0000000000e+00,    1.8699899316e-02,    0.0000000000e+00,    1.8699899316e-02,    0.0000000000e+00,
    1.9799700007e-02,    0.0000000000e+00,    1.9799700007e-02,    0.0000000000e+00,    1.9799700007e-02,    0.0000000000e+00,
    2.0899800584e-02,    0.0000000000e+00,    2.0899800584e-02,    0.0000000000e+00,    2.0899800584e-02,    0.0000000000e+00,
    2.1998900920e-02,    0.0000000000e+00,    2.1998900920e-02,    0.0000000000e+00,    2.1998900920e-02,    0.0000000000e+00,
    2.3099599406e-02,    0.0000000000e+00,    2.3099599406e-02,    0.0000000000e+00,    2.3099599406e-02,    0.0000000000e+00,
    2.4198999628e-02,    0.0000000000e+00,    2.4198999628e-02,    0.0000000000e+00,    2.4198999628e-02,    0.0000000000e+00,
    2.5299100205e-02,    0.0000000000e+00,    2.5299100205e-02,    0.0000000000e+00,    2.5299100205e-02,    0.0000000000e+00,
    2.6399599388e-02,    0.0000000000e+00,    2.6399599388e-02,    0.0000000000e+00,    2.6399599388e-02,    0.0000000000e+00,
    2.7498900890e-02,    0.0000000000e+00,    2.7498900890e-02,    0.0000000000e+00,    2.7498900890e-02,    0.0000000000e+00,
    2.8599100187e-02,    0.0000000000e+00,    2.8599100187e-02,    0.0000000000e+00,    2.8599100187e-02,    0.0000000000e+00,
    2.9699400067e-02,    0.0000000000e+00,    2.9699400067e-02,    0.0000000000e+00,    2.9699400067e-02,    0.0000000000e+00,
    3.0799599364e-02,    0.0000000000e+00,    3.0799599364e-02,    0.0000000000e+00,    3.0799599364e-02,    0.0000000000e+00,
    3.1899400055e-02,    0.0000000000e+00,    3.1899400055e-02,    0.0000000000e+00,    3.1899400055e-02,    0.0000000000e+00,
    3.2999400049e-02,    0.0000000000e+00,    3.2999400049e-02,    0.0000000000e+00,    3.2999400049e-02,    0.0000000000e+00,
    3.4099798650e-02,    0.0000000000e+00,    3.4099798650e-02,    0.0000000000e+00,    3.4099798650e-02,    0.0000000000e+00,
    3.5199899226e-02,    0.0000000000e+00,    3.5199899226e-02,    0.0000000000e+00,    3.5199899226e-02,    0.0000000000e+00,
    3.6298900843e-02,    0.0000000000e+00,    3.6298900843e-02,    0.0000000000e+00,    3.6298900843e-02,    0.0000000000e+00,
    3.7399798632e-02,    0.0000000000e+00,    3.7399798632e-02,    0.0000000000e+00,    3.7399798632e-02,    0.0000000000e+00,
    3.8499001414e-02,    0.0000000000e+00,    3.8499001414e-02,    0.0000000000e+00,    3.8499001414e-02,    0.0000000000e+00,
    3.9599601179e-02,    0.0000000000e+00,    3.9599601179e-02,    0.0000000000e+00,    3.9599601179e-02,    0.0000000000e+00,
    4.0698900819e-02,    0.0000000000e+00,    4.0698900819e-02,    0.0000000000e+00,    4.0698900819e-02,    0.0000000000e+00,
    4.1799001396e-02,    0.0000000000e+00,    4.1799001396e-02,    0.0000000000e+00,    4.1799001396e-02,    0.0000000000e+00,
    4.2898900807e-02,    0.0000000000e+00,    4.2898900807e-02,    0.0000000000e+00,    4.2898900807e-02,    0.0000000000e+00,
    4.3999001384e-02,    0.0000000000e+00,    4.3999001384e-02,    0.0000000000e+00,    4.3999001384e-02,    0.0000000000e+00,
    4.5099198818e-02,    0.0000000000e+00,    4.5099198818e-02,    0.0000000000e+00,    4.5099198818e-02,    0.0000000000e+00,
    4.6199098229e-02,    0.0000000000e+00,    4.6199098229e-02,    0.0000000000e+00,    4.6199098229e-02,    0.0000000000e+00,
    4.7299001366e-02,    0.0000000000e+00,    4.7299001366e-02,    0.0000000000e+00,    4.7299001366e-02,    0.0000000000e+00,
    4.8399098217e-02,    0.0000000000e+00,    4.8399098217e-02,    0.0000000000e+00,    4.8399098217e-02,    0.0000000000e+00,
    4.9499601126e-02,    0.0000000000e+00,    4.9499601126e-02,    0.0000000000e+00,    4.9499601126e-02,    0.0000000000e+00,
    5.0599500537e-02,    0.0000000000e+00,    5.0599500537e-02,    0.0000000000e+00,    5.0599500537e-02,    0.0000000000e+00,
    5.1699601114e-02,    0.0000000000e+00,    5.1699601114e-02,    0.0000000000e+00,    5.1699601114e-02,    0.0000000000e+00,
    5.2799701691e-02,    0.0000000000e+00,    5.2799701691e-02,    0.0000000000e+00,    5.2799701691e-02,    0.0000000000e+00,
    5.3899299353e-02,    0.0000000000e+00,    5.3899299353e-02,    0.0000000000e+00,    5.3899299353e-02,    0.0000000000e+00,
    5.4999098182e-02,    0.0000000000e+00,    5.4999098182e-02,    0.0000000000e+00,    5.4999098182e-02,    0.0000000000e+00,
    5.6099198759e-02,    0.0000000000e+00,    5.6099198759e-02,    0.0000000000e+00,    5.6099198759e-02,    0.0000000000e+00,
    5.7199601084e-02,    0.0000000000e+00,    5.7199601084e-02,    0.0000000000e+00,    5.7199601084e-02,    0.0000000000e+00,
    5.8299701661e-02,    0.0000000000e+00,    5.8299701661e-02,    0.0000000000e+00,    5.8299701661e-02,    0.0000000000e+00,
    5.9399899095e-02,    0.0000000000e+00,    5.9399899095e-02,    0.0000000000e+00,    5.9399899095e-02,    0.0000000000e+00,
    6.0499899089e-02,    0.0000000000e+00,    6.0499899089e-02,    0.0000000000e+00,    6.0499899089e-02,    0.0000000000e+00,
    6.1598900706e-02,    0.0000000000e+00,    6.1598900706e-02,    0.0000000000e+00,    6.1598900706e-02,    0.0000000000e+00,
    6.2698997557e-02,    0.0000000000e+00,    6.2698997557e-02,    0.0000000000e+00,    6.2698997557e-02,    0.0000000000e+00,
    6.3799299300e-02,    0.0000000000e+00,    6.3799299300e-02,    0.0000000000e+00,    6.3799299300e-02,    0.0000000000e+00,
    6.4899303019e-02,    0.0000000000e+00,    6.4899303019e-02,    0.0000000000e+00,    6.4899303019e-02,    0.0000000000e+00,
    6.5999798477e-02,    0.0000000000e+00,    6.5999798477e-02,    0.0000000000e+00,    6.5999798477e-02,    0.0000000000e+00,
    6.7099601030e-02,    0.0000000000e+00,    6.7099601030e-02,    0.0000000000e+00,    6.7099601030e-02,    0.0000000000e+00,
    6.8199798465e-02,    0.0000000000e+00,    6.8199798465e-02,    0.0000000000e+00,    6.8199798465e-02,    0.0000000000e+00,
    6.9298997521e-02,    0.0000000000e+00,    6.9298997521e-02,    0.0000000000e+00,    6.9298997521e-02,    0.0000000000e+00,
    7.0399299264e-02,    0.0000000000e+00,    7.0399299264e-02,    0.0000000000e+00,    7.0399299264e-02,    0.0000000000e+00,
    7.1499399841e-02,    0.0000000000e+00,    7.1499399841e-02,    0.0000000000e+00,    7.1499399841e-02,    0.0000000000e+00,
    7.2598896921e-02,    0.0000000000e+00,    7.2598896921e-02,    0.0000000000e+00,    7.2598896921e-02,    0.0000000000e+00,
    7.3698997498e-02,    0.0000000000e+00,    7.3698997498e-02,    0.0000000000e+00,    7.3698997498e-02,    0.0000000000e+00,
    7.4799798429e-02,    0.0000000000e+00,    7.4799798429e-02,    0.0000000000e+00,    7.4799798429e-02,    0.0000000000e+00,
    7.5899802148e-02,    0.0000000000e+00,    7.5899802148e-02,    0.0000000000e+00,    7.5899802148e-02,    0.0000000000e+00,
    7.6999999583e-02,    0.0000000000e+00,    7.6999999583e-02,    0.0000000000e+00,    7.6999999583e-02,    0.0000000000e+00,
    7.8099802136e-02,    0.0000000000e+00,    7.8099802136e-02,    0.0000000000e+00,    7.8099802136e-02,    0.0000000000e+00,
    7.9198896885e-02,    0.0000000000e+00,    7.9198896885e-02,    0.0000000000e+00,    7.9198896885e-02,    0.0000000000e+00,
    8.0299302936e-02,    0.0000000000e+00,    8.0299302936e-02,    0.0000000000e+00,    8.0299302936e-02,    0.0000000000e+00,
    8.1399403512e-02,    0.0000000000e+00,    8.1399403512e-02,    0.0000000000e+00,    8.1399403512e-02,    0.0000000000e+00,
    8.2499898970e-02,    0.0000000000e+00,    8.2499898970e-02,    0.0000000000e+00,    8.2499898970e-02,    0.0000000000e+00,
    8.3599403501e-02,    0.0000000000e+00,    8.3599403501e-02,    0.0000000000e+00,    8.3599403501e-02,    0.0000000000e+00,
    8.4699802101e-02,    0.0000000000e+00,    8.4699802101e-02,    0.0000000000e+00,    8.4699802101e-02,    0.0000000000e+00,
    8.5799001157e-02,    0.0000000000e+00,    8.5799001157e-02,    0.0000000000e+00,    8.5799001157e-02,    0.0000000000e+00,
    8.6899302900e-02,    0.0000000000e+00,    8.6899302900e-02,    0.0000000000e+00,    8.6899302900e-02,    0.0000000000e+00,
    8.7999701500e-02,    0.0000000000e+00,    8.7999701500e-02,    0.0000000000e+00,    8.7999701500e-02,    0.0000000000e+00,
    8.9099496603e-02,    0.0000000000e+00,    8.9099496603e-02,    0.0000000000e+00,    8.9099496603e-02,    0.0000000000e+00,
    9.0199798346e-02,    0.0000000000e+00,    9.0199798346e-02,    0.0000000000e+00,    9.0199798346e-02,    0.0000000000e+00,
    9.1300003231e-02,    0.0000000000e+00,    9.1300003231e-02,    0.0000000000e+00,    9.1300003231e-02,    0.0000000000e+00,
    9.2399999499e-02,    0.0000000000e+00,    9.2399999499e-02,    0.0000000000e+00,    9.2399999499e-02,    0.0000000000e+00,
    9.3498803675e-02,    0.0000000000e+00,    9.3498803675e-02,    0.0000000000e+00,    9.3498803675e-02,    0.0000000000e+00,
    9.4599001110e-02,    0.0000000000e+00,    9.4599001110e-02,    0.0000000000e+00,    9.4599001110e-02,    0.0000000000e+00,
    9.5699302852e-02,    0.0000000000e+00,    9.5699302852e-02,    0.0000000000e+00,    9.5699302852e-02,    0.0000000000e+00,
    9.6799403429e-02,    0.0000000000e+00,    9.6799403429e-02,    0.0000000000e+00,    9.6799403429e-02,    0.0000000000e+00,
    9.7899496555e-02,    0.0000000000e+00,    9.7899496555e-02,    0.0000000000e+00,    9.7899496555e-02,    0.0000000000e+00,
    9.8999999464e-02,    0.0000000000e+00,    9.8999999464e-02,    0.0000000000e+00,    9.8999999464e-02,    0.0000000000e+00,
    1.0009899735e-01,    0.0000000000e+00,    1.0009899735e-01,    0.0000000000e+00,    1.0009899735e-01,    0.0000000000e+00,
    1.0119999945e-01,    0.0000000000e+00,    1.0119999945e-01,    0.0000000000e+00,    1.0119999945e-01,    0.0000000000e+00,
    1.0229899734e-01,    0.0000000000e+00,    1.0229899734e-01,    0.0000000000e+00,    1.0229899734e-01,    0.0000000000e+00,
    1.0339999944e-01,    0.0000000000e+00,    1.0339999944e-01,    0.0000000000e+00,    1.0339999944e-01,    0.0000000000e+00,
    1.0449899733e-01,    0.0000000000e+00,    1.0449899733e-01,    0.0000000000e+00,    1.0449899733e-01,    0.0000000000e+00,
    1.0559900105e-01,    0.0000000000e+00,    1.0559900105e-01,    0.0000000000e+00,    1.0559900105e-01,    0.0000000000e+00,
    1.0669899732e-01,    0.0000000000e+00,    1.0669899732e-01,    0.0000000000e+00,    1.0669899732e-01,    0.0000000000e+00,
    1.0779900104e-01,    0.0000000000e+00,    1.0779900104e-01,    0.0000000000e+00,    1.0779900104e-01,    0.0000000000e+00,
    1.0889899731e-01,    0.0000000000e+00,    1.0889899731e-01,    0.0000000000e+00,    1.0889899731e-01,    0.0000000000e+00,
    1.0999900103e-01,    0.0000000000e+00,    1.0999900103e-01,    0.0000000000e+00,    1.0999900103e-01,    0.0000000000e+00,
    1.1109899729e-01,    0.0000000000e+00,    1.1109899729e-01,    0.0000000000e+00,    1.1109899729e-01,    0.0000000000e+00,
    1.1219900101e-01,    0.0000000000e+00,    1.1219900101e-01,    0.0000000000e+00,    1.1219900101e-01,    0.0000000000e+00,
    1.1329899728e-01,    0.0000000000e+00,    1.1329899728e-01,    0.0000000000e+00,    1.1329899728e-01,    0.0000000000e+00,
    1.1439999938e-01,    0.0000000000e+00,    1.1439999938e-01,    0.0000000000e+00,    1.1439999938e-01,    0.0000000000e+00,
    1.1550000310e-01,    0.0000000000e+00,    1.1550000310e-01,    0.0000000000e+00,    1.1550000310e-01,    0.0000000000e+00,
    1.1659900099e-01,    0.0000000000e+00,    1.1659900099e-01,    0.0000000000e+00,    1.1659900099e-01,    0.0000000000e+00,
    1.1769899726e-01,    0.0000000000e+00,    1.1769899726e-01,    0.0000000000e+00,    1.1769899726e-01,    0.0000000000e+00,
    1.1879900098e-01,    0.0000000000e+00,    1.1879900098e-01,    0.0000000000e+00,    1.1879900098e-01,    0.0000000000e+00,
    1.1989899725e-01,    0.0000000000e+00,    1.1989899725e-01,    0.0000000000e+00,    1.1989899725e-01,    0.0000000000e+00,
    1.2099900097e-01,    0.0000000000e+00,    1.2099900097e-01,    0.0000000000e+00,    1.2099900097e-01,    0.0000000000e+00,
    1.2209899724e-01,    0.0000000000e+00,    1.2209899724e-01,    0.0000000000e+00,    1.2209899724e-01,    0.0000000000e+00,
    1.2319900095e-01,    0.0000000000e+00,    1.2319900095e-01,    0.0000000000e+00,    1.2319900095e-01,    0.0000000000e+00,
    1.2429899722e-01,    0.0000000000e+00,    1.2429899722e-01,    0.0000000000e+00,    1.2429899722e-01,    0.0000000000e+00,
    1.2540000677e-01,    0.0000000000e+00,    1.2540000677e-01,    0.0000000000e+00,    1.2540000677e-01,    0.0000000000e+00,
    1.2649999559e-01,    0.0000000000e+00,    1.2649999559e-01,    0.0000000000e+00,    1.2649999559e-01,    0.0000000000e+00,
    1.2759900093e-01,    0.0000000000e+00,    1.2759900093e-01,    0.0000000000e+00,    1.2759900093e-01,    0.0000000000e+00,
    1.2870000303e-01,    0.0000000000e+00,    1.2870000303e-01,    0.0000000000e+00,    1.2870000303e-01,    0.0000000000e+00,
    1.2980000675e-01,    0.0000000000e+00,    1.2980000675e-01,    0.0000000000e+00,    1.2980000675e-01,    0.0000000000e+00,
    1.3089899719e-01,    0.0000000000e+00,    1.3089899719e-01,    0.0000000000e+00,    1.3089899719e-01,    0.0000000000e+00,
    1.3199999928e-01,    0.0000000000e+00,    1.3199999928e-01,    0.0000000000e+00,    1.3199999928e-01,    0.0000000000e+00,
    1.3310000300e-01,    0.0000000000e+00,    1.3310000300e-01,    0.0000000000e+00,    1.3310000300e-01,    0.0000000000e+00,
    1.3420000672e-01,    0.0000000000e+00,    1.3420000672e-01,    0.0000000000e+00,    1.3420000672e-01,    0.0000000000e+00,
    1.3529899716e-01,    0.0000000000e+00,    1.3529899716e-01,    0.0000000000e+00,    1.3529899716e-01,    0.0000000000e+00,
    1.3639999926e-01,    0.0000000000e+00,    1.3639999926e-01,    0.0000000000e+00,    1.3639999926e-01,    0.0000000000e+00,
    1.3750000298e-01,    0.0000000000e+00,    1.3750000298e-01,    0.0000000000e+00,    1.3750000298e-01,    0.0000000000e+00,
    1.3860000670e-01,    0.0000000000e+00,    1.3860000670e-01,    0.0000000000e+00,    1.3860000670e-01,    0.0000000000e+00,
    1.3969999552e-01,    0.0000000000e+00,    1.3969999552e-01,    0.0000000000e+00,    1.3969999552e-01,    0.0000000000e+00,
    1.4079999924e-01,    0.0000000000e+00,    1.4079999924e-01,    0.0000000000e+00,    1.4079999924e-01,    0.0000000000e+00,
    1.4190000296e-01,    0.0000000000e+00,    1.4190000296e-01,    0.0000000000e+00,    1.4190000296e-01,    0.0000000000e+00,
    1.4300000668e-01,    0.0000000000e+00,    1.4300000668e-01,    0.0000000000e+00,    1.4300000668e-01,    0.0000000000e+00,
    1.4409999549e-01,    0.0000000000e+00,    1.4409999549e-01,    0.0000000000e+00,    1.4409999549e-01,    0.0000000000e+00,
    1.4519900084e-01,    0.0000000000e+00,    1.4519900084e-01,    0.0000000000e+00,    1.4519900084e-01,    0.0000000000e+00,
    1.4629900455e-01,    0.0000000000e+00,    1.4629900455e-01,    0.0000000000e+00,    1.4629900455e-01,    0.0000000000e+00,
    1.4739899337e-01,    0.0000000000e+00,    1.4739899337e-01,    0.0000000000e+00,    1.4739899337e-01,    0.0000000000e+00,
    1.4849999547e-01,    0.0000000000e+00,    1.4849999547e-01,    0.0000000000e+00,    1.4849999547e-01,    0.0000000000e+00,
    1.4959999919e-01,    0.0000000000e+00,    1.4959999919e-01,    0.0000000000e+00,    1.4959999919e-01,    0.0000000000e+00,
    1.5069900453e-01,    0.0000000000e+00,    1.5069900453e-01,    0.0000000000e+00,    1.5069900453e-01,    0.0000000000e+00,
    1.5179899335e-01,    0.0000000000e+00,    1.5179899335e-01,    0.0000000000e+00,    1.5179899335e-01,    0.0000000000e+00,
    1.5289899707e-01,    0.0000000000e+00,    1.5289899707e-01,    0.0000000000e+00,    1.5289899707e-01,    0.0000000000e+00,
    1.5399999917e-01,    0.0000000000e+00,    1.5399999917e-01,    0.0000000000e+00,    1.5399999917e-01,    0.0000000000e+00,
    1.5509900451e-01,    0.0000000000e+00,    1.5509900451e-01,    0.0000000000e+00,    1.5509900451e-01,    0.0000000000e+00,
    1.5620000660e-01,    0.0000000000e+00,    1.5620000660e-01,    0.0000000000e+00,    1.5620000660e-01,    0.0000000000e+00,
    1.5729999542e-01,    0.0000000000e+00,    1.5729999542e-01,    0.0000000000e+00,    1.5729999542e-01,    0.0000000000e+00,
    1.5839900076e-01,    0.0000000000e+00,    1.5839900076e-01,    0.0000000000e+00,    1.5839900076e-01,    0.0000000000e+00,
    1.5949900448e-01,    0.0000000000e+00,    1.5949900448e-01,    0.0000000000e+00,    1.5949900448e-01,    0.0000000000e+00,
    1.6059899330e-01,    0.0000000000e+00,    1.6059899330e-01,    0.0000000000e+00,    1.6059899330e-01,    0.0000000000e+00,
    1.6169999540e-01,    0.0000000000e+00,    1.6169999540e-01,    0.0000000000e+00,    1.6169999540e-01,    0.0000000000e+00,
    1.6279999912e-01,    0.0000000000e+00,    1.6279999912e-01,    0.0000000000e+00,    1.6279999912e-01,    0.0000000000e+00,
    1.6390000284e-01,    0.0000000000e+00,    1.6390000284e-01,    0.0000000000e+00,    1.6390000284e-01,    0.0000000000e+00,
    1.6500000656e-01,    0.0000000000e+00,    1.6500000656e-01,    0.0000000000e+00,    1.6500000656e-01,    0.0000000000e+00,
    1.6609999537e-01,    0.0000000000e+00,    1.6609999537e-01,    0.0000000000e+00,    1.6609999537e-01,    0.0000000000e+00,
    1.6719900072e-01,    0.0000000000e+00,    1.6719900072e-01,    0.0000000000e+00,    1.6719900072e-01,    0.0000000000e+00,
    1.6830000281e-01,    0.0000000000e+00,    1.6830000281e-01,    0.0000000000e+00,    1.6830000281e-01,    0.0000000000e+00,
    1.6939899325e-01,    0.0000000000e+00,    1.6939899325e-01,    0.0000000000e+00,    1.6939899325e-01,    0.0000000000e+00,
    1.7049999535e-01,    0.0000000000e+00,    1.7049999535e-01,    0.0000000000e+00,    1.7049999535e-01,    0.0000000000e+00,
    1.7159900069e-01,    0.0000000000e+00,    1.7159900069e-01,    0.0000000000e+00,    1.7159900069e-01,    0.0000000000e+00,
    1.7269900441e-01,    0.0000000000e+00,    1.7269900441e-01,    0.0000000000e+00,    1.7269900441e-01,    0.0000000000e+00,
    1.7379899323e-01,    0.0000000000e+00,    1.7379899323e-01,    0.0000000000e+00,    1.7379899323e-01,    0.0000000000e+00,
    1.7489899695e-01,    0.0000000000e+00,    1.7489899695e-01,    0.0000000000e+00,    1.7489899695e-01,    0.0000000000e+00,
    1.7599900067e-01,    0.0000000000e+00,    1.7599900067e-01,    0.0000000000e+00,    1.7599900067e-01,    0.0000000000e+00,
    1.7709900439e-01,    0.0000000000e+00,    1.7709900439e-01,    0.0000000000e+00,    1.7709900439e-01,    0.0000000000e+00,
    1.7819899321e-01,    0.0000000000e+00,    1.7819899321e-01,    0.0000000000e+00,    1.7819899321e-01,    0.0000000000e+00,
    1.7929899693e-01,    0.0000000000e+00,    1.7929899693e-01,    0.0000000000e+00,    1.7929899693e-01,    0.0000000000e+00,
    1.8039900064e-01,    0.0000000000e+00,    1.8039900064e-01,    0.0000000000e+00,    1.8039900064e-01,    0.0000000000e+00,
    1.8150000274e-01,    0.0000000000e+00,    1.8150000274e-01,    0.0000000000e+00,    1.8150000274e-01,    0.0000000000e+00,
    1.8260000646e-01,    0.0000000000e+00,    1.8260000646e-01,    0.0000000000e+00,    1.8260000646e-01,    0.0000000000e+00,
    1.8369899690e-01,    0.0000000000e+00,    1.8369899690e-01,    0.0000000000e+00,    1.8369899690e-01,    0.0000000000e+00,
    1.8479900062e-01,    0.0000000000e+00,    1.8479900062e-01,    0.0000000000e+00,    1.8479900062e-01,    0.0000000000e+00,
    1.8589900434e-01,    0.0000000000e+00,    1.8589900434e-01,    0.0000000000e+00,    1.8589900434e-01,    0.0000000000e+00,
    1.8699899316e-01,    0.0000000000e+00,    1.8699899316e-01,    0.0000000000e+00,    1.8699899316e-01,    0.0000000000e+00,
    1.8809899688e-01,    0.0000000000e+00,    1.8809899688e-01,    0.0000000000e+00,    1.8809899688e-01,    0.0000000000e+00,
    1.8919900060e-01,    0.0000000000e+00,    1.8919900060e-01,    0.0000000000e+00,    1.8919900060e-01,    0.0000000000e+00,
    1.9030000269e-01,    0.0000000000e+00,    1.9030000269e-01,    0.0000000000e+00,    1.9030000269e-01,    0.0000000000e+00,
    1.9139899313e-01,    0.0000000000e+00,    1.9139899313e-01,    0.0000000000e+00,    1.9139899313e-01,    0.0000000000e+00,
    1.9249899685e-01,    0.0000000000e+00,    1.9249899685e-01,    0.0000000000e+00,    1.9249899685e-01,    0.0000000000e+00,
    1.9359999895e-01,    0.0000000000e+00,    1.9359999895e-01,    0.0000000000e+00,    1.9359999895e-01,    0.0000000000e+00,
    1.9470000267e-01,    0.0000000000e+00,    1.9470000267e-01,    0.0000000000e+00,    1.9470000267e-01,    0.0000000000e+00,
    1.9580000639e-01,    0.0000000000e+00,    1.9580000639e-01,    0.0000000000e+00,    1.9580000639e-01,    0.0000000000e+00,
    1.9689999521e-01,    0.0000000000e+00,    1.9689999521e-01,    0.0000000000e+00,    1.9689999521e-01,    0.0000000000e+00,
    1.9799999893e-01,    0.0000000000e+00,    1.9799999893e-01,    0.0000000000e+00,    1.9799999893e-01,    0.0000000000e+00,
    1.9910000265e-01,    0.0000000000e+00,    1.9910000265e-01,    0.0000000000e+00,    1.9910000265e-01,    0.0000000000e+00,
    2.0019899309e-01,    0.0000000000e+00,    2.0019899309e-01,    0.0000000000e+00,    2.0019899309e-01,    0.0000000000e+00,
    2.0129899681e-01,    0.0000000000e+00,    2.0129899681e-01,    0.0000000000e+00,    2.0129899681e-01,    0.0000000000e+00,
    2.0239900053e-01,    0.0000000000e+00,    2.0239900053e-01,    0.0000000000e+00,    2.0239900053e-01,    0.0000000000e+00,
    2.0349900424e-01,    0.0000000000e+00,    2.0349900424e-01,    0.0000000000e+00,    2.0349900424e-01,    0.0000000000e+00,
    2.0459899306e-01,    0.0000000000e+00,    2.0459899306e-01,    0.0000000000e+00,    2.0459899306e-01,    0.0000000000e+00,
    2.0569999516e-01,    0.0000000000e+00,    2.0569999516e-01,    0.0000000000e+00,    2.0569999516e-01,    0.0000000000e+00,
    2.0679900050e-01,   -1.0340699852e-08,    2.0679900050e-01,    1.3406500220e-03,    2.0679900050e-01,   -2.5020299290e-06,
    2.0790000260e-01,   -2.7704899708e-08,    2.0790000260e-01,    1.2946399860e-02,    2.0790000260e-01,   -2.0374500309e-05,
    2.0899899304e-01,   -1.2297999774e-07,    2.0899899304e-01,    2.9063299298e-02,    2.0899899304e-01,    5.6838700402e-05,
    2.1009999514e-01,   -4.1512699056e-08,    2.1009999514e-01,    4.7157600522e-02,    2.1009999514e-01,    4.0062201151e-05,
    2.1119900048e-01,   -1.9673200313e-07,    2.1119900048e-01,    7.0588298142e-02,    2.1119900048e-01,   -1.5875599638e-04,
    2.1229900420e-01,    4.0306399995e-08,    2.1229900420e-01,    9.5751300454e-02,    2.1229900420e-01,    2.6446799893e-05,
    2.1339899302e-01,   -4.4426902157e-09,    2.1339899302e-01,    1.2736600637e-01,    2.1339899302e-01,    1.4114000078e-04,
    2.1449999511e-01,    1.3571799684e-08,    2.1449999511e-01,    1.6404999793e-01,    2.1449999511e-01,   -1.9681500271e-04,
    2.1559900045e-01,    1.8074000252e-07,    2.1559900045e-01,    2.0182299614e-01,    2.1559900045e-01,   -5.0425198424e-05,
    2.1669900417e-01,   -6.9382402046e-08,    2.1669900417e-01,    2.4163499475e-01,    2.1669900417e-01,    3.6447599996e-04,
    2.1779899299e-01,    3.8541600134e-07,    2.1779899299e-01,    2.8453299403e-01,    2.1779899299e-01,    1.6164000044e-05,
    2.1889899671e-01,    1.3463099435e-07,    2.1889899671e-01,    3.2971298695e-01,    2.1889899671e-01,   -6.7179200414e-05,
    2.1999999881e-01,   -5.4651401626e-08,    2.1999999881e-01,    3.7555199862e-01,    2.1999999881e-01,    4.4082698878e-04,
    2.2110000253e-01,    4.3246998871e-07,    2.2110000253e-01,    4.2365199327e-01,    2.2110000253e-01,    2.7879400295e-04,
    2.2219899297e-01,    1.4052599795e-07,    2.2219899297e-01,    4.7545999289e-01,    2.2219899297e-01,   -6.5242900746e-05,
    2.2329999506e-01,    1.9207899982e-07,    2.2329999506e-01,    5.2996498346e-01,    2.2329999506e-01,    4.7274699318e-04,
    2.2439999878e-01,    6.7491998834e-07,    2.2439999878e-01,    5.8498597145e-01,    2.2439999878e-01,    4.9121701159e-04,
    2.2549900413e-01,    3.6862599018e-07,    2.2549900413e-01,    6.4638799429e-01,    2.2549900413e-01,    8.4930798039e-07,
    2.2659899294e-01,    7.4290397833e-07,    2.2659899294e-01,    7.1046102047e-01,    2.2659899294e-01,    4.5546100591e-04,
    2.2769999504e-01,    8.8902299922e-07,    2.2769999504e-01,    7.7560299635e-01,    2.2769999504e-01,    6.4742000541e-04,
    2.2879900038e-01,    7.0460302481e-08,    2.2879900038e-01,    8.4584397078e-01,    2.2879900038e-01,    8.7568398158e-05,
    2.2989900410e-01,    1.1400900348e-06,    2.2989900410e-01,    9.1984802485e-01,    2.2989900410e-01,   -9.2183302058e-07,
    2.3099899292e-01,    9.6293797469e-07,    2.3099899292e-01,    9.9572300911e-01,    2.3099899292e-01,    2.4794798810e-04,
    2.3209899664e-01,    5.0361802550e-07,    2.3209899664e-01,    1.0700500011e+00,    2.3209899664e-01,   -7.8565999866e-04,
    2.3319999874e-01,    1.5155800384e-06,    2.3319999874e-01,    1.1382000446e+00,    2.3319999874e-01,   -1.4713699929e-03,
    2.3430000246e-01,    5.9404300146e-07,    2.3430000246e-01,    1.2084399462e+00,    2.3430000246e-01,   -2.1037699189e-03,
    2.3540000618e-01,    1.4932500108e-06,    2.3540000618e-01,    1.2905100584e+00,    2.3540000618e-01,   -2.7882400900e-03,
    2.3649899662e-01,    1.1637099533e-06,    2.3649899662e-01,    1.3685300350e+00,    2.3649899662e-01,   -3.0306100380e-03,
    2.3759900033e-01,    2.2408601126e-06,    2.3759900033e-01,    1.4458899498e+00,    2.3759900033e-01,   -2.0685698837e-03,
    2.3869900405e-01,    1.7472400486e-06,    2.3869900405e-01,    1.5298000574e+00,    2.3869900405e-01,   -2.1781900432e-03,
    2.3980000615e-01,    1.9902499844e-06,    2.3980000615e-01,    1.6229300499e+00,    2.3980000615e-01,   -1.5671399888e-03,
    2.4089999497e-01,    2.2194499252e-06,    2.4089999497e-01,    1.7021700144e+00,    2.4089999497e-01,   -3.7355000586e-06,
    2.4199999869e-01,    2.1193300199e-06,    2.4199999869e-01,    1.7866300344e+00,    2.4199999869e-01,    4.6075601131e-04,
    2.4310000241e-01,    9.4160695880e-06,    2.4310000241e-01,    1.8822100163e+00,    2.4310000241e-01,    8.3966099191e-04,
    2.4419899285e-01,    1.2008000340e-05,    2.4419899285e-01,    1.9824099541e+00,    2.4419899285e-01,    8.2966999616e-04,
    2.4529999495e-01,   -1.6517600670e-05,    2.4529999495e-01,    2.0798199177e+00,    2.4529999495e-01,    1.4313400607e-04,
    2.4639900029e-01,   -1.1239800187e-05,    2.4639900029e-01,    2.1868100166e+00,    2.4639900029e-01,   -2.2249399626e-04,
    2.4749900401e-01,    1.1744300537e-06,    2.4749900401e-01,    2.2899498940e+00,    2.4749900401e-01,    3.8822100032e-04,
    2.4859899282e-01,   -6.4905898398e-06,    2.4859899282e-01,    2.3869400024e+00,    2.4859899282e-01,    3.5281598684e-04,
    2.4969999492e-01,   -1.2194699593e-05,    2.4969999492e-01,    2.5056800842e+00,    2.4969999492e-01,   -1.6618700465e-04,
    2.5080001354e-01,   -8.8180004241e-06,    2.5080001354e-01,    2.6231300831e+00,    2.5080001354e-01,    3.7431600504e-04,
    2.5189900398e-01,   -2.2232400170e-06,    2.5189900398e-01,    2.7420198917e+00,    2.5189900398e-01,    6.7827600287e-04,
    2.5299900770e-01,   -4.8424499255e-07,    2.5299900770e-01,    2.8540699482e+00,    2.5299900770e-01,    1.5005099704e-04,
    2.5409999490e-01,   -4.7821899898e-06,    2.5409999490e-01,    2.9628300667e+00,    2.5409999490e-01,    3.6021400592e-04,
    2.5519898534e-01,   -6.8653298513e-06,    2.5519898534e-01,    3.0448000431e+00,    2.5519898534e-01,    9.0834801085e-04,
    2.5629898906e-01,   -1.0423599633e-05,    2.5629898906e-01,    3.1533501148e+00,    2.5629898906e-01,    5.8952899417e-04,
    2.5739899278e-01,    1.8574700516e-04,    2.5739899278e-01,    3.2459499836e+00,    2.5739899278e-01,    4.4939099462e-04,
    2.5849899650e-01,   -4.3662500684e-04,    2.5849899650e-01,    3.3135700226e+00,    2.5849899650e-01,    2.3507100996e-03,
    2.5959900022e-01,    2.0244700863e-05,    2.5959900022e-01,    3.4247400761e+00,    2.5959900022e-01,    2.1122801118e-03,
    2.6069900393e-01,    8.3122798242e-04,    2.6069900393e-01,    3.5390601158e+00,    2.6069900393e-01,    2.9516099021e-03,
    2.6179999113e-01,    5.8678601636e-04,    2.6179999113e-01,    3.6318299770e+00,    2.6179999113e-01,    5.6988298893e-03,
    2.6289999485e-01,   -1.3784200419e-03,    2.6289999485e-01,    3.6949300766e+00,    2.6289999485e-01,    7.8941304237e-03,
    2.6399898529e-01,   -4.7890300630e-04,    2.6399898529e-01,    3.7560300827e+00,    2.6399898529e-01,    4.5925602317e-03,
    2.6509898901e-01,   -2.4043199664e-04,    2.6509898901e-01,    3.8099799156e+00,    2.6509898901e-01,    3.4471300896e-03,
    2.6619899273e-01,   -2.2426000796e-03,    2.6619899273e-01,    3.9164099693e+00,    2.6619899273e-01,    4.7806599177e-03,
    2.6729899645e-01,   -3.0509100761e-03,    2.6729899645e-01,    4.0550198555e+00,    2.6729899645e-01,    5.6179198436e-03,
    2.6839900017e-01,   -3.9671598934e-03,    2.6839900017e-01,    4.1921000481e+00,    2.6839900017e-01,    4.1546002030e-03,
    2.6949900389e-01,   -3.2949598972e-03,    2.6949900389e-01,    4.2891898155e+00,    2.6949900389e-01,    1.9600600936e-03,
    2.7059900761e-01,   -4.8858998343e-03,    2.7059900761e-01,    4.3555102348e+00,    2.7059900761e-01,    4.1767600924e-03,
    2.7169901133e-01,   -2.4213599972e-03,    2.7169901133e-01,    4.4346599579e+00,    2.7169901133e-01,    5.4383301176e-03,
    2.7279898524e-01,   -6.3460301608e-03,    2.7279898524e-01,    4.4554100037e+00,    2.7279898524e-01,    5.3125899285e-03,
    2.7389898896e-01,   -1.0337400250e-02,    2.7389898896e-01,    4.5655798912e+00,    2.7389898896e-01,    4.1980999522e-03,
    2.7499899268e-01,   -1.3644600287e-02,    2.7499899268e-01,    4.6709899902e+00,    2.7499899268e-01,    5.8135502040e-03,
    2.7609899640e-01,   -8.2997102290e-03,    2.7609899640e-01,    4.7552499771e+00,    2.7609899640e-01,    3.7871899549e-03,
    2.7720001340e-01,   -7.8122001141e-03,    2.7720001340e-01,    4.8671698570e+00,    2.7720001340e-01,    1.0462800274e-03,
    2.7829900384e-01,   -8.1891901791e-03,    2.7829900384e-01,    4.9566698074e+00,    2.7829900384e-01,    1.4648500364e-03,
    2.7939900756e-01,   -5.8055301197e-03,    2.7939900756e-01,    5.0734400749e+00,    2.7939900756e-01,   -3.8924599066e-03,
    2.8049901128e-01,   -4.6230801381e-03,    2.8049901128e-01,    5.2495799065e+00,    2.8049901128e-01,   -8.7907798588e-03,
    2.8159898520e-01,    1.3135999907e-03,    2.8159898520e-01,    5.4018797874e+00,    2.8159898520e-01,   -7.2726001963e-03,
    2.8269898891e-01,   -1.3470200356e-03,    2.8269898891e-01,    5.5026898384e+00,    2.8269898891e-01,   -9.4450600445e-03,
    2.8379899263e-01,    4.7057499178e-03,    2.8379899263e-01,    5.6019001007e+00,    2.8379899263e-01,   -7.0401700214e-03,
    2.8489899635e-01,    5.0674198428e-04,    2.8489899635e-01,    5.7277798653e+00,    2.8489899635e-01,   -4.9807899632e-03,
    2.8599900007e-01,    8.7890103459e-03,    2.8599900007e-01,    5.8184800148e+00,    2.8599900007e-01,   -3.9590299129e-03,
    2.8709998727e-01,    1.0592799634e-02,    2.8709998727e-01,    5.8639698029e+00,    2.8709998727e-01,   -4.7612101771e-03,
    2.8819900751e-01,    5.9878998436e-03,    2.8819900751e-01,    5.9630999565e+00,    2.8819900751e-01,   -5.7433298789e-03,
    2.8929999471e-01,    2.2965099197e-03,    2.8929999471e-01,    6.0542101860e+00,    2.8929999471e-01,   -1.0667899624e-02,
    2.9039999843e-01,    7.4256001972e-03,    2.9039999843e-01,    6.1149001122e+00,    2.9039999843e-01,   -8.3205504343e-03,
    2.9149898887e-01,    1.8438400701e-02,    2.9149898887e-01,    6.1907300949e+00,    2.9149898887e-01,   -9.3995500356e-03,
    2.9260000587e-01,    8.7417196482e-03,    2.9260000587e-01,    6.2925500870e+00,    2.9260000587e-01,   -5.7730800472e-03,
    2.9370000958e-01,    1.1247799732e-02,    2.9370000958e-01,    6.3710598946e+00,    2.9370000958e-01,   -4.1268300265e-03,
    2.9480001330e-01,    1.5301199630e-02,    2.9480001330e-01,    6.4685797691e+00,    2.9480001330e-01,   -5.1779299974e-03,
    2.9589900374e-01,    7.2908001021e-03,    2.9589900374e-01,    6.5541701317e+00,    2.9589900374e-01,   -8.7476503104e-03,
    2.9699999094e-01,   -1.5834199730e-03,    2.9699999094e-01,    6.6281299591e+00,    2.9699999094e-01,   -7.5688399374e-03,
    2.9809999466e-01,   -6.2268301845e-03,    2.9809999466e-01,    6.7695398331e+00,    2.9809999466e-01,   -4.5537399128e-03,
    2.9919898510e-01,   -7.7452398837e-03,    2.9919898510e-01,    6.8609399796e+00,    2.9919898510e-01,   -4.4864201918e-03,
    3.0030000210e-01,   -5.1430701278e-03,    3.0030000210e-01,    6.9277300835e+00,    3.0030000210e-01,   -3.5579700489e-03,
    3.0139899254e-01,   -1.0084199719e-02,    3.0139899254e-01,    7.0247402191e+00,    3.0139899254e-01,   -7.4713298818e-04,
    3.0249899626e-01,   -9.9277496338e-03,    3.0249899626e-01,    7.1181101799e+00,    3.0249899626e-01,    6.5968901617e-04,
    3.0359899998e-01,   -9.0208295733e-03,    3.0359899998e-01,    7.1549801826e+00,    3.0359899998e-01,    2.0831299480e-03,
    3.0469900370e-01,   -5.9413001873e-03,    3.0469900370e-01,    7.1756901741e+00,    3.0469900370e-01,   -2.3145799059e-03,
    3.0579999089e-01,   -1.6490599141e-02,    3.0579999089e-01,    7.1733198166e+00,    3.0579999089e-01,   -4.7817798331e-03,
    3.0689901114e-01,   -1.8928600475e-02,    3.0689901114e-01,    7.1744499207e+00,    3.0689901114e-01,   -7.2732199915e-03,
    3.0799999833e-01,   -1.7501400784e-02,    3.0799999833e-01,    7.2324399948e+00,    3.0799999833e-01,   -6.7964298651e-03,
    3.0909898877e-01,   -2.0832700655e-02,    3.0909898877e-01,    7.3195500374e+00,    3.0909898877e-01,   -9.0740602463e-03,
    3.1019899249e-01,   -3.2050900161e-02,    3.1019899249e-01,    7.3773899078e+00,    3.1019899249e-01,   -9.4202095643e-03,
    3.1129899621e-01,   -2.9839100316e-02,    3.1129899621e-01,    7.4306697845e+00,    3.1129899621e-01,   -1.0805400088e-02,
    3.1239899993e-01,   -3.3158499748e-02,    3.1239899993e-01,    7.4803800583e+00,    3.1239899993e-01,   -8.7387701496e-03,
    3.1349900365e-01,   -3.6454398185e-02,    3.1349900365e-01,    7.5537600517e+00,    3.1349900365e-01,   -8.7192701176e-03,
    3.1459900737e-01,   -3.2885000110e-02,    3.1459900737e-01,    7.6016402245e+00,    3.1459900737e-01,   -4.0501197800e-03,
    3.1569901109e-01,   -3.8344498724e-02,    3.1569901109e-01,    7.6305499077e+00,    3.1569901109e-01,   -1.2325699572e-05,
    3.1679999828e-01,   -5.1924198866e-02,    3.1679999828e-01,    7.6370100975e+00,    3.1679999828e-01,    2.3475000635e-03,
    3.1790000200e-01,   -6.0705598444e-02,    3.1790000200e-01,    7.6485600471e+00,    3.1790000200e-01,    4.6019400470e-03,
    3.1900000572e-01,   -5.8883499354e-02,    3.1900000572e-01,    7.7871499062e+00,    3.1900000572e-01,    4.1990699247e-03,
    3.2009899616e-01,   -5.9883799404e-02,    3.2009899616e-01,    7.9569997787e+00,    3.2009899616e-01,    3.3989800140e-03,
    3.2120001316e-01,   -6.5027102828e-02,    3.2120001316e-01,    8.0852899551e+00,    3.2120001316e-01,    8.5958400741e-03,
    3.2229900360e-01,   -6.0356300324e-02,    3.2229900360e-01,    8.1907997131e+00,    3.2229900360e-01,    9.8789203912e-03,
    3.2339900732e-01,   -5.1398899406e-02,    3.2339900732e-01,    8.2801799774e+00,    3.2339900732e-01,    3.2529600430e-03,
    3.2449901104e-01,   -4.7549199313e-02,    3.2449901104e-01,    8.3281803131e+00,    3.2449901104e-01,    3.2952299807e-03,
    3.2559901476e-01,   -4.3643798679e-02,    3.2559901476e-01,    8.4520998001e+00,    3.2559901476e-01,   -3.4552700818e-03,
    3.2670000196e-01,   -4.4300101697e-02,    3.2670000196e-01,    8.5598096848e+00,    3.2670000196e-01,   -5.1642400213e-03,
    3.2779899240e-01,   -4.5494601130e-02,    3.2779899240e-01,    8.6531200409e+00,    3.2779899240e-01,   -1.7916399520e-03,
    3.2890000939e-01,   -3.2708100975e-02,    3.2890000939e-01,    8.7981004715e+00,    3.2890000939e-01,   -5.2592898719e-03,
    3.2999899983e-01,   -3.2727200538e-02,    3.2999899983e-01,    8.9383096695e+00,    3.2999899983e-01,   -4.8539498821e-03,
    3.3109900355e-01,   -4.0007900447e-02,    3.3109900355e-01,    9.0349998474e+00,    3.3109900355e-01,   -3.5681601148e-03,
    3.3219900727e-01,   -3.7075698376e-02,    3.3219900727e-01,    9.1291103363e+00,    3.3219900727e-01,   -5.1552602090e-03,
    3.3329901099e-01,   -2.2846100852e-02,    3.3329901099e-01,    9.2153196335e+00,    3.3329901099e-01,   -1.0869400576e-03,
    3.3439999819e-01,   -2.3473400623e-02,    3.3439999819e-01,    9.2028799057e+00,    3.3439999819e-01,   -2.5990700815e-03,
    3.3549898863e-01,   -3.0744599178e-02,    3.3549898863e-01,    9.2266302109e+00,    3.3549898863e-01,   -9.5495302230e-03,
    3.3660000563e-01,   -2.5702500716e-02,    3.3660000563e-01,    9.2935800552e+00,    3.3660000563e-01,   -4.7825500369e-03,
    3.3769899607e-01,   -2.1802799776e-02,    3.3769899607e-01,    9.3444299698e+00,    3.3769899607e-01,   -6.8046501838e-03,
    3.3879899979e-01,   -2.5525599718e-02,    3.3879899979e-01,    9.3725099564e+00,    3.3879899979e-01,   -1.2212700211e-02,
    3.3989998698e-01,   -3.1886499375e-02,    3.3989998698e-01,    9.3845300674e+00,    3.3989998698e-01,   -5.7777198963e-03,
    3.4099900723e-01,   -2.8964199126e-02,    3.4099900723e-01,    9.4110202789e+00,    3.4099900723e-01,   -1.4420299791e-02,
    3.4209999442e-01,   -2.1041899920e-02,    3.4209999442e-01,    9.5024003983e+00,    3.4209999442e-01,   -2.2594099864e-02,
    3.4319999814e-01,   -1.6148999333e-02,    3.4319999814e-01,    9.5846204758e+00,    3.4319999814e-01,   -2.0255500451e-02,
    3.4429898858e-01,   -2.5601899251e-02,    3.4429898858e-01,    9.6678495407e+00,    3.4429898858e-01,   -1.9517099485e-02,
    3.4540000558e-01,   -1.8514100462e-02,    3.4540000558e-01,    9.7418804169e+00,    3.4540000558e-01,   -3.3827200532e-02,
    3.4649899602e-01,   -1.9313599914e-02,    3.4649899602e-01,    9.9064502716e+00,    3.4649899602e-01,   -3.3935498446e-02,
    3.4760001302e-01,   -3.1372100115e-02,    3.4760001302e-01,    1.0039099693e+01,    3.4760001302e-01,   -3.9149001241e-02,
    3.4869900346e-01,   -3.0165599659e-02,    3.4869900346e-01,    1.0083600044e+01,    3.4869900346e-01,   -4.1820701212e-02,
    3.4979999065e-01,   -3.6858700216e-02,    3.4979999065e-01,    1.0155699730e+01,    3.4979999065e-01,   -3.7519101053e-02,
    3.5089901090e-01,   -4.8190701753e-02,    3.5089901090e-01,    1.0316599846e+01,    3.5089901090e-01,   -3.3804900944e-02,
    3.5199999809e-01,   -4.9049001187e-02,    3.5199999809e-01,    1.0479700089e+01,    3.5199999809e-01,   -3.9067599922e-02,
    3.5309898853e-01,   -5.5560201406e-02,    3.5309898853e-01,    1.0612799644e+01,    3.5309898853e-01,   -3.2664798200e-02,
    3.5419899225e-01,   -7.7317602932e-02,    3.5419899225e-01,    1.0779199600e+01,    3.5419899225e-01,   -3.3196501434e-02,
    3.5530000925e-01,   -8.9833498001e-02,    3.5530000925e-01,    1.0883799553e+01,    3.5530000925e-01,   -3.7701901048e-02,
    3.5639899969e-01,   -7.6660498977e-02,    3.5639899969e-01,    1.1087699890e+01,    3.5639899969e-01,   -3.1578801572e-02,
    3.5749900341e-01,   -8.1361301243e-02,    3.5749900341e-01,    1.1248200417e+01,    3.5749900341e-01,   -2.7001500130e-02,
    3.5859900713e-01,   -1.0841099918e-01,    3.5859900713e-01,    1.1378299713e+01,    3.5859900713e-01,   -2.8396600857e-02,
    3.5969999433e-01,   -1.1509799957e-01,    3.5969999433e-01,    1.1486700058e+01,    3.5969999433e-01,   -2.1131899208e-02,
    3.6079999804e-01,   -1.0940799862e-01,    3.6079999804e-01,    1.1615799904e+01,    3.6079999804e-01,   -2.6694599539e-02,
    3.6190000176e-01,   -1.1452300102e-01,    3.6190000176e-01,    1.1797499657e+01,    3.6190000176e-01,   -2.3332599550e-02,
    3.6299899220e-01,   -1.2504799664e-01,    3.6299899220e-01,    1.1885800362e+01,    3.6299899220e-01,   -2.0973600447e-02,
    3.6409899592e-01,   -1.3894400001e-01,    3.6409899592e-01,    1.2043899536e+01,    3.6409899592e-01,   -2.2185899317e-02,
    3.6520001292e-01,   -1.2725999951e-01,    3.6520001292e-01,    1.2188599586e+01,    3.6520001292e-01,   -2.2929299623e-02,
    3.6629900336e-01,   -1.2694300711e-01,    3.6629900336e-01,    1.2334799767e+01,    3.6629900336e-01,   -2.0574999973e-02,
    3.6739900708e-01,   -1.3095599413e-01,    3.6739900708e-01,    1.2527299881e+01,    3.6739900708e-01,   -1.7209399492e-02,
    3.6849901080e-01,   -1.1460699886e-01,    3.6849901080e-01,    1.2657299995e+01,    3.6849901080e-01,   -2.0583199337e-02,
    3.6959901452e-01,   -1.0631100088e-01,    3.6959901452e-01,    1.2765999794e+01,    3.6959901452e-01,   -1.1831300333e-02,
    3.7069898844e-01,   -8.9545696974e-02,    3.7069898844e-01,    1.2952400208e+01,    3.7069898844e-01,   -1.6469800845e-02,
    3.7179899216e-01,   -9.1873198748e-02,    3.7179899216e-01,    1.3092900276e+01,    3.7179899216e-01,   -1.9410699606e-02,
    3.7290000916e-01,   -8.9532300830e-02,    3.7290000916e-01,    1.3226900101e+01,    3.7290000916e-01,   -1.7490699887e-02,
    3.7399899960e-01,   -8.1291601062e-02,    3.7399899960e-01,    1.3364800453e+01,    3.7399899960e-01,   -9.7740795463e-03,
    3.7509998679e-01,   -7.1650102735e-02,    3.7509998679e-01,    1.3442399979e+01,    3.7509998679e-01,   -1.5730699524e-02,
    3.7619900703e-01,   -8.3939097822e-02,    3.7619900703e-01,    1.3371500015e+01,    3.7619900703e-01,   -7.8874696046e-03,
    3.7729901075e-01,   -9.7396701574e-02,    3.7729901075e-01,    1.3383500099e+01,    3.7729901075e-01,   -8.4045697004e-03,
    3.7839999795e-01,   -8.3213999867e-02,    3.7839999795e-01,    1.3442999840e+01,    3.7839999795e-01,   -1.6852900386e-02,
    3.7949898839e-01,   -7.5195401907e-02,    3.7949898839e-01,    1.3579000473e+01,    3.7949898839e-01,   -1.2148199603e-02,
    3.8060000539e-01,   -8.0868296325e-02,    3.8060000539e-01,    1.3786000252e+01,    3.8060000539e-01,   -5.8148698881e-03,
    3.8170000911e-01,   -6.9925099611e-02,    3.8170000911e-01,    1.3970299721e+01,    3.8170000911e-01,   -5.5049997754e-03,
    3.8279899955e-01,   -5.4078999907e-02,    3.8279899955e-01,    1.4085900307e+01,    3.8279899955e-01,    4.6011698432e-03,
    3.8389998674e-01,   -4.5436300337e-02,    3.8389998674e-01,    1.4200400352e+01,    3.8389998674e-01,    9.7978301346e-03,
    3.8499900699e-01,   -3.8977399468e-02,    3.8499900699e-01,    1.4286399841e+01,    3.8499900699e-01,    7.2003398091e-03,
    3.8609901071e-01,   -3.0884400010e-02,    3.8609901071e-01,    1.4308099747e+01,    3.8609901071e-01,    1.7782500014e-02,
    3.8719999790e-01,   -2.7972400188e-02,    3.8719999790e-01,    1.4301099777e+01,    3.8719999790e-01,    1.9101500511e-02,
    3.8829898834e-01,   -3.8261599839e-02,    3.8829898834e-01,    1.4281800270e+01,    3.8829898834e-01,    2.1148499101e-02,
    3.8940000534e-01,   -3.9053700864e-02,    3.8940000534e-01,    1.4365900040e+01,    3.8940000534e-01,    2.9715400189e-02,
    3.9049899578e-01,   -4.7707099468e-02,    3.9049899578e-01,    1.4459199905e+01,    3.9049899578e-01,    2.8618700802e-02,
    3.9160001278e-01,   -5.8524299413e-02,    3.9160001278e-01,    1.4601900101e+01,    3.9160001278e-01,    3.5659801215e-02,
    3.9269998670e-01,   -6.5811902285e-02,    3.9269998670e-01,    1.4803299904e+01,    3.9269998670e-01,    3.5215299577e-02,
    3.9379999042e-01,   -6.3014499843e-02,    3.9379999042e-01,    1.5024000168e+01,    3.9379999042e-01,    3.3730700612e-02,
    3.9489901066e-01,   -7.7901802957e-02,    3.9489901066e-01,    1.5246299744e+01,    3.9489901066e-01,    4.3570201844e-02,
    3.9599901438e-01,   -1.0411600024e-01,    3.9599901438e-01,    1.5423100471e+01,    3.9599901438e-01,    5.1413200796e-02,
    3.9710000157e-01,   -1.1697799712e-01,    3.9710000157e-01,    1.5557600021e+01,    3.9710000157e-01,    4.8205200583e-02,
    3.9819899201e-01,   -1.2968200445e-01,    3.9819899201e-01,    1.5875399590e+01,    3.9819899201e-01,    5.2921898663e-02,
    3.9929899573e-01,   -1.2924599648e-01,    3.9929899573e-01,    1.6191200256e+01,    3.9929899573e-01,    4.9136500806e-02,
    4.0039899945e-01,   -1.1061300337e-01,    4.0039899945e-01,    1.6392900467e+01,    4.0039899945e-01,    4.8535101116e-02,
    4.0149900317e-01,   -1.1747100204e-01,    4.0149900317e-01,    1.6719800949e+01,    4.0149900317e-01,    4.0632098913e-02,
    4.0259999037e-01,   -1.1113999784e-01,    4.0259999037e-01,    1.6989500046e+01,    4.0259999037e-01,    2.7889700606e-02,
    4.0369901061e-01,   -1.1067400128e-01,    4.0369901061e-01,    1.7211700439e+01,    4.0369901061e-01,    3.4075498581e-02,
    4.0479999781e-01,   -1.1912900209e-01,    4.0479999781e-01,    1.7395500183e+01,    4.0479999781e-01,    2.3581100628e-02,
    4.0589898825e-01,   -1.2388300151e-01,    4.0589898825e-01,    1.7650199890e+01,    4.0589898825e-01,   -1.9326399779e-03,
    4.0700000525e-01,   -1.2103799731e-01,    4.0700000525e-01,    1.7922399521e+01,    4.0700000525e-01,    2.2496100515e-02,
    4.0809899569e-01,   -1.2264800072e-01,    4.0809899569e-01,    1.8203500748e+01,    4.0809899569e-01,    1.4104600064e-02,
    4.0919899940e-01,   -1.5845499933e-01,    4.0919899940e-01,    1.8404699326e+01,    4.0919899940e-01,    7.8405300155e-03,
    4.1029900312e-01,   -1.7163300514e-01,    4.1029900312e-01,    1.8449600220e+01,    4.1029900312e-01,    1.3282399625e-02,
    4.1139999032e-01,   -1.5898300707e-01,    4.1139999032e-01,    1.8587099075e+01,    4.1139999032e-01,   -1.3028999791e-02,
    4.1249901056e-01,   -1.9062699378e-01,    4.1249901056e-01,    1.8817499161e+01,    4.1249901056e-01,   -2.0016999915e-02,
    4.1359901428e-01,   -1.9656799734e-01,    4.1359901428e-01,    1.8963499069e+01,    4.1359901428e-01,   -1.2420300394e-02,
    4.1470000148e-01,   -1.6381299496e-01,    4.1470000148e-01,    1.9061500549e+01,    4.1470000148e-01,   -2.6377100497e-02,
    4.1580000520e-01,   -1.6279299557e-01,    4.1580000520e-01,    1.9171699524e+01,    4.1580000520e-01,   -2.2779500112e-02,
    4.1689899564e-01,   -1.5831699967e-01,    4.1689899564e-01,    1.9186399460e+01,    4.1689899564e-01,   -2.6675200090e-02,
    4.1800001264e-01,   -1.4626100659e-01,    4.1800001264e-01,    1.9168300629e+01,    4.1800001264e-01,   -2.7043800801e-02,
    4.1909900308e-01,   -1.5231199563e-01,    4.1909900308e-01,    1.9267799377e+01,    4.1909900308e-01,   -2.3814100772e-02,
    4.2019999027e-01,   -1.2916600704e-01,    4.2019999027e-01,    1.9368099213e+01,    4.2019999027e-01,   -1.9464299083e-02,
    4.2129999399e-01,   -1.1915100366e-01,    4.2129999399e-01,    1.9487600327e+01,    4.2129999399e-01,   -2.3045800626e-02,
    4.2239901423e-01,   -1.1173100024e-01,    4.2239901423e-01,    1.9721200943e+01,    4.2239901423e-01,   -1.5895500779e-02,
    4.2349898815e-01,   -8.5403800011e-02,    4.2349898815e-01,    1.9903499603e+01,    4.2349898815e-01,   -1.8617300317e-02,
    4.2459899187e-01,   -8.4997601807e-02,    4.2459899187e-01,    1.9974500656e+01,    4.2459899187e-01,   -2.8862800449e-02,
    4.2569899559e-01,   -1.1122599989e-01,    4.2569899559e-01,    2.0089399338e+01,    4.2569899559e-01,   -2.8602300212e-02,
    4.2679899931e-01,   -1.1512199789e-01,    4.2679899931e-01,    2.0359199524e+01,    4.2679899931e-01,   -3.5660300404e-02,
    4.2789998651e-01,   -8.8654100895e-02,    4.2789998651e-01,    2.0538499832e+01,    4.2789998651e-01,   -5.1713701338e-02,
    4.2899999022e-01,   -8.4979400039e-02,    4.2899999022e-01,    2.0733600616e+01,    4.2899999022e-01,   -2.4322399870e-02,
    4.3009999394e-01,   -9.0731099248e-02,    4.3009999394e-01,    2.0967100143e+01,    4.3009999394e-01,   -3.9950899780e-02,
    4.3119901419e-01,   -9.1898299754e-02,    4.3119901419e-01,    2.1102800369e+01,    4.3119901419e-01,   -3.0457999557e-02,
    4.3229898810e-01,   -7.8117102385e-02,    4.3229898810e-01,    2.1307300568e+01,    4.3229898810e-01,   -2.7652699500e-02,
    4.3339899182e-01,   -8.9331202209e-02,    4.3339899182e-01,    2.1372699738e+01,    4.3339899182e-01,   -3.3408898860e-02,
    4.3449899554e-01,   -8.3644099534e-02,    4.3449899554e-01,    2.1309600830e+01,    4.3449899554e-01,   -8.2770297304e-03,
    4.3559899926e-01,   -6.5322302282e-02,    4.3559899926e-01,    2.1410400391e+01,    4.3559899926e-01,   -9.1678701574e-04,
    4.3669900298e-01,   -5.9511199594e-02,    4.3669900298e-01,    2.1571899414e+01,    4.3669900298e-01,   -1.1716799811e-02,
    4.3779999018e-01,   -6.9215096533e-02,    4.3779999018e-01,    2.1545000076e+01,    4.3779999018e-01,    6.0660699091e-05,
    4.3889999390e-01,   -5.5075298995e-02,    4.3889999390e-01,    2.1526100159e+01,    4.3889999390e-01,    5.5506401695e-03,
    4.3999901414e-01,   -4.7689698637e-02,    4.3999901414e-01,    2.1641300201e+01,    4.3999901414e-01,    1.1229800060e-02,
    4.4109898806e-01,   -5.4069500417e-02,    4.4109898806e-01,    2.1676200867e+01,    4.4109898806e-01,    1.0197600350e-02,
    4.4219899178e-01,   -7.6048500836e-02,    4.4219899178e-01,    2.1717199326e+01,    4.4219899178e-01,   -8.3557004109e-03,
    4.4329899549e-01,   -7.7409297228e-02,    4.4329899549e-01,    2.1839599609e+01,    4.4329899549e-01,    6.0424800031e-03,
    4.4440001249e-01,   -5.6239098310e-02,    4.4440001249e-01,    2.1884599686e+01,    4.4440001249e-01,    9.2947399244e-03,
    4.4549998641e-01,   -5.6079998612e-02,    4.4549998641e-01,    2.2111499786e+01,    4.4549998641e-01,    4.2431098409e-03,
    4.4659900665e-01,   -7.8482002020e-02,    4.4659900665e-01,    2.2319700241e+01,    4.4659900665e-01,    9.3294400722e-03,
    4.4769901037e-01,   -6.2188498676e-02,    4.4769901037e-01,    2.2319499969e+01,    4.4769901037e-01,    9.2702098191e-03,
    4.4879901409e-01,   -7.4765697122e-02,    4.4879901409e-01,    2.2312299728e+01,    4.4879901409e-01,    3.4371900838e-03,
    4.4989898801e-01,   -1.1347100139e-01,    4.4989898801e-01,    2.2257799149e+01,    4.4989898801e-01,    1.5103899874e-02,
    4.5099899173e-01,   -7.9501397908e-02,    4.5099899173e-01,    2.2142099380e+01,    4.5099899173e-01,   -1.0983100161e-02,
    4.5210000873e-01,   -7.4975699186e-02,    4.5210000873e-01,    2.2152700424e+01,    4.5210000873e-01,   -4.4265799224e-03,
    4.5319899917e-01,   -7.0776499808e-02,    4.5319899917e-01,    2.2100799561e+01,    4.5319899917e-01,    2.8308400884e-02,
    4.5429900289e-01,   -5.6190598756e-02,    4.5429900289e-01,    2.1874799728e+01,    4.5429900289e-01,    1.0381599888e-02,
    4.5539999008e-01,   -4.8742100596e-02,    4.5539999008e-01,    2.1804500580e+01,    4.5539999008e-01,    7.7439597808e-03,
    4.5649901032e-01,   -5.0961200148e-02,    4.5649901032e-01,    2.1844299316e+01,    4.5649901032e-01,    3.9412401617e-02,
    4.5759901404e-01,   -3.6038201302e-02,    4.5759901404e-01,    2.1782300949e+01,    4.5759901404e-01,    1.5123300254e-02,
    4.5869898796e-01,   -5.0554000773e-03,    4.5869898796e-01,    2.1719100952e+01,    4.5869898796e-01,    1.6995500773e-02,
    4.5979899168e-01,    5.8147599921e-03,    4.5979899168e-01,    2.1528900146e+01,    4.5979899168e-01,    3.3330101520e-02,
    4.6089899540e-01,   -1.0539599694e-02,    4.6089899540e-01,    2.1118099213e+01,    4.6089899540e-01,    1.0817799717e-02,
    4.6200001240e-01,    1.2470300309e-02,    4.6200001240e-01,    2.0927200317e+01,    4.6200001240e-01,    2.0405100659e-02,
    4.6309900284e-01,    5.3094800562e-02,    4.6309900284e-01,    2.0964500427e+01,    4.6309900284e-01,    2.7769299224e-02,
    4.6419999003e-01,    2.5606799871e-02,    4.6419999003e-01,    2.0856800079e+01,    4.6419999003e-01,   -2.1677699406e-03,
    4.6529999375e-01,    3.6231800914e-02,    4.6529999375e-01,    2.0785299301e+01,    4.6529999375e-01,    1.8137099221e-02,
    4.6639901400e-01,    4.7401700169e-02,    4.6639901400e-01,    2.0808300018e+01,    4.6639901400e-01,    1.2634299695e-02,
    4.6749898791e-01,    3.1941100955e-02,    4.6749898791e-01,    2.0636299133e+01,    4.6749898791e-01,   -2.6159000117e-03,
    4.6860000491e-01,    2.4887299165e-02,    4.6860000491e-01,    2.0549100876e+01,    4.6860000491e-01,    4.7634099610e-03,
    4.6970000863e-01,    3.1442299485e-02,    4.6970000863e-01,    2.0607599258e+01,    4.6970000863e-01,   -1.5231099911e-02,
    4.7080001235e-01,   -5.8957701549e-03,    4.7080001235e-01,    2.0722900391e+01,    4.7080001235e-01,   -1.8644200638e-02,
    4.7189900279e-01,   -5.4745201021e-02,    4.7189900279e-01,    2.0826999664e+01,    4.7189900279e-01,   -5.8540301397e-03,
    4.7299900651e-01,   -8.7774798274e-02,    4.7299900651e-01,    2.0851499557e+01,    4.7299900651e-01,   -3.7033300847e-02,
    4.7409999371e-01,   -1.1907900125e-01,    4.7409999371e-01,    2.0625400543e+01,    4.7409999371e-01,   -4.1776999831e-02,
    4.7519999743e-01,   -1.5384499729e-01,    4.7519999743e-01,    2.0452100754e+01,    4.7519999743e-01,   -5.0622500479e-02,
    4.7629898787e-01,   -1.6105200350e-01,    4.7629898787e-01,    2.0449399948e+01,    4.7629898787e-01,   -6.2208700925e-02,
    4.7739899158e-01,   -1.7394499481e-01,    4.7739899158e-01,    2.0474100113e+01,    4.7739899158e-01,   -6.2650397420e-02,
    4.7849899530e-01,   -1.6376000643e-01,    4.7849899530e-01,    2.0642900467e+01,    4.7849899530e-01,   -4.8578400165e-02,
    4.7959899902e-01,   -1.6963499784e-01,    4.7959899902e-01,    2.0985599518e+01,    4.7959899902e-01,   -4.4406000525e-02,
    4.8069998622e-01,   -1.6075499356e-01,    4.8069998622e-01,    2.1259500504e+01,    4.8069998622e-01,   -3.5750098526e-02,
    4.8179998994e-01,   -1.6106000543e-01,    4.8179998994e-01,    2.1583200455e+01,    4.8179998994e-01,   -3.6076299846e-02,
    4.8289999366e-01,   -1.2783199549e-01,    4.8289999366e-01,    2.2081800461e+01,    4.8289999366e-01,   -4.0495499969e-02,
    4.8399999738e-01,   -1.3964900374e-01,    4.8399999738e-01,    2.2675600052e+01,    4.8399999738e-01,   -2.6865100488e-02,
    4.8510000110e-01,   -1.3932700455e-01,    4.8510000110e-01,    2.3076099396e+01,    4.8510000110e-01,   -2.9735900462e-02,
    4.8620000482e-01,   -9.4064697623e-02,    4.8620000482e-01,    2.3440999985e+01,    4.8620000482e-01,   -2.2805800661e-02,
    4.8729899526e-01,   -8.4857098758e-02,    4.8729899526e-01,    2.3760200500e+01,    4.8729899526e-01,   -1.7183599994e-02,
    4.8840001225e-01,   -1.0957899690e-01,    4.8840001225e-01,    2.3971500397e+01,    4.8840001225e-01,   -9.3176299706e-03,
    4.8949900270e-01,   -8.9409299195e-02,    4.8949900270e-01,    2.4254199982e+01,    4.8949900270e-01,    6.6127898172e-03,
    4.9059998989e-01,   -8.5050597787e-02,    4.9059998989e-01,    2.4536899567e+01,    4.9059998989e-01,   -5.5326698348e-03,
    4.9169999361e-01,   -1.1103399843e-01,    4.9169999361e-01,    2.4755699158e+01,    4.9169999361e-01,    1.6874900088e-02,
    4.9279999733e-01,   -1.1586599797e-01,    4.9279999733e-01,    2.5179100037e+01,    4.9279999733e-01,    1.3991200365e-02,
    4.9390000105e-01,   -1.1563999951e-01,    4.9390000105e-01,    2.5460500717e+01,    4.9390000105e-01,    4.5296801254e-03,
    4.9499899149e-01,   -1.0979299992e-01,    4.9499899149e-01,    2.5586900711e+01,    4.9499899149e-01,    1.9890800118e-02,
    4.9610000849e-01,   -1.3079500198e-01,    4.9610000849e-01,    2.5897399902e+01,    4.9610000849e-01,    1.0463899933e-02,
    4.9720001221e-01,   -1.3278199732e-01,    4.9720001221e-01,    2.6112699509e+01,    4.9720001221e-01,    5.3784400225e-03,
    4.9829998612e-01,   -1.0547100008e-01,    4.9829998612e-01,    2.6162300110e+01,    4.9829998612e-01,    1.1467100121e-02,
    4.9939998984e-01,   -1.1408799887e-01,    4.9939998984e-01,    2.6282600403e+01,    4.9939998984e-01,    7.6427101158e-03,
    5.0050002337e-01,   -1.1720900238e-01,    5.0050002337e-01,    2.6425100327e+01,    5.0050002337e-01,    8.2280896604e-03,
    5.0159901381e-01,   -9.1801002622e-02,    5.0159901381e-01,    2.6776300430e+01,    5.0159901381e-01,    1.5641300008e-02,
    5.0269997120e-01,   -9.9987201393e-02,    5.0269997120e-01,    2.7302799225e+01,    5.0269997120e-01,    2.0370500162e-02,
    5.0379997492e-01,   -8.7517403066e-02,    5.0379997492e-01,    2.7630199432e+01,    5.0379997492e-01,    3.2144501805e-02,
    5.0489997864e-01,   -7.0103898644e-02,    5.0489997864e-01,    2.7677900314e+01,    5.0489997864e-01,    4.5276701450e-02,
    5.0599998236e-01,   -7.4437499046e-02,    5.0599998236e-01,    2.7956800461e+01,    5.0599998236e-01,    5.1059000194e-02,
    5.0709897280e-01,   -7.1753300726e-02,    5.0709897280e-01,    2.8138299942e+01,    5.0709897280e-01,    4.3179400265e-02,
    5.0819998980e-01,   -4.7363698483e-02,    5.0819998980e-01,    2.8273099899e+01,    5.0819998980e-01,    4.0858101100e-02,
    5.0929898024e-01,   -6.2654599547e-02,    5.0929898024e-01,    2.8513000488e+01,    5.0929898024e-01,    4.4298000634e-02,
    5.1039999723e-01,   -7.6149396598e-02,    5.1039999723e-01,    2.8304199219e+01,    5.1039999723e-01,    5.6145198643e-02,
    5.1150000095e-01,   -6.9022096694e-02,    5.1150000095e-01,    2.8121000290e+01,    5.1150000095e-01,    6.6609896719e-02,
    5.1260000467e-01,   -1.0927399993e-01,    5.1260000467e-01,    2.8141799927e+01,    5.1260000467e-01,    4.0249601007e-02,
    5.1370000839e-01,   -1.1359599978e-01,    5.1370000839e-01,    2.8167600632e+01,    5.1370000839e-01,    6.1204999685e-02,
    5.1479899883e-01,   -8.0249100924e-02,    5.1479899883e-01,    2.8241100311e+01,    5.1479899883e-01,    6.9770000875e-02,
    5.1589900255e-01,   -9.1067403555e-02,    5.1589900255e-01,    2.8491600037e+01,    5.1589900255e-01,    4.2734500021e-02,
    5.1700001955e-01,   -9.7565501928e-02,    5.1700001955e-01,    2.8607799530e+01,    5.1700001955e-01,    5.2149798721e-02,
    5.1810002327e-01,   -5.5330600590e-02,    5.1810002327e-01,    2.8551399231e+01,    5.1810002327e-01,    5.1271598786e-02,
    5.1920002699e-01,   -5.2457999438e-02,    5.1920002699e-01,    2.8938199997e+01,    5.1920002699e-01,    2.4674799293e-02,
    5.2029997110e-01,   -1.0902199894e-01,    5.2029997110e-01,    2.9078699112e+01,    5.2029997110e-01,    3.9182998240e-02,
    5.2139902115e-01,   -9.8369598389e-02,    5.2139902115e-01,    2.9140199661e+01,    5.2139902115e-01,    3.3323500305e-02,
    5.2249902487e-01,   -9.1639496386e-02,    5.2249902487e-01,    2.9300199509e+01,    5.2249902487e-01,   -2.1088500507e-03,
    5.2359998226e-01,   -1.2182100117e-01,    5.2359998226e-01,    2.9338199615e+01,    5.2359998226e-01,    2.4582199752e-02,
    5.2469998598e-01,   -1.4157000184e-01,    5.2469998598e-01,    2.9394899368e+01,    5.2469998598e-01,    1.0991199873e-02,
    5.2579998970e-01,   -1.1679799855e-01,    5.2579998970e-01,    2.9617900848e+01,    5.2579998970e-01,   -3.0435400549e-03,
    5.2689898014e-01,   -1.2966400385e-01,    5.2689898014e-01,    2.9811199188e+01,    5.2689898014e-01,    7.3569598608e-03,
    5.2799898386e-01,   -1.3669300079e-01,    5.2799898386e-01,    2.9913400650e+01,    5.2799898386e-01,   -2.3109400645e-02,
    5.2909898758e-01,   -1.1200100183e-01,    5.2909898758e-01,    3.0228200912e+01,    5.2909898758e-01,   -6.5103098750e-03,
    5.3019899130e-01,   -1.0620599985e-01,    5.3019899130e-01,    3.0330499649e+01,    5.3019899130e-01,   -3.0289599090e-04,
    5.3129899502e-01,   -1.5803399682e-01,    5.3129899502e-01,    3.0302999496e+01,    5.3129899502e-01,   -1.0393099859e-02,
    5.3239899874e-01,   -1.4432999492e-01,    5.3239899874e-01,    3.0577899933e+01,    5.3239899874e-01,   -7.7826797497e-04,
    5.3350001574e-01,   -1.2142699957e-01,    5.3350001574e-01,    3.0547399521e+01,    5.3350001574e-01,   -2.6814099401e-02,
    5.3459900618e-01,   -1.7020499706e-01,    5.3459900618e-01,    3.0425300598e+01,    5.3459900618e-01,   -1.6485799104e-02,
    5.3569900990e-01,   -1.6184699535e-01,    5.3569900990e-01,    3.0542499542e+01,    5.3569900990e-01,    1.0742699727e-02,
    5.3680002689e-01,   -1.4150600135e-01,    5.3680002689e-01,    3.0555099487e+01,    5.3680002689e-01,   -1.4725400135e-02,
    5.3789901733e-01,   -1.4056000113e-01,    5.3789901733e-01,    3.0799200058e+01,    5.3789901733e-01,   -1.0534999892e-02,
    5.3899902105e-01,   -1.5608200431e-01,    5.3899902105e-01,    3.1235900879e+01,    5.3899902105e-01,    9.6721602604e-03,
    5.4009997845e-01,   -1.5978899598e-01,    5.4009997845e-01,    3.1422000885e+01,    5.4009997845e-01,   -1.7245199531e-02,
    5.4119902849e-01,   -1.5258599818e-01,    5.4119902849e-01,    3.1639200211e+01,    5.4119902849e-01,   -1.5326799825e-02,
    5.4229998589e-01,   -1.6834299266e-01,    5.4229998589e-01,    3.1965999603e+01,    5.4229998589e-01,    3.9940997958e-03,
    5.4339897633e-01,   -1.6224800050e-01,    5.4339897633e-01,    3.2096599579e+01,    5.4339897633e-01,   -2.6035299525e-02,
    5.4449898005e-01,   -1.5697400272e-01,    5.4449898005e-01,    3.2283500671e+01,    5.4449898005e-01,    7.1750502102e-03,
    5.4559999704e-01,   -1.6230900586e-01,    5.4559999704e-01,    3.2791900635e+01,    5.4559999704e-01,    3.3632898703e-04,
    5.4669898748e-01,   -1.5280300379e-01,    5.4669898748e-01,    3.3186401367e+01,    5.4669898748e-01,   -1.2228899635e-02,
    5.4779899120e-01,   -1.3012799621e-01,    5.4779899120e-01,    3.3504398346e+01,    5.4779899120e-01,    1.7951499671e-02,
    5.4890000820e-01,   -1.2675200403e-01,    5.4890000820e-01,    3.4045898438e+01,    5.4890000820e-01,   -1.2486799620e-02,
    5.5000001192e-01,   -1.1246100068e-01,    5.5000001192e-01,    3.4291301727e+01,    5.5000001192e-01,   -2.1800400689e-02,
    5.5110001564e-01,   -1.2671299279e-01,    5.5110001564e-01,    3.4586101532e+01,    5.5110001564e-01,   -2.3235600442e-02,
    5.5220001936e-01,   -1.0470700264e-01,    5.5220001936e-01,    3.4972198486e+01,    5.5220001936e-01,   -2.9318600893e-02,
    5.5330002308e-01,   -9.1906398535e-02,    5.5330002308e-01,    3.5044799805e+01,    5.5330002308e-01,   -3.8554098457e-02,
    5.5439901352e-01,   -1.3109600544e-01,    5.5439901352e-01,    3.5232799530e+01,    5.5439901352e-01,   -3.0883500353e-02,
    5.5549997091e-01,   -1.2357799709e-01,    5.5549997091e-01,    3.5652301788e+01,    5.5549997091e-01,   -5.7204298675e-02,
    5.5659902096e-01,   -7.9849399626e-02,    5.5659902096e-01,    3.5902599335e+01,    5.5659902096e-01,   -7.4289798737e-02,
    5.5769902468e-01,   -8.8747203350e-02,    5.5769902468e-01,    3.5999900818e+01,    5.5769902468e-01,   -5.5229399353e-02,
    5.5879902840e-01,   -9.4859600067e-02,    5.5879902840e-01,    3.6304000854e+01,    5.5879902840e-01,   -4.5798800886e-02,
    5.5989897251e-01,   -6.3574202359e-02,    5.5989897251e-01,    3.6146800995e+01,    5.5989897251e-01,   -6.4766496420e-02,
    5.6099897623e-01,   -9.2458300292e-02,    5.6099897623e-01,    3.5907100677e+01,    5.6099897623e-01,   -7.6866097748e-02,
    5.6209897995e-01,   -8.7530203164e-02,    5.6209897995e-01,    3.5854000092e+01,    5.6209897995e-01,   -7.1720801294e-02,
    5.6319898367e-01,    5.0929598510e-03,    5.6319898367e-01,    3.5512199402e+01,    5.6319898367e-01,   -7.5813502073e-02,
    5.6430000067e-01,    8.0364104360e-03,    5.6430000067e-01,    3.5152400970e+01,    5.6430000067e-01,   -8.5122503340e-02,
    5.6540000439e-01,   -2.6335600764e-02,    5.6540000439e-01,    3.5066699982e+01,    5.6540000439e-01,   -5.8076698333e-02,
    5.6649899483e-01,    8.2747302949e-02,    5.6649899483e-01,    3.4623500824e+01,    5.6649899483e-01,   -3.7897698581e-02,
    5.6759899855e-01,    5.2396498621e-02,    5.6759899855e-01,    3.3898700714e+01,    5.6759899855e-01,   -2.3124400526e-02,
    5.6870001554e-01,   -3.3811800182e-02,    5.6870001554e-01,    3.4169399261e+01,    5.6870001554e-01,    9.6927704290e-03,
    5.6979900599e-01,    4.5381300151e-02,    5.6979900599e-01,    3.4101200104e+01,    5.6979900599e-01,   -1.5849199146e-02,
    5.7089900970e-01,    1.0567800142e-02,    5.7089900970e-01,    3.3866699219e+01,    5.7089900970e-01,   -7.7157202177e-03,
    5.7199901342e-01,   -1.0114599764e-01,    5.7199901342e-01,    3.4070899963e+01,    5.7199901342e-01,    2.2837700322e-02,
    5.7309901714e-01,   -1.6386499628e-02,    5.7309901714e-01,    3.4020801544e+01,    5.7309901714e-01,   -2.0497100428e-02,
    5.7419902086e-01,    7.3968297802e-03,    5.7419902086e-01,    3.3808998108e+01,    5.7419902086e-01,   -8.8729197159e-03,
    5.7529902458e-01,   -6.6987097263e-02,    5.7529902458e-01,    3.3971401215e+01,    5.7529902458e-01,   -6.5529998392e-03,
    5.7639902830e-01,   -6.7494198680e-02,    5.7639902830e-01,    3.4125999451e+01,    5.7639902830e-01,   -4.0610298514e-02,
    5.7749998569e-01,    1.0458800010e-02,    5.7749998569e-01,    3.4384601593e+01,    5.7749998569e-01,    3.2916900236e-03,
    5.7859998941e-01,   -4.8753801733e-02,    5.7859998941e-01,    3.4644599915e+01,    5.7859998941e-01,   -1.4611200429e-02,
    5.7969897985e-01,   -4.5142900199e-02,    5.7969897985e-01,    3.4386600494e+01,    5.7969897985e-01,   -6.0977101326e-02,
    5.8079898357e-01,    1.1222000234e-02,    5.8079898357e-01,    3.4054698944e+01,    5.8079898357e-01,   -2.7390799951e-03,
    5.8189898729e-01,   -3.3290699124e-02,    5.8189898729e-01,    3.4144699097e+01,    5.8189898729e-01,   -3.6943200976e-02,
    5.8299899101e-01,   -6.9092303514e-02,    5.8299899101e-01,    3.4055900574e+01,    5.8299899101e-01,   -4.8567399383e-02,
    5.8410000801e-01,   -2.5066600647e-03,    5.8410000801e-01,    3.4004798889e+01,    5.8410000801e-01,    6.9435602054e-03,
    5.8520001173e-01,   -5.3240600973e-02,    5.8520001173e-01,    3.4540599823e+01,    5.8520001173e-01,   -8.3851903677e-02,
    5.8629900217e-01,   -1.3167600334e-01,    5.8629900217e-01,    3.4502799988e+01,    5.8629900217e-01,   -5.0620101392e-02,
    5.8740001917e-01,   -8.6937502027e-02,    5.8740001917e-01,    3.4063400269e+01,    5.8740001917e-01,   -1.5058799647e-02,
    5.8849900961e-01,   -1.5350599587e-01,    5.8849900961e-01,    3.4121700287e+01,    5.8849900961e-01,   -1.1174000055e-01,
    5.8959901333e-01,   -2.1331399679e-01,    5.8959901333e-01,    3.4060798645e+01,    5.8959901333e-01,   -6.8001702428e-02,
    5.9069901705e-01,   -1.6780400276e-01,    5.9069901705e-01,    3.3769599915e+01,    5.9069901705e-01,   -4.7612600029e-02,
    5.9179997444e-01,   -1.4227999747e-01,    5.9179997444e-01,    3.4330501556e+01,    5.9179997444e-01,   -1.2047799677e-01,
    5.9289902449e-01,   -2.1933899820e-01,    5.9289902449e-01,    3.4807998657e+01,    5.9289902449e-01,   -2.6793299243e-02,
    5.9399902821e-01,   -1.8164899945e-01,    5.9399902821e-01,    3.5098201752e+01,    5.9399902821e-01,   -6.3942797482e-02,
    5.9509998560e-01,   -1.4778299630e-01,    5.9509998560e-01,    3.5986198425e+01,    5.9509998560e-01,   -7.4736200273e-02,
    5.9619897604e-01,   -1.9040900469e-01,    5.9619897604e-01,    3.6345401764e+01,    5.9619897604e-01,   -3.3072200604e-03,
    5.9729999304e-01,   -1.4960099757e-01,    5.9729999304e-01,    3.6233600616e+01,    5.9729999304e-01,   -4.2360499501e-02,
    5.9839999676e-01,   -8.3542197943e-02,    5.9839999676e-01,    3.6971801758e+01,    5.9839999676e-01,   -4.1171200573e-02,
    5.9949898720e-01,   -1.2078800052e-01,    5.9949898720e-01,    3.7027599335e+01,    5.9949898720e-01,    2.9864599928e-02,
    6.0060000420e-01,   -1.1026100069e-01,    6.0060000420e-01,    3.7136901855e+01,    6.0060000420e-01,   -4.6888101846e-02,
    6.0169899464e-01,   -6.5732002258e-02,    6.0169899464e-01,    3.7829200745e+01,    6.0169899464e-01,    1.2838699622e-03,
    6.0280001163e-01,   -9.2677898705e-02,    6.0280001163e-01,    3.8071998596e+01,    6.0280001163e-01,    8.0995196477e-03,
    6.0389900208e-01,   -5.0114300102e-02,    6.0389900208e-01,    3.7996898651e+01,    6.0389900208e-01,   -1.6537599266e-02,
    6.0499900579e-01,    5.7572401129e-03,    6.0499900579e-01,    3.8646900177e+01,    6.0499900579e-01,    3.0629899353e-02,
    6.0610002279e-01,   -3.6203298718e-02,    6.0610002279e-01,    3.8696300507e+01,    6.0610002279e-01,    4.1909199208e-02,
    6.0719901323e-01,    4.0265299380e-02,    6.0719901323e-01,    3.8230701447e+01,    6.0719901323e-01,    1.3166300021e-02,
    6.0829997063e-01,    8.6261697114e-02,    6.0829997063e-01,    3.8638198853e+01,    6.0829997063e-01,    9.8886996508e-02,
    6.0939902067e-01,    8.7644398212e-02,    6.0939902067e-01,    3.8594600677e+01,    6.0939902067e-01,    5.4484099150e-02,
    6.1049902439e-01,    1.3411399722e-01,    6.1049902439e-01,    3.8508800507e+01,    6.1049902439e-01,    6.1851099133e-02,
    6.1159998178e-01,    2.0208799839e-01,    6.1159998178e-01,    3.8986598969e+01,    6.1159998178e-01,    1.1162699759e-01,
    6.1269998550e-01,    1.9271600246e-01,    6.1269998550e-01,    3.8832500458e+01,    6.1269998550e-01,    3.6638498306e-02,
    6.1379897594e-01,    2.8973901272e-01,    6.1379897594e-01,    3.8352600098e+01,    6.1379897594e-01,    8.2227699459e-02,
    6.1489897966e-01,    3.6000201106e-01,    6.1489897966e-01,    3.8991001129e+01,    6.1489897966e-01,    1.1851699650e-01,
    6.1599898338e-01,    3.5555499792e-01,    6.1599898338e-01,    3.9009399414e+01,    6.1599898338e-01,    5.1470801234e-02,
    6.1710000038e-01,    3.5690701008e-01,    6.1710000038e-01,    3.8503398895e+01,    6.1710000038e-01,    9.2781700194e-02,
    6.1819899082e-01,    4.1502299905e-01,    6.1819899082e-01,    3.9326000214e+01,    6.1819899082e-01,    1.1014600098e-01,
    6.1930000782e-01,    3.5958200693e-01,    6.1930000782e-01,    3.9361099243e+01,    6.1930000782e-01,    3.8558699191e-02,
    6.2040001154e-01,    4.1344499588e-01,    6.2040001154e-01,    3.9041500092e+01,    6.2040001154e-01,    1.2644299865e-01,
    6.2149900198e-01,    3.9888599515e-01,    6.2149900198e-01,    3.9930400848e+01,    6.2149900198e-01,    9.7103402019e-02,
    6.2260001898e-01,    3.7359899282e-01,    6.2260001898e-01,    3.9960201263e+01,    6.2260001898e-01,    6.5164200962e-02,
    6.2369900942e-01,    3.5648199916e-01,    6.2369900942e-01,    3.9663398743e+01,    6.2369900942e-01,    1.3903099298e-01,
    6.2480002642e-01,    3.8833299279e-01,    6.2480002642e-01,    4.0586498260e+01,    6.2480002642e-01,    8.7280198932e-02,
    6.2589901686e-01,    3.3636200428e-01,    6.2589901686e-01,    4.0593101501e+01,    6.2589901686e-01,    7.7367596328e-02,
    6.2699902058e-01,    3.0661699176e-01,    6.2699902058e-01,    3.9931598663e+01,    6.2699902058e-01,    1.3549000025e-01,
    6.2809997797e-01,    3.7019100785e-01,    6.2809997797e-01,    4.0388000488e+01,    6.2809997797e-01,    7.1123696864e-02,
    6.2919902802e-01,    3.3759200573e-01,    6.2919902802e-01,    3.9650199890e+01,    6.2919902802e-01,    7.4990399182e-02,
    6.3029897213e-01,    3.1262698770e-01,    6.3029897213e-01,    3.8883899689e+01,    6.3029897213e-01,    1.2478999794e-01,
    6.3139998913e-01,    4.3967700005e-01,    6.3139998913e-01,    3.9661701202e+01,    6.3139998913e-01,    2.1649999544e-02,
    6.3249897957e-01,    4.2720800638e-01,    6.3249897957e-01,    3.9210098267e+01,    6.3249897957e-01,    1.0543400049e-01,
    6.3359999657e-01,    3.9221400023e-01,    6.3359999657e-01,    3.8385200500e+01,    6.3359999657e-01,    8.5339099169e-02,
    6.3470000029e-01,    5.0157099962e-01,    6.3470000029e-01,    3.9259201050e+01,    6.3470000029e-01,    1.5796599910e-02,
    6.3579899073e-01,    4.3392598629e-01,    6.3579899073e-01,    3.8875999451e+01,    6.3579899073e-01,    9.6475601196e-02,
    6.3689899445e-01,    3.5968598723e-01,    6.3689899445e-01,    3.8394100189e+01,    6.3689899445e-01,    6.8516902626e-02,
    6.3800001144e-01,    4.4396600127e-01,    6.3800001144e-01,    3.9826801300e+01,    6.3800001144e-01,    3.3647000790e-02,
    6.3909900188e-01,    4.2235898972e-01,    6.3909900188e-01,    3.9545200348e+01,    6.3909900188e-01,    1.4420199394e-01,
    6.4019900560e-01,    3.2558599114e-01,    6.4019900560e-01,    3.8642700195e+01,    6.4019900560e-01,    7.3475196958e-02,
    6.4129900932e-01,    4.0626600385e-01,    6.4129900932e-01,    3.9668098450e+01,    6.4129900932e-01,    2.8798900545e-02,
    6.4240002632e-01,    3.4891900420e-01,    6.4240002632e-01,    3.8824100494e+01,    6.4240002632e-01,    9.2670597136e-02,
    6.4349901676e-01,    2.3215499520e-01,    6.4349901676e-01,    3.8094699860e+01,    6.4349901676e-01,    4.4213701040e-02,
    6.4459902048e-01,    3.0502599478e-01,    6.4459902048e-01,    3.9278198242e+01,    6.4459902048e-01,    4.4682800770e-02,
    6.4569902420e-01,    2.9235699773e-01,    6.4569902420e-01,    3.8307300568e+01,    6.4569902420e-01,    1.0467199981e-01,
    6.4679902792e-01,    1.8546199799e-01,    6.4679902792e-01,    3.7455600739e+01,    6.4679902792e-01,   -1.1987900361e-03,
    6.4789897203e-01,    2.8138899803e-01,    6.4789897203e-01,    3.8580299377e+01,    6.4789897203e-01,    1.4796400443e-02,
    6.4899897575e-01,    3.3824700117e-01,    6.4899897575e-01,    3.7978500366e+01,    6.4899897575e-01,    4.8202101141e-02,
    6.5009999275e-01,    1.5797099471e-01,    6.5009999275e-01,    3.7991901398e+01,    6.5009999275e-01,   -3.2691400498e-02,
    6.5119898319e-01,    2.1229499578e-01,    6.5119898319e-01,    3.9785099030e+01,    6.5119898319e-01,    1.4491899870e-02,
    6.5229898691e-01,    1.7087799311e-01,    6.5229898691e-01,    3.8808200836e+01,    6.5229898691e-01,    9.1350004077e-03,
    6.5340000391e-01,    3.7713099271e-02,    6.5340000391e-01,    3.8502700806e+01,    6.5340000391e-01,   -4.9600001425e-02,
    6.5450000763e-01,    8.6255803704e-02,    6.5450000763e-01,    4.0225898743e+01,    6.5450000763e-01,   -2.9718300328e-02,
    6.5559899807e-01,    3.8082301617e-02,    6.5559899807e-01,    3.9315799713e+01,    6.5559899807e-01,   -5.6728798896e-02,
    6.5670001507e-01,   -3.3953901380e-02,    6.5670001507e-01,    3.9285099030e+01,    6.5670001507e-01,   -7.5054302812e-02,
    6.5779900551e-01,    2.6516199112e-02,    6.5779900551e-01,    4.1250801086e+01,    6.5779900551e-01,   -2.8972800821e-02,
    6.5889900923e-01,    8.2810204476e-03,    6.5889900923e-01,    4.0169700623e+01,    6.5889900923e-01,   -3.7174500525e-02,
    6.6000002623e-01,   -2.0078400150e-02,    6.6000002623e-01,    3.9161598206e+01,    6.6000002623e-01,   -5.8448899537e-02,
    6.6109997034e-01,    5.1581099629e-02,    6.6109997034e-01,    4.0624198914e+01,    6.6109997034e-01,   -1.6989899799e-02,
    6.6219997406e-01,    7.8163996339e-02,    6.6219997406e-01,    3.9214698792e+01,    6.6219997406e-01,   -4.4450998306e-02,
    6.6329997778e-01,    1.4460000210e-02,    6.6329997778e-01,    3.8935298920e+01,    6.6329997778e-01,   -2.1669799462e-02,
    6.6439902782e-01,    5.2122399211e-02,    6.6439902782e-01,    4.0634899139e+01,    6.6439902782e-01,   -4.8578601331e-02,
    6.6549897194e-01,    8.6182400584e-02,    6.6549897194e-01,    3.9132099152e+01,    6.6549897194e-01,   -8.0843500793e-02,
    6.6659897566e-01,   -2.4037800729e-02,    6.6659897566e-01,    3.8771999359e+01,    6.6659897566e-01,   -3.7635400891e-02,
    6.6769999266e-01,    2.1900400519e-02,    6.6769999266e-01,    4.0716701508e+01,    6.6769999266e-01,   -1.0842700303e-01,
    6.6879898310e-01,   -1.9494399428e-02,    6.6879898310e-01,    3.8808799744e+01,    6.6879898310e-01,   -9.4167098403e-02,
    6.6989898682e-01,   -8.6579598486e-02,    6.6989898682e-01,    3.8542301178e+01,    6.6989898682e-01,   -5.1940098405e-02,
    6.7100000381e-01,    8.6067495868e-03,    6.7100000381e-01,    4.0452899933e+01,    6.7100000381e-01,   -1.1964999884e-01,
    6.7209899426e-01,    5.3890198469e-03,    6.7209899426e-01,    3.8618000031e+01,    6.7209899426e-01,   -6.7368201911e-02,
    6.7320001125e-01,   -2.3367399350e-02,    6.7320001125e-01,    3.8785301208e+01,    6.7320001125e-01,   -1.7504600808e-02,
    6.7429900169e-01,    1.6516899690e-02,    6.7429900169e-01,    4.1284400940e+01,    6.7429900169e-01,   -8.7090902030e-02,
    6.7539900541e-01,    3.6333598197e-02,    6.7539900541e-01,    3.9624698639e+01,    6.7539900541e-01,   -2.9493199661e-02,
    6.7650002241e-01,   -1.7019800842e-02,    6.7650002241e-01,    3.9948501587e+01,    6.7650002241e-01,    8.7282797322e-03,
    6.7760002613e-01,    3.4924399108e-02,    6.7760002613e-01,    4.2252799988e+01,    6.7760002613e-01,   -8.7207397446e-03,
    6.7869901657e-01,    7.4820402078e-03,    6.7869901657e-01,    3.9907901764e+01,    6.7869901657e-01,    7.4918098748e-02,
    6.7979997396e-01,   -8.7898001075e-02,    6.7979997396e-01,    4.0289199829e+01,    6.7979997396e-01,    3.9446599782e-02,
    6.8089997768e-01,    2.7425799519e-02,    6.8089997768e-01,    4.3010299683e+01,    6.8089997768e-01,   -4.6345097944e-03,
    6.8199902773e-01,   -4.8087798059e-03,    6.8199902773e-01,    4.0768100739e+01,    6.8199902773e-01,    8.0583296716e-02,
    6.8309998512e-01,   -9.0037703514e-02,    6.8309998512e-01,    4.1395301819e+01,    6.8309998512e-01,    4.6801000834e-02,
    6.8419897556e-01,    4.6960299369e-04,    6.8419897556e-01,    4.4267101288e+01,    6.8419897556e-01,    1.7773300409e-02,
    6.8529999256e-01,    3.9023801684e-02,    6.8529999256e-01,    4.1596900940e+01,    6.8529999256e-01,    9.2352002859e-02,
    6.8639999628e-01,   -1.5711400658e-02,    6.8639999628e-01,    4.2062500000e+01,    6.8639999628e-01,    7.5404196978e-02,
    6.8750000000e-01,    4.8537399620e-02,    6.8750000000e-01,    4.4893699646e+01,    6.8750000000e-01,    7.1652196348e-02,
    6.8859899044e-01,    1.0943300277e-01,    6.8859899044e-01,    4.1936698914e+01,    6.8859899044e-01,    1.1409799755e-01,
    6.8970000744e-01,    3.2901499420e-02,    6.8970000744e-01,    4.2489700317e+01,    6.8970000744e-01,    4.2016699910e-02,
    6.9080001116e-01,    1.0974200070e-01,    6.9080001116e-01,    4.5381099701e+01,    6.9080001116e-01,    6.8609997630e-02,
    6.9189900160e-01,    1.1363299936e-01,    6.9189900160e-01,    4.1876701355e+01,    6.9189900160e-01,    1.3494500518e-01,
    6.9299900532e-01,    1.2032700330e-01,    6.9299900532e-01,    4.2339099884e+01,    6.9299900532e-01,    5.5803898722e-02,
    6.9409900904e-01,    2.3344999552e-01,    6.9409900904e-01,    4.5369400024e+01,    6.9409900904e-01,    2.6335999370e-02,
    6.9519901276e-01,    2.1418799460e-01,    6.9519901276e-01,    4.1545101166e+01,    6.9519901276e-01,    1.4817999303e-01,
    6.9629901648e-01,    2.6826700568e-01,    6.9629901648e-01,    4.2011299133e+01,    6.9629901648e-01,    4.8691600561e-02,
    6.9739997387e-01,    3.5062500834e-01,    6.9739997387e-01,    4.5353500366e+01,    6.9739997387e-01,   -7.1365898475e-03,
    6.9849902391e-01,    3.5286998749e-01,    6.9849902391e-01,    4.1785198212e+01,    6.9849902391e-01,    8.5472799838e-02,
    6.9959902763e-01,    3.2853400707e-01,    6.9959902763e-01,    4.2524101257e+01,    6.9959902763e-01,    1.3648999855e-02,
    7.0069998503e-01,    4.3625700474e-01,    7.0069998503e-01,    4.6074901581e+01,    7.0069998503e-01,   -1.3736500405e-02,
    7.0179998875e-01,    3.6724400520e-01,    7.0179998875e-01,    4.2150001526e+01,    7.0179998875e-01,    3.4407399595e-02,
    7.0289897919e-01,    3.9967301488e-01,    7.0289897919e-01,    4.2744499207e+01,    7.0289897919e-01,   -2.1586099640e-02,
    7.0399898291e-01,    4.9559199810e-01,    7.0399898291e-01,    4.6719501495e+01,    7.0399898291e-01,   -9.8049202934e-03,
    7.0509898663e-01,    3.3915299177e-01,    7.0509898663e-01,    4.3025398254e+01,    7.0509898663e-01,    5.0771698356e-02,
    7.0619899035e-01,    4.5241698623e-01,    7.0619899035e-01,    4.4042400360e+01,    7.0619899035e-01,    2.0177999511e-02,
    7.0730000734e-01,    4.9998798966e-01,    7.0730000734e-01,    4.8420700073e+01,    7.0730000734e-01,   -2.8510900214e-02,
    7.0840001106e-01,    2.8748399019e-01,    7.0840001106e-01,    4.4966899872e+01,    7.0840001106e-01,    6.2854401767e-02,
    7.0949900150e-01,    4.6320998669e-01,    7.0949900150e-01,    4.5914798737e+01,    7.0949900150e-01,    9.8533697426e-02,
    7.1059900522e-01,    4.9474498630e-01,    7.1059900522e-01,    5.0400299072e+01,    7.1059900522e-01,   -2.5727399625e-03,
    7.1169900894e-01,    2.7237200737e-01,    7.1169900894e-01,    4.6630001068e+01,    7.1169900894e-01,    5.3372099996e-02,
    7.1279901266e-01,    4.8337900639e-01,    7.1279901266e-01,    4.7088699341e+01,    7.1279901266e-01,    1.3784299791e-01,
    7.1389901638e-01,    6.2099301815e-01,    7.1389901638e-01,    5.1962100983e+01,    7.1389901638e-01,   -3.2279498875e-02,
    7.1499902010e-01,    2.3004099727e-01,    7.1499902010e-01,    4.8317600250e+01,    7.1499902010e-01,    3.2027300447e-02,
    7.1609902382e-01,    3.9157500863e-01,    7.1609902382e-01,    4.8013599396e+01,    7.1609902382e-01,    6.9074198604e-02,
    7.1719902754e-01,    6.4202201366e-01,    7.1719902754e-01,    5.2980499268e+01,    7.1719902754e-01,   -3.4656900913e-02,
    7.1829897165e-01,    1.6418799758e-01,    7.1829897165e-01,    4.8968399048e+01,    7.1829897165e-01,    9.0310096741e-02,
    7.1939998865e-01,    3.1554898620e-01,    7.1939998865e-01,    4.7889198303e+01,    7.1939998865e-01,    5.8339599520e-02,
    7.2049897909e-01,    5.8750599623e-01,    7.2049897909e-01,    5.3390899658e+01,    7.2049897909e-01,   -9.2697702348e-02,
    7.2159898281e-01,    5.3290899843e-02,    7.2159898281e-01,    4.9474498749e+01,    7.2159898281e-01,    3.4350398928e-02,
    7.2269898653e-01,    1.7417399585e-01,    7.2269898653e-01,    4.7581001282e+01,    7.2269898653e-01,    4.0515799075e-02,
    7.2379899025e-01,    4.6126100421e-01,    7.2379899025e-01,    5.3560699463e+01,    7.2379899025e-01,   -1.7237600684e-01,
    7.2489899397e-01,   -2.0571000874e-02,    7.2489899397e-01,    5.0276298523e+01,    7.2489899397e-01,    3.0971899629e-02,
    7.2600001097e-01,   -4.1761301458e-02,    7.2600001097e-01,    4.6876998901e+01,    7.2600001097e-01,    2.3571999744e-02,
    7.2709900141e-01,    3.6806699634e-01,    7.2709900141e-01,    5.2949401855e+01,    7.2709900141e-01,   -1.7055299878e-01,
    7.2819900513e-01,   -2.6474300772e-02,    7.2819900513e-01,    5.0287601471e+01,    7.2819900513e-01,   -5.7354200631e-02,
    7.2929900885e-01,   -1.2657099962e-01,    7.2929900885e-01,    4.5899898529e+01,    7.2929900885e-01,   -1.1516899802e-02,
    7.3039901257e-01,    2.9060599208e-01,    7.3039901257e-01,    5.1863498688e+01,    7.3039901257e-01,   -1.7722600698e-01,
    7.3150002956e-01,    1.5789000317e-02,    7.3150002956e-01,    5.0182300568e+01,    7.3150002956e-01,   -3.7778999656e-02,
    7.3259902000e-01,   -1.9333499670e-01,    7.3259902000e-01,    4.4363998413e+01,    7.3259902000e-01,   -8.6737096310e-02,
    7.3369902372e-01,    1.5212699771e-01,    7.3369902372e-01,    4.9915199280e+01,    7.3369902372e-01,   -1.1909499764e-01,
    7.3479902744e-01,   -4.5632198453e-02,    7.3479902744e-01,    4.9876201630e+01,    7.3479902744e-01,   -5.5092498660e-03,
    7.3589897156e-01,   -4.0968000889e-01,    7.3589897156e-01,    4.3336898804e+01,    7.3589897156e-01,   -6.6106699407e-02,
    7.3699897528e-01,   -1.0823099874e-02,    7.3699897528e-01,    4.8444698334e+01,    7.3699897528e-01,   -1.2777000666e-01,
    7.3809999228e-01,   -8.4856100380e-02,    7.3809999228e-01,    5.0391201019e+01,    7.3809999228e-01,   -4.7904800624e-02,
    7.3919999599e-01,   -5.0207400322e-01,    7.3919999599e-01,    4.3566101074e+01,    7.3919999599e-01,   -4.3499000371e-02,
    7.4029999971e-01,   -2.1370300651e-01,    7.4029999971e-01,    4.8351600647e+01,    7.4029999971e-01,   -1.2826800346e-01,
    7.4139899015e-01,   -1.7037199438e-01,    7.4139899015e-01,    5.1239700317e+01,    7.4139899015e-01,   -1.5968300402e-01,
    7.4249899387e-01,   -7.2131299973e-01,    7.4249899387e-01,    4.3347099304e+01,    7.4249899387e-01,   -3.0039699748e-02,
    7.4360001087e-01,   -5.2509802580e-01,    7.4360001087e-01,    4.6880500793e+01,    7.4360001087e-01,   -9.8108202219e-03,
    7.4469900131e-01,   -1.6507300735e-01,    7.4469900131e-01,    5.0887199402e+01,    7.4469900131e-01,   -2.0074899495e-01,
    7.4580001831e-01,   -6.5407598019e-01,    7.4580001831e-01,    4.2111999512e+01,    7.4580001831e-01,   -6.1831001192e-02,
    7.4690002203e-01,   -6.1823499203e-01,    7.4690002203e-01,    4.4036499023e+01,    7.4690002203e-01,    5.3589001298e-02,
    7.4800002575e-01,   -1.1175800115e-01,    7.4800002575e-01,    4.9147998810e+01,    7.4800002575e-01,   -2.0006200671e-01,
    7.4910002947e-01,   -5.7296800613e-01,    7.4910002947e-01,    4.1934501648e+01,    7.4910002947e-01,   -1.0978300124e-01,
    7.5019997358e-01,   -6.4121198654e-01,    7.5019997358e-01,    4.3176200867e+01,    7.5019997358e-01,   -6.4473301172e-02,
    7.5129902363e-01,   -1.5532200038e-01,    7.5129902363e-01,    4.9710399628e+01,    7.5129902363e-01,   -1.6094000638e-01,
    7.5239998102e-01,   -4.6563199162e-01,    7.5239998102e-01,    4.3323501587e+01,    7.5239998102e-01,   -6.7316301167e-02,
    7.5349897146e-01,   -6.3278102875e-01,    7.5349897146e-01,    4.3101799011e+01,    7.5349897146e-01,   -7.3650501668e-02,
    7.5459998846e-01,   -1.4099299908e-01,    7.5459998846e-01,    5.0224899292e+01,    7.5459998846e-01,   -1.4985099435e-01,
    7.5569897890e-01,   -3.8503599167e-01,    7.5569897890e-01,    4.4411701202e+01,    7.5569897890e-01,   -1.6167499125e-02,
    7.5679999590e-01,   -5.7535797358e-01,    7.5679999590e-01,    4.2668899536e+01,    7.5679999590e-01,    3.2788399607e-02,
    7.5789999962e-01,   -2.3721499741e-01,    7.5789999962e-01,    5.0005699158e+01,    7.5789999962e-01,   -2.1225799620e-01,
    7.5899899006e-01,   -3.4705701470e-01,    7.5899899006e-01,    4.5501201630e+01,    7.5899899006e-01,   -6.7642301321e-02,
    7.6010000706e-01,   -5.0719201565e-01,    7.6010000706e-01,    4.2549900055e+01,    7.6010000706e-01,    6.1171699315e-02,
    7.6119899750e-01,   -1.3811899722e-01,    7.6119899750e-01,    5.0105400085e+01,    7.6119899750e-01,   -1.6216999292e-01,
    7.6230001450e-01,   -2.5022199750e-01,    7.6230001450e-01,    4.6973499298e+01,    7.6230001450e-01,   -4.4213399291e-02,
    7.6340001822e-01,   -5.3462499380e-01,    7.6340001822e-01,    4.2790699005e+01,    7.6340001822e-01,    8.0080598593e-02,
    7.6450002193e-01,   -2.8997999430e-01,    7.6450002193e-01,    4.9653701782e+01,    7.6450002193e-01,   -1.3013799489e-01,
    7.6559901237e-01,   -2.6887300611e-01,    7.6559901237e-01,    4.8690399170e+01,    7.6559901237e-01,    5.3868800402e-02,
    7.6670002937e-01,   -5.2319198847e-01,    7.6670002937e-01,    4.2714599609e+01,    7.6670002937e-01,    7.3193803430e-02,
    7.6779901981e-01,   -2.5331398845e-01,    7.6779901981e-01,    4.8702098846e+01,    7.6779901981e-01,   -1.9077999890e-01,
    7.6889902353e-01,   -1.2029799819e-01,    7.6889902353e-01,    4.9107700348e+01,    7.6889902353e-01,   -2.0568799227e-02,
    7.6999998093e-01,   -2.6007398963e-01,    7.6999998093e-01,    4.1256099701e+01,    7.6999998093e-01,    9.4503097236e-02,
    7.7109897137e-01,   -9.9642701447e-02,    7.7109897137e-01,    4.6296501160e+01,    7.7109897137e-01,   -1.7344999313e-01,
    7.7219998837e-01,    8.1250898540e-02,    7.7219998837e-01,    4.8762199402e+01,    7.7219998837e-01,   -1.8144300580e-01,
    7.7329999208e-01,   -1.4072899520e-01,    7.7329999208e-01,    4.1106098175e+01,    7.7329999208e-01,    1.2330800295e-01,
    7.7439999580e-01,   -1.7345799133e-02,    7.7439999580e-01,    4.5382400513e+01,    7.7439999580e-01,   -7.6233603060e-02,
    7.7549999952e-01,    2.5025600195e-01,    7.7549999952e-01,    4.8891899109e+01,    7.7549999952e-01,   -2.4524100125e-01,
    7.7659898996e-01,    2.4410899729e-02,    7.7659898996e-01,    4.0692401886e+01,    7.7659898996e-01,    1.4424200170e-02,
    7.7769899368e-01,    7.2896398604e-02,    7.7769899368e-01,    4.4262298584e+01,    7.7769899368e-01,    2.4851499125e-02,
    7.7880001068e-01,    3.7527000904e-01,    7.7880001068e-01,    4.9292499542e+01,    7.7880001068e-01,   -2.0721100271e-01,
    7.7990001440e-01,    1.0987699777e-01,    7.7990001440e-01,    4.1310699463e+01,    7.7990001440e-01,    2.8932500631e-02,
    7.8100001812e-01,    2.2206300497e-01,    7.8100001812e-01,    4.3977500916e+01,    7.8100001812e-01,   -4.5823000371e-02,
    7.8209900856e-01,    4.0328100324e-01,    7.8209900856e-01,    5.0246498108e+01,    7.8209900856e-01,   -2.2815699875e-01,
    7.8319901228e-01,    1.3963000476e-01,    7.8319901228e-01,    4.2710201263e+01,    7.8319901228e-01,    3.9119098336e-02,
    7.8429901600e-01,    1.9310100377e-01,    7.8429901600e-01,    4.4069698334e+01,    7.8429901600e-01,   -5.0217699260e-02,
    7.8539901972e-01,    2.7650499344e-01,    7.8539901972e-01,    5.1017299652e+01,    7.8539901972e-01,   -2.6815301180e-01,
    7.8649902344e-01,   -8.3061298355e-03,    7.8649902344e-01,    4.4315101624e+01,    7.8649902344e-01,    1.5012200177e-01,
    7.8759902716e-01,    6.4079202712e-02,    7.8759902716e-01,    4.3928100586e+01,    7.8759902716e-01,    9.2107996345e-02,
    7.8869897127e-01,    1.4399899542e-01,    7.8869897127e-01,    5.1692199707e+01,    7.8869897127e-01,   -3.4286299348e-01,
    7.8979897499e-01,   -1.8181400001e-01,    7.8979897499e-01,    4.5680000305e+01,    7.8979897499e-01,    1.7041599751e-01,
    7.9089897871e-01,   -8.4796600044e-02,    7.9089897871e-01,    4.3858699799e+01,    7.9089897871e-01,    2.1107900143e-01,
    7.9199898243e-01,    1.1750699952e-02,    7.9199898243e-01,    5.1863201141e+01,    7.9199898243e-01,   -3.2719698548e-01,
    7.9309898615e-01,   -2.7408599854e-01,    7.9309898615e-01,    4.7299598694e+01,    7.9309898615e-01,    1.0134399682e-01,
    7.9419898987e-01,   -2.6626300812e-01,    7.9419898987e-01,    4.3871398926e+01,    7.9419898987e-01,    1.8944999576e-01,
    7.9529899359e-01,   -7.4597798288e-02,    7.9529899359e-01,    5.2126598358e+01,    7.9529899359e-01,   -2.5763499737e-01,
    7.9639899731e-01,   -3.8534900546e-01,    7.9639899731e-01,    4.9375701904e+01,    7.9639899731e-01,    7.6775602996e-02,
    7.9749900103e-01,   -3.0551099777e-01,    7.9749900103e-01,    4.4783401489e+01,    7.9749900103e-01,    1.1793199927e-01,
    7.9859900475e-01,   -1.8401700258e-01,    7.9859900475e-01,    5.2535999298e+01,    7.9859900475e-01,   -2.1059000492e-01,
    7.9969900846e-01,   -3.3186599612e-01,    7.9969900846e-01,    5.1602500916e+01,    7.9969900846e-01,    8.7108299136e-02,
    8.0079901218e-01,   -4.3674600124e-01,    8.0079901218e-01,    4.5767700195e+01,    8.0079901218e-01,    1.5671700239e-01,
    8.0189901590e-01,   -3.8900199533e-01,    8.0189901590e-01,    5.2690601349e+01,    8.0189901590e-01,   -1.7160199583e-01,
    8.0299901962e-01,   -3.8793399930e-01,    8.0299901962e-01,    5.3578899384e+01,    8.0299901962e-01,   -2.9686499387e-02,
    8.0409997702e-01,   -5.4143798351e-01,    8.0409997702e-01,    4.6367801666e+01,    8.0409997702e-01,    1.5479500592e-01,
    8.0519902706e-01,   -5.4005402327e-01,    8.0519902706e-01,    5.2444599152e+01,    8.0519902706e-01,   -9.7161702812e-02,
    8.0629897118e-01,   -3.5046800971e-01,    8.0629897118e-01,    5.5016300201e+01,    8.0629897118e-01,   -1.7365500331e-01,
    8.0739897490e-01,   -5.2885001898e-01,    8.0739897490e-01,    4.6744598389e+01,    8.0739897490e-01,    1.3103200495e-01,
    8.0849897861e-01,   -6.5407902002e-01,    8.0849897861e-01,    5.1783901215e+01,    8.0849897861e-01,   -4.6792499721e-02,
    8.0959999561e-01,   -3.7755700946e-01,    8.0959999561e-01,    5.6002601624e+01,    8.0959999561e-01,   -2.3409700394e-01,
    8.1069898605e-01,   -5.4385000467e-01,    8.1069898605e-01,    4.7204498291e+01,    8.1069898605e-01,    7.9597100616e-02,
    8.1179898977e-01,   -8.3026802540e-01,    8.1179898977e-01,    5.1166599274e+01,    8.1179898977e-01,   -4.8729900271e-02,
    8.1289899349e-01,   -2.8852799535e-01,    8.1289899349e-01,    5.6457000732e+01,    8.1289899349e-01,   -2.2787000239e-01,
    8.1399899721e-01,   -5.9340697527e-01,    8.1399899721e-01,    4.7483501434e+01,    8.1399899721e-01,    1.0430700332e-01,
    8.1509900093e-01,   -9.6195602417e-01,    8.1509900093e-01,    5.0088600159e+01,    8.1509900093e-01,   -6.6327501554e-04,
    8.1619900465e-01,   -4.7376400232e-01,    8.1619900465e-01,    5.6389900208e+01,    8.1619900465e-01,   -2.5748398900e-01,
    8.1730002165e-01,   -6.3492500782e-01,    8.1730002165e-01,    4.7562999725e+01,    8.1730002165e-01,    7.7736899257e-02,
    8.1840002537e-01,   -1.1895899773e+00,    8.1840002537e-01,    4.8865100861e+01,    8.1840002537e-01,    5.1601901650e-02,
    8.1949901581e-01,   -5.5439901352e-01,    8.1949901581e-01,    5.6212200165e+01,    8.1949901581e-01,   -2.3549699783e-01,
    8.2059901953e-01,   -5.6926602125e-01,    8.2059901953e-01,    4.7873001099e+01,    8.2059901953e-01,    9.2978700995e-02,
    8.2169997692e-01,   -1.2889699936e+00,    8.2169997692e-01,    4.6963600159e+01,    8.2169997692e-01,    1.0409799963e-01,
    8.2279998064e-01,   -6.2856197357e-01,    8.2279998064e-01,    5.5100299835e+01,    8.2279998064e-01,   -1.6680699587e-01,
    8.2389897108e-01,   -4.8416700959e-01,    8.2389897108e-01,    4.7974998474e+01,    8.2389897108e-01,    1.2644000351e-01,
    8.2499897480e-01,   -1.2341099977e+00,    8.2499897480e-01,    4.5572299957e+01,    8.2499897480e-01,    1.0236799717e-01,
    8.2609897852e-01,   -8.4598702192e-01,    8.2609897852e-01,    5.4468299866e+01,    8.2609897852e-01,   -2.6163798571e-01,
    8.2719999552e-01,   -4.9820598960e-01,    8.2719999552e-01,    4.9014801025e+01,    8.2719999552e-01,    1.3702400029e-01,
    8.2829999924e-01,   -1.1670199633e+00,    8.2829999924e-01,    4.5711399078e+01,    8.2829999924e-01,    1.5039800107e-01,
    8.2940000296e-01,   -9.1087800264e-01,    8.2940000296e-01,    5.4838199615e+01,    8.2940000296e-01,   -3.6104199290e-01,
    8.3049899340e-01,   -2.3544600606e-01,    8.3049899340e-01,    5.1403999329e+01,    8.3049899340e-01,    7.2801999748e-02,
    8.3159899712e-01,   -1.0484800339e+00,    8.3159899712e-01,    4.6816898346e+01,    8.3159899712e-01,    1.9670499861e-01,
    8.3269900084e-01,   -9.1932702065e-01,    8.3269900084e-01,    5.5409801483e+01,    8.3269900084e-01,   -3.9719000459e-01,
    8.3379900455e-01,   -5.0845500082e-02,    8.3379900455e-01,    5.3561500549e+01,    8.3379900455e-01,   -4.9993801862e-02,
    8.3489900827e-01,   -8.0175298452e-01,    8.3489900827e-01,    4.6860900879e+01,    8.3489900827e-01,    1.4237000048e-01,
    8.3599901199e-01,   -1.0302699804e+00,    8.3599901199e-01,    5.4507400513e+01,    8.3599901199e-01,   -3.5440298915e-01,
    8.3709901571e-01,    4.3554101139e-02,    8.3709901571e-01,    5.5051300049e+01,    8.3709901571e-01,   -6.1418000609e-02,
    8.3819997311e-01,   -5.8433097601e-01,    8.3819997311e-01,    4.7738800049e+01,    8.3819997311e-01,    1.8663400412e-01,
    8.3929902315e-01,   -1.1447399855e+00,    8.3929902315e-01,    5.4443698883e+01,    8.3929902315e-01,   -1.5894199908e-01,
    8.4039998055e-01,    3.1751800328e-02,    8.4039998055e-01,    5.6852001190e+01,    8.4039998055e-01,   -4.9627598375e-02,
    8.4149998426e-01,   -5.8000397682e-01,    8.4149998426e-01,    4.8533798218e+01,    8.4149998426e-01,    1.5594799817e-01,
    8.4259998798e-01,   -1.1346700191e+00,    8.4259998798e-01,    5.4632598877e+01,    8.4259998798e-01,   -5.4378900677e-02,
    8.4369999170e-01,   -3.3163499087e-02,    8.4369999170e-01,    5.8501399994e+01,    8.4369999170e-01,   -1.5903200209e-01,
    8.4479999542e-01,   -4.5309200883e-01,    8.4479999542e-01,    4.8639301300e+01,    8.4479999542e-01,    1.8221400678e-01,
    8.4589898586e-01,   -9.7187000513e-01,    8.4589898586e-01,    5.2662399292e+01,    8.4589898586e-01,   -7.3618896306e-02,
    8.4700000286e-01,    4.1593100876e-02,    8.4700000286e-01,    5.7706100464e+01,    8.4700000286e-01,   -2.6663199067e-01,
    8.4810000658e-01,   -1.9490100443e-01,    8.4810000658e-01,    4.7695499420e+01,    8.4810000658e-01,    1.3975499570e-01,
    8.4920001030e-01,   -9.4405299425e-01,    8.4920001030e-01,    5.1092601776e+01,    8.4920001030e-01,   -6.0454901308e-02,
    8.5029900074e-01,    1.5527099371e-01,    8.5029900074e-01,    5.7126998901e+01,    8.5029900074e-01,   -2.9831600189e-01,
    8.5139900446e-01,    3.8970701396e-02,    8.5139900446e-01,    4.7245498657e+01,    8.5139900446e-01,    1.5031599998e-01,
    8.5250002146e-01,   -9.2808502913e-01,    8.5250002146e-01,    4.9183799744e+01,    8.5250002146e-01,    9.0778402984e-02,
    8.5359901190e-01,    1.6853100061e-01,    8.5359901190e-01,    5.6756801605e+01,    8.5359901190e-01,   -3.4497600794e-01,
    8.5469901562e-01,    1.1142600328e-01,    8.5469901562e-01,    4.7685100555e+01,    8.5469901562e-01,    1.8440000713e-01,
    8.5579997301e-01,   -8.1269502640e-01,    8.5579997301e-01,    4.7687999725e+01,    8.5579997301e-01,    1.1741100252e-01,
    8.5689997673e-01,    5.7400401682e-02,    8.5689997673e-01,    5.5890998840e+01,    8.5689997673e-01,   -3.7429401278e-01,
    8.5799998045e-01,    2.1845999360e-01,    8.5799998045e-01,    4.7398700714e+01,    8.5799998045e-01,    1.5696799755e-01,
    8.5909897089e-01,   -7.0848202705e-01,    8.5909897089e-01,    4.5342899323e+01,    8.5909897089e-01,    7.8064300120e-02,
    8.6019897461e-01,   -5.0416700542e-02,    8.6019897461e-01,    5.4422100067e+01,    8.6019897461e-01,   -4.1504299641e-01,
    8.6129999161e-01,    2.3543800414e-01,    8.6129999161e-01,    4.7290199280e+01,    8.6129999161e-01,    1.1124499887e-01,
    8.6239898205e-01,   -6.2649697065e-01,    8.6239898205e-01,    4.3728900909e+01,    8.6239898205e-01,    6.6431902349e-02,
    8.6349898577e-01,   -1.7519499362e-01,    8.6349898577e-01,    5.3164600372e+01,    8.6349898577e-01,   -4.0468901396e-01,
    8.6459898949e-01,    3.5087099671e-01,    8.6459898949e-01,    4.7902000427e+01,    8.6459898949e-01,    1.1155200005e-01,
    8.6569899321e-01,   -4.6176800132e-01,    8.6569899321e-01,    4.2868698120e+01,    8.6569899321e-01,    1.2754400261e-02,
    8.6679899693e-01,   -2.8051200509e-01,    8.6679899693e-01,    5.2325901031e+01,    8.6679899693e-01,   -4.2924100161e-01,
    8.6789900064e-01,    3.8066899776e-01,    8.6789900064e-01,    4.9066001892e+01,    8.6789900064e-01,    2.6206700131e-03,
    8.6900001764e-01,   -4.9204099178e-01,    8.6900001764e-01,    4.2573001862e+01,    8.6900001764e-01,    3.8535300642e-02,
    8.7009900808e-01,   -3.6998701096e-01,    8.7009900808e-01,    5.0941200256e+01,    8.7009900808e-01,   -4.5563599467e-01,
    8.7120002508e-01,    4.6771499515e-01,    8.7120002508e-01,    4.9847198486e+01,    8.7120002508e-01,   -1.3897199929e-01,
    8.7229901552e-01,   -4.3726301193e-01,    8.7229901552e-01,    4.1834499359e+01,    8.7229901552e-01,   -4.1968200356e-02,
    8.7339997292e-01,   -4.3071699142e-01,    8.7339997292e-01,    4.9206001282e+01,    8.7339997292e-01,   -4.1594201326e-01,
    8.7449997663e-01,    3.8019800186e-01,    8.7449997663e-01,    5.0624000549e+01,    8.7449997663e-01,   -2.7738699317e-01,
    8.7559998035e-01,   -4.1078698635e-01,    8.7559998035e-01,    4.1548198700e+01,    8.7559998035e-01,   -6.4222201705e-02,
    8.7669998407e-01,   -4.8522800207e-01,    8.7669998407e-01,    4.7929298401e+01,    8.7669998407e-01,   -3.2164698839e-01,
    8.7779998779e-01,    3.8857001066e-01,    8.7779998779e-01,    5.1132099152e+01,    8.7779998779e-01,   -3.6342498660e-01,
    8.7889999151e-01,   -3.7448200583e-01,    8.7889999151e-01,    4.1380100250e+01,    8.7889999151e-01,   -1.5181599557e-01,
    8.7999898195e-01,   -5.5066198111e-01,    8.7999898195e-01,    4.6907901764e+01,    8.7999898195e-01,   -2.5733599067e-01,
    8.8109898567e-01,    2.8941300511e-01,    8.8109898567e-01,    5.1575000763e+01,    8.8109898567e-01,   -3.5216599703e-01,
    8.8220000267e-01,   -4.0906101465e-01,    8.8220000267e-01,    4.1415298462e+01,    8.8220000267e-01,   -1.5256600082e-01,
    8.8329899311e-01,   -6.2235701084e-01,    8.8329899311e-01,    4.5722400665e+01,    8.8329899311e-01,   -6.1553500593e-02,
    8.8440001011e-01,    3.0187100172e-01,    8.8440001011e-01,    5.1406398773e+01,    8.8440001011e-01,   -1.9393099844e-01,
    8.8549900055e-01,   -2.3686900735e-01,    8.8549900055e-01,    4.1898799896e+01,    8.8549900055e-01,   -2.9539899901e-02,
    8.8660001755e-01,   -5.8707600832e-01,    8.8660001755e-01,    4.5188800812e+01,    8.8660001755e-01,    1.4711299911e-02,
    8.8769900799e-01,    3.4330600500e-01,    8.8769900799e-01,    5.1988899231e+01,    8.8769900799e-01,   -1.6894300282e-01,
    8.8880002499e-01,   -9.0878896415e-02,    8.8880002499e-01,    4.3369998932e+01,    8.8880002499e-01,   -6.0800700448e-03,
    8.8989901543e-01,   -4.6259799600e-01,    8.8989901543e-01,    4.5117801666e+01,    8.8989901543e-01,    6.0532800853e-02,
    8.9099901915e-01,    4.6089598536e-01,    8.9099901915e-01,    5.2548801422e+01,    8.9099901915e-01,   -1.3345600665e-01,
    8.9209902287e-01,    1.4243899286e-01,    8.9209902287e-01,    4.4170501709e+01,    8.9209902287e-01,    3.9263200015e-02,
    8.9319902658e-01,   -2.0632199943e-01,    8.9319902658e-01,    4.4638599396e+01,    8.9319902658e-01,    2.1084299684e-01,
    8.9429897070e-01,    5.7134801149e-01,    8.9429897070e-01,    5.3194801331e+01,    8.9429897070e-01,   -7.5810298324e-02,
    8.9539897442e-01,    2.0823599398e-01,    8.9539897442e-01,    4.6208198547e+01,    8.9539897442e-01,    9.0683102608e-02,
    8.9649999142e-01,   -1.8851999938e-01,    8.9649999142e-01,    4.5134101868e+01,    8.9649999142e-01,    1.8992699683e-01,
    8.9759898186e-01,    5.6176799536e-01,    8.9759898186e-01,    5.4530799866e+01,    8.9759898186e-01,   -1.4900599420e-01,
    8.9869999886e-01,    3.1497499347e-01,    8.9869999886e-01,    4.8214199066e+01,    8.9869999886e-01,    4.4219199568e-02,
    8.9979898930e-01,   -9.3313798308e-02,    8.9979898930e-01,    4.4975898743e+01,    8.9979898930e-01,    1.0171999782e-01,
    9.0089899302e-01,    6.7477899790e-01,    9.0089899302e-01,    5.4517200470e+01,    9.0089899302e-01,   -2.8134000301e-01,
    9.0199899673e-01,    4.9490299821e-01,    9.0199899673e-01,    4.9443000793e+01,    9.0199899673e-01,   -1.6897199675e-03,
    9.0310001373e-01,    7.7953398228e-02,    9.0310001373e-01,    4.4613700867e+01,    9.0310001373e-01,    8.4382198751e-02,
    9.0419900417e-01,    5.9291398525e-01,    9.0419900417e-01,    5.3963298798e+01,    9.0419900417e-01,   -2.4042500556e-01,
    9.0529900789e-01,    6.0206097364e-01,    9.0529900789e-01,    5.1092601776e+01,    9.0529900789e-01,   -1.5949599445e-02,
    9.0639901161e-01,   -5.0620898604e-02,    9.0639901161e-01,    4.4718799591e+01,    9.0639901161e-01,    6.6325701773e-02,
    9.0749901533e-01,    4.6813198924e-01,    9.0749901533e-01,    5.3284198761e+01,    9.0749901533e-01,   -1.0837599635e-01,
    9.0859901905e-01,    6.9453698397e-01,    9.0859901905e-01,    5.2599998474e+01,    9.0859901905e-01,   -7.1856200695e-02,
    9.0969997644e-01,   -1.0517700016e-01,    9.0969997644e-01,    4.4706798553e+01,    9.0969997644e-01,    6.9029897451e-02,
    9.1079998016e-01,    2.4431799352e-01,    9.1079998016e-01,    5.2389701843e+01,    9.1079998016e-01,   -8.3639603108e-03,
    9.1189998388e-01,    6.3661599159e-01,    9.1189998388e-01,    5.4449001312e+01,    9.1189998388e-01,   -7.3276497424e-02,
    9.1299897432e-01,   -1.7445500195e-01,    9.1299897432e-01,    4.5847198486e+01,    9.1299897432e-01,    2.9870400205e-02,
    9.1409999132e-01,    6.2214098871e-02,    9.1409999132e-01,    5.2882400513e+01,    9.1409999132e-01,   -1.2370599434e-03,
    9.1519898176e-01,    6.1685001850e-01,    9.1519898176e-01,    5.6609500885e+01,    9.1519898176e-01,   -3.7432000041e-02,
    9.1629999876e-01,   -4.6850498766e-03,    9.1629999876e-01,    4.7312801361e+01,    9.1629999876e-01,   -2.6796900202e-03,
    9.1740000248e-01,    1.1191900074e-01,    9.1740000248e-01,    5.3100498199e+01,    9.1740000248e-01,    9.0000696480e-02,
    9.1849899292e-01,    7.3335599899e-01,    9.1849899292e-01,    5.8248199463e+01,    9.1849899292e-01,   -3.6005601287e-02,
    9.1959899664e-01,    6.3329800963e-02,    9.1959899664e-01,    4.8489299774e+01,    9.1959899664e-01,    4.3283700943e-02,
    9.2070001364e-01,    1.0069599748e-01,    9.2070001364e-01,    5.3319198608e+01,    9.2070001364e-01,    1.3972899318e-01,
    9.2179900408e-01,    6.3299900293e-01,    9.2179900408e-01,    5.9539600372e+01,    9.2179900408e-01,   -6.6065497696e-02,
    9.2289900780e-01,    6.6536299884e-02,    9.2289900780e-01,    4.9451000214e+01,    9.2289900780e-01,    6.2271498144e-02,
    9.2399901152e-01,    6.7494496703e-02,    9.2399901152e-01,    5.2638401031e+01,    9.2399901152e-01,    9.5383100212e-02,
    9.2509901524e-01,    6.4364802837e-01,    9.2509901524e-01,    5.9905399323e+01,    9.2509901524e-01,   -1.3625800610e-01,
    9.2619997263e-01,    1.5326499939e-01,    9.2619997263e-01,    5.0301399231e+01,    9.2619997263e-01,    3.8485601544e-02,
    9.2729902267e-01,    1.7428599298e-01,    9.2729902267e-01,    5.1467998505e+01,    9.2729902267e-01,    3.9605598897e-02,
    9.2839998007e-01,    5.9449398518e-01,    9.2839998007e-01,    6.0178298950e+01,    9.2839998007e-01,   -1.8499399722e-01,
    9.2949897051e-01,    1.5925200284e-01,    9.2949897051e-01,    5.1262298584e+01,    9.2949897051e-01,    2.3848000914e-02,
    9.3059897423e-01,    2.0829600096e-01,    9.3059897423e-01,    5.0577301025e+01,    9.3059897423e-01,    8.6004897952e-02,
    9.3169999123e-01,    6.4010298252e-01,    9.3169999123e-01,    5.9831401825e+01,    9.3169999123e-01,   -2.5946098566e-01,
    9.3279898167e-01,    3.1094700098e-01,    9.3279898167e-01,    5.1960399628e+01,    9.3279898167e-01,    2.2473299876e-02,
    9.3389898539e-01,    2.6332399249e-01,    9.3389898539e-01,    4.9289100647e+01,    9.3389898539e-01,    4.4030599296e-02,
    9.3499898911e-01,    6.5937900543e-01,    9.3499898911e-01,    5.9778900146e+01,    9.3499898911e-01,   -2.4374200404e-01,
    9.3609899282e-01,    2.8550899029e-01,    9.3609899282e-01,    5.3976501465e+01,    9.3609899282e-01,    5.6138500571e-02,
    9.3720000982e-01,    3.0196800828e-01,    9.3720000982e-01,    4.9387699127e+01,    9.3720000982e-01,    4.3789099902e-02,
    9.3829900026e-01,    6.7122101784e-01,    9.3829900026e-01,    5.9138500214e+01,    9.3829900026e-01,   -1.8561199307e-01,
    9.3939900398e-01,    3.2516700029e-01,    9.3939900398e-01,    5.5265598297e+01,    9.3939900398e-01,    5.7729799300e-02,
    9.4050002098e-01,    2.2967499495e-01,    9.4050002098e-01,    4.9153701782e+01,    9.4050002098e-01,    3.2761100680e-02,
    9.4159901142e-01,    7.3283600807e-01,    9.4159901142e-01,    5.7944198608e+01,    9.4159901142e-01,   -1.8949499726e-01,
    9.4270002842e-01,    4.4098401070e-01,    9.4270002842e-01,    5.7152900696e+01,    9.4270002842e-01,    4.8991501331e-02,
    9.4379997253e-01,    1.1491200328e-01,    9.4379997253e-01,    4.9582801819e+01,    9.4379997253e-01,    3.3457901329e-02,
    9.4489902258e-01,    7.9291498661e-01,    9.4489902258e-01,    5.7012401581e+01,    9.4489902258e-01,   -1.7815400660e-01,
    9.4599997997e-01,    4.9707901478e-01,    9.4599997997e-01,    5.8750400543e+01,    9.4599997997e-01,   -4.5388899744e-02,
    9.4709998369e-01,    6.2028899789e-02,    9.4709998369e-01,    4.9981300354e+01,    9.4709998369e-01,   -1.0190900415e-02,
    9.4819897413e-01,    5.7225102186e-01,    9.4819897413e-01,    5.6152000427e+01,    9.4819897413e-01,   -3.7491001189e-02,
    9.4929999113e-01,    3.0513700843e-01,    9.4929999113e-01,    6.0339099884e+01,    9.4929999113e-01,   -1.1881700158e-01,
    9.5039898157e-01,    7.0522800088e-03,    9.5039898157e-01,    5.1287200928e+01,    9.5039898157e-01,   -3.3383499831e-02,
    9.5149999857e-01,    3.5759699345e-01,    9.5149999857e-01,    5.5914398193e+01,    9.5149999857e-01,    1.0673099756e-01,
    9.5259898901e-01,    2.3985500634e-01,    9.5259898901e-01,    6.1305698395e+01,    9.5259898901e-01,   -1.3228000700e-01,
    9.5370000601e-01,   -7.7667199075e-02,    9.5370000601e-01,    5.2068801880e+01,    9.5370000601e-01,   -1.8136000261e-02,
    9.5479899645e-01,    2.8623101115e-01,    9.5479899645e-01,    5.5531101227e+01,    9.5479899645e-01,    1.4609700441e-01,
    9.5590001345e-01,    3.4045800567e-02,    9.5590001345e-01,    6.1597801208e+01,    9.5590001345e-01,   -1.4337900281e-01,
    9.5700001717e-01,   -4.9828600883e-01,    9.5700001717e-01,    5.2444000244e+01,    9.5700001717e-01,   -5.6639101356e-02,
    9.5809900761e-01,   -4.1650599241e-01,    9.5809900761e-01,    5.4486801147e+01,    9.5809900761e-01,    7.8646697104e-02,
    9.5919901133e-01,   -2.0657099783e-01,    9.5919901133e-01,    6.1598300934e+01,    9.5919901133e-01,   -2.2922299802e-01,
    9.6030002832e-01,   -7.0810300112e-01,    9.6030002832e-01,    5.3004699707e+01,    9.6030002832e-01,   -6.2074098736e-02,
    9.6139901876e-01,   -8.6637800932e-01,    9.6139901876e-01,    5.2406398773e+01,    9.6139901876e-01,    6.9090202451e-02,
    9.6249902248e-01,   -1.9753600657e-01,    9.6249902248e-01,    6.0325401306e+01,    9.6249902248e-01,   -2.6040598750e-01,
    9.6359997988e-01,   -6.3921999931e-01,    9.6359997988e-01,    5.2608398438e+01,    9.6359997988e-01,   -9.5998700708e-03,
    9.6469897032e-01,   -8.1112402678e-01,    9.6469897032e-01,    5.0225799561e+01,    9.6469897032e-01,    8.8132299483e-02,
    9.6579897404e-01,   -1.7523400486e-01,    9.6579897404e-01,    6.0016498566e+01,    9.6579897404e-01,   -2.1750999987e-01,
    9.6689999104e-01,   -5.4793500900e-01,    9.6689999104e-01,    5.5037998199e+01,    9.6689999104e-01,    9.5804996789e-02,
    9.6799999475e-01,   -1.0326700211e+00,    9.6799999475e-01,    5.0173000336e+01,    9.6799999475e-01,    7.8847803175e-02,
    9.6909999847e-01,   -6.0469299555e-01,    9.6909999847e-01,    5.9772300720e+01,    9.6909999847e-01,   -2.1471500397e-01,
    9.7019898891e-01,   -4.4801500440e-01,    9.7019898891e-01,    5.5520999908e+01,    9.7019898891e-01,    3.9374999702e-02,
    9.7130000591e-01,   -7.6451402903e-01,    9.7130000591e-01,    4.7580699921e+01,    9.7130000591e-01,    1.1237700284e-01,
    9.7239899635e-01,   -6.5353202820e-01,    9.7239899635e-01,    5.5038799286e+01,    9.7239899635e-01,   -2.8736600280e-01,
    9.7349900007e-01,   -2.3659299314e-01,    9.7349900007e-01,    5.3978401184e+01,    9.7349900007e-01,   -1.1594499648e-01,
    9.7460001707e-01,   -6.1187899113e-01,    9.7460001707e-01,    4.5635299683e+01,    9.7460001707e-01,    7.1259796619e-02,
    9.7570002079e-01,   -8.1914800406e-01,    9.7570002079e-01,    5.1686599731e+01,    9.7570002079e-01,   -3.5128098726e-01,
    9.7679901123e-01,   -1.6667300463e-01,    9.7679901123e-01,    5.3724399567e+01,    9.7679901123e-01,   -2.7810099721e-01,
    9.7790002823e-01,   -7.2788798809e-01,    9.7790002823e-01,    4.5128700256e+01,    9.7790002823e-01,   -9.5994696021e-03,
    9.7899901867e-01,   -1.0204499960e+00,    9.7899901867e-01,    5.0049999237e+01,    9.7899901867e-01,   -3.5225400329e-01,
    9.8009902239e-01,   -2.6734799147e-01,    9.8009902239e-01,    5.4754699707e+01,    9.8009902239e-01,   -4.3684899807e-01,
    9.8119997978e-01,   -7.3572802544e-01,    9.8119997978e-01,    4.6337600708e+01,    9.8119997978e-01,   -7.0646703243e-02,
    9.8229897022e-01,   -1.2839800119e+00,    9.8229897022e-01,    5.0118900299e+01,    9.8229897022e-01,   -1.4883999527e-01,
    9.8339897394e-01,   -3.2080098987e-01,    9.8339897394e-01,    5.5832000732e+01,    9.8339897394e-01,   -3.5724100471e-01,
    9.8449999094e-01,   -9.3752801418e-01,    9.8449999094e-01,    4.7863098145e+01,    9.8449999094e-01,   -1.4678700268e-01,
    9.8559898138e-01,   -1.8491300344e+00,    9.8559898138e-01,    4.9792301178e+01,    9.8559898138e-01,   -8.2511000335e-02,
    9.8669999838e-01,   -5.5072498322e-01,    9.8669999838e-01,    5.6291198730e+01,    9.8669999838e-01,   -2.6995998621e-01,
    9.8779898882e-01,   -9.9759298563e-01,    9.8779898882e-01,    4.9772998810e+01,    9.8779898882e-01,   -1.5874500573e-01,
    9.8889899254e-01,   -1.8254899979e+00,    9.8889899254e-01,    5.0290798187e+01,    9.8889899254e-01,   -2.2531900555e-02,
    9.8999899626e-01,   -3.8457500935e-01,    9.8999899626e-01,    5.7708999634e+01,    9.8999899626e-01,   -2.0682099462e-01,
    9.9110001326e-01,   -8.1235802174e-01,    9.9110001326e-01,    5.1368099213e+01,    9.9110001326e-01,   -1.1303300038e-02,
    9.9219900370e-01,   -2.1111700535e+00,    9.9219900370e-01,    4.8953701019e+01,    9.9219900370e-01,    1.1484500021e-02,
    9.9329900742e-01,   -9.0624701977e-01,    9.9329900742e-01,    5.6917400360e+01,    9.9329900742e-01,   -2.1528500319e-01,
    9.9439901114e-01,   -8.8733500242e-01,    9.9439901114e-01,    5.2107200623e+01,    9.9439901114e-01,    2.6656499133e-02,
    9.9549901485e-01,   -2.1967799664e+00,    9.9549901485e-01,    4.7816200256e+01,    9.9549901485e-01,    1.0136900097e-01,
    9.9659901857e-01,   -2.0012300014e+00,    9.9659901857e-01,    5.5317798615e+01,    9.9659901857e-01,   -2.8215500712e-01,
    9.9769997597e-01,   -9.4934099913e-01,    9.9769997597e-01,    5.3113399506e+01,    9.9769997597e-01,   -1.4039799571e-01,
    9.9879997969e-01,   -2.1506299973e+00,    9.9879997969e-01,    4.6699100494e+01,    9.9879997969e-01,    1.0660900176e-01,
    9.9989998341e-01,   -2.3875401020e+00,    9.9989998341e-01,    5.3038898468e+01,    9.9989998341e-01,   -3.5403001308e-01,
    1.0010000467e+00,   -7.5715798140e-01,    1.0010000467e+00,    5.4199501038e+01,    1.0010000467e+00,   -2.2889800370e-01,
    1.0020999908e+00,   -1.9429099560e+00,    1.0020999908e+00,    4.6485298157e+01,    1.0020999908e+00,    1.4385400712e-01,
    1.0032000542e+00,   -3.1211700439e+00,    1.0032000542e+00,    5.1206501007e+01,    1.0032000542e+00,   -2.0432400703e-01,
    1.0042999983e+00,   -7.5779497623e-01,    1.0042999983e+00,    5.4899501801e+01,    1.0042999983e+00,   -1.7359399796e-01,
    1.0053999424e+00,   -1.4039000273e+00,    1.0053999424e+00,    4.7066898346e+01,    1.0053999424e+00,    1.8996900320e-01,
    1.0065000057e+00,   -3.3905398846e+00,    1.0065000057e+00,    5.0022800446e+01,    1.0065000057e+00,   -1.5683400631e-01,
    1.0075999498e+00,   -6.8702900410e-01,    1.0075999498e+00,    5.4988399506e+01,    1.0075999498e+00,   -1.0135199875e-01,
    1.0087000132e+00,   -9.2483299971e-01,    1.0087000132e+00,    4.8085899353e+01,    1.0087000132e+00,    1.9770100713e-01,
    1.0097999573e+00,   -3.2476699352e+00,    1.0097999573e+00,    4.9802501678e+01,    1.0097999573e+00,   -2.2004699707e-01,
    1.0109000206e+00,   -9.2152100801e-01,    1.0109000206e+00,    5.6003898621e+01,    1.0109000206e+00,   -1.2731699646e-01,
    1.0119999647e+00,   -4.9543198943e-01,    1.0119999647e+00,    5.0429401398e+01,    1.0119999647e+00,    6.3932500780e-02,
    1.0131000280e+00,   -3.3744399548e+00,    1.0131000280e+00,    4.9940601349e+01,    1.0131000280e+00,   -1.1325599998e-01,
    1.0141999722e+00,   -1.7497299910e+00,    1.0141999722e+00,    5.6731498718e+01,    1.0141999722e+00,   -8.0568499863e-02,
    1.0153000355e+00,   -3.8598999381e-01,    1.0153000355e+00,    5.2522300720e+01,    1.0153000355e+00,   -2.5054400787e-02,
    1.0163999796e+00,   -3.1411499977e+00,    1.0163999796e+00,    4.9684299469e+01,    1.0163999796e+00,    1.6222700477e-02,
    1.0175000429e+00,   -2.1780800819e+00,    1.0175000429e+00,    5.6862300873e+01,    1.0175000429e+00,   -1.4585699886e-02,
    1.0185999870e+00,   -3.6312699318e-01,    1.0185999870e+00,    5.4412998199e+01,    1.0185999870e+00,   -1.8007400632e-01,
    1.0197000504e+00,   -2.1830399036e+00,    1.0197000504e+00,    4.8083801270e+01,    1.0197000504e+00,    4.8020001501e-02,
    1.0207999945e+00,   -2.3855900764e+00,    1.0207999945e+00,    5.4375198364e+01,    1.0207999945e+00,    3.1250301749e-02,
    1.0219000578e+00,   -6.8832200766e-01,    1.0219000578e+00,    5.3379299164e+01,    1.0219000578e+00,   -2.6653200388e-01,
    1.0230000019e+00,   -1.8759399652e+00,    1.0230000019e+00,    4.5291400909e+01,    1.0230000019e+00,    1.5491999686e-01,
    1.0240999460e+00,   -3.0006699562e+00,    1.0240999460e+00,    4.9456699371e+01,    1.0240999460e+00,   -2.1324900910e-02,
    1.0252000093e+00,   -8.2228100300e-01,    1.0252000093e+00,    5.2290199280e+01,    1.0252000093e+00,   -2.3548200727e-01,
    1.0262999535e+00,   -9.6536701918e-01,    1.0262999535e+00,    4.4634700775e+01,    1.0262999535e+00,    1.4687600732e-01,
    1.0274000168e+00,   -2.7400701046e+00,    1.0274000168e+00,    4.7435600281e+01,    1.0274000168e+00,   -5.6677300483e-02,
    1.0284999609e+00,   -4.5030900836e-01,    1.0284999609e+00,    5.2254798889e+01,    1.0284999609e+00,   -1.7920699716e-01,
    1.0296000242e+00,   -3.8906300068e-01,    1.0296000242e+00,    4.6513900757e+01,    1.0296000242e+00,    1.3382700086e-01,
    1.0306999683e+00,   -2.3453400135e+00,    1.0306999683e+00,    4.8028701782e+01,    1.0306999683e+00,   -4.9000900239e-02,
    1.0318000317e+00,   -5.0759702921e-01,    1.0318000317e+00,    5.3023899078e+01,    1.0318000317e+00,   -2.6551499963e-01,
    1.0328999758e+00,   -8.6035102606e-02,    1.0328999758e+00,    4.8312698364e+01,    1.0328999758e+00,    1.9216699526e-02,
    1.0340000391e+00,   -1.6746900082e+00,    1.0340000391e+00,    4.7554698944e+01,    1.0340000391e+00,   -7.0880703628e-02,
    1.0350999832e+00,   -1.0129100084e+00,    1.0350999832e+00,    5.2730598450e+01,    1.0350999832e+00,   -9.0620897710e-02,
    1.0362000465e+00,   -6.0439798981e-02,    1.0362000465e+00,    5.0879798889e+01,    1.0362000465e+00,   -1.7018200457e-01,
    1.0372999907e+00,   -1.2523200512e+00,    1.0372999907e+00,    4.8046199799e+01,    1.0372999907e+00,   -1.6576200724e-01,
    1.0384000540e+00,   -1.2665699720e+00,    1.0384000540e+00,    5.3819801331e+01,    1.0384000540e+00,   -8.1171497703e-02,
    1.0394999981e+00,    2.2793300450e-01,    1.0394999981e+00,    5.3635299683e+01,    1.0394999981e+00,   -2.3784700036e-01,
    1.0405999422e+00,   -1.0119299889e+00,    1.0405999422e+00,    4.8247699738e+01,    1.0405999422e+00,   -2.2439299524e-01,
    1.0417000055e+00,   -1.0939099789e+00,    1.0417000055e+00,    5.3547901154e+01,    1.0417000055e+00,   -1.0740700364e-01,
    1.0427999496e+00,   -9.0424597263e-02,    1.0427999496e+00,    5.5720600128e+01,    1.0427999496e+00,   -1.7269800603e-01,
    1.0439000130e+00,   -6.5166097879e-01,    1.0439000130e+00,    4.8833698273e+01,    1.0439000130e+00,   -1.8752400577e-01,
    1.0449999571e+00,   -1.3023200035e+00,    1.0449999571e+00,    5.2902301788e+01,    1.0449999571e+00,   -2.6602599025e-01,
    1.0461000204e+00,   -5.8314299583e-01,    1.0461000204e+00,    5.6770500183e+01,    1.0461000204e+00,   -1.3826599717e-01,
    1.0471999645e+00,   -2.1465900540e-01,    1.0471999645e+00,    4.9921901703e+01,    1.0471999645e+00,   -1.2748800218e-01,
    1.0483000278e+00,   -1.6502000093e+00,    1.0483000278e+00,    5.2067199707e+01,    1.0483000278e+00,   -2.5456899405e-01,
    1.0493999720e+00,   -7.2922098637e-01,    1.0493999720e+00,    5.6782501221e+01,    1.0493999720e+00,   -2.7291399240e-01,
    1.0505000353e+00,    6.0771800578e-02,    1.0505000353e+00,    5.1658500671e+01,    1.0505000353e+00,   -9.7154602408e-02,
    1.0515999794e+00,   -1.6855900288e+00,    1.0515999794e+00,    5.0935501099e+01,    1.0515999794e+00,   -1.7528800666e-01,
    1.0527000427e+00,   -6.7528802156e-01,    1.0527000427e+00,    5.6214199066e+01,    1.0527000427e+00,   -2.1842500567e-01,
    1.0537999868e+00,   -3.6401201040e-02,    1.0537999868e+00,    5.3777500153e+01,    1.0537999868e+00,   -1.6147799790e-01,
    1.0549000502e+00,   -9.1028100252e-01,    1.0549000502e+00,    5.0110599518e+01,    1.0549000502e+00,   -1.6345900297e-01,
    1.0559999943e+00,   -8.0159097910e-01,    1.0559999943e+00,    5.5435600281e+01,    1.0559999943e+00,   -9.7789697349e-02,
    1.0571000576e+00,   -3.0885401368e-01,    1.0571000576e+00,    5.5454898834e+01,    1.0571000576e+00,   -1.6798800230e-01,
    1.0582000017e+00,   -3.7787899375e-01,    1.0582000017e+00,    4.9948699951e+01,    1.0582000017e+00,   -1.9412399828e-01,
    1.0592999458e+00,   -7.2550398111e-01,    1.0592999458e+00,    5.4441200256e+01,    1.0592999458e+00,   -7.2010703385e-02,
    1.0604000092e+00,   -3.8124799728e-01,    1.0604000092e+00,    5.5998798370e+01,    1.0604000092e+00,   -9.8021402955e-02,
    1.0614999533e+00,   -3.6883100867e-01,    1.0614999533e+00,    4.9070098877e+01,    1.0614999533e+00,   -1.3561199605e-01,
    1.0626000166e+00,   -9.3158197403e-01,    1.0626000166e+00,    5.2632301331e+01,    1.0626000166e+00,   -1.0361900181e-01,
    1.0636999607e+00,   -7.3736399412e-02,    1.0636999607e+00,    5.6487098694e+01,    1.0636999607e+00,   -1.9630700350e-02,
    1.0648000240e+00,   -2.2041000426e-01,    1.0648000240e+00,    5.0746498108e+01,    1.0648000240e+00,   -4.7732401639e-02,
    1.0658999681e+00,   -1.1965299845e+00,    1.0658999681e+00,    5.2573898315e+01,    1.0658999681e+00,   -1.3184800744e-01,
    1.0670000315e+00,   -2.1182799339e-01,    1.0670000315e+00,    5.7451900482e+01,    1.0670000315e+00,   -1.0801299661e-01,
    1.0680999756e+00,   -4.0459600091e-01,    1.0680999756e+00,    5.5043498993e+01,    1.0680999756e+00,   -8.1641398370e-02,
    1.0692000389e+00,   -1.0642199516e+00,    1.0692000389e+00,    5.4200099945e+01,    1.0692000389e+00,   -1.8398299813e-02,
    1.0702999830e+00,   -4.7580400109e-01,    1.0702999830e+00,    5.9287200928e+01,    1.0702999830e+00,   -2.3589999974e-01,
    1.0714000463e+00,   -2.3179300129e-01,    1.0714000463e+00,    5.8733699799e+01,    1.0714000463e+00,   -1.9626000524e-01,
    1.0724999905e+00,   -2.6944598556e-01,    1.0724999905e+00,    5.5213600159e+01,    1.0724999905e+00,   -1.0227699764e-02,
    1.0736000538e+00,   -6.6349899769e-01,    1.0736000538e+00,    6.0375598907e+01,    1.0736000538e+00,   -2.2547300160e-01,
    1.0746999979e+00,   -1.0297700018e-01,    1.0746999979e+00,    6.2939998627e+01,    1.0746999979e+00,   -2.3640100658e-01,
    1.0757999420e+00,   -3.8081899285e-01,    1.0757999420e+00,    5.8189201355e+01,    1.0757999420e+00,   -9.5747299492e-02,
    1.0769000053e+00,   -8.4858298302e-01,    1.0769000053e+00,    6.2795799255e+01,    1.0769000053e+00,   -1.7214499414e-01,
    1.0779999495e+00,   -3.0076700449e-01,    1.0779999495e+00,    6.6456100464e+01,    1.0779999495e+00,   -1.2029899657e-01,
    1.0791000128e+00,   -5.4746401310e-01,    1.0791000128e+00,    6.0837600708e+01,    1.0791000128e+00,   -1.5306200087e-01,
    1.0801999569e+00,   -8.7439501286e-01,    1.0801999569e+00,    6.4023002625e+01,    1.0801999569e+00,   -1.0475700349e-01,
    1.0813000202e+00,   -8.5434901714e-01,    1.0813000202e+00,    6.8395202637e+01,    1.0813000202e+00,   -5.4415401071e-02,
    1.0823999643e+00,   -6.5410298109e-01,    1.0823999643e+00,    6.5585601807e+01,    1.0823999643e+00,   -8.2092903554e-02,
    1.0835000277e+00,   -6.7571002245e-01,    1.0835000277e+00,    6.6074798584e+01,    1.0835000277e+00,   -2.3698900640e-01,
    1.0845999718e+00,   -6.3890302181e-01,    1.0845999718e+00,    7.0989700317e+01,    1.0845999718e+00,   -9.3484297395e-02,
    1.0857000351e+00,   -7.8036999702e-01,    1.0857000351e+00,    7.0998596191e+01,    1.0857000351e+00,   -6.8840898573e-02,
    1.0867999792e+00,   -1.3704899549e+00,    1.0867999792e+00,    6.7089202881e+01,    1.0867999792e+00,   -2.2754999995e-01,
    1.0879000425e+00,   -7.1957099438e-01,    1.0879000425e+00,    7.2196701050e+01,    1.0879000425e+00,   -2.2555999458e-01,
    1.0889999866e+00,   -1.3776700497e+00,    1.0889999866e+00,    7.4015701294e+01,    1.0889999866e+00,   -2.0141099393e-01,
    1.0901000500e+00,   -1.8454600573e+00,    1.0901000500e+00,    6.7348098755e+01,    1.0901000500e+00,   -2.4817800522e-01,
    1.0911999941e+00,   -9.4029200077e-01,    1.0911999941e+00,    7.1430496216e+01,    1.0911999941e+00,   -2.4263699353e-01,
    1.0923000574e+00,   -1.5505399704e+00,    1.0923000574e+00,    7.5144798279e+01,    1.0923000574e+00,   -3.1728601456e-01,
    1.0934000015e+00,   -1.9536399841e+00,    1.0934000015e+00,    6.8911697388e+01,    1.0934000015e+00,   -2.4562199414e-01,
    1.0944999456e+00,   -1.6692199707e+00,    1.0944999456e+00,    7.1386199951e+01,    1.0944999456e+00,   -2.4566300213e-01,
    1.0956000090e+00,   -1.9180799723e+00,    1.0956000090e+00,    7.4646003723e+01,    1.0956000090e+00,   -2.5148999691e-01,
    1.0966999531e+00,   -1.9254800081e+00,    1.0966999531e+00,    6.8461402893e+01,    1.0966999531e+00,   -1.9711999595e-01,
    1.0978000164e+00,   -1.8569799662e+00,    1.0978000164e+00,    6.6023300171e+01,    1.0978000164e+00,   -1.4647300541e-01,
    1.0988999605e+00,   -1.1512800455e+00,    1.0988999605e+00,    6.9653701782e+01,    1.0988999605e+00,   -9.4303198159e-02,
    1.1000000238e+00,   -1.4678399563e+00,    1.1000000238e+00,    6.9981597900e+01,    1.1000000238e+00,   -3.4790500998e-02,
