LS-DYNA keyword deck by LS-PrePost,Rcforc Data
Time,Ma 373 X-force,Time,Ma 373 Y-force,Time,Ma 373 Z-force,
    0.0000000000e+00,    0.0000000000e+00,    0.0000000000e+00,    0.0000000000e+00,    0.0000000000e+00,    0.0000000000e+00,
    1.0990600567e-03,    0.0000000000e+00,    1.0990600567e-03,    0.0000000000e+00,    1.0990600567e-03,    0.0000000000e+00,
    2.1981699392e-03,    0.0000000000e+00,    2.1981699392e-03,    0.0000000000e+00,    2.1981699392e-03,    0.0000000000e+00,
    3.2983899582e-03,    0.0000000000e+00,    3.2983899582e-03,    0.0000000000e+00,    3.2983899582e-03,    0.0000000000e+00,
    4.3993499130e-03,    0.0000000000e+00,    4.3993499130e-03,    0.0000000000e+00,    4.3993499130e-03,    0.0000000000e+00,
    5.4993899539e-03,    0.0000000000e+00,    5.4993899539e-03,    0.0000000000e+00,    5.4993899539e-03,    0.0000000000e+00,
    6.5985200927e-03,    0.0000000000e+00,    6.5985200927e-03,    0.0000000000e+00,    6.5985200927e-03,    0.0000000000e+00,
    7.6994900592e-03,    0.0000000000e+00,    7.6994900592e-03,    0.0000000000e+00,    7.6994900592e-03,    0.0000000000e+00,
    8.7991701439e-03,    0.0000000000e+00,    8.7991701439e-03,    0.0000000000e+00,    8.7991701439e-03,    0.0000000000e+00,
    9.8988199607e-03,    0.0000000000e+00,    9.8988199607e-03,    0.0000000000e+00,    9.8988199607e-03,    0.0000000000e+00,
    1.0999799706e-02,    0.0000000000e+00,    1.0999799706e-02,    0.0000000000e+00,    1.0999799706e-02,    0.0000000000e+00,
    1.2099700049e-02,    0.0000000000e+00,    1.2099700049e-02,    0.0000000000e+00,    1.2099700049e-02,    0.0000000000e+00,
    1.3198999688e-02,    0.0000000000e+00,    1.3198999688e-02,    0.0000000000e+00,    1.3198999688e-02,    0.0000000000e+00,
    1.4299600385e-02,    0.0000000000e+00,    1.4299600385e-02,    0.0000000000e+00,    1.4299600385e-02,    0.0000000000e+00,
    1.5399900265e-02,    0.0000000000e+00,    1.5399900265e-02,    0.0000000000e+00,    1.5399900265e-02,    0.0000000000e+00,
    1.6498299316e-02,    0.0000000000e+00,    1.6498299316e-02,    0.0000000000e+00,    1.6498299316e-02,    0.0000000000e+00,
    1.7599200830e-02,    0.0000000000e+00,    1.7599200830e-02,    0.0000000000e+00,    1.7599200830e-02,    0.0000000000e+00,
    1.8699700013e-02,    0.0000000000e+00,    1.8699700013e-02,    0.0000000000e+00,    1.8699700013e-02,    0.0000000000e+00,
    1.9799100235e-02,    0.0000000000e+00,    1.9799100235e-02,    0.0000000000e+00,    1.9799100235e-02,    0.0000000000e+00,
    2.0898200572e-02,    0.0000000000e+00,    2.0898200572e-02,    0.0000000000e+00,    2.0898200572e-02,    0.0000000000e+00,
    2.1999200806e-02,    0.0000000000e+00,    2.1999200806e-02,    0.0000000000e+00,    2.1999200806e-02,    0.0000000000e+00,
    2.3099999875e-02,    0.0000000000e+00,    2.3099999875e-02,    0.0000000000e+00,    2.3099999875e-02,    0.0000000000e+00,
    2.4199200794e-02,    0.0000000000e+00,    2.4199200794e-02,    0.0000000000e+00,    2.4199200794e-02,    0.0000000000e+00,
    2.5298900902e-02,    0.0000000000e+00,    2.5298900902e-02,    0.0000000000e+00,    2.5298900902e-02,    0.0000000000e+00,
    2.6398399845e-02,    0.0000000000e+00,    2.6398399845e-02,    0.0000000000e+00,    2.6398399845e-02,    0.0000000000e+00,
    2.7499800548e-02,    0.0000000000e+00,    2.7499800548e-02,    0.0000000000e+00,    2.7499800548e-02,    0.0000000000e+00,
    2.8598599136e-02,    0.0000000000e+00,    2.8598599136e-02,    0.0000000000e+00,    2.8598599136e-02,    0.0000000000e+00,
    2.9699800536e-02,    0.0000000000e+00,    2.9699800536e-02,    0.0000000000e+00,    2.9699800536e-02,    0.0000000000e+00,
    3.0798900872e-02,    0.0000000000e+00,    3.0798900872e-02,    0.0000000000e+00,    3.0798900872e-02,    0.0000000000e+00,
    3.1899001449e-02,    0.0000000000e+00,    3.1899001449e-02,    0.0000000000e+00,    3.1899001449e-02,    0.0000000000e+00,
    3.2998200506e-02,    0.0000000000e+00,    3.2998200506e-02,    0.0000000000e+00,    3.2998200506e-02,    0.0000000000e+00,
    3.4099198878e-02,    0.0000000000e+00,    3.4099198878e-02,    0.0000000000e+00,    3.4099198878e-02,    0.0000000000e+00,
    3.5199001431e-02,    0.0000000000e+00,    3.5199001431e-02,    0.0000000000e+00,    3.5199001431e-02,    0.0000000000e+00,
    3.6299198866e-02,    0.0000000000e+00,    3.6299198866e-02,    0.0000000000e+00,    3.6299198866e-02,    0.0000000000e+00,
    3.7398301065e-02,    0.0000000000e+00,    3.7398301065e-02,    0.0000000000e+00,    3.7398301065e-02,    0.0000000000e+00,
    3.8499899209e-02,    0.0000000000e+00,    3.8499899209e-02,    0.0000000000e+00,    3.8499899209e-02,    0.0000000000e+00,
    3.9599601179e-02,    0.0000000000e+00,    3.9599601179e-02,    0.0000000000e+00,    3.9599601179e-02,    0.0000000000e+00,
    4.0699601173e-02,    0.0000000000e+00,    4.0699601173e-02,    0.0000000000e+00,    4.0699601173e-02,    0.0000000000e+00,
    4.1798699647e-02,    0.0000000000e+00,    4.1798699647e-02,    0.0000000000e+00,    4.1798699647e-02,    0.0000000000e+00,
    4.2899001390e-02,    0.0000000000e+00,    4.2899001390e-02,    0.0000000000e+00,    4.2899001390e-02,    0.0000000000e+00,
    4.3998401612e-02,    0.0000000000e+00,    4.3998401612e-02,    0.0000000000e+00,    4.3998401612e-02,    0.0000000000e+00,
    4.5098699629e-02,    0.0000000000e+00,    4.5098699629e-02,    0.0000000000e+00,    4.5098699629e-02,    0.0000000000e+00,
    4.6199701726e-02,    0.0000000000e+00,    4.6199701726e-02,    0.0000000000e+00,    4.6199701726e-02,    0.0000000000e+00,
    4.7299500555e-02,    0.0000000000e+00,    4.7299500555e-02,    0.0000000000e+00,    4.7299500555e-02,    0.0000000000e+00,
    4.8399198800e-02,    0.0000000000e+00,    4.8399198800e-02,    0.0000000000e+00,    4.8399198800e-02,    0.0000000000e+00,
    4.9498300999e-02,    0.0000000000e+00,    4.9498300999e-02,    0.0000000000e+00,    4.9498300999e-02,    0.0000000000e+00,
    5.0599399954e-02,    0.0000000000e+00,    5.0599399954e-02,    0.0000000000e+00,    5.0599399954e-02,    0.0000000000e+00,
    5.1699899137e-02,    0.0000000000e+00,    5.1699899137e-02,    0.0000000000e+00,    5.1699899137e-02,    0.0000000000e+00,
    5.2798800170e-02,    0.0000000000e+00,    5.2798800170e-02,    0.0000000000e+00,    5.2798800170e-02,    0.0000000000e+00,
    5.3899798542e-02,    0.0000000000e+00,    5.3899798542e-02,    0.0000000000e+00,    5.3899798542e-02,    0.0000000000e+00,
    5.4999601096e-02,    0.0000000000e+00,    5.4999601096e-02,    0.0000000000e+00,    5.4999601096e-02,    0.0000000000e+00,
    5.6098498404e-02,    0.0000000000e+00,    5.6098498404e-02,    0.0000000000e+00,    5.6098498404e-02,    0.0000000000e+00,
    5.7199500501e-02,    0.0000000000e+00,    5.7199500501e-02,    0.0000000000e+00,    5.7199500501e-02,    0.0000000000e+00,
    5.8299198747e-02,    0.0000000000e+00,    5.8299198747e-02,    0.0000000000e+00,    5.8299198747e-02,    0.0000000000e+00,
    5.9399701655e-02,    0.0000000000e+00,    5.9399701655e-02,    0.0000000000e+00,    5.9399701655e-02,    0.0000000000e+00,
    6.0499701649e-02,    0.0000000000e+00,    6.0499701649e-02,    0.0000000000e+00,    6.0499701649e-02,    0.0000000000e+00,
    6.1599399894e-02,    0.0000000000e+00,    6.1599399894e-02,    0.0000000000e+00,    6.1599399894e-02,    0.0000000000e+00,
    6.2698900700e-02,    0.0000000000e+00,    6.2698900700e-02,    0.0000000000e+00,    6.2698900700e-02,    0.0000000000e+00,
    6.3798502088e-02,    0.0000000000e+00,    6.3798502088e-02,    0.0000000000e+00,    6.3798502088e-02,    0.0000000000e+00,
    6.4899496734e-02,    0.0000000000e+00,    6.4899496734e-02,    0.0000000000e+00,    6.4899496734e-02,    0.0000000000e+00,
    6.5998099744e-02,    0.0000000000e+00,    6.5998099744e-02,    0.0000000000e+00,    6.5998099744e-02,    0.0000000000e+00,
    6.7098401487e-02,    0.0000000000e+00,    6.7098401487e-02,    0.0000000000e+00,    6.7098401487e-02,    0.0000000000e+00,
    6.8199902773e-02,    0.0000000000e+00,    6.8199902773e-02,    0.0000000000e+00,    6.8199902773e-02,    0.0000000000e+00,
    6.9298997521e-02,    0.0000000000e+00,    6.9298997521e-02,    0.0000000000e+00,    6.9298997521e-02,    0.0000000000e+00,
    7.0399798453e-02,    0.0000000000e+00,    7.0399798453e-02,    0.0000000000e+00,    7.0399798453e-02,    0.0000000000e+00,
    7.1499697864e-02,    0.0000000000e+00,    7.1499697864e-02,    0.0000000000e+00,    7.1499697864e-02,    0.0000000000e+00,
    7.2598800063e-02,    0.0000000000e+00,    7.2598800063e-02,    0.0000000000e+00,    7.2598800063e-02,    0.0000000000e+00,
    7.3698200285e-02,    0.0000000000e+00,    7.3698200285e-02,    0.0000000000e+00,    7.3698200285e-02,    0.0000000000e+00,
    7.4798502028e-02,    0.0000000000e+00,    7.4798502028e-02,    0.0000000000e+00,    7.4798502028e-02,    0.0000000000e+00,
    7.5898401439e-02,    0.0000000000e+00,    7.5898401439e-02,    0.0000000000e+00,    7.5898401439e-02,    0.0000000000e+00,
    7.6999902725e-02,    0.0000000000e+00,    7.6999902725e-02,    0.0000000000e+00,    7.6999902725e-02,    0.0000000000e+00,
    7.8098997474e-02,    0.0000000000e+00,    7.8098997474e-02,    0.0000000000e+00,    7.8098997474e-02,    0.0000000000e+00,
    7.9199701548e-02,    0.0000000000e+00,    7.9199701548e-02,    0.0000000000e+00,    7.9199701548e-02,    0.0000000000e+00,
    8.0298699439e-02,    0.0000000000e+00,    8.0298699439e-02,    0.0000000000e+00,    8.0298699439e-02,    0.0000000000e+00,
    8.1398598850e-02,    0.0000000000e+00,    8.1398598850e-02,    0.0000000000e+00,    8.1398598850e-02,    0.0000000000e+00,
    8.2499101758e-02,    0.0000000000e+00,    8.2499101758e-02,    0.0000000000e+00,    8.2499101758e-02,    0.0000000000e+00,
    8.3598397672e-02,    0.0000000000e+00,    8.3598397672e-02,    0.0000000000e+00,    8.3598397672e-02,    0.0000000000e+00,
    8.4699399769e-02,    0.0000000000e+00,    8.4699399769e-02,    0.0000000000e+00,    8.4699399769e-02,    0.0000000000e+00,
    8.5798799992e-02,    0.0000000000e+00,    8.5798799992e-02,    0.0000000000e+00,    8.5798799992e-02,    0.0000000000e+00,
    8.6899898946e-02,    0.0000000000e+00,    8.6899898946e-02,    0.0000000000e+00,    8.6899898946e-02,    0.0000000000e+00,
    8.7999001145e-02,    0.0000000000e+00,    8.7999001145e-02,    0.0000000000e+00,    8.7999001145e-02,    0.0000000000e+00,
    8.9098997414e-02,    0.0000000000e+00,    8.9098997414e-02,    0.0000000000e+00,    8.9098997414e-02,    0.0000000000e+00,
    9.0199500322e-02,    0.0000000000e+00,    9.0199500322e-02,    0.0000000000e+00,    9.0199500322e-02,    0.0000000000e+00,
    9.1299600899e-02,    0.0000000000e+00,    9.1299600899e-02,    0.0000000000e+00,    9.1299600899e-02,    0.0000000000e+00,
    9.2398703098e-02,    0.0000000000e+00,    9.2398703098e-02,    0.0000000000e+00,    9.2398703098e-02,    0.0000000000e+00,
    9.3499898911e-02,    0.0000000000e+00,    9.3499898911e-02,    0.0000000000e+00,    9.3499898911e-02,    0.0000000000e+00,
    9.4598703086e-02,    0.0000000000e+00,    9.4598703086e-02,    0.0000000000e+00,    9.4598703086e-02,    0.0000000000e+00,
    9.5699697733e-02,    0.0000000000e+00,    9.5699697733e-02,    0.0000000000e+00,    9.5699697733e-02,    0.0000000000e+00,
    9.6798703074e-02,    0.0000000000e+00,    9.6798703074e-02,    0.0000000000e+00,    9.6798703074e-02,    0.0000000000e+00,
    9.7899198532e-02,    0.0000000000e+00,    9.7899198532e-02,    0.0000000000e+00,    9.7899198532e-02,    0.0000000000e+00,
    9.8999999464e-02,    0.0000000000e+00,    9.8999999464e-02,    0.0000000000e+00,    9.8999999464e-02,    0.0000000000e+00,
    1.0010000318e-01,    0.0000000000e+00,    1.0010000318e-01,    0.0000000000e+00,    1.0010000318e-01,    0.0000000000e+00,
    1.0119800270e-01,    0.0000000000e+00,    1.0119800270e-01,    0.0000000000e+00,    1.0119800270e-01,    0.0000000000e+00,
    1.0229899734e-01,    0.0000000000e+00,    1.0229899734e-01,    0.0000000000e+00,    1.0229899734e-01,    0.0000000000e+00,
    1.0339800268e-01,    0.0000000000e+00,    1.0339800268e-01,    0.0000000000e+00,    1.0339800268e-01,    0.0000000000e+00,
    1.0449899733e-01,    0.0000000000e+00,    1.0449899733e-01,    0.0000000000e+00,    1.0449899733e-01,    0.0000000000e+00,
    1.0559900105e-01,    0.0000000000e+00,    1.0559900105e-01,    0.0000000000e+00,    1.0559900105e-01,    0.0000000000e+00,
    1.0669799894e-01,    0.0000000000e+00,    1.0669799894e-01,    0.0000000000e+00,    1.0669799894e-01,    0.0000000000e+00,
    1.0779900104e-01,    0.0000000000e+00,    1.0779900104e-01,    0.0000000000e+00,    1.0779900104e-01,    0.0000000000e+00,
    1.0889799893e-01,    0.0000000000e+00,    1.0889799893e-01,    0.0000000000e+00,    1.0889799893e-01,    0.0000000000e+00,
    1.0999900103e-01,    0.0000000000e+00,    1.0999900103e-01,    0.0000000000e+00,    1.0999900103e-01,    0.0000000000e+00,
    1.1110000312e-01,    0.0000000000e+00,    1.1110000312e-01,    0.0000000000e+00,    1.1110000312e-01,    0.0000000000e+00,
    1.1219800264e-01,    0.0000000000e+00,    1.1219800264e-01,    0.0000000000e+00,    1.1219800264e-01,    0.0000000000e+00,
    1.1329899728e-01,    0.0000000000e+00,    1.1329899728e-01,    0.0000000000e+00,    1.1329899728e-01,    0.0000000000e+00,
    1.1439900100e-01,    0.0000000000e+00,    1.1439900100e-01,    0.0000000000e+00,    1.1439900100e-01,    0.0000000000e+00,
    1.1549799889e-01,    0.0000000000e+00,    1.1549799889e-01,    0.0000000000e+00,    1.1549799889e-01,    0.0000000000e+00,
    1.1659999937e-01,    0.0000000000e+00,    1.1659999937e-01,    0.0000000000e+00,    1.1659999937e-01,    0.0000000000e+00,
    1.1769799888e-01,    0.0000000000e+00,    1.1769799888e-01,    0.0000000000e+00,    1.1769799888e-01,    0.0000000000e+00,
    1.1879900098e-01,    0.0000000000e+00,    1.1879900098e-01,    0.0000000000e+00,    1.1879900098e-01,    0.0000000000e+00,
    1.1989799887e-01,    0.0000000000e+00,    1.1989799887e-01,    0.0000000000e+00,    1.1989799887e-01,    0.0000000000e+00,
    1.2099900097e-01,    0.0000000000e+00,    1.2099900097e-01,    0.0000000000e+00,    1.2099900097e-01,    0.0000000000e+00,
    1.2209799886e-01,    0.0000000000e+00,    1.2209799886e-01,    0.0000000000e+00,    1.2209799886e-01,    0.0000000000e+00,
    1.2319900095e-01,    0.0000000000e+00,    1.2319900095e-01,    0.0000000000e+00,    1.2319900095e-01,    0.0000000000e+00,
    1.2429799885e-01,    0.0000000000e+00,    1.2429799885e-01,    0.0000000000e+00,    1.2429799885e-01,    0.0000000000e+00,
    1.2540000677e-01,    0.0000000000e+00,    1.2540000677e-01,    0.0000000000e+00,    1.2540000677e-01,    0.0000000000e+00,
    1.2649899721e-01,    0.0000000000e+00,    1.2649899721e-01,    0.0000000000e+00,    1.2649899721e-01,    0.0000000000e+00,
    1.2759999931e-01,    0.0000000000e+00,    1.2759999931e-01,    0.0000000000e+00,    1.2759999931e-01,    0.0000000000e+00,
    1.2869800627e-01,    0.0000000000e+00,    1.2869800627e-01,    0.0000000000e+00,    1.2869800627e-01,    0.0000000000e+00,
    1.2979899347e-01,    0.0000000000e+00,    1.2979899347e-01,    0.0000000000e+00,    1.2979899347e-01,    0.0000000000e+00,
    1.3089999557e-01,    0.0000000000e+00,    1.3089999557e-01,    0.0000000000e+00,    1.3089999557e-01,    0.0000000000e+00,
    1.3199900091e-01,    0.0000000000e+00,    1.3199900091e-01,    0.0000000000e+00,    1.3199900091e-01,    0.0000000000e+00,
    1.3310000300e-01,    0.0000000000e+00,    1.3310000300e-01,    0.0000000000e+00,    1.3310000300e-01,    0.0000000000e+00,
    1.3419899344e-01,    0.0000000000e+00,    1.3419899344e-01,    0.0000000000e+00,    1.3419899344e-01,    0.0000000000e+00,
    1.3529999554e-01,    0.0000000000e+00,    1.3529999554e-01,    0.0000000000e+00,    1.3529999554e-01,    0.0000000000e+00,
    1.3639800251e-01,    0.0000000000e+00,    1.3639800251e-01,    0.0000000000e+00,    1.3639800251e-01,    0.0000000000e+00,
    1.3750000298e-01,    0.0000000000e+00,    1.3750000298e-01,    0.0000000000e+00,    1.3750000298e-01,    0.0000000000e+00,
    1.3859899342e-01,    0.0000000000e+00,    1.3859899342e-01,    0.0000000000e+00,    1.3859899342e-01,    0.0000000000e+00,
    1.3969799876e-01,    0.0000000000e+00,    1.3969799876e-01,    0.0000000000e+00,    1.3969799876e-01,    0.0000000000e+00,
    1.4079999924e-01,    0.0000000000e+00,    1.4079999924e-01,    0.0000000000e+00,    1.4079999924e-01,    0.0000000000e+00,
    1.4189900458e-01,    0.0000000000e+00,    1.4189900458e-01,    0.0000000000e+00,    1.4189900458e-01,    0.0000000000e+00,
    1.4299899340e-01,    0.0000000000e+00,    1.4299899340e-01,    0.0000000000e+00,    1.4299899340e-01,    0.0000000000e+00,
    1.4409999549e-01,    0.0000000000e+00,    1.4409999549e-01,    0.0000000000e+00,    1.4409999549e-01,    0.0000000000e+00,
    1.4519999921e-01,    0.0000000000e+00,    1.4519999921e-01,    0.0000000000e+00,    1.4519999921e-01,    0.0000000000e+00,
    1.4629900455e-01,    0.0000000000e+00,    1.4629900455e-01,    0.0000000000e+00,    1.4629900455e-01,    0.0000000000e+00,
    1.4739899337e-01,    0.0000000000e+00,    1.4739899337e-01,    0.0000000000e+00,    1.4739899337e-01,    0.0000000000e+00,
    1.4849899709e-01,    0.0000000000e+00,    1.4849899709e-01,    0.0000000000e+00,    1.4849899709e-01,    0.0000000000e+00,
    1.4959999919e-01,    0.0000000000e+00,    1.4959999919e-01,    0.0000000000e+00,    1.4959999919e-01,    0.0000000000e+00,
    1.5069900453e-01,    0.0000000000e+00,    1.5069900453e-01,    0.0000000000e+00,    1.5069900453e-01,    0.0000000000e+00,
    1.5180000663e-01,    0.0000000000e+00,    1.5180000663e-01,    0.0000000000e+00,    1.5180000663e-01,    0.0000000000e+00,
    1.5289899707e-01,    0.0000000000e+00,    1.5289899707e-01,    0.0000000000e+00,    1.5289899707e-01,    0.0000000000e+00,
    1.5399999917e-01,    0.0000000000e+00,    1.5399999917e-01,    0.0000000000e+00,    1.5399999917e-01,    0.0000000000e+00,
    1.5509800613e-01,    0.0000000000e+00,    1.5509800613e-01,    0.0000000000e+00,    1.5509800613e-01,    0.0000000000e+00,
    1.5619899333e-01,    0.0000000000e+00,    1.5619899333e-01,    0.0000000000e+00,    1.5619899333e-01,    0.0000000000e+00,
    1.5729799867e-01,    0.0000000000e+00,    1.5729799867e-01,    0.0000000000e+00,    1.5729799867e-01,    0.0000000000e+00,
    1.5839999914e-01,    0.0000000000e+00,    1.5839999914e-01,    0.0000000000e+00,    1.5839999914e-01,    0.0000000000e+00,
    1.5949800611e-01,    0.0000000000e+00,    1.5949800611e-01,    0.0000000000e+00,    1.5949800611e-01,    0.0000000000e+00,
    1.6059899330e-01,    0.0000000000e+00,    1.6059899330e-01,    0.0000000000e+00,    1.6059899330e-01,    0.0000000000e+00,
    1.6169999540e-01,    0.0000000000e+00,    1.6169999540e-01,    0.0000000000e+00,    1.6169999540e-01,    0.0000000000e+00,
    1.6279800236e-01,    0.0000000000e+00,    1.6279800236e-01,    0.0000000000e+00,    1.6279800236e-01,    0.0000000000e+00,
    1.6390000284e-01,    0.0000000000e+00,    1.6390000284e-01,    0.0000000000e+00,    1.6390000284e-01,    0.0000000000e+00,
    1.6499899328e-01,    0.0000000000e+00,    1.6499899328e-01,    0.0000000000e+00,    1.6499899328e-01,    0.0000000000e+00,
    1.6609999537e-01,    0.0000000000e+00,    1.6609999537e-01,    0.0000000000e+00,    1.6609999537e-01,    0.0000000000e+00,
    1.6719999909e-01,    0.0000000000e+00,    1.6719999909e-01,    0.0000000000e+00,    1.6719999909e-01,    0.0000000000e+00,
    1.6829900444e-01,    0.0000000000e+00,    1.6829900444e-01,    0.0000000000e+00,    1.6829900444e-01,    0.0000000000e+00,
    1.6940000653e-01,    0.0000000000e+00,    1.6940000653e-01,    0.0000000000e+00,    1.6940000653e-01,    0.0000000000e+00,
    1.7049899697e-01,    0.0000000000e+00,    1.7049899697e-01,    0.0000000000e+00,    1.7049899697e-01,    0.0000000000e+00,
    1.7159800231e-01,    0.0000000000e+00,    1.7159800231e-01,    0.0000000000e+00,    1.7159800231e-01,    0.0000000000e+00,
    1.7269900441e-01,    0.0000000000e+00,    1.7269900441e-01,    0.0000000000e+00,    1.7269900441e-01,    0.0000000000e+00,
    1.7379899323e-01,    0.0000000000e+00,    1.7379899323e-01,    0.0000000000e+00,    1.7379899323e-01,    0.0000000000e+00,
    1.7489999533e-01,    0.0000000000e+00,    1.7489999533e-01,    0.0000000000e+00,    1.7489999533e-01,    0.0000000000e+00,
    1.7599900067e-01,    0.0000000000e+00,    1.7599900067e-01,    0.0000000000e+00,    1.7599900067e-01,    0.0000000000e+00,
    1.7710000277e-01,    0.0000000000e+00,    1.7710000277e-01,    0.0000000000e+00,    1.7710000277e-01,    0.0000000000e+00,
    1.7819799483e-01,    0.0000000000e+00,    1.7819799483e-01,    0.0000000000e+00,    1.7819799483e-01,    0.0000000000e+00,
    1.7929999530e-01,    0.0000000000e+00,    1.7929999530e-01,    0.0000000000e+00,    1.7929999530e-01,    0.0000000000e+00,
    1.8039900064e-01,    0.0000000000e+00,    1.8039900064e-01,    0.0000000000e+00,    1.8039900064e-01,    0.0000000000e+00,
    1.8149800599e-01,    0.0000000000e+00,    1.8149800599e-01,    0.0000000000e+00,    1.8149800599e-01,    0.0000000000e+00,
    1.8259899318e-01,    0.0000000000e+00,    1.8259899318e-01,    0.0000000000e+00,    1.8259899318e-01,    0.0000000000e+00,
    1.8369999528e-01,    0.0000000000e+00,    1.8369999528e-01,    0.0000000000e+00,    1.8369999528e-01,    0.0000000000e+00,
    1.8479900062e-01,    0.0000000000e+00,    1.8479900062e-01,    0.0000000000e+00,    1.8479900062e-01,    0.0000000000e+00,
    1.8589800596e-01,    0.0000000000e+00,    1.8589800596e-01,    0.0000000000e+00,    1.8589800596e-01,    0.0000000000e+00,
    1.8700000644e-01,    0.0000000000e+00,    1.8700000644e-01,    0.0000000000e+00,    1.8700000644e-01,    0.0000000000e+00,
    1.8809899688e-01,    0.0000000000e+00,    1.8809899688e-01,    0.0000000000e+00,    1.8809899688e-01,    0.0000000000e+00,
    1.8919900060e-01,    0.0000000000e+00,    1.8919900060e-01,    0.0000000000e+00,    1.8919900060e-01,    0.0000000000e+00,
    1.9030000269e-01,    0.0000000000e+00,    1.9030000269e-01,    0.0000000000e+00,    1.9030000269e-01,    0.0000000000e+00,
    1.9139799476e-01,    0.0000000000e+00,    1.9139799476e-01,    0.0000000000e+00,    1.9139799476e-01,    0.0000000000e+00,
    1.9249899685e-01,    0.0000000000e+00,    1.9249899685e-01,    0.0000000000e+00,    1.9249899685e-01,    0.0000000000e+00,
    1.9359999895e-01,    0.0000000000e+00,    1.9359999895e-01,    0.0000000000e+00,    1.9359999895e-01,    0.0000000000e+00,
    1.9470000267e-01,    0.0000000000e+00,    1.9470000267e-01,    0.0000000000e+00,    1.9470000267e-01,    0.0000000000e+00,
    1.9579899311e-01,    0.0000000000e+00,    1.9579899311e-01,    0.0000000000e+00,    1.9579899311e-01,    0.0000000000e+00,
    1.9689899683e-01,    0.0000000000e+00,    1.9689899683e-01,    0.0000000000e+00,    1.9689899683e-01,    0.0000000000e+00,
    1.9799999893e-01,    0.0000000000e+00,    1.9799999893e-01,    0.0000000000e+00,    1.9799999893e-01,    0.0000000000e+00,
    1.9909900427e-01,    0.0000000000e+00,    1.9909900427e-01,    0.0000000000e+00,    1.9909900427e-01,    0.0000000000e+00,
    2.0020000637e-01,    0.0000000000e+00,    2.0020000637e-01,    0.0000000000e+00,    2.0020000637e-01,    0.0000000000e+00,
    2.0129899681e-01,    0.0000000000e+00,    2.0129899681e-01,    0.0000000000e+00,    2.0129899681e-01,    0.0000000000e+00,
    2.0239900053e-01,    0.0000000000e+00,    2.0239900053e-01,    0.0000000000e+00,    2.0239900053e-01,    0.0000000000e+00,
    2.0349900424e-01,    0.0000000000e+00,    2.0349900424e-01,    0.0000000000e+00,    2.0349900424e-01,    0.0000000000e+00,
    2.0459799469e-01,    0.0000000000e+00,    2.0459799469e-01,    0.0000000000e+00,    2.0459799469e-01,    0.0000000000e+00,
    2.0569899678e-01,    0.0000000000e+00,    2.0569899678e-01,    0.0000000000e+00,    2.0569899678e-01,    0.0000000000e+00,
    2.0679900050e-01,    3.4952599037e-08,    2.0679900050e-01,    9.9199300166e-04,    2.0679900050e-01,   -2.9297700621e-07,
    2.0790000260e-01,   -1.8101100352e-07,    2.0790000260e-01,    1.0683500208e-02,    2.0790000260e-01,   -9.1014799182e-06,
    2.0900000632e-01,    4.0713899807e-07,    2.0900000632e-01,    2.4834800512e-02,    2.0900000632e-01,   -3.1686900002e-06,
    2.1009899676e-01,    3.0839899523e-07,    2.1009899676e-01,    4.0113698691e-02,    2.1009899676e-01,    1.3079299606e-05,
    2.1119800210e-01,   -5.1984602578e-07,    2.1119800210e-01,    5.9753701091e-02,    2.1119800210e-01,   -2.1967700377e-05,
    2.1229900420e-01,   -1.3886100305e-06,    2.1229900420e-01,    8.2696601748e-02,    2.1229900420e-01,   -5.8504399931e-05,
    2.1339899302e-01,   -8.9665701353e-07,    2.1339899302e-01,    1.1058499664e-01,    2.1339899302e-01,    1.8673699742e-05,
    2.1449799836e-01,    6.5357602352e-07,    2.1449799836e-01,    1.4125399292e-01,    2.1449799836e-01,    6.5667001763e-05,
    2.1559900045e-01,    6.0019800685e-07,    2.1559900045e-01,    1.7539499700e-01,    2.1559900045e-01,   -2.3291600883e-05,
    2.1669800580e-01,    1.2411700254e-06,    2.1669800580e-01,    2.1156199276e-01,    2.1669800580e-01,    1.9384899588e-06,
    2.1779899299e-01,   -9.1135802904e-08,    2.1779899299e-01,    2.4752099812e-01,    2.1779899299e-01,    1.3981699885e-04,
    2.1889999509e-01,   -2.1118600557e-07,    2.1889999509e-01,    2.8645199537e-01,    2.1889999509e-01,    1.2383100693e-04,
    2.1999800205e-01,   -1.2514400396e-06,    2.1999800205e-01,    3.2974898815e-01,    2.1999800205e-01,    1.1127899779e-04,
    2.2109900415e-01,   -1.8700000055e-06,    2.2109900415e-01,    3.7209400535e-01,    2.2109900415e-01,    1.5571599943e-04,
    2.2219899297e-01,    1.9143099053e-06,    2.2219899297e-01,    4.1862100363e-01,    2.2219899297e-01,    2.8037800803e-04,
    2.2329999506e-01,    2.2940100735e-06,    2.2329999506e-01,    4.7423300147e-01,    2.2329999506e-01,    3.3829201129e-04,
    2.2439900041e-01,    2.2901700447e-07,    2.2439900041e-01,    5.3017801046e-01,    2.2439900041e-01,    2.0279499586e-04,
    2.2549900413e-01,    3.6059600461e-07,    2.2549900413e-01,    5.8813101053e-01,    2.2549900413e-01,    2.6259600418e-04,
    2.2659799457e-01,    1.0501800034e-06,    2.2659799457e-01,    6.5340298414e-01,    2.2659799457e-01,    2.7442400460e-04,
    2.2769899666e-01,    8.7062699095e-07,    2.2769899666e-01,    7.2261202335e-01,    2.2769899666e-01,    2.8550400748e-04,
    2.2879999876e-01,   -3.3760900919e-07,    2.2879999876e-01,    8.0090802908e-01,    2.2879999876e-01,    3.0284299282e-04,
    2.2989900410e-01,    1.1448800308e-07,    2.2989900410e-01,    8.8610702753e-01,    2.2989900410e-01,    1.1050600006e-04,
    2.3100000620e-01,   -1.1518400100e-07,    2.3100000620e-01,    9.8176097870e-01,    2.3100000620e-01,   -2.1992900292e-04,
    2.3209999502e-01,   -9.4606201628e-07,    2.3209999502e-01,    1.0784000158e+00,    2.3209999502e-01,   -3.6803499097e-04,
    2.3319999874e-01,    2.9748400721e-06,    2.3319999874e-01,    1.1697100401e+00,    2.3319999874e-01,   -3.2605900196e-04,
    2.3429900408e-01,    5.0127900977e-06,    2.3429900408e-01,    1.2654299736e+00,    2.3429900408e-01,   -1.1227700161e-03,
    2.3539899290e-01,    1.5300300049e-07,    2.3539899290e-01,    1.3599799871e+00,    2.3539899290e-01,   -1.9475199515e-03,
    2.3649999499e-01,    1.5470500330e-06,    2.3649999499e-01,    1.4397399426e+00,    2.3649999499e-01,   -1.9960599020e-03,
    2.3759800196e-01,   -6.5044599751e-07,    2.3759800196e-01,    1.4420200586e+00,    2.3759800196e-01,   -1.3895699522e-03,
    2.3869900405e-01,    3.9892302084e-06,    2.3869900405e-01,    1.5283800364e+00,    2.3869900405e-01,   -2.8059999458e-03,
    2.3980000615e-01,   -8.4171297203e-06,    2.3980000615e-01,    1.6148500443e+00,    2.3980000615e-01,   -2.8695999645e-03,
    2.4089799821e-01,    8.1482203313e-06,    2.4089799821e-01,    1.6899299622e+00,    2.4089799821e-01,   -1.5160200419e-03,
    2.4199900031e-01,    3.7432600948e-06,    2.4199900031e-01,    1.7671500444e+00,    2.4199900031e-01,   -2.3510000028e-04,
    2.4309800565e-01,   -3.0968399756e-07,    2.4309800565e-01,    1.8477400541e+00,    2.4309800565e-01,    8.5169100203e-04,
    2.4420000613e-01,    7.5736897998e-05,    2.4420000613e-01,    1.8046699762e+00,    2.4420000613e-01,   -3.5213198862e-04,
    2.4529899657e-01,   -6.1893001657e-07,    2.4529899657e-01,    1.8867599964e+00,    2.4529899657e-01,    3.0694701127e-04,
    2.4639900029e-01,    1.6390600649e-05,    2.4639900029e-01,    1.9892400503e+00,    2.4639900029e-01,    9.1946602333e-04,
    2.4750000238e-01,   -4.1014900489e-05,    2.4750000238e-01,    1.9963099957e+00,    2.4750000238e-01,    2.6605399325e-03,
    2.4859799445e-01,    1.5183700270e-05,    2.4859799445e-01,    2.0409700871e+00,    2.4859799445e-01,    4.3830298819e-03,
    2.4969799817e-01,    1.6194500859e-05,    2.4969799817e-01,    2.1565001011e+00,    2.4969799817e-01,    3.0204299837e-03,
    2.5080001354e-01,   -2.4679600756e-05,    2.5080001354e-01,    2.1546700001e+00,    2.5080001354e-01,    3.3003999852e-03,
    2.5189900398e-01,   -1.7732900233e-05,    2.5189900398e-01,    2.2311000824e+00,    2.5189900398e-01,    3.5051899031e-03,
    2.5299799442e-01,    1.2961399989e-05,    2.5299799442e-01,    2.3372299671e+00,    2.5299799442e-01,    2.3910300806e-03,
    2.5409901142e-01,    2.7816800866e-05,    2.5409901142e-01,    2.4584701061e+00,    2.5409901142e-01,    1.2479899451e-03,
    2.5519898534e-01,    1.1979400369e-05,    2.5519898534e-01,    2.5816800594e+00,    2.5519898534e-01,    4.5860701357e-04,
    2.5629898906e-01,   -1.8850800188e-05,    2.5629898906e-01,    2.6959900856e+00,    2.5629898906e-01,    2.4518000428e-03,
    2.5739899278e-01,    8.3555396486e-06,    2.5739899278e-01,    2.8215200901e+00,    2.5739899278e-01,    9.5232698368e-04,
    2.5850000978e-01,   -2.9416500183e-05,    2.5850000978e-01,    2.9469099045e+00,    2.5850000978e-01,    2.2124899551e-03,
    2.5959900022e-01,    1.1511099729e-05,    2.5959900022e-01,    3.0616199970e+00,    2.5959900022e-01,    2.8242100962e-03,
    2.6069900393e-01,    1.7138399926e-05,    2.6069900393e-01,    3.1765599251e+00,    2.6069900393e-01,    7.2288099909e-04,
    2.6179999113e-01,   -8.9220002337e-06,    2.6179999113e-01,    3.2961499691e+00,    2.6179999113e-01,    1.6624600394e-03,
    2.6289999485e-01,    8.2635298895e-05,    2.6289999485e-01,    3.3779199123e+00,    2.6289999485e-01,    5.3827702068e-03,
    2.6399898529e-01,    7.7660998795e-04,    2.6399898529e-01,    3.3970499039e+00,    2.6399898529e-01,    5.6785400957e-03,
    2.6510000229e-01,    7.4868602678e-04,    2.6510000229e-01,    3.4919300079e+00,    2.6510000229e-01,    3.8036899641e-03,
    2.6619899273e-01,    2.1300700027e-03,    2.6619899273e-01,    3.6091299057e+00,    2.6619899273e-01,    4.2521897703e-03,
    2.6730000973e-01,    2.4611600675e-03,    2.6730000973e-01,    3.7049100399e+00,    2.6730000973e-01,    2.6412201114e-03,
    2.6840001345e-01,    1.1810100405e-03,    2.6840001345e-01,    3.7960898876e+00,    2.6840001345e-01,   -6.4608600223e-04,
    2.6949900389e-01,    1.2269399595e-03,    2.6949900389e-01,    3.8796899319e+00,    2.6949900389e-01,    2.4264599197e-03,
    2.7059900761e-01,    1.4940400142e-03,    2.7059900761e-01,    4.0112700462e+00,    2.7059900761e-01,    7.9503201414e-04,
    2.7169901133e-01,   -1.7776800087e-04,    2.7169901133e-01,    4.1500101089e+00,    2.7169901133e-01,   -1.0095100151e-04,
    2.7279999852e-01,    1.1805000249e-03,    2.7279999852e-01,    4.2764000893e+00,    2.7279999852e-01,   -2.2939800692e-04,
    2.7389800549e-01,    9.4694999279e-04,    2.7389800549e-01,    4.3907399178e+00,    2.7389800549e-01,   -3.0225301161e-03,
    2.7499800920e-01,    6.1743299011e-04,    2.7499800920e-01,    4.5145201683e+00,    2.7499800920e-01,   -3.6943699233e-03,
    2.7609899640e-01,    1.2239000062e-03,    2.7609899640e-01,    4.5962300301e+00,    2.7609899640e-01,    2.0094799402e-04,
    2.7720001340e-01,    2.4952399544e-03,    2.7720001340e-01,    4.7009201050e+00,    2.7720001340e-01,    1.0667500319e-03,
    2.7829998732e-01,    4.4814200373e-04,    2.7829998732e-01,    4.7831001282e+00,    2.7829998732e-01,    6.0864997795e-04,
    2.7939999104e-01,   -2.7742900420e-04,    2.7939999104e-01,    4.9167399406e+00,    2.7939999104e-01,    1.7597300466e-03,
    2.8049999475e-01,    5.6677899556e-04,    2.8049999475e-01,    5.0718898773e+00,    2.8049999475e-01,    2.7726199478e-03,
    2.8159898520e-01,    1.0477700271e-03,    2.8159898520e-01,    5.2288398743e+00,    2.8159898520e-01,    2.3094799835e-03,
    2.8270000219e-01,    1.2749199523e-03,    2.8270000219e-01,    5.3425598145e+00,    2.8270000219e-01,    2.5369699579e-03,
    2.8379899263e-01,    3.6394101335e-04,    2.8379899263e-01,    5.4793000221e+00,    2.8379899263e-01,    2.9317899607e-03,
    2.8489801288e-01,   -6.8689201726e-04,    2.8489801288e-01,    5.5843801498e+00,    2.8489801288e-01,    4.6164300293e-03,
    2.8600001335e-01,    2.6376598980e-03,    2.8600001335e-01,    5.7060499191e+00,    2.8600001335e-01,    1.4496300137e-03,
    2.8709900379e-01,    1.5612799907e-03,    2.8709900379e-01,    5.8413801193e+00,    2.8709900379e-01,    5.3863399662e-03,
    2.8819900751e-01,    2.1063000895e-03,    2.8819900751e-01,    5.9902200699e+00,    2.8819900751e-01,    5.3992900066e-03,
    2.8929901123e-01,    1.9542400260e-03,    2.8929901123e-01,    6.1501898766e+00,    2.8929901123e-01,   -2.1964299958e-03,
    2.9039898515e-01,    4.2558000423e-03,    2.9039898515e-01,    6.2402200699e+00,    2.9039898515e-01,   -1.4368500561e-03,
    2.9149898887e-01,    3.1725899316e-03,    2.9149898887e-01,    6.3689498901e+00,    2.9149898887e-01,    3.9979401045e-03,
    2.9259899259e-01,    4.1335998103e-03,    2.9259899259e-01,    6.4915299416e+00,    2.9259899259e-01,    7.3447101749e-03,
    2.9369899631e-01,    4.5673297718e-03,    2.9369899631e-01,    6.5571699142e+00,    2.9369899631e-01,    2.0177799743e-03,
    2.9480001330e-01,    1.8505599583e-03,    2.9480001330e-01,    6.6042799950e+00,    2.9480001330e-01,    4.3141599745e-03,
    2.9589799047e-01,    1.7202299787e-03,    2.9589799047e-01,    6.7355599403e+00,    2.9589799047e-01,    2.3666101042e-03,
    2.9699799418e-01,    5.2044098265e-03,    2.9699799418e-01,    6.9126901627e+00,    2.9699799418e-01,    3.1767201144e-03,
    2.9809901118e-01,    2.6017499622e-03,    2.9809901118e-01,    7.0733098984e+00,    2.9809901118e-01,    1.0409899987e-03,
    2.9919898510e-01,    7.9293001909e-04,    2.9919898510e-01,    7.2003297806e+00,    2.9919898510e-01,    1.7737300368e-03,
    3.0029898882e-01,    3.1344100717e-04,    3.0029898882e-01,    7.3070998192e+00,    3.0029898882e-01,    1.4000000192e-05,
    3.0139899254e-01,    5.2150897682e-03,    3.0139899254e-01,    7.4737300873e+00,    3.0139899254e-01,   -9.0717198327e-04,
    3.0249899626e-01,    9.8508801311e-03,    3.0249899626e-01,    7.6079897881e+00,    3.0249899626e-01,    2.5142400991e-03,
    3.0360001326e-01,    8.0897295848e-03,    3.0360001326e-01,    7.6984200478e+00,    3.0360001326e-01,   -1.7129200569e-04,
    3.0469900370e-01,   -5.5284099653e-03,    3.0469900370e-01,    7.8143401146e+00,    3.0469900370e-01,   -1.1659800075e-03,
    3.0579900742e-01,   -1.1389600113e-02,    3.0579900742e-01,    7.8747000694e+00,    3.0579900742e-01,   -3.5709799267e-03,
    3.0689901114e-01,    1.6566799954e-02,    3.0689901114e-01,    7.8329601288e+00,    3.0689901114e-01,   -2.1208000835e-03,
    3.0799901485e-01,    3.2603401691e-02,    3.0799901485e-01,    7.8221101761e+00,    3.0799901485e-01,    4.0709702298e-03,
    3.0909898877e-01,    1.4912799932e-02,    3.0909898877e-01,    7.8878498077e+00,    3.0909898877e-01,    2.8581300285e-03,
    3.1019899249e-01,    1.5157699585e-02,    3.1019899249e-01,    7.9991598129e+00,    3.1019899249e-01,    3.2933799084e-03,
    3.1130000949e-01,    2.4574700743e-02,    3.1130000949e-01,    8.1299896240e+00,    3.1130000949e-01,    4.0982700884e-03,
    3.1239798665e-01,    2.9876299202e-02,    3.1239798665e-01,    8.2508096695e+00,    3.1239798665e-01,    2.6156199165e-03,
    3.1349900365e-01,    1.7817599699e-02,    3.1349900365e-01,    8.3357200623e+00,    3.1349900365e-01,   -2.4822300766e-03,
    3.1459900737e-01,    6.4500002190e-03,    3.1459900737e-01,    8.4372797012e+00,    3.1459900737e-01,    2.6755400468e-03,
    3.1569999456e-01,    1.4234400354e-02,    3.1569999456e-01,    8.5302896500e+00,    3.1569999456e-01,    8.6702802218e-04,
    3.1679901481e-01,    2.5105800480e-02,    3.1679901481e-01,    8.5826797485e+00,    3.1679901481e-01,   -4.0672901087e-03,
    3.1789800525e-01,    3.1093899161e-02,    3.1789800525e-01,    8.6142501831e+00,    3.1789800525e-01,   -2.1800100803e-03,
    3.1899899244e-01,    2.2028300911e-02,    3.1899899244e-01,    8.6733798981e+00,    3.1899899244e-01,   -9.2170396820e-03,
    3.2009899616e-01,    2.9512200505e-02,    3.2009899616e-01,    8.7548103333e+00,    3.2009899616e-01,   -6.7324000411e-03,
    3.2119899988e-01,    4.1031301022e-02,    3.2119899988e-01,    8.8702201843e+00,    3.2119899988e-01,   -9.3117598444e-03,
    3.2229799032e-01,    5.5281199515e-02,    3.2229799032e-01,    8.9817304611e+00,    3.2229799032e-01,   -8.3126295358e-03,
    3.2339999080e-01,    5.7063698769e-02,    3.2339999080e-01,    9.0945501328e+00,    3.2339999080e-01,   -1.0577900335e-02,
    3.2449799776e-01,    4.5021500438e-02,    3.2449799776e-01,    9.1356401443e+00,    3.2449799776e-01,   -3.8471799344e-03,
    3.2559901476e-01,    4.8570599407e-02,    3.2559901476e-01,    9.1916399002e+00,    3.2559901476e-01,    3.5325500648e-03,
    3.2669898868e-01,    5.7665999979e-02,    3.2669898868e-01,    9.3318500519e+00,    3.2669898868e-01,   -1.8085699994e-03,
    3.2779899240e-01,    5.4972998798e-02,    3.2779899240e-01,    9.4385099411e+00,    3.2779899240e-01,   -1.1909299792e-04,
    3.2889899611e-01,    5.2205599844e-02,    3.2889899611e-01,    9.5207395554e+00,    3.2889899611e-01,    9.3895697501e-04,
    3.2999899983e-01,    4.4268198311e-02,    3.2999899983e-01,    9.5825195313e+00,    3.2999899983e-01,    2.5632400066e-03,
    3.3109900355e-01,    5.9689100832e-02,    3.3109900355e-01,    9.6628398895e+00,    3.3109900355e-01,   -2.5914699654e-04,
    3.3219900727e-01,    7.4016101658e-02,    3.3219900727e-01,    9.7853498459e+00,    3.3219900727e-01,    5.4826498963e-03,
    3.3329901099e-01,    7.5232900679e-02,    3.3329901099e-01,    9.9056901932e+00,    3.3329901099e-01,    3.3479200210e-03,
    3.3439800143e-01,    6.5157599747e-02,    3.3439800143e-01,    1.0071000099e+01,    3.3439800143e-01,    2.2414301056e-03,
    3.3549898863e-01,    7.3499798775e-02,    3.3549898863e-01,    1.0231100082e+01,    3.3549898863e-01,    4.3551600538e-03,
    3.3659899235e-01,    9.3496702611e-02,    3.3659899235e-01,    1.0362799644e+01,    3.3659899235e-01,   -8.5228198441e-04,
    3.3769899607e-01,    9.3390002847e-02,    3.3769899607e-01,    1.0556400299e+01,    3.3769899607e-01,    2.2260200058e-04,
    3.3879899979e-01,    6.2107700855e-02,    3.3879899979e-01,    1.0720199585e+01,    3.3879899979e-01,   -2.6504099369e-03,
    3.3989900351e-01,    5.3217601031e-02,    3.3989900351e-01,    1.0796099663e+01,    3.3989900351e-01,    1.2788899476e-03,
    3.4099999070e-01,    6.2010299414e-02,    3.4099999070e-01,    1.0889200211e+01,    3.4099999070e-01,   -2.9734699056e-03,
    3.4209901094e-01,    6.5448299050e-02,    3.4209901094e-01,    1.1009900093e+01,    3.4209901094e-01,   -1.6942600487e-03,
    3.4319901466e-01,    5.8145798743e-02,    3.4319901466e-01,    1.1114199638e+01,    3.4319901466e-01,   -4.6169599518e-03,
    3.4430000186e-01,    3.3692799509e-02,    3.4430000186e-01,    1.1209699631e+01,    3.4430000186e-01,   -7.3295100592e-03,
    3.4539899230e-01,    3.0862100422e-02,    3.4539899230e-01,    1.1321599960e+01,    3.4539899230e-01,   -7.0402501151e-03,
    3.4650000930e-01,    4.8641499132e-02,    3.4650000930e-01,    1.1393899918e+01,    3.4650000930e-01,   -1.4985200018e-02,
    3.4760001302e-01,    5.1450200379e-02,    3.4760001302e-01,    1.1433699608e+01,    3.4760001302e-01,   -1.6798699275e-02,
    3.4869998693e-01,    2.4281499907e-02,    3.4869998693e-01,    1.1451000214e+01,    3.4869998693e-01,   -1.5842899680e-02,
    3.4979900718e-01,    7.3763797991e-03,    3.4979900718e-01,    1.1547300339e+01,    3.4979900718e-01,   -1.6325499862e-02,
    3.5089799762e-01,    2.0294299349e-02,    3.5089799762e-01,    1.1648099899e+01,    3.5089799762e-01,   -2.4114599451e-02,
    3.5199901462e-01,    1.6596000642e-02,    3.5199901462e-01,    1.1770700455e+01,    3.5199901462e-01,   -2.7179000899e-02,
    3.5309898853e-01,   -7.7661699615e-03,    3.5309898853e-01,    1.1875499725e+01,    3.5309898853e-01,   -2.8072500601e-02,
    3.5419899225e-01,   -3.9362099022e-02,    3.5419899225e-01,    1.1951899529e+01,    3.5419899225e-01,   -2.6562500745e-02,
    3.5529899597e-01,   -3.1532198191e-02,    3.5529899597e-01,    1.2036299706e+01,    3.5529899597e-01,   -2.0076299086e-02,
    3.5639899969e-01,   -8.7029496208e-03,    3.5639899969e-01,    1.2223500252e+01,    3.5639899969e-01,   -2.6272399351e-02,
    3.5749900341e-01,   -2.2980699316e-02,    3.5749900341e-01,    1.2389200211e+01,    3.5749900341e-01,   -1.9369799644e-02,
    3.5859999061e-01,   -4.0888801217e-02,    3.5859999061e-01,    1.2459699631e+01,    3.5859999061e-01,   -2.2837100551e-02,
    3.5969901085e-01,   -4.9286898226e-02,    3.5969901085e-01,    1.2535900116e+01,    3.5969901085e-01,   -1.7385099083e-02,
    3.6079800129e-01,   -4.2818501592e-02,    3.6079800129e-01,    1.2632699966e+01,    3.6079800129e-01,   -2.3525800556e-02,
    3.6189898849e-01,   -3.2522201538e-02,    3.6189898849e-01,    1.2778699875e+01,    3.6189898849e-01,   -2.8568800539e-02,
    3.6299899220e-01,   -4.5986600220e-02,    3.6299899220e-01,    1.2860400200e+01,    3.6299899220e-01,   -2.1270800382e-02,
    3.6410000920e-01,   -6.1201199889e-02,    3.6410000920e-01,    1.2935000420e+01,    3.6410000920e-01,   -2.6017900556e-02,
    3.6520001292e-01,   -5.1482599229e-02,    3.6520001292e-01,    1.3074199677e+01,    3.6520001292e-01,   -2.6243299246e-02,
    3.6629998684e-01,   -2.7089800686e-02,    3.6629998684e-01,    1.3167400360e+01,    3.6629998684e-01,   -2.4819400162e-02,
    3.6739999056e-01,   -9.7481999546e-03,    3.6739999056e-01,    1.3223400116e+01,    3.6739999056e-01,   -2.7937099338e-02,
    3.6849799752e-01,   -3.2145198435e-02,    3.6849799752e-01,    1.3328700066e+01,    3.6849799752e-01,   -3.1954400241e-02,
    3.6959800124e-01,   -2.7588000521e-02,    3.6959800124e-01,    1.3437000275e+01,    3.6959800124e-01,   -4.0444198996e-02,
    3.7069800496e-01,   -2.1758700314e-04,    3.7069800496e-01,    1.3609900475e+01,    3.7069800496e-01,   -2.7387799695e-02,
    3.7180000544e-01,    4.2696702294e-03,    3.7180000544e-01,    1.3794899940e+01,    3.7180000544e-01,   -2.8314100578e-02,
    3.7289899588e-01,   -2.8555400204e-03,    3.7289899588e-01,    1.3954500198e+01,    3.7289899588e-01,   -1.7426399514e-02,
    3.7399798632e-01,    2.7503799647e-03,    3.7399798632e-01,    1.4100000381e+01,    3.7399798632e-01,   -1.1254699901e-02,
    3.7509900331e-01,    1.3988199644e-02,    3.7509900331e-01,    1.4266599655e+01,    3.7509900331e-01,   -1.0080100037e-02,
    3.7619900703e-01,    1.5991600230e-02,    3.7619900703e-01,    1.4420599937e+01,    3.7619900703e-01,   -1.6865599900e-02,
    3.7729901075e-01,    1.8950000405e-02,    3.7729901075e-01,    1.4588600159e+01,    3.7729901075e-01,   -1.4684399590e-02,
    3.7839901447e-01,    2.0049499348e-02,    3.7839901447e-01,    1.4756600380e+01,    3.7839901447e-01,   -8.6692404002e-03,
    3.7949898839e-01,    1.7446899787e-02,    3.7949898839e-01,    1.4906900406e+01,    3.7949898839e-01,   -1.2050599791e-02,
    3.8059899211e-01,    1.7693299800e-02,    3.8059899211e-01,    1.5137100220e+01,    3.8059899211e-01,   -1.1377699673e-02,
    3.8170000911e-01,    3.6462701857e-02,    3.8170000911e-01,    1.5367600441e+01,    3.8170000911e-01,   -1.5269700438e-02,
    3.8279798627e-01,    5.8206401765e-02,    3.8279798627e-01,    1.5491200447e+01,    3.8279798627e-01,   -1.6600200906e-02,
    3.8389900327e-01,    4.3132301420e-02,    3.8389900327e-01,    1.5569199562e+01,    3.8389900327e-01,   -1.7111599445e-02,
    3.8499900699e-01,    4.0018200874e-02,    3.8499900699e-01,    1.5718899727e+01,    3.8499900699e-01,   -1.3201899827e-02,
    3.8609901071e-01,    5.5855799466e-02,    3.8609901071e-01,    1.5848799706e+01,    3.8609901071e-01,   -1.1254199781e-02,
    3.8719901443e-01,    6.8086199462e-02,    3.8719901443e-01,    1.5967599869e+01,    3.8719901443e-01,   -1.0825400241e-02,
    3.8829800487e-01,    3.5492300987e-02,    3.8829800487e-01,    1.6222499847e+01,    3.8829800487e-01,    1.4910099562e-03,
    3.8939899206e-01,    2.5681199506e-02,    3.8939899206e-01,    1.6461399078e+01,    3.8939899206e-01,    2.3667900823e-03,
    3.9049899578e-01,    3.5921800882e-02,    3.9049899578e-01,    1.6603300095e+01,    3.9049899578e-01,    3.3250499982e-03,
    3.9160001278e-01,    3.9943501353e-02,    3.9160001278e-01,    1.6763500214e+01,    3.9160001278e-01,    8.1912800670e-03,
    3.9269998670e-01,    2.6370899752e-02,    3.9269998670e-01,    1.6959800720e+01,    3.9269998670e-01,    1.3980699703e-02,
    3.9379799366e-01,    1.1229700409e-02,    3.9379799366e-01,    1.7150100708e+01,    3.9379799366e-01,    1.7060799524e-02,
    3.9489901066e-01,    2.9774699360e-02,    3.9489901066e-01,    1.7360300064e+01,    3.9489901066e-01,    1.8590299413e-02,
    3.9599901438e-01,    3.0029099435e-02,    3.9599901438e-01,    1.7525600433e+01,    3.9599901438e-01,    2.4145200849e-02,
    3.9709898829e-01,    6.9538401440e-03,    3.9709898829e-01,    1.7550100327e+01,    3.9709898829e-01,    2.8727600351e-02,
    3.9819899201e-01,    5.1200101152e-03,    3.9819899201e-01,    1.7609100342e+01,    3.9819899201e-01,    2.9348699376e-02,
    3.9929801226e-01,    2.0592199638e-02,    3.9929801226e-01,    1.7753400803e+01,    3.9929801226e-01,    3.1605899334e-02,
    4.0039899945e-01,    1.0688900016e-02,    4.0039899945e-01,    1.7886800766e+01,    4.0039899945e-01,    2.3311799392e-02,
    4.0149798989e-01,    2.6053499896e-03,    4.0149798989e-01,    1.8003999710e+01,    4.0149798989e-01,    3.3125899732e-02,
    4.0259900689e-01,    1.0548599996e-02,    4.0259900689e-01,    1.8139200211e+01,    4.0259900689e-01,    3.3612098545e-02,
    4.0369901061e-01,    2.1806100383e-02,    4.0369901061e-01,    1.8285699844e+01,    4.0369901061e-01,    2.8614800423e-02,
    4.0479800105e-01,    8.6282799020e-03,    4.0479800105e-01,    1.8342800140e+01,    4.0479800105e-01,    2.1892700344e-02,
    4.0589800477e-01,    5.4639098234e-03,    4.0589800477e-01,    1.8420999527e+01,    4.0589800477e-01,    2.4722099304e-02,
    4.0699899197e-01,    1.3485799544e-02,    4.0699899197e-01,    1.8591400146e+01,    4.0699899197e-01,    2.1896600723e-02,
    4.0809899569e-01,    2.2423500195e-02,    4.0809899569e-01,    1.8728900909e+01,    4.0809899569e-01,    1.7822600901e-02,
    4.0919899940e-01,    3.9703600109e-02,    4.0919899940e-01,    1.8850700378e+01,    4.0919899940e-01,    1.4417399652e-02,
    4.1029900312e-01,    4.2416699231e-02,    4.1029900312e-01,    1.9053600311e+01,    4.1029900312e-01,    1.4588999562e-02,
    4.1139900684e-01,    3.3965099603e-02,    4.1139900684e-01,    1.9160600662e+01,    4.1139900684e-01,    1.2872699648e-02,
    4.1249799728e-01,    4.2146999389e-02,    4.1249799728e-01,    1.9196199417e+01,    4.1249799728e-01,    1.7886700109e-02,
    4.1359800100e-01,    4.9181900918e-02,    4.1359800100e-01,    1.9265899658e+01,    4.1359800100e-01,    1.3456299901e-02,
    4.1469898820e-01,    4.3736200780e-02,    4.1469898820e-01,    1.9403799057e+01,    4.1469898820e-01,    5.9366398491e-03,
    4.1580000520e-01,    5.0562400371e-02,    4.1580000520e-01,    1.9565500259e+01,    4.1580000520e-01,    9.6385898069e-03,
    4.1689801216e-01,    9.5835298300e-02,    4.1689801216e-01,    1.9838300705e+01,    4.1689801216e-01,    5.9773400426e-03,
    4.1800001264e-01,    9.3437597156e-02,    4.1800001264e-01,    2.0213300705e+01,    4.1800001264e-01,   -7.8975101933e-03,
    4.1909900308e-01,    7.8227698803e-02,    4.1909900308e-01,    2.0534599304e+01,    4.1909900308e-01,   -9.3403896317e-03,
    4.2019900680e-01,    8.3137199283e-02,    4.2019900680e-01,    2.0713800430e+01,    4.2019900680e-01,    6.9782901555e-03,
    4.2129999399e-01,    1.0231299698e-01,    4.2129999399e-01,    2.1014299393e+01,    4.2129999399e-01,   -1.4084100258e-03,
    4.2239999771e-01,    9.7050398588e-02,    4.2239999771e-01,    2.1343500137e+01,    4.2239999771e-01,    1.0215900375e-06,
    4.2349898815e-01,    8.3918102086e-02,    4.2349898815e-01,    2.1642200470e+01,    4.2349898815e-01,    1.3882099884e-03,
    4.2459899187e-01,    9.0172499418e-02,    4.2459899187e-01,    2.1875600815e+01,    4.2459899187e-01,   -8.9330701157e-03,
    4.2569899559e-01,    1.1583799869e-01,    4.2569899559e-01,    2.2150499344e+01,    4.2569899559e-01,   -1.5431500506e-03,
    4.2680001259e-01,    1.1655200273e-01,    4.2680001259e-01,    2.2313800812e+01,    4.2680001259e-01,    2.1542198956e-03,
    4.2789998651e-01,    9.2465102673e-02,    4.2789998651e-01,    2.2668899536e+01,    4.2789998651e-01,   -5.5624998640e-04,
    4.2899900675e-01,    7.8808300197e-02,    4.2899900675e-01,    2.2869400024e+01,    4.2899900675e-01,   -1.7769599799e-03,
    4.3009901047e-01,    7.8278496861e-02,    4.3009901047e-01,    2.3049999237e+01,    4.3009901047e-01,    5.0551798195e-03,
    4.3119901419e-01,    6.1045199633e-02,    4.3119901419e-01,    2.3168600082e+01,    4.3119901419e-01,    2.7955600526e-03,
    4.3230000138e-01,    4.4593699276e-02,    4.3230000138e-01,    2.3264699936e+01,    4.3230000138e-01,    3.7508399691e-03,
    4.3339899182e-01,    3.5114999861e-02,    4.3339899182e-01,    2.3350999832e+01,    4.3339899182e-01,    2.8972399887e-03,
    4.3450000882e-01,    1.0028799996e-02,    4.3450000882e-01,    2.3439899445e+01,    4.3450000882e-01,    1.2181700207e-02,
    4.3560001254e-01,   -6.6824699752e-04,    4.3560001254e-01,    2.3491100311e+01,    4.3560001254e-01,    1.2868500315e-02,
    4.3669998646e-01,   -1.5452899970e-03,    4.3669998646e-01,    2.3490299225e+01,    4.3669998646e-01,    9.7282296047e-03,
    4.3779799342e-01,   -1.6075400636e-02,    4.3779799342e-01,    2.3470800400e+01,    4.3779799342e-01,    3.0132399872e-02,
    4.3889799714e-01,   -3.6630999297e-02,    4.3889799714e-01,    2.3437700272e+01,    4.3889799714e-01,    2.9236599803e-02,
    4.3999901414e-01,   -3.4347098321e-02,    4.3999901414e-01,    2.3381799698e+01,    4.3999901414e-01,    1.7367500812e-02,
    4.4110000134e-01,   -4.8294801265e-02,    4.4110000134e-01,    2.3504299164e+01,    4.4110000134e-01,    3.0844999477e-02,
    4.4219800830e-01,   -6.0121499002e-02,    4.4219800830e-01,    2.3657600403e+01,    4.4219800830e-01,    2.6249600574e-02,
    4.4330000877e-01,   -7.6795801520e-02,    4.4330000877e-01,    2.3706199646e+01,    4.4330000877e-01,    2.4172399193e-02,
    4.4439899921e-01,   -8.3077602088e-02,    4.4439899921e-01,    2.3758300781e+01,    4.4439899921e-01,    2.8072699904e-02,
    4.4549998641e-01,   -8.1964999437e-02,    4.4549998641e-01,    2.3830499649e+01,    4.4549998641e-01,    3.0803300440e-02,
    4.4659900665e-01,   -7.1351699531e-02,    4.4659900665e-01,    2.3926200867e+01,    4.4659900665e-01,    2.0982900634e-02,
    4.4769799709e-01,   -7.9707697034e-02,    4.4769799709e-01,    2.4061800003e+01,    4.4769799709e-01,    3.6900199950e-02,
    4.4879901409e-01,   -7.4298396707e-02,    4.4879901409e-01,    2.4222000122e+01,    4.4879901409e-01,    2.4354800582e-02,
    4.4989898801e-01,   -6.9103501737e-02,    4.4989898801e-01,    2.4396299362e+01,    4.4989898801e-01,    1.0897500440e-02,
    4.5099899173e-01,   -6.6280499101e-02,    4.5099899173e-01,    2.4579299927e+01,    4.5099899173e-01,    2.1882100031e-02,
    4.5210000873e-01,   -4.4113498181e-02,    4.5210000873e-01,    2.4770599365e+01,    4.5210000873e-01,    1.0504099540e-02,
    4.5320001245e-01,   -3.8039300591e-02,    4.5320001245e-01,    2.4968500137e+01,    4.5320001245e-01,    6.6436501220e-04,
    4.5429900289e-01,   -3.3858001232e-02,    4.5429900289e-01,    2.5186000824e+01,    4.5429900289e-01,    6.8736902904e-05,
    4.5539900661e-01,   -4.8645298928e-02,    4.5539900661e-01,    2.5392000198e+01,    4.5539900661e-01,   -1.5870999545e-02,
    4.5649901032e-01,   -2.9993200675e-02,    4.5649901032e-01,    2.5500600815e+01,    4.5649901032e-01,   -2.7935300022e-02,
    4.5759901404e-01,   -3.3660098910e-02,    4.5759901404e-01,    2.5535499573e+01,    4.5759901404e-01,   -1.7498400062e-02,
    4.5869800448e-01,   -4.0806900710e-02,    4.5869800448e-01,    2.5663000107e+01,    4.5869800448e-01,    2.0535900258e-03,
    4.5979800820e-01,   -7.6215399895e-04,    4.5979800820e-01,    2.5786300659e+01,    4.5979800820e-01,   -2.0311500877e-02,
    4.6089899540e-01,    2.1142899990e-02,    4.6089899540e-01,    2.5859899521e+01,    4.6089899540e-01,   -2.8027800843e-02,
    4.6200001240e-01,    1.5388700180e-02,    4.6200001240e-01,    2.5904199600e+01,    4.6200001240e-01,   -5.9971199371e-03,
    4.6309900284e-01,    6.6396901384e-03,    4.6309900284e-01,    2.6090299606e+01,    4.6309900284e-01,   -1.7014799640e-02,
    4.6419799328e-01,    2.2574900649e-03,    4.6419799328e-01,    2.6276800156e+01,    4.6419799328e-01,   -2.7837900445e-02,
    4.6529999375e-01,   -4.4430899434e-03,    4.6529999375e-01,    2.6267000198e+01,    4.6529999375e-01,   -4.4610397890e-03,
    4.6639901400e-01,   -4.1179899126e-03,    4.6639901400e-01,    2.6177200317e+01,    4.6639901400e-01,   -1.4053300023e-02,
    4.6749898791e-01,    3.6816799548e-03,    4.6749898791e-01,    2.6109199524e+01,    4.6749898791e-01,   -1.6074800864e-02,
    4.6859899163e-01,   -4.0351198986e-03,    4.6859899163e-01,    2.6090099335e+01,    4.6859899163e-01,    4.0323799476e-03,
    4.6969899535e-01,   -1.2466000393e-02,    4.6969899535e-01,    2.6177700043e+01,    4.6969899535e-01,    1.4302999713e-02,
    4.7079899907e-01,   -4.4178199023e-03,    4.7079899907e-01,    2.6285900116e+01,    4.7079899907e-01,   -1.5624400228e-02,
    4.7189900279e-01,   -1.5444099903e-02,    4.7189900279e-01,    2.6206499100e+01,    4.7189900279e-01,    5.8854902163e-03,
    4.7299998999e-01,   -1.4950100332e-02,    4.7299998999e-01,    2.6104999542e+01,    4.7299998999e-01,    2.1269900724e-02,
    4.7409901023e-01,   -1.5506499913e-03,    4.7409901023e-01,    2.6199899673e+01,    4.7409901023e-01,    1.0932199657e-02,
    4.7519999743e-01,    7.2375601158e-03,    4.7519999743e-01,    2.6437799454e+01,    4.7519999743e-01,    1.4275900088e-02,
    4.7630000114e-01,    1.4426800422e-02,    4.7630000114e-01,    2.6752300262e+01,    4.7630000114e-01,    2.2018300369e-02,
    4.7740000486e-01,    5.2904300392e-02,    4.7740000486e-01,    2.6872900009e+01,    4.7740000486e-01,    1.4165000059e-02,
    4.7849899530e-01,    8.4622301161e-02,    4.7849899530e-01,    2.7045999527e+01,    4.7849899530e-01,    3.4048501402e-02,
    4.7959798574e-01,    8.9969001710e-02,    4.7959798574e-01,    2.7331100464e+01,    4.7959798574e-01,    5.7946600020e-02,
    4.8069900274e-01,    9.1209098697e-02,    4.8069900274e-01,    2.7745300293e+01,    4.8069900274e-01,    3.0579000711e-02,
    4.8179900646e-01,    8.1274196506e-02,    4.8179900646e-01,    2.8090700150e+01,    4.8179900646e-01,    3.7312798202e-02,
    4.8289799690e-01,    1.0488600284e-01,    4.8289799690e-01,    2.8434099197e+01,    4.8289799690e-01,    6.9364503026e-02,
    4.8399999738e-01,    1.1763600260e-01,    4.8399999738e-01,    2.8767999649e+01,    4.8399999738e-01,    4.0266100317e-02,
    4.8509800434e-01,    1.0484199971e-01,    4.8509800434e-01,    2.9011699677e+01,    4.8509800434e-01,    5.2643898875e-02,
    4.8619800806e-01,    1.1031900346e-01,    4.8619800806e-01,    2.9145299911e+01,    4.8619800806e-01,    5.6711401790e-02,
    4.8729801178e-01,    1.2330500036e-01,    4.8729801178e-01,    2.9348300934e+01,    4.8729801178e-01,    9.6100503579e-03,
    4.8839899898e-01,    1.1151199788e-01,    4.8839899898e-01,    2.9479700089e+01,    4.8839899898e-01,    4.0121801198e-02,
    4.8949900270e-01,    1.0500399768e-01,    4.8949900270e-01,    2.9459800720e+01,    4.8949900270e-01,    8.4871398285e-03,
    4.9059900641e-01,    1.2008100003e-01,    4.9059900641e-01,    2.9329200745e+01,    4.9059900641e-01,    2.5770300999e-03,
    4.9169901013e-01,    1.1330600083e-01,    4.9169901013e-01,    2.9421499252e+01,    4.9169901013e-01,    1.3889599591e-02,
    4.9279901385e-01,    9.6222199500e-02,    4.9279901385e-01,    2.9497699738e+01,    4.9279901385e-01,    2.3889599368e-02,
    4.9389800429e-01,    1.1115799844e-01,    4.9389800429e-01,    2.9589599609e+01,    4.9389800429e-01,    1.0255000088e-03,
    4.9499899149e-01,    1.2716899812e-01,    4.9499899149e-01,    2.9746500015e+01,    4.9499899149e-01,    1.9569799304e-02,
    4.9609899521e-01,    9.6776902676e-02,    4.9609899521e-01,    2.9691799164e+01,    4.9609899521e-01,    3.5787198693e-02,
    4.9720001221e-01,    5.6492600590e-02,    4.9720001221e-01,    2.9746099472e+01,    4.9720001221e-01,    7.2267800570e-03,
    4.9829900265e-01,    5.4093200713e-02,    4.9829900265e-01,    2.9981100082e+01,    4.9829900265e-01,    3.1672701240e-02,
    4.9939900637e-01,    5.4249998182e-02,    4.9939900637e-01,    3.0090099335e+01,    4.9939900637e-01,    4.0206998587e-02,
    5.0049901009e-01,    3.6546401680e-02,    5.0049901009e-01,    3.0305000305e+01,    5.0049901009e-01,    1.0979300365e-02,
    5.0159901381e-01,   -4.5859799720e-03,    5.0159901381e-01,    3.0661399841e+01,    5.0159901381e-01,    2.3580800742e-02,
    5.0269997120e-01,    3.7933699787e-04,    5.0269997120e-01,    3.0838499069e+01,    5.0269997120e-01,    2.1317400038e-02,
    5.0379902124e-01,   -3.8302499801e-02,    5.0379902124e-01,    3.1211700439e+01,    5.0379902124e-01,   -2.8421700699e-04,
    5.0489997864e-01,   -7.3846600950e-02,    5.0489997864e-01,    3.1797399521e+01,    5.0489997864e-01,    3.2061799429e-03,
    5.0599902868e-01,   -7.7460199594e-02,    5.0599902868e-01,    3.2178901672e+01,    5.0599902868e-01,    8.0439797603e-04,
    5.0709801912e-01,   -7.5608797371e-02,    5.0709801912e-01,    3.2315799713e+01,    5.0709801912e-01,   -2.4366799742e-02,
    5.0819897652e-01,   -1.0817500204e-01,    5.0819897652e-01,    3.2487998962e+01,    5.0819897652e-01,    1.0852700099e-02,
    5.0929802656e-01,   -1.2164899707e-01,    5.0929802656e-01,    3.2707500458e+01,    5.0929802656e-01,   -1.3605600223e-02,
    5.1039898396e-01,   -1.4555899799e-01,    5.1039898396e-01,    3.2716400146e+01,    5.1039898396e-01,   -1.6433300450e-02,
    5.1150000095e-01,   -1.5989799798e-01,    5.1150000095e-01,    3.2655899048e+01,    5.1150000095e-01,   -5.8830799535e-03,
    5.1259797812e-01,   -1.7926199734e-01,    5.1259797812e-01,    3.2813701630e+01,    5.1259797812e-01,    5.0842799246e-03,
    5.1369899511e-01,   -2.4581100047e-01,    5.1369899511e-01,    3.2830898285e+01,    5.1369899511e-01,   -4.6636401676e-03,
    5.1479899883e-01,   -3.0976700783e-01,    5.1479899883e-01,    3.2457401276e+01,    5.1479899883e-01,    4.6532798558e-02,
    5.1589798927e-01,   -3.3252400160e-01,    5.1589798927e-01,    3.2225399017e+01,    5.1589798927e-01,    6.9862499367e-04,
    5.1699900627e-01,   -3.8953799009e-01,    5.1699900627e-01,    3.2073600769e+01,    5.1699900627e-01,    2.2314300761e-02,
    5.1809799671e-01,   -4.8322400451e-01,    5.1809799671e-01,    3.1756399155e+01,    5.1809799671e-01,    3.7736698985e-02,
    5.1919901371e-01,   -4.8229598999e-01,    5.1919901371e-01,    3.1501399994e+01,    5.1919901371e-01,   -9.3248402700e-03,
    5.2029901743e-01,   -4.5002099872e-01,    5.2029901743e-01,    3.1638500214e+01,    5.2029901743e-01,    1.7611600459e-02,
    5.2139997482e-01,   -4.6343800426e-01,    5.2139997482e-01,    3.1944499969e+01,    5.2139997482e-01,    5.6768499315e-02,
    5.2249801159e-01,   -5.1026701927e-01,    5.2249801159e-01,    3.2126998901e+01,    5.2249801159e-01,    1.2884600088e-02,
    5.2359998226e-01,   -4.6622601151e-01,    5.2359998226e-01,    3.2350898743e+01,    5.2359998226e-01,    3.3738300204e-02,
    5.2469801903e-01,   -4.5323100686e-01,    5.2469801903e-01,    3.2532901764e+01,    5.2469801903e-01,    4.6292401850e-02,
    5.2579998970e-01,   -4.5434200764e-01,    5.2579998970e-01,    3.2649101257e+01,    5.2579998970e-01,    2.6425600052e-02,
    5.2689898014e-01,   -4.7754600644e-01,    5.2689898014e-01,    3.2778598785e+01,    5.2689898014e-01,    8.8442396373e-03,
    5.2799898386e-01,   -4.4152098894e-01,    5.2799898386e-01,    3.2934898376e+01,    5.2799898386e-01,    2.1508999169e-02,
    5.2909898758e-01,   -4.2399200797e-01,    5.2909898758e-01,    3.3209400177e+01,    5.2909898758e-01,    1.6329899430e-02,
    5.3019899130e-01,   -4.3783798814e-01,    5.3019899130e-01,    3.3352500916e+01,    5.3019899130e-01,   -9.7793703899e-03,
    5.3129899502e-01,   -4.3201598525e-01,    5.3129899502e-01,    3.3553600311e+01,    5.3129899502e-01,    4.5257300138e-02,
    5.3239899874e-01,   -3.5991999507e-01,    5.3239899874e-01,    3.3689998627e+01,    5.3239899874e-01,    3.1963901129e-03,
    5.3350001574e-01,   -3.6528798938e-01,    5.3350001574e-01,    3.3586898804e+01,    5.3350001574e-01,    2.1296700463e-02,
    5.3459799290e-01,   -4.0068098903e-01,    5.3459799290e-01,    3.3603599548e+01,    5.3459799290e-01,    4.8575200140e-02,
    5.3569900990e-01,   -3.8473701477e-01,    5.3569900990e-01,    3.3740001678e+01,    5.3569900990e-01,    3.1115500256e-02,
    5.3680002689e-01,   -3.1511300802e-01,    5.3680002689e-01,    3.3722499847e+01,    5.3680002689e-01,    1.9120799378e-02,
    5.3789800406e-01,   -3.1264498830e-01,    5.3789800406e-01,    3.3957199097e+01,    5.3789800406e-01,    1.8717300147e-02,
    5.3899997473e-01,   -3.5297599435e-01,    5.3899997473e-01,    3.4471900940e+01,    5.3899997473e-01,    1.8849800108e-03,
    5.4009801149e-01,   -2.9668301344e-01,    5.4009801149e-01,    3.4945098877e+01,    5.4009801149e-01,   -1.8334800377e-02,
    5.4119902849e-01,   -2.5679999590e-01,    5.4119902849e-01,    3.5166198730e+01,    5.4119902849e-01,    1.9802700728e-02,
    5.4229801893e-01,   -3.0063501000e-01,    5.4229801893e-01,    3.5568000793e+01,    5.4229801893e-01,   -3.6651899572e-03,
    5.4339897633e-01,   -2.8384500742e-01,    5.4339897633e-01,    3.5957099915e+01,    5.4339897633e-01,   -1.2034500018e-02,
    5.4449898005e-01,   -2.3165799677e-01,    5.4449898005e-01,    3.6118801117e+01,    5.4449898005e-01,    2.7969699353e-02,
    5.4559898376e-01,   -2.2655899823e-01,    5.4559898376e-01,    3.6385601044e+01,    5.4559898376e-01,    5.1312898286e-03,
    5.4669898748e-01,   -2.5074100494e-01,    5.4669898748e-01,    3.6744598389e+01,    5.4669898748e-01,    3.9926599711e-02,
    5.4779797792e-01,   -2.5790798664e-01,    5.4779797792e-01,    3.6984901428e+01,    5.4779797792e-01,    6.0075399233e-04,
    5.4890000820e-01,   -1.9946700335e-01,    5.4890000820e-01,    3.7364398956e+01,    5.4890000820e-01,    1.0239900090e-02,
    5.5000001192e-01,   -2.1587899327e-01,    5.5000001192e-01,    3.7759700775e+01,    5.5000001192e-01,    3.4126698971e-02,
    5.5109900236e-01,   -2.3142400384e-01,    5.5109900236e-01,    3.7787899017e+01,    5.5109900236e-01,    2.8718600050e-02,
    5.5219900608e-01,   -2.2204600275e-01,    5.5219900608e-01,    3.7580898285e+01,    5.5219900608e-01,    3.7980500609e-02,
    5.5329900980e-01,   -1.4383199811e-01,    5.5329900980e-01,    3.7575801849e+01,    5.5329900980e-01,    3.1530801207e-02,
    5.5439901352e-01,   -1.5662600100e-01,    5.5439901352e-01,    3.7498798370e+01,    5.5439901352e-01,    2.1125499159e-02,
    5.5549901724e-01,   -1.3287200034e-01,    5.5549901724e-01,    3.7378299713e+01,    5.5549901724e-01,    8.5390999448e-04,
    5.5659997463e-01,   -1.0428000242e-01,    5.5659997463e-01,    3.7805599213e+01,    5.5659997463e-01,    9.7904000431e-03,
    5.5769997835e-01,   -9.0392902493e-02,    5.5769997835e-01,    3.8167499542e+01,    5.5769997835e-01,   -1.6771400115e-03,
    5.5879801512e-01,   -1.3520400226e-01,    5.5879801512e-01,    3.8330398560e+01,    5.5879801512e-01,   -1.6132799909e-02,
    5.5989897251e-01,   -1.1101800203e-01,    5.5989897251e-01,    3.8673000336e+01,    5.5989897251e-01,    3.8402699283e-04,
    5.6099897623e-01,   -7.5214996934e-02,    5.6099897623e-01,    3.9313098907e+01,    5.6099897623e-01,   -4.3621901423e-02,
    5.6209897995e-01,   -1.1295700073e-01,    5.6209897995e-01,    3.9519199371e+01,    5.6209897995e-01,   -4.3263401836e-02,
    5.6319898367e-01,   -1.1617100239e-01,    5.6319898367e-01,    3.9717700958e+01,    5.6319898367e-01,   -2.8423100710e-02,
    5.6429797411e-01,   -1.0588499904e-01,    5.6429797411e-01,    4.0045501709e+01,    5.6429797411e-01,   -5.2072901279e-02,
    5.6539899111e-01,   -8.8819101453e-02,    5.6539899111e-01,    3.9997898102e+01,    5.6539899111e-01,   -2.4629799649e-02,
    5.6649899483e-01,   -1.4122399688e-01,    5.6649899483e-01,    3.9764701843e+01,    5.6649899483e-01,   -4.5389901847e-02,
    5.6759899855e-01,   -1.3229499757e-01,    5.6759899855e-01,    3.9833301544e+01,    5.6759899855e-01,   -2.1505100653e-02,
    5.6869798899e-01,   -1.3775600493e-01,    5.6869798899e-01,    3.9970298767e+01,    5.6869798899e-01,   -3.9173901081e-02,
    5.6979799271e-01,   -1.2529699504e-01,    5.6979799271e-01,    3.9996601105e+01,    5.6979799271e-01,    2.6932900771e-02,
    5.7089900970e-01,   -1.5151800215e-01,    5.7089900970e-01,    4.0076301575e+01,    5.7089900970e-01,    2.4939500727e-03,
    5.7199901342e-01,   -1.4607800543e-01,    5.7199901342e-01,    4.0490398407e+01,    5.7199901342e-01,   -1.5861699649e-04,
    5.7309997082e-01,   -1.7254699767e-01,    5.7309997082e-01,    4.0742000580e+01,    5.7309997082e-01,    2.3807000369e-02,
    5.7419997454e-01,   -1.5999600291e-01,    5.7419997454e-01,    4.0955699921e+01,    5.7419997454e-01,    1.3108300045e-02,
    5.7529801130e-01,   -1.8631100655e-01,    5.7529801130e-01,    4.1294200897e+01,    5.7529801130e-01,    2.1488300990e-03,
    5.7639998198e-01,   -2.1025900543e-01,    5.7639998198e-01,    4.1425899506e+01,    5.7639998198e-01,    6.5959799103e-03,
    5.7749998569e-01,   -2.4390999973e-01,    5.7749998569e-01,    4.1285301208e+01,    5.7749998569e-01,    1.6872400418e-02,
    5.7859897614e-01,   -2.6295500994e-01,    5.7859897614e-01,    4.1293598175e+01,    5.7859897614e-01,    4.0440098383e-03,
    5.7969999313e-01,   -2.9340198636e-01,    5.7969999313e-01,    4.1557899475e+01,    5.7969999313e-01,    2.7943700552e-02,
    5.8079999685e-01,   -3.0377900600e-01,    5.8079999685e-01,    4.1668098450e+01,    5.8079999685e-01,   -7.7952998690e-03,
    5.8189898729e-01,   -3.3805099130e-01,    5.8189898729e-01,    4.1762901306e+01,    5.8189898729e-01,    1.0550400475e-03,
    5.8299797773e-01,   -3.2167199254e-01,    5.8299797773e-01,    4.1793399811e+01,    5.8299797773e-01,    4.3903399259e-02,
    5.8410000801e-01,   -3.4687000513e-01,    5.8410000801e-01,    4.1931301117e+01,    5.8410000801e-01,    2.4122299626e-02,
    5.8520001173e-01,   -3.5705399513e-01,    5.8520001173e-01,    4.1891498566e+01,    5.8520001173e-01,    6.1007300392e-03,
    5.8630001545e-01,   -4.2896300554e-01,    5.8630001545e-01,    4.1922901154e+01,    5.8630001545e-01,   -6.6839898936e-03,
    5.8740001917e-01,   -4.2085099220e-01,    5.8740001917e-01,    4.2028301239e+01,    5.8740001917e-01,    1.0875100270e-02,
    5.8849900961e-01,   -4.5647498965e-01,    5.8849900961e-01,    4.1962200165e+01,    5.8849900961e-01,   -8.5158301517e-03,
    5.8960002661e-01,   -5.3671902418e-01,    5.8960002661e-01,    4.2136699677e+01,    5.8960002661e-01,   -1.1370100547e-03,
    5.9069997072e-01,   -5.0892502069e-01,    5.9069997072e-01,    4.2322498322e+01,    5.9069997072e-01,    3.6713998765e-02,
    5.9179902077e-01,   -4.9703601003e-01,    5.9179902077e-01,    4.2431701660e+01,    5.9179902077e-01,   -5.7408399880e-02,
    5.9289801121e-01,   -5.8016997576e-01,    5.9289801121e-01,    4.2211799622e+01,    5.9289801121e-01,    2.1348899230e-02,
    5.9399998188e-01,   -6.2799102068e-01,    5.9399998188e-01,    4.2136199951e+01,    5.9399998188e-01,    4.3216701597e-02,
    5.9509801865e-01,   -5.9550601244e-01,    5.9509801865e-01,    4.1908199310e+01,    5.9509801865e-01,   -1.0496100411e-02,
    5.9619897604e-01,   -6.2420302629e-01,    5.9619897604e-01,    4.1384998322e+01,    5.9619897604e-01,    3.4428998828e-02,
    5.9729897976e-01,   -6.5124297142e-01,    5.9729897976e-01,    4.1285598755e+01,    5.9729897976e-01,    3.0818799511e-02,
    5.9839797020e-01,   -6.5639400482e-01,    5.9839797020e-01,    4.1699199677e+01,    5.9839797020e-01,   -3.1215999275e-02,
    5.9949898720e-01,   -5.9119600058e-01,    5.9949898720e-01,    4.1758300781e+01,    5.9949898720e-01,    1.1100299656e-02,
    6.0060000420e-01,   -5.8923500776e-01,    6.0060000420e-01,    4.1755401611e+01,    6.0060000420e-01,    2.7656100690e-02,
    6.0169798136e-01,   -5.8624398708e-01,    6.0169798136e-01,    4.1903999329e+01,    6.0169798136e-01,   -3.9012998343e-02,
    6.0280001163e-01,   -6.0606801510e-01,    6.0280001163e-01,    4.1926601410e+01,    6.0280001163e-01,   -2.7662299573e-02,
    6.0389900208e-01,   -6.3005000353e-01,    6.0389900208e-01,    4.2022899628e+01,    6.0389900208e-01,   -2.9460400343e-02,
    6.0499900579e-01,   -6.8552500010e-01,    6.0499900579e-01,    4.2282798767e+01,    6.0499900579e-01,   -4.3871898204e-02,
    6.0609900951e-01,   -6.9354397058e-01,    6.0609900951e-01,    4.2342201233e+01,    6.0609900951e-01,   -5.9055700898e-02,
    6.0719901323e-01,   -6.8894499540e-01,    6.0719901323e-01,    4.2319999695e+01,    6.0719901323e-01,   -1.1815199628e-02,
    6.0829901695e-01,   -7.4590402842e-01,    6.0829901695e-01,    4.2330398560e+01,    6.0829901695e-01,   -6.8468697369e-02,
    6.0939902067e-01,   -7.7423298359e-01,    6.0939902067e-01,    4.2426799774e+01,    6.0939902067e-01,   -5.3897500038e-02,
    6.1049902439e-01,   -7.3083102703e-01,    6.1049902439e-01,    4.2233200073e+01,    6.1049902439e-01,   -2.7803499252e-02,
    6.1159998178e-01,   -7.7836298943e-01,    6.1159998178e-01,    4.2791301727e+01,    6.1159998178e-01,   -7.0712096989e-02,
    6.1269801855e-01,   -7.8689098358e-01,    6.1269801855e-01,    4.3271999359e+01,    6.1269801855e-01,   -8.4012001753e-02,
    6.1379802227e-01,   -7.7430498600e-01,    6.1379802227e-01,    4.3230701447e+01,    6.1379802227e-01,   -4.6164598316e-02,
    6.1489897966e-01,   -7.8200501204e-01,    6.1489897966e-01,    4.3185298920e+01,    6.1489897966e-01,   -5.6084301323e-02,
    6.1599898338e-01,   -8.1651800871e-01,    6.1599898338e-01,    4.3414699554e+01,    6.1599898338e-01,   -7.4566602707e-02,
    6.1709797382e-01,   -7.9980498552e-01,    6.1709797382e-01,    4.3408798218e+01,    6.1709797382e-01,   -5.2976798266e-02,
    6.1819899082e-01,   -7.8586798906e-01,    6.1819899082e-01,    4.3362598419e+01,    6.1819899082e-01,   -2.8743300587e-02,
    6.1929899454e-01,   -8.1101399660e-01,    6.1929899454e-01,    4.3446201324e+01,    6.1929899454e-01,   -4.5635901392e-02,
    6.2039899826e-01,   -8.4396100044e-01,    6.2039899826e-01,    4.3251800537e+01,    6.2039899826e-01,   -2.4505199865e-02,
    6.2149798870e-01,   -8.1841498613e-01,    6.2149798870e-01,    4.2556701660e+01,    6.2149798870e-01,   -1.1632599868e-02,
    6.2259900570e-01,   -7.8893899918e-01,    6.2259900570e-01,    4.2041999817e+01,    6.2259900570e-01,   -5.7423900813e-02,
    6.2369799614e-01,   -7.7052599192e-01,    6.2369799614e-01,    4.1958698273e+01,    6.2369799614e-01,    3.0441500247e-02,
    6.2479901314e-01,   -7.0292299986e-01,    6.2479901314e-01,    4.2096401215e+01,    6.2479901314e-01,    2.6949800551e-02,
    6.2589901686e-01,   -6.4162302017e-01,    6.2589901686e-01,    4.1842800140e+01,    6.2589901686e-01,    9.4151003286e-03,
    6.2699997425e-01,   -6.3142699003e-01,    6.2699997425e-01,    4.2369800568e+01,    6.2699997425e-01,    1.2882700190e-02,
    6.2809902430e-01,   -6.4211100340e-01,    6.2809902430e-01,    4.2979198456e+01,    6.2809902430e-01,    2.3563299328e-02,
    6.2919902802e-01,   -5.9089100361e-01,    6.2919902802e-01,    4.3206401825e+01,    6.2919902802e-01,   -1.7676599324e-02,
    6.3029897213e-01,   -5.7742702961e-01,    6.3029897213e-01,    4.3681999207e+01,    6.3029897213e-01,    3.1646098942e-02,
    6.3139897585e-01,   -5.9662902355e-01,    6.3139897585e-01,    4.4179000854e+01,    6.3139897585e-01,    2.4117499590e-02,
    6.3249999285e-01,   -5.7977700233e-01,    6.3249999285e-01,    4.4298500061e+01,    6.3249999285e-01,   -3.5759601742e-02,
    6.3359802961e-01,   -5.8044499159e-01,    6.3359802961e-01,    4.4473701477e+01,    6.3359802961e-01,    4.4794298708e-02,
    6.3469898701e-01,   -6.2586301565e-01,    6.3469898701e-01,    4.5056499481e+01,    6.3469898701e-01,    1.5996299684e-02,
    6.3579899073e-01,   -6.4102101326e-01,    6.3579899073e-01,    4.5090499878e+01,    6.3579899073e-01,    2.8876600787e-02,
    6.3689798117e-01,   -6.2426400185e-01,    6.3689798117e-01,    4.5028701782e+01,    6.3689798117e-01,    8.1886999309e-02,
    6.3799899817e-01,   -6.2989002466e-01,    6.3799899817e-01,    4.5592899323e+01,    6.3799899817e-01,    4.2517900467e-02,
    6.3909798861e-01,   -6.5918499231e-01,    6.3909798861e-01,    4.5876998901e+01,    6.3909798861e-01,    6.3966400921e-02,
    6.4019900560e-01,   -6.2522697449e-01,    6.4019900560e-01,    4.5605899811e+01,    6.4019900560e-01,    5.1237698644e-02,
    6.4130002260e-01,   -6.1353302002e-01,    6.4130002260e-01,    4.5813400269e+01,    6.4130002260e-01,    7.8591398895e-02,
    6.4240002632e-01,   -6.5748202801e-01,    6.4240002632e-01,    4.5994499207e+01,    6.4240002632e-01,    2.1032899618e-02,
    6.4349997044e-01,   -6.9316899776e-01,    6.4349997044e-01,    4.5766799927e+01,    6.4349997044e-01,    6.5177202225e-02,
    6.4459902048e-01,   -6.5939402580e-01,    6.4459902048e-01,    4.5939300537e+01,    6.4459902048e-01,    5.4568599910e-02,
    6.4569902420e-01,   -7.5176799297e-01,    6.4569902420e-01,    4.6326000214e+01,    6.4569902420e-01,    1.0965500027e-02,
    6.4679902792e-01,   -7.5791501999e-01,    6.4679902792e-01,    4.6218399048e+01,    6.4679902792e-01,    4.1291899979e-02,
    6.4789897203e-01,   -7.3061800003e-01,    6.4789897203e-01,    4.6079799652e+01,    6.4789897203e-01,    3.8004200906e-02,
    6.4899998903e-01,   -7.6305598021e-01,    6.4899998903e-01,    4.6566101074e+01,    6.4899998903e-01,   -2.7939299121e-02,
    6.5009897947e-01,   -7.7803701162e-01,    6.5009897947e-01,    4.6658500671e+01,    6.5009897947e-01,    2.1000100300e-02,
    6.5119898319e-01,   -7.8315901756e-01,    6.5119898319e-01,    4.6368000031e+01,    6.5119898319e-01,   -1.4702700078e-02,
    6.5229898691e-01,   -7.1363401413e-01,    6.5229898691e-01,    4.6961700439e+01,    6.5229898691e-01,   -2.9664799571e-02,
    6.5339797735e-01,   -7.6330202818e-01,    6.5339797735e-01,    4.7341899872e+01,    6.5339797735e-01,    4.5040398836e-03,
    6.5449798107e-01,   -7.9780602455e-01,    6.5449798107e-01,    4.7047698975e+01,    6.5449798107e-01,   -4.1207700968e-02,
    6.5560001135e-01,   -7.5386101007e-01,    6.5560001135e-01,    4.7161800385e+01,    6.5560001135e-01,   -4.7308400273e-02,
    6.5669900179e-01,   -7.8666198254e-01,    6.5669900179e-01,    4.7585998535e+01,    6.5669900179e-01,   -7.1232698858e-02,
    6.5779799223e-01,   -8.1523597240e-01,    6.5779799223e-01,    4.7104598999e+01,    6.5779799223e-01,   -6.1962701380e-02,
    6.5889900923e-01,   -8.1101900339e-01,    6.5889900923e-01,    4.7068901062e+01,    6.5889900923e-01,   -7.8001499176e-02,
    6.5999901295e-01,   -7.4112498760e-01,    6.5999901295e-01,    4.7505401611e+01,    6.5999901295e-01,   -2.6074400172e-02,
    6.6109901667e-01,   -7.4729800224e-01,    6.6109901667e-01,    4.6910999298e+01,    6.6109901667e-01,   -7.6221898198e-02,
    6.6219902039e-01,   -7.4703198671e-01,    6.6219902039e-01,    4.5614898682e+01,    6.6219902039e-01,   -8.1186898053e-02,
    6.6329997778e-01,   -6.0034298897e-01,    6.6329997778e-01,    4.5475700378e+01,    6.6329997778e-01,   -3.0823500827e-02,
    6.6439902782e-01,   -6.0370898247e-01,    6.6439902782e-01,    4.5325599670e+01,    6.6439902782e-01,   -1.1183200032e-01,
    6.6549897194e-01,   -6.3187402487e-01,    6.6549897194e-01,    4.4462898254e+01,    6.6549897194e-01,   -3.7806000561e-02,
    6.6659897566e-01,   -5.6756001711e-01,    6.6659897566e-01,    4.4584899902e+01,    6.6659897566e-01,   -6.4670197666e-02,
    6.6769897938e-01,   -4.5609200001e-01,    6.6769897938e-01,    4.4915901184e+01,    6.6769897938e-01,   -6.8840198219e-02,
    6.6879999638e-01,   -4.6781501174e-01,    6.6879999638e-01,    4.4051799774e+01,    6.6879999638e-01,    1.2253499590e-02,
    6.6989797354e-01,   -5.1143801212e-01,    6.6989797354e-01,    4.3818401337e+01,    6.6989797354e-01,    4.3308702298e-03,
    6.7100000381e-01,   -3.8531500101e-01,    6.7100000381e-01,    4.4577201843e+01,    6.7100000381e-01,    1.0083599947e-02,
    6.7209899426e-01,   -3.1603100896e-01,    6.7209899426e-01,    4.4324699402e+01,    6.7209899426e-01,   -2.7866000310e-02,
    6.7319798470e-01,   -3.1285598874e-01,    6.7319798470e-01,    4.3724498749e+01,    6.7319798470e-01,   -5.9432899579e-03,
    6.7429798841e-01,   -2.3724900186e-01,    6.7429798841e-01,    4.4474601746e+01,    6.7429798841e-01,   -3.6831300706e-02,
    6.7540001869e-01,   -6.7263603210e-02,    6.7540001869e-01,    4.4461200714e+01,    6.7540001869e-01,   -2.3444600403e-02,
    6.7649900913e-01,   -1.1535300314e-01,    6.7649900913e-01,    4.3521499634e+01,    6.7649900913e-01,    1.1796499602e-02,
    6.7759901285e-01,   -7.5415499508e-02,    6.7759901285e-01,    4.4266998291e+01,    6.7759901285e-01,   -2.2335499525e-02,
    6.7869901657e-01,   -2.8208699077e-02,    6.7869901657e-01,    4.4920398712e+01,    6.7869901657e-01,    5.9339501895e-03,
    6.7979997396e-01,   -1.1380899698e-02,    6.7979997396e-01,    4.3966300964e+01,    6.7979997396e-01,    3.0313400552e-02,
    6.8089902401e-01,   -1.0347600281e-01,    6.8089902401e-01,    4.4056701660e+01,    6.8089902401e-01,    2.9291400686e-02,
    6.8199801445e-01,   -3.5136498511e-02,    6.8199801445e-01,    4.5015201569e+01,    6.8199801445e-01,    3.7946500815e-03,
    6.8309897184e-01,   -1.0873000138e-02,    6.8309897184e-01,    4.4075698853e+01,    6.8309897184e-01,    8.0542102456e-02,
    6.8419998884e-01,   -7.4214100838e-02,    6.8419998884e-01,    4.3495800018e+01,    6.8419998884e-01,    4.6484898776e-02,
    6.8529802561e-01,   -1.3674899936e-01,    6.8529802561e-01,    4.4713901520e+01,    6.8529802561e-01,    3.4935500473e-02,
    6.8639999628e-01,   -7.3343403637e-02,    6.8639999628e-01,    4.4279701233e+01,    6.8639999628e-01,    1.0547599941e-01,
    6.8749898672e-01,   -1.9572399557e-02,    6.8749898672e-01,    4.3253799438e+01,    6.8749898672e-01,    9.8589599133e-02,
    6.8859899044e-01,   -6.8597801030e-02,    6.8859899044e-01,    4.4532901764e+01,    6.8859899044e-01,    6.5267398953e-02,
    6.8969899416e-01,    1.7776399851e-02,    6.8969899416e-01,    4.5171100616e+01,    6.8969899416e-01,    9.4760403037e-02,
    6.9079899788e-01,    1.1504299939e-01,    6.9079899788e-01,    4.3947799683e+01,    6.9079899788e-01,    7.8004501760e-02,
    6.9189900160e-01,    1.7419399694e-02,    6.9189900160e-01,    4.4508098602e+01,    6.9189900160e-01,    7.7120803297e-02,
    6.9300001860e-01,   -3.1425999478e-03,    6.9300001860e-01,    4.5574600220e+01,    6.9300001860e-01,    1.2753400207e-01,
    6.9409799576e-01,    1.4589199424e-01,    6.9409799576e-01,    4.4569698334e+01,    6.9409799576e-01,    9.5928102732e-02,
    6.9519901276e-01,    1.3256199658e-01,    6.9519901276e-01,    4.4772800446e+01,    6.9519901276e-01,    1.3847599924e-01,
    6.9630002975e-01,    2.8416100889e-02,    6.9630002975e-01,    4.6609298706e+01,    6.9630002975e-01,    9.6089802682e-02,
    6.9739902020e-01,    2.6979199052e-01,    6.9739902020e-01,    4.6053199768e+01,    6.9739902020e-01,    1.0648600012e-01,
    6.9849902391e-01,    2.7844399214e-01,    6.9849902391e-01,    4.5677398682e+01,    6.9849902391e-01,    7.2434000671e-02,
    6.9959902763e-01,    2.2581900656e-01,    6.9959902763e-01,    4.7554100037e+01,    6.9959902763e-01,    6.6845096648e-02,
    7.0069897175e-01,    4.0115898848e-01,    7.0069897175e-01,    4.7770401001e+01,    7.0069897175e-01,    5.9074100107e-02,
    7.0179998875e-01,    5.6345397234e-01,    7.0179998875e-01,    4.6597599030e+01,    7.0179998875e-01,    9.4582200050e-02,
    7.0289897919e-01,    5.0542598963e-01,    7.0289897919e-01,    4.8265499115e+01,    7.0289897919e-01,    6.5411701798e-02,
    7.0399999619e-01,    5.0717097521e-01,    7.0399999619e-01,    4.9579399109e+01,    7.0399999619e-01,    4.0407501161e-02,
    7.0509797335e-01,    7.5694799423e-01,    7.0509797335e-01,    4.8233501434e+01,    7.0509797335e-01,    1.2598699331e-01,
    7.0619797707e-01,    7.0115697384e-01,    7.0619797707e-01,    4.8775299072e+01,    7.0619797707e-01,    8.2067303360e-02,
    7.0729798079e-01,    5.8075201511e-01,    7.0729798079e-01,    5.0403499603e+01,    7.0729798079e-01,    5.2305601537e-02,
    7.0839899778e-01,    8.4492200613e-01,    7.0839899778e-01,    4.8810001373e+01,    7.0839899778e-01,    7.5579501688e-02,
    7.0949900150e-01,    8.4443998337e-01,    7.0949900150e-01,    4.8578701019e+01,    7.0949900150e-01,    7.8846197575e-03,
    7.1059900522e-01,    5.7359701395e-01,    7.1059900522e-01,    5.0736198425e+01,    7.1059900522e-01,    6.2691099942e-02,
    7.1169900894e-01,    7.4576497078e-01,    7.1169900894e-01,    4.9443000793e+01,    7.1169900894e-01,    1.9705500454e-02,
    7.1279901266e-01,    9.6778702736e-01,    7.1279901266e-01,    4.7584701538e+01,    7.1279901266e-01,    5.7264998555e-02,
    7.1389901638e-01,    7.4703699350e-01,    7.1389901638e-01,    4.9406101227e+01,    7.1389901638e-01,   -3.2327499241e-02,
    7.1499902010e-01,    7.3462897539e-01,    7.1499902010e-01,    5.0012599945e+01,    7.1499902010e-01,    3.6660999060e-02,
    7.1609997749e-01,    1.1328400373e+00,    7.1609997749e-01,    4.7602100372e+01,    7.1609997749e-01,    5.7408001274e-02,
    7.1719998121e-01,    9.4028800726e-01,    7.1719998121e-01,    4.9002399445e+01,    7.1719998121e-01,    6.3548102044e-03,
    7.1829801798e-01,    7.8004497290e-01,    7.1829801798e-01,    5.1019901276e+01,    7.1829801798e-01,   -3.0434999615e-02,
    7.1939897537e-01,    1.0915999413e+00,    7.1939897537e-01,    4.9085098267e+01,    7.1939897537e-01,    3.6755699664e-02,
    7.2049897909e-01,    1.1285500526e+00,    7.2049897909e-01,    4.9402999878e+01,    7.2049897909e-01,    8.3363302052e-02,
    7.2159802914e-01,    9.2020899057e-01,    7.2159802914e-01,    5.2191600800e+01,    7.2159802914e-01,   -4.2628098279e-02,
    7.2269797325e-01,    1.0110299587e+00,    7.2269797325e-01,    5.1123401642e+01,    7.2269797325e-01,    5.5644501001e-02,
    7.2380000353e-01,    1.2701400518e+00,    7.2380000353e-01,    4.9589099884e+01,    7.2380000353e-01,    4.2223099619e-02,
    7.2490000725e-01,    1.0732400417e+00,    7.2490000725e-01,    5.2238700867e+01,    7.2490000725e-01,   -1.3663900085e-02,
    7.2599798441e-01,    1.0482399464e+00,    7.2599798441e-01,    5.2222900391e+01,    7.2599798441e-01,    7.1580499411e-02,
    7.2710001469e-01,    1.3198599815e+00,    7.2710001469e-01,    4.9458801270e+01,    7.2710001469e-01,    3.1482800841e-02,
    7.2820001841e-01,    1.2672300339e+00,    7.2820001841e-01,    5.1533599854e+01,    7.2820001841e-01,   -3.4416198730e-02,
    7.2929799557e-01,    1.0612699986e+00,    7.2929799557e-01,    5.3917999268e+01,    7.2929799557e-01,    4.1116598994e-02,
    7.3040002584e-01,    1.3009099960e+00,    7.3040002584e-01,    5.1188201904e+01,    7.3040002584e-01,    1.0612600297e-01,
    7.3149800301e-01,    1.4362000227e+00,    7.3149800301e-01,    5.1754199982e+01,    7.3149800301e-01,   -6.1076800339e-03,
    7.3259902000e-01,    1.1488100290e+00,    7.3259902000e-01,    5.4909599304e+01,    7.3259902000e-01,    6.3131801784e-02,
    7.3369902372e-01,    1.1934399605e+00,    7.3369902372e-01,    5.3367000580e+01,    7.3369902372e-01,    5.8417101391e-03,
    7.3479998112e-01,    1.4150999784e+00,    7.3479998112e-01,    5.2145801544e+01,    7.3479998112e-01,    2.9518599622e-03,
    7.3589897156e-01,    1.2593899965e+00,    7.3589897156e-01,    5.5238300323e+01,    7.3589897156e-01,    1.1679700017e-01,
    7.3699998856e-01,    1.1475000381e+00,    7.3699998856e-01,    5.5637798309e+01,    7.3699998856e-01,   -4.0066599846e-02,
    7.3809999228e-01,    1.4933400154e+00,    7.3809999228e-01,    5.1864700317e+01,    7.3809999228e-01,    7.0088699460e-02,
    7.3919898272e-01,    1.5204499960e+00,    7.3919898272e-01,    5.3976699829e+01,    7.3919898272e-01,    4.5007899404e-02,
    7.4029797316e-01,    1.1669800282e+00,    7.4029797316e-01,    5.6078701019e+01,    7.4029797316e-01,   -5.7923499495e-02,
    7.4140000343e-01,    1.3303500414e+00,    7.4140000343e-01,    5.2318199158e+01,    7.4140000343e-01,    4.4089000672e-02,
    7.4250000715e-01,    1.4456900358e+00,    7.4250000715e-01,    5.3010299683e+01,    7.4250000715e-01,    3.6675401032e-02,
    7.4359899759e-01,    1.2169200182e+00,    7.4359899759e-01,    5.6522300720e+01,    7.4359899759e-01,   -8.5196197033e-02,
    7.4470001459e-01,    1.1219500303e+00,    7.4470001459e-01,    5.4339099884e+01,    7.4470001459e-01,    8.6494602263e-02,
    7.4580001831e-01,    1.5430099964e+00,    7.4580001831e-01,    5.2266101837e+01,    7.4580001831e-01,    7.7663101256e-02,
    7.4690002203e-01,    1.2889699936e+00,    7.4690002203e-01,    5.5512298584e+01,    7.4690002203e-01,   -2.2843699902e-02,
    7.4799901247e-01,    1.0247399807e+00,    7.4799901247e-01,    5.6360000610e+01,    7.4799901247e-01,    2.8111299500e-02,
    7.4909901619e-01,    1.4622700214e+00,    7.4909901619e-01,    5.2103099823e+01,    7.4909901619e-01,    6.4226500690e-02,
    7.5019901991e-01,    1.5066599846e+00,    7.5019901991e-01,    5.4612400055e+01,    7.5019901991e-01,   -3.4049800597e-03,
    7.5129902363e-01,    1.1537899971e+00,    7.5129902363e-01,    5.8123401642e+01,    7.5129902363e-01,   -1.5400200151e-02,
    7.5239998102e-01,    1.3427799940e+00,    7.5239998102e-01,    5.3676101685e+01,    7.5239998102e-01,    3.9193600416e-02,
    7.5349998474e-01,    1.7206100225e+00,    7.5349998474e-01,    5.4240001678e+01,    7.5349998474e-01,    1.9846800715e-02,
    7.5459897518e-01,    1.2566499710e+00,    7.5459897518e-01,    5.8382801056e+01,    7.5459897518e-01,    7.8917797655e-03,
    7.5569897890e-01,    1.1241799593e+00,    7.5569897890e-01,    5.7082298279e+01,    7.5569897890e-01,    6.1679398641e-03,
    7.5679802895e-01,    1.5774300098e+00,    7.5679802895e-01,    5.4086200714e+01,    7.5679802895e-01,    3.8921501487e-02,
    7.5789898634e-01,    1.4359200001e+00,    7.5789898634e-01,    5.7434600830e+01,    7.5789898634e-01,   -1.1044800049e-03,
    7.5899899006e-01,    9.3421298265e-01,    7.5899899006e-01,    5.9446201324e+01,    7.5899899006e-01,    6.9532701746e-03,
    7.6009899378e-01,    1.3238699436e+00,    7.6009899378e-01,    5.3699100494e+01,    7.6009899378e-01,    2.6681099087e-02,
    7.6119899750e-01,    1.5622199774e+00,    7.6119899750e-01,    5.5553001404e+01,    7.6119899750e-01,    8.5338503122e-02,
    7.6229900122e-01,    9.9348700047e-01,    7.6229900122e-01,    5.9871700287e+01,    7.6229900122e-01,   -4.3845400214e-02,
    7.6339799166e-01,    9.3848401308e-01,    7.6339799166e-01,    5.5587600708e+01,    7.6339799166e-01,   -5.4316699505e-02,
    7.6450002193e-01,    1.5393899679e+00,    7.6450002193e-01,    5.4361198425e+01,    7.6450002193e-01,    1.8313799798e-01,
    7.6559799910e-01,    1.1843800545e+00,    7.6559799910e-01,    5.8543399811e+01,    7.6559799910e-01,   -1.0128399730e-01,
    7.6669901609e-01,    6.9235700369e-01,    7.6669901609e-01,    5.8665500641e+01,    7.6669901609e-01,    9.2439102009e-03,
    7.6779901981e-01,    1.3779499531e+00,    7.6779901981e-01,    5.3497398376e+01,    7.6779901981e-01,    1.3384400308e-01,
    7.6889902353e-01,    1.4580999613e+00,    7.6889902353e-01,    5.6393299103e+01,    7.6889902353e-01,   -9.8810300231e-02,
    7.6999902725e-01,    8.2170701027e-01,    7.6999902725e-01,    6.0680198669e+01,    7.6999902725e-01,   -1.1842699721e-02,
    7.7109801769e-01,    1.0393300056e+00,    7.7109801769e-01,    5.4143001556e+01,    7.7109801769e-01,    2.3183699697e-02,
    7.7219802141e-01,    1.7577199936e+00,    7.7219802141e-01,    5.5102298737e+01,    7.7219802141e-01,    1.1134600500e-03,
    7.7329897881e-01,    1.1355799437e+00,    7.7329897881e-01,    6.0004299164e+01,    7.7329897881e-01,   -1.1053100228e-01,
    7.7439898252e-01,    6.4725601673e-01,    7.7439898252e-01,    5.7256500244e+01,    7.7439898252e-01,   -2.6495600119e-02,
    7.7549999952e-01,    1.6618299484e+00,    7.7549999952e-01,    5.3847599030e+01,    7.7549999952e-01,    7.2764001787e-02,
    7.7659797668e-01,    1.5122499466e+00,    7.7659797668e-01,    5.7518199921e+01,    7.7659797668e-01,   -9.3801103532e-02,
    7.7769798040e-01,    6.2341099977e-01,    7.7769798040e-01,    6.0198600769e+01,    7.7769798040e-01,   -8.6967097595e-03,
    7.7879899740e-01,    1.1062300205e+00,    7.7879899740e-01,    5.2650600433e+01,    7.7879899740e-01,    2.4252200499e-02,
    7.7989798784e-01,    1.8751300573e+00,    7.7989798784e-01,    5.5008701324e+01,    7.7989798784e-01,    8.2839898765e-02,
    7.8099900484e-01,    6.7211902142e-01,    7.8099900484e-01,    6.0250499725e+01,    7.8099900484e-01,   -3.5925399512e-02,
    7.8210002184e-01,    3.4626498818e-01,    7.8210002184e-01,    5.3766498566e+01,    7.8210002184e-01,   -1.3693000376e-01,
    7.8319901228e-01,    1.5832099915e+00,    7.8319901228e-01,    5.1990100861e+01,    7.8319901228e-01,    1.9224800169e-01,
    7.8430002928e-01,    9.5109099150e-01,    7.8430002928e-01,    5.6431800842e+01,    7.8430002928e-01,   -8.8429301977e-02,
    7.8539800644e-01,   -2.6604899764e-01,    7.8539800644e-01,    5.6855998993e+01,    7.8539800644e-01,   -1.0238900036e-01,
    7.8649902344e-01,    7.1533799171e-01,    7.8649902344e-01,    5.0983100891e+01,    7.8649902344e-01,    9.3256302178e-02,
    7.8759902716e-01,    1.4538099766e+00,    7.8759902716e-01,    5.4196201324e+01,    7.8759902716e-01,    2.1643700078e-02,
    7.8869897127e-01,   -2.9097700119e-01,    7.8869897127e-01,    6.0063400269e+01,    7.8869897127e-01,   -1.2977099419e-01,
    7.8979802132e-01,   -2.1711400151e-01,    7.8979802132e-01,    5.2514198303e+01,    7.8979802132e-01,   -6.5179802477e-02,
    7.9089802504e-01,    1.8035099506e+00,    7.9089802504e-01,    5.3831901550e+01,    7.9089802504e-01,    1.8743599951e-01,
    7.9199898243e-01,    3.9734199643e-01,    7.9199898243e-01,    6.0438899994e+01,    7.9199898243e-01,   -2.4343100190e-01,
    7.9309898615e-01,   -1.0532599688e+00,    7.9309898615e-01,    5.7077400208e+01,    7.9309898615e-01,   -2.2502599284e-02,
    7.9419797659e-01,    8.1909698248e-01,    7.9419797659e-01,    5.2530998230e+01,    7.9419797659e-01,    1.5830799937e-01,
    7.9529899359e-01,    1.2260199785e+00,    7.9529899359e-01,    5.6755298615e+01,    7.9529899359e-01,   -1.8431399763e-01,
    7.9639899731e-01,   -1.1666699648e+00,    7.9639899731e-01,    5.9679401398e+01,    7.9639899731e-01,   -3.5765498877e-02,
    7.9749900103e-01,   -7.1705597639e-01,    7.9749900103e-01,    5.0004798889e+01,    7.9749900103e-01,    7.1753703058e-02,
    7.9859900475e-01,    1.4333200455e+00,    7.9859900475e-01,    5.1181499481e+01,    7.9859900475e-01,    6.7013099790e-02,
    7.9969900846e-01,   -4.9825000763e-01,    7.9969900846e-01,    5.8151901245e+01,    7.9969900846e-01,   -1.5151500702e-01,
    8.0080002546e-01,   -1.7946100235e+00,    8.0080002546e-01,    5.1596401215e+01,    8.0080002546e-01,    1.0233599693e-01,
    8.0189901590e-01,    6.5767902136e-01,    8.0189901590e-01,    4.7777301788e+01,    8.0189901590e-01,    3.0084100366e-01,
    8.0299997330e-01,    9.6652698517e-01,    8.0299997330e-01,    5.4417900085e+01,    8.0299997330e-01,    7.6285198331e-02,
    8.0409801006e-01,   -1.7764999866e+00,    8.0409801006e-01,    5.5896701813e+01,    8.0409801006e-01,    1.9267800450e-01,
    8.0519902706e-01,   -5.0088900328e-01,    8.0519902706e-01,    4.8151699066e+01,    8.0519902706e-01,    1.7088499665e-01,
    8.0629897118e-01,    1.6258699894e+00,    8.0629897118e-01,    5.1451400757e+01,    8.0629897118e-01,    2.8497898579e-01,
    8.0739897490e-01,   -9.7568100691e-01,    8.0739897490e-01,    5.8627399445e+01,    8.0739897490e-01,    5.6517299265e-02,
    8.0849999189e-01,   -1.5952899456e+00,    8.0849999189e-01,    5.1193698883e+01,    8.0849999189e-01,    1.4609499276e-01,
    8.0959898233e-01,    1.0671199560e+00,    8.0959898233e-01,    4.9277099609e+01,    8.0959898233e-01,    2.8192698956e-01,
    8.1069999933e-01,    7.3169898987e-01,    8.1069999933e-01,    5.7290599823e+01,    8.1069999933e-01,    1.6174400225e-02,
    8.1180000305e-01,   -1.9868600368e+00,    8.1180000305e-01,    5.6462100983e+01,    8.1180000305e-01,    2.4092200398e-01,
    8.1289899349e-01,   -1.3291700184e-01,    8.1289899349e-01,    4.8904899597e+01,    8.1289899349e-01,    1.1217500269e-01,
    8.1399798393e-01,    1.6580599546e+00,    8.1399798393e-01,    5.3204299927e+01,    8.1399798393e-01,    5.9719599783e-02,
    8.1509798765e-01,   -1.1894299984e+00,    8.1509798765e-01,    5.9472301483e+01,    8.1509798765e-01,    7.0590198040e-02,
    8.1619900465e-01,   -1.2986400127e+00,    8.1619900465e-01,    5.1507701874e+01,    8.1619900465e-01,    2.0027600229e-01,
    8.1729900837e-01,    1.5715800524e+00,    8.1729900837e-01,    5.0931800842e+01,    8.1729900837e-01,    1.6414700449e-01,
    8.1839799881e-01,    5.7129901648e-01,    8.1839799881e-01,    5.9623298645e+01,    8.1839799881e-01,   -1.4279699326e-01,
    8.1949901581e-01,   -2.2068998814e+00,    8.1949901581e-01,    5.7061199188e+01,    8.1949901581e-01,    1.6644999385e-01,
    8.2059901953e-01,    3.8374599814e-01,    8.2059901953e-01,    5.0303798676e+01,    8.2059901953e-01,    1.7765000463e-01,
    8.2169800997e-01,    1.8602700233e+00,    8.2169800997e-01,    5.5729301453e+01,    8.2169800997e-01,    3.9011698216e-02,
    8.2279902697e-01,   -1.3819299936e+00,    8.2279902697e-01,    6.0591701508e+01,    8.2279902697e-01,   -4.0610600263e-02,
    8.2389801741e-01,   -8.2844799757e-01,    8.2389801741e-01,    5.1155899048e+01,    8.2389801741e-01,    2.0642500371e-02,
    8.2499897480e-01,    2.3033699989e+00,    8.2499897480e-01,    5.1329200745e+01,    8.2499897480e-01,    1.3795900345e-01,
    8.2609802485e-01,    4.6938699484e-01,    8.2609802485e-01,    6.0014900208e+01,    8.2609802485e-01,   -1.1770100147e-01,
    8.2719898224e-01,   -1.9861700535e+00,    8.2719898224e-01,    5.5891700745e+01,    8.2719898224e-01,    5.8611299843e-02,
    8.2829898596e-01,    1.0822600126e+00,    8.2829898596e-01,    4.9547100067e+01,    8.2829898596e-01,    1.0310199857e-01,
    8.2939898968e-01,    2.3642699718e+00,    8.2939898968e-01,    5.6065898895e+01,    8.2939898968e-01,    1.4664299786e-01,
    8.3049899340e-01,   -1.3087600470e+00,    8.3049899340e-01,    6.0009700775e+01,    8.3049899340e-01,    6.0688801110e-02,
    8.3160001040e-01,   -2.2582399845e-01,    8.3160001040e-01,    5.0707401276e+01,    8.3160001040e-01,    3.3927600831e-02,
    8.3269900084e-01,    3.0978899002e+00,    8.3269900084e-01,    5.1965801239e+01,    8.3269900084e-01,    1.8636000156e-01,
    8.3379799128e-01,    5.5206799507e-01,    8.3379799128e-01,    6.0410999298e+01,    8.3379799128e-01,    8.3457201719e-02,
    8.3490002155e-01,   -1.9623099566e+00,    8.3490002155e-01,    5.4756500244e+01,    8.3490002155e-01,    2.5613999367e-01,
    8.3599901199e-01,    1.6950399876e+00,    8.3599901199e-01,    4.8758899689e+01,    8.3599901199e-01,    1.8579000235e-01,
    8.3709901571e-01,    2.6721498966e+00,    8.3709901571e-01,    5.5692798615e+01,    8.3709901571e-01,    3.0579200387e-01,
    8.3819901943e-01,   -1.4558299780e+00,    8.3819901943e-01,    5.8620601654e+01,    8.3819901943e-01,    3.5181999207e-01,
    8.3929902315e-01,   -6.1308201402e-02,    8.3929902315e-01,    4.9467800140e+01,    8.3929902315e-01,    1.8245999515e-01,
    8.4039801359e-01,    3.4826099873e+00,    8.4039801359e-01,    5.1911300659e+01,    8.4039801359e-01,    3.3849400282e-01,
    8.4149998426e-01,    1.9578999281e-01,    8.4149998426e-01,    6.0324199677e+01,    8.4149998426e-01,    1.9215300679e-01,
    8.4259897470e-01,   -1.9105399847e+00,    8.4259897470e-01,    5.3590301514e+01,    8.4259897470e-01,    2.7058199048e-01,
    8.4369999170e-01,    1.8031799793e+00,    8.4369999170e-01,    4.8824699402e+01,    8.4369999170e-01,    2.2724099457e-01,
    8.4479898214e-01,    2.4867599010e+00,    8.4479898214e-01,    5.6591899872e+01,    8.4479898214e-01,    2.0301300287e-01,
    8.4589797258e-01,   -1.8407100439e+00,    8.4589797258e-01,    5.8211101532e+01,    8.4589797258e-01,    2.1947300434e-01,
    8.4699898958e-01,    1.8332700431e-01,    8.4699898958e-01,    4.8455398560e+01,    8.4699898958e-01,    1.7729899287e-01,
    8.4809798002e-01,    3.3578400612e+00,    8.4809798002e-01,    5.1517700195e+01,    8.4809798002e-01,    3.7073099613e-01,
    8.4920001030e-01,   -2.5176098943e-01,    8.4920001030e-01,    5.9249298096e+01,    8.4920001030e-01,    1.9274300337e-01,
    8.5029900074e-01,   -1.4793399572e+00,    8.5029900074e-01,    5.1595100403e+01,    8.5029900074e-01,    1.9189499319e-01,
    8.5140001774e-01,    2.3152899742e+00,    8.5140001774e-01,    4.7577499390e+01,    8.5140001774e-01,    2.2840100527e-01,
    8.5249799490e-01,    2.4261500835e+00,    8.5249799490e-01,    5.6198699951e+01,    8.5249799490e-01,    1.0710299760e-01,
    8.5359799862e-01,   -1.7121700048e+00,    8.5359799862e-01,    5.6415901184e+01,    8.5359799862e-01,    2.6901501417e-01,
    8.5470002890e-01,    8.2987898588e-01,    8.5470002890e-01,    4.6501499176e+01,    8.5470002890e-01,    1.1629199982e-01,
    8.5579997301e-01,    3.3788900375e+00,    8.5579997301e-01,    5.0239601135e+01,    8.5579997301e-01,    1.5929199755e-01,
    8.5689902306e-01,   -4.1767400503e-01,    8.5689902306e-01,    5.7294498444e+01,    8.5689902306e-01,   -4.7632800415e-03,
    8.5799902678e-01,   -1.0334700346e+00,    8.5799902678e-01,    4.8081401825e+01,    8.5799902678e-01,    1.8153899908e-01,
    8.5909897089e-01,    2.6580700874e+00,    8.5909897089e-01,    4.5324699402e+01,    8.5909897089e-01,    1.8192400038e-01,
    8.6019802094e-01,    1.9962699413e+00,    8.6019802094e-01,    5.3678501129e+01,    8.6019802094e-01,   -2.0588700473e-01,
    8.6129897833e-01,   -2.0012099743e+00,    8.6129897833e-01,    5.2478698730e+01,    8.6129897833e-01,   -8.6850099266e-02,
    8.6239898205e-01,    8.7128901482e-01,    8.6239898205e-01,    4.3746101379e+01,    8.6239898205e-01,    6.2602497637e-02,
    8.6349797249e-01,    3.0815200806e+00,    8.6349797249e-01,    4.8655498505e+01,    8.6349797249e-01,    1.0743299872e-01,
    8.6459898949e-01,   -1.1957499981e+00,    8.6459898949e-01,    5.5430400848e+01,    8.6459898949e-01,   -2.2145700455e-01,
    8.6570000648e-01,   -8.6995398998e-01,    8.6570000648e-01,    4.6600200653e+01,    8.6570000648e-01,   -6.2823303044e-02,
    8.6680001020e-01,    2.7841899395e+00,    8.6680001020e-01,    4.5945701599e+01,    8.6680001020e-01,    1.2871700525e-01,
    8.6789900064e-01,    1.2252700329e+00,    8.6789900064e-01,    5.4598300934e+01,    8.6789900064e-01,   -1.1770799756e-01,
    8.6899900436e-01,   -2.3139200211e+00,    8.6899900436e-01,    5.2438301086e+01,    8.6899900436e-01,   -1.6746300459e-01,
    8.7009900808e-01,    9.6636301279e-01,    8.7009900808e-01,    4.4681198120e+01,    8.7009900808e-01,    1.8185399473e-02,
    8.7120002508e-01,    2.5465300083e+00,    8.7120002508e-01,    5.0321399689e+01,    8.7120002508e-01,   -1.9418999553e-01,
    8.7230002880e-01,   -1.6659100056e+00,    8.7230002880e-01,    5.6204601288e+01,    8.7230002880e-01,   -3.1886199117e-01,
    8.7339901924e-01,   -7.1947801113e-01,    8.7339901924e-01,    4.6602100372e+01,    8.7339901924e-01,   -1.9775800407e-01,
    8.7449902296e-01,    2.6678600311e+00,    8.7449902296e-01,    4.7237899780e+01,    8.7449902296e-01,   -6.7409299314e-02,
    8.7559998035e-01,    2.5505000353e-01,    8.7559998035e-01,    5.6125099182e+01,    8.7559998035e-01,   -4.7177499533e-01,
    8.7669897079e-01,   -2.6799800396e+00,    8.7669897079e-01,    5.2640998840e+01,    8.7669897079e-01,   -1.3901400566e-01,
    8.7779897451e-01,    9.5053499937e-01,    8.7779897451e-01,    4.5889301300e+01,    8.7779897451e-01,   -8.9201599360e-02,
    8.7889897823e-01,    1.8857200146e+00,    8.7889897823e-01,    5.2296600342e+01,    8.7889897823e-01,   -1.7886300385e-01,
    8.7999999523e-01,   -2.1555800438e+00,    8.7999999523e-01,    5.7394401550e+01,    8.7999999523e-01,   -2.4451400340e-01,
    8.8109898567e-01,   -4.1758498549e-01,    8.8109898567e-01,    4.7644298553e+01,    8.8109898567e-01,   -7.7004797757e-02,
    8.8219797611e-01,    2.6722099781e+00,    8.8219797611e-01,    4.9512199402e+01,    8.8219797611e-01,   -5.4194601253e-03,
    8.8330000639e-01,   -5.6541097164e-01,    8.8330000639e-01,    5.8496700287e+01,    8.8330000639e-01,   -2.7300700545e-01,
    8.8439899683e-01,   -2.3911199570e+00,    8.8439899683e-01,    5.3493198395e+01,    8.8439899683e-01,    3.7680901587e-02,
    8.8549900055e-01,    1.3227399588e+00,    8.8549900055e-01,    4.7464500427e+01,    8.8549900055e-01,   -6.4357697964e-02,
    8.8659900427e-01,    1.4571000338e+00,    8.8659900427e-01,    5.4510101318e+01,    8.8659900427e-01,   -3.3363301307e-02,
    8.8769799471e-01,   -2.4083900452e+00,    8.8769799471e-01,    5.7582199097e+01,    8.8769799471e-01,   -8.4294803441e-02,
    8.8879799843e-01,   -1.5691000223e-01,    8.8879799843e-01,    4.7225399017e+01,    8.8879799843e-01,   -2.5511300191e-02,
    8.8989901543e-01,    2.6924500465e+00,    8.8989901543e-01,    4.9960700989e+01,    8.8989901543e-01,   -4.7885101289e-02,
    8.9099997282e-01,   -1.1216299534e+00,    8.9099997282e-01,    5.8884700775e+01,    8.9099997282e-01,   -2.0334799588e-01,
    8.9209902287e-01,   -2.1215200424e+00,    8.9209902287e-01,    5.2518901825e+01,    8.9209902287e-01,    7.0440098643e-02,
    8.9319998026e-01,    1.8782299757e+00,    8.9319998026e-01,    4.8129398346e+01,    8.9319998026e-01,   -7.3762498796e-02,
    8.9429897070e-01,    1.3210400343e+00,    8.9429897070e-01,    5.6500999451e+01,    8.9429897070e-01,   -5.9051901102e-02,
    8.9539897442e-01,   -2.3564798832e+00,    8.9539897442e-01,    5.8276199341e+01,    8.9539897442e-01,    7.0774801075e-02,
    8.9649897814e-01,    4.6628299356e-01,    8.9649897814e-01,    4.8661300659e+01,    8.9649897814e-01,   -1.8337199464e-02,
    8.9759802818e-01,    2.7782499790e+00,    8.9759802818e-01,    5.2475399017e+01,    8.9759802818e-01,    1.0639200360e-01,
    8.9869797230e-01,   -1.4439500570e+00,    8.9869797230e-01,    6.1040699005e+01,    8.9869797230e-01,   -1.9198200107e-01,
    8.9979898930e-01,   -1.5238900185e+00,    8.9979898930e-01,    5.2940799713e+01,    8.9979898930e-01,    1.1410599947e-01,
    9.0090000629e-01,    2.3774399757e+00,    9.0090000629e-01,    4.9770000458e+01,    9.0090000629e-01,    5.5611900985e-02,
    9.0199899673e-01,    1.0494699478e+00,    9.0199899673e-01,    5.8877101898e+01,    9.0199899673e-01,   -6.4544901252e-02,
    9.0309900045e-01,   -2.4543800354e+00,    9.0309900045e-01,    5.9039398193e+01,    9.0309900045e-01,    3.4224901348e-02,
    9.0420001745e-01,    7.7679902315e-01,    9.0420001745e-01,    5.0139801025e+01,    9.0420001745e-01,    8.5347397253e-03,
    9.0529900789e-01,    2.4300899506e+00,    9.0529900789e-01,    5.4860099792e+01,    9.0529900789e-01,    1.6854000092e-01,
    9.0640002489e-01,   -1.9192600250e+00,    9.0640002489e-01,    6.2719100952e+01,    9.0640002489e-01,    5.1088999957e-02,
    9.0749901533e-01,   -1.0143699646e+00,    9.0749901533e-01,    5.3499801636e+01,    9.0749901533e-01,    5.3270898759e-02,
    9.0859997272e-01,    2.4758698940e+00,    9.0859997272e-01,    5.2248600006e+01,    9.0859997272e-01,    9.6734203398e-02,
    9.0969800949e-01,    2.4752999842e-01,    9.0969800949e-01,    6.1810699463e+01,    9.0969800949e-01,    7.6685301960e-02,
    9.1079902649e-01,   -2.3893198967e+00,    9.1079902649e-01,    5.9171001434e+01,    9.1079902649e-01,    2.1575699747e-01,
    9.1189801693e-01,    1.1567000151e+00,    9.1189801693e-01,    5.0262500763e+01,    9.1189801693e-01,   -4.0991801769e-02,
    9.1299802065e-01,    2.0035500526e+00,    9.1299802065e-01,    5.5337299347e+01,    9.1299802065e-01,    1.5402999520e-01,
    9.1409802437e-01,   -2.1353800297e+00,    9.1409802437e-01,    6.1885101318e+01,    9.1409802437e-01,    2.0477400720e-01,
    9.1519999504e-01,   -3.4473899007e-01,    9.1519999504e-01,    5.0887001038e+01,    9.1519999504e-01,    4.0484201163e-02,
    9.1629999876e-01,    2.4965200424e+00,    9.1629999876e-01,    4.9935501099e+01,    9.1629999876e-01,    1.2550599873e-01,
    9.1739898920e-01,   -3.3539399505e-01,    9.1739898920e-01,    5.8995201111e+01,    9.1739898920e-01,   -4.8342300579e-03,
    9.1849797964e-01,   -2.1085000038e+00,    9.1849797964e-01,    5.5334201813e+01,    9.1849797964e-01,    2.2242000699e-01,
    9.1959899664e-01,    1.5746699572e+00,    9.1959899664e-01,    4.7355998993e+01,    9.1959899664e-01,   -5.1887098700e-02,
    9.2069900036e-01,    1.5347499847e+00,    9.2069900036e-01,    5.3210899353e+01,    9.2069900036e-01,    2.4698799849e-01,
    9.2179900408e-01,   -2.1133999825e+00,    9.2179900408e-01,    5.8458999634e+01,    9.2179900408e-01,    2.9017299414e-01,
    9.2289799452e-01,    2.8183299303e-01,    9.2289799452e-01,    4.7878700256e+01,    9.2289799452e-01,    9.9271498621e-02,
    9.2399901152e-01,    2.8534901142e+00,    9.2399901152e-01,    4.9488098145e+01,    9.2399901152e-01,    3.8810700178e-01,
    9.2509901524e-01,   -6.3315397501e-01,    9.2509901524e-01,    5.7583900452e+01,    9.2509901524e-01,    6.1140000820e-02,
    9.2619997263e-01,   -1.3826600313e+00,    9.2619997263e-01,    5.2919498444e+01,    9.2619997263e-01,    2.3800800741e-01,
    9.2729800940e-01,    2.5738101006e+00,    9.2729800940e-01,    4.6030200958e+01,    9.2729800940e-01,    7.6554398984e-03,
    9.2839801311e-01,    2.1430099010e+00,    9.2839801311e-01,    5.1911399841e+01,    9.2839801311e-01,    1.5497800708e-01,
    9.2949998379e-01,   -1.4395099878e+00,    9.2949998379e-01,    5.5408901215e+01,    9.2949998379e-01,    2.2706200182e-01,
    9.3059897423e-01,    1.3669300079e+00,    9.3059897423e-01,    4.4723400116e+01,    9.3059897423e-01,   -4.2416597717e-03,
    9.3169999123e-01,    3.7694499493e+00,    9.3169999123e-01,    4.7767700195e+01,    9.3169999123e-01,    4.8863101006e-01,
    9.3279802799e-01,   -3.3534198999e-01,    9.3279802799e-01,    5.4120300293e+01,    9.3279802799e-01,   -8.6518697441e-02,
    9.3389898539e-01,   -5.7878601551e-01,    9.3389898539e-01,    4.8675399780e+01,    9.3389898539e-01,    2.4735899270e-01,
    9.3499898911e-01,    3.2601799965e+00,    9.3499898911e-01,    4.4029701233e+01,    9.3499898911e-01,    8.3408303559e-02,
    9.3609899282e-01,    2.2801499367e+00,    9.3609899282e-01,    4.9970600128e+01,    9.3609899282e-01,    7.5444303453e-02,
    9.3720000982e-01,   -1.5803999901e+00,    9.3720000982e-01,    5.3269500732e+01,    9.3720000982e-01,    1.9296899438e-01,
    9.3829900026e-01,    1.3958899975e+00,    9.3829900026e-01,    4.3111698151e+01,    9.3829900026e-01,    1.4940400422e-01,
    9.3940001726e-01,    3.5526399612e+00,    9.3940001726e-01,    4.7925800323e+01,    9.3940001726e-01,    4.7953799367e-01,
    9.4050002098e-01,   -8.0995899439e-01,    9.4050002098e-01,    5.3068599701e+01,    9.4050002098e-01,   -1.4755399525e-01,
    9.4160002470e-01,   -9.4715499878e-01,    9.4160002470e-01,    4.8513500214e+01,    9.4160002470e-01,    2.1110400558e-01,
    9.4270002842e-01,    3.2379701138e+00,    9.4270002842e-01,    4.6301200867e+01,    9.4270002842e-01,    2.3099100590e-01,
    9.4379901886e-01,    1.6356199980e+00,    9.4379901886e-01,    5.1461200714e+01,    9.4379901886e-01,    6.3252798282e-03,
    9.4489902258e-01,   -1.8462799788e+00,    9.4489902258e-01,    5.4338001251e+01,    9.4489902258e-01,    1.0486499965e-01,
    9.4599997997e-01,    1.4590500593e+00,    9.4599997997e-01,    4.5218700409e+01,    9.4599997997e-01,    1.0923700035e-01,
    9.4709801674e-01,    3.3766999245e+00,    9.4709801674e-01,    4.9871101379e+01,    9.4709801674e-01,    2.7732801437e-01,
    9.4819897413e-01,   -1.5507099628e+00,    9.4819897413e-01,    5.5287998199e+01,    9.4819897413e-01,   -3.7774801254e-02,
    9.4929897785e-01,   -9.2224299908e-01,    9.4929897785e-01,    4.8884899139e+01,    9.4929897785e-01,    1.1477100104e-01,
    9.5039802790e-01,    3.5131199360e+00,    9.5039802790e-01,    4.8152099609e+01,    9.5039802790e-01,    1.1831300333e-02,
    9.5149898529e-01,    8.6707901955e-01,    9.5149898529e-01,    5.3095100403e+01,    9.5149898529e-01,    3.7654601038e-02,
    9.5260000229e-01,   -1.9068499804e+00,    9.5260000229e-01,    5.5243999481e+01,    9.5260000229e-01,    3.5702699423e-01,
    9.5369899273e-01,    2.1293399334e+00,    9.5369899273e-01,    4.7346298218e+01,    9.5369899273e-01,   -1.0124299675e-01,
    9.5480000973e-01,    3.5076799393e+00,    9.5480000973e-01,    5.1826301575e+01,    9.5480000973e-01,    1.8200199306e-01,
    9.5589900017e-01,   -1.8343399763e+00,    9.5589900017e-01,    5.7864898682e+01,    9.5589900017e-01,    1.6788899899e-01,
    9.5700001717e-01,   -3.7584799528e-01,    9.5700001717e-01,    5.0451599121e+01,    9.5700001717e-01,    1.0286100209e-01,
    9.5810002089e-01,    4.5490598679e+00,    9.5810002089e-01,    5.1388401031e+01,    9.5810002089e-01,    5.3453098983e-02,
    9.5920002460e-01,    4.1281598806e-01,    9.5920002460e-01,    5.7102699280e+01,    9.5920002460e-01,   -7.1798801422e-02,
    9.6030002832e-01,   -1.6792600155e+00,    9.6030002832e-01,    5.6842498779e+01,    9.6030002832e-01,    2.8649100661e-01,
    9.6139800549e-01,    2.8936500549e+00,    9.6139800549e-01,    5.0764400482e+01,    9.6139800549e-01,    2.5019299239e-02,
    9.6249902248e-01,    3.5611701012e+00,    9.6249902248e-01,    5.4665100098e+01,    9.6249902248e-01,    1.7754000425e-01,
    9.6359902620e-01,   -1.9627499580e+00,    9.6359902620e-01,    6.0955600739e+01,    9.6359902620e-01,    1.6665700078e-01,
    9.6469801664e-01,    3.8823801279e-01,    9.6469801664e-01,    5.2382198334e+01,    9.6469801664e-01,   -1.0239899904e-01,
    9.6579897404e-01,    5.4236001968e+00,    9.6579897404e-01,    5.4286701202e+01,    9.6579897404e-01,    3.6594000459e-01,
    9.6689897776e-01,   -2.5556400418e-01,    9.6689897776e-01,    6.2244201660e+01,    9.6689897776e-01,   -8.2833999768e-03,
    9.6799802780e-01,   -1.6800700426e+00,    9.6799802780e-01,    5.9044700623e+01,    9.6799802780e-01,    2.3842899501e-01,
    9.6909797192e-01,    3.8191900253e+00,    9.6909797192e-01,    5.4175598145e+01,    9.6909797192e-01,    1.5509200096e-01,
    9.7020000219e-01,    3.8746800423e+00,    9.7020000219e-01,    5.9719100952e+01,    9.7020000219e-01,    1.7744900286e-01,
    9.7130000591e-01,   -1.8370900154e+00,    9.7130000591e-01,    6.3343101501e+01,    9.7130000591e-01,    3.5450398922e-01,
    9.7240000963e-01,    1.1946899891e+00,    9.7240000963e-01,    5.2701400757e+01,    9.7240000963e-01,    2.3052100092e-02,
    9.7349900007e-01,    6.5165500641e+00,    9.7349900007e-01,    5.4124099731e+01,    9.7349900007e-01,    3.2599699497e-01,
    9.7460001707e-01,   -9.6485102177e-01,    9.7460001707e-01,    6.1907901764e+01,    9.7460001707e-01,   -7.9757101834e-02,
    9.7569799423e-01,   -1.6890599728e+00,    9.7569799423e-01,    5.6481201172e+01,    9.7569799423e-01,    2.6514199376e-01,
    9.7679799795e-01,    4.6384601593e+00,    9.7679799795e-01,    5.1601200104e+01,    9.7679799795e-01,    4.4184100628e-01,
    9.7789901495e-01,    3.7809998989e+00,    9.7789901495e-01,    5.7008098602e+01,    9.7789901495e-01,   -1.7376300693e-01,
    9.7899901867e-01,   -2.5544199944e+00,    9.7899901867e-01,    6.0939800262e+01,    9.7899901867e-01,    2.3514600098e-01,
    9.8009902239e-01,    1.1610499620e+00,    9.8009902239e-01,    5.1975898743e+01,    9.8009902239e-01,    2.6516699791e-01,
    9.8119997978e-01,    6.7908902168e+00,    9.8119997978e-01,    5.4058200836e+01,    9.8119997978e-01,    2.2525599599e-01,
    9.8229897022e-01,   -1.4830900431e+00,    9.8229897022e-01,    6.1707599640e+01,    9.8229897022e-01,   -1.4383600652e-01,
    9.8339897394e-01,   -2.5845899582e+00,    9.8339897394e-01,    5.6313598633e+01,    9.8339897394e-01,    8.7043702602e-02,
    9.8449999094e-01,    5.6694698334e+00,    9.8449999094e-01,    5.2993099213e+01,    9.8449999094e-01,    4.4025900960e-01,
    9.8559898138e-01,    3.6813900471e+00,    9.8559898138e-01,    5.8165599823e+01,    9.8559898138e-01,   -4.4260300696e-02,
    9.8669898510e-01,   -3.0955500603e+00,    9.8669898510e-01,    6.1108299255e+01,    9.8669898510e-01,   -2.3866800591e-02,
    9.8779898882e-01,    1.7433899641e+00,    9.8779898882e-01,    5.3284500122e+01,    9.8779898882e-01,    2.6505199075e-01,
    9.8889899254e-01,    7.5086197853e+00,    9.8889899254e-01,    5.5184200287e+01,    9.8889899254e-01,   -3.2430801541e-02,
    9.8999798298e-01,   -1.7290300131e+00,    9.8999798298e-01,    6.2617698669e+01,    9.8999798298e-01,    2.3917399347e-02,
    9.9109798670e-01,   -2.3554999828e+00,    9.9109798670e-01,    5.6858200073e+01,    9.9109798670e-01,   -5.4763101041e-02,
    9.9219799042e-01,    6.5196900368e+00,    9.9219799042e-01,    5.4152500153e+01,    9.9219799042e-01,    2.3805099726e-01,
    9.9329799414e-01,    3.5737700462e+00,    9.9329799414e-01,    6.0045799255e+01,    9.9329799414e-01,   -3.2335799187e-02,
    9.9439901114e-01,   -3.1251299381e+00,    9.9439901114e-01,    6.2145999908e+01,    9.9439901114e-01,    1.3266299665e-01,
    9.9549901485e-01,    2.3419699669e+00,    9.9549901485e-01,    5.3763900757e+01,    9.9549901485e-01,    1.8707400560e-01,
    9.9659901857e-01,    7.9152097702e+00,    9.9659901857e-01,    5.5730800629e+01,    9.9659901857e-01,   -1.3295499980e-01,
    9.9769997597e-01,   -2.0215001106e+00,    9.9769997597e-01,    6.2485401154e+01,    9.9769997597e-01,   -9.2427797616e-02,
    9.9879801273e-01,   -2.3791799545e+00,    9.9879801273e-01,    5.6656299591e+01,    9.9879801273e-01,    4.1055899113e-02,
    9.9989902973e-01,    7.0852599144e+00,    9.9989902973e-01,    5.3668498993e+01,    9.9989902973e-01,    1.4735800214e-02,
    1.0010000467e+00,    3.4436399937e+00,    1.0010000467e+00,    5.8598499298e+01,    1.0010000467e+00,   -1.6811899841e-01,
    1.0020999908e+00,   -3.4169199467e+00,    1.0020999908e+00,    6.0356399536e+01,    1.0020999908e+00,   -8.6691401899e-02,
    1.0032000542e+00,    2.5509400368e+00,    1.0032000542e+00,    5.1515499115e+01,    1.0032000542e+00,    2.2515100241e-01,
    1.0042999983e+00,    7.4598097801e+00,    1.0042999983e+00,    5.3275299072e+01,    1.0042999983e+00,   -1.2515899539e-01,
    1.0053999424e+00,   -2.2287499905e+00,    1.0053999424e+00,    5.8799999237e+01,    1.0053999424e+00,   -2.1849900484e-01,
    1.0065000057e+00,   -2.6525399685e+00,    1.0065000057e+00,    5.3929698944e+01,    1.0065000057e+00,   -7.5359098613e-02,
    1.0075999498e+00,    7.5216698647e+00,    1.0075999498e+00,    5.2224498749e+01,    1.0075999498e+00,    1.5511600673e-01,
    1.0087000132e+00,    3.3637900352e+00,    1.0087000132e+00,    5.5153499603e+01,    1.0087000132e+00,   -1.6571900249e-01,
    1.0097999573e+00,   -3.8587698936e+00,    1.0097999573e+00,    5.8054500580e+01,    1.0097999573e+00,   -2.1856300533e-01,
    1.0109000206e+00,    2.3463399410e+00,    1.0109000206e+00,    5.1446800232e+01,    1.0109000206e+00,    1.2212400138e-01,
    1.0119999647e+00,    8.3791799545e+00,    1.0119999647e+00,    5.3885601044e+01,    1.0119999647e+00,   -4.9174301326e-02,
    1.0131000280e+00,   -1.9132200480e+00,    1.0131000280e+00,    5.9673198700e+01,    1.0131000280e+00,   -2.8656700253e-01,
    1.0141999722e+00,   -2.9945800304e+00,    1.0141999722e+00,    5.6185600281e+01,    1.0141999722e+00,   -6.7033901811e-02,
    1.0153000355e+00,    7.7856101990e+00,    1.0153000355e+00,    5.4308700562e+01,    1.0153000355e+00,    6.2787696719e-02,
    1.0163999796e+00,    3.2915899754e+00,    1.0163999796e+00,    5.7315101624e+01,    1.0163999796e+00,   -2.4291299284e-01,
    1.0175000429e+00,   -3.3930399418e+00,    1.0175000429e+00,    6.0649398804e+01,    1.0175000429e+00,   -1.8821799755e-01,
    1.0185999870e+00,    2.4625101089e+00,    1.0185999870e+00,    5.4709701538e+01,    1.0185999870e+00,   -3.3400300890e-02,
    1.0197000504e+00,    8.3505697250e+00,    1.0197000504e+00,    5.6626499176e+01,    1.0197000504e+00,   -2.9383299872e-02,
    1.0207999945e+00,   -1.6340299845e+00,    1.0207999945e+00,    6.3040298462e+01,    1.0207999945e+00,   -3.6429798603e-01,
    1.0219000578e+00,   -2.8007299900e+00,    1.0219000578e+00,    5.9475700378e+01,    1.0219000578e+00,   -1.1083699763e-01,
    1.0230000019e+00,    7.1911802292e+00,    1.0230000019e+00,    5.7334899902e+01,    1.0230000019e+00,   -3.4013101459e-01,
    1.0240999460e+00,    3.4670600891e+00,    1.0240999460e+00,    6.1185501099e+01,    1.0240999460e+00,    4.0711201727e-02,
    1.0252000093e+00,   -2.4836699963e+00,    1.0252000093e+00,    6.4765899658e+01,    1.0252000093e+00,   -1.3914200664e-01,
    1.0262999535e+00,    1.9405200481e+00,    1.0262999535e+00,    5.7157798767e+01,    1.0262999535e+00,   -2.8295698762e-01,
    1.0274000168e+00,    8.1014299393e+00,    1.0274000168e+00,    5.8902000427e+01,    1.0274000168e+00,   -2.7195400000e-01,
    1.0284999609e+00,   -1.4842100143e+00,    1.0284999609e+00,    6.5309303284e+01,    1.0284999609e+00,   -1.9060899317e-01,
    1.0296000242e+00,   -2.2713499069e+00,    1.0296000242e+00,    6.2150798798e+01,    1.0296000242e+00,   -1.2368500233e-02,
    1.0306999683e+00,    6.8654499054e+00,    1.0306999683e+00,    5.8794799805e+01,    1.0306999683e+00,   -3.3849900961e-01,
    1.0318000317e+00,    3.8535900116e+00,    1.0318000317e+00,    6.2431499481e+01,    1.0318000317e+00,   -1.5407000482e-01,
    1.0328999758e+00,   -2.2636799812e+00,    1.0328999758e+00,    6.6459701538e+01,    1.0328999758e+00,   -1.4086399972e-01,
    1.0340000391e+00,    2.0439798832e+00,    1.0340000391e+00,    5.9329700470e+01,    1.0340000391e+00,   -1.2735399604e-01,
    1.0350999832e+00,    8.1885795593e+00,    1.0350999832e+00,    6.0341400146e+01,    1.0350999832e+00,   -2.0360599458e-01,
    1.0362000465e+00,   -8.0511897802e-01,    1.0362000465e+00,    6.6838302612e+01,    1.0362000465e+00,   -1.7040200531e-01,
    1.0372999907e+00,   -2.6494400501e+00,    1.0372999907e+00,    6.4064697266e+01,    1.0372999907e+00,    2.7905099094e-02,
    1.0384000540e+00,    6.0439100266e+00,    1.0384000540e+00,    5.9022499084e+01,    1.0384000540e+00,   -1.7107400298e-01,
    1.0394999981e+00,    4.4005899429e+00,    1.0394999981e+00,    6.1842498779e+01,    1.0394999981e+00,   -1.1819499731e-01,
    1.0405999422e+00,   -2.0783600807e+00,    1.0405999422e+00,    6.5603401184e+01,    1.0405999422e+00,   -1.7040400207e-01,
    1.0417000055e+00,    6.1259698868e-01,    1.0417000055e+00,    5.9072101593e+01,    1.0417000055e+00,   -2.6087701321e-01,
    1.0427999496e+00,    7.1182198524e+00,    1.0427999496e+00,    5.9024398804e+01,    1.0427999496e+00,   -2.6934500784e-02,
    1.0439000130e+00,   -2.3507300019e-01,    1.0439000130e+00,    6.5277198792e+01,    1.0439000130e+00,   -6.6772602499e-02,
    1.0449999571e+00,   -3.0943698883e+00,    1.0449999571e+00,    6.4466903687e+01,    1.0449999571e+00,    5.1816500723e-02,
    1.0461000204e+00,    5.3039798737e+00,    1.0461000204e+00,    5.9464900970e+01,    1.0461000204e+00,   -2.5659999251e-01,
    1.0471999645e+00,    4.7511601448e+00,    1.0471999645e+00,    6.2493499756e+01,    1.0471999645e+00,   -7.6163500547e-02,
    1.0483000278e+00,   -1.5477999449e+00,    1.0483000278e+00,    6.7717903137e+01,    1.0483000278e+00,    1.1265700310e-01,
    1.0493999720e+00,   -6.8953096867e-02,    1.0493999720e+00,    6.2663600922e+01,    1.0493999720e+00,   -1.0057599843e-01,
    1.0505000353e+00,    6.6680297852e+00,    1.0505000353e+00,    6.1846199036e+01,    1.0505000353e+00,   -1.0058700293e-01,
    1.0515999794e+00,    2.8038901091e-01,    1.0515999794e+00,    6.7951400757e+01,    1.0515999794e+00,    1.4294399321e-01,
    1.0527000427e+00,   -2.5208499432e+00,    1.0527000427e+00,    6.7809303284e+01,    1.0527000427e+00,    1.1148799956e-01,
    1.0537999868e+00,    3.9005999565e+00,    1.0537999868e+00,    6.2187500000e+01,    1.0537999868e+00,   -6.5973602235e-02,
    1.0549000502e+00,    5.4670200348e+00,    1.0549000502e+00,    6.4644302368e+01,    1.0549000502e+00,   -1.3941399753e-01,
    1.0559999943e+00,   -1.1702599525e+00,    1.0559999943e+00,    6.9883003235e+01,    1.0559999943e+00,    4.5925598592e-02,
    1.0571000576e+00,   -1.5254600048e+00,    1.0571000576e+00,    6.5818298340e+01,    1.0571000576e+00,    4.2580701411e-02,
    1.0582000017e+00,    6.0095901489e+00,    1.0582000017e+00,    6.3765499115e+01,    1.0582000017e+00,    1.4663599432e-01,
    1.0592999458e+00,    1.3211899996e+00,    1.0592999458e+00,    6.9291900635e+01,    1.0592999458e+00,   -1.1293999851e-01,
    1.0604000092e+00,   -2.6156098843e+00,    1.0604000092e+00,    7.0422500610e+01,    1.0604000092e+00,    1.1786200106e-02,
    1.0614999533e+00,    2.4446399212e+00,    1.0614999533e+00,    6.3919498444e+01,    1.0614999533e+00,   -4.0876898915e-02,
    1.0626000166e+00,    5.9544501305e+00,    1.0626000166e+00,    6.4809097290e+01,    1.0626000166e+00,   -4.5219298452e-02,
    1.0636999607e+00,   -4.3943798542e-01,    1.0636999607e+00,    7.0175598145e+01,    1.0636999607e+00,   -4.1199699044e-02,
    1.0648000240e+00,   -2.4933700562e+00,    1.0648000240e+00,    6.7486396790e+01,    1.0648000240e+00,   -2.9560599476e-02,
    1.0658999681e+00,    4.7994298935e+00,    1.0658999681e+00,    6.3721000671e+01,    1.0658999681e+00,   -3.1876899302e-02,
    1.0670000315e+00,    2.3725299835e+00,    1.0670000315e+00,    6.7800697327e+01,    1.0670000315e+00,   -4.6812001616e-02,
    1.0680999756e+00,   -1.8105700016e+00,    1.0680999756e+00,    7.0375297546e+01,    1.0680999756e+00,   -2.5942999870e-02,
    1.0692000389e+00,    2.8791201115e-01,    1.0692000389e+00,    6.5229400635e+01,    1.0692000389e+00,   -1.5317100286e-01,
    1.0702999830e+00,    5.4193000793e+00,    1.0702999830e+00,    6.5125999451e+01,    1.0702999830e+00,   -1.7560699582e-01,
    1.0714000463e+00,   -2.7380201221e-01,    1.0714000463e+00,    7.0527397156e+01,    1.0714000463e+00,    1.5143199824e-02,
    1.0724999905e+00,   -3.6545999050e+00,    1.0724999905e+00,    7.0049598694e+01,    1.0724999905e+00,   -5.8992099017e-02,
    1.0736000538e+00,    2.8101899624e+00,    1.0736000538e+00,    6.5725700378e+01,    1.0736000538e+00,   -4.6600401402e-02,
    1.0746999979e+00,    2.6514201164e+00,    1.0746999979e+00,    6.8835899353e+01,    1.0746999979e+00,   -1.6863699257e-01,
    1.0757999420e+00,   -1.0062400103e+00,    1.0757999420e+00,    7.2266197205e+01,    1.0757999420e+00,   -2.6426099241e-02,
    1.0769000053e+00,   -1.5645799637e+00,    1.0769000053e+00,    6.9188003540e+01,    1.0769000053e+00,    3.1242100522e-02,
    1.0779999495e+00,    4.2587900162e+00,    1.0779999495e+00,    6.8159301758e+01,    1.0779999495e+00,   -3.5094898194e-02,
    1.0791000128e+00,    1.4891999960e-01,    1.0791000128e+00,    7.3544403076e+01,    1.0791000128e+00,    1.9503299147e-02,
    1.0801999569e+00,   -2.6148700714e+00,    1.0801999569e+00,    7.4971603394e+01,    1.0801999569e+00,   -7.7845402062e-02,
    1.0813000202e+00,    6.2429797649e-01,    1.0813000202e+00,    7.0964797974e+01,    1.0813000202e+00,    7.4389599264e-02,
    1.0823999643e+00,    3.4184200764e+00,    1.0823999643e+00,    7.3059303284e+01,    1.0823999643e+00,    3.2005399466e-02,
    1.0835000277e+00,   -1.8952299654e-01,    1.0835000277e+00,    7.7290702820e+01,    1.0835000277e+00,   -4.2973600328e-02,
    1.0845999718e+00,   -2.5027399063e+00,    1.0845999718e+00,    7.6082000732e+01,    1.0845999718e+00,   -7.3537699878e-02,
    1.0857000351e+00,    2.7753698826e+00,    1.0857000351e+00,    7.3670501709e+01,    1.0857000351e+00,    1.3231900334e-01,
    1.0867999792e+00,    8.1885099411e-01,    1.0867999792e+00,    7.7689399719e+01,    1.0867999792e+00,    4.8738401383e-02,
    1.0879000425e+00,   -1.5109000206e+00,    1.0879000425e+00,    7.9990501404e+01,    1.0879000425e+00,   -8.4889501333e-02,
    1.0889999866e+00,   -8.5789901018e-01,    1.0889999866e+00,    7.6474197388e+01,    1.0889999866e+00,    5.7595200837e-02,
    1.0901000500e+00,    3.2134599686e+00,    1.0901000500e+00,    7.6205902100e+01,    1.0901000500e+00,    9.5365703106e-02,
    1.0911999941e+00,    1.0301599652e-01,    1.0911999941e+00,    8.0089996338e+01,    1.0911999941e+00,    4.7385301441e-02,
    1.0923000574e+00,   -2.6322500706e+00,    1.0923000574e+00,    8.0406303406e+01,    1.0923000574e+00,    5.8896500617e-02,
    1.0934000015e+00,    1.1300200224e+00,    1.0934000015e+00,    7.7101303101e+01,    1.0934000015e+00,   -1.1693200096e-02,
    1.0944999456e+00,    1.9389599562e+00,    1.0944999456e+00,    7.8449203491e+01,    1.0944999456e+00,    4.0958900005e-02,
    1.0956000090e+00,   -6.0696202517e-01,    1.0956000090e+00,    8.0952697754e+01,    1.0956000090e+00,    1.2385100126e-02,
    1.0966999531e+00,   -1.9671499729e+00,    1.0966999531e+00,    7.9378700256e+01,    1.0966999531e+00,    1.1363799684e-02,
    1.0978000164e+00,    2.4124400616e+00,    1.0978000164e+00,    7.7278900146e+01,    1.0978000164e+00,   -2.8463799506e-02,
    1.0988999605e+00,    1.2362400293e+00,    1.0988999605e+00,    7.9659400940e+01,    1.0988999605e+00,    2.7471799403e-02,
    1.1000000238e+00,   -1.8637299538e+00,    1.1000000238e+00,    8.0304199219e+01,    1.1000000238e+00,   -1.0279499739e-01,
