LS-DYNA keyword deck by LS-PrePost,Rcforc Data
Time,Ma 368 X-force,Time,Ma 368 Y-force,Time,Ma 368 Z-force,
    0.0000000000e+00,    0.0000000000e+00,    0.0000000000e+00,    0.0000000000e+00,    0.0000000000e+00,    0.0000000000e+00,
    1.0991099989e-03,    0.0000000000e+00,    1.0991099989e-03,    0.0000000000e+00,    1.0991099989e-03,    0.0000000000e+00,
    2.1993299015e-03,    0.0000000000e+00,    2.1993299015e-03,    0.0000000000e+00,    2.1993299015e-03,    0.0000000000e+00,
    3.2982900739e-03,    0.0000000000e+00,    3.2982900739e-03,    0.0000000000e+00,    3.2982900739e-03,    0.0000000000e+00,
    4.3990002014e-03,    0.0000000000e+00,    4.3990002014e-03,    0.0000000000e+00,    4.3990002014e-03,    0.0000000000e+00,
    5.4984102026e-03,    0.0000000000e+00,    5.4984102026e-03,    0.0000000000e+00,    5.4984102026e-03,    0.0000000000e+00,
    6.5995198674e-03,    0.0000000000e+00,    6.5995198674e-03,    0.0000000000e+00,    6.5995198674e-03,    0.0000000000e+00,
    7.6994998381e-03,    0.0000000000e+00,    7.6994998381e-03,    0.0000000000e+00,    7.6994998381e-03,    0.0000000000e+00,
    8.7996795774e-03,    0.0000000000e+00,    8.7996795774e-03,    0.0000000000e+00,    8.7996795774e-03,    0.0000000000e+00,
    9.8987603560e-03,    0.0000000000e+00,    9.8987603560e-03,    0.0000000000e+00,    9.8987603560e-03,    0.0000000000e+00,
    1.0998399928e-02,    0.0000000000e+00,    1.0998399928e-02,    0.0000000000e+00,    1.0998399928e-02,    0.0000000000e+00,
    1.2099600397e-02,    0.0000000000e+00,    1.2099600397e-02,    0.0000000000e+00,    1.2099600397e-02,    0.0000000000e+00,
    1.3198999688e-02,    0.0000000000e+00,    1.3198999688e-02,    0.0000000000e+00,    1.3198999688e-02,    0.0000000000e+00,
    1.4299999923e-02,    0.0000000000e+00,    1.4299999923e-02,    0.0000000000e+00,    1.4299999923e-02,    0.0000000000e+00,
    1.5398900025e-02,    0.0000000000e+00,    1.5398900025e-02,    0.0000000000e+00,    1.5398900025e-02,    0.0000000000e+00,
    1.6498800367e-02,    0.0000000000e+00,    1.6498800367e-02,    0.0000000000e+00,    1.6498800367e-02,    0.0000000000e+00,
    1.7599299550e-02,    0.0000000000e+00,    1.7599299550e-02,    0.0000000000e+00,    1.7599299550e-02,    0.0000000000e+00,
    1.8699599430e-02,    0.0000000000e+00,    1.8699599430e-02,    0.0000000000e+00,    1.8699599430e-02,    0.0000000000e+00,
    1.9798500463e-02,    0.0000000000e+00,    1.9798500463e-02,    0.0000000000e+00,    1.9798500463e-02,    0.0000000000e+00,
    2.0899800584e-02,    0.0000000000e+00,    2.0899800584e-02,    0.0000000000e+00,    2.0899800584e-02,    0.0000000000e+00,
    2.1998099983e-02,    0.0000000000e+00,    2.1998099983e-02,    0.0000000000e+00,    2.1998099983e-02,    0.0000000000e+00,
    2.3099599406e-02,    0.0000000000e+00,    2.3099599406e-02,    0.0000000000e+00,    2.3099599406e-02,    0.0000000000e+00,
    2.4198699743e-02,    0.0000000000e+00,    2.4198699743e-02,    0.0000000000e+00,    2.4198699743e-02,    0.0000000000e+00,
    2.5298099965e-02,    0.0000000000e+00,    2.5298099965e-02,    0.0000000000e+00,    2.5298099965e-02,    0.0000000000e+00,
    2.6398299262e-02,    0.0000000000e+00,    2.6398299262e-02,    0.0000000000e+00,    2.6398299262e-02,    0.0000000000e+00,
    2.7499100193e-02,    0.0000000000e+00,    2.7499100193e-02,    0.0000000000e+00,    2.7499100193e-02,    0.0000000000e+00,
    2.8598500416e-02,    0.0000000000e+00,    2.8598500416e-02,    0.0000000000e+00,    2.8598500416e-02,    0.0000000000e+00,
    2.9698999599e-02,    0.0000000000e+00,    2.9698999599e-02,    0.0000000000e+00,    2.9698999599e-02,    0.0000000000e+00,
    3.0799899250e-02,    0.0000000000e+00,    3.0799899250e-02,    0.0000000000e+00,    3.0799899250e-02,    0.0000000000e+00,
    3.1899798661e-02,    0.0000000000e+00,    3.1899798661e-02,    0.0000000000e+00,    3.1899798661e-02,    0.0000000000e+00,
    3.2999299467e-02,    0.0000000000e+00,    3.2999299467e-02,    0.0000000000e+00,    3.2999299467e-02,    0.0000000000e+00,
    3.4098301083e-02,    0.0000000000e+00,    3.4098301083e-02,    0.0000000000e+00,    3.4098301083e-02,    0.0000000000e+00,
    3.5199098289e-02,    0.0000000000e+00,    3.5199098289e-02,    0.0000000000e+00,    3.5199098289e-02,    0.0000000000e+00,
    3.6298099905e-02,    0.0000000000e+00,    3.6298099905e-02,    0.0000000000e+00,    3.6298099905e-02,    0.0000000000e+00,
    3.7399198860e-02,    0.0000000000e+00,    3.7399198860e-02,    0.0000000000e+00,    3.7399198860e-02,    0.0000000000e+00,
    3.8499701768e-02,    0.0000000000e+00,    3.8499701768e-02,    0.0000000000e+00,    3.8499701768e-02,    0.0000000000e+00,
    3.9599899203e-02,    0.0000000000e+00,    3.9599899203e-02,    0.0000000000e+00,    3.9599899203e-02,    0.0000000000e+00,
    4.0699299425e-02,    0.0000000000e+00,    4.0699299425e-02,    0.0000000000e+00,    4.0699299425e-02,    0.0000000000e+00,
    4.1799299419e-02,    0.0000000000e+00,    4.1799299419e-02,    0.0000000000e+00,    4.1799299419e-02,    0.0000000000e+00,
    4.2898200452e-02,    0.0000000000e+00,    4.2898200452e-02,    0.0000000000e+00,    4.2898200452e-02,    0.0000000000e+00,
    4.3999299407e-02,    0.0000000000e+00,    4.3999299407e-02,    0.0000000000e+00,    4.3999299407e-02,    0.0000000000e+00,
    4.5098800212e-02,    0.0000000000e+00,    4.5098800212e-02,    0.0000000000e+00,    4.5098800212e-02,    0.0000000000e+00,
    4.6198200434e-02,    0.0000000000e+00,    4.6198200434e-02,    0.0000000000e+00,    4.6198200434e-02,    0.0000000000e+00,
    4.7299098223e-02,    0.0000000000e+00,    4.7299098223e-02,    0.0000000000e+00,    4.7299098223e-02,    0.0000000000e+00,
    4.8398498446e-02,    0.0000000000e+00,    4.8398498446e-02,    0.0000000000e+00,    4.8398498446e-02,    0.0000000000e+00,
    4.9498200417e-02,    0.0000000000e+00,    4.9498200417e-02,    0.0000000000e+00,    4.9498200417e-02,    0.0000000000e+00,
    5.0599098206e-02,    0.0000000000e+00,    5.0599098206e-02,    0.0000000000e+00,    5.0599098206e-02,    0.0000000000e+00,
    5.1699701697e-02,    0.0000000000e+00,    5.1699701697e-02,    0.0000000000e+00,    5.1699701697e-02,    0.0000000000e+00,
    5.2799098194e-02,    0.0000000000e+00,    5.2799098194e-02,    0.0000000000e+00,    5.2799098194e-02,    0.0000000000e+00,
    5.3898099810e-02,    0.0000000000e+00,    5.3898099810e-02,    0.0000000000e+00,    5.3898099810e-02,    0.0000000000e+00,
    5.4999001324e-02,    0.0000000000e+00,    5.4999001324e-02,    0.0000000000e+00,    5.4999001324e-02,    0.0000000000e+00,
    5.6098800153e-02,    0.0000000000e+00,    5.6098800153e-02,    0.0000000000e+00,    5.6098800153e-02,    0.0000000000e+00,
    5.7198401541e-02,    0.0000000000e+00,    5.7198401541e-02,    0.0000000000e+00,    5.7198401541e-02,    0.0000000000e+00,
    5.8299299330e-02,    0.0000000000e+00,    5.8299299330e-02,    0.0000000000e+00,    5.8299299330e-02,    0.0000000000e+00,
    5.9398699552e-02,    0.0000000000e+00,    5.9398699552e-02,    0.0000000000e+00,    5.9398699552e-02,    0.0000000000e+00,
    6.0498099774e-02,    0.0000000000e+00,    6.0498099774e-02,    0.0000000000e+00,    6.0498099774e-02,    0.0000000000e+00,
    6.1599798501e-02,    0.0000000000e+00,    6.1599798501e-02,    0.0000000000e+00,    6.1599798501e-02,    0.0000000000e+00,
    6.2698796391e-02,    0.0000000000e+00,    6.2698796391e-02,    0.0000000000e+00,    6.2698796391e-02,    0.0000000000e+00,
    6.3799999654e-02,    0.0000000000e+00,    6.3799999654e-02,    0.0000000000e+00,    6.3799999654e-02,    0.0000000000e+00,
    6.4898103476e-02,    0.0000000000e+00,    6.4898103476e-02,    0.0000000000e+00,    6.4898103476e-02,    0.0000000000e+00,
    6.5998502076e-02,    0.0000000000e+00,    6.5998502076e-02,    0.0000000000e+00,    6.5998502076e-02,    0.0000000000e+00,
    6.7099496722e-02,    0.0000000000e+00,    6.7099496722e-02,    0.0000000000e+00,    6.7099496722e-02,    0.0000000000e+00,
    6.8198896945e-02,    0.0000000000e+00,    6.8198896945e-02,    0.0000000000e+00,    6.8198896945e-02,    0.0000000000e+00,
    6.9298103452e-02,    0.0000000000e+00,    6.9298103452e-02,    0.0000000000e+00,    6.9298103452e-02,    0.0000000000e+00,
    7.0399001241e-02,    0.0000000000e+00,    7.0399001241e-02,    0.0000000000e+00,    7.0399001241e-02,    0.0000000000e+00,
    7.1498297155e-02,    0.0000000000e+00,    7.1498297155e-02,    0.0000000000e+00,    7.1498297155e-02,    0.0000000000e+00,
    7.2599701583e-02,    0.0000000000e+00,    7.2599701583e-02,    0.0000000000e+00,    7.2599701583e-02,    0.0000000000e+00,
    7.3698699474e-02,    0.0000000000e+00,    7.3698699474e-02,    0.0000000000e+00,    7.3698699474e-02,    0.0000000000e+00,
    7.4799597263e-02,    0.0000000000e+00,    7.4799597263e-02,    0.0000000000e+00,    7.4799597263e-02,    0.0000000000e+00,
    7.5898997486e-02,    0.0000000000e+00,    7.5898997486e-02,    0.0000000000e+00,    7.5898997486e-02,    0.0000000000e+00,
    7.6998196542e-02,    0.0000000000e+00,    7.6998196542e-02,    0.0000000000e+00,    7.6998196542e-02,    0.0000000000e+00,
    7.8099101782e-02,    0.0000000000e+00,    7.8099101782e-02,    0.0000000000e+00,    7.8099101782e-02,    0.0000000000e+00,
    7.9199701548e-02,    0.0000000000e+00,    7.9199701548e-02,    0.0000000000e+00,    7.9199701548e-02,    0.0000000000e+00,
    8.0299101770e-02,    0.0000000000e+00,    8.0299101770e-02,    0.0000000000e+00,    8.0299101770e-02,    0.0000000000e+00,
    8.1399798393e-02,    0.0000000000e+00,    8.1399798393e-02,    0.0000000000e+00,    8.1399798393e-02,    0.0000000000e+00,
    8.2498796284e-02,    0.0000000000e+00,    8.2498796284e-02,    0.0000000000e+00,    8.2498796284e-02,    0.0000000000e+00,
    8.3599999547e-02,    0.0000000000e+00,    8.3599999547e-02,    0.0000000000e+00,    8.3599999547e-02,    0.0000000000e+00,
    8.4699600935e-02,    0.0000000000e+00,    8.4699600935e-02,    0.0000000000e+00,    8.4699600935e-02,    0.0000000000e+00,
    8.5798501968e-02,    0.0000000000e+00,    8.5798501968e-02,    0.0000000000e+00,    8.5798501968e-02,    0.0000000000e+00,
    8.6899496615e-02,    0.0000000000e+00,    8.6899496615e-02,    0.0000000000e+00,    8.6899496615e-02,    0.0000000000e+00,
    8.7998896837e-02,    0.0000000000e+00,    8.7998896837e-02,    0.0000000000e+00,    8.7998896837e-02,    0.0000000000e+00,
    8.9098900557e-02,    0.0000000000e+00,    8.9098900557e-02,    0.0000000000e+00,    8.9098900557e-02,    0.0000000000e+00,
    9.0199798346e-02,    0.0000000000e+00,    9.0199798346e-02,    0.0000000000e+00,    9.0199798346e-02,    0.0000000000e+00,
    9.1299101710e-02,    0.0000000000e+00,    9.1299101710e-02,    0.0000000000e+00,    9.1299101710e-02,    0.0000000000e+00,
    9.2398501933e-02,    0.0000000000e+00,    9.2398501933e-02,    0.0000000000e+00,    9.2398501933e-02,    0.0000000000e+00,
    9.3499399722e-02,    0.0000000000e+00,    9.3499399722e-02,    0.0000000000e+00,    9.3499399722e-02,    0.0000000000e+00,
    9.4598196447e-02,    0.0000000000e+00,    9.4598196447e-02,    0.0000000000e+00,    9.4598196447e-02,    0.0000000000e+00,
    9.5699496567e-02,    0.0000000000e+00,    9.5699496567e-02,    0.0000000000e+00,    9.5699496567e-02,    0.0000000000e+00,
    9.6798703074e-02,    0.0000000000e+00,    9.6798703074e-02,    0.0000000000e+00,    9.6798703074e-02,    0.0000000000e+00,
    9.7899600863e-02,    0.0000000000e+00,    9.7899600863e-02,    0.0000000000e+00,    9.7899600863e-02,    0.0000000000e+00,
    9.8998799920e-02,    0.0000000000e+00,    9.8998799920e-02,    0.0000000000e+00,    9.8998799920e-02,    0.0000000000e+00,
    1.0009799898e-01,    0.0000000000e+00,    1.0009799898e-01,    0.0000000000e+00,    1.0009799898e-01,    0.0000000000e+00,
    1.0119900107e-01,    0.0000000000e+00,    1.0119900107e-01,    0.0000000000e+00,    1.0119900107e-01,    0.0000000000e+00,
    1.0229799896e-01,    0.0000000000e+00,    1.0229799896e-01,    0.0000000000e+00,    1.0229799896e-01,    0.0000000000e+00,
    1.0339999944e-01,    0.0000000000e+00,    1.0339999944e-01,    0.0000000000e+00,    1.0339999944e-01,    0.0000000000e+00,
    1.0450000316e-01,    0.0000000000e+00,    1.0450000316e-01,    0.0000000000e+00,    1.0450000316e-01,    0.0000000000e+00,
    1.0559900105e-01,    0.0000000000e+00,    1.0559900105e-01,    0.0000000000e+00,    1.0559900105e-01,    0.0000000000e+00,
    1.0670000315e-01,    0.0000000000e+00,    1.0670000315e-01,    0.0000000000e+00,    1.0670000315e-01,    0.0000000000e+00,
    1.0779900104e-01,    0.0000000000e+00,    1.0779900104e-01,    0.0000000000e+00,    1.0779900104e-01,    0.0000000000e+00,
    1.0889799893e-01,    0.0000000000e+00,    1.0889799893e-01,    0.0000000000e+00,    1.0889799893e-01,    0.0000000000e+00,
    1.0999900103e-01,    0.0000000000e+00,    1.0999900103e-01,    0.0000000000e+00,    1.0999900103e-01,    0.0000000000e+00,
    1.1109799892e-01,    0.0000000000e+00,    1.1109799892e-01,    0.0000000000e+00,    1.1109799892e-01,    0.0000000000e+00,
    1.1219900101e-01,    0.0000000000e+00,    1.1219900101e-01,    0.0000000000e+00,    1.1219900101e-01,    0.0000000000e+00,
    1.1330000311e-01,    0.0000000000e+00,    1.1330000311e-01,    0.0000000000e+00,    1.1330000311e-01,    0.0000000000e+00,
    1.1439999938e-01,    0.0000000000e+00,    1.1439999938e-01,    0.0000000000e+00,    1.1439999938e-01,    0.0000000000e+00,
    1.1549899727e-01,    0.0000000000e+00,    1.1549899727e-01,    0.0000000000e+00,    1.1549899727e-01,    0.0000000000e+00,
    1.1659800261e-01,    0.0000000000e+00,    1.1659800261e-01,    0.0000000000e+00,    1.1659800261e-01,    0.0000000000e+00,
    1.1769899726e-01,    0.0000000000e+00,    1.1769899726e-01,    0.0000000000e+00,    1.1769899726e-01,    0.0000000000e+00,
    1.1879800260e-01,    0.0000000000e+00,    1.1879800260e-01,    0.0000000000e+00,    1.1879800260e-01,    0.0000000000e+00,
    1.1989899725e-01,    0.0000000000e+00,    1.1989899725e-01,    0.0000000000e+00,    1.1989899725e-01,    0.0000000000e+00,
    1.2099800259e-01,    0.0000000000e+00,    1.2099800259e-01,    0.0000000000e+00,    1.2099800259e-01,    0.0000000000e+00,
    1.2209899724e-01,    0.0000000000e+00,    1.2209899724e-01,    0.0000000000e+00,    1.2209899724e-01,    0.0000000000e+00,
    1.2319900095e-01,    0.0000000000e+00,    1.2319900095e-01,    0.0000000000e+00,    1.2319900095e-01,    0.0000000000e+00,
    1.2429899722e-01,    0.0000000000e+00,    1.2429899722e-01,    0.0000000000e+00,    1.2429899722e-01,    0.0000000000e+00,
    1.2539799511e-01,    0.0000000000e+00,    1.2539799511e-01,    0.0000000000e+00,    1.2539799511e-01,    0.0000000000e+00,
    1.2649899721e-01,    0.0000000000e+00,    1.2649899721e-01,    0.0000000000e+00,    1.2649899721e-01,    0.0000000000e+00,
    1.2759900093e-01,    0.0000000000e+00,    1.2759900093e-01,    0.0000000000e+00,    1.2759900093e-01,    0.0000000000e+00,
    1.2869900465e-01,    0.0000000000e+00,    1.2869900465e-01,    0.0000000000e+00,    1.2869900465e-01,    0.0000000000e+00,
    1.2979899347e-01,    0.0000000000e+00,    1.2979899347e-01,    0.0000000000e+00,    1.2979899347e-01,    0.0000000000e+00,
    1.3089799881e-01,    0.0000000000e+00,    1.3089799881e-01,    0.0000000000e+00,    1.3089799881e-01,    0.0000000000e+00,
    1.3199900091e-01,    0.0000000000e+00,    1.3199900091e-01,    0.0000000000e+00,    1.3199900091e-01,    0.0000000000e+00,
    1.3309800625e-01,    0.0000000000e+00,    1.3309800625e-01,    0.0000000000e+00,    1.3309800625e-01,    0.0000000000e+00,
    1.3419899344e-01,    0.0000000000e+00,    1.3419899344e-01,    0.0000000000e+00,    1.3419899344e-01,    0.0000000000e+00,
    1.3529799879e-01,    0.0000000000e+00,    1.3529799879e-01,    0.0000000000e+00,    1.3529799879e-01,    0.0000000000e+00,
    1.3639999926e-01,    0.0000000000e+00,    1.3639999926e-01,    0.0000000000e+00,    1.3639999926e-01,    0.0000000000e+00,
    1.3749900460e-01,    0.0000000000e+00,    1.3749900460e-01,    0.0000000000e+00,    1.3749900460e-01,    0.0000000000e+00,
    1.3859799504e-01,    0.0000000000e+00,    1.3859799504e-01,    0.0000000000e+00,    1.3859799504e-01,    0.0000000000e+00,
    1.3969899714e-01,    0.0000000000e+00,    1.3969899714e-01,    0.0000000000e+00,    1.3969899714e-01,    0.0000000000e+00,
    1.4079800248e-01,    0.0000000000e+00,    1.4079800248e-01,    0.0000000000e+00,    1.4079800248e-01,    0.0000000000e+00,
    1.4189900458e-01,    0.0000000000e+00,    1.4189900458e-01,    0.0000000000e+00,    1.4189900458e-01,    0.0000000000e+00,
    1.4299899340e-01,    0.0000000000e+00,    1.4299899340e-01,    0.0000000000e+00,    1.4299899340e-01,    0.0000000000e+00,
    1.4409999549e-01,    0.0000000000e+00,    1.4409999549e-01,    0.0000000000e+00,    1.4409999549e-01,    0.0000000000e+00,
    1.4519900084e-01,    0.0000000000e+00,    1.4519900084e-01,    0.0000000000e+00,    1.4519900084e-01,    0.0000000000e+00,
    1.4630000293e-01,    0.0000000000e+00,    1.4630000293e-01,    0.0000000000e+00,    1.4630000293e-01,    0.0000000000e+00,
    1.4739899337e-01,    0.0000000000e+00,    1.4739899337e-01,    0.0000000000e+00,    1.4739899337e-01,    0.0000000000e+00,
    1.4849799871e-01,    0.0000000000e+00,    1.4849799871e-01,    0.0000000000e+00,    1.4849799871e-01,    0.0000000000e+00,
    1.4959999919e-01,    0.0000000000e+00,    1.4959999919e-01,    0.0000000000e+00,    1.4959999919e-01,    0.0000000000e+00,
    1.5069900453e-01,    0.0000000000e+00,    1.5069900453e-01,    0.0000000000e+00,    1.5069900453e-01,    0.0000000000e+00,
    1.5179799497e-01,    0.0000000000e+00,    1.5179799497e-01,    0.0000000000e+00,    1.5179799497e-01,    0.0000000000e+00,
    1.5289899707e-01,    0.0000000000e+00,    1.5289899707e-01,    0.0000000000e+00,    1.5289899707e-01,    0.0000000000e+00,
    1.5399900079e-01,    0.0000000000e+00,    1.5399900079e-01,    0.0000000000e+00,    1.5399900079e-01,    0.0000000000e+00,
    1.5509900451e-01,    0.0000000000e+00,    1.5509900451e-01,    0.0000000000e+00,    1.5509900451e-01,    0.0000000000e+00,
    1.5620000660e-01,    0.0000000000e+00,    1.5620000660e-01,    0.0000000000e+00,    1.5620000660e-01,    0.0000000000e+00,
    1.5729899704e-01,    0.0000000000e+00,    1.5729899704e-01,    0.0000000000e+00,    1.5729899704e-01,    0.0000000000e+00,
    1.5839800239e-01,    0.0000000000e+00,    1.5839800239e-01,    0.0000000000e+00,    1.5839800239e-01,    0.0000000000e+00,
    1.5949800611e-01,    0.0000000000e+00,    1.5949800611e-01,    0.0000000000e+00,    1.5949800611e-01,    0.0000000000e+00,
    1.6059899330e-01,    0.0000000000e+00,    1.6059899330e-01,    0.0000000000e+00,    1.6059899330e-01,    0.0000000000e+00,
    1.6169999540e-01,    0.0000000000e+00,    1.6169999540e-01,    0.0000000000e+00,    1.6169999540e-01,    0.0000000000e+00,
    1.6279900074e-01,    0.0000000000e+00,    1.6279900074e-01,    0.0000000000e+00,    1.6279900074e-01,    0.0000000000e+00,
    1.6389900446e-01,    0.0000000000e+00,    1.6389900446e-01,    0.0000000000e+00,    1.6389900446e-01,    0.0000000000e+00,
    1.6499799490e-01,    0.0000000000e+00,    1.6499799490e-01,    0.0000000000e+00,    1.6499799490e-01,    0.0000000000e+00,
    1.6609899700e-01,    0.0000000000e+00,    1.6609899700e-01,    0.0000000000e+00,    1.6609899700e-01,    0.0000000000e+00,
    1.6719900072e-01,    0.0000000000e+00,    1.6719900072e-01,    0.0000000000e+00,    1.6719900072e-01,    0.0000000000e+00,
    1.6829800606e-01,    0.0000000000e+00,    1.6829800606e-01,    0.0000000000e+00,    1.6829800606e-01,    0.0000000000e+00,
    1.6939899325e-01,    0.0000000000e+00,    1.6939899325e-01,    0.0000000000e+00,    1.6939899325e-01,    0.0000000000e+00,
    1.7049899697e-01,    0.0000000000e+00,    1.7049899697e-01,    0.0000000000e+00,    1.7049899697e-01,    0.0000000000e+00,
    1.7159999907e-01,    0.0000000000e+00,    1.7159999907e-01,    0.0000000000e+00,    1.7159999907e-01,    0.0000000000e+00,
    1.7269900441e-01,    0.0000000000e+00,    1.7269900441e-01,    0.0000000000e+00,    1.7269900441e-01,    0.0000000000e+00,
    1.7379899323e-01,    0.0000000000e+00,    1.7379899323e-01,    0.0000000000e+00,    1.7379899323e-01,    0.0000000000e+00,
    1.7489899695e-01,    0.0000000000e+00,    1.7489899695e-01,    0.0000000000e+00,    1.7489899695e-01,    0.0000000000e+00,
    1.7599999905e-01,    0.0000000000e+00,    1.7599999905e-01,    0.0000000000e+00,    1.7599999905e-01,    0.0000000000e+00,
    1.7709900439e-01,    0.0000000000e+00,    1.7709900439e-01,    0.0000000000e+00,    1.7709900439e-01,    0.0000000000e+00,
    1.7820000648e-01,    0.0000000000e+00,    1.7820000648e-01,    0.0000000000e+00,    1.7820000648e-01,    0.0000000000e+00,
    1.7929999530e-01,    0.0000000000e+00,    1.7929999530e-01,    0.0000000000e+00,    1.7929999530e-01,    0.0000000000e+00,
    1.8039900064e-01,    0.0000000000e+00,    1.8039900064e-01,    0.0000000000e+00,    1.8039900064e-01,    0.0000000000e+00,
    1.8150000274e-01,    0.0000000000e+00,    1.8150000274e-01,    0.0000000000e+00,    1.8150000274e-01,    0.0000000000e+00,
    1.8259899318e-01,    0.0000000000e+00,    1.8259899318e-01,    0.0000000000e+00,    1.8259899318e-01,    0.0000000000e+00,
    1.8369799852e-01,    0.0000000000e+00,    1.8369799852e-01,    0.0000000000e+00,    1.8369799852e-01,    0.0000000000e+00,
    1.8479900062e-01,    0.0000000000e+00,    1.8479900062e-01,    0.0000000000e+00,    1.8479900062e-01,    0.0000000000e+00,
    1.8589800596e-01,    0.0000000000e+00,    1.8589800596e-01,    0.0000000000e+00,    1.8589800596e-01,    0.0000000000e+00,
    1.8700000644e-01,    0.0000000000e+00,    1.8700000644e-01,    0.0000000000e+00,    1.8700000644e-01,    0.0000000000e+00,
    1.8809899688e-01,    0.0000000000e+00,    1.8809899688e-01,    0.0000000000e+00,    1.8809899688e-01,    0.0000000000e+00,
    1.8919900060e-01,    0.0000000000e+00,    1.8919900060e-01,    0.0000000000e+00,    1.8919900060e-01,    0.0000000000e+00,
    1.9029800594e-01,    0.0000000000e+00,    1.9029800594e-01,    0.0000000000e+00,    1.9029800594e-01,    0.0000000000e+00,
    1.9139899313e-01,    0.0000000000e+00,    1.9139899313e-01,    0.0000000000e+00,    1.9139899313e-01,    0.0000000000e+00,
    1.9249799848e-01,    0.0000000000e+00,    1.9249799848e-01,    0.0000000000e+00,    1.9249799848e-01,    0.0000000000e+00,
    1.9359900057e-01,    0.0000000000e+00,    1.9359900057e-01,    0.0000000000e+00,    1.9359900057e-01,    0.0000000000e+00,
    1.9470000267e-01,    0.0000000000e+00,    1.9470000267e-01,    0.0000000000e+00,    1.9470000267e-01,    0.0000000000e+00,
    1.9579899311e-01,    0.0000000000e+00,    1.9579899311e-01,    0.0000000000e+00,    1.9579899311e-01,    0.0000000000e+00,
    1.9689799845e-01,    0.0000000000e+00,    1.9689799845e-01,    0.0000000000e+00,    1.9689799845e-01,    0.0000000000e+00,
    1.9799900055e-01,    0.0000000000e+00,    1.9799900055e-01,    0.0000000000e+00,    1.9799900055e-01,    0.0000000000e+00,
    1.9910000265e-01,    0.0000000000e+00,    1.9910000265e-01,    0.0000000000e+00,    1.9910000265e-01,    0.0000000000e+00,
    2.0019899309e-01,    0.0000000000e+00,    2.0019899309e-01,    0.0000000000e+00,    2.0019899309e-01,    0.0000000000e+00,
    2.0129999518e-01,    0.0000000000e+00,    2.0129999518e-01,    0.0000000000e+00,    2.0129999518e-01,    0.0000000000e+00,
    2.0239900053e-01,    0.0000000000e+00,    2.0239900053e-01,    0.0000000000e+00,    2.0239900053e-01,    0.0000000000e+00,
    2.0349800587e-01,    0.0000000000e+00,    2.0349800587e-01,    0.0000000000e+00,    2.0349800587e-01,    0.0000000000e+00,
    2.0459899306e-01,    0.0000000000e+00,    2.0459899306e-01,    0.0000000000e+00,    2.0459899306e-01,    0.0000000000e+00,
    2.0569799840e-01,    0.0000000000e+00,    2.0569799840e-01,    0.0000000000e+00,    2.0569799840e-01,    0.0000000000e+00,
    2.0679900050e-01,   -1.6400100549e-06,    2.0679900050e-01,    4.5835100114e-02,    2.0679900050e-01,   -1.5260500419e-08,
    2.0789800584e-01,   -4.2381000753e-07,    2.0789800584e-01,    3.1589600444e-01,    2.0789800584e-01,   -1.2699899798e-08,
    2.0899899304e-01,   -6.3948300522e-06,    2.0899899304e-01,    5.8781397343e-01,    2.0899899304e-01,   -5.2968299968e-08,
    2.1009999514e-01,    8.7069802248e-06,    2.1009999514e-01,    8.6028397083e-01,    2.1009999514e-01,   -4.6578801260e-08,
    2.1119900048e-01,    1.0195100003e-05,    2.1119900048e-01,    1.1444400549e+00,    2.1119900048e-01,    1.0697900166e-07,
    2.1229900420e-01,   -4.1848297769e-06,    2.1229900420e-01,    1.4476300478e+00,    2.1229900420e-01,   -2.9862700757e-08,
    2.1339799464e-01,    2.5953299883e-06,    2.1339799464e-01,    1.7270699739e+00,    2.1339799464e-01,   -9.6847498909e-09,
    2.1449899673e-01,   -4.3144200390e-06,    2.1449899673e-01,    1.9848699570e+00,    2.1449899673e-01,    2.8285699116e-08,
    2.1559800208e-01,   -5.5467097582e-07,    2.1559800208e-01,    2.2743000984e+00,    2.1559800208e-01,   -7.7971897383e-08,
    2.1669900417e-01,    1.3856900296e-05,    2.1669900417e-01,    2.5757000446e+00,    2.1669900417e-01,   -1.2686899709e-07,
    2.1779899299e-01,    6.7626101554e-06,    2.1779899299e-01,    2.8369200230e+00,    2.1779899299e-01,   -4.5554699568e-08,
    2.1889799833e-01,   -1.2129099787e-06,    2.1889799833e-01,    3.1060700417e+00,    2.1889799833e-01,    2.0354799801e-07,
    2.1999900043e-01,    6.9817599524e-07,    2.1999900043e-01,    3.4093399048e+00,    2.1999900043e-01,    7.1630199550e-09,
    2.2109800577e-01,    6.0135098465e-06,    2.2109800577e-01,    3.6921598911e+00,    2.2109800577e-01,   -1.4376500701e-07,
    2.2219799459e-01,    2.9992900181e-06,    2.2219799459e-01,    3.9489400387e+00,    2.2219799459e-01,    4.4408398736e-08,
    2.2329899669e-01,    1.5495499611e-05,    2.2329899669e-01,    4.2357001305e+00,    2.2329899669e-01,    1.2728899890e-07,
    2.2439999878e-01,    1.3605300410e-05,    2.2439999878e-01,    4.5366201401e+00,    2.2439999878e-01,   -4.2492299457e-08,
    2.2549900413e-01,   -5.5046298257e-06,    2.2549900413e-01,    4.8015699387e+00,    2.2549900413e-01,   -1.5488700456e-07,
    2.2659799457e-01,   -2.3098800739e-06,    2.2659799457e-01,    5.0671200752e+00,    2.2659799457e-01,    1.3324999770e-07,
    2.2769899666e-01,    7.5204798122e-06,    2.2769899666e-01,    5.3658399582e+00,    2.2769899666e-01,    6.6811400856e-09,
    2.2879800200e-01,    5.3830099205e-06,    2.2879800200e-01,    5.7983899117e+00,    2.2879800200e-01,    1.4331300235e-07,
    2.2989900410e-01,    2.8244699934e-05,    2.2989900410e-01,    6.3938398361e+00,    2.2989900410e-01,    4.9345197795e-07,
    2.3099899292e-01,    3.4683000649e-06,    2.3099899292e-01,    6.9987897873e+00,    2.3099899292e-01,    4.1441501253e-07,
    2.3209899664e-01,   -1.0374100384e-05,    2.3209899664e-01,    7.7408499718e+00,    2.3209899664e-01,    1.9822799402e-07,
    2.3319800198e-01,    1.4903699594e-05,    2.3319800198e-01,    8.3620395660e+00,    2.3319800198e-01,   -4.7583699825e-07,
    2.3429900408e-01,    2.4757700885e-05,    2.3429900408e-01,    8.9635896683e+00,    2.3429900408e-01,    5.9236100469e-07,
    2.3539799452e-01,    1.1629599612e-05,    2.3539799452e-01,    9.5265302658e+00,    2.3539799452e-01,   -1.6673600840e-05,
    2.3649799824e-01,   -2.1937099518e-05,    2.3649799824e-01,    1.0132300377e+01,    2.3649799824e-01,    4.2435498472e-05,
    2.3759900033e-01,    3.8222100557e-05,    2.3759900033e-01,    1.0621800423e+01,    2.3759900033e-01,    2.4511400261e-04,
    2.3870000243e-01,    2.9090799217e-05,    2.3870000243e-01,    1.1150699615e+01,    2.3870000243e-01,    4.4777200674e-04,
    2.3979899287e-01,    7.0951900852e-05,    2.3979899287e-01,    1.1718299866e+01,    2.3979899287e-01,    9.4691797858e-04,
    2.4089899659e-01,    2.7335099730e-05,    2.4089899659e-01,    1.2222800255e+01,    2.4089899659e-01,    1.7272200203e-03,
    2.4199900031e-01,    1.3391900211e-05,    2.4199900031e-01,    1.2714400291e+01,    2.4199900031e-01,    1.9327199552e-03,
    2.4309900403e-01,    1.9538999823e-06,    2.4309900403e-01,    1.3235600471e+01,    2.4309900403e-01,    1.8155600410e-03,
    2.4419899285e-01,    3.0608800444e-05,    2.4419899285e-01,    1.3723099709e+01,    2.4419899285e-01,    2.3881399538e-03,
    2.4529899657e-01,    1.7597300030e-05,    2.4529899657e-01,    1.4119899750e+01,    2.4529899657e-01,    3.3996899147e-03,
    2.4639900029e-01,   -4.0247901779e-05,    2.4639900029e-01,    1.4384599686e+01,    2.4639900029e-01,    3.2709399238e-03,
    2.4749900401e-01,   -7.4442199548e-05,    2.4749900401e-01,    1.5085000038e+01,    2.4749900401e-01,    2.9512799811e-03,
    2.4859899282e-01,   -4.9105299695e-05,    2.4859899282e-01,    1.3275400162e+01,    2.4859899282e-01,   -6.5989601426e-03,
    2.4969899654e-01,    4.2941901484e-05,    2.4969899654e-01,    1.0413000107e+01,    2.4969899654e-01,   -6.4463000745e-03,
    2.5079900026e-01,    6.0631900851e-05,    2.5079900026e-01,    1.1376199722e+01,    2.5079900026e-01,    8.0984001979e-03,
    2.5189900398e-01,   -4.1638599214e-05,    2.5189900398e-01,    1.2073900223e+01,    2.5189900398e-01,    1.3364199549e-02,
    2.5299799442e-01,    1.8327200087e-04,    2.5299799442e-01,    1.2873399734e+01,    2.5299799442e-01,   -1.7319900915e-02,
    2.5409999490e-01,    7.7219901141e-04,    2.5409999490e-01,    1.3972399712e+01,    2.5409999490e-01,    6.7312602187e-04,
    2.5519999862e-01,    5.2017800044e-04,    2.5519999862e-01,    1.4787199974e+01,    2.5519999862e-01,   -1.9462399185e-02,
    2.5629898906e-01,    4.4623800204e-04,    2.5629898906e-01,    1.5505200386e+01,    2.5629898906e-01,    1.3935499825e-02,
    2.5739899278e-01,   -1.8086600903e-05,    2.5739899278e-01,    1.6305400848e+01,    2.5739899278e-01,    1.1766599491e-03,
    2.5849801302e-01,    1.0464899970e-04,    2.5849801302e-01,    1.7299600601e+01,    2.5849801302e-01,   -5.0668801123e-05,
    2.5960001349e-01,    5.6508497801e-04,    2.5960001349e-01,    1.7980899811e+01,    2.5960001349e-01,   -4.4696000405e-03,
    2.6069998741e-01,    4.3130401173e-04,    2.6069998741e-01,    1.8606800079e+01,    2.6069998741e-01,    1.5786299482e-02,
    2.6179799438e-01,    1.2043400056e-04,    2.6179799438e-01,    1.9348100662e+01,    2.6179799438e-01,   -2.3635800928e-02,
    2.6289901137e-01,   -1.2224000238e-04,    2.6289901137e-01,    1.9961900711e+01,    2.6289901137e-01,    1.4325600117e-02,
    2.6399800181e-01,    6.3886400312e-04,    2.6399800181e-01,    1.9962099075e+01,    2.6399800181e-01,    2.2120799869e-02,
    2.6509800553e-01,    1.4162600273e-03,    2.6509800553e-01,    2.0129699707e+01,    2.6509800553e-01,   -1.0756799951e-02,
    2.6619899273e-01,    6.3082197448e-04,    2.6619899273e-01,    2.0243200302e+01,    2.6619899273e-01,   -1.4115300030e-02,
    2.6729899645e-01,   -8.7717000861e-04,    2.6729899645e-01,    2.0466899872e+01,    2.6729899645e-01,    2.7510600165e-02,
    2.6839798689e-01,    4.9481098540e-04,    2.6839798689e-01,    2.1027200699e+01,    2.6839798689e-01,   -1.1851600371e-02,
    2.6949799061e-01,    8.7427900871e-04,    2.6949799061e-01,    2.2039699554e+01,    2.6949799061e-01,    3.2140798867e-03,
    2.7059799433e-01,    1.1116600363e-03,    2.7059799433e-01,    2.3069900513e+01,    2.7059799433e-01,    1.3774200343e-02,
    2.7169799805e-01,   -1.1396199989e-04,    2.7169799805e-01,    2.3634899139e+01,    2.7169799805e-01,   -2.1845199808e-04,
    2.7279800177e-01,   -8.7572698249e-04,    2.7279800177e-01,    2.4332300186e+01,    2.7279800177e-01,   -1.0172500275e-02,
    2.7389800549e-01,    2.5496099261e-04,    2.7389800549e-01,    2.4900400162e+01,    2.7389800549e-01,    5.3422800265e-03,
    2.7499899268e-01,    2.6733500417e-03,    2.7499899268e-01,    2.5470800400e+01,    2.7499899268e-01,    3.9082798176e-03,
    2.7610000968e-01,    8.6917000590e-04,    2.7610000968e-01,    2.6099700928e+01,    2.7610000968e-01,    1.3765400276e-02,
    2.7719798684e-01,   -8.8774096221e-03,    2.7719798684e-01,    2.6778099060e+01,    2.7719798684e-01,   -1.0132900439e-02,
    2.7829799056e-01,   -1.9118700176e-02,    2.7829799056e-01,    2.6774099350e+01,    2.7829799056e-01,   -1.9709600136e-02,
    2.7939900756e-01,    1.5888400376e-02,    2.7939900756e-01,    2.6931400299e+01,    2.7939900756e-01,    3.0043900013e-02,
    2.8049901128e-01,    1.6924500465e-02,    2.8049901128e-01,    2.7194999695e+01,    2.8049901128e-01,   -5.9421202168e-03,
    2.8159800172e-01,   -2.3573700339e-02,    2.8159800172e-01,    2.7452400208e+01,    2.8159800172e-01,   -2.1044399589e-02,
    2.8269898891e-01,   -1.7470799387e-02,    2.8269898891e-01,    2.7450099945e+01,    2.8269898891e-01,    2.2420400754e-02,
    2.8380000591e-01,    1.5266600065e-02,    2.8380000591e-01,    2.7659999847e+01,    2.8380000591e-01,    2.2308699787e-02,
    2.8489899635e-01,    2.7842799202e-02,    2.8489899635e-01,    2.7947399139e+01,    2.8489899635e-01,   -3.2324198633e-02,
    2.8600001335e-01,    2.5019699242e-03,    2.8600001335e-01,    2.8016000748e+01,    2.8600001335e-01,    1.7540400848e-02,
    2.8709799051e-01,   -2.1771900356e-02,    2.8709799051e-01,    2.8138500214e+01,    2.8709799051e-01,    8.4079299122e-03,
    2.8819999099e-01,   -7.1952100843e-03,    2.8819999099e-01,    2.8032300949e+01,    2.8819999099e-01,    1.6871700063e-02,
    2.8929901123e-01,    2.8787299991e-02,    2.8929901123e-01,    2.8014999390e+01,    2.8929901123e-01,   -7.6809800230e-03,
    2.9039800167e-01,    2.5524200872e-02,    2.9039800167e-01,    2.8438699722e+01,    2.9039800167e-01,   -2.9019298963e-03,
    2.9149898887e-01,   -1.5205600299e-02,    2.9149898887e-01,    2.9248600006e+01,    2.9149898887e-01,    2.8215499595e-02,
    2.9259899259e-01,   -1.1338099837e-02,    2.9259899259e-01,    3.0184299469e+01,    2.9259899259e-01,   -1.9178700168e-03,
    2.9370000958e-01,    1.6609799117e-02,    2.9370000958e-01,    3.1072799683e+01,    2.9370000958e-01,    1.0323399678e-02,
    2.9479798675e-01,    3.1536500901e-02,    2.9479798675e-01,    3.1931800842e+01,    2.9479798675e-01,   -9.3128497247e-04,
    2.9589900374e-01,    1.5070999973e-02,    2.9589900374e-01,    3.2702800751e+01,    2.9589900374e-01,    1.1543899775e-02,
    2.9699999094e-01,   -2.0368199795e-02,    2.9699999094e-01,    3.3481498718e+01,    2.9699999094e-01,   -3.5378899425e-02,
    2.9809799790e-01,   -5.9539000504e-03,    2.9809799790e-01,    3.4098999023e+01,    2.9809799790e-01,    2.0683200564e-03,
    2.9919898510e-01,    3.4709900618e-02,    2.9919898510e-01,    3.4578701019e+01,    2.9919898510e-01,   -1.0342000052e-02,
    3.0029898882e-01,    2.7707399800e-02,    3.0029898882e-01,    3.4940601349e+01,    3.0029898882e-01,    4.7085899860e-03,
    3.0139800906e-01,   -2.5366099551e-02,    3.0139800906e-01,    3.5168598175e+01,    3.0139800906e-01,   -4.0367998183e-02,
    3.0249801278e-01,   -2.5416899472e-02,    3.0249801278e-01,    3.5155101776e+01,    3.0249801278e-01,    5.1658999175e-02,
    3.0360001326e-01,    1.2932100333e-02,    3.0360001326e-01,    3.5011901855e+01,    3.0360001326e-01,   -3.1768899411e-02,
    3.0469900370e-01,    2.4140400812e-02,    3.0469900370e-01,    3.4759899139e+01,    3.0469900370e-01,    1.5469600447e-02,
    3.0579799414e-01,    1.3641000260e-03,    3.0579799414e-01,    3.3762699127e+01,    3.0579799414e-01,    6.5566399135e-03,
    3.0689901114e-01,   -3.5554099828e-02,    3.0689901114e-01,    3.2651401520e+01,    3.0689901114e-01,    2.8227500618e-02,
    3.0799800158e-01,   -1.2967400253e-02,    3.0799800158e-01,    3.2269798279e+01,    3.0799800158e-01,   -3.2293301076e-02,
    3.0909800529e-01,    2.8933500871e-02,    3.0909800529e-01,    3.2669399261e+01,    3.0909800529e-01,    8.1308800727e-03,
    3.1020000577e-01,    1.5517500229e-02,    3.1020000577e-01,    3.3374198914e+01,    3.1020000577e-01,   -3.4429000225e-03,
    3.1129899621e-01,   -2.1738199517e-02,    3.1129899621e-01,    3.4139099121e+01,    3.1129899621e-01,    3.3411499113e-02,
    3.1239899993e-01,   -3.3035501838e-02,    3.1239899993e-01,    3.4842601776e+01,    3.1239899993e-01,   -7.4550500140e-03,
    3.1349799037e-01,    7.9228803515e-03,    3.1349799037e-01,    3.5535198212e+01,    3.1349799037e-01,    2.5242200121e-02,
    3.1459900737e-01,    2.9273699969e-02,    3.1459900737e-01,    3.6264999390e+01,    3.1459900737e-01,   -1.7947499873e-03,
    3.1569999456e-01,   -6.3130701892e-03,    3.1569999456e-01,    3.7175800323e+01,    3.1569999456e-01,   -3.9462498389e-03,
    3.1679999828e-01,   -4.2439900339e-02,    3.1679999828e-01,    3.7809600830e+01,    3.1679999828e-01,   -3.2448600978e-02,
    3.1789898872e-01,   -1.0615400039e-02,    3.1789898872e-01,    3.8315200806e+01,    3.1789898872e-01,    2.3485599086e-02,
    3.1900000572e-01,    2.6369500905e-02,    3.1900000572e-01,    3.8836101532e+01,    3.1900000572e-01,    5.8437399566e-03,
    3.2009899616e-01,   -4.3128599646e-04,    3.2009899616e-01,    3.9316799164e+01,    3.2009899616e-01,   -7.3620500043e-03,
    3.2119899988e-01,   -3.1784400344e-02,    3.2119899988e-01,    3.9616298676e+01,    3.2119899988e-01,    6.3592597144e-04,
    3.2229900360e-01,   -2.5647799484e-03,    3.2229900360e-01,    3.9681499481e+01,    3.2229900360e-01,   -6.5206801519e-03,
    3.2339900732e-01,    1.4281200245e-02,    3.2339900732e-01,    3.9698600769e+01,    3.2339900732e-01,    3.4495800734e-02,
    3.2449999452e-01,    1.1254100129e-02,    3.2449999452e-01,    3.9439098358e+01,    3.2449999452e-01,    1.6741799191e-02,
    3.2559901476e-01,   -8.0855900887e-04,    3.2559901476e-01,    3.9471000671e+01,    3.2559901476e-01,   -8.2317898050e-03,
    3.2670000196e-01,   -9.0593798086e-03,    3.2670000196e-01,    3.9303699493e+01,    3.2670000196e-01,    2.4574600160e-02,
    3.2780000567e-01,    5.3512398154e-03,    3.2780000567e-01,    3.9414699554e+01,    3.2780000567e-01,    1.4742700383e-02,
    3.2889899611e-01,    2.6436099783e-02,    3.2889899611e-01,    3.9621299744e+01,    3.2889899611e-01,   -6.3961502165e-03,
    3.2999899983e-01,    5.4746898822e-03,    3.2999899983e-01,    4.0102798462e+01,    3.2999899983e-01,   -2.5726798922e-03,
    3.3109998703e-01,   -2.3603700101e-02,    3.3109998703e-01,    4.0630901337e+01,    3.3109998703e-01,   -7.1726897731e-03,
    3.3219900727e-01,    8.7256897241e-03,    3.3219900727e-01,    4.1330299377e+01,    3.3219900727e-01,   -1.6770400107e-02,
    3.3329901099e-01,    3.9280701429e-02,    3.3329901099e-01,    4.2165100098e+01,    3.3329901099e-01,   -5.6036498398e-02,
    3.3439901471e-01,    6.6050197929e-03,    3.3439901471e-01,    4.2948398590e+01,    3.3439901471e-01,   -1.7234800383e-02,
    3.3550000191e-01,   -3.3417299390e-02,    3.3550000191e-01,    4.3736400604e+01,    3.3550000191e-01,   -2.2741099820e-02,
    3.3659899235e-01,   -5.7475198992e-03,    3.3659899235e-01,    4.4282199860e+01,    3.3659899235e-01,   -6.3594602048e-02,
    3.3770000935e-01,    4.4165201485e-02,    3.3770000935e-01,    4.4732101440e+01,    3.3770000935e-01,   -3.3567398787e-02,
    3.3880001307e-01,    9.2325303704e-03,    3.3880001307e-01,    4.4981998444e+01,    3.3880001307e-01,   -6.6283501685e-02,
    3.3989900351e-01,   -5.3066600114e-02,    3.3989900351e-01,    4.4932498932e+01,    3.3989900351e-01,   -6.2231898308e-02,
    3.4099900723e-01,   -2.6575699449e-02,    3.4099900723e-01,    4.4762901306e+01,    3.4099900723e-01,   -5.5714998394e-02,
    3.4209901094e-01,    2.1168600768e-02,    3.4209901094e-01,    4.4625999451e+01,    3.4209901094e-01,   -1.4258000068e-02,
    3.4319800138e-01,    1.4649899676e-02,    3.4319800138e-01,    4.4409000397e+01,    3.4319800138e-01,   -7.5039103627e-02,
    3.4429898858e-01,   -3.8059201092e-02,    3.4429898858e-01,    4.4075599670e+01,    3.4429898858e-01,   -3.7541601807e-02,
    3.4540000558e-01,   -5.3285900503e-02,    3.4540000558e-01,    4.3747501373e+01,    3.4540000558e-01,   -2.9575400054e-02,
    3.4649899602e-01,    5.7918298990e-04,    3.4649899602e-01,    4.3626998901e+01,    3.4649899602e-01,   -5.7020500302e-02,
    3.4760001302e-01,    3.7331599742e-02,    3.4760001302e-01,    4.3365200043e+01,    3.4760001302e-01,    7.6023498550e-03,
    3.4869900346e-01,   -3.0873000622e-02,    3.4869900346e-01,    4.3351299286e+01,    3.4869900346e-01,   -7.4695400894e-02,
    3.4979999065e-01,   -7.8229300678e-02,    3.4979999065e-01,    4.3178100586e+01,    3.4979999065e-01,   -1.5761200339e-02,
    3.5089901090e-01,    8.1521999091e-03,    3.5089901090e-01,    4.3234699249e+01,    3.5089901090e-01,   -3.5577200353e-02,
    3.5199800134e-01,    4.5260600746e-02,    3.5199800134e-01,    4.3440700531e+01,    3.5199800134e-01,   -2.3336000741e-02,
    3.5309898853e-01,   -9.6086803824e-03,    3.5309898853e-01,    4.3665298462e+01,    3.5309898853e-01,   -3.3804800361e-02,
    3.5419899225e-01,   -5.3292699158e-02,    3.5419899225e-01,    4.3578800201e+01,    3.5419899225e-01,    4.0275100619e-03,
    3.5530000925e-01,   -1.9055100158e-02,    3.5530000925e-01,    4.4180801392e+01,    3.5530000925e-01,   -1.1402799934e-01,
    3.5640001297e-01,    5.0388999283e-02,    3.5640001297e-01,    4.4547698975e+01,    3.5640001297e-01,   -3.1627099961e-02,
    3.5749900341e-01,    3.8610901684e-02,    3.5749900341e-01,    4.4862998962e+01,    3.5749900341e-01,   -6.4383201301e-02,
    3.5859900713e-01,   -4.1697800159e-02,    3.5859900713e-01,    4.5352199554e+01,    3.5859900713e-01,   -4.4208798558e-02,
    3.5969999433e-01,   -2.6477400213e-02,    3.5969999433e-01,    4.5733001709e+01,    3.5969999433e-01,   -8.8007703424e-02,
    3.6079901457e-01,    7.9374596477e-02,    3.6079901457e-01,    4.5769298553e+01,    3.6079901457e-01,   -4.4045601040e-02,
    3.6189898849e-01,    9.0952701867e-02,    3.6189898849e-01,    4.6001800537e+01,    3.6189898849e-01,   -1.3530600071e-01,
    3.6299899220e-01,    7.3057101108e-03,    3.6299899220e-01,    4.6116600037e+01,    3.6299899220e-01,   -9.5005199313e-02,
    3.6409899592e-01,    1.8274800852e-02,    3.6409899592e-01,    4.5651298523e+01,    3.6409899592e-01,   -1.3117000461e-02,
    3.6519798636e-01,    9.2046603560e-02,    3.6519798636e-01,    4.5326198578e+01,    3.6519798636e-01,   -2.0455900580e-02,
    3.6629900336e-01,    8.9570097625e-02,    3.6629900336e-01,    4.5560001373e+01,    3.6629900336e-01,   -7.7710100450e-03,
    3.6739900708e-01,    3.8177300245e-02,    3.6739900708e-01,    4.5515300751e+01,    3.6739900708e-01,   -5.1108699292e-02,
    3.6849999428e-01,    9.8712695763e-03,    3.6849999428e-01,    4.5398998260e+01,    3.6849999428e-01,   -2.1654799581e-02,
    3.6959901452e-01,    5.6522101164e-02,    3.6959901452e-01,    4.5061500549e+01,    3.6959901452e-01,   -1.3339799829e-02,
    3.7070000172e-01,    1.3138599694e-01,    3.7070000172e-01,    4.5164901733e+01,    3.7070000172e-01,   -3.4102100879e-02,
    3.7179899216e-01,    1.1122699827e-01,    3.7179899216e-01,    4.5216201782e+01,    3.7179899216e-01,   -6.7989103496e-02,
    3.7289899588e-01,    8.6333200336e-02,    3.7289899588e-01,    4.5699901581e+01,    3.7289899588e-01,   -1.3454600237e-02,
    3.7399899960e-01,    1.4968900383e-01,    3.7399899960e-01,    4.6438899994e+01,    3.7399899960e-01,   -9.4627700746e-02,
    3.7509799004e-01,    1.9709099829e-01,    3.7509799004e-01,    4.7082500458e+01,    3.7509799004e-01,   -6.8992301822e-02,
    3.7619799376e-01,    1.4123100042e-01,    3.7619799376e-01,    4.7206699371e+01,    3.7619799376e-01,    1.0067000240e-01,
    3.7729901075e-01,    8.5592396557e-02,    3.7729901075e-01,    4.7486499786e+01,    3.7729901075e-01,    3.6712601781e-02,
    3.7839999795e-01,    7.7197298408e-02,    3.7839999795e-01,    4.7962501526e+01,    3.7839999795e-01,    4.8513099551e-02,
    3.7949800491e-01,    1.0801500082e-01,    3.7949800491e-01,    4.7765899658e+01,    3.7949800491e-01,    4.8722300678e-02,
    3.8059800863e-01,    1.1005900055e-01,    3.8059800863e-01,    4.7364898682e+01,    3.8059800863e-01,   -6.9870099425e-02,
    3.8169899583e-01,    3.4461699426e-02,    3.8169899583e-01,    4.7446098328e+01,    3.8169899583e-01,   -5.3466800600e-02,
    3.8279899955e-01,    2.9313499108e-02,    3.8279899955e-01,    4.7255298615e+01,    3.8279899955e-01,    3.4736100584e-02,
    3.8389900327e-01,    1.0405299813e-01,    3.8389900327e-01,    4.6437698364e+01,    3.8389900327e-01,    4.6971898526e-02,
    3.8499900699e-01,    7.8737400472e-02,    3.8499900699e-01,    4.6347301483e+01,    3.8499900699e-01,    8.7274901569e-02,
    3.8609901071e-01,    1.2113300152e-02,    3.8609901071e-01,    4.6648601532e+01,    3.8609901071e-01,    1.3711799681e-01,
    3.8719901443e-01,    1.7644800246e-02,    3.8719901443e-01,    4.6088001251e+01,    3.8719901443e-01,    5.4816700518e-02,
    3.8830000162e-01,    1.0754200071e-01,    3.8830000162e-01,    4.5599399567e+01,    3.8830000162e-01,   -2.2778799757e-02,
    3.8940000534e-01,    1.1685699970e-01,    3.8940000534e-01,    4.5614898682e+01,    3.8940000534e-01,    3.3571898937e-02,
    3.9049899578e-01,    7.6158098876e-02,    3.9049899578e-01,    4.5333301544e+01,    3.9049899578e-01,   -2.8749700636e-02,
    3.9159899950e-01,    1.0154899955e-01,    3.9159899950e-01,    4.4923900604e+01,    3.9159899950e-01,   -2.5169599801e-02,
    3.9269998670e-01,    1.8087199330e-01,    3.9269998670e-01,    4.5053398132e+01,    3.9269998670e-01,    3.6926198751e-02,
    3.9379999042e-01,    1.7346300185e-01,    3.9379999042e-01,    4.5724700928e+01,    3.9379999042e-01,   -6.0145400465e-02,
    3.9489999413e-01,    8.4890596569e-02,    3.9489999413e-01,    4.5820201874e+01,    3.9489999413e-01,   -8.7794497609e-02,
    3.9599800110e-01,    6.9451197982e-02,    3.9599800110e-01,    4.5733001709e+01,    3.9599800110e-01,   -9.6560798585e-02,
    3.9710000157e-01,    1.0368700325e-01,    3.9710000157e-01,    4.6451301575e+01,    3.9710000157e-01,    4.6270499006e-03,
    3.9819899201e-01,    8.0194599926e-02,    3.9819899201e-01,    4.6880699158e+01,    3.9819899201e-01,    1.0798999667e-01,
    3.9929801226e-01,    7.9857796431e-02,    3.9929801226e-01,    4.6596199036e+01,    3.9929801226e-01,    3.9655800909e-02,
    4.0039798617e-01,    9.9743403494e-02,    4.0039798617e-01,    4.6939399719e+01,    4.0039798617e-01,    4.5226700604e-02,
    4.0149900317e-01,    8.7657496333e-02,    4.0149900317e-01,    4.7852298737e+01,    4.0149900317e-01,   -1.4000999928e-01,
    4.0259799361e-01,    5.9589698911e-02,    4.0259799361e-01,    4.7635501862e+01,    4.0259799361e-01,    2.6662699878e-02,
    4.0369901061e-01,    6.8117700517e-02,    4.0369901061e-01,    4.7114101410e+01,    4.0369901061e-01,   -1.9760699570e-01,
    4.0479800105e-01,    7.0560000837e-02,    4.0479800105e-01,    4.7937599182e+01,    4.0479800105e-01,    2.8166100383e-02,
    4.0589898825e-01,    7.8158102930e-02,    4.0589898825e-01,    4.8207801819e+01,    4.0589898825e-01,    3.4790698439e-02,
    4.0699899197e-01,    9.8175100982e-02,    4.0699899197e-01,    4.7308601379e+01,    4.0699899197e-01,   -6.3989497721e-02,
    4.0810000896e-01,    9.8736196756e-02,    4.0810000896e-01,    4.7328098297e+01,    4.0810000896e-01,   -6.3555501401e-02,
    4.0919899940e-01,    6.1907801777e-02,    4.0919899940e-01,    4.8075099945e+01,    4.0919899940e-01,   -1.3164999895e-02,
    4.1029900312e-01,    9.9681399763e-02,    4.1029900312e-01,    4.7464298248e+01,    4.1029900312e-01,   -8.0497600138e-02,
    4.1139900684e-01,    1.5530699492e-01,    4.1139900684e-01,    4.6608898163e+01,    4.1139900684e-01,    1.3976499438e-01,
    4.1249999404e-01,    9.4518296421e-02,    4.1249999404e-01,    4.7719001770e+01,    4.1249999404e-01,    2.2044999059e-03,
    4.1359901428e-01,    5.5274099112e-02,    4.1359901428e-01,    4.8312198639e+01,    4.1359901428e-01,    5.7218000293e-02,
    4.1470000148e-01,    9.4775296748e-02,    4.1470000148e-01,    4.7905700684e+01,    4.1470000148e-01,    4.0429599583e-02,
    4.1579899192e-01,    1.3495899737e-01,    4.1579899192e-01,    4.8530498505e+01,    4.1579899192e-01,    5.4374199361e-02,
    4.1689801216e-01,    7.1841202676e-02,    4.1689801216e-01,    5.0064201355e+01,    4.1689801216e-01,   -4.3196298182e-02,
    4.1799899936e-01,    3.2694399357e-02,    4.1799899936e-01,    4.9812198639e+01,    4.1799899936e-01,    1.3342699409e-01,
    4.1909900308e-01,    1.1614099890e-01,    4.1909900308e-01,    4.8531101227e+01,    4.1909900308e-01,    3.7787899375e-02,
    4.2019799352e-01,    1.3375900686e-01,    4.2019799352e-01,    4.9613498688e+01,    4.2019799352e-01,   -1.0640399903e-01,
    4.2129901052e-01,    4.9665499479e-02,    4.2129901052e-01,    5.0236400604e+01,    4.2129901052e-01,    1.9419500604e-02,
    4.2239901423e-01,    5.0181098282e-02,    4.2239901423e-01,    4.8604301453e+01,    4.2239901423e-01,    7.6122701168e-02,
    4.2349898815e-01,    1.0593900084e-01,    4.2349898815e-01,    4.8386901855e+01,    4.2349898815e-01,   -1.7579799891e-01,
    4.2460000515e-01,    9.1896697879e-02,    4.2460000515e-01,    5.0248401642e+01,    4.2460000515e-01,   -9.4561502337e-02,
    4.2570000887e-01,    6.7607298493e-02,    4.2570000887e-01,    4.9536899567e+01,    4.2570000887e-01,   -7.3439799249e-02,
    4.2679899931e-01,    8.9478202164e-02,    4.2679899931e-01,    4.7793300629e+01,    4.2679899931e-01,   -4.2817499489e-02,
    4.2789900303e-01,    1.1050499976e-01,    4.2789900303e-01,    4.9358100891e+01,    4.2789900303e-01,   -1.6037400067e-01,
    4.2899900675e-01,    6.6435202956e-02,    4.2899900675e-01,    5.0207500458e+01,    4.2899900675e-01,    8.0619700253e-02,
    4.3009999394e-01,    4.8597201705e-02,    4.3009999394e-01,    4.7950099945e+01,    4.3009999394e-01,   -1.3790099882e-02,
    4.3119901419e-01,    7.7988103032e-02,    4.3119901419e-01,    4.7737998962e+01,    4.3119901419e-01,   -2.0513500273e-01,
    4.3230000138e-01,    7.4688300490e-02,    4.3230000138e-01,    4.9602901459e+01,    4.3230000138e-01,   -1.1619800329e-01,
    4.3339899182e-01,    1.0125300288e-01,    4.3339899182e-01,    4.9257301331e+01,    4.3339899182e-01,    4.7562498599e-02,
    4.3449899554e-01,    7.7100798488e-02,    4.3449899554e-01,    4.7135799408e+01,    4.3449899554e-01,   -2.3684200644e-01,
    4.3559899926e-01,    5.1084801555e-02,    4.3559899926e-01,    4.8426799774e+01,    4.3559899926e-01,   -1.5809200704e-01,
    4.3669900298e-01,    8.9247800410e-02,    4.3669900298e-01,    4.9508701324e+01,    4.3669900298e-01,    1.6981999576e-01,
    4.3779900670e-01,    1.2578199804e-01,    4.3779900670e-01,    4.7267799377e+01,    4.3779900670e-01,   -1.6269400716e-02,
    4.3889799714e-01,    7.7319301665e-02,    4.3889799714e-01,    4.7125598907e+01,    4.3889799714e-01,   -2.9875299335e-01,
    4.3999901414e-01,    4.8598401248e-02,    4.3999901414e-01,    4.9110500336e+01,    4.3999901414e-01,    6.8474702537e-02,
    4.4110000134e-01,    1.1190299690e-01,    4.4110000134e-01,    4.9524398804e+01,    4.4110000134e-01,    1.5852199867e-02,
    4.4219899178e-01,    1.1779200286e-01,    4.4219899178e-01,    4.6988998413e+01,    4.4219899178e-01,   -2.8011000156e-01,
    4.4329801202e-01,    3.0695799738e-02,    4.4329801202e-01,    4.8785400391e+01,    4.4329801202e-01,   -2.6299598813e-01,
    4.4440001249e-01,    1.2770800386e-03,    4.4440001249e-01,    5.0291698456e+01,    4.4440001249e-01,    8.7497897446e-02,
    4.4549798965e-01,    8.1554502249e-02,    4.4549798965e-01,    4.8553298950e+01,    4.4549798965e-01,   -3.4151699394e-02,
    4.4659999013e-01,    1.2189099938e-01,    4.4659999013e-01,    4.7848800659e+01,    4.4659999013e-01,   -4.4640800357e-01,
    4.4769901037e-01,    4.1864002123e-03,    4.4769901037e-01,    4.9984901428e+01,    4.4769901037e-01,    4.7527201474e-02,
    4.4879999757e-01,    2.1100200713e-02,    4.4879999757e-01,    5.0741401672e+01,    4.4879999757e-01,    1.5975999832e-01,
    4.4989898801e-01,    1.6110999882e-01,    4.4989898801e-01,    4.6909999847e+01,    4.4989898801e-01,   -3.3046498895e-01,
    4.5099899173e-01,    9.0194299817e-02,    4.5099899173e-01,    4.8609901428e+01,    4.5099899173e-01,   -1.3683499396e-01,
    4.5209899545e-01,   -1.5920599690e-03,    4.5209899545e-01,    4.9901298523e+01,    4.5209899545e-01,    2.0654499531e-01,
    4.5320001245e-01,    8.5467800498e-02,    4.5320001245e-01,    4.9052600861e+01,    4.5320001245e-01,    8.4277399583e-04,
    4.5429900289e-01,    1.5075199306e-01,    4.5429900289e-01,    4.7636199951e+01,    4.5429900289e-01,   -4.0992701054e-01,
    4.5539900661e-01,    3.0004899949e-02,    4.5539900661e-01,    5.0051200867e+01,    4.5539900661e-01,    1.9834500551e-01,
    4.5649901032e-01,    2.6413500309e-02,    4.5649901032e-01,    5.1697399139e+01,    4.5649901032e-01,    2.0288999379e-01,
    4.5759901404e-01,    1.0126800090e-01,    4.5759901404e-01,    4.8203998566e+01,    4.5759901404e-01,   -3.1541600823e-01,
    4.5869898796e-01,    1.0773099959e-01,    4.5869898796e-01,    4.9842300415e+01,    4.5869898796e-01,   -2.9547300935e-01,
    4.5979800820e-01,    6.4351603389e-02,    4.5979800820e-01,    5.1613998413e+01,    4.5979800820e-01,    1.9190199673e-01,
    4.6089801192e-01,    9.3617603183e-02,    4.6089801192e-01,    5.1249000549e+01,    4.6089801192e-01,    5.3104397375e-04,
    4.6199798584e-01,    1.5389299393e-01,    4.6199798584e-01,    4.6997798920e+01,    4.6199798584e-01,   -4.7637900710e-01,
    4.6309798956e-01,    1.2289199978e-01,    4.6309798956e-01,    5.0437599182e+01,    4.6309798956e-01,    1.0170300305e-01,
    4.6419999003e-01,    9.7440198064e-02,    4.6419999003e-01,    5.1630699158e+01,    4.6419999003e-01,    1.5448799729e-01,
    4.6529799700e-01,    1.5895800292e-01,    4.6529799700e-01,    4.7782501221e+01,    4.6529799700e-01,   -1.9552299380e-01,
    4.6639800072e-01,    1.3595800102e-01,    4.6639800072e-01,    4.7558898926e+01,    4.6639800072e-01,   -1.8699100614e-01,
    4.6749800444e-01,    9.4769299030e-02,    4.6749800444e-01,    5.0570400238e+01,    4.6749800444e-01,    3.9209300280e-01,
    4.6859899163e-01,    1.3939699531e-01,    4.6859899163e-01,    5.1348999023e+01,    4.6859899163e-01,    3.4620000515e-03,
    4.6969801188e-01,    1.8352299929e-01,    4.6969801188e-01,    4.5663398743e+01,    4.6969801188e-01,   -2.7192801237e-01,
    4.7079899907e-01,    1.3418999314e-01,    4.7079899907e-01,    4.9427101135e+01,    4.7079899907e-01,    1.7292700708e-01,
    4.7189798951e-01,    9.7004696727e-02,    4.7189798951e-01,    5.0752700806e+01,    4.7189798951e-01,    2.7756899595e-01,
    4.7299900651e-01,    1.7344799638e-01,    4.7299900651e-01,    4.8368900299e+01,    4.7299900651e-01,   -3.3299401402e-02,
    4.7409901023e-01,    1.5711100399e-01,    4.7409901023e-01,    4.4647899628e+01,    4.7409901023e-01,   -2.5464299321e-01,
    4.7519999743e-01,    1.1107800156e-01,    4.7519999743e-01,    4.9466300964e+01,    4.7519999743e-01,    4.7697299719e-01,
    4.7629800439e-01,    1.6034500301e-01,    4.7629800439e-01,    5.0608798981e+01,    4.7629800439e-01,   -1.3059400022e-02,
    4.7739899158e-01,    2.0300200582e-01,    4.7739899158e-01,    4.4401798248e+01,    4.7739899158e-01,   -1.1165100336e-01,
    4.7849899530e-01,    1.5167699754e-01,    4.7849899530e-01,    4.6395900726e+01,    4.7849899530e-01,    8.3322897553e-02,
    4.7959899902e-01,    1.2238200009e-01,    4.7959899902e-01,    4.9375099182e+01,    4.7959899902e-01,    2.4813899398e-01,
    4.8069998622e-01,    1.9366100430e-01,    4.8069998622e-01,    5.0368598938e+01,    4.8069998622e-01,    9.3860000372e-02,
    4.8179998994e-01,    2.1044300497e-01,    4.8179998994e-01,    4.4088798523e+01,    4.8179998994e-01,   -3.5015499592e-01,
    4.8289901018e-01,    1.2467599660e-01,    4.8289901018e-01,    4.9717998505e+01,    4.8289901018e-01,    2.9357200861e-01,
    4.8399800062e-01,    1.1886300147e-01,    4.8399800062e-01,    5.1762599945e+01,    4.8399800062e-01,    5.0101399422e-02,
    4.8509898782e-01,    2.3241500556e-01,    4.8509898782e-01,    4.7993198395e+01,    4.8509898782e-01,   -9.5329703763e-03,
    4.8619899154e-01,    2.1315999329e-01,    4.8619899154e-01,    4.5196800232e+01,    4.8619899154e-01,   -2.5639399886e-01,
    4.8730000854e-01,    6.8398803473e-02,    4.8730000854e-01,    5.0879299164e+01,    4.8730000854e-01,    4.6368899941e-01,
    4.8839899898e-01,    1.7047999799e-01,    4.8839899898e-01,    5.2717201233e+01,    4.8839899898e-01,    4.5144900680e-02,
    4.8949798942e-01,    2.7763000131e-01,    4.8949798942e-01,    4.4745899200e+01,    4.8949798942e-01,   -2.1766799688e-01,
    4.9059799314e-01,    2.1201699972e-01,    4.9059799314e-01,    4.7502399445e+01,    4.9059799314e-01,    1.9131900370e-01,
    4.9169901013e-01,    8.0934002995e-02,    4.9169901013e-01,    5.0418498993e+01,    4.9169901013e-01,    2.8686401248e-01,
    4.9279999733e-01,    1.7686100304e-01,    4.9279999733e-01,    5.0537700653e+01,    4.9279999733e-01,    2.5918999314e-01,
    4.9389898777e-01,    2.5018200278e-01,    4.9389898777e-01,    4.3899398804e+01,    4.9389898777e-01,   -2.4720600247e-01,
    4.9499899149e-01,    1.9390100241e-01,    4.9499899149e-01,    5.1073501587e+01,    4.9499899149e-01,    3.3903101087e-01,
    4.9609899521e-01,    1.6218499839e-01,    4.9609899521e-01,    5.2808998108e+01,    4.9609899521e-01,    1.9572499394e-01,
    4.9719899893e-01,    1.8994799256e-01,    4.9719899893e-01,    4.9402500153e+01,    4.9719899893e-01,    8.6436197162e-02,
    4.9829998612e-01,    3.2336699963e-01,    4.9829998612e-01,    4.6390499115e+01,    4.9829998612e-01,   -2.1078200638e-01,
    4.9939799309e-01,    2.3362399638e-01,    4.9939799309e-01,    5.3025001526e+01,    4.9939799309e-01,    4.5197999477e-01,
    5.0049799681e-01,    1.4628399909e-01,    5.0049799681e-01,    5.4903999329e+01,    5.0049799681e-01,    1.2928700447e-01,
    5.0159901381e-01,    2.2046600282e-01,    5.0159901381e-01,    4.6451999664e+01,    5.0159901381e-01,   -1.6491399705e-01,
    5.0269901752e-01,    3.7197801471e-01,    5.0269901752e-01,    4.9158798218e+01,    5.0269901752e-01,    1.7760400474e-01,
    5.0379800797e-01,    2.4785099924e-01,    5.0379800797e-01,    5.2047798157e+01,    5.0379800797e-01,    3.2910901308e-01,
    5.0489801168e-01,    9.9303901196e-02,    5.0489801168e-01,    5.3156700134e+01,    5.0489801168e-01,    1.7570100725e-01,
    5.0599801540e-01,    1.9919799268e-01,    5.0599801540e-01,    4.4538299561e+01,    5.0599801540e-01,   -2.6382300258e-01,
    5.0709801912e-01,    3.4460100532e-01,    5.0709801912e-01,    5.1465198517e+01,    5.0709801912e-01,    4.9924901128e-01,
    5.0819897652e-01,    3.0125498772e-01,    5.0819897652e-01,    5.2565101624e+01,    5.0819897652e-01,    1.6109600663e-01,
    5.0929898024e-01,    9.0918898582e-02,    5.0929898024e-01,    5.0030899048e+01,    5.0929898024e-01,    2.5700399280e-01,
    5.1039898396e-01,    1.9110299647e-01,    5.1039898396e-01,    4.5086399078e+01,    5.1039898396e-01,   -9.8658800125e-02,
    5.1149898767e-01,    3.1071099639e-01,    5.1149898767e-01,    5.2255401611e+01,    5.1149898767e-01,    5.6900501251e-01,
    5.1259899139e-01,    3.2412299514e-01,    5.1259899139e-01,    5.3799900055e+01,    5.1259899139e-01,    1.7136399448e-01,
    5.1369798183e-01,    1.1353100091e-01,    5.1369798183e-01,    4.5626201630e+01,    5.1369798183e-01,   -4.8586901277e-02,
    5.1479798555e-01,    1.6774199903e-01,    5.1479798555e-01,    4.7604900360e+01,    5.1479798555e-01,    1.7685399950e-01,
    5.1589900255e-01,    3.3828100562e-01,    5.1589900255e-01,    5.0930198669e+01,    5.1589900255e-01,    4.4576698542e-01,
    5.1699900627e-01,    2.9273700714e-01,    5.1699900627e-01,    5.3203300476e+01,    5.1699900627e-01,    4.4433200359e-01,
    5.1809900999e-01,    1.3219599426e-01,    5.1809900999e-01,    4.2963798523e+01,    5.1809900999e-01,   -1.9832399487e-01,
    5.1919800043e-01,    1.7317999899e-01,    5.1919800043e-01,    5.0263900757e+01,    5.1919800043e-01,    5.1626801491e-01,
    5.2029901743e-01,    4.0221801400e-01,    5.2029901743e-01,    5.1269298553e+01,    5.2029901743e-01,    2.2087499499e-01,
    5.2139902115e-01,    2.4689500034e-01,    5.2139902115e-01,    5.0779399872e+01,    5.2139902115e-01,    3.4457001090e-01,
    5.2249997854e-01,    1.0755699873e-01,    5.2249997854e-01,    4.3779998779e+01,    5.2249997854e-01,   -2.1536299586e-01,
    5.2359902859e-01,    2.4253700674e-01,    5.2359902859e-01,    5.1894199371e+01,    5.2359902859e-01,    4.9003899097e-01,
    5.2469897270e-01,    4.1197401285e-01,    5.2469897270e-01,    5.3613498688e+01,    5.2469897270e-01,    2.1765999496e-01,
    5.2579897642e-01,    2.0519599319e-01,    5.2579897642e-01,    4.6848098755e+01,    5.2579897642e-01,   -6.5764598548e-02,
    5.2689999342e-01,    1.3597199321e-01,    5.2689999342e-01,    4.7023101807e+01,    5.2689999342e-01,    6.9582901895e-02,
    5.2799898386e-01,    3.2501098514e-01,    5.2799898386e-01,    5.1504398346e+01,    5.2799898386e-01,    4.2628601193e-01,
    5.2909898758e-01,    2.7864399552e-01,    5.2909898758e-01,    5.4371101379e+01,    5.2909898758e-01,    2.7689900994e-01,
    5.3019899130e-01,    1.4779700339e-01,    5.3019899130e-01,    4.3820301056e+01,    5.3019899130e-01,   -2.2477200627e-01,
    5.3129899502e-01,    2.4270999432e-01,    5.3129899502e-01,    5.0126098633e+01,    5.3129899502e-01,    3.6267799139e-01,
    5.3239899874e-01,    3.4525099397e-01,    5.3239899874e-01,    5.1306198120e+01,    5.3239899874e-01,    2.8775799274e-01,
    5.3349900246e-01,    1.4158299565e-01,    5.3349900246e-01,    5.2932201385e+01,    5.3349900246e-01,    4.4071498513e-01,
    5.3459900618e-01,    1.5860100091e-01,    5.3459900618e-01,    4.4702201843e+01,    5.3459900618e-01,   -2.8795498610e-01,
    5.3570002317e-01,    3.3713701367e-01,    5.3570002317e-01,    5.3424400330e+01,    5.3570002317e-01,    6.1125999689e-01,
    5.3679800034e-01,    2.9032701254e-01,    5.3679800034e-01,    5.4959499359e+01,    5.3679800034e-01,    2.9505300522e-01,
    5.3789901733e-01,    1.1933200061e-01,    5.3789901733e-01,    5.0167499542e+01,    5.3789901733e-01,    7.7274702489e-02,
    5.3899902105e-01,    3.8068300486e-01,    5.3899902105e-01,    4.8060901642e+01,    5.3899902105e-01,    7.4619300663e-02,
    5.4009997845e-01,    4.2795899510e-01,    5.4009997845e-01,    5.3527698517e+01,    5.4009997845e-01,    5.7807898521e-01,
    5.4119902849e-01,    1.0715299845e-01,    5.4119902849e-01,    5.6937500000e+01,    5.4119902849e-01,    3.2322499156e-01,
    5.4229897261e-01,    2.1058499813e-01,    5.4229897261e-01,    4.6701400757e+01,    5.4229897261e-01,   -1.6359999776e-01,
    5.4339897633e-01,    5.4968500137e-01,    5.4339897633e-01,    5.1515499115e+01,    5.4339897633e-01,    3.2112398744e-01,
    5.4449999332e-01,    3.5972601175e-01,    5.4449999332e-01,    5.3097000122e+01,    5.4449999332e-01,    3.3885300159e-01,
    5.4559999704e-01,   -5.1735501736e-02,    5.4559999704e-01,    5.5669498444e+01,    5.4559999704e-01,    3.3511799574e-01,
    5.4670000076e-01,    2.6311099529e-01,    5.4670000076e-01,    4.5446399689e+01,    5.4670000076e-01,   -1.5740899742e-01,
    5.4779899120e-01,    6.3938397169e-01,    5.4779899120e-01,    5.3777698517e+01,    5.4779899120e-01,    5.5796700716e-01,
    5.4890000820e-01,    2.3403400183e-01,    5.4890000820e-01,    5.4929798126e+01,    5.4890000820e-01,    1.2139400095e-01,
    5.4999798536e-01,   -1.6227999330e-01,    5.4999798536e-01,    5.1426700592e+01,    5.4999798536e-01,    1.6536399722e-01,
    5.5109798908e-01,    5.0676500797e-01,    5.5109798908e-01,    4.6711700439e+01,    5.5109798908e-01,    5.0158500671e-02,
    5.5219900608e-01,    6.6116297245e-01,    5.5219900608e-01,    5.3188701630e+01,    5.5219900608e-01,    6.1346101761e-01,
    5.5329799652e-01,    4.1288301349e-02,    5.5329799652e-01,    5.6114101410e+01,    5.5329799652e-01,    1.8858300149e-01,
    5.5439800024e-01,    1.8066100776e-02,    5.5439800024e-01,    4.6141399384e+01,    5.5439800024e-01,   -5.8807998896e-02,
    5.5549901724e-01,    7.1897900105e-01,    5.5549901724e-01,    4.8895599365e+01,    5.5549901724e-01,    4.0443399549e-01,
    5.5659902096e-01,    5.0973999500e-01,    5.5659902096e-01,    5.1298099518e+01,    5.5659902096e-01,    5.6214100122e-01,
    5.5769997835e-01,   -1.7637400329e-01,    5.5769997835e-01,    5.4791801453e+01,    5.5769997835e-01,    4.0241101384e-01,
    5.5879902840e-01,    5.4795000702e-02,    5.5879902840e-01,    4.3805801392e+01,    5.5879902840e-01,   -3.2017998397e-02,
    5.5989897251e-01,    8.5113298893e-01,    5.5989897251e-01,    5.2135101318e+01,    5.5989897251e-01,    5.7145202160e-01,
    5.6099897623e-01,    3.5845598578e-01,    5.6099897623e-01,    5.3140300751e+01,    5.6099897623e-01,    2.4387100339e-01,
    5.6209999323e-01,   -3.3116799593e-01,    5.6209999323e-01,    5.2088901520e+01,    5.6209999323e-01,    3.4777298570e-01,
    5.6319898367e-01,    2.9794999957e-01,    5.6319898367e-01,    4.5180698395e+01,    5.6319898367e-01,    1.5716299415e-01,
    5.6429898739e-01,    8.1659501791e-01,    5.6429898739e-01,    5.2992599487e+01,    5.6429898739e-01,    5.0677800179e-01,
    5.6539797783e-01,    1.2573699653e-01,    5.6539797783e-01,    5.5710601807e+01,    5.6539797783e-01,    1.9937799871e-01,
    5.6649899483e-01,   -1.7864499986e-01,    5.6649899483e-01,    4.7624599457e+01,    5.6649899483e-01,   -3.4616101533e-02,
    5.6759899855e-01,    4.3501299620e-01,    5.6759899855e-01,    4.8425998688e+01,    5.6759899855e-01,    3.8104999065e-01,
    5.6869900227e-01,    5.8322399855e-01,    5.6869900227e-01,    5.1781200409e+01,    5.6869900227e-01,    3.2711499929e-01,
    5.6979900599e-01,    7.8244797885e-02,    5.6979900599e-01,    5.4897499084e+01,    5.6979900599e-01,    2.4619999528e-01,
    5.7089799643e-01,   -1.5257500112e-01,    5.7089799643e-01,    4.4502201080e+01,    5.7089799643e-01,    1.5183899552e-02,
    5.7199800014e-01,    3.8980299234e-01,    5.7199800014e-01,    5.2136100769e+01,    5.7199800014e-01,    4.7615200281e-01,
    5.7309800386e-01,    4.1210201383e-01,    5.7309800386e-01,    5.2794998169e+01,    5.7309800386e-01,    2.0026099682e-01,
    5.7419902086e-01,    1.2693899870e-01,    5.7419902086e-01,    5.4156700134e+01,    5.7419902086e-01,    3.0065101385e-01,
    5.7529801130e-01,   -5.4264601320e-02,    5.7529801130e-01,    4.5785301208e+01,    5.7529801130e-01,    1.2503999472e-01,
    5.7639801502e-01,    2.9529398680e-01,    5.7639801502e-01,    5.4276298523e+01,    5.7639801502e-01,    4.0966901183e-01,
    5.7749897242e-01,    4.2110800743e-01,    5.7749897242e-01,    5.6678100586e+01,    5.7749897242e-01,    1.9132299721e-01,
    5.7859897614e-01,    1.0477799922e-01,    5.7859897614e-01,    4.9749801636e+01,    5.7859897614e-01,    1.1392199993e-01,
    5.7969897985e-01,   -2.5068101287e-01,    5.7969897985e-01,    4.9469699860e+01,    5.7969897985e-01,    3.1894600391e-01,
    5.8079999685e-01,    1.8219999969e-01,    5.8079999685e-01,    5.3383800507e+01,    5.8079999685e-01,    1.6531300545e-01,
    5.8189898729e-01,    7.4118298292e-01,    5.8189898729e-01,    5.7319000244e+01,    5.8189898729e-01,    1.3203699887e-01,
    5.8299899101e-01,    9.6930496395e-02,    5.8299899101e-01,    4.6383499146e+01,    5.8299899101e-01,    7.6919198036e-02,
    5.8410000801e-01,   -6.3895499706e-01,    5.8410000801e-01,    5.3251998901e+01,    5.8410000801e-01,    3.6289200187e-01,
    5.8520001173e-01,    9.3214698136e-02,    5.8520001173e-01,    5.3882598877e+01,    5.8520001173e-01,    1.0029699653e-01,
    5.8630001545e-01,    1.0227500200e+00,    5.8630001545e-01,    5.5635501862e+01,    5.8630001545e-01,    1.4548000693e-01,
    5.8739799261e-01,   -2.6575100422e-01,    5.8739799261e-01,    4.6246101379e+01,    5.8739799261e-01,    1.6093899310e-01,
    5.8850002289e-01,   -8.8001298904e-01,    5.8850002289e-01,    5.4871101379e+01,    5.8850002289e-01,    2.2028400004e-01,
    5.8960002661e-01,    5.1346898079e-01,    5.8960002661e-01,    5.6338100433e+01,    5.8960002661e-01,    5.6701898575e-02,
    5.9069901705e-01,    9.0821397305e-01,    5.9069901705e-01,    5.0392601013e+01,    5.9069901705e-01,    9.9084697664e-02,
    5.9179902077e-01,   -1.1054500341e+00,    5.9179902077e-01,    4.9595699310e+01,    5.9179902077e-01,    2.0410099626e-01,
    5.9289902449e-01,   -7.4395298958e-01,    5.9289902449e-01,    5.3825801849e+01,    5.9289902449e-01,    1.4191200025e-02,
    5.9399998188e-01,    1.4013600349e+00,    5.9399998188e-01,    5.7650699615e+01,    5.9399998188e-01,   -2.0076500252e-02,
    5.9509801865e-01,    4.8013699055e-01,    5.9509801865e-01,    4.5512798309e+01,    5.9509801865e-01,    1.4993700385e-01,
    5.9619802237e-01,   -1.9293800592e+00,    5.9619802237e-01,    5.1574298859e+01,    5.9619802237e-01,    2.3113200068e-01,
    5.9729802608e-01,   -4.7969698906e-01,    5.9729802608e-01,    5.2190101624e+01,    5.9729802608e-01,    7.7364198864e-02,
    5.9839898348e-01,    2.0766398907e+00,    5.9839898348e-01,    5.4782398224e+01,    5.9839898348e-01,    1.5497100353e-01,
    5.9949797392e-01,   -3.3443000913e-01,    5.9949797392e-01,    4.4329700470e+01,    5.9949797392e-01,    2.8106901050e-01,
    6.0060000420e-01,   -2.3111701012e+00,    6.0060000420e-01,    5.3361499786e+01,    6.0060000420e-01,    6.3364103436e-02,
    6.0169798136e-01,    4.0033000708e-01,    6.0169798136e-01,    5.4658699036e+01,    6.0169798136e-01,    1.7677199841e-01,
    6.0279899836e-01,    1.9475599527e+00,    6.0279899836e-01,    5.0161300659e+01,    6.0279899836e-01,    2.3569600284e-01,
    6.0390001535e-01,   -1.7573000193e+00,    6.0390001535e-01,    4.7800998688e+01,    6.0390001535e-01,    1.9396799803e-01,
    6.0500001907e-01,   -2.0584800243e+00,    6.0500001907e-01,    5.3326099396e+01,    6.0500001907e-01,   -9.7132802010e-02,
    6.0609799623e-01,    1.8970999718e+00,    6.0609799623e-01,    5.6802398682e+01,    6.0609799623e-01,    1.5608200431e-01,
    6.0719901323e-01,    1.1092799902e+00,    6.0719901323e-01,    4.5896999359e+01,    6.0719901323e-01,    1.1067699641e-01,
    6.0829901695e-01,   -3.2719900608e+00,    6.0829901695e-01,    5.1991901398e+01,    6.0829901695e-01,    4.1889701039e-02,
    6.0939800739e-01,   -1.2889900208e+00,    6.0939800739e-01,    5.2505401611e+01,    6.0939800739e-01,   -1.0410100222e-01,
    6.1049902439e-01,    3.0768599510e+00,    6.1049902439e-01,    5.5554298401e+01,    6.1049902439e-01,    6.2706597149e-02,
    6.1159998178e-01,   -1.6102300584e-01,    6.1159998178e-01,    4.4943401337e+01,    6.1159998178e-01,    1.8163600564e-01,
    6.1269897223e-01,   -3.7694098949e+00,    6.1269897223e-01,    5.4298801422e+01,    6.1269897223e-01,   -1.8626900017e-01,
    6.1379897594e-01,    1.2309999764e-01,    6.1379897594e-01,    5.5121299744e+01,    6.1379897594e-01,   -2.0449200645e-02,
    6.1489802599e-01,    3.0602400303e+00,    6.1489802599e-01,    5.1855701447e+01,    6.1489802599e-01,    1.2815900147e-01,
    6.1599999666e-01,   -2.0508000851e+00,    6.1599999666e-01,    4.8536701202e+01,    6.1599999666e-01,   -3.3088300377e-02,
    6.1709797382e-01,   -3.0176699162e+00,    6.1709797382e-01,    5.4701999664e+01,    6.1709797382e-01,   -1.5761899948e-01,
    6.1819899082e-01,    2.1811499596e+00,    6.1819899082e-01,    5.7696899414e+01,    6.1819899082e-01,    4.2975001037e-02,
    6.1929899454e-01,    1.5140500069e+00,    6.1929899454e-01,    4.7005599976e+01,    6.1929899454e-01,    1.1473299935e-02,
    6.2039798498e-01,   -3.8787999153e+00,    6.2039798498e-01,    5.3196498871e+01,    6.2039798498e-01,   -1.7843399942e-01,
    6.2150001526e-01,   -1.6895300150e+00,    6.2150001526e-01,    5.3566898346e+01,    6.2150001526e-01,   -7.6941400766e-02,
    6.2259900570e-01,    3.5769200325e+00,    6.2259900570e-01,    5.6879699707e+01,    6.2259900570e-01,    3.8874298334e-02,
    6.2370002270e-01,   -8.9442901313e-02,    6.2370002270e-01,    4.5969799042e+01,    6.2370002270e-01,    3.6301799119e-02,
    6.2479901314e-01,   -4.4782500267e+00,    6.2479901314e-01,    5.5518299103e+01,    6.2479901314e-01,   -1.8074500561e-01,
    6.2589901686e-01,   -1.4850699902e-01,    6.2589901686e-01,    5.5993698120e+01,    6.2589901686e-01,    9.1975897551e-02,
    6.2699902058e-01,    3.4254000187e+00,    6.2699902058e-01,    5.2740898132e+01,    6.2699902058e-01,    5.0621300936e-02,
    6.2809902430e-01,   -2.5632300377e+00,    6.2809902430e-01,    4.9127101898e+01,    6.2809902430e-01,   -1.9442099333e-01,
    6.2919998169e-01,   -3.6810700893e+00,    6.2919998169e-01,    5.5433799744e+01,    6.2919998169e-01,   -2.2105400264e-01,
    6.3029998541e-01,    2.3037700653e+00,    6.3029998541e-01,    5.8193099976e+01,    6.3029998541e-01,    1.6219599545e-01,
    6.3139897585e-01,    1.4125599861e+00,    6.3139897585e-01,    4.7180400848e+01,    6.3139897585e-01,   -2.1757999435e-02,
    6.3249802589e-01,   -4.5848798752e+00,    6.3249802589e-01,    5.3397598267e+01,    6.3249802589e-01,   -2.8359401226e-01,
    6.3359802961e-01,   -2.0483400822e+00,    6.3359802961e-01,    5.3614101410e+01,    6.3359802961e-01,   -3.1785201281e-02,
    6.3469898701e-01,    3.8105399609e+00,    6.3469898701e-01,    5.6151599884e+01,    6.3469898701e-01,   -1.0751499794e-02,
    6.3580000401e-01,   -3.1591600180e-01,    6.3580000401e-01,    4.4336898804e+01,    6.3580000401e-01,   -8.2525603473e-02,
    6.3689798117e-01,   -5.1274299622e+00,    6.3689798117e-01,    5.4078399658e+01,    6.3689798117e-01,   -1.4588999748e-01,
    6.3799899817e-01,   -4.0777501464e-01,    6.3799899817e-01,    5.4161701202e+01,    6.3799899817e-01,    1.9950200617e-01,
    6.3909900188e-01,    3.4338700771e+00,    6.3909900188e-01,    5.0508800507e+01,    6.3909900188e-01,   -3.3947300166e-02,
    6.4019900560e-01,   -3.3733000755e+00,    6.4019900560e-01,    4.7180500031e+01,    6.4019900560e-01,   -3.0675199628e-01,
    6.4129799604e-01,   -4.3640298843e+00,    6.4129799604e-01,    5.3481601715e+01,    6.4129799604e-01,   -9.4670698047e-02,
    6.4239901304e-01,    2.2274100780e+00,    6.4239901304e-01,    5.6329498291e+01,    6.4239901304e-01,    2.1041400731e-01,
    6.4349997044e-01,    1.2948100567e+00,    6.4349997044e-01,    4.5546398163e+01,    6.4349997044e-01,   -1.9371299446e-01,
    6.4459800720e-01,   -5.9170298576e+00,    6.4459800720e-01,    5.2577098846e+01,    6.4459800720e-01,   -2.8329798579e-01,
    6.4569902420e-01,   -2.7873098850e+00,    6.4569902420e-01,    5.2962398529e+01,    6.4569902420e-01,    6.9241099060e-02,
    6.4679902792e-01,    4.0673499107e+00,    6.4679902792e-01,    5.5443901062e+01,    6.4679902792e-01,   -1.1248300225e-01,
    6.4789897203e-01,   -1.1793899536e+00,    6.4789897203e-01,    4.4496398926e+01,    6.4789897203e-01,   -3.3675798774e-01,
    6.4899802208e-01,   -6.5846800804e+00,    6.4899802208e-01,    5.4225601196e+01,    6.4899802208e-01,   -1.8556900322e-01,
    6.5009999275e-01,   -4.2825800180e-01,    6.5009999275e-01,    5.4282798767e+01,    6.5009999275e-01,    7.5607299805e-02,
    6.5119898319e-01,    3.8428299427e+00,    6.5119898319e-01,    5.0331600189e+01,    6.5119898319e-01,   -1.8071499467e-01,
    6.5230000019e-01,   -4.9260201454e+00,    6.5230000019e-01,    4.7961101532e+01,    6.5230000019e-01,   -2.9224300385e-01,
    6.5339797735e-01,   -5.3779201508e+00,    6.5339797735e-01,    5.3792198181e+01,    6.5339797735e-01,   -9.6311196685e-02,
    6.5449899435e-01,    2.9476799965e+00,    6.5449899435e-01,    5.6605800629e+01,    6.5449899435e-01,   -5.6966398843e-03,
    6.5559798479e-01,    1.0000400543e+00,    6.5559798479e-01,    4.5752101898e+01,    6.5559798479e-01,   -3.1000399590e-01,
    6.5670001507e-01,   -7.8874001503e+00,    6.5670001507e-01,    5.3409000397e+01,    6.5670001507e-01,   -1.8050600588e-01,
    6.5780001879e-01,   -3.1078898907e+00,    6.5780001879e-01,    5.3531501770e+01,    6.5780001879e-01,    7.4631996453e-02,
    6.5889900923e-01,    5.1115198135e+00,    6.5889900923e-01,    5.5837799072e+01,    6.5889900923e-01,   -2.3686699569e-01,
    6.5999901295e-01,   -2.3534400463e+00,    6.5999901295e-01,    4.5642700195e+01,    6.5999901295e-01,   -3.5517600179e-01,
    6.6109901667e-01,   -8.4638204575e+00,    6.6109901667e-01,    5.5427799225e+01,    6.6109901667e-01,    4.4164199382e-02,
    6.6219902039e-01,    1.8927000463e-01,    6.6219902039e-01,    5.5539501190e+01,    6.6219902039e-01,    1.2314400077e-01,
    6.6329902411e-01,    4.6828198433e+00,    6.6329902411e-01,    5.0740001678e+01,    6.6329902411e-01,   -2.4224500358e-01,
    6.6439902782e-01,   -7.5284600258e+00,    6.6439902782e-01,    4.9331798553e+01,    6.6439902782e-01,   -2.1578299999e-01,
    6.6549998522e-01,   -6.7484798431e+00,    6.6549998522e-01,    5.4165901184e+01,    6.6549998522e-01,   -1.3397599757e-01,
    6.6659897566e-01,    4.6999101639e+00,    6.6659897566e-01,    5.6710498810e+01,    6.6659897566e-01,   -1.1547599733e-01,
    6.6769897938e-01,    6.6223502159e-01,    6.6769897938e-01,    4.6107398987e+01,    6.6769897938e-01,   -1.9873200357e-01,
    6.6879802942e-01,   -1.1121500015e+01,    6.6879802942e-01,    5.4709098816e+01,    6.6879802942e-01,    8.3455599844e-02,
    6.6989898682e-01,   -3.2020099163e+00,    6.6989898682e-01,    5.4370098114e+01,    6.6989898682e-01,   -3.7120800465e-02,
    6.7099899054e-01,    7.2811398506e+00,    6.7099899054e-01,    5.5165599823e+01,    6.7099899054e-01,   -3.4089300036e-01,
    6.7209899426e-01,   -4.6283698082e+00,    6.7209899426e-01,    4.5466701508e+01,    6.7209899426e-01,   -2.4596600235e-01,
    6.7319899797e-01,   -1.0995800018e+01,    6.7319899797e-01,    5.4546600342e+01,    6.7319899797e-01,    2.7543099597e-02,
    6.7429900169e-01,    1.8783199787e+00,    6.7429900169e-01,    5.4661598206e+01,    6.7429900169e-01,    5.9332698584e-02,
    6.7539900541e-01,    5.7915501595e+00,    6.7539900541e-01,    4.8268199921e+01,    6.7539900541e-01,   -4.7308001667e-02,
    6.7649900913e-01,   -1.1965700150e+01,    6.7649900913e-01,    4.7988098145e+01,    6.7649900913e-01,   -5.6955698878e-02,
    6.7759799957e-01,   -7.9490199089e+00,    6.7759799957e-01,    5.2208301544e+01,    6.7759799957e-01,   -2.1431200206e-02,
    6.7869800329e-01,    7.5455999374e+00,    6.7869800329e-01,    5.3613700867e+01,    6.7869800329e-01,   -1.1778999865e-01,
    6.7979800701e-01,    2.2793500125e-01,    6.7979800701e-01,    4.3287200928e+01,    6.7979800701e-01,   -5.3132999688e-02,
    6.8089902401e-01,   -1.6074499130e+01,    6.8089902401e-01,    5.2393901825e+01,    6.8089902401e-01,    1.4681699686e-02,
    6.8199801445e-01,   -3.3059499264e+00,    6.8199801445e-01,    5.1706100464e+01,    6.8199801445e-01,   -3.4148699045e-01,
    6.8309801817e-01,    1.0505800247e+01,    6.8309801817e-01,    5.0993198395e+01,    6.8309801817e-01,   -1.2463499792e-02,
    6.8419998884e-01,   -8.5902204514e+00,    6.8419998884e-01,    4.4933998108e+01,    6.8419998884e-01,   -1.4916600287e-01,
    6.8529999256e-01,   -1.4845700264e+01,    6.8529999256e-01,    5.3245498657e+01,    6.8529999256e-01,    1.8253199756e-02,
    6.8639802933e-01,    4.3411102295e+00,    6.8639802933e-01,    5.3349498749e+01,    6.8639802933e-01,   -2.6061800122e-01,
    6.8749898672e-01,    7.5128197670e+00,    6.8749898672e-01,    4.6621898651e+01,    6.8749898672e-01,    1.3811600208e-01,
    6.8860000372e-01,   -1.9112400055e+01,    6.8860000372e-01,    4.8759399414e+01,    6.8860000372e-01,   -1.9910700619e-02,
    6.8970000744e-01,   -9.8329896927e+00,    6.8970000744e-01,    5.1993198395e+01,    6.8970000744e-01,   -1.1092299968e-01,
    6.9079798460e-01,    1.1553400040e+01,    6.9079798460e-01,    5.2526599884e+01,    6.9079798460e-01,    8.3395000547e-03,
    6.9189900160e-01,   -1.3701000214e+00,    6.9189900160e-01,    4.3895198822e+01,    6.9189900160e-01,    1.3952699304e-01,
    6.9299900532e-01,   -2.2455099106e+01,    6.9299900532e-01,    5.2476501465e+01,    6.9299900532e-01,   -1.6602300107e-01,
    6.9409900904e-01,   -2.1407198906e+00,    6.9409900904e-01,    5.2369998932e+01,    6.9409900904e-01,   -1.8417400122e-01,
    6.9520002604e-01,    1.4185099602e+01,    6.9520002604e-01,    4.9406898499e+01,    6.9520002604e-01,    3.9194500446e-01,
    6.9629901648e-01,   -1.4146800041e+01,    6.9629901648e-01,    4.6643501282e+01,    6.9629901648e-01,   -2.4764500558e-02,
    6.9739800692e-01,   -1.7989000320e+01,    6.9739800692e-01,    5.2854598999e+01,    6.9739800692e-01,   -1.1889199913e-01,
    6.9849801064e-01,    7.5403800011e+00,    6.9849801064e-01,    5.3497898102e+01,    6.9849801064e-01,    1.4464300126e-02,
    6.9959801435e-01,    8.8969297409e+00,    6.9959801435e-01,    4.6776901245e+01,    6.9959801435e-01,    3.2328599691e-01,
    7.0069897175e-01,   -2.4600400925e+01,    7.0069897175e-01,    5.0362800598e+01,    7.0069897175e-01,   -2.4582999945e-01,
    7.0179897547e-01,   -1.0465000153e+01,    7.0179897547e-01,    5.2811199188e+01,    7.0179897547e-01,    8.5868500173e-02,
    7.0289897919e-01,    1.5529700279e+01,    7.0289897919e-01,    5.2600700378e+01,    7.0289897919e-01,    3.1690001488e-01,
    7.0399802923e-01,   -1.6085900068e+00,    7.0399802923e-01,    4.5678600311e+01,    7.0399802923e-01,    2.5163200498e-01,
    7.0509898663e-01,   -2.6411300659e+01,    7.0509898663e-01,    5.4123298645e+01,    7.0509898663e-01,   -2.8100600839e-01,
    7.0619899035e-01,   -2.4198399484e-01,    7.0619899035e-01,    5.4171798706e+01,    7.0619899035e-01,    2.0926100016e-01,
    7.0729798079e-01,    1.6640399933e+01,    7.0729798079e-01,    4.9677501678e+01,    7.0729798079e-01,    3.6303099990e-01,
    7.0839798450e-01,   -1.5269900322e+01,    7.0839798450e-01,    4.8007999420e+01,    7.0839798450e-01,   -4.8037398607e-02,
    7.0949798822e-01,   -1.8499099731e+01,    7.0949798822e-01,    5.3573699951e+01,    7.0949798822e-01,   -9.5894902945e-02,
    7.1059900522e-01,    9.2245597839e+00,    7.1059900522e-01,    5.4134601593e+01,    7.1059900522e-01,    2.7315199375e-01,
    7.1169900894e-01,    9.4140701294e+00,    7.1169900894e-01,    4.6540199280e+01,    7.1169900894e-01,    3.2336801291e-01,
    7.1280002594e-01,   -2.5058300018e+01,    7.1280002594e-01,    5.0314098358e+01,    7.1280002594e-01,   -3.1918600202e-01,
    7.1390002966e-01,   -9.8524103165e+00,    7.1390002966e-01,    5.2801898956e+01,    7.1390002966e-01,    3.8192999363e-01,
    7.1499997377e-01,    1.4489000320e+01,    7.1499997377e-01,    5.2150600433e+01,    7.1499997377e-01,    3.6210998893e-01,
    7.1609902382e-01,   -8.0203300714e-01,    7.1609902382e-01,    4.4186698914e+01,    7.1609902382e-01,    2.2909200191e-01,
    7.1719998121e-01,   -2.6787300110e+01,    7.1719998121e-01,    5.3764999390e+01,    7.1719998121e-01,   -3.9983001351e-01,
    7.1829801798e-01,   -6.3420301676e-01,    7.1829801798e-01,    5.2988498688e+01,    7.1829801798e-01,    2.1698799729e-01,
    7.1939802170e-01,    1.4284299850e+01,    7.1939802170e-01,    4.8499401093e+01,    7.1939802170e-01,    3.0325698853e-01,
    7.2049897909e-01,   -1.3379099846e+01,    7.2049897909e-01,    4.6096698761e+01,    7.2049897909e-01,   -1.1635299772e-01,
    7.2159898281e-01,   -1.9286800385e+01,    7.2159898281e-01,    5.4434101105e+01,    7.2159898281e-01,   -1.5060199797e-01,
    7.2269797325e-01,    7.5437898636e+00,    7.2269797325e-01,    5.3013198853e+01,    7.2269797325e-01,   -4.8905100673e-02,
    7.2380000353e-01,    8.4608097076e+00,    7.2380000353e-01,    4.6612300873e+01,    7.2380000353e-01,    2.4307900667e-01,
    7.2489798069e-01,   -2.4145299911e+01,    7.2489798069e-01,    5.0060001373e+01,    7.2489798069e-01,   -7.4207997322e-01,
    7.2599798441e-01,   -9.8094797134e+00,    7.2599798441e-01,    5.4256401062e+01,    7.2599798441e-01,    1.2848199904e-01,
    7.2710001469e-01,    1.2806099892e+01,    7.2710001469e-01,    5.2930400848e+01,    7.2710001469e-01,   -1.5055100620e-01,
    7.2819900513e-01,    1.1634600163e-01,    7.2819900513e-01,    4.4534500122e+01,    7.2819900513e-01,    3.8160499930e-01,
    7.2930002213e-01,   -2.6603599548e+01,    7.2930002213e-01,    5.4589199066e+01,    7.2930002213e-01,   -6.1001402140e-01,
    7.3040002584e-01,   -3.7649700046e-01,    7.3040002584e-01,    5.3705398560e+01,    7.3040002584e-01,    3.6656698585e-01,
    7.3149901628e-01,    1.3885800362e+01,    7.3149901628e-01,    4.9394798279e+01,    7.3149901628e-01,   -2.4535600096e-02,
    7.3259902000e-01,   -1.1569800377e+01,    7.3259902000e-01,    4.6560798645e+01,    7.3259902000e-01,    1.2618699670e-01,
    7.3369801044e-01,   -1.9617200851e+01,    7.3369801044e-01,    5.6765201569e+01,    7.3369801044e-01,   -6.4422197640e-02,
    7.3479998112e-01,    8.5908298492e+00,    7.3479998112e-01,    5.3585998535e+01,    7.3479998112e-01,    2.1552599967e-01,
    7.3589801788e-01,    8.7042503357e+00,    7.3589801788e-01,    4.7643600464e+01,    7.3589801788e-01,    3.5523700714e-01,
    7.3699998856e-01,   -2.3124099731e+01,    7.3699998856e-01,    5.0979099274e+01,    7.3699998856e-01,   -6.0315400362e-01,
    7.3809897900e-01,   -8.7016897202e+00,    7.3809897900e-01,    5.5449199677e+01,    7.3809897900e-01,    4.4595500827e-01,
    7.3919802904e-01,    1.3299699783e+01,    7.3919802904e-01,    5.3427101135e+01,    7.3919802904e-01,   -7.5374501757e-03,
    7.4029898643e-01,   -1.8282599747e-01,    7.4029898643e-01,    4.5754299164e+01,    7.4029898643e-01,    3.2871600986e-01,
    7.4140000343e-01,   -2.5658399582e+01,    7.4140000343e-01,    5.6335098267e+01,    7.4140000343e-01,   -8.0867600441e-01,
    7.4249899387e-01,    1.5205899477e+00,    7.4249899387e-01,    5.4529201508e+01,    7.4249899387e-01,    4.4593399763e-01,
    7.4360001087e-01,    1.4035200119e+01,    7.4360001087e-01,    5.0864101410e+01,    7.4360001087e-01,   -1.4943699539e-01,
    7.4470001459e-01,   -1.1735799789e+01,    7.4470001459e-01,    4.7451400757e+01,    7.4470001459e-01,   -1.2892599404e-01,
    7.4579900503e-01,   -1.7659599304e+01,    7.4579900503e-01,    5.8717899323e+01,    7.4579900503e-01,   -6.7304599285e-01,
    7.4690002203e-01,    1.0810600281e+01,    7.4690002203e-01,    5.4132198334e+01,    7.4690002203e-01,   -1.0715200007e-01,
    7.4799799919e-01,    8.0116300583e+00,    7.4799799919e-01,    4.8741199493e+01,    7.4799799919e-01,   -3.4268800169e-02,
    7.4910002947e-01,   -2.3114700317e+01,    7.4910002947e-01,    5.2110698700e+01,    7.4910002947e-01,   -7.3428702354e-01,
    7.5019901991e-01,   -6.5751900673e+00,    7.5019901991e-01,    5.6666400909e+01,    7.5019901991e-01,   -6.9206796587e-02,
    7.5129801035e-01,    1.4856599808e+01,    7.5129801035e-01,    5.3924999237e+01,    7.5129801035e-01,   -3.1949800253e-01,
    7.5239998102e-01,   -1.2278499603e+00,    7.5239998102e-01,    4.5841098785e+01,    7.5239998102e-01,   -1.5871299431e-02,
    7.5349998474e-01,   -2.5333299637e+01,    7.5349998474e-01,    5.6836299896e+01,    7.5349998474e-01,   -6.4018398523e-01,
    7.5459897518e-01,    3.8053801060e+00,    7.5459897518e-01,    5.4300598145e+01,    7.5459897518e-01,    8.9215196669e-02,
    7.5569999218e-01,    1.4618900299e+01,    7.5569999218e-01,    4.9829898834e+01,    7.5569999218e-01,   -3.1428998709e-01,
    7.5679802895e-01,   -1.2656200409e+01,    7.5679802895e-01,    4.6813999176e+01,    7.5679802895e-01,   -3.9564698935e-01,
    7.5789898634e-01,   -1.7937700272e+01,    7.5789898634e-01,    5.9344699860e+01,    7.5789898634e-01,   -6.7763698101e-01,
    7.5899797678e-01,    1.3015700340e+01,    7.5899797678e-01,    5.3142799377e+01,    7.5899797678e-01,   -1.5885199606e-01,
    7.6010000706e-01,    8.8133497238e+00,    7.6010000706e-01,    4.7841701508e+01,    7.6010000706e-01,   -5.7696498930e-02,
    7.6119899750e-01,   -2.4268499374e+01,    7.6119899750e-01,    5.1357799530e+01,    7.6119899750e-01,   -7.3642098904e-01,
    7.6229798794e-01,   -5.9073400497e+00,    7.6229798794e-01,    5.7866100311e+01,    7.6229798794e-01,   -1.1972700059e-01,
    7.6340001822e-01,    1.6709199905e+01,    7.6340001822e-01,    5.2373298645e+01,    7.6340001822e-01,   -5.1334398985e-01,
    7.6450002193e-01,   -6.7935800552e-01,    7.6450002193e-01,    4.6308200836e+01,    7.6450002193e-01,   -2.2382999957e-01,
    7.6560002565e-01,   -2.6686800003e+01,    7.6560002565e-01,    5.7090000153e+01,    7.6560002565e-01,   -9.2390900850e-01,
    7.6669901609e-01,    5.1630601883e+00,    7.6669901609e-01,    5.5780399323e+01,    7.6669901609e-01,   -4.3982300907e-02,
    7.6779901981e-01,    1.6127899170e+01,    7.6779901981e-01,    4.9685901642e+01,    7.6779901981e-01,   -3.7302699685e-01,
    7.6889997721e-01,   -1.3576800346e+01,    7.6889997721e-01,    4.7641201019e+01,    7.6889997721e-01,   -4.9763900042e-01,
    7.6999801397e-01,   -1.8429000854e+01,    7.6999801397e-01,    6.0200401306e+01,    7.6999801397e-01,   -8.3367902040e-01,
    7.7109897137e-01,    1.4946800232e+01,    7.7109897137e-01,    5.3266201019e+01,    7.7109897137e-01,   -4.7243899107e-01,
    7.7219897509e-01,    9.7310495377e+00,    7.7219897509e-01,    4.8504600525e+01,    7.7219897509e-01,   -2.2797900438e-01,
    7.7329802513e-01,   -2.5403900146e+01,    7.7329802513e-01,    5.1777301788e+01,    7.7329802513e-01,   -9.4155198336e-01,
    7.7439999580e-01,   -5.8787899017e+00,    7.7439999580e-01,    5.9056999207e+01,    7.7439999580e-01,   -4.9322798848e-01,
    7.7549898624e-01,    1.8221000671e+01,    7.7549898624e-01,    5.2322200775e+01,    7.7549898624e-01,   -6.4700597525e-01,
    7.7660000324e-01,   -6.5641599894e-01,    7.7660000324e-01,    4.7576198578e+01,    7.7660000324e-01,   -4.0975001454e-01,
    7.7769798040e-01,   -2.7695600510e+01,    7.7769798040e-01,    5.7866298676e+01,    7.7769798040e-01,   -1.1717900038e+00,
    7.7880001068e-01,    7.0921602249e+00,    7.7880001068e-01,    5.6412899017e+01,    7.7880001068e-01,   -4.3981298804e-01,
    7.7989798784e-01,    1.6806100845e+01,    7.7989798784e-01,    5.0263099670e+01,    7.7989798784e-01,   -5.3602701426e-01,
    7.8099900484e-01,   -1.4602100372e+01,    7.8099900484e-01,    4.9396800995e+01,    7.8099900484e-01,   -6.3794702291e-01,
    7.8209900856e-01,   -1.8209499359e+01,    7.8209900856e-01,    6.1704299927e+01,    7.8209900856e-01,   -9.3390297890e-01,
    7.8319901228e-01,    1.7040199280e+01,    7.8319901228e-01,    5.4540401459e+01,    7.8319901228e-01,   -5.1087701321e-01,
    7.8430002928e-01,    1.0128299713e+01,    7.8430002928e-01,    5.0029499054e+01,    7.8430002928e-01,   -4.7816899419e-01,
    7.8539901972e-01,   -2.7225000381e+01,    7.8539901972e-01,    5.3903598785e+01,    7.8539901972e-01,   -8.6587601900e-01,
    7.8649902344e-01,   -4.5362801552e+00,    7.8649902344e-01,    6.0111801147e+01,    7.8649902344e-01,   -3.9074501395e-01,
    7.8759902716e-01,    1.9907199860e+01,    7.8759902716e-01,    5.2997699738e+01,    7.8759902716e-01,   -4.1294500232e-01,
    7.8869998455e-01,   -2.2228400707e+00,    7.8869998455e-01,    4.9071300507e+01,    7.8869998455e-01,   -6.2366497517e-01,
    7.8979897499e-01,   -2.8805299759e+01,    7.8979897499e-01,    5.9089900970e+01,    7.8979897499e-01,   -8.6506599188e-01,
    7.9089897871e-01,    9.8956699371e+00,    7.9089897871e-01,    5.5995700836e+01,    7.9089897871e-01,   -6.2529303133e-02,
    7.9199802876e-01,    1.7909700394e+01,    7.9199802876e-01,    5.0241001129e+01,    7.9199802876e-01,   -4.5292699337e-01,
    7.9309999943e-01,   -1.6949800491e+01,    7.9309999943e-01,    4.9916000366e+01,    7.9309999943e-01,   -5.0621902943e-01,
    7.9419898987e-01,   -1.8173299789e+01,    7.9419898987e-01,    6.0936599731e+01,    7.9419898987e-01,   -6.1091101170e-01,
    7.9529899359e-01,    2.0482200623e+01,    7.9529899359e-01,    5.2631500244e+01,    7.9529899359e-01,   -3.7580901384e-01,
    7.9639798403e-01,    9.9927902222e+00,    7.9639798403e-01,    4.8690898895e+01,    7.9639798403e-01,   -5.7143998146e-01,
    7.9749900103e-01,   -2.8260999680e+01,    7.9749900103e-01,    5.2587799072e+01,    7.9749900103e-01,   -5.4894697666e-01,
    7.9859900475e-01,   -2.0044798851e+00,    7.9859900475e-01,    5.9777400970e+01,    7.9859900475e-01,   -4.9359300733e-01,
    7.9969799519e-01,    2.2613000870e+01,    7.9969799519e-01,    5.0879901886e+01,    7.9969799519e-01,   -4.6307501197e-01,
    8.0080002546e-01,   -3.2399299145e+00,    8.0080002546e-01,    4.9047000885e+01,    8.0080002546e-01,   -4.1683998704e-01,
    8.0189800262e-01,   -2.8662000656e+01,    8.0189800262e-01,    5.8957199097e+01,    8.0189800262e-01,   -4.8807999492e-01,
    8.0299901962e-01,    1.3834500313e+01,    8.0299901962e-01,    5.6969200134e+01,    8.0299901962e-01,   -1.9935199618e-01,
    8.0409902334e-01,    1.8311199188e+01,    8.0409902334e-01,    5.0674800873e+01,    8.0409902334e-01,   -5.6199300289e-01,
    8.0519902706e-01,   -1.9445499420e+01,    8.0519902706e-01,    5.0854499817e+01,    8.0519902706e-01,   -2.1153399348e-01,
    8.0629897118e-01,   -1.6968000412e+01,    8.0629897118e-01,    6.1703498840e+01,    8.0629897118e-01,   -3.8678801060e-01,
    8.0739802122e-01,    2.2809900284e+01,    8.0739802122e-01,    5.3344898224e+01,    8.0739802122e-01,   -2.3479600251e-01,
    8.0849897861e-01,    9.6461400986e+00,    8.0849897861e-01,    4.9340400696e+01,    8.0849897861e-01,   -4.7551900148e-01,
    8.0959999561e-01,   -3.1674499512e+01,    8.0959999561e-01,    5.3399299622e+01,    8.0959999561e-01,   -1.8010999262e-01,
    8.1069898605e-01,   -3.4257799387e-01,    8.1069898605e-01,    5.9122100830e+01,    8.1069898605e-01,    1.4152900316e-02,
    8.1179898977e-01,    2.4893800735e+01,    8.1179898977e-01,    5.0424701691e+01,    8.1179898977e-01,   -2.4933099747e-01,
    8.1289899349e-01,   -5.6238799095e+00,    8.1289899349e-01,    4.9099498749e+01,    8.1289899349e-01,   -4.1092500091e-01,
    8.1399899721e-01,   -3.0308000565e+01,    8.1399899721e-01,    5.7482799530e+01,    8.1399899721e-01,   -6.2255197763e-01,
    8.1509798765e-01,    1.7083000183e+01,    8.1509798765e-01,    5.5715099335e+01,    8.1509798765e-01,   -2.3131199181e-02,
    8.1619900465e-01,    1.9308599472e+01,    8.1619900465e-01,    4.9973800659e+01,    8.1619900465e-01,   -3.3060500026e-01,
    8.1729900837e-01,   -2.1208299637e+01,    8.1729900837e-01,    5.1118099213e+01,    8.1729900837e-01,    5.3496699780e-02,
    8.1840002537e-01,   -1.7003900528e+01,    8.1840002537e-01,    6.0392299652e+01,    8.1840002537e-01,   -5.3628200293e-01,
    8.1949901581e-01,    2.6041200638e+01,    8.1949901581e-01,    5.3677200317e+01,    8.1949901581e-01,   -2.1547600627e-01,
    8.2059997320e-01,    9.2979297638e+00,    8.2059997320e-01,    5.0432300568e+01,    8.2059997320e-01,   -3.8083100319e-01,
    8.2169800997e-01,   -3.3965801239e+01,    8.2169800997e-01,    5.4217201233e+01,    8.2169800997e-01,    3.2863799483e-02,
    8.2279998064e-01,    1.4238699675e+00,    8.2279998064e-01,    5.9440200806e+01,    8.2279998064e-01,   -1.4917199314e-01,
    8.2389897108e-01,    2.7463100433e+01,    8.2389897108e-01,    5.1784099579e+01,    8.2389897108e-01,   -2.7017399669e-01,
    8.2499897480e-01,   -8.8835296631e+00,    8.2499897480e-01,    5.1150600433e+01,    8.2499897480e-01,   -1.9288900495e-01,
    8.2609897852e-01,   -3.2868598938e+01,    8.2609897852e-01,    5.7429401398e+01,    8.2609897852e-01,   -4.5553201437e-01,
    8.2719999552e-01,    1.9330299377e+01,    8.2719999552e-01,    5.6417499542e+01,    8.2719999552e-01,    4.3041300774e-01,
    8.2829898596e-01,    2.1937599182e+01,    8.2829898596e-01,    5.0660400391e+01,    8.2829898596e-01,   -3.6763799191e-01,
    8.2940000296e-01,   -2.5911399841e+01,    8.2940000296e-01,    5.1660900116e+01,    8.2940000296e-01,    4.3665200472e-02,
    8.3049899340e-01,   -1.7651899338e+01,    8.3049899340e-01,    5.8276298523e+01,    8.3049899340e-01,   -6.1083102226e-01,
    8.3160001040e-01,    2.9488700867e+01,    8.3160001040e-01,    5.2673599243e+01,    8.3160001040e-01,    1.8601100147e-01,
    8.3269900084e-01,    8.3119602203e+00,    8.3269900084e-01,    5.0539100647e+01,    8.3269900084e-01,   -4.8555201292e-01,
    8.3379900455e-01,   -3.6234199524e+01,    8.3379900455e-01,    5.1619800568e+01,    8.3379900455e-01,   -2.1641200408e-02,
    8.3489900827e-01,    3.5724000931e+00,    8.3489900827e-01,    5.6596199036e+01,    8.3489900827e-01,   -2.4275299907e-01,
    8.3599799871e-01,    2.9988599777e+01,    8.3599799871e-01,    4.9777301788e+01,    8.3599799871e-01,   -3.8854900002e-01,
    8.3710002899e-01,   -1.0816699982e+01,    8.3710002899e-01,    4.9450500488e+01,    8.3710002899e-01,   -4.1869598627e-01,
    8.3819997311e-01,   -3.2935398102e+01,    8.3819997311e-01,    5.2485099792e+01,    8.3819997311e-01,   -5.4037302732e-01,
    8.3929902315e-01,    2.2302299500e+01,    8.3929902315e-01,    5.4868801117e+01,    8.3929902315e-01,   -2.0620900393e-01,
    8.4039902687e-01,    2.1846099854e+01,    8.4039902687e-01,    4.9202899933e+01,    8.4039902687e-01,   -6.9590198994e-01,
    8.4149998426e-01,   -2.5172199249e+01,    8.4149998426e-01,    5.0254100800e+01,    8.4149998426e-01,   -2.9874600470e-02,
    8.4259998798e-01,   -1.8937599182e+01,    8.4259998798e-01,    5.4588798523e+01,    8.4259998798e-01,   -8.7423098087e-01,
    8.4369802475e-01,    3.1841100693e+01,    8.4369802475e-01,    5.2505298615e+01,    8.4369802475e-01,   -7.9833999276e-02,
    8.4479999542e-01,    8.4090995789e+00,    8.4479999542e-01,    4.9965999603e+01,    8.4479999542e-01,   -6.6646701097e-01,
    8.4589898586e-01,   -3.3818500519e+01,    8.4589898586e-01,    5.0731700897e+01,    8.4589898586e-01,   -8.9511603117e-02,
    8.4700000286e-01,    1.0370700359e+00,    8.4700000286e-01,    5.5133399963e+01,    8.4700000286e-01,   -6.2252700329e-01,
    8.4809899330e-01,    3.1918800354e+01,    8.4809899330e-01,    5.0707901001e+01,    8.4809899330e-01,   -1.0334900022e-01,
    8.4920001030e-01,   -8.4594497681e+00,    8.4920001030e-01,    5.0617099762e+01,    8.4920001030e-01,   -6.0868299007e-01,
    8.5029798746e-01,   -3.4152999878e+01,    8.5029798746e-01,    5.0237598419e+01,    8.5029798746e-01,   -5.0525802374e-01,
    8.5139900446e-01,    2.0379199982e+01,    8.5139900446e-01,    5.5261100769e+01,    8.5139900446e-01,   -3.7151598930e-01,
    8.5249799490e-01,    2.5236299515e+01,    8.5249799490e-01,    4.9397598267e+01,    8.5249799490e-01,   -5.5640798807e-01,
    8.5360002518e-01,   -2.3122999191e+01,    8.5360002518e-01,    5.0841400146e+01,    8.5360002518e-01,   -4.4748300314e-01,
    8.5469800234e-01,   -2.2376899719e+01,    8.5469800234e-01,    5.1375400543e+01,    8.5469800234e-01,   -1.3090000153e+00,
    8.5579901934e-01,    3.1713300705e+01,    8.5579901934e-01,    5.4080200195e+01,    8.5579901934e-01,   -4.8920801282e-01,
    8.5689902306e-01,    1.2729399681e+01,    8.5689902306e-01,    4.9486598969e+01,    8.5689902306e-01,   -1.2272900343e+00,
    8.5799998045e-01,   -3.0670200348e+01,    8.5799998045e-01,    5.1237800598e+01,    8.5799998045e-01,   -5.4634600878e-01,
    8.5909801722e-01,   -4.9920701981e+00,    8.5909801722e-01,    5.3742099762e+01,    8.5909801722e-01,   -1.6003700495e+00,
    8.6019897461e-01,    3.3887500763e+01,    8.6019897461e-01,    5.2508701324e+01,    8.6019897461e-01,   -6.2215399742e-01,
    8.6129897833e-01,   -3.9122099876e+00,    8.6129897833e-01,    5.1577598572e+01,    8.6129897833e-01,   -1.5875099897e+00,
    8.6239898205e-01,   -3.2644199371e+01,    8.6239898205e-01,    5.1228500366e+01,    8.6239898205e-01,   -8.1260401011e-01,
    8.6349999905e-01,    1.4486900330e+01,    8.6349999905e-01,    5.6434501648e+01,    8.6349999905e-01,   -1.4304599762e+00,
    8.6459898949e-01,    2.7778900146e+01,    8.6459898949e-01,    5.0894500732e+01,    8.6459898949e-01,   -9.7510999441e-01,
    8.6569899321e-01,   -1.8544500351e+01,    8.6569899321e-01,    5.2146900177e+01,    8.6569899321e-01,   -1.2282600403e+00,
    8.6680001020e-01,   -2.6956399918e+01,    8.6680001020e-01,    5.1475299835e+01,    8.6680001020e-01,   -1.1425199509e+00,
    8.6789900064e-01,    2.7972900391e+01,    8.6789900064e-01,    5.5864799500e+01,    8.6789900064e-01,   -8.9122700691e-01,
    8.6899900436e-01,    1.7227500916e+01,    8.6899900436e-01,    4.9368801117e+01,    8.6899900436e-01,   -1.2353500128e+00,
    8.7009799480e-01,   -2.9716699600e+01,    8.7009799480e-01,    5.1735801697e+01,    8.7009799480e-01,   -7.0288401842e-01,
    8.7119901180e-01,   -1.1487700462e+01,    8.7119901180e-01,    5.3166198730e+01,    8.7119901180e-01,   -1.5155800581e+00,
    8.7230002880e-01,    3.3588699341e+01,    8.7230002880e-01,    5.2510299683e+01,    8.7230002880e-01,   -3.4922200441e-01,
    8.7339800596e-01,    3.9108699560e-01,    8.7339800596e-01,    5.0373600006e+01,    8.7339800596e-01,   -1.6520899534e+00,
    8.7449800968e-01,   -3.1934400558e+01,    8.7449800968e-01,    5.0470500946e+01,    8.7449800968e-01,   -6.3351297379e-01,
    8.7559998035e-01,    7.8521299362e+00,    8.7559998035e-01,    5.3840000153e+01,    8.7559998035e-01,   -1.5810799599e+00,
    8.7669801712e-01,    2.8550100327e+01,    8.7669801712e-01,    4.9549499512e+01,    8.7669801712e-01,   -6.3927000761e-01,
    8.7779802084e-01,   -1.4715900421e+01,    8.7779802084e-01,    4.9721000671e+01,    8.7779802084e-01,   -1.6374900341e+00,
    8.7889802456e-01,   -2.7841400146e+01,    8.7889802456e-01,    4.8622600555e+01,    8.7889802456e-01,   -1.1456099749e+00,
    8.7999898195e-01,    2.3847600937e+01,    8.7999898195e-01,    5.4305801392e+01,    8.7999898195e-01,   -1.7877899408e+00,
    8.8109999895e-01,    1.8752000809e+01,    8.8109999895e-01,    4.7733100891e+01,    8.8109999895e-01,   -1.4935499430e+00,
    8.8219898939e-01,   -2.6539600372e+01,    8.8219898939e-01,    4.9546298981e+01,    8.8219898939e-01,   -1.8029700518e+00,
    8.8329797983e-01,   -1.5952899933e+01,    8.8329797983e-01,    5.0808101654e+01,    8.8329797983e-01,   -2.1538400650e+00,
    8.8439899683e-01,    3.1520900726e+01,    8.8439899683e-01,    5.3052501678e+01,    8.8439899683e-01,   -1.5959600210e+00,
    8.8549798727e-01,    5.5682902336e+00,    8.8549798727e-01,    4.8550998688e+01,    8.8549798727e-01,   -2.0247199535e+00,
    8.8660001755e-01,   -3.0302600861e+01,    8.8660001755e-01,    5.0300300598e+01,    8.8660001755e-01,   -1.4811400175e+00,
    8.8769900799e-01,    7.3259902000e-01,    8.8769900799e-01,    5.2602199554e+01,    8.8769900799e-01,   -2.1525700092e+00,
    8.8879799843e-01,    3.0448299408e+01,    8.8879799843e-01,    5.1040798187e+01,    8.8879799843e-01,   -1.1387599707e+00,
    8.8989901543e-01,   -9.8959302902e+00,    8.8989901543e-01,    4.9505798340e+01,    8.8989901543e-01,   -1.8177599907e+00,
    8.9099800587e-01,   -2.8779499054e+01,    8.9099800587e-01,    5.0225399017e+01,    8.9099800587e-01,   -1.1927700043e+00,
    8.9209902287e-01,    1.8305500031e+01,    8.9209902287e-01,    5.5041900635e+01,    8.9209902287e-01,   -1.4629600048e+00,
    8.9319902658e-01,    2.2221399307e+01,    8.9319902658e-01,    4.9492500305e+01,    8.9319902658e-01,   -1.4324100018e+00,
    8.9429897070e-01,   -2.2436800003e+01,    8.9429897070e-01,    4.9830699921e+01,    8.9429897070e-01,   -1.5181499720e+00,
    8.9539802074e-01,   -2.1803499222e+01,    8.9539802074e-01,    5.0659999847e+01,    8.9539802074e-01,   -1.6425499916e+00,
    8.9649897814e-01,    2.9728000641e+01,    8.9649897814e-01,    5.4440399170e+01,    8.9649897814e-01,   -1.2987999916e+00,
    8.9759898186e-01,    1.0527299881e+01,    8.9759898186e-01,    4.8440299988e+01,    8.9759898186e-01,   -1.6982100010e+00,
    8.9869898558e-01,   -3.0616699219e+01,    8.9869898558e-01,    5.0042598724e+01,    8.9869898558e-01,   -1.1726499796e+00,
    8.9979797602e-01,   -6.2182202339e+00,    8.9979797602e-01,    5.2832199097e+01,    8.9979797602e-01,   -2.2288799286e+00,
    9.0089899302e-01,    3.2885501862e+01,    9.0089899302e-01,    5.2174999237e+01,    9.0089899302e-01,   -1.0699599981e+00,
    9.0199899673e-01,   -5.1453599930e+00,    9.0199899673e-01,    5.0094799042e+01,    9.0199899673e-01,   -1.9533300400e+00,
    9.0309900045e-01,   -3.0419500351e+01,    9.0309900045e-01,    5.1226898193e+01,    9.0309900045e-01,   -1.2030899525e+00,
    9.0420001745e-01,    1.2467499733e+01,    9.0420001745e-01,    5.5531200409e+01,    9.0420001745e-01,   -1.7059099674e+00,
    9.0529900789e-01,    2.5442199707e+01,    9.0529900789e-01,    5.1175399780e+01,    9.0529900789e-01,   -1.1845300198e+00,
    9.0639901161e-01,   -1.8558099747e+01,    9.0639901161e-01,    5.0895000458e+01,    9.0639901161e-01,   -1.6811200380e+00,
    9.0749800205e-01,   -2.5754600525e+01,    9.0749800205e-01,    5.1771499634e+01,    9.0749800205e-01,   -1.3358600140e+00,
    9.0859901905e-01,    2.7026599884e+01,    9.0859901905e-01,    5.6581798553e+01,    9.0859901905e-01,   -1.1541399956e+00,
    9.0969902277e-01,    1.4333999634e+01,    9.0969902277e-01,    4.9721801758e+01,    9.0969902277e-01,   -1.3583199978e+00,
    9.1079801321e-01,   -2.9004800797e+01,    9.1079801321e-01,    5.0860599518e+01,    9.1079801321e-01,   -1.0943200588e+00,
    9.1189998388e-01,   -1.1679300308e+01,    9.1189998388e-01,    5.3526000977e+01,    9.1189998388e-01,   -2.0662200451e+00,
    9.1299998760e-01,    3.3258098602e+01,    9.1299998760e-01,    5.3159301758e+01,    9.1299998760e-01,   -9.3618202209e-01,
    9.1409897804e-01,   -1.0868899822e+00,    9.1409897804e-01,    4.8354198456e+01,    9.1409897804e-01,   -1.7883299589e+00,
    9.1519802809e-01,   -3.1402999878e+01,    9.1519802809e-01,    4.9777099609e+01,    9.1519802809e-01,   -8.9880901575e-01,
    9.1629797220e-01,    6.2851500511e+00,    9.1629797220e-01,    5.3057201385e+01,    9.1629797220e-01,   -2.1953001022e+00,
    9.1740000248e-01,    2.8416299820e+01,    9.1740000248e-01,    4.9661201477e+01,    9.1740000248e-01,   -1.2466499805e+00,
    9.1849797964e-01,   -1.6421600342e+01,    9.1849797964e-01,    4.7705501556e+01,    9.1849797964e-01,   -2.1666600704e+00,
    9.1959798336e-01,   -2.6785299301e+01,    9.1959798336e-01,    4.9046398163e+01,    9.1959798336e-01,   -1.7518700361e+00,
    9.2070001364e-01,    2.2627899170e+01,    9.2070001364e-01,    5.3628398895e+01,    9.2070001364e-01,   -2.2859098911e+00,
    9.2180001736e-01,    1.6929700851e+01,    9.2180001736e-01,    4.8765998840e+01,    9.2180001736e-01,   -2.3761000633e+00,
    9.2289799452e-01,   -2.5895599365e+01,    9.2289799452e-01,    4.7865100861e+01,    9.2289799452e-01,   -1.9338300228e+00,
    9.2400002480e-01,   -1.6514200211e+01,    9.2400002480e-01,    5.0787700653e+01,    9.2400002480e-01,   -2.3932399750e+00,
    9.2509901524e-01,    3.2338798523e+01,    9.2509901524e-01,    5.3091899872e+01,    9.2509901524e-01,   -1.9264999628e+00,
    9.2619901896e-01,    3.7159199715e+00,    9.2619901896e-01,    4.8027400970e+01,    9.2619901896e-01,   -2.1742699146e+00,
    9.2729902267e-01,   -3.1069799423e+01,    9.2729902267e-01,    4.8467899323e+01,    9.2729902267e-01,   -1.3657399416e+00,
    9.2839902639e-01,   -2.9653999209e-01,    9.2839902639e-01,    5.1561798096e+01,    9.2839902639e-01,   -2.5405800343e+00,
    9.2949801683e-01,    3.2771701813e+01,    9.2949801683e-01,    5.0658500671e+01,    9.2949801683e-01,   -1.3105399609e+00,
    9.3059802055e-01,   -1.1976400375e+01,    9.3059802055e-01,    4.6466400146e+01,    9.3059802055e-01,   -1.5813200474e+00,
    9.3169897795e-01,   -2.9465099335e+01,    9.3169897795e-01,    4.8680301666e+01,    9.3169897795e-01,   -1.0077899694e+00,
    9.3279802799e-01,    1.6868700027e+01,    9.3279802799e-01,    5.0929100037e+01,    9.3279802799e-01,   -1.4593199492e+00,
    9.3389898539e-01,    2.3481399536e+01,    9.3389898539e-01,    4.8347801208e+01,    9.3389898539e-01,   -1.3555699587e+00,
    9.3499898911e-01,   -2.2660600662e+01,    9.3499898911e-01,    4.5688899994e+01,    9.3499898911e-01,   -9.6644699574e-01,
    9.3609797955e-01,   -2.2952100754e+01,    9.3609797955e-01,    4.8054798126e+01,    9.3609797955e-01,   -1.3764499426e+00,
    9.3720000982e-01,    2.8346200943e+01,    9.3720000982e-01,    5.1651798248e+01,    9.3720000982e-01,   -1.2502100468e+00,
    9.3830001354e-01,    1.1631699562e+01,    9.3830001354e-01,    4.7815700531e+01,    9.3830001354e-01,   -1.7525899410e+00,
    9.3939900398e-01,   -2.9616199493e+01,    9.3939900398e-01,    4.7513599396e+01,    9.3939900398e-01,   -9.7690302134e-01,
    9.4050002098e-01,   -1.0673999786e+01,    9.4050002098e-01,    5.0863899231e+01,    9.4050002098e-01,   -2.3672399521e+00,
    9.4159799814e-01,    3.3472599030e+01,    9.4159799814e-01,    5.1842998505e+01,    9.4159799814e-01,   -1.4004399776e+00,
    9.4270002842e-01,   -1.0470000505e+00,    9.4270002842e-01,    4.9237499237e+01,    9.4270002842e-01,   -1.5936499834e+00,
    9.4379800558e-01,   -3.1216699600e+01,    9.4379800558e-01,    4.9571300507e+01,    9.4379800558e-01,   -1.1891399622e+00,
    9.4489902258e-01,    4.5248799324e+00,    9.4489902258e-01,    5.2206699371e+01,    9.4489902258e-01,   -2.0651500225e+00,
    9.4599902630e-01,    3.0820299149e+01,    9.4599902630e-01,    5.1399398804e+01,    9.4599902630e-01,   -1.3415499926e+00,
    9.4709801674e-01,   -1.4232799530e+01,    9.4709801674e-01,    4.8336799622e+01,    9.4709801674e-01,   -1.2370500565e+00,
    9.4819897413e-01,   -2.8924299240e+01,    9.4819897413e-01,    5.0164699554e+01,    9.4819897413e-01,   -1.0314300060e+00,
    9.4929897785e-01,    1.9353200912e+01,    9.4929897785e-01,    5.2599498749e+01,    9.4929897785e-01,   -1.0355600119e+00,
    9.5039802790e-01,    2.1205600739e+01,    9.5039802790e-01,    4.9501998901e+01,    9.5039802790e-01,   -1.3399399519e+00,
    9.5149797201e-01,   -2.3652500153e+01,    9.5149797201e-01,    4.7480998993e+01,    9.5149797201e-01,   -5.4551297426e-01,
    9.5259898901e-01,   -2.0928300858e+01,    9.5259898901e-01,    5.0023101807e+01,    9.5259898901e-01,   -1.4951800108e+00,
    9.5369797945e-01,    2.7612300873e+01,    9.5369797945e-01,    5.1284698486e+01,    9.5369797945e-01,   -9.7299700975e-01,
    9.5480000973e-01,    1.0833000183e+01,    9.5480000973e-01,    4.8125701904e+01,    9.5480000973e-01,   -1.5460699797e+00,
    9.5590001345e-01,   -2.7671699524e+01,    9.5590001345e-01,    4.7664100647e+01,    9.5590001345e-01,   -6.6916698217e-01,
    9.5699799061e-01,   -1.1381299973e+01,    9.5699799061e-01,    5.0346000671e+01,    9.5699799061e-01,   -2.3835101128e+00,
    9.5809799433e-01,    3.0067899704e+01,    9.5809799433e-01,    5.0846500397e+01,    9.5809799433e-01,   -1.4584599733e+00,
    9.5919901133e-01,    6.4097297192e-01,    9.5919901133e-01,    4.9006000519e+01,    9.5919901133e-01,   -1.7981400490e+00,
    9.6029901505e-01,   -2.7211000443e+01,    9.6029901505e-01,    4.9577899933e+01,    9.6029901505e-01,   -1.7092499733e+00,
    9.6139997244e-01,    8.0679702759e-01,    9.6139997244e-01,    5.1334899902e+01,    9.6139997244e-01,   -2.5903799534e+00,
    9.6249902248e-01,    2.7208099365e+01,    9.6249902248e-01,    5.2033699036e+01,    9.6249902248e-01,   -2.0249099731e+00,
    9.6359902620e-01,   -8.2211503983e+00,    9.6359902620e-01,    4.9149501801e+01,    9.6359902620e-01,   -1.5687099695e+00,
    9.6469998360e-01,   -2.5725200653e+01,    9.6469998360e-01,    5.1352401733e+01,    9.6469998360e-01,   -2.0344400406e+00,
    9.6579897404e-01,    1.2026100159e+01,    9.6579897404e-01,    5.3087699890e+01,    9.6579897404e-01,   -1.5109800100e+00,
    9.6689897776e-01,    2.1736700058e+01,    9.6689897776e-01,    5.2042598724e+01,    9.6689897776e-01,   -2.0618999004e+00,
    9.6799898148e-01,   -1.5678500175e+01,    9.6799898148e-01,    4.9296398163e+01,    9.6799898148e-01,   -9.5842999220e-01,
    9.6909898520e-01,   -2.1455699921e+01,    9.6909898520e-01,    5.2020301819e+01,    9.6909898520e-01,   -2.0293600559e+00,
    9.7019898891e-01,    1.9796800613e+01,    9.7019898891e-01,    5.3315101624e+01,    9.7019898891e-01,   -6.8997699022e-01,
    9.7129899263e-01,    1.4814900398e+01,    9.7129899263e-01,    5.0460899353e+01,    9.7129899263e-01,   -1.6365100145e+00,
    9.7239899635e-01,   -1.9975999832e+01,    9.7239899635e-01,    4.9083499908e+01,    9.7239899635e-01,   -7.9074001312e-01,
    9.7349900007e-01,   -1.5485099792e+01,    9.7349900007e-01,    5.1615001678e+01,    9.7349900007e-01,   -2.0302100182e+00,
    9.7459900379e-01,    2.3271299362e+01,    9.7459900379e-01,    5.2348300934e+01,    9.7459900379e-01,   -5.0942999125e-01,
    9.7569900751e-01,    8.0747098923e+00,    9.7569900751e-01,    5.0633598328e+01,    9.7569900751e-01,   -1.3523700237e+00,
    9.7679799795e-01,   -2.0799999237e+01,    9.7679799795e-01,    5.1662799835e+01,    9.7679799795e-01,   -1.4074900150e+00,
    9.7789901495e-01,   -9.8258304596e+00,    9.7789901495e-01,    5.3072299957e+01,    9.7789901495e-01,   -2.2495400906e+00,
    9.7899901867e-01,    2.2302600861e+01,    9.7899901867e-01,    5.5394100189e+01,    9.7899901867e-01,   -1.2639600039e+00,
    9.8009902239e-01,    4.7659001350e+00,    9.8009902239e-01,    5.3107200623e+01,    9.8009902239e-01,   -1.3941199780e+00,
    9.8119902611e-01,   -2.0703100204e+01,    9.8119902611e-01,    5.5095798492e+01,    9.8119902611e-01,   -1.8226799965e+00,
    9.8229998350e-01,   -3.6433999538e+00,    9.8229998350e-01,    5.5685199738e+01,    9.8229998350e-01,   -1.5854899883e+00,
    9.8339897394e-01,    2.1301700592e+01,    9.8339897394e-01,    5.6059398651e+01,    9.8339897394e-01,   -1.5944199562e+00,
    9.8449802399e-01,   -1.9957000017e-01,    9.8449802399e-01,    5.2965999603e+01,    9.8449802399e-01,   -1.1172599792e+00,
    9.8559999466e-01,   -2.1087499619e+01,    9.8559999466e-01,    5.4532299042e+01,    9.8559999466e-01,   -1.8132499456e+00,
    9.8669898510e-01,    3.8334999084e+00,    9.8669898510e-01,    5.5497898102e+01,    9.8669898510e-01,   -8.7050300837e-01,
    9.8779898882e-01,    1.9036199570e+01,    9.8779898882e-01,    5.4183200836e+01,    9.8779898882e-01,   -1.6465799809e+00,
    9.8889899254e-01,   -4.9595999718e+00,    9.8889899254e-01,    5.3211299896e+01,    9.8889899254e-01,   -1.2884500027e+00,
    9.8999899626e-01,   -1.8560600281e+01,    9.8999899626e-01,    5.3810100555e+01,    9.8999899626e-01,   -1.9210699797e+00,
    9.9109899998e-01,    8.8000202179e+00,    9.9109899998e-01,    5.6245601654e+01,    9.9109899998e-01,   -9.4287401438e-01,
    9.9219900370e-01,    1.6864900589e+01,    9.9219900370e-01,    5.3861598969e+01,    9.9219900370e-01,   -2.1126101017e+00,
    9.9329799414e-01,   -6.6794900894e+00,    9.9329799414e-01,    5.3701900482e+01,    9.9329799414e-01,   -2.1432299614e+00,
    9.9439901114e-01,   -1.8518299103e+01,    9.9439901114e-01,    5.3275001526e+01,    9.9439901114e-01,   -2.1304500103e+00,
    9.9549901485e-01,    1.0724499702e+01,    9.9549901485e-01,    5.6199401855e+01,    9.9549901485e-01,   -1.4636000395e+00,
    9.9659901857e-01,    1.5019200325e+01,    9.9659901857e-01,    5.1988498688e+01,    9.9659901857e-01,   -2.1302800179e+00,
    9.9769800901e-01,   -8.4228000641e+00,    9.9769800901e-01,    5.4039199829e+01,    9.9769800901e-01,   -2.2910499573e+00,
    9.9879801273e-01,   -1.6450899124e+01,    9.9879801273e-01,    5.2375301361e+01,    9.9879801273e-01,   -1.7703200579e+00,
    9.9989902973e-01,    1.1548399925e+01,    9.9989902973e-01,    5.6222698212e+01,    9.9989902973e-01,   -2.0233099461e+00,
    1.0010000467e+00,    1.2457900047e+01,    1.0010000467e+00,    5.1691600800e+01,    1.0010000467e+00,   -1.8221600056e+00,
    1.0020999908e+00,   -9.1957397461e+00,    1.0020999908e+00,    5.5031299591e+01,    1.0020999908e+00,   -2.1693298817e+00,
    1.0032000542e+00,   -1.2451199532e+01,    1.0032000542e+00,    5.4191898346e+01,    1.0032000542e+00,   -1.3539700508e+00,
    1.0042999983e+00,    1.2401499748e+01,    1.0042999983e+00,    5.7319900513e+01,    1.0042999983e+00,   -2.1143300533e+00,
    1.0053999424e+00,    9.3815698624e+00,    1.0053999424e+00,    5.2085098267e+01,    1.0053999424e+00,   -1.5616899729e+00,
    1.0065000057e+00,   -1.1205200195e+01,    1.0065000057e+00,    5.6287601471e+01,    1.0065000057e+00,   -2.3049399853e+00,
    1.0075999498e+00,   -9.0800800323e+00,    1.0075999498e+00,    5.5677299500e+01,    1.0075999498e+00,   -1.0518800020e+00,
    1.0087000132e+00,    1.2794899940e+01,    1.0087000132e+00,    5.6854301453e+01,    1.0087000132e+00,   -1.8756300211e+00,
    1.0097999573e+00,    6.8180899620e+00,    1.0097999573e+00,    5.2114498138e+01,    1.0097999573e+00,   -1.0494600534e+00,
    1.0109000206e+00,   -1.2859600067e+01,    1.0109000206e+00,    5.5632598877e+01,    1.0109000206e+00,   -1.8210099936e+00,
    1.0119999647e+00,   -5.5974998474e+00,    1.0119999647e+00,    5.6257598877e+01,    1.0119999647e+00,   -7.4089300632e-01,
    1.0131000280e+00,    1.3706999779e+01,    1.0131000280e+00,    5.6387699127e+01,    1.0131000280e+00,   -1.7297699451e+00,
    1.0141999722e+00,    5.6992697716e+00,    1.0141999722e+00,    5.2451499939e+01,    1.0141999722e+00,   -8.1995099783e-01,
    1.0153000355e+00,   -1.5331899643e+01,    1.0153000355e+00,    5.5394199371e+01,    1.0153000355e+00,   -1.7453900576e+00,
    1.0163999796e+00,   -3.6175100803e+00,    1.0163999796e+00,    5.7070800781e+01,    1.0163999796e+00,   -4.8461198807e-01,
    1.0175000429e+00,    1.4834300041e+01,    1.0175000429e+00,    5.6240798950e+01,    1.0175000429e+00,   -1.3617099524e+00,
    1.0185999870e+00,    4.3725299835e+00,    1.0185999870e+00,    5.3729198456e+01,    1.0185999870e+00,   -8.8810497522e-01,
    1.0197000504e+00,   -1.7387699127e+01,    1.0197000504e+00,    5.6104198456e+01,    1.0197000504e+00,   -1.3928699493e+00,
    1.0207999945e+00,   -1.6414400339e+00,    1.0207999945e+00,    5.7970401764e+01,    1.0207999945e+00,   -2.6411199570e-01,
    1.0219000578e+00,    1.4347700119e+01,    1.0219000578e+00,    5.5717998505e+01,    1.0219000578e+00,   -9.7117698193e-01,
    1.0230000019e+00,    2.5751099586e+00,    1.0230000019e+00,    5.4579601288e+01,    1.0230000019e+00,   -6.9950199127e-01,
    1.0240999460e+00,   -1.7081300735e+01,    1.0240999460e+00,    5.5797798157e+01,    1.0240999460e+00,   -8.5875600576e-01,
    1.0252000093e+00,    2.3868399858e-01,    1.0252000093e+00,    5.7488800049e+01,    1.0252000093e+00,   -1.9875399768e-02,
    1.0262999535e+00,    1.2845899582e+01,    1.0262999535e+00,    5.4178001404e+01,    1.0262999535e+00,   -2.8874298930e-01,
    1.0274000168e+00,    1.4191700220e+00,    1.0274000168e+00,    5.4722099304e+01,    1.0274000168e+00,   -5.4392200708e-01,
    1.0284999609e+00,   -1.6496599197e+01,    1.0284999609e+00,    5.4815799713e+01,    1.0284999609e+00,   -6.6071397066e-01,
    1.0296000242e+00,    1.2189099789e+00,    1.0296000242e+00,    5.7333099365e+01,    1.0296000242e+00,   -1.4980700612e-01,
    1.0306999683e+00,    1.2448900223e+01,    1.0306999683e+00,    5.2263301849e+01,    1.0306999683e+00,   -6.3344597816e-02,
    1.0318000317e+00,    6.9375699759e-01,    1.0318000317e+00,    5.4195499420e+01,    1.0318000317e+00,   -5.1566100121e-01,
    1.0328999758e+00,   -1.6659900665e+01,    1.0328999758e+00,    5.3642700195e+01,    1.0328999758e+00,   -4.0760898590e-01,
    1.0340000391e+00,    2.3958399296e+00,    1.0340000391e+00,    5.6368301392e+01,    1.0340000391e+00,    1.9598299265e-01,
    1.0350999832e+00,    1.0729700089e+01,    1.0350999832e+00,    5.0455101013e+01,    1.0350999832e+00,    2.4024699628e-01,
    1.0362000465e+00,   -1.5199400485e-01,    1.0362000465e+00,    5.3425201416e+01,    1.0362000465e+00,   -2.9724800587e-01,
    1.0372999907e+00,   -1.5139499664e+01,    1.0372999907e+00,    5.3277400970e+01,    1.0372999907e+00,   -2.9082500935e-01,
    1.0384000540e+00,    2.6643500328e+00,    1.0384000540e+00,    5.6709098816e+01,    1.0384000540e+00,    1.5060200356e-02,
    1.0394999981e+00,    9.8873195648e+00,    1.0394999981e+00,    5.1089298248e+01,    1.0394999981e+00,    9.3192502856e-02,
    1.0405999422e+00,    7.1540302038e-01,    1.0405999422e+00,    5.5609401703e+01,    1.0405999422e+00,   -1.6397500038e-01,
    1.0417000055e+00,   -1.5062199593e+01,    1.0417000055e+00,    5.4507598877e+01,    1.0417000055e+00,   -3.2508400083e-01,
    1.0427999496e+00,    1.9670300484e+00,    1.0427999496e+00,    5.7661201477e+01,    1.0427999496e+00,    4.4708499312e-01,
    1.0439000130e+00,    9.3703603745e+00,    1.0439000130e+00,    5.1736598969e+01,    1.0439000130e+00,   -6.8435601890e-02,
    1.0449999571e+00,    1.2912100554e-01,    1.0449999571e+00,    5.5820098877e+01,    1.0449999571e+00,   -2.4048399925e-01,
    1.0461000204e+00,   -1.4389399529e+01,    1.0461000204e+00,    5.4204101563e+01,    1.0461000204e+00,   -7.3900200427e-02,
    1.0471999645e+00,    2.6558198929e+00,    1.0471999645e+00,    5.6343200684e+01,    1.0471999645e+00,    7.0680701733e-01,
    1.0483000278e+00,    8.5018596649e+00,    1.0483000278e+00,    5.0801300049e+01,    1.0483000278e+00,    1.2908899784e-01,
    1.0493999720e+00,    1.0618399829e-03,    1.0493999720e+00,    5.5158100128e+01,    1.0493999720e+00,    2.1817100048e-01,
    1.0505000353e+00,   -1.3873399734e+01,    1.0505000353e+00,    5.3931999207e+01,    1.0505000353e+00,   -2.7720199898e-02,
    1.0515999794e+00,    2.0878500938e+00,    1.0515999794e+00,    5.7001098633e+01,    1.0515999794e+00,    4.8647099733e-01,
    1.0527000427e+00,    9.3603401184e+00,    1.0527000427e+00,    5.1208198547e+01,    1.0527000427e+00,    5.1150698215e-02,
    1.0537999868e+00,    5.5928301811e-01,    1.0537999868e+00,    5.6403499603e+01,    1.0537999868e+00,    1.9409400225e-01,
    1.0549000502e+00,   -1.4492899895e+01,    1.0549000502e+00,    5.4310298920e+01,    1.0549000502e+00,    2.9471500311e-03,
    1.0559999943e+00,    1.6302200556e+00,    1.0559999943e+00,    5.6972198486e+01,    1.0559999943e+00,    6.9781100750e-01,
    1.0571000576e+00,    9.3451204300e+00,    1.0571000576e+00,    5.1186901093e+01,    1.0571000576e+00,    4.3434500694e-02,
    1.0582000017e+00,    1.6248699278e-02,    1.0582000017e+00,    5.6490501404e+01,    1.0582000017e+00,    4.0857300162e-01,
    1.0592999458e+00,   -1.4131500244e+01,    1.0592999458e+00,    5.4197799683e+01,    1.0592999458e+00,    4.6637800336e-01,
    1.0604000092e+00,    1.3471200466e+00,    1.0604000092e+00,    5.7268398285e+01,    1.0604000092e+00,    4.6175000072e-01,
    1.0614999533e+00,    9.8634700775e+00,    1.0614999533e+00,    5.1730201721e+01,    1.0614999533e+00,   -1.6841599718e-02,
    1.0626000166e+00,   -6.2390398979e-01,    1.0626000166e+00,    5.7180000305e+01,    1.0626000166e+00,    1.7082799971e-01,
    1.0636999607e+00,   -1.3809100151e+01,    1.0636999607e+00,    5.4410499573e+01,    1.0636999607e+00,    3.9610600471e-01,
    1.0648000240e+00,    1.3853600025e+00,    1.0648000240e+00,    5.7086898804e+01,    1.0648000240e+00,    3.2485499978e-01,
    1.0658999681e+00,    1.0356300354e+01,    1.0658999681e+00,    5.1585098267e+01,    1.0658999681e+00,   -8.0515801907e-02,
    1.0670000315e+00,   -1.0941400528e+00,    1.0670000315e+00,    5.6741298676e+01,    1.0670000315e+00,    1.6990099847e-01,
    1.0680999756e+00,   -1.3876000404e+01,    1.0680999756e+00,    5.3488601685e+01,    1.0680999756e+00,    5.0980097055e-01,
    1.0692000389e+00,    1.5544799566e+00,    1.0692000389e+00,    5.6491100311e+01,    1.0692000389e+00,    2.6324899867e-02,
    1.0702999830e+00,    1.0087800026e+01,    1.0702999830e+00,    5.0558898926e+01,    1.0702999830e+00,   -2.9214099050e-01,
    1.0714000463e+00,   -1.6292400360e+00,    1.0714000463e+00,    5.6199401855e+01,    1.0714000463e+00,   -2.0481700078e-02,
    1.0724999905e+00,   -1.3131799698e+01,    1.0724999905e+00,    5.3280200958e+01,    1.0724999905e+00,    5.8677500486e-01,
    1.0736000538e+00,    6.7031502724e-01,    1.0736000538e+00,    5.5972000122e+01,    1.0736000538e+00,   -5.1272101700e-02,
    1.0746999979e+00,    9.1513099670e+00,    1.0746999979e+00,    5.0957298279e+01,    1.0746999979e+00,   -3.3598798513e-01,
    1.0757999420e+00,   -6.3110101223e-01,    1.0757999420e+00,    5.5994598389e+01,    1.0757999420e+00,    1.1587900110e-02,
    1.0769000053e+00,   -1.2167599678e+01,    1.0769000053e+00,    5.3463699341e+01,    1.0769000053e+00,    5.9235501289e-01,
    1.0779999495e+00,    6.8979099393e-02,    1.0779999495e+00,    5.6077301025e+01,    1.0779999495e+00,   -1.3981400430e-01,
    1.0791000128e+00,    9.1550197601e+00,    1.0791000128e+00,    5.1791198730e+01,    1.0791000128e+00,   -4.2377901077e-01,
    1.0801999569e+00,   -1.0060900450e+00,    1.0801999569e+00,    5.6990898132e+01,    1.0801999569e+00,   -1.2331999838e-01,
    1.0813000202e+00,   -1.1568799973e+01,    1.0813000202e+00,    5.4441299438e+01,    1.0813000202e+00,    6.1453300714e-01,
    1.0823999643e+00,    5.6908000261e-02,    1.0823999643e+00,    5.7615600586e+01,    1.0823999643e+00,   -2.5659200549e-01,
    1.0835000277e+00,    9.3132295609e+00,    1.0835000277e+00,    5.3876899719e+01,    1.0835000277e+00,   -6.4614099264e-01,
    1.0845999718e+00,   -2.0053300858e+00,    1.0845999718e+00,    5.8338901520e+01,    1.0845999718e+00,   -2.8562100604e-02,
    1.0857000351e+00,   -1.0213800430e+01,    1.0857000351e+00,    5.5579399109e+01,    1.0857000351e+00,    5.1729702950e-01,
    1.0867999792e+00,    4.5072799921e-01,    1.0867999792e+00,    5.8250900269e+01,    1.0867999792e+00,   -5.3106200695e-01,
    1.0879000425e+00,    8.3082199097e+00,    1.0879000425e+00,    5.4981098175e+01,    1.0879000425e+00,   -6.7055600882e-01,
    1.0889999866e+00,   -2.1091899872e+00,    1.0889999866e+00,    5.9007701874e+01,    1.0889999866e+00,   -1.0762000084e-01,
    1.0901000500e+00,   -8.8810300827e+00,    1.0901000500e+00,    5.6364299774e+01,    1.0901000500e+00,    5.3164798021e-01,
    1.0911999941e+00,    3.2361599803e-01,    1.0911999941e+00,    5.9328399658e+01,    1.0911999941e+00,   -5.6188797951e-01,
    1.0923000574e+00,    8.2080602646e+00,    1.0923000574e+00,    5.7123199463e+01,    1.0923000574e+00,   -6.2996202707e-01,
    1.0934000015e+00,   -2.4147999287e+00,    1.0934000015e+00,    6.0496200562e+01,    1.0934000015e+00,   -3.6293201149e-02,
    1.0944999456e+00,   -7.6345200539e+00,    1.0944999456e+00,    5.8377300262e+01,    1.0944999456e+00,    3.8969099522e-01,
    1.0956000090e+00,    3.5574600101e-01,    1.0956000090e+00,    6.0733001709e+01,    1.0956000090e+00,   -9.0061599016e-01,
    1.0966999531e+00,    7.1075000763e+00,    1.0966999531e+00,    5.9124801636e+01,    1.0966999531e+00,   -3.7731400132e-01,
    1.0978000164e+00,   -2.2984900475e+00,    1.0978000164e+00,    6.1806598663e+01,    1.0978000164e+00,    1.9329699874e-01,
    1.0988999605e+00,   -5.4596300125e+00,    1.0988999605e+00,    6.0205799103e+01,    1.0988999605e+00,    4.2099601030e-01,
    1.1000000238e+00,    2.1786999702e-01,    1.1000000238e+00,    6.1352001190e+01,    1.1000000238e+00,   -9.5113199949e-01,
