LS-DYNA keyword deck by LS-PrePost,Rcforc Data
Time,Ma 368 X-force,Time,Ma 368 Y-force,Time,Ma 368 Z-force,
    0.0000000000e+00,    0.0000000000e+00,    0.0000000000e+00,    0.0000000000e+00,    0.0000000000e+00,    0.0000000000e+00,
    1.0996400379e-03,    0.0000000000e+00,    1.0996400379e-03,    0.0000000000e+00,    1.0996400379e-03,    0.0000000000e+00,
    2.1986800712e-03,    0.0000000000e+00,    2.1986800712e-03,    0.0000000000e+00,    2.1986800712e-03,    0.0000000000e+00,
    3.2980600372e-03,    0.0000000000e+00,    3.2980600372e-03,    0.0000000000e+00,    3.2980600372e-03,    0.0000000000e+00,
    4.3998998590e-03,    0.0000000000e+00,    4.3998998590e-03,    0.0000000000e+00,    4.3998998590e-03,    0.0000000000e+00,
    5.4985801689e-03,    0.0000000000e+00,    5.4985801689e-03,    0.0000000000e+00,    5.4985801689e-03,    0.0000000000e+00,
    6.5981298685e-03,    0.0000000000e+00,    6.5981298685e-03,    0.0000000000e+00,    6.5981298685e-03,    0.0000000000e+00,
    7.6979701407e-03,    0.0000000000e+00,    7.6979701407e-03,    0.0000000000e+00,    7.6979701407e-03,    0.0000000000e+00,
    8.7987398729e-03,    0.0000000000e+00,    8.7987398729e-03,    0.0000000000e+00,    8.7987398729e-03,    0.0000000000e+00,
    9.8982900381e-03,    0.0000000000e+00,    9.8982900381e-03,    0.0000000000e+00,    9.8982900381e-03,    0.0000000000e+00,
    1.0998199694e-02,    0.0000000000e+00,    1.0998199694e-02,    0.0000000000e+00,    1.0998199694e-02,    0.0000000000e+00,
    1.2099199928e-02,    0.0000000000e+00,    1.2099199928e-02,    0.0000000000e+00,    1.2099199928e-02,    0.0000000000e+00,
    1.3198699802e-02,    0.0000000000e+00,    1.3198699802e-02,    0.0000000000e+00,    1.3198699802e-02,    0.0000000000e+00,
    1.4298699796e-02,    0.0000000000e+00,    1.4298699796e-02,    0.0000000000e+00,    1.4298699796e-02,    0.0000000000e+00,
    1.5399199910e-02,    0.0000000000e+00,    1.5399199910e-02,    0.0000000000e+00,    1.5399199910e-02,    0.0000000000e+00,
    1.6498599201e-02,    0.0000000000e+00,    1.6498599201e-02,    0.0000000000e+00,    1.6498599201e-02,    0.0000000000e+00,
    1.7599800602e-02,    0.0000000000e+00,    1.7599800602e-02,    0.0000000000e+00,    1.7599800602e-02,    0.0000000000e+00,
    1.8699500710e-02,    0.0000000000e+00,    1.8699500710e-02,    0.0000000000e+00,    1.8699500710e-02,    0.0000000000e+00,
    1.9798099995e-02,    0.0000000000e+00,    1.9798099995e-02,    0.0000000000e+00,    1.9798099995e-02,    0.0000000000e+00,
    2.0898999646e-02,    0.0000000000e+00,    2.0898999646e-02,    0.0000000000e+00,    2.0898999646e-02,    0.0000000000e+00,
    2.1998599172e-02,    0.0000000000e+00,    2.1998599172e-02,    0.0000000000e+00,    2.1998599172e-02,    0.0000000000e+00,
    2.3098599166e-02,    0.0000000000e+00,    2.3098599166e-02,    0.0000000000e+00,    2.3098599166e-02,    0.0000000000e+00,
    2.4198699743e-02,    0.0000000000e+00,    2.4198699743e-02,    0.0000000000e+00,    2.4198699743e-02,    0.0000000000e+00,
    2.5298299268e-02,    0.0000000000e+00,    2.5298299268e-02,    0.0000000000e+00,    2.5298299268e-02,    0.0000000000e+00,
    2.6398699731e-02,    0.0000000000e+00,    2.6398699731e-02,    0.0000000000e+00,    2.6398699731e-02,    0.0000000000e+00,
    2.7498599142e-02,    0.0000000000e+00,    2.7498599142e-02,    0.0000000000e+00,    2.7498599142e-02,    0.0000000000e+00,
    2.8598200530e-02,    0.0000000000e+00,    2.8598200530e-02,    0.0000000000e+00,    2.8598200530e-02,    0.0000000000e+00,
    2.9698800296e-02,    0.0000000000e+00,    2.9698800296e-02,    0.0000000000e+00,    2.9698800296e-02,    0.0000000000e+00,
    3.0798699707e-02,    0.0000000000e+00,    3.0798699707e-02,    0.0000000000e+00,    3.0798699707e-02,    0.0000000000e+00,
    3.1897798181e-02,    0.0000000000e+00,    3.1897798181e-02,    0.0000000000e+00,    3.1897798181e-02,    0.0000000000e+00,
    3.2999798656e-02,    0.0000000000e+00,    3.2999798656e-02,    0.0000000000e+00,    3.2999798656e-02,    0.0000000000e+00,
    3.4099500626e-02,    0.0000000000e+00,    3.4099500626e-02,    0.0000000000e+00,    3.4099500626e-02,    0.0000000000e+00,
    3.5199198872e-02,    0.0000000000e+00,    3.5199198872e-02,    0.0000000000e+00,    3.5199198872e-02,    0.0000000000e+00,
    3.6299701780e-02,    0.0000000000e+00,    3.6299701780e-02,    0.0000000000e+00,    3.6299701780e-02,    0.0000000000e+00,
    3.7399500608e-02,    0.0000000000e+00,    3.7399500608e-02,    0.0000000000e+00,    3.7399500608e-02,    0.0000000000e+00,
    3.8499798626e-02,    0.0000000000e+00,    3.8499798626e-02,    0.0000000000e+00,    3.8499798626e-02,    0.0000000000e+00,
    3.9599299431e-02,    0.0000000000e+00,    3.9599299431e-02,    0.0000000000e+00,    3.9599299431e-02,    0.0000000000e+00,
    4.0699198842e-02,    0.0000000000e+00,    4.0699198842e-02,    0.0000000000e+00,    4.0699198842e-02,    0.0000000000e+00,
    4.1799098253e-02,    0.0000000000e+00,    4.1799098253e-02,    0.0000000000e+00,    4.1799098253e-02,    0.0000000000e+00,
    4.2898599058e-02,    0.0000000000e+00,    4.2898599058e-02,    0.0000000000e+00,    4.2898599058e-02,    0.0000000000e+00,
    4.3998599052e-02,    0.0000000000e+00,    4.3998599052e-02,    0.0000000000e+00,    4.3998599052e-02,    0.0000000000e+00,
    4.5099500567e-02,    0.0000000000e+00,    4.5099500567e-02,    0.0000000000e+00,    4.5099500567e-02,    0.0000000000e+00,
    4.6199001372e-02,    0.0000000000e+00,    4.6199001372e-02,    0.0000000000e+00,    4.6199001372e-02,    0.0000000000e+00,
    4.7299001366e-02,    0.0000000000e+00,    4.7299001366e-02,    0.0000000000e+00,    4.7299001366e-02,    0.0000000000e+00,
    4.8399601132e-02,    0.0000000000e+00,    4.8399601132e-02,    0.0000000000e+00,    4.8399601132e-02,    0.0000000000e+00,
    4.9498200417e-02,    0.0000000000e+00,    4.9498200417e-02,    0.0000000000e+00,    4.9498200417e-02,    0.0000000000e+00,
    5.0598498434e-02,    0.0000000000e+00,    5.0598498434e-02,    0.0000000000e+00,    5.0598498434e-02,    0.0000000000e+00,
    5.1698800176e-02,    0.0000000000e+00,    5.1698800176e-02,    0.0000000000e+00,    5.1698800176e-02,    0.0000000000e+00,
    5.2799098194e-02,    0.0000000000e+00,    5.2799098194e-02,    0.0000000000e+00,    5.2799098194e-02,    0.0000000000e+00,
    5.3899299353e-02,    0.0000000000e+00,    5.3899299353e-02,    0.0000000000e+00,    5.3899299353e-02,    0.0000000000e+00,
    5.4998800159e-02,    0.0000000000e+00,    5.4998800159e-02,    0.0000000000e+00,    5.4998800159e-02,    0.0000000000e+00,
    5.6099399924e-02,    0.0000000000e+00,    5.6099399924e-02,    0.0000000000e+00,    5.6099399924e-02,    0.0000000000e+00,
    5.7199399918e-02,    0.0000000000e+00,    5.7199399918e-02,    0.0000000000e+00,    5.7199399918e-02,    0.0000000000e+00,
    5.8299001306e-02,    0.0000000000e+00,    5.8299001306e-02,    0.0000000000e+00,    5.8299001306e-02,    0.0000000000e+00,
    5.9398401529e-02,    0.0000000000e+00,    5.9398401529e-02,    0.0000000000e+00,    5.9398401529e-02,    0.0000000000e+00,
    6.0498401523e-02,    0.0000000000e+00,    6.0498401523e-02,    0.0000000000e+00,    6.0498401523e-02,    0.0000000000e+00,
    6.1598800123e-02,    0.0000000000e+00,    6.1598800123e-02,    0.0000000000e+00,    6.1598800123e-02,    0.0000000000e+00,
    6.2697999179e-02,    0.0000000000e+00,    6.2697999179e-02,    0.0000000000e+00,    6.2697999179e-02,    0.0000000000e+00,
    6.3799999654e-02,    0.0000000000e+00,    6.3799999654e-02,    0.0000000000e+00,    6.3799999654e-02,    0.0000000000e+00,
    6.4899496734e-02,    0.0000000000e+00,    6.4899496734e-02,    0.0000000000e+00,    6.4899496734e-02,    0.0000000000e+00,
    6.5998397768e-02,    0.0000000000e+00,    6.5998397768e-02,    0.0000000000e+00,    6.5998397768e-02,    0.0000000000e+00,
    6.7098297179e-02,    0.0000000000e+00,    6.7098297179e-02,    0.0000000000e+00,    6.7098297179e-02,    0.0000000000e+00,
    6.8198703229e-02,    0.0000000000e+00,    6.8198703229e-02,    0.0000000000e+00,    6.8198703229e-02,    0.0000000000e+00,
    6.9298200309e-02,    0.0000000000e+00,    6.9298200309e-02,    0.0000000000e+00,    6.9298200309e-02,    0.0000000000e+00,
    7.0398099720e-02,    0.0000000000e+00,    7.0398099720e-02,    0.0000000000e+00,    7.0398099720e-02,    0.0000000000e+00,
    7.1498796344e-02,    0.0000000000e+00,    7.1498796344e-02,    0.0000000000e+00,    7.1498796344e-02,    0.0000000000e+00,
    7.2598300874e-02,    0.0000000000e+00,    7.2598300874e-02,    0.0000000000e+00,    7.2598300874e-02,    0.0000000000e+00,
    7.3698297143e-02,    0.0000000000e+00,    7.3698297143e-02,    0.0000000000e+00,    7.3698297143e-02,    0.0000000000e+00,
    7.4798397720e-02,    0.0000000000e+00,    7.4798397720e-02,    0.0000000000e+00,    7.4798397720e-02,    0.0000000000e+00,
    7.5897999108e-02,    0.0000000000e+00,    7.5897999108e-02,    0.0000000000e+00,    7.5897999108e-02,    0.0000000000e+00,
    7.6998002827e-02,    0.0000000000e+00,    7.6998002827e-02,    0.0000000000e+00,    7.6998002827e-02,    0.0000000000e+00,
    7.8099802136e-02,    0.0000000000e+00,    7.8099802136e-02,    0.0000000000e+00,    7.8099802136e-02,    0.0000000000e+00,
    7.9199798405e-02,    0.0000000000e+00,    7.9199798405e-02,    0.0000000000e+00,    7.9199798405e-02,    0.0000000000e+00,
    8.0299802125e-02,    0.0000000000e+00,    8.0299802125e-02,    0.0000000000e+00,    8.0299802125e-02,    0.0000000000e+00,
    8.1399500370e-02,    0.0000000000e+00,    8.1399500370e-02,    0.0000000000e+00,    8.1399500370e-02,    0.0000000000e+00,
    8.2498103380e-02,    0.0000000000e+00,    8.2498103380e-02,    0.0000000000e+00,    8.2498103380e-02,    0.0000000000e+00,
    8.3598099649e-02,    0.0000000000e+00,    8.3598099649e-02,    0.0000000000e+00,    8.3598099649e-02,    0.0000000000e+00,
    8.4699802101e-02,    0.0000000000e+00,    8.4699802101e-02,    0.0000000000e+00,    8.4699802101e-02,    0.0000000000e+00,
    8.5798598826e-02,    0.0000000000e+00,    8.5798598826e-02,    0.0000000000e+00,    8.5798598826e-02,    0.0000000000e+00,
    8.6898803711e-02,    0.0000000000e+00,    8.6898803711e-02,    0.0000000000e+00,    8.6898803711e-02,    0.0000000000e+00,
    8.7998300791e-02,    0.0000000000e+00,    8.7998300791e-02,    0.0000000000e+00,    8.7998300791e-02,    0.0000000000e+00,
    8.9100003242e-02,    0.0000000000e+00,    8.9100003242e-02,    0.0000000000e+00,    8.9100003242e-02,    0.0000000000e+00,
    9.0198703110e-02,    0.0000000000e+00,    9.0198703110e-02,    0.0000000000e+00,    9.0198703110e-02,    0.0000000000e+00,
    9.1298200190e-02,    0.0000000000e+00,    9.1298200190e-02,    0.0000000000e+00,    9.1298200190e-02,    0.0000000000e+00,
    9.2399403453e-02,    0.0000000000e+00,    9.2399403453e-02,    0.0000000000e+00,    9.2399403453e-02,    0.0000000000e+00,
    9.3499399722e-02,    0.0000000000e+00,    9.3499399722e-02,    0.0000000000e+00,    9.3499399722e-02,    0.0000000000e+00,
    9.4598002732e-02,    0.0000000000e+00,    9.4598002732e-02,    0.0000000000e+00,    9.4598002732e-02,    0.0000000000e+00,
    9.5698900521e-02,    0.0000000000e+00,    9.5698900521e-02,    0.0000000000e+00,    9.5698900521e-02,    0.0000000000e+00,
    9.6798799932e-02,    0.0000000000e+00,    9.6798799932e-02,    0.0000000000e+00,    9.6798799932e-02,    0.0000000000e+00,
    9.7898602486e-02,    0.0000000000e+00,    9.7898602486e-02,    0.0000000000e+00,    9.7898602486e-02,    0.0000000000e+00,
    9.8998099566e-02,    0.0000000000e+00,    9.8998099566e-02,    0.0000000000e+00,    9.8998099566e-02,    0.0000000000e+00,
    1.0009799898e-01,    0.0000000000e+00,    1.0009799898e-01,    0.0000000000e+00,    1.0009799898e-01,    0.0000000000e+00,
    1.0119999945e-01,    0.0000000000e+00,    1.0119999945e-01,    0.0000000000e+00,    1.0119999945e-01,    0.0000000000e+00,
    1.0229899734e-01,    0.0000000000e+00,    1.0229899734e-01,    0.0000000000e+00,    1.0229899734e-01,    0.0000000000e+00,
    1.0339900106e-01,    0.0000000000e+00,    1.0339900106e-01,    0.0000000000e+00,    1.0339900106e-01,    0.0000000000e+00,
    1.0449899733e-01,    0.0000000000e+00,    1.0449899733e-01,    0.0000000000e+00,    1.0449899733e-01,    0.0000000000e+00,
    1.0559900105e-01,    0.0000000000e+00,    1.0559900105e-01,    0.0000000000e+00,    1.0559900105e-01,    0.0000000000e+00,
    1.0669899732e-01,    0.0000000000e+00,    1.0669899732e-01,    0.0000000000e+00,    1.0669899732e-01,    0.0000000000e+00,
    1.0779900104e-01,    0.0000000000e+00,    1.0779900104e-01,    0.0000000000e+00,    1.0779900104e-01,    0.0000000000e+00,
    1.0889899731e-01,    0.0000000000e+00,    1.0889899731e-01,    0.0000000000e+00,    1.0889899731e-01,    0.0000000000e+00,
    1.0999900103e-01,    0.0000000000e+00,    1.0999900103e-01,    0.0000000000e+00,    1.0999900103e-01,    0.0000000000e+00,
    1.1109899729e-01,    0.0000000000e+00,    1.1109899729e-01,    0.0000000000e+00,    1.1109899729e-01,    0.0000000000e+00,
    1.1219800264e-01,    0.0000000000e+00,    1.1219800264e-01,    0.0000000000e+00,    1.1219800264e-01,    0.0000000000e+00,
    1.1329799891e-01,    0.0000000000e+00,    1.1329799891e-01,    0.0000000000e+00,    1.1329799891e-01,    0.0000000000e+00,
    1.1439999938e-01,    0.0000000000e+00,    1.1439999938e-01,    0.0000000000e+00,    1.1439999938e-01,    0.0000000000e+00,
    1.1549899727e-01,    0.0000000000e+00,    1.1549899727e-01,    0.0000000000e+00,    1.1549899727e-01,    0.0000000000e+00,
    1.1659900099e-01,    0.0000000000e+00,    1.1659900099e-01,    0.0000000000e+00,    1.1659900099e-01,    0.0000000000e+00,
    1.1769899726e-01,    0.0000000000e+00,    1.1769899726e-01,    0.0000000000e+00,    1.1769899726e-01,    0.0000000000e+00,
    1.1879900098e-01,    0.0000000000e+00,    1.1879900098e-01,    0.0000000000e+00,    1.1879900098e-01,    0.0000000000e+00,
    1.1989899725e-01,    0.0000000000e+00,    1.1989899725e-01,    0.0000000000e+00,    1.1989899725e-01,    0.0000000000e+00,
    1.2099900097e-01,    0.0000000000e+00,    1.2099900097e-01,    0.0000000000e+00,    1.2099900097e-01,    0.0000000000e+00,
    1.2209899724e-01,    0.0000000000e+00,    1.2209899724e-01,    0.0000000000e+00,    1.2209899724e-01,    0.0000000000e+00,
    1.2319900095e-01,    0.0000000000e+00,    1.2319900095e-01,    0.0000000000e+00,    1.2319900095e-01,    0.0000000000e+00,
    1.2429799885e-01,    0.0000000000e+00,    1.2429799885e-01,    0.0000000000e+00,    1.2429799885e-01,    0.0000000000e+00,
    1.2539899349e-01,    0.0000000000e+00,    1.2539899349e-01,    0.0000000000e+00,    1.2539899349e-01,    0.0000000000e+00,
    1.2649899721e-01,    0.0000000000e+00,    1.2649899721e-01,    0.0000000000e+00,    1.2649899721e-01,    0.0000000000e+00,
    1.2759900093e-01,    0.0000000000e+00,    1.2759900093e-01,    0.0000000000e+00,    1.2759900093e-01,    0.0000000000e+00,
    1.2869800627e-01,    0.0000000000e+00,    1.2869800627e-01,    0.0000000000e+00,    1.2869800627e-01,    0.0000000000e+00,
    1.2979799509e-01,    0.0000000000e+00,    1.2979799509e-01,    0.0000000000e+00,    1.2979799509e-01,    0.0000000000e+00,
    1.3089799881e-01,    0.0000000000e+00,    1.3089799881e-01,    0.0000000000e+00,    1.3089799881e-01,    0.0000000000e+00,
    1.3199999928e-01,    0.0000000000e+00,    1.3199999928e-01,    0.0000000000e+00,    1.3199999928e-01,    0.0000000000e+00,
    1.3310000300e-01,    0.0000000000e+00,    1.3310000300e-01,    0.0000000000e+00,    1.3310000300e-01,    0.0000000000e+00,
    1.3419899344e-01,    0.0000000000e+00,    1.3419899344e-01,    0.0000000000e+00,    1.3419899344e-01,    0.0000000000e+00,
    1.3529899716e-01,    0.0000000000e+00,    1.3529899716e-01,    0.0000000000e+00,    1.3529899716e-01,    0.0000000000e+00,
    1.3639900088e-01,    0.0000000000e+00,    1.3639900088e-01,    0.0000000000e+00,    1.3639900088e-01,    0.0000000000e+00,
    1.3749800622e-01,    0.0000000000e+00,    1.3749800622e-01,    0.0000000000e+00,    1.3749800622e-01,    0.0000000000e+00,
    1.3860000670e-01,    0.0000000000e+00,    1.3860000670e-01,    0.0000000000e+00,    1.3860000670e-01,    0.0000000000e+00,
    1.3969999552e-01,    0.0000000000e+00,    1.3969999552e-01,    0.0000000000e+00,    1.3969999552e-01,    0.0000000000e+00,
    1.4079900086e-01,    0.0000000000e+00,    1.4079900086e-01,    0.0000000000e+00,    1.4079900086e-01,    0.0000000000e+00,
    1.4189900458e-01,    0.0000000000e+00,    1.4189900458e-01,    0.0000000000e+00,    1.4189900458e-01,    0.0000000000e+00,
    1.4299899340e-01,    0.0000000000e+00,    1.4299899340e-01,    0.0000000000e+00,    1.4299899340e-01,    0.0000000000e+00,
    1.4409899712e-01,    0.0000000000e+00,    1.4409899712e-01,    0.0000000000e+00,    1.4409899712e-01,    0.0000000000e+00,
    1.4519999921e-01,    0.0000000000e+00,    1.4519999921e-01,    0.0000000000e+00,    1.4519999921e-01,    0.0000000000e+00,
    1.4630000293e-01,    0.0000000000e+00,    1.4630000293e-01,    0.0000000000e+00,    1.4630000293e-01,    0.0000000000e+00,
    1.4740000665e-01,    0.0000000000e+00,    1.4740000665e-01,    0.0000000000e+00,    1.4740000665e-01,    0.0000000000e+00,
    1.4849799871e-01,    0.0000000000e+00,    1.4849799871e-01,    0.0000000000e+00,    1.4849799871e-01,    0.0000000000e+00,
    1.4959800243e-01,    0.0000000000e+00,    1.4959800243e-01,    0.0000000000e+00,    1.4959800243e-01,    0.0000000000e+00,
    1.5070000291e-01,    0.0000000000e+00,    1.5070000291e-01,    0.0000000000e+00,    1.5070000291e-01,    0.0000000000e+00,
    1.5179899335e-01,    0.0000000000e+00,    1.5179899335e-01,    0.0000000000e+00,    1.5179899335e-01,    0.0000000000e+00,
    1.5289899707e-01,    0.0000000000e+00,    1.5289899707e-01,    0.0000000000e+00,    1.5289899707e-01,    0.0000000000e+00,
    1.5399800241e-01,    0.0000000000e+00,    1.5399800241e-01,    0.0000000000e+00,    1.5399800241e-01,    0.0000000000e+00,
    1.5509900451e-01,    0.0000000000e+00,    1.5509900451e-01,    0.0000000000e+00,    1.5509900451e-01,    0.0000000000e+00,
    1.5619899333e-01,    0.0000000000e+00,    1.5619899333e-01,    0.0000000000e+00,    1.5619899333e-01,    0.0000000000e+00,
    1.5729799867e-01,    0.0000000000e+00,    1.5729799867e-01,    0.0000000000e+00,    1.5729799867e-01,    0.0000000000e+00,
    1.5839800239e-01,    0.0000000000e+00,    1.5839800239e-01,    0.0000000000e+00,    1.5839800239e-01,    0.0000000000e+00,
    1.5949800611e-01,    0.0000000000e+00,    1.5949800611e-01,    0.0000000000e+00,    1.5949800611e-01,    0.0000000000e+00,
    1.6059899330e-01,    0.0000000000e+00,    1.6059899330e-01,    0.0000000000e+00,    1.6059899330e-01,    0.0000000000e+00,
    1.6169799864e-01,    0.0000000000e+00,    1.6169799864e-01,    0.0000000000e+00,    1.6169799864e-01,    0.0000000000e+00,
    1.6279800236e-01,    0.0000000000e+00,    1.6279800236e-01,    0.0000000000e+00,    1.6279800236e-01,    0.0000000000e+00,
    1.6389800608e-01,    0.0000000000e+00,    1.6389800608e-01,    0.0000000000e+00,    1.6389800608e-01,    0.0000000000e+00,
    1.6500000656e-01,    0.0000000000e+00,    1.6500000656e-01,    0.0000000000e+00,    1.6500000656e-01,    0.0000000000e+00,
    1.6609999537e-01,    0.0000000000e+00,    1.6609999537e-01,    0.0000000000e+00,    1.6609999537e-01,    0.0000000000e+00,
    1.6719900072e-01,    0.0000000000e+00,    1.6719900072e-01,    0.0000000000e+00,    1.6719900072e-01,    0.0000000000e+00,
    1.6829800606e-01,    0.0000000000e+00,    1.6829800606e-01,    0.0000000000e+00,    1.6829800606e-01,    0.0000000000e+00,
    1.6939799488e-01,    0.0000000000e+00,    1.6939799488e-01,    0.0000000000e+00,    1.6939799488e-01,    0.0000000000e+00,
    1.7049799860e-01,    0.0000000000e+00,    1.7049799860e-01,    0.0000000000e+00,    1.7049799860e-01,    0.0000000000e+00,
    1.7159999907e-01,    0.0000000000e+00,    1.7159999907e-01,    0.0000000000e+00,    1.7159999907e-01,    0.0000000000e+00,
    1.7270000279e-01,    0.0000000000e+00,    1.7270000279e-01,    0.0000000000e+00,    1.7270000279e-01,    0.0000000000e+00,
    1.7379899323e-01,    0.0000000000e+00,    1.7379899323e-01,    0.0000000000e+00,    1.7379899323e-01,    0.0000000000e+00,
    1.7489899695e-01,    0.0000000000e+00,    1.7489899695e-01,    0.0000000000e+00,    1.7489899695e-01,    0.0000000000e+00,
    1.7599900067e-01,    0.0000000000e+00,    1.7599900067e-01,    0.0000000000e+00,    1.7599900067e-01,    0.0000000000e+00,
    1.7709900439e-01,    0.0000000000e+00,    1.7709900439e-01,    0.0000000000e+00,    1.7709900439e-01,    0.0000000000e+00,
    1.7819899321e-01,    0.0000000000e+00,    1.7819899321e-01,    0.0000000000e+00,    1.7819899321e-01,    0.0000000000e+00,
    1.7929899693e-01,    0.0000000000e+00,    1.7929899693e-01,    0.0000000000e+00,    1.7929899693e-01,    0.0000000000e+00,
    1.8039900064e-01,    0.0000000000e+00,    1.8039900064e-01,    0.0000000000e+00,    1.8039900064e-01,    0.0000000000e+00,
    1.8149900436e-01,    0.0000000000e+00,    1.8149900436e-01,    0.0000000000e+00,    1.8149900436e-01,    0.0000000000e+00,
    1.8259899318e-01,    0.0000000000e+00,    1.8259899318e-01,    0.0000000000e+00,    1.8259899318e-01,    0.0000000000e+00,
    1.8369799852e-01,    0.0000000000e+00,    1.8369799852e-01,    0.0000000000e+00,    1.8369799852e-01,    0.0000000000e+00,
    1.8479999900e-01,    0.0000000000e+00,    1.8479999900e-01,    0.0000000000e+00,    1.8479999900e-01,    0.0000000000e+00,
    1.8590000272e-01,    0.0000000000e+00,    1.8590000272e-01,    0.0000000000e+00,    1.8590000272e-01,    0.0000000000e+00,
    1.8699899316e-01,    0.0000000000e+00,    1.8699899316e-01,    0.0000000000e+00,    1.8699899316e-01,    0.0000000000e+00,
    1.8809999526e-01,    0.0000000000e+00,    1.8809999526e-01,    0.0000000000e+00,    1.8809999526e-01,    0.0000000000e+00,
    1.8919900060e-01,    0.0000000000e+00,    1.8919900060e-01,    0.0000000000e+00,    1.8919900060e-01,    0.0000000000e+00,
    1.9030000269e-01,    0.0000000000e+00,    1.9030000269e-01,    0.0000000000e+00,    1.9030000269e-01,    0.0000000000e+00,
    1.9139899313e-01,    0.0000000000e+00,    1.9139899313e-01,    0.0000000000e+00,    1.9139899313e-01,    0.0000000000e+00,
    1.9249899685e-01,    0.0000000000e+00,    1.9249899685e-01,    0.0000000000e+00,    1.9249899685e-01,    0.0000000000e+00,
    1.9359999895e-01,    0.0000000000e+00,    1.9359999895e-01,    0.0000000000e+00,    1.9359999895e-01,    0.0000000000e+00,
    1.9469900429e-01,    0.0000000000e+00,    1.9469900429e-01,    0.0000000000e+00,    1.9469900429e-01,    0.0000000000e+00,
    1.9579899311e-01,    0.0000000000e+00,    1.9579899311e-01,    0.0000000000e+00,    1.9579899311e-01,    0.0000000000e+00,
    1.9689899683e-01,    0.0000000000e+00,    1.9689899683e-01,    0.0000000000e+00,    1.9689899683e-01,    0.0000000000e+00,
    1.9799900055e-01,    0.0000000000e+00,    1.9799900055e-01,    0.0000000000e+00,    1.9799900055e-01,    0.0000000000e+00,
    1.9909900427e-01,    0.0000000000e+00,    1.9909900427e-01,    0.0000000000e+00,    1.9909900427e-01,    0.0000000000e+00,
    2.0019899309e-01,    0.0000000000e+00,    2.0019899309e-01,    0.0000000000e+00,    2.0019899309e-01,    0.0000000000e+00,
    2.0129799843e-01,    0.0000000000e+00,    2.0129799843e-01,    0.0000000000e+00,    2.0129799843e-01,    0.0000000000e+00,
    2.0239800215e-01,    0.0000000000e+00,    2.0239800215e-01,    0.0000000000e+00,    2.0239800215e-01,    0.0000000000e+00,
    2.0349900424e-01,    0.0000000000e+00,    2.0349900424e-01,    0.0000000000e+00,    2.0349900424e-01,    0.0000000000e+00,
    2.0459899306e-01,    0.0000000000e+00,    2.0459899306e-01,    0.0000000000e+00,    2.0459899306e-01,    0.0000000000e+00,
    2.0569899678e-01,    0.0000000000e+00,    2.0569899678e-01,    0.0000000000e+00,    2.0569899678e-01,    0.0000000000e+00,
    2.0679800212e-01,    4.8358101594e-06,    2.0679800212e-01,    4.9020901322e-02,    2.0679800212e-01,    2.8366599736e-08,
    2.0789900422e-01,    1.5324800188e-05,    2.0789900422e-01,    2.9534700513e-01,    2.0789900422e-01,    3.2364800973e-07,
    2.0899899304e-01,   -1.2938199689e-05,    2.0899899304e-01,    5.1485401392e-01,    2.0899899304e-01,    1.7318799905e-07,
    2.1009899676e-01,   -1.3989299987e-05,    2.1009899676e-01,    7.7422600985e-01,    2.1009899676e-01,   -2.2373500030e-07,
    2.1119800210e-01,   -5.5558698477e-06,    2.1119800210e-01,    1.0502099991e+00,    2.1119800210e-01,   -2.9907801036e-07,
    2.1229800582e-01,    3.6348199046e-06,    2.1229800582e-01,    1.2913199663e+00,    2.1229800582e-01,   -1.1903299537e-06,
    2.1339899302e-01,    1.2183700164e-05,    2.1339899302e-01,    1.5396800041e+00,    2.1339899302e-01,    6.2099400111e-07,
    2.1449799836e-01,   -8.6028303485e-06,    2.1449799836e-01,    1.8074100018e+00,    2.1449799836e-01,    8.7812799165e-07,
    2.1559999883e-01,   -1.9616300051e-05,    2.1559999883e-01,    2.0484399796e+00,    2.1559999883e-01,    4.6175298962e-07,
    2.1669900417e-01,    7.0309702096e-06,    2.1669900417e-01,    2.2974500656e+00,    2.1669900417e-01,   -5.0303498256e-07,
    2.1779899299e-01,    5.8063501456e-06,    2.1779899299e-01,    2.5661499500e+00,    2.1779899299e-01,   -8.8723197678e-07,
    2.1889899671e-01,    2.8427800771e-06,    2.1889899671e-01,    2.8059101105e+00,    2.1889899671e-01,   -9.3075200880e-08,
    2.1999999881e-01,   -8.4053099272e-06,    2.1999999881e-01,    3.0571498871e+00,    2.1999999881e-01,    5.5651901221e-07,
    2.2109900415e-01,   -1.6651800252e-05,    2.2109900415e-01,    3.3248999119e+00,    2.2109900415e-01,    9.9125202269e-07,
    2.2219899297e-01,    1.1397600247e-05,    2.2219899297e-01,    3.5650300980e+00,    2.2219899297e-01,   -3.3081900597e-07,
    2.2329999506e-01,    8.9949298854e-06,    2.2329999506e-01,    3.8168699741e+00,    2.2329999506e-01,   -7.7249001151e-07,
    2.2439900041e-01,   -5.7785700847e-06,    2.2439900041e-01,    4.0849099159e+00,    2.2439900041e-01,    1.2784499859e-07,
    2.2549800575e-01,   -1.1046299733e-05,    2.2549800575e-01,    4.3238101006e+00,    2.2549800575e-01,    1.9377300475e-07,
    2.2659899294e-01,   -2.8904401006e-06,    2.2659899294e-01,    4.6057701111e+00,    2.2659899294e-01,    4.8578198175e-07,
    2.2769899666e-01,    1.6890999177e-05,    2.2769899666e-01,    5.1629199982e+00,    2.2769899666e-01,   -2.0139499668e-07,
    2.2879900038e-01,    3.7056399833e-06,    2.2879900038e-01,    5.7198300362e+00,    2.2879900038e-01,   -5.8601000319e-07,
    2.2989900410e-01,   -7.2813199949e-06,    2.2989900410e-01,    6.2781600952e+00,    2.2989900410e-01,   -1.5999799871e-05,
    2.3099899292e-01,   -9.3106500572e-06,    2.3099899292e-01,    6.8281297684e+00,    2.3099899292e-01,    2.8620999728e-05,
    2.3209799826e-01,   -2.4121500552e-02,    2.3209799826e-01,    4.9308700562e+00,    2.3209799826e-01,    1.5983000048e-04,
    2.3319900036e-01,   -4.0025100112e-02,    2.3319900036e-01,    2.3017899990e+00,    2.3319900036e-01,    1.0996899800e-03,
    2.3429900408e-01,   -1.7364099622e-02,    2.3429900408e-01,    2.6408400536e+00,    2.3429900408e-01,    2.2813300602e-03,
    2.3539899290e-01,    9.8356399685e-03,    2.3539899290e-01,    2.8862099648e+00,    2.3539899290e-01,    6.9280900061e-04,
    2.3649899662e-01,   -2.0513199270e-03,    2.3649899662e-01,    3.2582800388e+00,    2.3649899662e-01,   -8.7217800319e-03,
    2.3759800196e-01,   -3.1499698758e-02,    2.3759800196e-01,    3.6306800842e+00,    2.3759800196e-01,   -6.7856800742e-03,
    2.3869900405e-01,   -3.7585400045e-02,    2.3869900405e-01,    3.9054698944e+00,    2.3869900405e-01,   -3.6347799469e-03,
    2.3979899287e-01,   -1.5045999549e-02,    2.3979899287e-01,    4.2468500137e+00,    2.3979899287e-01,   -1.3234500075e-03,
    2.4089899659e-01,   -5.7831600308e-02,    2.4089899659e-01,    4.4886999130e+00,    2.4089899659e-01,   -9.8006101325e-03,
    2.4199999869e-01,   -6.6559799016e-02,    2.4199999869e-01,    4.6896600723e+00,    2.4199999869e-01,    1.0261200368e-02,
    2.4309900403e-01,   -4.0147401392e-02,    2.4309900403e-01,    5.0597500801e+00,    2.4309900403e-01,   -2.2389299702e-03,
    2.4419899285e-01,   -1.5836000443e-02,    2.4419899285e-01,    5.5132398605e+00,    2.4419899285e-01,    3.2668099739e-03,
    2.4529899657e-01,   -3.2426901162e-02,    2.4529899657e-01,    6.0142698288e+00,    2.4529899657e-01,    8.1153996289e-03,
    2.4639800191e-01,   -3.5092500038e-03,    2.4639800191e-01,    6.6193699837e+00,    2.4639800191e-01,   -5.9694298543e-03,
    2.4749900401e-01,    2.2267799824e-02,    2.4749900401e-01,    7.4139800072e+00,    2.4749900401e-01,   -1.5729500446e-03,
    2.4859899282e-01,    3.6837898195e-02,    2.4859899282e-01,    8.1061201096e+00,    2.4859899282e-01,   -4.0330598131e-03,
    2.4969799817e-01,    3.8428001106e-02,    2.4969799817e-01,    8.8088502884e+00,    2.4969799817e-01,   -1.3981800294e-03,
    2.5080001354e-01,    2.0930299535e-02,    2.5080001354e-01,    9.5567502975e+00,    2.5080001354e-01,    1.4898399822e-03,
    2.5189998746e-01,    2.0836399868e-02,    2.5189998746e-01,    1.0300299644e+01,    2.5189998746e-01,   -3.8155200891e-03,
    2.5299900770e-01,    4.5719999820e-02,    2.5299900770e-01,    1.1064999580e+01,    2.5299900770e-01,    3.7182599772e-03,
    2.5409901142e-01,    4.6056300402e-02,    2.5409901142e-01,    1.1877200127e+01,    2.5409901142e-01,    4.2588400538e-04,
    2.5519898534e-01,    2.7730299160e-02,    2.5519898534e-01,    1.2570199966e+01,    2.5519898534e-01,   -6.0352898436e-04,
    2.5630000234e-01,    1.7521999776e-02,    2.5630000234e-01,    1.3294899940e+01,    2.5630000234e-01,    2.3890999146e-03,
    2.5740000606e-01,    4.2406100780e-02,    2.5740000606e-01,    1.4145299911e+01,    2.5740000606e-01,   -3.1158700585e-03,
    2.5849801302e-01,    4.4042401016e-02,    2.5849801302e-01,    1.4843600273e+01,    2.5849801302e-01,    4.5627899817e-04,
    2.5960001349e-01,    2.9466999695e-02,    2.5960001349e-01,    1.5630499840e+01,    2.5960001349e-01,    2.3177999537e-03,
    2.6069799066e-01,    1.8373899162e-02,    2.6069799066e-01,    1.6401699066e+01,    2.6069799066e-01,   -1.3915699674e-03,
    2.6179999113e-01,    3.1994998455e-02,    2.6179999113e-01,    1.7120899200e+01,    2.6179999113e-01,    1.5682900557e-03,
    2.6289999485e-01,    6.2900200486e-02,    2.6289999485e-01,    1.7872499466e+01,    2.6289999485e-01,   -1.0802599718e-04,
    2.6399800181e-01,    5.3791098297e-02,    2.6399800181e-01,    1.8548400879e+01,    2.6399800181e-01,    3.0430098996e-03,
    2.6510000229e-01,    2.0028900355e-02,    2.6510000229e-01,    1.9276100159e+01,    2.6510000229e-01,   -2.2215500940e-03,
    2.6619800925e-01,    5.5289201438e-02,    2.6619800925e-01,    2.0061000824e+01,    2.6619800925e-01,    1.6658200184e-03,
    2.6729899645e-01,    7.1297399700e-02,    2.6729899645e-01,    2.0882799149e+01,    2.6729899645e-01,   -2.1185500082e-03,
    2.6839798689e-01,   -7.2448700666e-01,    2.6839798689e-01,    1.7703800201e+01,    2.6839798689e-01,   -9.1261498630e-02,
    2.6949900389e-01,   -6.3471502066e-01,    2.6949900389e-01,    1.5652999878e+01,    2.6949900389e-01,   -2.6669099927e-02,
    2.7059900761e-01,   -1.5622399747e-01,    2.7059900761e-01,    1.6305700302e+01,    2.7059900761e-01,    6.7228503525e-02,
    2.7169799805e-01,   -7.2696399689e-01,    2.7169799805e-01,    1.7053699493e+01,    2.7169799805e-01,   -2.8004099149e-03,
    2.7279898524e-01,   -1.3156700134e+00,    2.7279898524e-01,    1.8165100098e+01,    2.7279898524e-01,    1.6858699918e-01,
    2.7389898896e-01,   -7.7988100052e-01,    2.7389898896e-01,    1.8890300751e+01,    2.7389898896e-01,   -1.7751899362e-01,
    2.7500000596e-01,   -2.6300299168e-01,    2.7500000596e-01,    1.9662700653e+01,    2.7500000596e-01,    1.5178200603e-01,
    2.7609899640e-01,   -1.0200799704e+00,    2.7609899640e-01,    1.9673099518e+01,    2.7609899640e-01,   -2.0509600639e-01,
    2.7720001340e-01,   -1.5329799652e+00,    2.7720001340e-01,    2.0093000412e+01,    2.7720001340e-01,    1.2869800627e-01,
    2.7829799056e-01,   -9.4708698988e-01,    2.7829799056e-01,    2.0721500397e+01,    2.7829799056e-01,    3.4360900521e-02,
    2.7939900756e-01,   -5.1369297504e-01,    2.7939900756e-01,    2.1702299118e+01,    2.7939900756e-01,   -4.5991200022e-03,
    2.8049799800e-01,   -1.1999599934e+00,    2.8049799800e-01,    2.2349700928e+01,    2.8049799800e-01,    2.0167300105e-01,
    2.8159999847e-01,   -1.3986500502e+00,    2.8159999847e-01,    2.2559499741e+01,    2.8159999847e-01,    3.3399800304e-03,
    2.8269898891e-01,   -7.3134899139e-01,    2.8269898891e-01,    2.2959800720e+01,    2.8269898891e-01,    2.7949500084e-01,
    2.8379899263e-01,   -5.1603597403e-01,    2.8379899263e-01,    2.3777399063e+01,    2.8379899263e-01,    1.7727899551e-01,
    2.8490000963e-01,   -1.2456099987e+00,    2.8490000963e-01,    2.2946800232e+01,    2.8490000963e-01,    2.6607701182e-01,
    2.8599900007e-01,   -1.4098299742e+00,    2.8599900007e-01,    2.1248199463e+01,    2.8599900007e-01,   -9.3685701489e-02,
    2.8709900379e-01,   -9.7166001797e-01,    2.8709900379e-01,    2.0388999939e+01,    2.8709900379e-01,   -1.3796900213e-01,
    2.8819799423e-01,   -8.8555800915e-01,    2.8819799423e-01,    2.0220600128e+01,    2.8819799423e-01,    1.9142599404e-01,
    2.8929901123e-01,   -1.6016900539e+00,    2.8929901123e-01,    2.0865600586e+01,    2.8929901123e-01,    3.3656700980e-03,
    2.9039800167e-01,   -1.7504099607e+00,    2.9039800167e-01,    2.1474800110e+01,    2.9039800167e-01,    3.1470000744e-01,
    2.9150000215e-01,   -1.0760600567e+00,    2.9150000215e-01,    2.2307899475e+01,    2.9150000215e-01,   -3.9845499396e-01,
    2.9259899259e-01,   -1.0971599817e+00,    2.9259899259e-01,    2.2842399597e+01,    2.9259899259e-01,    4.0627199411e-01,
    2.9369801283e-01,   -1.9457700253e+00,    2.9369801283e-01,    2.2074800491e+01,    2.9369801283e-01,   -1.6386200488e-01,
    2.9479900002e-01,   -1.8159400225e+00,    2.9479900002e-01,    2.2828300476e+01,    2.9479900002e-01,    2.0656600595e-01,
    2.9589998722e-01,   -1.3639700413e+00,    2.9589998722e-01,    2.2469200134e+01,    2.9589998722e-01,    1.2416599691e-01,
    2.9699799418e-01,   -1.8173999786e+00,    2.9699799418e-01,    2.2072799683e+01,    2.9699799418e-01,   -5.3895097971e-01,
    2.9809999466e-01,   -2.0883400440e+00,    2.9809999466e-01,    2.3016899109e+01,    2.9809999466e-01,    2.7405500412e-01,
    2.9919800162e-01,   -1.8788800240e+00,    2.9919800162e-01,    2.3764299393e+01,    2.9919800162e-01,   -2.8603199124e-01,
    3.0029898882e-01,   -1.7322499752e+00,    3.0029898882e-01,    2.4688999176e+01,    3.0029898882e-01,    1.3234099606e-03,
    3.0140000582e-01,   -1.9612300396e+00,    3.0140000582e-01,    2.5701999664e+01,    3.0140000582e-01,   -7.2873197496e-02,
    3.0249899626e-01,   -2.0683701038e+00,    3.0249899626e-01,    2.6370800018e+01,    3.0249899626e-01,   -1.6316300631e-01,
    3.0359899998e-01,   -2.2341198921e+00,    3.0359899998e-01,    2.6049400330e+01,    3.0359899998e-01,   -2.5776999071e-02,
    3.0469799042e-01,   -2.1513400078e+00,    3.0469799042e-01,    2.5152299881e+01,    3.0469799042e-01,   -8.6166802794e-03,
    3.0579900742e-01,   -1.9548300505e+00,    3.0579900742e-01,    2.5446699142e+01,    3.0579900742e-01,    2.4056099355e-01,
    3.0689901114e-01,   -2.3986799717e+00,    3.0689901114e-01,    2.6302099228e+01,    3.0689901114e-01,   -7.1837902069e-02,
    3.0799999833e-01,   -2.6173501015e+00,    3.0799999833e-01,    2.7170000076e+01,    3.0799999833e-01,    1.9388900697e-01,
    3.0909898877e-01,   -2.2044699192e+00,    3.0909898877e-01,    2.7823600769e+01,    3.0909898877e-01,   -1.6402900219e-01,
    3.1019899249e-01,   -2.2172100544e+00,    3.1019899249e-01,    2.7836200714e+01,    3.1019899249e-01,    3.0871000886e-01,
    3.1129899621e-01,   -2.7217400074e+00,    3.1129899621e-01,    2.7595100403e+01,    3.1129899621e-01,   -1.8405300379e-01,
    3.1240001321e-01,   -2.6389698982e+00,    3.1240001321e-01,    2.7800100327e+01,    3.1240001321e-01,    1.2286800146e-01,
    3.1349900365e-01,   -2.4189100266e+00,    3.1349900365e-01,    2.7900499344e+01,    3.1349900365e-01,    6.5849497914e-02,
    3.1459900737e-01,   -2.6418399811e+00,    3.1459900737e-01,    2.8210100174e+01,    3.1459900737e-01,   -9.0346403420e-02,
    3.1569999456e-01,   -2.8563001156e+00,    3.1569999456e-01,    2.8316299438e+01,    3.1569999456e-01,    4.1931900382e-01,
    3.1679901481e-01,   -3.1910700798e+00,    3.1679901481e-01,    2.6296100616e+01,    3.1679901481e-01,    1.0018999455e-03,
    3.1790000200e-01,   -2.9177498817e+00,    3.1790000200e-01,    2.5860300064e+01,    3.1790000200e-01,    9.7562998533e-02,
    3.1899899244e-01,   -2.5470299721e+00,    3.1899899244e-01,    2.6419300079e+01,    3.1899899244e-01,    1.5739299357e-01,
    3.2010000944e-01,   -3.3789899349e+00,    3.2010000944e-01,    2.7403200150e+01,    3.2010000944e-01,   -7.6923400164e-02,
    3.2119899988e-01,   -3.7767200470e+00,    3.2119899988e-01,    2.8333799362e+01,    3.2119899988e-01,    1.6754299402e-01,
    3.2229998708e-01,   -2.9457399845e+00,    3.2229998708e-01,    2.8896099091e+01,    3.2229998708e-01,    1.9461099803e-01,
    3.2339900732e-01,   -2.6732499599e+00,    3.2339900732e-01,    2.9702400208e+01,    3.2339900732e-01,   -2.4220499396e-01,
    3.2449901104e-01,   -3.7923200130e+00,    3.2449901104e-01,    3.0678499222e+01,    3.2449901104e-01,    3.1920701265e-01,
    3.2559800148e-01,   -3.7538900375e+00,    3.2559800148e-01,    3.1222799301e+01,    3.2559800148e-01,   -9.8525501788e-02,
    3.2669898868e-01,   -2.7206099033e+00,    3.2669898868e-01,    3.2045898438e+01,    3.2669898868e-01,    7.8154698014e-02,
    3.2779800892e-01,   -3.1466100216e+00,    3.2779800892e-01,    3.2811000824e+01,    3.2779800892e-01,    1.9753900170e-01,
    3.2889801264e-01,   -4.0393600464e+00,    3.2889801264e-01,    3.3300598145e+01,    3.2889801264e-01,   -2.1657499671e-01,
    3.3000001311e-01,   -3.7379999161e+00,    3.3000001311e-01,    3.2919898987e+01,    3.3000001311e-01,    1.3273699582e-01,
    3.3109900355e-01,   -3.0242500305e+00,    3.3109900355e-01,    3.2722999573e+01,    3.3109900355e-01,    7.3936499655e-02,
    3.3219900727e-01,   -3.3646299839e+00,    3.3219900727e-01,    3.3253398895e+01,    3.3219900727e-01,   -1.3326999545e-01,
    3.3329799771e-01,   -4.1782498360e+00,    3.3329799771e-01,    3.3792198181e+01,    3.3329799771e-01,    1.1433000118e-01,
    3.3439901471e-01,   -4.1312899590e+00,    3.3439901471e-01,    3.2935501099e+01,    3.3439901471e-01,   -8.5072003305e-02,
    3.3549898863e-01,   -3.5741300583e+00,    3.3549898863e-01,    3.1545600891e+01,    3.3549898863e-01,   -3.9831098914e-01,
    3.3660000563e-01,   -3.4875900745e+00,    3.3660000563e-01,    3.0633399963e+01,    3.3660000563e-01,    1.7870000005e-01,
    3.3769899607e-01,   -4.5514898300e+00,    3.3769899607e-01,    3.1326299667e+01,    3.3769899607e-01,   -1.1690499634e-01,
    3.3879899979e-01,   -4.5512599945e+00,    3.3879899979e-01,    3.2028900146e+01,    3.3879899979e-01,    1.5208800137e-01,
    3.3989998698e-01,   -3.5030300617e+00,    3.3989998698e-01,    3.2874698639e+01,    3.3989998698e-01,   -4.2768299580e-02,
    3.4099900723e-01,   -3.7379701138e+00,    3.4099900723e-01,    3.3680301666e+01,    3.4099900723e-01,   -3.2509699464e-01,
    3.4209799767e-01,   -4.8435101509e+00,    3.4209799767e-01,    3.4650901794e+01,    3.4209799767e-01,    2.3579800129e-01,
    3.4319901466e-01,   -4.1874499321e+00,    3.4319901466e-01,    3.5459499359e+01,    3.4319901466e-01,   -2.1464599669e-01,
    3.4430000186e-01,   -3.2108900547e+00,    3.4430000186e-01,    3.5933799744e+01,    3.4430000186e-01,    1.7811599374e-01,
    3.4539800882e-01,   -3.8931400776e+00,    3.4539800882e-01,    3.6650398254e+01,    3.4539800882e-01,   -2.9935500026e-01,
    3.4649899602e-01,   -4.3803100586e+00,    3.4649899602e-01,    3.6978401184e+01,    3.4649899602e-01,   -5.8101300150e-02,
    3.4760001302e-01,   -3.2217299938e+00,    3.4760001302e-01,    3.7041301727e+01,    3.4760001302e-01,    1.3247500360e-01,
    3.4869900346e-01,   -2.7293701172e+00,    3.4869900346e-01,    3.6094898224e+01,    3.4869900346e-01,   -1.4644500613e-01,
    3.4979900718e-01,   -3.0412399769e+00,    3.4979900718e-01,    3.6292701721e+01,    3.4979900718e-01,   -1.1633600295e-01,
    3.5089999437e-01,   -3.0321300030e+00,    3.5089999437e-01,    3.6275001526e+01,    3.5089999437e-01,   -4.5901801437e-02,
    3.5199999809e-01,   -2.4841299057e+00,    3.5199999809e-01,    3.5548500061e+01,    3.5199999809e-01,   -2.7757100761e-02,
    3.5309898853e-01,   -2.3132100105e+00,    3.5309898853e-01,    3.4014801025e+01,    3.5309898853e-01,   -6.3440002501e-02,
    3.5420000553e-01,   -2.4706599712e+00,    3.5420000553e-01,    3.3872699738e+01,    3.5420000553e-01,    1.8960099667e-02,
    3.5529899597e-01,   -2.7931499481e+00,    3.5529899597e-01,    3.4175201416e+01,    3.5529899597e-01,   -3.8346400857e-01,
    3.5640001297e-01,   -2.5056300163e+00,    3.5640001297e-01,    3.4603698730e+01,    3.5640001297e-01,    4.2192500830e-01,
    3.5749799013e-01,   -2.2344200611e+00,    3.5749799013e-01,    3.4968799591e+01,    3.5749799013e-01,   -1.2239100039e-01,
    3.5859799385e-01,   -2.6664900780e+00,    3.5859799385e-01,    3.5514400482e+01,    3.5859799385e-01,    5.5075101554e-02,
    3.5969999433e-01,   -2.7976698875e+00,    3.5969999433e-01,    3.5809398651e+01,    3.5969999433e-01,    1.1154700071e-01,
    3.6079901457e-01,   -2.3637199402e+00,    3.6079901457e-01,    3.6208000183e+01,    3.6079901457e-01,   -1.7037199438e-01,
    3.6189898849e-01,   -2.3702800274e+00,    3.6189898849e-01,    3.6702201843e+01,    3.6189898849e-01,    2.8211200237e-01,
    3.6299800873e-01,   -2.8942599297e+00,    3.6299800873e-01,    3.7417701721e+01,    3.6299800873e-01,   -6.1074398458e-02,
    3.6410000920e-01,   -2.7014698982e+00,    3.6410000920e-01,    3.8160701752e+01,    3.6410000920e-01,   -2.2944100201e-01,
    3.6520001292e-01,   -2.4058799744e+00,    3.6520001292e-01,    3.8938499451e+01,    3.6520001292e-01,    2.1666400135e-01,
    3.6629900336e-01,   -2.7345099449e+00,    3.6629900336e-01,    3.9816398621e+01,    3.6629900336e-01,   -1.3004900515e-01,
    3.6739999056e-01,   -3.0622498989e+00,    3.6739999056e-01,    4.0400798798e+01,    3.6739999056e-01,   -2.9551699758e-02,
    3.6849901080e-01,   -3.2550299168e+00,    3.6849901080e-01,    3.9043201447e+01,    3.6849901080e-01,    6.8110398948e-02,
    3.6959901452e-01,   -2.8746299744e+00,    3.6959901452e-01,    3.9060901642e+01,    3.6959901452e-01,   -2.8547099233e-01,
    3.7069898844e-01,   -3.0228900909e+00,    3.7069898844e-01,    3.9384799957e+01,    3.7069898844e-01,    3.9053101093e-02,
    3.7179899216e-01,   -4.0244002342e+00,    3.7179899216e-01,    3.8996398926e+01,    3.7179899216e-01,    2.5837400928e-02,
    3.7289801240e-01,   -3.9080901146e+00,    3.7289801240e-01,    3.7448001862e+01,    3.7289801240e-01,   -2.1964399517e-01,
    3.7399899960e-01,   -3.0028500557e+00,    3.7399899960e-01,    3.7676601410e+01,    3.7399899960e-01,    1.6605399549e-01,
    3.7509998679e-01,   -3.5501499176e+00,    3.7509998679e-01,    3.8278499603e+01,    3.7509998679e-01,    1.4447899535e-02,
    3.7619999051e-01,   -4.8105301857e+00,    3.7619999051e-01,    3.9001598358e+01,    3.7619999051e-01,    1.7990399897e-01,
    3.7729901075e-01,   -4.0508999825e+00,    3.7729901075e-01,    3.9501098633e+01,    3.7729901075e-01,   -1.0241100192e-01,
    3.7839901447e-01,   -3.0299201012e+00,    3.7839901447e-01,    3.9836200714e+01,    3.7839901447e-01,    8.1542998552e-02,
    3.7949800491e-01,   -4.3175702095e+00,    3.7949800491e-01,    4.0450000763e+01,    3.7949800491e-01,    3.3943600953e-02,
    3.8059800863e-01,   -5.3070998192e+00,    3.8059800863e-01,    4.1103801727e+01,    3.8059800863e-01,    7.7730201185e-02,
    3.8170000911e-01,   -3.8743700981e+00,    3.8170000911e-01,    4.1573101044e+01,    3.8170000911e-01,    1.9228700548e-02,
    3.8279899955e-01,   -3.7235300541e+00,    3.8279899955e-01,    4.2168399811e+01,    3.8279899955e-01,   -2.0476700738e-02,
    3.8389900327e-01,   -5.2752699852e+00,    3.8389900327e-01,    4.2958801270e+01,    3.8389900327e-01,    1.7151199281e-01,
    3.8499999046e-01,   -5.3851099014e+00,    3.8499999046e-01,    4.3660701752e+01,    3.8499999046e-01,    1.5334200114e-02,
    3.8609901071e-01,   -4.3213000298e+00,    3.8609901071e-01,    4.4261299133e+01,    3.8609901071e-01,    1.0664699972e-01,
    3.8719901443e-01,   -4.7481198311e+00,    3.8719901443e-01,    4.5061599731e+01,    3.8719901443e-01,   -8.6835399270e-02,
    3.8829800487e-01,   -5.9888801575e+00,    3.8829800487e-01,    4.4967700958e+01,    3.8829800487e-01,    1.4397299290e-01,
    3.8939899206e-01,   -5.9172801971e+00,    3.8939899206e-01,    4.4219799042e+01,    3.8939899206e-01,    4.5572500676e-02,
    3.9049899578e-01,   -4.9666099548e+00,    3.9049899578e-01,    4.3872501373e+01,    3.9049899578e-01,   -5.0722200423e-02,
    3.9159899950e-01,   -5.5159797668e+00,    3.9159899950e-01,    4.3647499084e+01,    3.9159899950e-01,   -1.7628300190e-01,
    3.9269900322e-01,   -6.8664999008e+00,    3.9269900322e-01,    4.3112300873e+01,    3.9269900322e-01,   -2.3457300663e-01,
    3.9379999042e-01,   -6.5867400169e+00,    3.9379999042e-01,    4.2555099487e+01,    3.9379999042e-01,    1.7621000111e-01,
    3.9489799738e-01,   -5.2814598083e+00,    3.9489799738e-01,    4.2966899872e+01,    3.9489799738e-01,   -7.9450398684e-02,
    3.9599800110e-01,   -5.8320198059e+00,    3.9599800110e-01,    4.3583900452e+01,    3.9599800110e-01,    1.9497300684e-01,
    3.9709898829e-01,   -7.5313601494e+00,    3.9709898829e-01,    4.4233299255e+01,    3.9709898829e-01,   -2.2543999553e-01,
    3.9819899201e-01,   -6.9201698303e+00,    3.9819899201e-01,    4.4830200195e+01,    3.9819899201e-01,   -1.0981900245e-01,
    3.9929899573e-01,   -5.2413997650e+00,    3.9929899573e-01,    4.5242198944e+01,    3.9929899573e-01,    1.5852700174e-01,
    4.0039899945e-01,   -6.4660401344e+00,    4.0039899945e-01,    4.5815200806e+01,    4.0039899945e-01,   -1.8680100143e-01,
    4.0149998665e-01,   -7.9976000786e+00,    4.0149998665e-01,    4.6383300781e+01,    4.0149998665e-01,    8.6381301284e-02,
    4.0259900689e-01,   -6.8042998314e+00,    4.0259900689e-01,    4.6930599213e+01,    4.0259900689e-01,   -2.2465400398e-01,
    4.0369901061e-01,   -5.8210000992e+00,    4.0369901061e-01,    4.7417301178e+01,    4.0369901061e-01,    1.6366100311e-01,
    4.0479800105e-01,   -7.1607999802e+00,    4.0479800105e-01,    4.8128200531e+01,    4.0479800105e-01,    1.2003699690e-01,
    4.0589898825e-01,   -8.0073099136e+00,    4.0589898825e-01,    4.8799800873e+01,    4.0589898825e-01,    1.2793199718e-01,
    4.0699800849e-01,   -6.9790201187e+00,    4.0699800849e-01,    4.9256500244e+01,    4.0699800849e-01,    1.1853499711e-01,
    4.0809899569e-01,   -6.8503298759e+00,    4.0809899569e-01,    4.7859100342e+01,    4.0809899569e-01,    1.9120499492e-01,
    4.0920001268e-01,   -7.7488698959e+00,    4.0920001268e-01,    4.6958900452e+01,    4.0920001268e-01,    1.8965400755e-02,
    4.1029900312e-01,   -7.9856200218e+00,    4.1029900312e-01,    4.7574501038e+01,    4.1029900312e-01,   -1.3846300542e-01,
    4.1139900684e-01,   -7.7944197655e+00,    4.1139900684e-01,    4.8301101685e+01,    4.1139900684e-01,   -3.6852198839e-01,
    4.1249901056e-01,   -7.7421498299e+00,    4.1249901056e-01,    4.7733798981e+01,    4.1249901056e-01,    4.1299499571e-03,
    4.1359901428e-01,   -7.7747201920e+00,    4.1359901428e-01,    4.8043998718e+01,    4.1359901428e-01,    6.5802299976e-01,
    4.1469800472e-01,   -8.0862998962e+00,    4.1469800472e-01,    4.8625301361e+01,    4.1469800472e-01,   -2.2937799990e-01,
    4.1579800844e-01,   -8.3225002289e+00,    4.1579800844e-01,    4.9452400208e+01,    4.1579800844e-01,    2.5688201189e-01,
    4.1689801216e-01,   -7.7040100098e+00,    4.1689801216e-01,    5.0204601288e+01,    4.1689801216e-01,   -1.4663800597e-01,
    4.1799899936e-01,   -7.8533301353e+00,    4.1799899936e-01,    5.0836299896e+01,    4.1799899936e-01,    2.2716100514e-01,
    4.1909798980e-01,   -8.3975496292e+00,    4.1909798980e-01,    5.1601898193e+01,    4.1909798980e-01,    1.6216500103e-01,
    4.2019900680e-01,   -8.1182403564e+00,    4.2019900680e-01,    5.2329799652e+01,    4.2019900680e-01,   -1.2683700025e-01,
    4.2129799724e-01,   -7.7773499489e+00,    4.2129799724e-01,    5.3087699890e+01,    4.2129799724e-01,    4.5769501477e-02,
    4.2239901423e-01,   -8.1453199387e+00,    4.2239901423e-01,    5.4038200378e+01,    4.2239901423e-01,   -9.7231596708e-02,
    4.2349898815e-01,   -8.2337903976e+00,    4.2349898815e-01,    5.4813098907e+01,    4.2349898815e-01,    1.2446299940e-01,
    4.2460000515e-01,   -8.0717496872e+00,    4.2460000515e-01,    5.5601398468e+01,    4.2460000515e-01,   -3.1123900414e-01,
    4.2569801211e-01,   -8.0522203445e+00,    4.2569801211e-01,    5.6547100067e+01,    4.2569801211e-01,   -1.6641399264e-01,
    4.2679899931e-01,   -8.2843704224e+00,    4.2679899931e-01,    5.7263000488e+01,    4.2679899931e-01,   -4.9189100973e-03,
    4.2789798975e-01,   -8.4445600510e+00,    4.2789798975e-01,    5.7404300690e+01,    4.2789798975e-01,   -4.8539299518e-02,
    4.2899900675e-01,   -8.5956401825e+00,    4.2899900675e-01,    5.6758800507e+01,    4.2899900675e-01,   -1.9155099988e-01,
    4.3009901047e-01,   -8.4761695862e+00,    4.3009901047e-01,    5.5773700714e+01,    4.3009901047e-01,   -2.7982699871e-01,
    4.3119901419e-01,   -8.5203104019e+00,    4.3119901419e-01,    5.6001300812e+01,    4.3119901419e-01,   -2.6699998975e-01,
    4.3229800463e-01,   -9.2431201935e+00,    4.3229800463e-01,    5.5660400391e+01,    4.3229800463e-01,   -4.6984800696e-01,
    4.3340000510e-01,   -9.2172002792e+00,    4.3340000510e-01,    5.6212600708e+01,    4.3340000510e-01,    2.6981800795e-01,
    4.3449801207e-01,   -8.4683904648e+00,    4.3449801207e-01,    5.6881099701e+01,    4.3449801207e-01,   -5.2587199956e-02,
    4.3559899926e-01,   -8.9550695419e+00,    4.3559899926e-01,    5.7682498932e+01,    4.3559899926e-01,    4.4002998620e-02,
    4.3669900298e-01,   -9.6244401932e+00,    4.3669900298e-01,    5.8373401642e+01,    4.3669900298e-01,   -1.9098900259e-01,
    4.3779999018e-01,   -9.0898103714e+00,    4.3779999018e-01,    5.9180801392e+01,    4.3779999018e-01,    8.1279903650e-02,
    4.3889999390e-01,   -8.7547397614e+00,    4.3889999390e-01,    5.9820201874e+01,    4.3889999390e-01,   -7.4553497136e-02,
    4.3999901414e-01,   -9.3174400330e+00,    4.3999901414e-01,    6.0526599884e+01,    4.3999901414e-01,    2.2533699870e-01,
    4.4109800458e-01,   -9.5494699478e+00,    4.4109800458e-01,    6.1279098511e+01,    4.4109800458e-01,   -1.7470000684e-01,
    4.4219800830e-01,   -9.2084999084e+00,    4.4219800830e-01,    6.1917198181e+01,    4.4219800830e-01,    2.2085800767e-02,
    4.4329899549e-01,   -9.0846300125e+00,    4.4329899549e-01,    6.2551399231e+01,    4.4329899549e-01,    3.0423599482e-01,
    4.4440001249e-01,   -9.3930597305e+00,    4.4440001249e-01,    6.3190299988e+01,    4.4440001249e-01,    1.2778700329e-02,
    4.4549900293e-01,   -9.5483903885e+00,    4.4549900293e-01,    6.3910900116e+01,    4.4549900293e-01,    1.5506100655e-01,
    4.4659999013e-01,   -9.3171796799e+00,    4.4659999013e-01,    6.4739601135e+01,    4.4659999013e-01,   -1.8509900197e-02,
    4.4769799709e-01,   -9.1981601715e+00,    4.4769799709e-01,    6.5491600037e+01,    4.4769799709e-01,    1.5746599436e-01,
    4.4879901409e-01,   -9.9659595490e+00,    4.4879901409e-01,    6.5143302917e+01,    4.4879901409e-01,    2.8183698654e-01,
    4.4989898801e-01,   -9.8403797150e+00,    4.4989898801e-01,    6.5393302917e+01,    4.4989898801e-01,    3.8506601006e-02,
    4.5099899173e-01,   -9.8167600632e+00,    4.5099899173e-01,    6.4866798401e+01,    4.5099899173e-01,    9.8496396095e-03,
    4.5209801197e-01,   -1.0005900383e+01,    4.5209801197e-01,    6.5029998779e+01,    4.5209801197e-01,   -3.1479798257e-02,
    4.5319899917e-01,   -1.0396699905e+01,    4.5319899917e-01,    6.5394798279e+01,    4.5319899917e-01,   -3.2036900520e-01,
    4.5429998636e-01,   -1.0411800385e+01,    4.5429998636e-01,    6.5261901855e+01,    4.5429998636e-01,    2.6000401378e-01,
    4.5539799333e-01,   -9.7046003342e+00,    4.5539799333e-01,    6.5920799255e+01,    4.5539799333e-01,    6.5214401484e-01,
    4.5649901032e-01,   -1.0329199791e+01,    4.5649901032e-01,    6.6689498901e+01,    4.5649901032e-01,   -1.0545399785e-01,
    4.5759999752e-01,   -1.0845100403e+01,    4.5759999752e-01,    6.7612098694e+01,    4.5759999752e-01,    4.3026301265e-01,
    4.5870000124e-01,   -1.0061699867e+01,    4.5870000124e-01,    6.8259803772e+01,    4.5870000124e-01,    1.0467899963e-02,
    4.5980000496e-01,   -1.0222999573e+01,    4.5980000496e-01,    6.8821800232e+01,    4.5980000496e-01,    2.7350899577e-01,
    4.6089899540e-01,   -1.0725299835e+01,    4.6089899540e-01,    6.9403503418e+01,    4.6089899540e-01,    3.3367699385e-01,
    4.6199899912e-01,   -1.0503100395e+01,    4.6199899912e-01,    7.0121398926e+01,    4.6199899912e-01,   -1.8180500716e-02,
    4.6309798956e-01,   -1.0192000389e+01,    4.6309798956e-01,    7.0960296631e+01,    4.6309798956e-01,   -5.9279501438e-02,
    4.6419799328e-01,   -1.0369899750e+01,    4.6419799328e-01,    7.1864898682e+01,    4.6419799328e-01,    4.4693499804e-01,
    4.6529901028e-01,   -1.0637599945e+01,    4.6529901028e-01,    7.2338600159e+01,    4.6529901028e-01,    6.7468799651e-02,
    4.6639800072e-01,   -1.0301400185e+01,    4.6639800072e-01,    7.2967399597e+01,    4.6639800072e-01,   -8.1201503053e-03,
    4.6750000119e-01,   -1.0110699654e+01,    4.6750000119e-01,    7.3747001648e+01,    4.6750000119e-01,    1.4681300521e-01,
    4.6859899163e-01,   -1.0632599831e+01,    4.6859899163e-01,    7.4217498779e+01,    4.6859899163e-01,    2.2833999246e-02,
    4.6969899535e-01,   -1.0724699974e+01,    4.6969899535e-01,    7.4535598755e+01,    4.6969899535e-01,    4.6867001057e-01,
    4.7079899907e-01,   -1.0582400322e+01,    4.7079899907e-01,    7.3825302124e+01,    4.7079899907e-01,   -6.5087802708e-02,
    4.7189798951e-01,   -1.0925499916e+01,    4.7189798951e-01,    7.1652099609e+01,    4.7189798951e-01,   -4.5531601645e-03,
    4.7299900651e-01,   -1.0866200447e+01,    4.7299900651e-01,    7.1640701294e+01,    4.7299900651e-01,    3.1227400899e-01,
    4.7409901023e-01,   -1.1063699722e+01,    4.7409901023e-01,    7.2322502136e+01,    4.7409901023e-01,   -8.5617296398e-02,
    4.7519999743e-01,   -1.1279600143e+01,    4.7519999743e-01,    7.3108802795e+01,    4.7519999743e-01,   -2.6516899467e-02,
    4.7629898787e-01,   -1.0922100067e+01,    4.7629898787e-01,    7.3619102478e+01,    4.7629898787e-01,    2.0307500660e-01,
    4.7740000486e-01,   -1.1032600403e+01,    4.7740000486e-01,    7.4307296753e+01,    4.7740000486e-01,   -1.1846499890e-01,
    4.7849899530e-01,   -1.1107999802e+01,    4.7849899530e-01,    7.4758499146e+01,    4.7849899530e-01,    2.3472100496e-01,
    4.7959899902e-01,   -1.1111599922e+01,    4.7959899902e-01,    7.5249900818e+01,    4.7959899902e-01,    5.2927400917e-02,
    4.8069900274e-01,   -1.0992099762e+01,    4.8069900274e-01,    7.5517501831e+01,    4.8069900274e-01,    6.0218401253e-02,
    4.8179799318e-01,   -1.0784099579e+01,    4.8179799318e-01,    7.5875999451e+01,    4.8179799318e-01,    2.9649999738e-01,
    4.8289799690e-01,   -1.1017600060e+01,    4.8289799690e-01,    7.6407501221e+01,    4.8289799690e-01,    1.5132799745e-01,
    4.8399999738e-01,   -1.0828900337e+01,    4.8399999738e-01,    7.7235099792e+01,    4.8399999738e-01,   -1.8837599084e-02,
    4.8509898782e-01,   -1.0589500427e+01,    4.8509898782e-01,    7.7889602661e+01,    4.8509898782e-01,    1.0341300070e-01,
    4.8619899154e-01,   -1.0710300446e+01,    4.8619899154e-01,    7.8408096313e+01,    4.8619899154e-01,    2.0124399662e-01,
    4.8729899526e-01,   -1.0740099907e+01,    4.8729899526e-01,    7.8660400391e+01,    4.8729899526e-01,    1.4616699517e-01,
    4.8839899898e-01,   -1.0537300110e+01,    4.8839899898e-01,    7.9083900452e+01,    4.8839899898e-01,    1.1467000097e-01,
    4.8949900270e-01,   -1.0719599724e+01,    4.8949900270e-01,    7.8561996460e+01,    4.8949900270e-01,    2.1334899962e-01,
    4.9059998989e-01,   -1.1072600365e+01,    4.9059998989e-01,    7.7483596802e+01,    4.9059998989e-01,    2.5555199385e-01,
    4.9169901013e-01,   -1.0829600334e+01,    4.9169901013e-01,    7.7151100159e+01,    4.9169901013e-01,    3.2288500667e-01,
    4.9279901385e-01,   -1.0984999657e+01,    4.9279901385e-01,    7.7028800964e+01,    4.9279901385e-01,   -2.9685899615e-02,
    4.9389898777e-01,   -1.1100700378e+01,    4.9389898777e-01,    7.7509498596e+01,    4.9389898777e-01,   -4.0568900108e-01,
    4.9499899149e-01,   -1.0997799873e+01,    4.9499899149e-01,    7.8329299927e+01,    4.9499899149e-01,    1.9351199269e-01,
    4.9609899521e-01,   -1.0578300476e+01,    4.9609899521e-01,    7.9171302795e+01,    4.9609899521e-01,    1.5077599883e-01,
    4.9719899893e-01,   -1.0774000168e+01,    4.9719899893e-01,    7.9920303345e+01,    4.9719899893e-01,   -1.9697299600e-01,
    4.9829798937e-01,   -1.0875200272e+01,    4.9829798937e-01,    8.0479400635e+01,    4.9829798937e-01,    7.6282203197e-02,
    4.9939998984e-01,   -1.0274600029e+01,    4.9939998984e-01,    8.0939498901e+01,    4.9939998984e-01,   -5.3746900521e-03,
    5.0049799681e-01,   -1.0446999550e+01,    5.0049799681e-01,    8.1496200562e+01,    5.0049799681e-01,    7.3172196746e-02,
    5.0160002708e-01,   -1.0580100060e+01,    5.0160002708e-01,    8.1646797180e+01,    5.0160002708e-01,    3.6216101050e-01,
    5.0269901752e-01,   -1.0050700188e+01,    5.0269901752e-01,    8.2288299561e+01,    5.0269901752e-01,   -2.0635800064e-01,
    5.0379800797e-01,   -1.0054100037e+01,    5.0379800797e-01,    8.2860298157e+01,    5.0379800797e-01,    4.0255698562e-01,
    5.0489997864e-01,   -1.0164400101e+01,    5.0489997864e-01,    8.3687202454e+01,    5.0489997864e-01,    3.7562999129e-01,
    5.0599902868e-01,   -1.0015700340e+01,    5.0599902868e-01,    8.4105400085e+01,    5.0599902868e-01,   -1.9543600082e-01,
    5.0709801912e-01,   -9.7586297989e+00,    5.0709801912e-01,    8.4776100159e+01,    5.0709801912e-01,    1.7753300071e-01,
    5.0819802284e-01,   -9.9457597733e+00,    5.0819802284e-01,    8.5401901245e+01,    5.0819802284e-01,    2.0746399462e-01,
    5.0929898024e-01,   -1.0171099663e+01,    5.0929898024e-01,    8.5779800415e+01,    5.0929898024e-01,    8.3246296272e-03,
    5.1039898396e-01,   -1.0105600357e+01,    5.1039898396e-01,    8.3986503601e+01,    5.1039898396e-01,    4.1013899446e-01,
    5.1149898767e-01,   -9.8396301270e+00,    5.1149898767e-01,    8.3132598877e+01,    5.1149898767e-01,    5.9959899634e-02,
    5.1259899139e-01,   -1.0064100266e+01,    5.1259899139e-01,    8.3484901428e+01,    5.1259899139e-01,    3.4990099072e-01,
    5.1369899511e-01,   -1.0480600357e+01,    5.1369899511e-01,    8.3563697815e+01,    5.1369899511e-01,    2.6438701153e-01,
    5.1480001211e-01,   -1.0281599998e+01,    5.1480001211e-01,    8.3445098877e+01,    5.1480001211e-01,   -5.1937597990e-01,
    5.1589798927e-01,   -9.7965097427e+00,    5.1589798927e-01,    8.4244499207e+01,    5.1589798927e-01,    1.6825599596e-02,
    5.1699799299e-01,   -1.0424799919e+01,    5.1699799299e-01,    8.4721000671e+01,    5.1699799299e-01,   -1.0604199767e-01,
    5.1809900999e-01,   -1.0752799988e+01,    5.1809900999e-01,    8.4961402893e+01,    5.1809900999e-01,   -8.2014702260e-02,
    5.1919901371e-01,   -9.6343603134e+00,    5.1919901371e-01,    8.5262001038e+01,    5.1919901371e-01,   -3.2859000564e-01,
    5.2029901743e-01,   -1.0118000031e+01,    5.2029901743e-01,    8.5685997009e+01,    5.2029901743e-01,   -2.1994300187e-01,
    5.2139997482e-01,   -1.0944299698e+01,    5.2139997482e-01,    8.5933700562e+01,    5.2139997482e-01,   -3.6649301648e-02,
    5.2249801159e-01,   -9.8422203064e+00,    5.2249801159e-01,    8.6732299805e+01,    5.2249801159e-01,    1.7514100671e-01,
    5.2359902859e-01,   -9.8501396179e+00,    5.2359902859e-01,    8.7037200928e+01,    5.2359902859e-01,   -2.8075799346e-01,
    5.2469998598e-01,   -1.0852100372e+01,    5.2469998598e-01,    8.7583801270e+01,    5.2469998598e-01,   -4.5850999653e-02,
    5.2579897642e-01,   -1.0169199944e+01,    5.2579897642e-01,    8.8057197571e+01,    5.2579897642e-01,    1.1425499804e-02,
    5.2689898014e-01,   -9.6643800735e+00,    5.2689898014e-01,    8.8452003479e+01,    5.2689898014e-01,    1.1531700194e-01,
    5.2799999714e-01,   -1.0412199974e+01,    5.2799999714e-01,    8.8397102356e+01,    5.2799999714e-01,    1.3471400365e-02,
    5.2909898758e-01,   -1.0782199860e+01,    5.2909898758e-01,    8.8923698425e+01,    5.2909898758e-01,   -7.5756399892e-03,
    5.3019899130e-01,   -1.0167699814e+01,    5.3019899130e-01,    8.7252296448e+01,    5.3019899130e-01,    3.5938599706e-01,
    5.3129899502e-01,   -1.0332599640e+01,    5.3129899502e-01,    8.6264099121e+01,    5.3129899502e-01,    3.0792900920e-01,
    5.3239798546e-01,   -1.1117699623e+01,    5.3239798546e-01,    8.7185203552e+01,    5.3239798546e-01,    3.9037799835e-01,
    5.3349798918e-01,   -1.0637800217e+01,    5.3349798918e-01,    8.7814300537e+01,    5.3349798918e-01,    1.8982900679e-01,
    5.3459799290e-01,   -1.0574099541e+01,    5.3459799290e-01,    8.7677101135e+01,    5.3459799290e-01,   -1.5850099921e-01,
    5.3569900990e-01,   -1.1278400421e+01,    5.3569900990e-01,    8.7973800659e+01,    5.3569900990e-01,    6.3831001520e-01,
    5.3679800034e-01,   -1.0692399979e+01,    5.3679800034e-01,    8.8528900146e+01,    5.3679800034e-01,   -1.8544399738e-01,
    5.3789997101e-01,   -1.1077899933e+01,    5.3789997101e-01,    8.8654899597e+01,    5.3789997101e-01,   -1.4485700428e-01,
    5.3899800777e-01,   -1.1101200104e+01,    5.3899800777e-01,    9.0018203735e+01,    5.3899800777e-01,    8.8676996529e-02,
    5.4009902477e-01,   -1.0720399857e+01,    5.4009902477e-01,    9.0879798889e+01,    5.4009902477e-01,    5.3814399987e-02,
    5.4119801521e-01,   -1.1227800369e+01,    5.4119801521e-01,    9.1095703125e+01,    5.4119801521e-01,    1.9544200599e-01,
    5.4229897261e-01,   -1.0937800407e+01,    5.4229897261e-01,    9.2199897766e+01,    5.4229897261e-01,    8.9062198997e-02,
    5.4339802265e-01,   -1.0874799728e+01,    5.4339802265e-01,    9.2898696899e+01,    5.4339802265e-01,   -1.9275699556e-01,
    5.4449802637e-01,   -1.1331000328e+01,    5.4449802637e-01,    9.2596496582e+01,    5.4449802637e-01,    2.9126799107e-01,
    5.4559898376e-01,   -1.0802900314e+01,    5.4559898376e-01,    9.3334098816e+01,    5.4559898376e-01,    6.8457402289e-02,
    5.4670000076e-01,   -1.0894100189e+01,    5.4670000076e-01,    9.4084503174e+01,    5.4670000076e-01,   -6.1094498634e-01,
    5.4780000448e-01,   -1.0978300095e+01,    5.4780000448e-01,    9.3618499756e+01,    5.4780000448e-01,    3.3635899425e-01,
    5.4889899492e-01,   -1.0885000229e+01,    5.4889899492e-01,    9.3690002441e+01,    5.4889899492e-01,   -1.4965100586e-01,
    5.4999798536e-01,   -1.1016699791e+01,    5.4999798536e-01,    9.2925102234e+01,    5.4999798536e-01,   -1.1174100451e-02,
    5.5109900236e-01,   -1.1243800163e+01,    5.5109900236e-01,    9.1342300415e+01,    5.5109900236e-01,    1.2768000364e-01,
    5.5219799280e-01,   -1.1452799797e+01,    5.5219799280e-01,    9.1334800720e+01,    5.5219799280e-01,    6.6241502762e-02,
    5.5329799652e-01,   -1.1184900284e+01,    5.5329799652e-01,    9.2085601807e+01,    5.5329799652e-01,    2.8682100773e-01,
    5.5439901352e-01,   -1.1523599625e+01,    5.5439901352e-01,    9.1785896301e+01,    5.5439901352e-01,    3.2031399012e-01,
    5.5549901724e-01,   -1.1782999992e+01,    5.5549901724e-01,    9.1882301331e+01,    5.5549901724e-01,   -2.9093399644e-01,
    5.5659902096e-01,   -1.1028699875e+01,    5.5659902096e-01,    9.2111396790e+01,    5.5659902096e-01,    6.2776103616e-02,
    5.5769801140e-01,   -1.1749699593e+01,    5.5769801140e-01,    9.1026802063e+01,    5.5769801140e-01,    2.5296700001e-01,
    5.5879801512e-01,   -1.1896900177e+01,    5.5879801512e-01,    9.1610496521e+01,    5.5879801512e-01,   -8.2204902172e-01,
    5.5989998579e-01,   -1.1049200058e+01,    5.5989998579e-01,    9.2714897156e+01,    5.5989998579e-01,    2.5509899855e-01,
    5.6099802256e-01,   -1.1832500458e+01,    5.6099802256e-01,    9.1930397034e+01,    5.6099802256e-01,   -5.6638598442e-02,
    5.6209897995e-01,   -1.1816599846e+01,    5.6209897995e-01,    9.2658996582e+01,    5.6209897995e-01,   -2.2772300243e-01,
    5.6319797039e-01,   -1.1047800064e+01,    5.6319797039e-01,    9.3940101624e+01,    5.6319797039e-01,    3.5263899714e-02,
    5.6429898739e-01,   -1.1588500023e+01,    5.6429898739e-01,    9.3497703552e+01,    5.6429898739e-01,   -2.9464399815e-01,
    5.6539899111e-01,   -1.1600399971e+01,    5.6539899111e-01,    9.4002403259e+01,    5.6539899111e-01,   -2.2397099435e-01,
    5.6649899483e-01,   -1.0971699715e+01,    5.6649899483e-01,    9.5198600769e+01,    5.6649899483e-01,    5.8398699760e-01,
    5.6759899855e-01,   -1.1207699776e+01,    5.6759899855e-01,    9.4445899963e+01,    5.6759899855e-01,   -7.1533298492e-01,
    5.6870001554e-01,   -1.1642399788e+01,    5.6870001554e-01,    9.4585700989e+01,    5.6870001554e-01,    1.4240500331e-01,
    5.6979799271e-01,   -1.1307600021e+01,    5.6979799271e-01,    9.4380096436e+01,    5.6979799271e-01,    5.9997999668e-01,
    5.7090002298e-01,   -1.1121299744e+01,    5.7090002298e-01,    9.3295097351e+01,    5.7090002298e-01,   -3.5434600711e-01,
    5.7199800014e-01,   -1.2012399673e+01,    5.7199800014e-01,    9.3701400757e+01,    5.7199800014e-01,    8.4210097790e-01,
    5.7309800386e-01,   -1.1347599983e+01,    5.7309800386e-01,    9.5462898254e+01,    5.7309800386e-01,    4.0767601132e-01,
    5.7419997454e-01,   -1.1300499916e+01,    5.7419997454e-01,    9.3943603516e+01,    5.7419997454e-01,   -3.6541700363e-01,
    5.7529902458e-01,   -1.2102999687e+01,    5.7529902458e-01,    9.3912101746e+01,    5.7529902458e-01,    1.0852700472e+00,
    5.7639902830e-01,   -1.1302100182e+01,    5.7639902830e-01,    9.5219001770e+01,    5.7639902830e-01,   -7.3960602283e-02,
    5.7749897242e-01,   -1.1459099770e+01,    5.7749897242e-01,    9.4744796753e+01,    5.7749897242e-01,   -7.3873899877e-02,
    5.7859998941e-01,   -1.2213600159e+01,    5.7859998941e-01,    9.4564300537e+01,    5.7859998941e-01,    8.7100100517e-01,
    5.7969999313e-01,   -1.1224300385e+01,    5.7969999313e-01,    9.5437202454e+01,    5.7969999313e-01,   -4.9507498741e-01,
    5.8079898357e-01,   -1.1496999741e+01,    5.8079898357e-01,    9.4937599182e+01,    5.8079898357e-01,    2.7505699545e-02,
    5.8189898729e-01,   -1.2099900246e+01,    5.8189898729e-01,    9.4959800720e+01,    5.8189898729e-01,    4.2754799128e-01,
    5.8299899101e-01,   -1.1239399910e+01,    5.8299899101e-01,    9.6483001709e+01,    5.8299899101e-01,   -8.4855502844e-01,
    5.8409899473e-01,   -1.1281299591e+01,    5.8409899473e-01,    9.6214996338e+01,    5.8409899473e-01,    2.3253500462e-01,
    5.8519798517e-01,   -1.1882800102e+01,    5.8519798517e-01,    9.6215202332e+01,    5.8519798517e-01,    1.5972900391e-01,
    5.8629900217e-01,   -1.1273699760e+01,    5.8629900217e-01,    9.7722602844e+01,    5.8629900217e-01,   -1.1557199955e+00,
    5.8740001917e-01,   -1.0986300468e+01,    5.8740001917e-01,    9.8020500183e+01,    5.8740001917e-01,    4.2523699999e-01,
    5.8850002289e-01,   -1.1716199875e+01,    5.8850002289e-01,    9.7672599792e+01,    5.8850002289e-01,   -1.4203600585e-01,
    5.8959901333e-01,   -1.1243499756e+01,    5.8959901333e-01,    9.9276298523e+01,    5.8959901333e-01,   -7.5985497236e-01,
    5.9069997072e-01,   -1.1061499596e+01,    5.9069997072e-01,    9.8348098755e+01,    5.9069997072e-01,    6.4619797468e-01,
    5.9179800749e-01,   -1.1902199745e+01,    5.9179800749e-01,    9.6718597412e+01,    5.9179800749e-01,   -3.9258700609e-01,
    5.9289902449e-01,   -1.1522500038e+01,    5.9289902449e-01,    9.7579803467e+01,    5.9289902449e-01,   -5.8074600995e-02,
    5.9399902821e-01,   -1.1270199776e+01,    5.9399902821e-01,    9.7650001526e+01,    5.9399902821e-01,    1.0885699987e+00,
    5.9509897232e-01,   -1.2050299644e+01,    5.9509897232e-01,    9.7644203186e+01,    5.9509897232e-01,   -6.9635897875e-01,
    5.9619998932e-01,   -1.1602999687e+01,    5.9619998932e-01,    9.9028396606e+01,    5.9619998932e-01,   -1.1466100067e-01,
    5.9729802608e-01,   -1.1190400124e+01,    5.9729802608e-01,    9.9424697876e+01,    5.9729802608e-01,    1.1389700174e+00,
    5.9839898348e-01,   -1.1951299667e+01,    5.9839898348e-01,    9.9258796692e+01,    5.9839898348e-01,   -9.9224102497e-01,
    5.9950000048e-01,   -1.1638899803e+01,    5.9950000048e-01,    9.9636299133e+01,    5.9950000048e-01,    5.2076601982e-01,
    6.0060000420e-01,   -1.1127200127e+01,    6.0060000420e-01,    9.9310401917e+01,    6.0060000420e-01,   -3.1412299722e-02,
    6.0169798136e-01,   -1.1849599838e+01,    6.0169798136e-01,    9.8858497620e+01,    6.0169798136e-01,   -1.0385700464e+00,
    6.0279899836e-01,   -1.1740400314e+01,    6.0279899836e-01,    9.8740196228e+01,    6.0279899836e-01,    5.0794798136e-01,
    6.0389798880e-01,   -1.1083399773e+01,    6.0389798880e-01,    9.9529296875e+01,    6.0389798880e-01,   -4.6952301264e-01,
    6.0499900579e-01,   -1.1636699677e+01,    6.0499900579e-01,    9.9823402405e+01,    6.0499900579e-01,   -1.1479200125e+00,
    6.0610002279e-01,   -1.1717499733e+01,    6.0610002279e-01,    1.0071800232e+02,    6.0610002279e-01,    9.9037802219e-01,
    6.0719799995e-01,   -1.0936699867e+01,    6.0719799995e-01,    1.0146399689e+02,    6.0719799995e-01,   -1.0794099569e+00,
    6.0829901695e-01,   -1.1495200157e+01,    6.0829901695e-01,    1.0162999725e+02,    6.0829901695e-01,   -5.8634901047e-01,
    6.0939997435e-01,   -1.1850600243e+01,    6.0939997435e-01,    1.0239099884e+02,    6.0939997435e-01,    1.1538699865e+00,
    6.1049902439e-01,   -1.1148099899e+01,    6.1049902439e-01,    1.0178600311e+02,    6.1049902439e-01,   -1.4818799496e+00,
    6.1159801483e-01,   -1.1815299988e+01,    6.1159801483e-01,    1.0023899841e+02,    6.1159801483e-01,    5.8251798153e-01,
    6.1269897223e-01,   -1.2116200447e+01,    6.1269897223e-01,    1.0098699951e+02,    6.1269897223e-01,    1.0747300386e+00,
    6.1379998922e-01,   -1.1439599991e+01,    6.1379998922e-01,    1.0113200378e+02,    6.1379998922e-01,   -1.1461999416e+00,
    6.1489897966e-01,   -1.2159399986e+01,    6.1489897966e-01,    1.0063999939e+02,    6.1489897966e-01,    1.2922099829e+00,
    6.1599802971e-01,   -1.2000399590e+01,    6.1599802971e-01,    1.0217600250e+02,    6.1599802971e-01,    6.0941398144e-01,
    6.1709898710e-01,   -1.1530699730e+01,    6.1709898710e-01,    1.0248300171e+02,    6.1709898710e-01,   -1.4833300114e+00,
    6.1819899082e-01,   -1.2223699570e+01,    6.1819899082e-01,    1.0236299896e+02,    6.1819899082e-01,    1.7278699875e+00,
    6.1930000782e-01,   -1.1967599869e+01,    6.1930000782e-01,    1.0269999695e+02,    6.1930000782e-01,   -1.3907399774e-01,
    6.2039899826e-01,   -1.1650899887e+01,    6.2039899826e-01,    1.0207099915e+02,    6.2039899826e-01,   -1.6174800396e+00,
    6.2149900198e-01,   -1.2080499649e+01,    6.2149900198e-01,    1.0151799774e+02,    6.2149900198e-01,    1.6269500256e+00,
    6.2260001898e-01,   -1.2001399994e+01,    6.2260001898e-01,    1.0164099884e+02,    6.2260001898e-01,   -1.2299799919e+00,
    6.2369900942e-01,   -1.1585100174e+01,    6.2369900942e-01,    1.0238800049e+02,    6.2369900942e-01,   -8.5267001390e-01,
    6.2480002642e-01,   -1.1863400459e+01,    6.2480002642e-01,    1.0265699768e+02,    6.2480002642e-01,    1.7033599615e+00,
    6.2589997053e-01,   -1.2055700302e+01,    6.2589997053e-01,    1.0263500214e+02,    6.2589997053e-01,   -1.9884300232e+00,
    6.2699902058e-01,   -1.1498399734e+01,    6.2699902058e-01,    1.0415100098e+02,    6.2699902058e-01,    1.5963900089e-01,
    6.2809801102e-01,   -1.1644399643e+01,    6.2809801102e-01,    1.0413099670e+02,    6.2809801102e-01,    1.2295600176e+00,
    6.2919998169e-01,   -1.2249500275e+01,    6.2919998169e-01,    1.0403600311e+02,    6.2919998169e-01,   -2.4390099049e+00,
    6.3029897213e-01,   -1.1464799881e+01,    6.3029897213e-01,    1.0529499817e+02,    6.3029897213e-01,    9.2782002687e-01,
    6.3139802217e-01,   -1.1828499794e+01,    6.3139802217e-01,    1.0489600372e+02,    6.3139802217e-01,    5.2150899172e-01,
    6.3249999285e-01,   -1.2740599632e+01,    6.3249999285e-01,    1.0341400146e+02,    6.3249999285e-01,   -2.0954298973e+00,
    6.3359898329e-01,   -1.1696700096e+01,    6.3359898329e-01,    1.0298999786e+02,    6.3359898329e-01,    2.5786399841e+00,
    6.3469898701e-01,   -1.2153599739e+01,    6.3469898701e-01,    1.0244599915e+02,    6.3469898701e-01,   -1.3743099570e-01,
    6.3579797745e-01,   -1.2963999748e+01,    6.3579797745e-01,    1.0369799805e+02,    6.3579797745e-01,   -1.2771999836e+00,
    6.3689899445e-01,   -1.1622500420e+01,    6.3689899445e-01,    1.0365899658e+02,    6.3689899445e-01,    2.8058500290e+00,
    6.3799798489e-01,   -1.2148500443e+01,    6.3799798489e-01,    1.0352700043e+02,    6.3799798489e-01,   -1.1118099689e+00,
    6.3909900188e-01,   -1.2740300179e+01,    6.3909900188e-01,    1.0487100220e+02,    6.3909900188e-01,   -6.3682299852e-01,
    6.4019799232e-01,   -1.1778599739e+01,    6.4019799232e-01,    1.0307199860e+02,    6.4019799232e-01,    3.0046300888e+00,
    6.4129900932e-01,   -1.1967599869e+01,    6.4129900932e-01,    1.0211000061e+02,    6.4129900932e-01,   -2.9226601124e+00,
    6.4239901304e-01,   -1.2868800163e+01,    6.4239901304e-01,    1.0278600311e+02,    6.4239901304e-01,    3.2425999641e-01,
    6.4349901676e-01,   -1.1789400101e+01,    6.4349901676e-01,    1.0362000275e+02,    6.4349901676e-01,    1.9350600243e+00,
    6.4459800720e-01,   -1.1886300087e+01,    6.4459800720e-01,    1.0299500275e+02,    6.4459800720e-01,   -2.8379700184e+00,
    6.4569997787e-01,   -1.2921999931e+01,    6.4569997787e-01,    1.0318900299e+02,    6.4569997787e-01,    1.6091200113e+00,
    6.4679902792e-01,   -1.1833200455e+01,    6.4679902792e-01,    1.0446900177e+02,    6.4679902792e-01,    1.0512100458e+00,
    6.4789998531e-01,   -1.1763799667e+01,    6.4789998531e-01,    1.0440399933e+02,    6.4789998531e-01,   -2.8703498840e+00,
    6.4899802208e-01,   -1.3198900223e+01,    6.4899802208e-01,    1.0387100220e+02,    6.4899802208e-01,    3.3002099991e+00,
    6.5009897947e-01,   -1.2018699646e+01,    6.5009897947e-01,    1.0444999695e+02,    6.5009897947e-01,   -1.4572100341e-01,
    6.5119999647e-01,   -1.2160799980e+01,    6.5119999647e-01,    1.0343199921e+02,    6.5119999647e-01,   -2.3040099144e+00,
    6.5229898691e-01,   -1.3817199707e+01,    6.5229898691e-01,    1.0233999634e+02,    6.5229898691e-01,    4.0240201950e+00,
    6.5339899063e-01,   -1.2357199669e+01,    6.5339899063e-01,    1.0291799927e+02,    6.5339899063e-01,   -1.0837800503e+00,
    6.5450000763e-01,   -1.2612899780e+01,    6.5450000763e-01,    1.0221800232e+02,    6.5450000763e-01,   -8.8380300999e-01,
    6.5559798479e-01,   -1.4044599533e+01,    6.5559798479e-01,    1.0186699677e+02,    6.5559798479e-01,    3.8148899078e+00,
    6.5670001507e-01,   -1.2375699997e+01,    6.5670001507e-01,    1.0131900024e+02,    6.5670001507e-01,   -2.3746900558e+00,
    6.5779799223e-01,   -1.2884300232e+01,    6.5779799223e-01,    1.0086499786e+02,    6.5779799223e-01,    2.2132900357e-01,
    6.5889900923e-01,   -1.3877099991e+01,    6.5889900923e-01,    1.0084700012e+02,    6.5889900923e-01,    2.8190300465e+00,
    6.5999901295e-01,   -1.2347700119e+01,    6.5999901295e-01,    1.0029199982e+02,    6.5999901295e-01,   -3.8216600418e+00,
    6.6109901667e-01,   -1.2729000092e+01,    6.6109901667e-01,    1.0112999725e+02,    6.6109901667e-01,    1.6426999569e+00,
    6.6219902039e-01,   -1.3685600281e+01,    6.6219902039e-01,    1.0158599854e+02,    6.6219902039e-01,    1.7740299702e+00,
    6.6329997778e-01,   -1.2592800140e+01,    6.6329997778e-01,    1.0088600159e+02,    6.6329997778e-01,   -4.1028599739e+00,
    6.6439998150e-01,   -1.2506600380e+01,    6.6439998150e-01,    1.0158799744e+02,    6.6439998150e-01,    2.8805201054e+00,
    6.6549897194e-01,   -1.3615400314e+01,    6.6549897194e-01,    1.0248000336e+02,    6.6549897194e-01,    1.5385499597e-01,
    6.6659897566e-01,   -1.2839900017e+01,    6.6659897566e-01,    1.0287799835e+02,    6.6659897566e-01,   -3.4458398819e+00,
    6.6769897938e-01,   -1.2260499954e+01,    6.6769897938e-01,    1.0287899780e+02,    6.6769897938e-01,    3.7150900364e+00,
    6.6879802942e-01,   -1.3814100266e+01,    6.6879802942e-01,    1.0307599640e+02,    6.6879802942e-01,   -1.6771099567e+00,
    6.6989898682e-01,   -1.3122400284e+01,    6.6989898682e-01,    1.0399800110e+02,    6.6989898682e-01,   -2.2760500908e+00,
    6.7099899054e-01,   -1.2371500015e+01,    6.7099899054e-01,    1.0307399750e+02,    6.7099899054e-01,    4.1279802322e+00,
    6.7210000753e-01,   -1.4156499863e+01,    6.7210000753e-01,    1.0230400085e+02,    6.7210000753e-01,   -3.3409900665e+00,
    6.7319899797e-01,   -1.3757399559e+01,    6.7319899797e-01,    1.0220899963e+02,    6.7319899797e-01,   -6.0482198000e-01,
    6.7429900169e-01,   -1.2610500336e+01,    6.7429900169e-01,    9.9270599365e+01,    6.7429900169e-01,    3.7380700111e+00,
    6.7539799213e-01,   -1.4379199982e+01,    6.7539799213e-01,    9.8314598083e+01,    6.7539799213e-01,   -4.2939901352e+00,
    6.7649900913e-01,   -1.3894200325e+01,    6.7649900913e-01,    1.0025000000e+02,    6.7649900913e-01,    3.5894599557e-01,
    6.7759799957e-01,   -1.2605500221e+01,    6.7759799957e-01,    9.9905799866e+01,    6.7759799957e-01,    2.4389600754e+00,
    6.7869901657e-01,   -1.4078599930e+01,    6.7869901657e-01,    9.9064796448e+01,    6.7869901657e-01,   -4.5753297806e+00,
    6.7979800701e-01,   -1.3986200333e+01,    6.7979800701e-01,    1.0001599884e+02,    6.7979800701e-01,    2.4488599300e+00,
    6.8089902401e-01,   -1.2376299858e+01,    6.8089902401e-01,    1.0112000275e+02,    6.8089902401e-01,    7.7648597956e-01,
    6.8199902773e-01,   -1.3657899857e+01,    6.8199902773e-01,    1.0083200073e+02,    6.8199902773e-01,   -4.4238500595e+00,
    6.8309897184e-01,   -1.4267200470e+01,    6.8309897184e-01,    1.0064900208e+02,    6.8309897184e-01,    4.4057297707e+00,
    6.8419802189e-01,   -1.2031399727e+01,    6.8419802189e-01,    1.0226499939e+02,    6.8419802189e-01,   -1.2387499809e+00,
    6.8529897928e-01,   -1.3465499878e+01,    6.8529897928e-01,    1.0233599854e+02,    6.8529897928e-01,   -3.2075800896e+00,
    6.8639999628e-01,   -1.4335599899e+01,    6.8639999628e-01,    1.0152100372e+02,    6.8639999628e-01,    4.7366299629e+00,
    6.8749898672e-01,   -1.1736800194e+01,    6.8749898672e-01,    1.0316100311e+02,    6.8749898672e-01,   -2.3677799702e+00,
    6.8859899044e-01,   -1.3578399658e+01,    6.8859899044e-01,    1.0379299927e+02,    6.8859899044e-01,   -1.7176899910e+00,
    6.8970000744e-01,   -1.4518699646e+01,    6.8970000744e-01,    1.0276300049e+02,    6.8970000744e-01,    4.6674900055e+00,
    6.9079899788e-01,   -1.1958299637e+01,    6.9079899788e-01,    1.0254799652e+02,    6.9079899788e-01,   -4.0895400047e+00,
    6.9189900160e-01,   -1.4244400024e+01,    6.9189900160e-01,    1.0095999908e+02,    6.9189900160e-01,    5.4011297226e-01,
    6.9299799204e-01,   -1.4803000450e+01,    6.9299799204e-01,    9.9499496460e+01,    6.9299799204e-01,    3.7097499371e+00,
    6.9410002232e-01,   -1.2641099930e+01,    6.9410002232e-01,    9.7457702637e+01,    6.9410002232e-01,   -5.5513801575e+00,
    6.9519901276e-01,   -1.4064700127e+01,    6.9519901276e-01,    9.8517303467e+01,    6.9519901276e-01,    2.3694500923e+00,
    6.9630002975e-01,   -1.4828900337e+01,    6.9630002975e-01,    1.0036000061e+02,    6.9630002975e-01,    2.7754099369e+00,
    6.9739902020e-01,   -1.2756799698e+01,    6.9739902020e-01,    1.0003800201e+02,    6.9739902020e-01,   -5.4207201004e+00,
    6.9849801064e-01,   -1.3630800247e+01,    6.9849801064e-01,    1.0006099701e+02,    6.9849801064e-01,    3.6825599670e+00,
    6.9959902763e-01,   -1.4910200119e+01,    6.9959902763e-01,    1.0189600372e+02,    6.9959902763e-01,    7.6543800533e-02,
    7.0069897175e-01,   -1.2869799614e+01,    7.0069897175e-01,    1.0097299957e+02,    7.0069897175e-01,   -4.2539300919e+00,
    7.0179802179e-01,   -1.3137999535e+01,    7.0179802179e-01,    1.0088500214e+02,    7.0179802179e-01,    4.8172497749e+00,
    7.0289897919e-01,   -1.4963299751e+01,    7.0289897919e-01,    1.0211100006e+02,    7.0289897919e-01,   -2.3560600281e+00,
    7.0399898291e-01,   -1.2649900436e+01,    7.0399898291e-01,    1.0280200195e+02,    7.0399898291e-01,   -2.9634799957e+00,
    7.0509898663e-01,   -1.2744700432e+01,    7.0509898663e-01,    1.0233300018e+02,    7.0509898663e-01,    5.3106799126e+00,
    7.0619899035e-01,   -1.4671899796e+01,    7.0619899035e-01,    1.0274900055e+02,    7.0619899035e-01,   -4.1343998909e+00,
    7.0729899406e-01,   -1.2518300056e+01,    7.0729899406e-01,    1.0461299896e+02,    7.0729899406e-01,   -1.0811400414e+00,
    7.0839798450e-01,   -1.2511500359e+01,    7.0839798450e-01,    1.0436499786e+02,    7.0839798450e-01,    4.4046201706e+00,
    7.0950001478e-01,   -1.4428199768e+01,    7.0950001478e-01,    1.0351000214e+02,    7.0950001478e-01,   -5.1777501106e+00,
    7.1060001850e-01,   -1.2741000175e+01,    7.1060001850e-01,    1.0486100006e+02,    7.1060001850e-01,    1.2887200117e+00,
    7.1169799566e-01,   -1.2951800346e+01,    7.1169799566e-01,    1.0275900269e+02,    7.1169799566e-01,    2.8317999840e+00,
    7.1279901266e-01,   -1.4408200264e+01,    7.1279901266e-01,    1.0022799683e+02,    7.1279901266e-01,   -5.9714698792e+00,
    7.1389901638e-01,   -1.3352000237e+01,    7.1389901638e-01,    1.0031999969e+02,    7.1389901638e-01,    3.9132900238e+00,
    7.1499902010e-01,   -1.2590000153e+01,    7.1499902010e-01,    1.0189399719e+02,    7.1499902010e-01,    1.4778100252e+00,
    7.1609801054e-01,   -1.4170999527e+01,    7.1609801054e-01,    1.0175099945e+02,    7.1609801054e-01,   -5.6763200760e+00,
    7.1719902754e-01,   -1.3437999725e+01,    7.1719902754e-01,    1.0159300232e+02,    7.1719902754e-01,    4.9522700310e+00,
    7.1829998493e-01,   -1.1995100021e+01,    7.1829998493e-01,    1.0263700104e+02,    7.1829998493e-01,   -1.0060700178e+00,
    7.1939897537e-01,   -1.3936599731e+01,    7.1939897537e-01,    1.0319699860e+02,    7.1939897537e-01,   -4.4479598999e+00,
    7.2049802542e-01,   -1.3171299934e+01,    7.2049802542e-01,    1.0185299683e+02,    7.2049802542e-01,    6.0737900734e+00,
    7.2159999609e-01,   -1.1617199898e+01,    7.2159999609e-01,    1.0260199738e+02,    7.2159999609e-01,   -3.5274000168e+00,
    7.2269797325e-01,   -1.3765700340e+01,    7.2269797325e-01,    1.0344200134e+02,    7.2269797325e-01,   -1.9836200476e+00,
    7.2379899025e-01,   -1.3028900146e+01,    7.2379899025e-01,    1.0242099762e+02,    7.2379899025e-01,    5.5274701118e+00,
    7.2489899397e-01,   -1.1331700325e+01,    7.2489899397e-01,    1.0209500122e+02,    7.2489899397e-01,   -4.9997601509e+00,
    7.2599798441e-01,   -1.3374500275e+01,    7.2599798441e-01,    1.0351499939e+02,    7.2599798441e-01,   -1.5944300592e-01,
    7.2710001469e-01,   -1.2887000084e+01,    7.2710001469e-01,    1.0399299622e+02,    7.2710001469e-01,    4.6165299416e+00,
    7.2819900513e-01,   -1.1281999588e+01,    7.2819900513e-01,    1.0247000122e+02,    7.2819900513e-01,   -5.8744502068e+00,
    7.2929900885e-01,   -1.3175900459e+01,    7.2929900885e-01,    1.0227999878e+02,    7.2929900885e-01,    2.5650000572e+00,
    7.3039901257e-01,   -1.3262100220e+01,    7.3039901257e-01,    1.0184799957e+02,    7.3039901257e-01,    2.5705299377e+00,
    7.3149800301e-01,   -1.1832699776e+01,    7.3149800301e-01,    9.8591598511e+01,    7.3149800301e-01,   -5.9296298027e+00,
    7.3259997368e-01,   -1.3131899834e+01,    7.3259997368e-01,    9.6681503296e+01,    7.3259997368e-01,    4.9217300415e+00,
    7.3369902372e-01,   -1.3623399734e+01,    7.3369902372e-01,    9.7985000610e+01,    7.3369902372e-01,    1.1492200196e-01,
    7.3479902744e-01,   -1.1612199783e+01,    7.3479902744e-01,    9.7946998596e+01,    7.3479902744e-01,   -5.5221500397e+00,
    7.3589897156e-01,   -1.2760399818e+01,    7.3589897156e-01,    9.7791801453e+01,    7.3589897156e-01,    5.9784898758e+00,
    7.3699998856e-01,   -1.3375200272e+01,    7.3699998856e-01,    9.9330200195e+01,    7.3699998856e-01,   -2.2219300270e+00,
    7.3809802532e-01,   -1.1472399712e+01,    7.3809802532e-01,    1.0024199677e+02,    7.3809802532e-01,   -3.6457300186e+00,
    7.3919898272e-01,   -1.2487700462e+01,    7.3919898272e-01,    9.9546096802e+01,    7.3919898272e-01,    6.3845500946e+00,
    7.4029999971e-01,   -1.3120200157e+01,    7.4029999971e-01,    9.9789001465e+01,    7.4029999971e-01,   -4.5878801346e+00,
    7.4139899015e-01,   -1.1409600258e+01,    7.4139899015e-01,    1.0088300323e+02,    7.4139899015e-01,   -8.5483801365e-01,
    7.4250000715e-01,   -1.2186900139e+01,    7.4250000715e-01,    1.0084899902e+02,    7.4250000715e-01,    5.5169301033e+00,
    7.4360001087e-01,   -1.2777500153e+01,    7.4360001087e-01,    1.0006400299e+02,    7.4360001087e-01,   -5.9753799438e+00,
    7.4470001459e-01,   -1.1337800026e+01,    7.4470001459e-01,    1.0172100067e+02,    7.4470001459e-01,    1.3234200478e+00,
    7.4579900503e-01,   -1.1895999908e+01,    7.4579900503e-01,    1.0246199799e+02,    7.4579900503e-01,    4.3792400360e+00,
    7.4690002203e-01,   -1.2629300117e+01,    7.4690002203e-01,    1.0103099823e+02,    7.4690002203e-01,   -6.6730198860e+00,
    7.4799901247e-01,   -1.1579199791e+01,    7.4799901247e-01,    1.0165100098e+02,    7.4799901247e-01,    3.6927900314e+00,
    7.4909901619e-01,   -1.1899999619e+01,    7.4909901619e-01,    1.0160600281e+02,    7.4909901619e-01,    1.9926899672e+00,
    7.5019901991e-01,   -1.3159799576e+01,    7.5019901991e-01,    9.8966201782e+01,    7.5019901991e-01,   -6.0851798058e+00,
    7.5129997730e-01,   -1.2082699776e+01,    7.5129997730e-01,    9.6400398254e+01,    7.5129997730e-01,    5.5896000862e+00,
    7.5239998102e-01,   -1.1947199821e+01,    7.5239998102e-01,    9.5991096497e+01,    7.5239998102e-01,   -1.0069500208e+00,
    7.5349998474e-01,   -1.3306900024e+01,    7.5349998474e-01,    9.5940498352e+01,    7.5349998474e-01,   -5.1707601547e+00,
    7.5459897518e-01,   -1.2073599815e+01,    7.5459897518e-01,    9.5050697327e+01,    7.5459897518e-01,    6.8549799919e+00,
    7.5569802523e-01,   -1.1621000290e+01,    7.5569802523e-01,    9.6319602966e+01,    7.5569802523e-01,   -3.1195700169e+00,
    7.5679898262e-01,   -1.3208399773e+01,    7.5679898262e-01,    9.7791000366e+01,    7.5679898262e-01,   -3.1019599438e+00,
    7.5789898634e-01,   -1.2152299881e+01,    7.5789898634e-01,    9.6738700867e+01,    7.5789898634e-01,    6.6784200668e+00,
    7.5900000334e-01,   -1.1250900269e+01,    7.5900000334e-01,    9.6757598877e+01,    7.5900000334e-01,   -5.7385802269e+00,
    7.6009899378e-01,   -1.3080400467e+01,    7.6009899378e-01,    9.8381698608e+01,    7.6009899378e-01,    2.8613999486e-01,
    7.6119899750e-01,   -1.2148300171e+01,    7.6119899750e-01,    9.8629798889e+01,    7.6119899750e-01,    4.9959101677e+00,
    7.6229798794e-01,   -1.0819600105e+01,    7.6229798794e-01,    9.7558700562e+01,    7.6229798794e-01,   -6.5587501526e+00,
    7.6340001822e-01,   -1.2886799812e+01,    7.6340001822e-01,    9.9024101257e+01,    7.6340001822e-01,    2.3612000942e+00,
    7.6449900866e-01,   -1.1991600037e+01,    7.6449900866e-01,    1.0040100098e+02,    7.6449900866e-01,    3.7918500900e+00,
    7.6559799910e-01,   -1.0556500435e+01,    7.6559799910e-01,    9.9722503662e+01,    7.6559799910e-01,   -7.1167402267e+00,
    7.6669901609e-01,   -1.2624300003e+01,    7.6669901609e-01,    1.0021700287e+02,    7.6669901609e-01,    4.9372701645e+00,
    7.6779901981e-01,   -1.2044199944e+01,    7.6779901981e-01,    1.0052300262e+02,    7.6779901981e-01,    1.0627199411e+00,
    7.6889801025e-01,   -1.1042599678e+01,    7.6889801025e-01,    9.8660598755e+01,    7.6889801025e-01,   -5.8956599236e+00,
    7.6999902725e-01,   -1.2757800102e+01,    7.6999902725e-01,    9.6426803589e+01,    7.6999902725e-01,    6.2176198959e+00,
    7.7109998465e-01,   -1.2326700211e+01,    7.7109998465e-01,    9.6595703125e+01,    7.7109998465e-01,   -1.8149199486e+00,
    7.7219897509e-01,   -1.1585000038e+01,    7.7219897509e-01,    9.6243103027e+01,    7.7219897509e-01,   -4.4967098236e+00,
    7.7329999208e-01,   -1.2333700180e+01,    7.7329999208e-01,    9.5923599243e+01,    7.7329999208e-01,    7.4397602081e+00,
    7.7439999580e-01,   -1.2620699883e+01,    7.7439999580e-01,    9.6988800049e+01,    7.7439999580e-01,   -3.8327200413e+00,
    7.7549797297e-01,   -1.1437299728e+01,    7.7549797297e-01,    9.8724601746e+01,    7.7549797297e-01,   -2.0570399761e+00,
    7.7660000324e-01,   -1.2181699753e+01,    7.7660000324e-01,    9.7931900024e+01,    7.7660000324e-01,    6.7002601624e+00,
    7.7769899368e-01,   -1.2467700005e+01,    7.7769899368e-01,    9.7543800354e+01,    7.7769899368e-01,   -6.2234301567e+00,
    7.7879899740e-01,   -1.1235799789e+01,    7.7879899740e-01,    9.8530197144e+01,    7.7879899740e-01,    1.2008299828e+00,
    7.7989798784e-01,   -1.2263099670e+01,    7.7989798784e-01,    9.9051902771e+01,    7.7989798784e-01,    4.6271500587e+00,
    7.8099799156e-01,   -1.2116399765e+01,    7.8099799156e-01,    9.7583602905e+01,    7.8099799156e-01,   -6.8778100014e+00,
    7.8210002184e-01,   -1.1286999702e+01,    7.8210002184e-01,    9.9164596558e+01,    7.8210002184e-01,    3.2845499516e+00,
    7.8319901228e-01,   -1.2083399773e+01,    7.8319901228e-01,    1.0062200165e+02,    7.8319901228e-01,    2.9275999069e+00,
    7.8429901600e-01,   -1.1932100296e+01,    7.8429901600e-01,    1.0005799866e+02,    7.8429901600e-01,   -6.9327301979e+00,
    7.8539997339e-01,   -1.1385100365e+01,    7.8539997339e-01,    1.0016999817e+02,    7.8539997339e-01,    5.7481298447e+00,
    7.8649997711e-01,   -1.1796500206e+01,    7.8649997711e-01,    1.0098300171e+02,    7.8649997711e-01,    1.2552900612e-01,
    7.8759801388e-01,   -1.2405099869e+01,    7.8759801388e-01,    9.9531898499e+01,    7.8759801388e-01,   -5.5140399933e+00,
    7.8869897127e-01,   -1.1968999863e+01,    7.8869897127e-01,    9.7055603027e+01,    7.8869897127e-01,    6.8011097908e+00,
    7.8979802132e-01,   -1.1855999947e+01,    7.8979802132e-01,    9.6961898804e+01,    7.8979802132e-01,   -2.5431799889e+00,
    7.9089802504e-01,   -1.2971599579e+01,    7.9089802504e-01,    9.7306900024e+01,    7.9089802504e-01,   -3.7977499962e+00,
    7.9199802876e-01,   -1.1946800232e+01,    7.9199802876e-01,    9.5558097839e+01,    7.9199802876e-01,    6.9324498177e+00,
    7.9309898615e-01,   -1.1650400162e+01,    7.9309898615e-01,    9.4953697205e+01,    7.9309898615e-01,   -5.0275502205e+00,
    7.9420000315e-01,   -1.3008700371e+01,    7.9420000315e-01,    9.5967300415e+01,    7.9420000315e-01,   -1.2306200266e+00,
    7.9529899359e-01,   -1.1807000160e+01,    7.9529899359e-01,    9.5553298950e+01,    7.9529899359e-01,    6.6531701088e+00,
    7.9640001059e-01,   -1.1365500450e+01,    7.9640001059e-01,    9.5302001953e+01,    7.9640001059e-01,   -6.8399300575e+00,
    7.9749900103e-01,   -1.2928400040e+01,    7.9749900103e-01,    9.6549102783e+01,    7.9749900103e-01,    1.6602699757e+00,
    7.9859799147e-01,   -1.1827799797e+01,    7.9859799147e-01,    9.7687896729e+01,    7.9859799147e-01,    4.2983598709e+00,
    7.9969900846e-01,   -1.1259499550e+01,    7.9969900846e-01,    9.6381599426e+01,    7.9969900846e-01,   -7.0425400734e+00,
    8.0080002546e-01,   -1.2732099533e+01,    8.0080002546e-01,    9.7399299622e+01,    8.0080002546e-01,    4.0869798660e+00,
    8.0189901590e-01,   -1.1836099625e+01,    8.0189901590e-01,    9.8685096741e+01,    8.0189901590e-01,    1.7828099728e+00,
    8.0299997330e-01,   -1.1088700294e+01,    8.0299997330e-01,    9.8337898254e+01,    8.0299997330e-01,   -6.6270699501e+00,
    8.0409801006e-01,   -1.2437299728e+01,    8.0409801006e-01,    9.8614501953e+01,    8.0409801006e-01,    6.1345100403e+00,
    8.0519902706e-01,   -1.1742099762e+01,    8.0519902706e-01,    9.9860900879e+01,    8.0519902706e-01,   -6.8465399742e-01,
    8.0629998446e-01,   -1.1411399841e+01,    8.0629998446e-01,    9.9284896851e+01,    8.0629998446e-01,   -5.2112398148e+00,
    8.0739802122e-01,   -1.2395299911e+01,    8.0739802122e-01,    9.7626701355e+01,    8.0739802122e-01,    6.9806599617e+00,
    8.0849802494e-01,   -1.2240400314e+01,    8.0849802494e-01,    9.7059303284e+01,    8.0849802494e-01,   -3.1697700024e+00,
    8.0959802866e-01,   -1.1884699821e+01,    8.0959802866e-01,    9.6498497009e+01,    8.0959802866e-01,   -3.3136498928e+00,
    8.1069797277e-01,   -1.2557700157e+01,    8.1069797277e-01,    9.4728500366e+01,    8.1069797277e-01,    6.7209300995e+00,
    8.1179797649e-01,   -1.2428700447e+01,    8.1179797649e-01,    9.3614097595e+01,    8.1179797649e-01,   -5.4346199036e+00,
    8.1289899349e-01,   -1.1784199715e+01,    8.1289899349e-01,    9.4708396912e+01,    8.1289899349e-01,   -6.9348502159e-01,
    8.1399899721e-01,   -1.2509599686e+01,    8.1399899721e-01,    9.4971801758e+01,    8.1399899721e-01,    6.3831100464e+00,
    8.1509798765e-01,   -1.2096099854e+01,    8.1509798765e-01,    9.4762100220e+01,    8.1509798765e-01,   -6.7509298325e+00,
    8.1619900465e-01,   -1.1786700249e+01,    8.1619900465e-01,    9.5875999451e+01,    8.1619900465e-01,    2.4361200333e+00,
    8.1729900837e-01,   -1.2324799538e+01,    8.1729900837e-01,    9.6987396240e+01,    8.1729900837e-01,    3.8331201077e+00,
    8.1839901209e-01,   -1.1951199532e+01,    8.1839901209e-01,    9.5815498352e+01,    8.1839901209e-01,   -6.8283801079e+00,
    8.1949901581e-01,   -1.1760399818e+01,    8.1949901581e-01,    9.6877197266e+01,    8.1949901581e-01,    4.6498098373e+00,
    8.2059997320e-01,   -1.2099399567e+01,    8.2059997320e-01,    9.7769500732e+01,    8.2059997320e-01,    1.3122800589e+00,
    8.2169902325e-01,   -1.1887299538e+01,    8.2169902325e-01,    9.7559898376e+01,    8.2169902325e-01,   -6.0116901398e+00,
    8.2279902697e-01,   -1.1406599998e+01,    8.2279902697e-01,    9.7886398315e+01,    8.2279902697e-01,    6.3771700859e+00,
    8.2389801741e-01,   -1.1729700089e+01,    8.2389801741e-01,    9.9028198242e+01,    8.2389801741e-01,   -9.7934198380e-01,
    8.2499897480e-01,   -1.2057800293e+01,    8.2499897480e-01,    9.9450698853e+01,    8.2499897480e-01,   -4.5587201118e+00,
    8.2609802485e-01,   -1.1489299774e+01,    8.2609802485e-01,    9.8264503479e+01,    8.2609802485e-01,    7.2210497856e+00,
    8.2719898224e-01,   -1.1946000099e+01,    8.2719898224e-01,    9.7479103088e+01,    8.2719898224e-01,   -3.6535298824e+00,
    8.2829898596e-01,   -1.2485400200e+01,    8.2829898596e-01,    9.7718002319e+01,    8.2829898596e-01,   -2.2225599289e+00,
    8.2940000296e-01,   -1.1954999924e+01,    8.2940000296e-01,    9.5959899902e+01,    8.2940000296e-01,    6.7938098907e+00,
    8.3050000668e-01,   -1.1742799759e+01,    8.3050000668e-01,    9.5568397522e+01,    8.3050000668e-01,   -5.5628299713e+00,
    8.3159798384e-01,   -1.2843299866e+01,    8.3159798384e-01,    9.5706100464e+01,    8.3159798384e-01,    6.2683098018e-02,
    8.3270001411e-01,   -1.2025600433e+01,    8.3270001411e-01,    9.6054100037e+01,    8.3270001411e-01,    5.7263998985e+00,
    8.3380001783e-01,   -1.1595999718e+01,    8.3380001783e-01,    9.5467300415e+01,    8.3380001783e-01,   -6.5815901756e+00,
    8.3489900827e-01,   -1.2695599556e+01,    8.3489900827e-01,    9.6694198608e+01,    8.3489900827e-01,    2.8669700623e+00,
    8.3599901199e-01,   -1.1966400146e+01,    8.3599901199e-01,    9.8022903442e+01,    8.3599901199e-01,    3.4953498840e+00,
    8.3709800243e-01,   -1.1244000435e+01,    8.3709800243e-01,    9.7358703613e+01,    8.3709800243e-01,   -6.5655999184e+00,
    8.3819800615e-01,   -1.2440500259e+01,    8.3819800615e-01,    9.8199302673e+01,    8.3819800615e-01,    5.0423398018e+00,
    8.3929902315e-01,   -1.1851099968e+01,    8.3929902315e-01,    9.9075302124e+01,    8.3929902315e-01,    8.8196700811e-01,
    8.4039801359e-01,   -1.1159999847e+01,    8.4039801359e-01,    9.9157699585e+01,    8.4039801359e-01,   -5.7264699936e+00,
    8.4149801731e-01,   -1.2093199730e+01,    8.4149801731e-01,    9.9473503113e+01,    8.4149801731e-01,    6.4185500145e+00,
    8.4259998798e-01,   -1.1662199974e+01,    8.4259998798e-01,    9.9698699951e+01,    8.4259998798e-01,   -1.5446000099e+00,
    8.4369897842e-01,   -1.1044400215e+01,    8.4369897842e-01,    1.0075199890e+02,    8.4369897842e-01,   -4.0371098518e+00,
    8.4479802847e-01,   -1.1894599915e+01,    8.4479802847e-01,    9.9979103088e+01,    8.4479802847e-01,    6.8111100197e+00,
    8.4589999914e-01,   -1.1762999535e+01,    8.4589999914e-01,    9.9283699036e+01,    8.4589999914e-01,   -3.5994899273e+00,
    8.4699898958e-01,   -1.1420100212e+01,    8.4699898958e-01,    9.9364601135e+01,    8.4699898958e-01,   -1.7635300159e+00,
    8.4809899330e-01,   -1.2162099838e+01,    8.4809899330e-01,    9.8355697632e+01,    8.4809899330e-01,    6.5097999573e+00,
    8.4919899702e-01,   -1.1808300018e+01,    8.4919899702e-01,    9.8134002686e+01,    8.4919899702e-01,   -5.4151201248e+00,
    8.5030001402e-01,   -1.1781100273e+01,    8.5030001402e-01,    9.7638000488e+01,    8.5030001402e-01,    8.6178797483e-01,
    8.5139900446e-01,   -1.2328100204e+01,    8.5139900446e-01,    9.7272499084e+01,    8.5139900446e-01,    5.0255999565e+00,
    8.5250002146e-01,   -1.1756099701e+01,    8.5250002146e-01,    9.6241203308e+01,    8.5250002146e-01,   -6.4757299423e+00,
    8.5360002518e-01,   -1.1677599907e+01,    8.5360002518e-01,    9.6738899231e+01,    8.5360002518e-01,    3.0102300644e+00,
    8.5469800234e-01,   -1.2112099648e+01,    8.5469800234e-01,    9.8222801208e+01,    8.5469800234e-01,    3.2650499344e+00,
    8.5579997301e-01,   -1.1406200409e+01,    8.5579997301e-01,    9.7927902222e+01,    8.5579997301e-01,   -6.3172497749e+00,
    8.5689997673e-01,   -1.1564200401e+01,    8.5689997673e-01,    9.8755401611e+01,    8.5689997673e-01,    5.0610399246e+00,
    8.5799902678e-01,   -1.1891500473e+01,    8.5799902678e-01,    9.9718803406e+01,    8.5799902678e-01,    4.1795998812e-01,
    8.5909897089e-01,   -1.1441900253e+01,    8.5909897089e-01,    1.0016600037e+02,    8.5909897089e-01,   -5.1358699799e+00,
    8.6019897461e-01,   -1.1296799660e+01,    8.6019897461e-01,    1.0069100189e+02,    8.6019897461e-01,    6.3799300194e+00,
    8.6129802465e-01,   -1.1639399529e+01,    8.6129802465e-01,    1.0086199951e+02,    8.6129802465e-01,   -2.0107300282e+00,
    8.6239999533e-01,   -1.1382200241e+01,    8.6239999533e-01,    1.0233799744e+02,    8.6239999533e-01,   -3.4616301060e+00,
    8.6349797249e-01,   -1.1026399612e+01,    8.6349797249e-01,    1.0230100250e+02,    8.6349797249e-01,    6.5794501305e+00,
    8.6459898949e-01,   -1.1314999580e+01,    8.6459898949e-01,    1.0252200317e+02,    8.6459898949e-01,   -3.8137900829e+00,
    8.6569899321e-01,   -1.1650300026e+01,    8.6569899321e-01,    1.0299299622e+02,    8.6569899321e-01,   -1.3545800447e+00,
    8.6679899693e-01,   -1.1308300018e+01,    8.6679899693e-01,    1.0201300049e+02,    8.6679899693e-01,    5.9859600067e+00,
    8.6789798737e-01,   -1.1303600311e+01,    8.6789798737e-01,    1.0146299744e+02,    8.6789798737e-01,   -5.2933998108e+00,
    8.6899900436e-01,   -1.1936200142e+01,    8.6899900436e-01,    1.0095700073e+02,    8.6899900436e-01,    1.1167099476e+00,
    8.7009799480e-01,   -1.1488800049e+01,    8.7009799480e-01,    1.0107700348e+02,    8.7009799480e-01,    4.6392498016e+00,
    8.7119799852e-01,   -1.1007399559e+01,    8.7119799852e-01,    1.0025199890e+02,    8.7119799852e-01,   -6.0099301338e+00,
    8.7230002880e-01,   -1.2205599785e+01,    8.7230002880e-01,    9.9654899597e+01,    8.7230002880e-01,    3.3212199211e+00,
    8.7339997292e-01,   -1.1403800011e+01,    8.7339997292e-01,    1.0029199982e+02,    8.7339997292e-01,    2.8246400356e+00,
    8.7449800968e-01,   -1.0975899696e+01,    8.7449800968e-01,    1.0015100098e+02,    8.7449800968e-01,   -6.0586800575e+00,
    8.7559801340e-01,   -1.1828100204e+01,    8.7559801340e-01,    1.0070500183e+02,    8.7559801340e-01,    4.9941802025e+00,
    8.7669897079e-01,   -1.1156399727e+01,    8.7669897079e-01,    1.0123300171e+02,    8.7669897079e-01,    3.6744999886e-01,
    8.7779998779e-01,   -1.0749400139e+01,    8.7779998779e-01,    1.0177500153e+02,    8.7779998779e-01,   -4.8598599434e+00,
    8.7889999151e-01,   -1.1296999931e+01,    8.7889999151e-01,    1.0226200104e+02,    8.7889999151e-01,    6.2215399742e+00,
    8.7999802828e-01,   -1.0968700409e+01,    8.7999802828e-01,    1.0229699707e+02,    8.7999802828e-01,   -2.0371398926e+00,
    8.8109898567e-01,   -1.0690099716e+01,    8.8109898567e-01,    1.0370600128e+02,    8.8109898567e-01,   -2.9344298840e+00,
    8.8219797611e-01,   -1.0892700195e+01,    8.8219797611e-01,    1.0387400055e+02,    8.8219797611e-01,    6.3048601151e+00,
    8.8329899311e-01,   -1.0805299759e+01,    8.8329899311e-01,    1.0393800354e+02,    8.8329899311e-01,   -3.9795100689e+00,
    8.8439899683e-01,   -1.0616200447e+01,    8.8439899683e-01,    1.0443599701e+02,    8.8439899683e-01,   -8.6058300734e-01,
    8.8549900055e-01,   -1.1065999985e+01,    8.8549900055e-01,    1.0434899902e+02,    8.8549900055e-01,    5.4841799736e+00,
    8.8659799099e-01,   -1.0647299767e+01,    8.8659799099e-01,    1.0382399750e+02,    8.8659799099e-01,   -5.2352800369e+00,
    8.8769900799e-01,   -1.0792300224e+01,    8.8769900799e-01,    1.0338999939e+02,    8.8769900799e-01,    1.2921199799e+00,
    8.8880002499e-01,   -1.1320799828e+01,    8.8880002499e-01,    1.0354900360e+02,    8.8880002499e-01,    4.1457200050e+00,
    8.8989901543e-01,   -1.0612899780e+01,    8.8989901543e-01,    1.0270099640e+02,    8.8989901543e-01,   -5.7834100723e+00,
    8.9099800587e-01,   -1.1042200089e+01,    8.9099800587e-01,    1.0163200378e+02,    8.9099800587e-01,    3.3399100304e+00,
    8.9209902287e-01,   -1.1359900475e+01,    8.9209902287e-01,    1.0196800232e+02,    8.9209902287e-01,    2.3650300503e+00,
    8.9319801331e-01,   -1.0452699661e+01,    8.9319801331e-01,    1.0187999725e+02,    8.9319801331e-01,   -5.5463700294e+00,
    8.9429801702e-01,   -1.0824600220e+01,    8.9429801702e-01,    1.0175499725e+02,    8.9429801702e-01,    4.9313998222e+00,
    8.9539897442e-01,   -1.1034199715e+01,    8.9539897442e-01,    1.0180699921e+02,    8.9539897442e-01,   -4.4525898993e-03,
    8.9649802446e-01,   -1.0373100281e+01,    8.9649802446e-01,    1.0263500214e+02,    8.9649802446e-01,   -4.6967301369e+00,
    8.9759802818e-01,   -1.0468000412e+01,    8.9759802818e-01,    1.0297799683e+02,    8.9759802818e-01,    5.9237699509e+00,
    8.9869898558e-01,   -1.0758500099e+01,    8.9869898558e-01,    1.0266500092e+02,    8.9869898558e-01,   -2.2739698887e+00,
    8.9980000257e-01,   -1.0390999794e+01,    8.9980000257e-01,    1.0403500366e+02,    8.9980000257e-01,   -2.8449499607e+00,
    9.0089797974e-01,   -9.9559803009e+00,    9.0089797974e-01,    1.0442600250e+02,    9.0089797974e-01,    5.8286499977e+00,
    9.0199899673e-01,   -1.0354299545e+01,    9.0199899673e-01,    1.0395999908e+02,    9.0199899673e-01,   -4.0576601028e+00,
    9.0309798717e-01,   -1.0313699722e+01,    9.0309798717e-01,    1.0486599731e+02,    9.0309798717e-01,   -7.9702401161e-01,
    9.0419900417e-01,   -9.6763000488e+00,    9.0419900417e-01,    1.0587200165e+02,    9.0419900417e-01,    5.1935801506e+00,
    9.0529900789e-01,   -9.9374599457e+00,    9.0529900789e-01,    1.0568299866e+02,    9.0529900789e-01,   -5.2944102287e+00,
    9.0639799833e-01,   -1.0533300400e+01,    9.0639799833e-01,    1.0475900269e+02,    9.0639799833e-01,    1.4067800045e+00,
    9.0749901533e-01,   -1.0041700363e+01,    9.0749901533e-01,    1.0528099823e+02,    9.0749901533e-01,    3.7162699699e+00,
    9.0859997272e-01,   -9.9361495972e+00,    9.0859997272e-01,    1.0490799713e+02,    9.0859997272e-01,   -5.4546399117e+00,
    9.0969800949e-01,   -1.0970700264e+01,    9.0969800949e-01,    1.0364900208e+02,    9.0969800949e-01,    3.0966200829e+00,
    9.1079902649e-01,   -1.0301600456e+01,    9.1079902649e-01,    1.0381999969e+02,    9.1079902649e-01,    1.9774600267e+00,
    9.1189897060e-01,   -9.9767398834e+00,    9.1189897060e-01,    1.0347699738e+02,    9.1189897060e-01,   -5.4153099060e+00,
    9.1299802065e-01,   -1.1120300293e+01,    9.1299802065e-01,    1.0310900116e+02,    9.1299802065e-01,    4.8056302071e+00,
    9.1409999132e-01,   -1.0175499916e+01,    9.1409999132e-01,    1.0268199921e+02,    9.1409999132e-01,    6.6137798131e-02,
    9.1519802809e-01,   -1.0141400337e+01,    9.1519802809e-01,    1.0366100311e+02,    9.1519802809e-01,   -4.5330400467e+00,
    9.1629898548e-01,   -1.0814499855e+01,    9.1629898548e-01,    1.0371900177e+02,    9.1629898548e-01,    5.5773000717e+00,
    9.1739797592e-01,   -1.0025899887e+01,    9.1739797592e-01,    1.0280100250e+02,    9.1739797592e-01,   -2.1683800220e+00,
    9.1849797964e-01,   -1.0170200348e+01,    9.1849797964e-01,    1.0361900330e+02,    9.1849797964e-01,   -2.6839001179e+00,
    9.1960000992e-01,   -1.0316300392e+01,    9.1960000992e-01,    1.0399700165e+02,    9.1960000992e-01,    5.6941699982e+00,
    9.2069798708e-01,   -9.8928098679e+00,    9.2069798708e-01,    1.0322100067e+02,    9.2069798708e-01,   -3.8777599335e+00,
    9.2179900408e-01,   -1.0095600128e+01,    9.2179900408e-01,    1.0404499817e+02,    9.2179900408e-01,   -7.3738598824e-01,
    9.2289900780e-01,   -1.0100199699e+01,    9.2289900780e-01,    1.0505899811e+02,    9.2289900780e-01,    5.0209898949e+00,
    9.2399901152e-01,   -9.5913801193e+00,    9.2399901152e-01,    1.0509999847e+02,    9.2399901152e-01,   -5.1458702087e+00,
    9.2510002851e-01,   -1.0015800476e+01,    9.2510002851e-01,    1.0515699768e+02,    9.2510002851e-01,    1.5713700056e+00,
    9.2619901896e-01,   -1.0150400162e+01,    9.2619901896e-01,    1.0670099640e+02,    9.2619901896e-01,    3.4861800671e+00,
    9.2729800940e-01,   -9.6927099228e+00,    9.2729800940e-01,    1.0653700256e+02,    9.2729800940e-01,   -5.3642401695e+00,
    9.2839801311e-01,   -1.0200099945e+01,    9.2839801311e-01,    1.0553500366e+02,    9.2839801311e-01,    3.3932600021e+00,
    9.2949998379e-01,   -1.0566699982e+01,    9.2949998379e-01,    1.0609799957e+02,    9.2949998379e-01,    1.9404699802e+00,
    9.3059998751e-01,   -9.9159898758e+00,    9.3059998751e-01,    1.0616500092e+02,    9.3059998751e-01,   -5.0228800774e+00,
    9.3169802427e-01,   -1.0498299599e+01,    9.3169802427e-01,    1.0515499878e+02,    9.3169802427e-01,    4.9327101707e+00,
    9.3279999495e-01,   -1.0594499588e+01,    9.3279999495e-01,    1.0486299896e+02,    9.3279999495e-01,    2.7424400672e-02,
    9.3389999866e-01,   -9.9821996689e+00,    9.3389999866e-01,    1.0585299683e+02,    9.3389999866e-01,   -3.9112799168e+00,
    9.3499898911e-01,   -1.0248499870e+01,    9.3499898911e-01,    1.0590699768e+02,    9.3499898911e-01,    5.4439301491e+00,
    9.3609899282e-01,   -1.0258600235e+01,    9.3609899282e-01,    1.0499400330e+02,    9.3609899282e-01,   -2.0331900120e+00,
    9.3720000982e-01,   -1.0062700272e+01,    9.3720000982e-01,    1.0657399750e+02,    9.3720000982e-01,   -2.4732100964e+00,
    9.3829900026e-01,   -9.8266201019e+00,    9.3829900026e-01,    1.0727100372e+02,    9.3829900026e-01,    5.5847301483e+00,
    9.3939799070e-01,   -9.9831104279e+00,    9.3939799070e-01,    1.0657800293e+02,    9.3939799070e-01,   -3.7265100479e+00,
    9.4049799442e-01,   -1.0023200035e+01,    9.4049799442e-01,    1.0777500153e+02,    9.4049799442e-01,   -4.9746999145e-01,
    9.4159799814e-01,   -9.4225397110e+00,    9.4159799814e-01,    1.0882199860e+02,    9.4159799814e-01,    4.8886799812e+00,
    9.4270002842e-01,   -9.6725101471e+00,    9.4270002842e-01,    1.0850499725e+02,    9.4270002842e-01,   -4.9032402039e+00,
    9.4379901886e-01,   -9.9995603561e+00,    9.4379901886e-01,    1.0870099640e+02,    9.4379901886e-01,    1.6703200340e+00,
    9.4489997625e-01,   -9.2877902985e+00,    9.4489997625e-01,    1.1031400299e+02,    9.4489997625e-01,    3.4907200336e+00,
    9.4599997997e-01,   -9.1885995865e+00,    9.4599997997e-01,    1.1082700348e+02,    9.4599997997e-01,   -5.1752600670e+00,
    9.4709801674e-01,   -1.0003700256e+01,    9.4709801674e-01,    1.1031800079e+02,    9.4709801674e-01,    3.4039800167e+00,
    9.4819897413e-01,   -9.2167701721e+00,    9.4819897413e-01,    1.1120899963e+02,    9.4819897413e-01,    1.7336599827e+00,
    9.4929897785e-01,   -9.3573999405e+00,    9.4929897785e-01,    1.1069400024e+02,    9.4929897785e-01,   -4.7850799561e+00,
    9.5039802790e-01,   -1.0334899902e+01,    9.5039802790e-01,    1.0940799713e+02,    9.5039802790e-01,    4.6519198418e+00,
    9.5149898529e-01,   -9.5732603073e+00,    9.5149898529e-01,    1.0886100006e+02,    9.5149898529e-01,    2.3152300715e-01,
    9.5259898901e-01,   -9.4099197388e+00,    9.5259898901e-01,    1.0942700195e+02,    9.5259898901e-01,   -3.8386299610e+00,
    9.5370000601e-01,   -1.0543299675e+01,    9.5370000601e-01,    1.0852400208e+02,    9.5370000601e-01,    5.2973499298e+00,
    9.5479798317e-01,   -9.4406499863e+00,    9.5479798317e-01,    1.0726899719e+02,    9.5479798317e-01,   -1.5216300488e+00,
    9.5589900017e-01,   -9.2686796188e+00,    9.5589900017e-01,    1.0885500336e+02,    9.5589900017e-01,   -2.7893199921e+00,
    9.5699900389e-01,   -1.0184499741e+01,    9.5699900389e-01,    1.0896299744e+02,    9.5699900389e-01,    5.3632102013e+00,
    9.5809799433e-01,   -9.3615102768e+00,    9.5809799433e-01,    1.0786599731e+02,    9.5809799433e-01,   -2.9904699326e+00,
    9.5919901133e-01,   -9.2801303864e+00,    9.5919901133e-01,    1.0960099792e+02,    9.5919901133e-01,   -1.0999100208e+00,
    9.6029800177e-01,   -9.7674999237e+00,    9.6029800177e-01,    1.1068800354e+02,    9.6029800177e-01,    4.8873600960e+00,
    9.6139901876e-01,   -9.2392702103e+00,    9.6139901876e-01,    1.0957700348e+02,    9.6139901876e-01,   -4.3884601593e+00,
    9.6249902248e-01,   -9.2642498016e+00,    9.6249902248e-01,    1.1051899719e+02,    9.6249902248e-01,    1.0203900337e+00,
    9.6359902620e-01,   -9.3459701538e+00,    9.6359902620e-01,    1.1208399963e+02,    9.6359902620e-01,    3.8740499020e+00,
    9.6469801664e-01,   -8.6079597473e+00,    9.6469801664e-01,    1.1188300323e+02,    9.6469801664e-01,   -5.2197899818e+00,
    9.6579802036e-01,   -9.5782003403e+00,    9.6579802036e-01,    1.1162799835e+02,    9.6579802036e-01,    2.8511500359e+00,
    9.6689999104e-01,   -9.2710504532e+00,    9.6689999104e-01,    1.1381400299e+02,    9.6689999104e-01,    2.5711200237e+00,
    9.6799802780e-01,   -8.3284702301e+00,    9.6799802780e-01,    1.1326100159e+02,    9.6799802780e-01,   -5.1044502258e+00,
    9.6909797192e-01,   -9.6864404678e+00,    9.6909797192e-01,    1.1201399994e+02,    9.6909797192e-01,    3.9228999615e+00,
    9.7019898891e-01,   -9.4938297272e+00,    9.7019898891e-01,    1.1244799805e+02,    9.7019898891e-01,    1.2011699677e+00,
    9.7129899263e-01,   -8.4033403397e+00,    9.7129899263e-01,    1.1205500031e+02,    9.7129899263e-01,   -4.3519701958e+00,
    9.7239899635e-01,   -9.9798402786e+00,    9.7239899635e-01,    1.1022000122e+02,    9.7239899635e-01,    4.6847000122e+00,
    9.7349798679e-01,   -9.4817695618e+00,    9.7349798679e-01,    1.0999700165e+02,    9.7349798679e-01,    6.3730999827e-02,
    9.7460001707e-01,   -8.5445404053e+00,    9.7460001707e-01,    1.1071099854e+02,    9.7460001707e-01,   -3.5834500790e+00,
    9.7570002079e-01,   -9.6028299332e+00,    9.7570002079e-01,    1.0955599976e+02,    9.7570002079e-01,    5.2073397636e+00,
    9.7679901123e-01,   -8.9178104401e+00,    9.7679901123e-01,    1.0893000031e+02,    9.7679901123e-01,   -1.3279399872e+00,
    9.7789901495e-01,   -8.4190797806e+00,    9.7789901495e-01,    1.1056600189e+02,    9.7789901495e-01,   -2.7530899048e+00,
    9.7899901867e-01,   -9.2479200363e+00,    9.7899901867e-01,    1.0995899963e+02,    9.7899901867e-01,    5.6152200699e+00,
    9.8009902239e-01,   -8.6780595779e+00,    9.8009902239e-01,    1.0904699707e+02,    9.8009902239e-01,   -2.8097400665e+00,
    9.8119997978e-01,   -8.3049097061e+00,    9.8119997978e-01,    1.1066500092e+02,    9.8119997978e-01,   -1.6706199646e+00,
    9.8229801655e-01,   -8.7007303238e+00,    9.8229801655e-01,    1.1139800262e+02,    9.8229801655e-01,    5.4833102226e+00,
    9.8339897394e-01,   -8.4045801163e+00,    9.8339897394e-01,    1.1058399963e+02,    9.8339897394e-01,   -4.0345501900e+00,
    9.8449999094e-01,   -8.3292303085e+00,    9.8449999094e-01,    1.1214299774e+02,    9.8449999094e-01,   -2.3510099947e-01,
    9.8559898138e-01,   -8.1101999283e+00,    9.8559898138e-01,    1.1309400177e+02,    9.8559898138e-01,    4.7769799232e+00,
    9.8669898510e-01,   -8.3221502304e+00,    9.8669898510e-01,    1.1261599731e+02,    9.8669898510e-01,   -4.8009300232e+00,
    9.8779797554e-01,   -8.4570598602e+00,    9.8779797554e-01,    1.1293399811e+02,    9.8779797554e-01,    7.3895597458e-01,
    9.8890000582e-01,   -8.1062803268e+00,    9.8890000582e-01,    1.1397100067e+02,    9.8890000582e-01,    3.7826199532e+00,
    9.8999899626e-01,   -7.9812698364e+00,    9.8999899626e-01,    1.1215200043e+02,    9.8999899626e-01,   -5.0850501060e+00,
    9.9110001326e-01,   -8.9998798370e+00,    9.9110001326e-01,    1.1129399872e+02,    9.9110001326e-01,    1.8676500320e+00,
    9.9219900370e-01,   -8.2195196152e+00,    9.9219900370e-01,    1.1181700134e+02,    9.9219900370e-01,    2.9782700539e+00,
    9.9329900742e-01,   -7.7258601189e+00,    9.9329900742e-01,    1.1012300110e+02,    9.9329900742e-01,   -5.2426500320e+00,
    9.9440002441e-01,   -9.4292602539e+00,    9.9440002441e-01,    1.0897899628e+02,    9.9440002441e-01,    2.6361498833e+00,
    9.9549901485e-01,   -8.3650398254e+00,    9.9549901485e-01,    1.0986100006e+02,    9.9549901485e-01,    2.2737100124e+00,
    9.9659800529e-01,   -7.2057700157e+00,    9.9659800529e-01,    1.1026200104e+02,    9.9659800529e-01,   -5.1795001030e+00,
    9.9769800901e-01,   -9.6131401062e+00,    9.9769800901e-01,    1.0940699768e+02,    9.9769800901e-01,    3.1697800159e+00,
    9.9879902601e-01,   -8.0346803665e+00,    9.9879902601e-01,    1.1087500000e+02,    9.9879902601e-01,    1.1279000044e+00,
    9.9989902973e-01,   -6.8821902275e+00,    9.9989902973e-01,    1.1109999847e+02,    9.9989902973e-01,   -5.0395298004e+00,
    1.0010000467e+00,   -9.2744703293e+00,    1.0010000467e+00,    1.1019599915e+02,    1.0010000467e+00,    4.3799901009e+00,
    1.0020999908e+00,   -8.0616598129e+00,    1.0020999908e+00,    1.1113099670e+02,    1.0020999908e+00,    2.6689800434e-03,
    1.0032000542e+00,   -6.7055997849e+00,    1.0032000542e+00,    1.1255400085e+02,    1.0032000542e+00,   -4.6662797928e+00,
    1.0042999983e+00,   -8.7172603607e+00,    1.0042999983e+00,    1.1226300049e+02,    1.0042999983e+00,    4.9118800163e+00,
    1.0053999424e+00,   -7.9061498642e+00,    1.0053999424e+00,    1.1318900299e+02,    1.0053999424e+00,   -7.0572298765e-01,
    1.0065000057e+00,   -6.9048199654e+00,    1.0065000057e+00,    1.1469899750e+02,    1.0065000057e+00,   -3.9639999866e+00,
    1.0075999498e+00,   -8.3714199066e+00,    1.0075999498e+00,    1.1432599640e+02,    1.0075999498e+00,    4.7988300323e+00,
    1.0087000132e+00,   -7.5502099991e+00,    1.0087000132e+00,    1.1388500214e+02,    1.0087000132e+00,   -1.1900700331e+00,
    1.0097999573e+00,   -7.2193999290e+00,    1.0097999573e+00,    1.1373899841e+02,    1.0097999573e+00,   -3.2923901081e+00,
    1.0109000206e+00,   -8.3761196136e+00,    1.0109000206e+00,    1.1311599731e+02,    1.0109000206e+00,    4.8429698944e+00,
    1.0119999647e+00,   -7.8162398338e+00,    1.0119999647e+00,    1.1177600098e+02,    1.0119999647e+00,   -1.9496799707e+00,
    1.0131000280e+00,   -7.4427800179e+00,    1.0131000280e+00,    1.1186499786e+02,    1.0131000280e+00,   -2.7041299343e+00,
    1.0141999722e+00,   -8.8007898331e+00,    1.0141999722e+00,    1.1075399780e+02,    1.0141999722e+00,    5.0655498505e+00,
    1.0153000355e+00,   -8.1552200317e+00,    1.0153000355e+00,    1.1033499908e+02,    1.0153000355e+00,   -2.1619400978e+00,
    1.0163999796e+00,   -7.3136801720e+00,    1.0163999796e+00,    1.1168199921e+02,    1.0163999796e+00,   -2.2359199524e+00,
    1.0175000429e+00,   -8.7077398300e+00,    1.0175000429e+00,    1.1124099731e+02,    1.0175000429e+00,    4.7815399170e+00,
    1.0185999870e+00,   -8.0394601822e+00,    1.0185999870e+00,    1.1073400116e+02,    1.0185999870e+00,   -2.8122301102e+00,
    1.0197000504e+00,   -7.4042100906e+00,    1.0197000504e+00,    1.1242500305e+02,    1.0197000504e+00,   -1.5726900101e+00,
    1.0207999945e+00,   -8.0055198669e+00,    1.0207999945e+00,    1.1288300323e+02,    1.0207999945e+00,    4.8957400322e+00,
    1.0219000578e+00,   -8.0661602020e+00,    1.0219000578e+00,    1.1254699707e+02,    1.0219000578e+00,   -3.4906499386e+00,
    1.0230000019e+00,   -7.7651801109e+00,    1.0230000019e+00,    1.1428700256e+02,    1.0230000019e+00,   -1.0418699980e+00,
    1.0240999460e+00,   -7.6449799538e+00,    1.0240999460e+00,    1.1515699768e+02,    1.0240999460e+00,    4.8317399025e+00,
    1.0252000093e+00,   -7.7837500572e+00,    1.0252000093e+00,    1.1471199799e+02,    1.0252000093e+00,   -3.5191099644e+00,
    1.0262999535e+00,   -8.0390796661e+00,    1.0262999535e+00,    1.1624900055e+02,    1.0262999535e+00,   -1.0705900192e+00,
    1.0274000168e+00,   -7.5979399681e+00,    1.0274000168e+00,    1.1710099792e+02,    1.0274000168e+00,    4.3681697845e+00,
    1.0284999609e+00,   -7.5431699753e+00,    1.0284999609e+00,    1.1624299622e+02,    1.0284999609e+00,   -3.5058000088e+00,
    1.0296000242e+00,   -8.0613002777e+00,    1.0296000242e+00,    1.1658699799e+02,    1.0296000242e+00,   -6.4028102160e-01,
    1.0306999683e+00,   -7.7894101143e+00,    1.0306999683e+00,    1.1647100067e+02,    1.0306999683e+00,    3.9938800335e+00,
    1.0318000317e+00,   -8.0238304138e+00,    1.0318000317e+00,    1.1449500275e+02,    1.0318000317e+00,   -3.4394099712e+00,
    1.0328999758e+00,   -8.1827297211e+00,    1.0328999758e+00,    1.1449299622e+02,    1.0328999758e+00,   -4.3916699290e-01,
    1.0340000391e+00,   -8.1679897308e+00,    1.0340000391e+00,    1.1442099762e+02,    1.0340000391e+00,    3.6971199512e+00,
    1.0350999832e+00,   -8.1037998199e+00,    1.0350999832e+00,    1.1287200165e+02,    1.0350999832e+00,   -3.1973800659e+00,
    1.0362000465e+00,   -8.6431102753e+00,    1.0362000465e+00,    1.1358999634e+02,    1.0362000465e+00,   -4.1020599008e-01,
    1.0372999907e+00,   -8.2920799255e+00,    1.0372999907e+00,    1.1411100006e+02,    1.0372999907e+00,    3.2023999691e+00,
    1.0384000540e+00,   -7.6911001205e+00,    1.0384000540e+00,    1.1328700256e+02,    1.0384000540e+00,   -2.9742400646e+00,
    1.0394999981e+00,   -8.4773702621e+00,    1.0394999981e+00,    1.1399700165e+02,    1.0394999981e+00,    1.1497200280e-01,
    1.0405999422e+00,   -8.8728399277e+00,    1.0405999422e+00,    1.1510399628e+02,    1.0405999422e+00,    3.2660799026e+00,
    1.0417000055e+00,   -7.3702201843e+00,    1.0417000055e+00,    1.1485099792e+02,    1.0417000055e+00,   -2.8332901001e+00,
    1.0427999496e+00,   -8.0850095749e+00,    1.0427999496e+00,    1.1625599670e+02,    1.0427999496e+00,    5.7333800942e-02,
    1.0439000130e+00,   -9.0472402573e+00,    1.0439000130e+00,    1.1710500336e+02,    1.0439000130e+00,    3.3113698959e+00,
    1.0449999571e+00,   -8.0575199127e+00,    1.0449999571e+00,    1.1688500214e+02,    1.0449999571e+00,   -2.3767700195e+00,
    1.0461000204e+00,   -8.0582895279e+00,    1.0461000204e+00,    1.1814399719e+02,    1.0461000204e+00,   -2.4220199883e-01,
    1.0471999645e+00,   -8.6065702438e+00,    1.0471999645e+00,    1.1883000183e+02,    1.0471999645e+00,    3.0988299847e+00,
    1.0483000278e+00,   -8.4065999985e+00,    1.0483000278e+00,    1.1855400085e+02,    1.0483000278e+00,   -2.1152100563e+00,
    1.0493999720e+00,   -8.3571300507e+00,    1.0493999720e+00,    1.1959600067e+02,    1.0493999720e+00,   -5.9248501062e-01,
    1.0505000353e+00,   -8.3234300613e+00,    1.0505000353e+00,    1.1992400360e+02,    1.0505000353e+00,    2.8756000996e+00,
    1.0515999794e+00,   -8.5331497192e+00,    1.0515999794e+00,    1.1801100159e+02,    1.0515999794e+00,   -1.9795299768e+00,
    1.0527000427e+00,   -8.9820499420e+00,    1.0527000427e+00,    1.1790599823e+02,    1.0527000427e+00,   -1.0372099876e+00,
    1.0537999868e+00,   -9.3699703217e+00,    1.0537999868e+00,    1.1593699646e+02,    1.0537999868e+00,    2.7676000595e+00,
    1.0549000502e+00,   -8.7141895294e+00,    1.0549000502e+00,    1.1412400055e+02,    1.0549000502e+00,   -1.3604700565e+00,
    1.0559999943e+00,   -9.1989898682e+00,    1.0559999943e+00,    1.1379100037e+02,    1.0559999943e+00,   -9.2696100473e-01,
    1.0571000576e+00,   -9.9524002075e+00,    1.0571000576e+00,    1.1348699951e+02,    1.0571000576e+00,    2.5693900585e+00,
    1.0582000017e+00,   -8.9420204163e+00,    1.0582000017e+00,    1.1371600342e+02,    1.0582000017e+00,   -1.1006200314e+00,
    1.0592999458e+00,   -8.9276304245e+00,    1.0592999458e+00,    1.1513899994e+02,    1.0592999458e+00,   -9.5900797844e-01,
    1.0604000092e+00,   -9.3946104050e+00,    1.0604000092e+00,    1.1525399780e+02,    1.0604000092e+00,    2.5408599377e+00,
    1.0614999533e+00,   -9.2964496613e+00,    1.0614999533e+00,    1.1547399902e+02,    1.0614999533e+00,   -1.0801899433e+00,
    1.0626000166e+00,   -9.5455102921e+00,    1.0626000166e+00,    1.1644100189e+02,    1.0626000166e+00,   -9.5416098833e-01,
    1.0636999607e+00,   -8.8907899857e+00,    1.0636999607e+00,    1.1666500092e+02,    1.0636999607e+00,    2.1902899742e+00,
    1.0648000240e+00,   -9.0940103531e+00,    1.0648000240e+00,    1.1724299622e+02,    1.0648000240e+00,   -6.5704298019e-01,
    1.0658999681e+00,   -9.4121599197e+00,    1.0658999681e+00,    1.1850800323e+02,    1.0658999681e+00,   -1.2803299427e+00,
    1.0670000315e+00,   -9.2401199341e+00,    1.0670000315e+00,    1.1862699890e+02,    1.0670000315e+00,    1.9847999811e+00,
    1.0680999756e+00,   -8.7933197021e+00,    1.0680999756e+00,    1.1889299774e+02,    1.0680999756e+00,   -2.4983300269e-01,
    1.0692000389e+00,   -9.0603904724e+00,    1.0692000389e+00,    1.1931900024e+02,    1.0692000389e+00,   -1.3283499479e+00,
    1.0702999830e+00,   -9.2469797134e+00,    1.0702999830e+00,    1.1882700348e+02,    1.0702999830e+00,    1.4998699427e+00,
    1.0714000463e+00,   -9.2563896179e+00,    1.0714000463e+00,    1.1845200348e+02,    1.0714000463e+00,    7.6451301575e-02,
    1.0724999905e+00,   -9.2460603714e+00,    1.0724999905e+00,    1.1738400269e+02,    1.0724999905e+00,   -1.3791400194e+00,
    1.0736000538e+00,   -9.3902797699e+00,    1.0736000538e+00,    1.1571900177e+02,    1.0736000538e+00,    1.1015700102e+00,
    1.0746999979e+00,   -9.7395200729e+00,    1.0746999979e+00,    1.1539600372e+02,    1.0746999979e+00,    4.9592301250e-01,
    1.0757999420e+00,   -9.8806295395e+00,    1.0757999420e+00,    1.1504699707e+02,    1.0757999420e+00,   -1.4888900518e+00,
    1.0769000053e+00,   -9.4726896286e+00,    1.0769000053e+00,    1.1439600372e+02,    1.0769000053e+00,    4.9482798576e-01,
    1.0779999495e+00,   -9.5603103638e+00,    1.0779999495e+00,    1.1533999634e+02,    1.0779999495e+00,    4.6552300453e-01,
    1.0791000128e+00,   -9.7298002243e+00,    1.0791000128e+00,    1.1569799805e+02,    1.0791000128e+00,   -1.1399500370e+00,
    1.0801999569e+00,   -9.6023902893e+00,    1.0801999569e+00,    1.1623600006e+02,    1.0801999569e+00,    4.8376199603e-01,
    1.0813000202e+00,   -9.5445604324e+00,    1.0813000202e+00,    1.1713600159e+02,    1.0813000202e+00,    4.9508500099e-01,
    1.0823999643e+00,   -9.2257604599e+00,    1.0823999643e+00,    1.1780799866e+02,    1.0823999643e+00,   -1.1565099955e+00,
    1.0835000277e+00,   -9.5301504135e+00,    1.0835000277e+00,    1.1847299957e+02,    1.0835000277e+00,    5.1309502125e-01,
    1.0845999718e+00,   -9.7827501297e+00,    1.0845999718e+00,    1.1940699768e+02,    1.0845999718e+00,    7.7350199223e-01,
    1.0857000351e+00,   -9.4123201370e+00,    1.0857000351e+00,    1.1957499695e+02,    1.0857000351e+00,   -9.2212599516e-01,
    1.0867999792e+00,   -9.0904102325e+00,    1.0867999792e+00,    1.1996099854e+02,    1.0867999792e+00,    1.6225099564e-01,
    1.0879000425e+00,   -9.2072200775e+00,    1.0879000425e+00,    1.2039700317e+02,    1.0879000425e+00,    7.5801301003e-01,
    1.0889999866e+00,   -9.8976001740e+00,    1.0889999866e+00,    1.2041500092e+02,    1.0889999866e+00,   -6.7932397127e-01,
    1.0901000500e+00,   -9.3661403656e+00,    1.0901000500e+00,    1.1960600281e+02,    1.0901000500e+00,   -1.2714099884e-01,
    1.0911999941e+00,   -9.3578500748e+00,    1.0911999941e+00,    1.1811100006e+02,    1.0911999941e+00,    7.2621798515e-01,
    1.0923000574e+00,   -9.9170703888e+00,    1.0923000574e+00,    1.1598799896e+02,    1.0923000574e+00,   -2.1045599878e-01,
    1.0934000015e+00,   -1.0225600243e+01,    1.0934000015e+00,    1.1469699860e+02,    1.0934000015e+00,   -5.5116099119e-01,
    1.0944999456e+00,   -9.9384002686e+00,    1.0944999456e+00,    1.1454399872e+02,    1.0944999456e+00,    4.1677901149e-01,
    1.0956000090e+00,   -9.9215698242e+00,    1.0956000090e+00,    1.1433599854e+02,    1.0956000090e+00,    1.6904699802e-01,
    1.0966999531e+00,   -1.0003700256e+01,    1.0966999531e+00,    1.1471099854e+02,    1.0966999531e+00,   -4.0196800232e-01,
    1.0978000164e+00,   -1.0042300224e+01,    1.0978000164e+00,    1.1502899933e+02,    1.0978000164e+00,    1.0259199888e-01,
    1.0988999605e+00,   -1.0000100136e+01,    1.0988999605e+00,    1.1563700104e+02,    1.0988999605e+00,    2.6747199893e-01,
    1.1000000238e+00,   -9.5190401077e+00,    1.1000000238e+00,    1.1636100006e+02,    1.1000000238e+00,   -4.3561300635e-01,
