LS-DYNA keyword deck by LS-PrePost,Rcforc Data
Time,Ma 368 X-force,Time,Ma 368 Y-force,Time,Ma 368 Z-force,
    0.0000000000e+00,    0.0000000000e+00,    0.0000000000e+00,    0.0000000000e+00,    0.0000000000e+00,    0.0000000000e+00,
    1.0999799706e-03,    0.0000000000e+00,    1.0999799706e-03,    0.0000000000e+00,    1.0999799706e-03,    0.0000000000e+00,
    2.1996600553e-03,    0.0000000000e+00,    2.1996600553e-03,    0.0000000000e+00,    2.1996600553e-03,    0.0000000000e+00,
    3.2989000902e-03,    0.0000000000e+00,    3.2989000902e-03,    0.0000000000e+00,    3.2989000902e-03,    0.0000000000e+00,
    4.3997899629e-03,    0.0000000000e+00,    4.3997899629e-03,    0.0000000000e+00,    4.3997899629e-03,    0.0000000000e+00,
    5.4995999672e-03,    0.0000000000e+00,    5.4995999672e-03,    0.0000000000e+00,    5.4995999672e-03,    0.0000000000e+00,
    6.5990397707e-03,    0.0000000000e+00,    6.5990397707e-03,    0.0000000000e+00,    6.5990397707e-03,    0.0000000000e+00,
    7.6999198645e-03,    0.0000000000e+00,    7.6999198645e-03,    0.0000000000e+00,    7.6999198645e-03,    0.0000000000e+00,
    8.7997801602e-03,    0.0000000000e+00,    8.7997801602e-03,    0.0000000000e+00,    8.7997801602e-03,    0.0000000000e+00,
    9.8988097161e-03,    0.0000000000e+00,    9.8988097161e-03,    0.0000000000e+00,    9.8988097161e-03,    0.0000000000e+00,
    1.0999900289e-02,    0.0000000000e+00,    1.0999900289e-02,    0.0000000000e+00,    1.0999900289e-02,    0.0000000000e+00,
    1.2099799700e-02,    0.0000000000e+00,    1.2099799700e-02,    0.0000000000e+00,    1.2099799700e-02,    0.0000000000e+00,
    1.3199199922e-02,    0.0000000000e+00,    1.3199199922e-02,    0.0000000000e+00,    1.3199199922e-02,    0.0000000000e+00,
    1.4299600385e-02,    0.0000000000e+00,    1.4299600385e-02,    0.0000000000e+00,    1.4299600385e-02,    0.0000000000e+00,
    1.5399799682e-02,    0.0000000000e+00,    1.5399799682e-02,    0.0000000000e+00,    1.5399799682e-02,    0.0000000000e+00,
    1.6499100253e-02,    0.0000000000e+00,    1.6499100253e-02,    0.0000000000e+00,    1.6499100253e-02,    0.0000000000e+00,
    1.7599700019e-02,    0.0000000000e+00,    1.7599700019e-02,    0.0000000000e+00,    1.7599700019e-02,    0.0000000000e+00,
    1.8699599430e-02,    0.0000000000e+00,    1.8699599430e-02,    0.0000000000e+00,    1.8699599430e-02,    0.0000000000e+00,
    1.9799800590e-02,    0.0000000000e+00,    1.9799800590e-02,    0.0000000000e+00,    1.9799800590e-02,    0.0000000000e+00,
    2.0899200812e-02,    0.0000000000e+00,    2.0899200812e-02,    0.0000000000e+00,    2.0899200812e-02,    0.0000000000e+00,
    2.1999500692e-02,    0.0000000000e+00,    2.1999500692e-02,    0.0000000000e+00,    2.1999500692e-02,    0.0000000000e+00,
    2.3099999875e-02,    0.0000000000e+00,    2.3099999875e-02,    0.0000000000e+00,    2.3099999875e-02,    0.0000000000e+00,
    2.4199299514e-02,    0.0000000000e+00,    2.4199299514e-02,    0.0000000000e+00,    2.4199299514e-02,    0.0000000000e+00,
    2.5299200788e-02,    0.0000000000e+00,    2.5299200788e-02,    0.0000000000e+00,    2.5299200788e-02,    0.0000000000e+00,
    2.6399100199e-02,    0.0000000000e+00,    2.6399100199e-02,    0.0000000000e+00,    2.6399100199e-02,    0.0000000000e+00,
    2.7499800548e-02,    0.0000000000e+00,    2.7499800548e-02,    0.0000000000e+00,    2.7499800548e-02,    0.0000000000e+00,
    2.8599100187e-02,    0.0000000000e+00,    2.8599100187e-02,    0.0000000000e+00,    2.8599100187e-02,    0.0000000000e+00,
    2.9698900878e-02,    0.0000000000e+00,    2.9698900878e-02,    0.0000000000e+00,    2.9698900878e-02,    0.0000000000e+00,
    3.0799899250e-02,    0.0000000000e+00,    3.0799899250e-02,    0.0000000000e+00,    3.0799899250e-02,    0.0000000000e+00,
    3.1899601221e-02,    0.0000000000e+00,    3.1899601221e-02,    0.0000000000e+00,    3.1899601221e-02,    0.0000000000e+00,
    3.2999299467e-02,    0.0000000000e+00,    3.2999299467e-02,    0.0000000000e+00,    3.2999299467e-02,    0.0000000000e+00,
    3.4099001437e-02,    0.0000000000e+00,    3.4099001437e-02,    0.0000000000e+00,    3.4099001437e-02,    0.0000000000e+00,
    3.5198800266e-02,    0.0000000000e+00,    3.5198800266e-02,    0.0000000000e+00,    3.5198800266e-02,    0.0000000000e+00,
    3.6299701780e-02,    0.0000000000e+00,    3.6299701780e-02,    0.0000000000e+00,    3.6299701780e-02,    0.0000000000e+00,
    3.7399601191e-02,    0.0000000000e+00,    3.7399601191e-02,    0.0000000000e+00,    3.7399601191e-02,    0.0000000000e+00,
    3.8499500602e-02,    0.0000000000e+00,    3.8499500602e-02,    0.0000000000e+00,    3.8499500602e-02,    0.0000000000e+00,
    3.9599098265e-02,    0.0000000000e+00,    3.9599098265e-02,    0.0000000000e+00,    3.9599098265e-02,    0.0000000000e+00,
    4.0699798614e-02,    0.0000000000e+00,    4.0699798614e-02,    0.0000000000e+00,    4.0699798614e-02,    0.0000000000e+00,
    4.1798900813e-02,    0.0000000000e+00,    4.1798900813e-02,    0.0000000000e+00,    4.1798900813e-02,    0.0000000000e+00,
    4.2899899185e-02,    0.0000000000e+00,    4.2899899185e-02,    0.0000000000e+00,    4.2899899185e-02,    0.0000000000e+00,
    4.3999701738e-02,    0.0000000000e+00,    4.3999701738e-02,    0.0000000000e+00,    4.3999701738e-02,    0.0000000000e+00,
    4.5099299401e-02,    0.0000000000e+00,    4.5099299401e-02,    0.0000000000e+00,    4.5099299401e-02,    0.0000000000e+00,
    4.6199198812e-02,    0.0000000000e+00,    4.6199198812e-02,    0.0000000000e+00,    4.6199198812e-02,    0.0000000000e+00,
    4.7299098223e-02,    0.0000000000e+00,    4.7299098223e-02,    0.0000000000e+00,    4.7299098223e-02,    0.0000000000e+00,
    4.8399899155e-02,    0.0000000000e+00,    4.8399899155e-02,    0.0000000000e+00,    4.8399899155e-02,    0.0000000000e+00,
    4.9499299377e-02,    0.0000000000e+00,    4.9499299377e-02,    0.0000000000e+00,    4.9499299377e-02,    0.0000000000e+00,
    5.0598900765e-02,    0.0000000000e+00,    5.0598900765e-02,    0.0000000000e+00,    5.0598900765e-02,    0.0000000000e+00,
    5.1699500531e-02,    0.0000000000e+00,    5.1699500531e-02,    0.0000000000e+00,    5.1699500531e-02,    0.0000000000e+00,
    5.2798900753e-02,    0.0000000000e+00,    5.2798900753e-02,    0.0000000000e+00,    5.2798900753e-02,    0.0000000000e+00,
    5.3899899125e-02,    0.0000000000e+00,    5.3899899125e-02,    0.0000000000e+00,    5.3899899125e-02,    0.0000000000e+00,
    5.4999798536e-02,    0.0000000000e+00,    5.4999798536e-02,    0.0000000000e+00,    5.4999798536e-02,    0.0000000000e+00,
    5.6099601090e-02,    0.0000000000e+00,    5.6099601090e-02,    0.0000000000e+00,    5.6099601090e-02,    0.0000000000e+00,
    5.7199399918e-02,    0.0000000000e+00,    5.7199399918e-02,    0.0000000000e+00,    5.7199399918e-02,    0.0000000000e+00,
    5.8298800141e-02,    0.0000000000e+00,    5.8298800141e-02,    0.0000000000e+00,    5.8298800141e-02,    0.0000000000e+00,
    5.9399299324e-02,    0.0000000000e+00,    5.9399299324e-02,    0.0000000000e+00,    5.9399299324e-02,    0.0000000000e+00,
    6.0499701649e-02,    0.0000000000e+00,    6.0499701649e-02,    0.0000000000e+00,    6.0499701649e-02,    0.0000000000e+00,
    6.1599500477e-02,    0.0000000000e+00,    6.1599500477e-02,    0.0000000000e+00,    6.1599500477e-02,    0.0000000000e+00,
    6.2699697912e-02,    0.0000000000e+00,    6.2699697912e-02,    0.0000000000e+00,    6.2699697912e-02,    0.0000000000e+00,
    6.3799202442e-02,    0.0000000000e+00,    6.3799202442e-02,    0.0000000000e+00,    6.3799202442e-02,    0.0000000000e+00,
    6.4898997545e-02,    0.0000000000e+00,    6.4898997545e-02,    0.0000000000e+00,    6.4898997545e-02,    0.0000000000e+00,
    6.5999902785e-02,    0.0000000000e+00,    6.5999902785e-02,    0.0000000000e+00,    6.5999902785e-02,    0.0000000000e+00,
    6.7099399865e-02,    0.0000000000e+00,    6.7099399865e-02,    0.0000000000e+00,    6.7099399865e-02,    0.0000000000e+00,
    6.8199098110e-02,    0.0000000000e+00,    6.8199098110e-02,    0.0000000000e+00,    6.8199098110e-02,    0.0000000000e+00,
    6.9300003350e-02,    0.0000000000e+00,    6.9300003350e-02,    0.0000000000e+00,    6.9300003350e-02,    0.0000000000e+00,
    7.0399403572e-02,    0.0000000000e+00,    7.0399403572e-02,    0.0000000000e+00,    7.0399403572e-02,    0.0000000000e+00,
    7.1498900652e-02,    0.0000000000e+00,    7.1498900652e-02,    0.0000000000e+00,    7.1498900652e-02,    0.0000000000e+00,
    7.2598800063e-02,    0.0000000000e+00,    7.2598800063e-02,    0.0000000000e+00,    7.2598800063e-02,    0.0000000000e+00,
    7.3699496686e-02,    0.0000000000e+00,    7.3699496686e-02,    0.0000000000e+00,    7.3699496686e-02,    0.0000000000e+00,
    7.4799098074e-02,    0.0000000000e+00,    7.4799098074e-02,    0.0000000000e+00,    7.4799098074e-02,    0.0000000000e+00,
    7.5898997486e-02,    0.0000000000e+00,    7.5898997486e-02,    0.0000000000e+00,    7.5898997486e-02,    0.0000000000e+00,
    7.6999798417e-02,    0.0000000000e+00,    7.6999798417e-02,    0.0000000000e+00,    7.6999798417e-02,    0.0000000000e+00,
    7.8099802136e-02,    0.0000000000e+00,    7.8099802136e-02,    0.0000000000e+00,    7.8099802136e-02,    0.0000000000e+00,
    7.9199299216e-02,    0.0000000000e+00,    7.9199299216e-02,    0.0000000000e+00,    7.9199299216e-02,    0.0000000000e+00,
    8.0299802125e-02,    0.0000000000e+00,    8.0299802125e-02,    0.0000000000e+00,    8.0299802125e-02,    0.0000000000e+00,
    8.1398800015e-02,    0.0000000000e+00,    8.1398800015e-02,    0.0000000000e+00,    8.1398800015e-02,    0.0000000000e+00,
    8.2498796284e-02,    0.0000000000e+00,    8.2498796284e-02,    0.0000000000e+00,    8.2498796284e-02,    0.0000000000e+00,
    8.3599798381e-02,    0.0000000000e+00,    8.3599798381e-02,    0.0000000000e+00,    8.3599798381e-02,    0.0000000000e+00,
    8.4699198604e-02,    0.0000000000e+00,    8.4699198604e-02,    0.0000000000e+00,    8.4699198604e-02,    0.0000000000e+00,
    8.5799001157e-02,    0.0000000000e+00,    8.5799001157e-02,    0.0000000000e+00,    8.5799001157e-02,    0.0000000000e+00,
    8.6899101734e-02,    0.0000000000e+00,    8.6899101734e-02,    0.0000000000e+00,    8.6899101734e-02,    0.0000000000e+00,
    8.7999701500e-02,    0.0000000000e+00,    8.7999701500e-02,    0.0000000000e+00,    8.7999701500e-02,    0.0000000000e+00,
    8.9099496603e-02,    0.0000000000e+00,    8.9099496603e-02,    0.0000000000e+00,    8.9099496603e-02,    0.0000000000e+00,
    9.0199403465e-02,    0.0000000000e+00,    9.0199403465e-02,    0.0000000000e+00,    9.0199403465e-02,    0.0000000000e+00,
    9.1299496591e-02,    0.0000000000e+00,    9.1299496591e-02,    0.0000000000e+00,    9.1299496591e-02,    0.0000000000e+00,
    9.2399001122e-02,    0.0000000000e+00,    9.2399001122e-02,    0.0000000000e+00,    9.2399001122e-02,    0.0000000000e+00,
    9.3498900533e-02,    0.0000000000e+00,    9.3498900533e-02,    0.0000000000e+00,    9.3498900533e-02,    0.0000000000e+00,
    9.4599701464e-02,    0.0000000000e+00,    9.4599701464e-02,    0.0000000000e+00,    9.4599701464e-02,    0.0000000000e+00,
    9.5699101686e-02,    0.0000000000e+00,    9.5699101686e-02,    0.0000000000e+00,    9.5699101686e-02,    0.0000000000e+00,
    9.6799001098e-02,    0.0000000000e+00,    9.6799001098e-02,    0.0000000000e+00,    9.6799001098e-02,    0.0000000000e+00,
    9.7899496555e-02,    0.0000000000e+00,    9.7899496555e-02,    0.0000000000e+00,    9.7899496555e-02,    0.0000000000e+00,
    9.8998896778e-02,    0.0000000000e+00,    9.8998896778e-02,    0.0000000000e+00,    9.8998896778e-02,    0.0000000000e+00,
    1.0009899735e-01,    0.0000000000e+00,    1.0009899735e-01,    0.0000000000e+00,    1.0009899735e-01,    0.0000000000e+00,
    1.0119999945e-01,    0.0000000000e+00,    1.0119999945e-01,    0.0000000000e+00,    1.0119999945e-01,    0.0000000000e+00,
    1.0229899734e-01,    0.0000000000e+00,    1.0229899734e-01,    0.0000000000e+00,    1.0229899734e-01,    0.0000000000e+00,
    1.0339900106e-01,    0.0000000000e+00,    1.0339900106e-01,    0.0000000000e+00,    1.0339900106e-01,    0.0000000000e+00,
    1.0449899733e-01,    0.0000000000e+00,    1.0449899733e-01,    0.0000000000e+00,    1.0449899733e-01,    0.0000000000e+00,
    1.0559900105e-01,    0.0000000000e+00,    1.0559900105e-01,    0.0000000000e+00,    1.0559900105e-01,    0.0000000000e+00,
    1.0669899732e-01,    0.0000000000e+00,    1.0669899732e-01,    0.0000000000e+00,    1.0669899732e-01,    0.0000000000e+00,
    1.0779999942e-01,    0.0000000000e+00,    1.0779999942e-01,    0.0000000000e+00,    1.0779999942e-01,    0.0000000000e+00,
    1.0889899731e-01,    0.0000000000e+00,    1.0889899731e-01,    0.0000000000e+00,    1.0889899731e-01,    0.0000000000e+00,
    1.0999900103e-01,    0.0000000000e+00,    1.0999900103e-01,    0.0000000000e+00,    1.0999900103e-01,    0.0000000000e+00,
    1.1109899729e-01,    0.0000000000e+00,    1.1109899729e-01,    0.0000000000e+00,    1.1109899729e-01,    0.0000000000e+00,
    1.1219900101e-01,    0.0000000000e+00,    1.1219900101e-01,    0.0000000000e+00,    1.1219900101e-01,    0.0000000000e+00,
    1.1329899728e-01,    0.0000000000e+00,    1.1329899728e-01,    0.0000000000e+00,    1.1329899728e-01,    0.0000000000e+00,
    1.1439900100e-01,    0.0000000000e+00,    1.1439900100e-01,    0.0000000000e+00,    1.1439900100e-01,    0.0000000000e+00,
    1.1550000310e-01,    0.0000000000e+00,    1.1550000310e-01,    0.0000000000e+00,    1.1550000310e-01,    0.0000000000e+00,
    1.1659900099e-01,    0.0000000000e+00,    1.1659900099e-01,    0.0000000000e+00,    1.1659900099e-01,    0.0000000000e+00,
    1.1770000309e-01,    0.0000000000e+00,    1.1770000309e-01,    0.0000000000e+00,    1.1770000309e-01,    0.0000000000e+00,
    1.1879900098e-01,    0.0000000000e+00,    1.1879900098e-01,    0.0000000000e+00,    1.1879900098e-01,    0.0000000000e+00,
    1.1990000308e-01,    0.0000000000e+00,    1.1990000308e-01,    0.0000000000e+00,    1.1990000308e-01,    0.0000000000e+00,
    1.2099999934e-01,    0.0000000000e+00,    1.2099999934e-01,    0.0000000000e+00,    1.2099999934e-01,    0.0000000000e+00,
    1.2209899724e-01,    0.0000000000e+00,    1.2209899724e-01,    0.0000000000e+00,    1.2209899724e-01,    0.0000000000e+00,
    1.2319900095e-01,    0.0000000000e+00,    1.2319900095e-01,    0.0000000000e+00,    1.2319900095e-01,    0.0000000000e+00,
    1.2430000305e-01,    0.0000000000e+00,    1.2430000305e-01,    0.0000000000e+00,    1.2430000305e-01,    0.0000000000e+00,
    1.2540000677e-01,    0.0000000000e+00,    1.2540000677e-01,    0.0000000000e+00,    1.2540000677e-01,    0.0000000000e+00,
    1.2649899721e-01,    0.0000000000e+00,    1.2649899721e-01,    0.0000000000e+00,    1.2649899721e-01,    0.0000000000e+00,
    1.2759999931e-01,    0.0000000000e+00,    1.2759999931e-01,    0.0000000000e+00,    1.2759999931e-01,    0.0000000000e+00,
    1.2869900465e-01,    0.0000000000e+00,    1.2869900465e-01,    0.0000000000e+00,    1.2869900465e-01,    0.0000000000e+00,
    1.2979899347e-01,    0.0000000000e+00,    1.2979899347e-01,    0.0000000000e+00,    1.2979899347e-01,    0.0000000000e+00,
    1.3089999557e-01,    0.0000000000e+00,    1.3089999557e-01,    0.0000000000e+00,    1.3089999557e-01,    0.0000000000e+00,
    1.3199999928e-01,    0.0000000000e+00,    1.3199999928e-01,    0.0000000000e+00,    1.3199999928e-01,    0.0000000000e+00,
    1.3309900463e-01,    0.0000000000e+00,    1.3309900463e-01,    0.0000000000e+00,    1.3309900463e-01,    0.0000000000e+00,
    1.3419899344e-01,    0.0000000000e+00,    1.3419899344e-01,    0.0000000000e+00,    1.3419899344e-01,    0.0000000000e+00,
    1.3529899716e-01,    0.0000000000e+00,    1.3529899716e-01,    0.0000000000e+00,    1.3529899716e-01,    0.0000000000e+00,
    1.3639999926e-01,    0.0000000000e+00,    1.3639999926e-01,    0.0000000000e+00,    1.3639999926e-01,    0.0000000000e+00,
    1.3749900460e-01,    0.0000000000e+00,    1.3749900460e-01,    0.0000000000e+00,    1.3749900460e-01,    0.0000000000e+00,
    1.3860000670e-01,    0.0000000000e+00,    1.3860000670e-01,    0.0000000000e+00,    1.3860000670e-01,    0.0000000000e+00,
    1.3969999552e-01,    0.0000000000e+00,    1.3969999552e-01,    0.0000000000e+00,    1.3969999552e-01,    0.0000000000e+00,
    1.4079900086e-01,    0.0000000000e+00,    1.4079900086e-01,    0.0000000000e+00,    1.4079900086e-01,    0.0000000000e+00,
    1.4189900458e-01,    0.0000000000e+00,    1.4189900458e-01,    0.0000000000e+00,    1.4189900458e-01,    0.0000000000e+00,
    1.4300000668e-01,    0.0000000000e+00,    1.4300000668e-01,    0.0000000000e+00,    1.4300000668e-01,    0.0000000000e+00,
    1.4409999549e-01,    0.0000000000e+00,    1.4409999549e-01,    0.0000000000e+00,    1.4409999549e-01,    0.0000000000e+00,
    1.4519900084e-01,    0.0000000000e+00,    1.4519900084e-01,    0.0000000000e+00,    1.4519900084e-01,    0.0000000000e+00,
    1.4630000293e-01,    0.0000000000e+00,    1.4630000293e-01,    0.0000000000e+00,    1.4630000293e-01,    0.0000000000e+00,
    1.4740000665e-01,    0.0000000000e+00,    1.4740000665e-01,    0.0000000000e+00,    1.4740000665e-01,    0.0000000000e+00,
    1.4849899709e-01,    0.0000000000e+00,    1.4849899709e-01,    0.0000000000e+00,    1.4849899709e-01,    0.0000000000e+00,
    1.4959900081e-01,    0.0000000000e+00,    1.4959900081e-01,    0.0000000000e+00,    1.4959900081e-01,    0.0000000000e+00,
    1.5069900453e-01,    0.0000000000e+00,    1.5069900453e-01,    0.0000000000e+00,    1.5069900453e-01,    0.0000000000e+00,
    1.5180000663e-01,    0.0000000000e+00,    1.5180000663e-01,    0.0000000000e+00,    1.5180000663e-01,    0.0000000000e+00,
    1.5289899707e-01,    0.0000000000e+00,    1.5289899707e-01,    0.0000000000e+00,    1.5289899707e-01,    0.0000000000e+00,
    1.5399900079e-01,    0.0000000000e+00,    1.5399900079e-01,    0.0000000000e+00,    1.5399900079e-01,    0.0000000000e+00,
    1.5509900451e-01,    0.0000000000e+00,    1.5509900451e-01,    0.0000000000e+00,    1.5509900451e-01,    0.0000000000e+00,
    1.5619899333e-01,    0.0000000000e+00,    1.5619899333e-01,    0.0000000000e+00,    1.5619899333e-01,    0.0000000000e+00,
    1.5729899704e-01,    0.0000000000e+00,    1.5729899704e-01,    0.0000000000e+00,    1.5729899704e-01,    0.0000000000e+00,
    1.5839999914e-01,    0.0000000000e+00,    1.5839999914e-01,    0.0000000000e+00,    1.5839999914e-01,    0.0000000000e+00,
    1.5949900448e-01,    0.0000000000e+00,    1.5949900448e-01,    0.0000000000e+00,    1.5949900448e-01,    0.0000000000e+00,
    1.6059899330e-01,    0.0000000000e+00,    1.6059899330e-01,    0.0000000000e+00,    1.6059899330e-01,    0.0000000000e+00,
    1.6169999540e-01,    0.0000000000e+00,    1.6169999540e-01,    0.0000000000e+00,    1.6169999540e-01,    0.0000000000e+00,
    1.6279900074e-01,    0.0000000000e+00,    1.6279900074e-01,    0.0000000000e+00,    1.6279900074e-01,    0.0000000000e+00,
    1.6390000284e-01,    0.0000000000e+00,    1.6390000284e-01,    0.0000000000e+00,    1.6390000284e-01,    0.0000000000e+00,
    1.6500000656e-01,    0.0000000000e+00,    1.6500000656e-01,    0.0000000000e+00,    1.6500000656e-01,    0.0000000000e+00,
    1.6609899700e-01,    0.0000000000e+00,    1.6609899700e-01,    0.0000000000e+00,    1.6609899700e-01,    0.0000000000e+00,
    1.6719900072e-01,    0.0000000000e+00,    1.6719900072e-01,    0.0000000000e+00,    1.6719900072e-01,    0.0000000000e+00,
    1.6830000281e-01,    0.0000000000e+00,    1.6830000281e-01,    0.0000000000e+00,    1.6830000281e-01,    0.0000000000e+00,
    1.6939899325e-01,    0.0000000000e+00,    1.6939899325e-01,    0.0000000000e+00,    1.6939899325e-01,    0.0000000000e+00,
    1.7049899697e-01,    0.0000000000e+00,    1.7049899697e-01,    0.0000000000e+00,    1.7049899697e-01,    0.0000000000e+00,
    1.7159900069e-01,    0.0000000000e+00,    1.7159900069e-01,    0.0000000000e+00,    1.7159900069e-01,    0.0000000000e+00,
    1.7270000279e-01,    0.0000000000e+00,    1.7270000279e-01,    0.0000000000e+00,    1.7270000279e-01,    0.0000000000e+00,
    1.7379899323e-01,    0.0000000000e+00,    1.7379899323e-01,    0.0000000000e+00,    1.7379899323e-01,    0.0000000000e+00,
    1.7489899695e-01,    0.0000000000e+00,    1.7489899695e-01,    0.0000000000e+00,    1.7489899695e-01,    0.0000000000e+00,
    1.7599999905e-01,    0.0000000000e+00,    1.7599999905e-01,    0.0000000000e+00,    1.7599999905e-01,    0.0000000000e+00,
    1.7709900439e-01,    0.0000000000e+00,    1.7709900439e-01,    0.0000000000e+00,    1.7709900439e-01,    0.0000000000e+00,
    1.7819899321e-01,    0.0000000000e+00,    1.7819899321e-01,    0.0000000000e+00,    1.7819899321e-01,    0.0000000000e+00,
    1.7929899693e-01,    0.0000000000e+00,    1.7929899693e-01,    0.0000000000e+00,    1.7929899693e-01,    0.0000000000e+00,
    1.8039900064e-01,    0.0000000000e+00,    1.8039900064e-01,    0.0000000000e+00,    1.8039900064e-01,    0.0000000000e+00,
    1.8149900436e-01,    0.0000000000e+00,    1.8149900436e-01,    0.0000000000e+00,    1.8149900436e-01,    0.0000000000e+00,
    1.8259899318e-01,    0.0000000000e+00,    1.8259899318e-01,    0.0000000000e+00,    1.8259899318e-01,    0.0000000000e+00,
    1.8369899690e-01,    0.0000000000e+00,    1.8369899690e-01,    0.0000000000e+00,    1.8369899690e-01,    0.0000000000e+00,
    1.8479999900e-01,    0.0000000000e+00,    1.8479999900e-01,    0.0000000000e+00,    1.8479999900e-01,    0.0000000000e+00,
    1.8590000272e-01,    0.0000000000e+00,    1.8590000272e-01,    0.0000000000e+00,    1.8590000272e-01,    0.0000000000e+00,
    1.8700000644e-01,    0.0000000000e+00,    1.8700000644e-01,    0.0000000000e+00,    1.8700000644e-01,    0.0000000000e+00,
    1.8809899688e-01,    0.0000000000e+00,    1.8809899688e-01,    0.0000000000e+00,    1.8809899688e-01,    0.0000000000e+00,
    1.8919900060e-01,    0.0000000000e+00,    1.8919900060e-01,    0.0000000000e+00,    1.8919900060e-01,    0.0000000000e+00,
    1.9030000269e-01,    0.0000000000e+00,    1.9030000269e-01,    0.0000000000e+00,    1.9030000269e-01,    0.0000000000e+00,
    1.9139899313e-01,    0.0000000000e+00,    1.9139899313e-01,    0.0000000000e+00,    1.9139899313e-01,    0.0000000000e+00,
    1.9249899685e-01,    0.0000000000e+00,    1.9249899685e-01,    0.0000000000e+00,    1.9249899685e-01,    0.0000000000e+00,
    1.9359900057e-01,    0.0000000000e+00,    1.9359900057e-01,    0.0000000000e+00,    1.9359900057e-01,    0.0000000000e+00,
    1.9470000267e-01,    0.0000000000e+00,    1.9470000267e-01,    0.0000000000e+00,    1.9470000267e-01,    0.0000000000e+00,
    1.9579899311e-01,    0.0000000000e+00,    1.9579899311e-01,    0.0000000000e+00,    1.9579899311e-01,    0.0000000000e+00,
    1.9689899683e-01,    0.0000000000e+00,    1.9689899683e-01,    0.0000000000e+00,    1.9689899683e-01,    0.0000000000e+00,
    1.9799999893e-01,    0.0000000000e+00,    1.9799999893e-01,    0.0000000000e+00,    1.9799999893e-01,    0.0000000000e+00,
    1.9909900427e-01,    0.0000000000e+00,    1.9909900427e-01,    0.0000000000e+00,    1.9909900427e-01,    0.0000000000e+00,
    2.0019899309e-01,    0.0000000000e+00,    2.0019899309e-01,    0.0000000000e+00,    2.0019899309e-01,    0.0000000000e+00,
    2.0129999518e-01,    0.0000000000e+00,    2.0129999518e-01,    0.0000000000e+00,    2.0129999518e-01,    0.0000000000e+00,
    2.0239900053e-01,    0.0000000000e+00,    2.0239900053e-01,    0.0000000000e+00,    2.0239900053e-01,    0.0000000000e+00,
    2.0349900424e-01,    0.0000000000e+00,    2.0349900424e-01,    0.0000000000e+00,    2.0349900424e-01,    0.0000000000e+00,
    2.0460000634e-01,    0.0000000000e+00,    2.0460000634e-01,    0.0000000000e+00,    2.0460000634e-01,    0.0000000000e+00,
    2.0569899678e-01,    0.0000000000e+00,    2.0569899678e-01,    0.0000000000e+00,    2.0569899678e-01,    0.0000000000e+00,
    2.0679900050e-01,    1.7208300562e-07,    2.0679900050e-01,    7.0270702243e-02,    2.0679900050e-01,   -2.3583099917e-08,
    2.0789900422e-01,    3.1200499961e-07,    2.0789900422e-01,    3.5728800297e-01,    2.0789900422e-01,   -3.9852398714e-08,
    2.0900000632e-01,   -2.7917599255e-06,    2.0900000632e-01,    6.6714000702e-01,    2.0900000632e-01,    1.1775100006e-08,
    2.1009899676e-01,   -8.3508797388e-07,    2.1009899676e-01,    9.9375098944e-01,    2.1009899676e-01,   -4.4200699989e-08,
    2.1119900048e-01,    4.4164398787e-06,    2.1119900048e-01,    1.3041599989e+00,    2.1119900048e-01,   -1.5279199772e-07,
    2.1229900420e-01,    2.6474199331e-06,    2.1229900420e-01,    1.6294000149e+00,    2.1229900420e-01,   -1.6868500552e-07,
    2.1339899302e-01,    4.0345698835e-06,    2.1339899302e-01,    1.9561200142e+00,    2.1339899302e-01,   -2.5620499855e-07,
    2.1449899673e-01,   -3.0404798963e-06,    2.1449899673e-01,    2.2513799667e+00,    2.1449899673e-01,   -2.1613699630e-07,
    2.1559900045e-01,    1.3141099771e-05,    2.1559900045e-01,    2.5669300556e+00,    2.1559900045e-01,   -1.5178200385e-07,
    2.1669900417e-01,    2.5270101105e-06,    2.1669900417e-01,    2.8982899189e+00,    2.1669900417e-01,   -2.0492299768e-07,
    2.1780000627e-01,   -7.6524802353e-06,    2.1780000627e-01,    3.1941800117e+00,    2.1780000627e-01,   -2.7848500395e-07,
    2.1889899671e-01,    6.2447102209e-06,    2.1889899671e-01,    3.5020000935e+00,    2.1889899671e-01,   -6.2033899439e-07,
    2.1999999881e-01,    5.3324702094e-06,    2.1999999881e-01,    3.8323500156e+00,    2.1999999881e-01,   -7.1552699410e-07,
    2.2109900415e-01,    5.8805399021e-06,    2.2109900415e-01,    4.1334700584e+00,    2.2109900415e-01,   -1.6844900586e-07,
    2.2219899297e-01,    1.4747300156e-05,    2.2219899297e-01,    4.4302802086e+00,    2.2219899297e-01,    6.3730499278e-07,
    2.2329899669e-01,    3.3490800888e-06,    2.2329899669e-01,    4.7603998184e+00,    2.2329899669e-01,    1.8510600341e-07,
    2.2439900041e-01,   -6.5215899667e-06,    2.2439900041e-01,    5.0649199486e+00,    2.2439900041e-01,   -1.0815200113e-07,
    2.2549900413e-01,   -2.0907000362e-05,    2.2549900413e-01,    5.3558602333e+00,    2.2549900413e-01,   -1.2044599771e-06,
    2.2660000622e-01,   -1.0985600056e-05,    2.2660000622e-01,    5.6775097847e+00,    2.2660000622e-01,   -9.1598201379e-07,
    2.2769899666e-01,    5.9006697484e-07,    2.2769899666e-01,    5.9891600609e+00,    2.2769899666e-01,    8.5635198047e-04,
    2.2879900038e-01,    4.3245599954e-05,    2.2879900038e-01,    6.2719001770e+00,    2.2879900038e-01,    1.0852100095e-03,
    2.2990000248e-01,    3.6564499169e-05,    2.2990000248e-01,    6.5295000076e+00,    2.2990000248e-01,    9.5877400599e-04,
    2.3100000620e-01,    2.2146099582e-05,    2.3100000620e-01,    6.6406698227e+00,    2.3100000620e-01,    1.1766200187e-03,
    2.3209999502e-01,   -6.5013500716e-06,    2.3209999502e-01,    7.0169200897e+00,    2.3209999502e-01,    1.7002900131e-03,
    2.3319999874e-01,    6.6159896960e-05,    2.3319999874e-01,    7.4855699539e+00,    2.3319999874e-01,    2.1212100983e-03,
    2.3430000246e-01,    5.3421001212e-05,    2.3430000246e-01,    7.9854898453e+00,    2.3430000246e-01,    2.0146600436e-03,
    2.3539899290e-01,   -9.6319199656e-06,    2.3539899290e-01,    8.4383802414e+00,    2.3539899290e-01,    1.9734899979e-03,
    2.3649999499e-01,   -1.8619200273e-04,    2.3649999499e-01,    8.8889198303e+00,    2.3649999499e-01,    1.8862599973e-03,
    2.3759999871e-01,   -2.3026400595e-04,    2.3759999871e-01,    9.4039297104e+00,    2.3759999871e-01,    1.7106699524e-03,
    2.3869900405e-01,    9.3263397503e-06,    2.3869900405e-01,    9.8666896820e+00,    2.3869900405e-01,    1.9370500231e-03,
    2.3979899287e-01,    4.1314400733e-04,    2.3979899287e-01,    1.0320199966e+01,    2.3979899287e-01,    2.0167899784e-03,
    2.4089899659e-01,    2.5921501219e-04,    2.4089899659e-01,    1.0824399948e+01,    2.4089899659e-01,    1.3383999467e-03,
    2.4199999869e-01,   -1.3523599773e-04,    2.4199999869e-01,    1.1181099892e+01,    2.4199999869e-01,    1.0559400544e-03,
    2.4310000241e-01,   -3.9935999666e-04,    2.4310000241e-01,    1.1390099525e+01,    2.4310000241e-01,    7.8835699242e-04,
    2.4420000613e-01,   -2.1016200481e-04,    2.4420000613e-01,    1.1932399750e+01,    2.4420000613e-01,    2.5577700580e-04,
    2.4529899657e-01,    1.8961299793e-04,    2.4529899657e-01,    1.2659199715e+01,    2.4529899657e-01,    8.2619499881e-04,
    2.4639900029e-01,    1.5729600273e-04,    2.4639900029e-01,    1.2915599823e+01,    2.4639900029e-01,    1.2677400373e-03,
    2.4750000238e-01,   -7.0462199801e-05,    2.4750000238e-01,    1.3085499763e+01,    2.4750000238e-01,    1.0501299985e-03,
    2.4859899282e-01,    4.7171702136e-06,    2.4859899282e-01,    1.3581199646e+01,    2.4859899282e-01,   -7.4486498488e-04,
    2.4969899654e-01,    2.1739300792e-05,    2.4969899654e-01,    1.4613200188e+01,    2.4969899654e-01,    8.8823999977e-04,
    2.5080001354e-01,   -3.5071400362e-06,    2.5080001354e-01,    1.5689900398e+01,    2.5080001354e-01,    1.2119299499e-03,
    2.5189900398e-01,    3.9751401346e-05,    2.5189900398e-01,    1.6695699692e+01,    2.5189900398e-01,    1.1576500256e-03,
    2.5299900770e-01,    1.6848000087e-05,    2.5299900770e-01,    1.7446699142e+01,    2.5299900770e-01,   -7.5147702591e-04,
    2.5409901142e-01,    1.0649400065e-03,    2.5409901142e-01,    1.7706800461e+01,    2.5409901142e-01,    1.7143900041e-03,
    2.5519898534e-01,   -6.9461800158e-03,    2.5519898534e-01,    1.7265199661e+01,    2.5519898534e-01,   -1.3744999655e-02,
    2.5630000234e-01,   -1.7350399867e-03,    2.5630000234e-01,    1.7523399353e+01,    2.5630000234e-01,   -7.4488399550e-03,
    2.5740000606e-01,    5.4662199691e-03,    2.5740000606e-01,    1.7934400558e+01,    2.5740000606e-01,    2.5397699792e-03,
    2.5849899650e-01,   -3.7841699086e-03,    2.5849899650e-01,    1.8755699158e+01,    2.5849899650e-01,    6.9858799689e-03,
    2.5959900022e-01,   -7.2616301477e-03,    2.5959900022e-01,    1.9491300583e+01,    2.5959900022e-01,    2.3849999998e-03,
    2.6069998741e-01,    1.1918999953e-03,    2.6069998741e-01,    1.9962900162e+01,    2.6069998741e-01,    2.7410900220e-03,
    2.6179900765e-01,    6.3874102198e-03,    2.6179900765e-01,    2.0334100723e+01,    2.6179900765e-01,    6.2471101992e-03,
    2.6289999485e-01,    4.7902199440e-03,    2.6289999485e-01,    1.9258600235e+01,    2.6289999485e-01,   -4.2043998837e-03,
    2.6399999857e-01,   -3.7822700106e-03,    2.6399999857e-01,    1.9643999100e+01,    2.6399999857e-01,   -2.6403199881e-03,
    2.6510000229e-01,   -4.5655397698e-03,    2.6510000229e-01,    2.0009000778e+01,    2.6510000229e-01,    8.7907901034e-03,
    2.6620000601e-01,    6.1549698003e-03,    2.6620000601e-01,    2.0471700668e+01,    2.6620000601e-01,    5.9544001706e-03,
    2.6729899645e-01,    8.3779003471e-03,    2.6729899645e-01,    2.0756399155e+01,    2.6729899645e-01,   -9.5083797351e-03,
    2.6840001345e-01,   -1.4693399426e-03,    2.6840001345e-01,    2.1025199890e+01,    2.6840001345e-01,    8.6869103834e-03,
    2.6949900389e-01,   -7.3894900270e-03,    2.6949900389e-01,    2.1333299637e+01,    2.6949900389e-01,    4.2730099522e-03,
    2.7059999108e-01,    4.7191898338e-03,    2.7059999108e-01,    2.1777900696e+01,    2.7059999108e-01,   -7.2384900413e-03,
    2.7169999480e-01,    1.1308600195e-02,    2.7169999480e-01,    2.2581800461e+01,    2.7169999480e-01,    1.1799000204e-02,
    2.7279999852e-01,   -2.9390999116e-03,    2.7279999852e-01,    2.3390300751e+01,    2.7279999852e-01,   -3.8067100104e-03,
    2.7390000224e-01,   -5.7538999245e-03,    2.7390000224e-01,    2.3975500107e+01,    2.7390000224e-01,    8.2778697833e-04,
    2.7500000596e-01,    2.4120700546e-03,    2.7500000596e-01,    2.4517499924e+01,    2.7500000596e-01,   -2.1010299679e-03,
    2.7610000968e-01,    8.7339598686e-03,    2.7610000968e-01,    2.5122400284e+01,    2.7610000968e-01,    6.6336398013e-03,
    2.7720001340e-01,    1.6512200236e-03,    2.7720001340e-01,    2.4803699493e+01,    2.7720001340e-01,    1.6999799991e-03,
    2.7829998732e-01,   -3.8514400367e-03,    2.7829998732e-01,    2.5141199112e+01,    2.7829998732e-01,   -1.2155300006e-02,
    2.7939900756e-01,   -2.0754700527e-03,    2.7939900756e-01,    2.5959600449e+01,    2.7939900756e-01,    6.4282198437e-03,
    2.8049999475e-01,    5.8842999861e-03,    2.8049999475e-01,    2.6592899323e+01,    2.8049999475e-01,    3.0209899414e-03,
    2.8159999847e-01,    5.5937198922e-03,    2.8159999847e-01,    2.7084999084e+01,    2.8159999847e-01,   -1.0594500229e-02,
    2.8270000219e-01,   -6.1495797709e-03,    2.8270000219e-01,    2.7523099899e+01,    2.8270000219e-01,    6.3519901596e-03,
    2.8380000591e-01,   -4.4004200026e-03,    2.8380000591e-01,    2.7924200058e+01,    2.8380000591e-01,    8.6742695421e-03,
    2.8489899635e-01,    6.5858601592e-03,    2.8489899635e-01,    2.8145200729e+01,    2.8489899635e-01,   -1.1638999917e-02,
    2.8600001335e-01,    4.3456801213e-03,    2.8600001335e-01,    2.8078399658e+01,    2.8600001335e-01,    3.5357400775e-03,
    2.8709998727e-01,   -9.2094596475e-03,    2.8709998727e-01,    2.8018400192e+01,    2.8709998727e-01,    1.6131499782e-02,
    2.8819999099e-01,   -3.9558801800e-03,    2.8819999099e-01,    2.7932500839e+01,    2.8819999099e-01,    4.1063199751e-03,
    2.8929901123e-01,    2.1130499954e-04,    2.8929901123e-01,    2.8026399612e+01,    2.8929901123e-01,    2.3928599432e-02,
    2.9039999843e-01,   -7.2759198956e-03,    2.9039999843e-01,    2.8435899734e+01,    2.9039999843e-01,    3.1804598868e-02,
    2.9150000215e-01,   -1.8002400175e-03,    2.9150000215e-01,    2.9117799759e+01,    2.9150000215e-01,    1.9293000922e-02,
    2.9259899259e-01,   -6.7667202093e-03,    2.9259899259e-01,    2.9579000473e+01,    2.9259899259e-01,    7.0106200874e-03,
    2.9369899631e-01,    1.4427000424e-03,    2.9369899631e-01,    2.9975700378e+01,    2.9369899631e-01,    2.0285200328e-02,
    2.9480001330e-01,    4.4268099591e-03,    2.9480001330e-01,    3.0436399460e+01,    2.9480001330e-01,    8.8283000514e-03,
    2.9589998722e-01,    8.8106598705e-03,    2.9589998722e-01,    3.0803300858e+01,    2.9589998722e-01,   -1.5340499580e-02,
    2.9699900746e-01,    2.4038000032e-02,    2.9699900746e-01,    3.0451599121e+01,    2.9699900746e-01,    1.6590500018e-03,
    2.9809901118e-01,   -9.8943396006e-04,    2.9809901118e-01,    2.9479900360e+01,    2.9809901118e-01,    3.6168299615e-02,
    2.9919898510e-01,   -7.5018899515e-03,    2.9919898510e-01,    2.8661199570e+01,    2.9919898510e-01,   -7.3581196368e-02,
    3.0029898882e-01,    2.3979200050e-02,    3.0029898882e-01,    2.8604299545e+01,    3.0029898882e-01,   -4.5337900519e-02,
    3.0139899254e-01,    2.0938899368e-02,    3.0139899254e-01,    2.8780099869e+01,    3.0139899254e-01,    1.6713300720e-02,
    3.0249899626e-01,   -8.3370795473e-03,    3.0249899626e-01,    2.9205900192e+01,    3.0249899626e-01,   -2.4545099586e-02,
    3.0359899998e-01,   -5.0494601019e-03,    3.0359899998e-01,    2.9681600571e+01,    3.0359899998e-01,   -2.4941900745e-02,
    3.0469998717e-01,    2.2110899910e-02,    3.0469998717e-01,    2.9862800598e+01,    3.0469998717e-01,    3.6618098617e-02,
    3.0579999089e-01,    4.0628299117e-02,    3.0579999089e-01,    3.0130800247e+01,    3.0579999089e-01,   -1.3452799991e-02,
    3.0689999461e-01,    3.5615200177e-03,    3.0689999461e-01,    3.0431400299e+01,    3.0689999461e-01,   -4.2949400842e-02,
    3.0799901485e-01,   -1.1941599660e-02,    3.0799901485e-01,    3.0586299896e+01,    3.0799901485e-01,    6.2901698984e-03,
    3.0909898877e-01,    3.5214200616e-02,    3.0909898877e-01,    3.0936199188e+01,    3.0909898877e-01,    3.3482801169e-02,
    3.1019899249e-01,    4.8541601747e-02,    3.1019899249e-01,    3.1253999710e+01,    3.1019899249e-01,   -2.8750199825e-02,
    3.1129899621e-01,    3.7465300411e-03,    3.1129899621e-01,    3.1353500366e+01,    3.1129899621e-01,   -4.1325897910e-03,
    3.1240001321e-01,   -1.1187300086e-02,    3.1240001321e-01,    3.1609399796e+01,    3.1240001321e-01,    5.2955299616e-02,
    3.1349998713e-01,    3.9307400584e-02,    3.1349998713e-01,    3.2070098877e+01,    3.1349998713e-01,   -3.8178801537e-02,
    3.1459900737e-01,    4.0735598654e-02,    3.1459900737e-01,    3.2562801361e+01,    3.1459900737e-01,   -5.3082001396e-03,
    3.1569999456e-01,   -1.1058299802e-02,    3.1569999456e-01,    3.2952098846e+01,    3.1569999456e-01,    5.1194898784e-02,
    3.1679901481e-01,   -1.8395900726e-02,    3.1679901481e-01,    3.2922298431e+01,    3.1679901481e-01,   -3.4446001053e-02,
    3.1789898872e-01,    4.6001501381e-02,    3.1789898872e-01,    3.2280799866e+01,    3.1789898872e-01,   -3.1946700066e-02,
    3.1899899244e-01,    3.3659398556e-02,    3.1899899244e-01,    3.1086200714e+01,    3.1899899244e-01,    3.4027699381e-02,
    3.2009899616e-01,   -1.4319599606e-02,    3.2009899616e-01,    3.1270299911e+01,    3.2009899616e-01,    1.6237899661e-02,
    3.2120001316e-01,    6.3933599740e-03,    3.2120001316e-01,    3.1867700577e+01,    3.2120001316e-01,    3.6181099713e-02,
    3.2229998708e-01,    4.0721401572e-02,    3.2229998708e-01,    3.2166698456e+01,    3.2229998708e-01,    1.9059000537e-02,
    3.2339999080e-01,    2.7591900900e-02,    3.2339999080e-01,    3.2599098206e+01,    3.2339999080e-01,    3.0202999711e-02,
    3.2449999452e-01,   -1.4106700197e-02,    3.2449999452e-01,    3.2932300568e+01,    3.2449999452e-01,    1.6198599711e-02,
    3.2559901476e-01,   -4.9510099925e-03,    3.2559901476e-01,    3.2883201599e+01,    3.2559901476e-01,    7.6016098261e-02,
    3.2669898868e-01,    4.3433498591e-02,    3.2669898868e-01,    3.3219699860e+01,    3.2669898868e-01,    5.8150000870e-02,
    3.2779899240e-01,    3.1772699207e-02,    3.2779899240e-01,    3.3460201263e+01,    3.2779899240e-01,    2.6236800477e-03,
    3.2890000939e-01,   -1.4409800060e-02,    3.2890000939e-01,    3.3557998657e+01,    3.2890000939e-01,    8.1713102758e-02,
    3.3000001311e-01,    1.1235600337e-02,    3.3000001311e-01,    3.3966800690e+01,    3.3000001311e-01,    3.5410199314e-02,
    3.3109900355e-01,    5.8863800019e-02,    3.3109900355e-01,    3.4332599640e+01,    3.3109900355e-01,    4.5959100127e-02,
    3.3219900727e-01,    3.4159798175e-02,    3.3219900727e-01,    3.5048198700e+01,    3.3219900727e-01,    7.9513704404e-03,
    3.3329999447e-01,   -6.6208997741e-03,    3.3329999447e-01,    3.5780200958e+01,    3.3329999447e-01,   -2.3452999070e-02,
    3.3439999819e-01,    1.6221199185e-02,    3.3439999819e-01,    3.6439201355e+01,    3.3439999819e-01,   -5.6745298207e-02,
    3.3550000191e-01,    6.9608196616e-02,    3.3550000191e-01,    3.6968898773e+01,    3.3550000191e-01,   -1.2167399749e-02,
    3.3659899235e-01,    2.7095999569e-02,    3.3659899235e-01,    3.7104900360e+01,    3.3659899235e-01,    1.0962699540e-02,
    3.3769899607e-01,   -1.7243599519e-02,    3.3769899607e-01,    3.6660701752e+01,    3.3769899607e-01,   -3.3080801368e-02,
    3.3879899979e-01,    2.8748299927e-02,    3.3879899979e-01,    3.6159900665e+01,    3.3879899979e-01,   -1.8472500145e-02,
    3.3989998698e-01,    4.5989099890e-02,    3.3989998698e-01,    3.6312301636e+01,    3.3989998698e-01,   -9.7902202979e-03,
    3.4099900723e-01,    1.4338999987e-02,    3.4099900723e-01,    3.7173500061e+01,    3.4099900723e-01,   -1.3216500171e-02,
    3.4209901094e-01,   -1.0058900341e-02,    3.4209901094e-01,    3.7801101685e+01,    3.4209901094e-01,   -3.9614401758e-02,
    3.4319901466e-01,    9.9975001067e-03,    3.4319901466e-01,    3.8262901306e+01,    3.4319901466e-01,    3.4081900958e-03,
    3.4430000186e-01,    4.8703901470e-02,    3.4430000186e-01,    3.8890201569e+01,    3.4430000186e-01,   -5.6502901018e-02,
    3.4540000558e-01,    2.0069900900e-02,    3.4540000558e-01,    3.9222599030e+01,    3.4540000558e-01,   -2.8146300465e-02,
    3.4649899602e-01,   -3.2949000597e-02,    3.4649899602e-01,    3.9362201691e+01,    3.4649899602e-01,    4.5498900115e-02,
    3.4759899974e-01,    1.8475500867e-02,    3.4759899974e-01,    3.9807598114e+01,    3.4759899974e-01,   -4.7528300434e-02,
    3.4869900346e-01,    4.8156000674e-02,    3.4869900346e-01,    3.9805599213e+01,    3.4869900346e-01,    1.4599099755e-02,
    3.4979900718e-01,   -8.9311599731e-03,    3.4979900718e-01,    3.9762401581e+01,    3.4979900718e-01,    2.1984500811e-02,
    3.5089999437e-01,   -2.6572000235e-02,    3.5089999437e-01,    3.9845401764e+01,    3.5089999437e-01,    2.0267199725e-02,
    3.5199999809e-01,    2.5420999154e-02,    3.5199999809e-01,    3.9862998962e+01,    3.5199999809e-01,    9.8977703601e-03,
    3.5309898853e-01,    5.0417099148e-02,    3.5309898853e-01,    4.0359199524e+01,    3.5309898853e-01,    7.4090398848e-02,
    3.5420000553e-01,   -1.9729100168e-02,    3.5420000553e-01,    4.1056198120e+01,    3.5420000553e-01,    3.1477801502e-02,
    3.5529899597e-01,   -1.3803600334e-02,    3.5529899597e-01,    4.1127601624e+01,    3.5529899597e-01,    3.9140198380e-02,
    3.5640001297e-01,    5.7160399854e-02,    3.5640001297e-01,    4.1239799500e+01,    3.5640001297e-01,    4.2751900852e-02,
    3.5749900341e-01,    2.2112600505e-02,    3.5749900341e-01,    4.0723499298e+01,    3.5749900341e-01,    5.0673998892e-02,
    3.5859999061e-01,   -1.1806200258e-02,    3.5859999061e-01,    4.0174301147e+01,    3.5859999061e-01,    1.9523100927e-02,
    3.5969999433e-01,    4.1091099381e-02,    3.5969999433e-01,    4.0175498962e+01,    3.5969999433e-01,    2.6109300554e-02,
    3.6079999804e-01,    4.5928098261e-02,    3.6079999804e-01,    4.0371398926e+01,    3.6079999804e-01,    6.4969301224e-02,
    3.6189898849e-01,    2.2692199796e-02,    3.6189898849e-01,    4.0980701447e+01,    3.6189898849e-01,   -1.8807500601e-02,
    3.6299899220e-01,    2.4352200329e-02,    3.6299899220e-01,    4.1700901031e+01,    3.6299899220e-01,    9.8580300808e-02,
    3.6409899592e-01,    2.9133500531e-02,    3.6409899592e-01,    4.2069400787e+01,    3.6409899592e-01,    4.3726898730e-02,
    3.6519899964e-01,    5.4858900607e-02,    3.6519899964e-01,    4.2608200073e+01,    3.6519899964e-01,   -2.5036800653e-02,
    3.6629900336e-01,    3.8969099522e-02,    3.6629900336e-01,    4.2940601349e+01,    3.6629900336e-01,    8.3730198443e-02,
    3.6739999056e-01,    1.2774400413e-02,    3.6739999056e-01,    4.2973300934e+01,    3.6739999056e-01,    5.6429799646e-02,
    3.6849901080e-01,    5.0113800913e-02,    3.6849901080e-01,    4.3218601227e+01,    3.6849901080e-01,    8.1926500425e-03,
    3.6959901452e-01,    5.4693501443e-02,    3.6959901452e-01,    4.3224899292e+01,    3.6959901452e-01,    2.7294499800e-02,
    3.7069898844e-01,    2.1012000740e-02,    3.7069898844e-01,    4.3260299683e+01,    3.7069898844e-01,    7.4639797211e-02,
    3.7179899216e-01,    2.3353200406e-02,    3.7179899216e-01,    4.3703300476e+01,    3.7179899216e-01,   -6.1829999089e-02,
    3.7289899588e-01,    4.8995099962e-02,    3.7289899588e-01,    4.4158699036e+01,    3.7289899588e-01,    1.4791799709e-02,
    3.7399899960e-01,    3.5638298839e-02,    3.7399899960e-01,    4.4490898132e+01,    3.7399899960e-01,    5.4917600006e-02,
    3.7509998679e-01,    4.6915598214e-03,    3.7509998679e-01,    4.4432701111e+01,    3.7509998679e-01,   -9.7295202315e-02,
    3.7619900703e-01,    2.5210700929e-02,    3.7619900703e-01,    4.4520000458e+01,    3.7619900703e-01,    3.9793599397e-02,
    3.7729999423e-01,    5.8847799897e-02,    3.7729999423e-01,    4.4757701874e+01,    3.7729999423e-01,    5.2187498659e-02,
    3.7839999795e-01,    1.4768099645e-03,    3.7839999795e-01,    4.4373500824e+01,    3.7839999795e-01,   -4.3602000922e-02,
    3.7949898839e-01,    8.0437900033e-04,    3.7949898839e-01,    4.4452800751e+01,    3.7949898839e-01,    1.2461699545e-02,
    3.8059899211e-01,    5.6342799217e-02,    3.8059899211e-01,    4.4778999329e+01,    3.8059899211e-01,    5.6109901518e-02,
    3.8170000911e-01,    1.9440999255e-02,    3.8170000911e-01,    4.4903900146e+01,    3.8170000911e-01,   -3.6248899996e-02,
    3.8279899955e-01,   -4.8927902244e-03,    3.8279899955e-01,    4.5724998474e+01,    3.8279899955e-01,   -4.7396499664e-02,
    3.8389900327e-01,    2.8715400025e-02,    3.8389900327e-01,    4.6436100006e+01,    3.8389900327e-01,    7.4311800301e-02,
    3.8499900699e-01,    2.8423100710e-02,    3.8499900699e-01,    4.6474201202e+01,    3.8499900699e-01,   -4.8081200570e-02,
    3.8609999418e-01,    5.8286301792e-03,    3.8609999418e-01,    4.7254901886e+01,    3.8609999418e-01,   -8.0679997802e-02,
    3.8719901443e-01,    2.6454299223e-03,    3.8719901443e-01,    4.7586700439e+01,    3.8719901443e-01,    1.2582099438e-01,
    3.8830000162e-01,    2.0698899403e-02,    3.8830000162e-01,    4.7389099121e+01,    3.8830000162e-01,   -5.7587701827e-02,
    3.8939899206e-01,    2.0923100412e-02,    3.8939899206e-01,    4.7763900757e+01,    3.8939899206e-01,   -2.9699599370e-02,
    3.9049899578e-01,   -8.6704397108e-04,    3.9049899578e-01,    4.7786098480e+01,    3.9049899578e-01,    1.3325800002e-01,
    3.9160001278e-01,    2.0926001016e-03,    3.9160001278e-01,    4.7324199677e+01,    3.9160001278e-01,   -4.7029998153e-02,
    3.9269900322e-01,    2.6895100251e-02,    3.9269900322e-01,    4.7852901459e+01,    3.9269900322e-01,   -3.1258601695e-02,
    3.9379999042e-01,    6.2219901010e-03,    3.9379999042e-01,    4.8097698212e+01,    3.9379999042e-01,    2.1462500095e-01,
    3.9489901066e-01,   -1.3930900022e-02,    3.9489901066e-01,    4.7917301178e+01,    3.9489901066e-01,    2.5888899341e-02,
    3.9599999785e-01,    6.2240399420e-03,    3.9599999785e-01,    4.7693298340e+01,    3.9599999785e-01,   -1.0447300225e-01,
    3.9709898829e-01,    2.0985700190e-02,    3.9709898829e-01,    4.7925300598e+01,    3.9709898829e-01,    1.3022699952e-01,
    3.9819899201e-01,   -5.4360302165e-03,    3.9819899201e-01,    4.7174301147e+01,    3.9819899201e-01,   -4.2977198958e-02,
    3.9929899573e-01,   -3.7844400853e-02,    3.9929899573e-01,    4.6627601624e+01,    3.9929899573e-01,   -1.3488599658e-01,
    4.0040001273e-01,    2.0582199097e-02,    4.0040001273e-01,    4.6875900269e+01,    4.0040001273e-01,    1.6376599669e-01,
    4.0149998665e-01,    3.1129899435e-03,    4.0149998665e-01,    4.6986999512e+01,    4.0149998665e-01,   -4.7938298434e-02,
    4.0259999037e-01,   -4.1685398668e-02,    4.0259999037e-01,    4.6951198578e+01,    4.0259999037e-01,   -1.6695800424e-01,
    4.0369999409e-01,   -2.3744599894e-02,    4.0369999409e-01,    4.8222801208e+01,    4.0369999409e-01,    1.9956299663e-01,
    4.0479901433e-01,    9.7578298301e-03,    4.0479901433e-01,    4.8215999603e+01,    4.0479901433e-01,    1.1739100330e-02,
    4.0589898825e-01,   -3.4099400043e-02,    4.0589898825e-01,    4.7786598206e+01,    4.0589898825e-01,   -2.1308399737e-01,
    4.0699899197e-01,   -4.2880799621e-02,    4.0699899197e-01,    4.8809299469e+01,    4.0699899197e-01,    1.8179699779e-01,
    4.0809899569e-01,   -1.3885200024e-02,    4.0809899569e-01,    4.8558799744e+01,    4.0809899569e-01,    1.0899999738e-01,
    4.0919899940e-01,   -1.0125000030e-02,    4.0919899940e-01,    4.7697399139e+01,    4.0919899940e-01,   -1.9963000715e-01,
    4.1029998660e-01,   -5.3556099534e-02,    4.1029998660e-01,    4.8489101410e+01,    4.1029998660e-01,    2.6385998726e-01,
    4.1139900684e-01,   -2.3343399167e-02,    4.1139900684e-01,    4.8122398376e+01,    4.1139900684e-01,    1.5623299778e-01,
    4.1249999404e-01,   -1.9072899595e-03,    4.1249999404e-01,    4.7304401398e+01,    4.1249999404e-01,   -2.8642800450e-01,
    4.1359901428e-01,   -4.4829301536e-02,    4.1359901428e-01,    4.8326099396e+01,    4.1359901428e-01,    3.3035498857e-01,
    4.1470000148e-01,   -2.8890399262e-02,    4.1470000148e-01,    4.8241500854e+01,    4.1470000148e-01,    2.2709700465e-01,
    4.1579899192e-01,   -1.2237699702e-02,    4.1579899192e-01,    4.7465099335e+01,    4.1579899192e-01,   -2.4486100674e-01,
    4.1689899564e-01,   -3.0325500295e-02,    4.1689899564e-01,    4.8405998230e+01,    4.1689899564e-01,    3.2176500559e-01,
    4.1800001264e-01,   -1.7069000751e-02,    4.1800001264e-01,    4.8875598907e+01,    4.1800001264e-01,    3.1932699680e-01,
    4.1909900308e-01,   -4.7411699779e-04,    4.1909900308e-01,    4.7505401611e+01,    4.1909900308e-01,   -2.9616099596e-01,
    4.2019900680e-01,    1.9673300267e-04,    4.2019900680e-01,    4.7958499908e+01,    4.2019900680e-01,    3.6955198646e-01,
    4.2129901052e-01,    1.6116099432e-02,    4.2129901052e-01,    4.8924400330e+01,    4.2129901052e-01,    4.7754299641e-01,
    4.2239901423e-01,   -2.1482599899e-02,    4.2239901423e-01,    4.8163501740e+01,    4.2239901423e-01,   -3.8113701344e-01,
    4.2349898815e-01,    1.3305200264e-02,    4.2349898815e-01,    4.8520900726e+01,    4.2349898815e-01,    3.9356398582e-01,
    4.2460000515e-01,    2.1088000387e-02,    4.2460000515e-01,    5.0058799744e+01,    4.2460000515e-01,    5.6913197041e-01,
    4.2570000887e-01,   -1.1282900348e-02,    4.2570000887e-01,    4.9372001648e+01,    4.2570000887e-01,   -3.5981398821e-01,
    4.2679899931e-01,    3.9507700130e-03,    4.2679899931e-01,    4.9507598877e+01,    4.2679899931e-01,    2.5299400091e-01,
    4.2789900303e-01,    1.5648199245e-02,    4.2789900303e-01,    5.1341201782e+01,    4.2789900303e-01,    6.8914997578e-01,
    4.2899999022e-01,    3.8026599213e-03,    4.2899999022e-01,    5.0441799164e+01,    4.2899999022e-01,   -3.2343000174e-01,
    4.3009901047e-01,    7.1552298032e-03,    4.3009901047e-01,    4.9011699677e+01,    4.3009901047e-01,    1.4459900558e-01,
    4.3119901419e-01,    1.6411900287e-03,    4.3119901419e-01,    5.0712699890e+01,    4.3119901419e-01,    8.1115198135e-01,
    4.3230000138e-01,   -7.5487201102e-03,    4.3230000138e-01,    4.9860599518e+01,    4.3230000138e-01,   -3.8092198968e-01,
    4.3340000510e-01,   -3.9852801710e-02,    4.3340000510e-01,    4.8210700989e+01,    4.3340000510e-01,    1.2937100232e-01,
    4.3449899554e-01,   -1.6911499202e-02,    4.3449899554e-01,    5.0149200439e+01,    4.3449899554e-01,    1.0345000029e+00,
    4.3560001254e-01,    8.3545399830e-03,    4.3560001254e-01,    4.9845298767e+01,    4.3560001254e-01,   -2.7714100480e-01,
    4.3669900298e-01,   -5.1416300237e-02,    4.3669900298e-01,    4.7934398651e+01,    4.3669900298e-01,    2.6388600469e-02,
    4.3779999018e-01,   -3.2906301320e-02,    4.3779999018e-01,    5.0119800568e+01,    4.3779999018e-01,    1.2181400061e+00,
    4.3889901042e-01,    1.6928199679e-02,    4.3889901042e-01,    5.0055698395e+01,    4.3889901042e-01,   -5.2044998854e-02,
    4.3999901414e-01,   -3.2269001007e-02,    4.3999901414e-01,    4.7629299164e+01,    4.3999901414e-01,   -9.2606201768e-02,
    4.4109898806e-01,   -4.2653199285e-02,    4.4109898806e-01,    4.9256900787e+01,    4.4109898806e-01,    1.5231200457e+00,
    4.4219899178e-01,   -1.5058900230e-02,    4.4219899178e-01,    4.9568599701e+01,    4.4219899178e-01,    1.7413499951e-01,
    4.4329899549e-01,   -6.7705698311e-02,    4.4329899549e-01,    4.7853401184e+01,    4.4329899549e-01,   -2.2686299682e-01,
    4.4439899921e-01,   -5.1345799118e-02,    4.4439899921e-01,    4.9168598175e+01,    4.4439899921e-01,    1.9442900419e+00,
    4.4549998641e-01,   -5.1047798246e-02,    4.4549998641e-01,    4.9868000031e+01,    4.4549998641e-01,    4.5968300104e-01,
    4.4659900665e-01,   -5.7946201414e-02,    4.4659900665e-01,    4.9192100525e+01,    4.4659900665e-01,   -3.4333100915e-01,
    4.4769901037e-01,   -6.8271599710e-02,    4.4769901037e-01,    4.9236400604e+01,    4.4769901037e-01,    1.9435600042e+00,
    4.4879999757e-01,   -4.8121500760e-02,    4.4879999757e-01,    5.0833999634e+01,    4.4879999757e-01,    7.7549999952e-01,
    4.4990000129e-01,   -1.3787100092e-02,    4.4990000129e-01,    5.0471000671e+01,    4.4990000129e-01,   -4.1699999571e-01,
    4.5100000501e-01,   -2.8751699254e-02,    4.5100000501e-01,    4.8512500763e+01,    4.5100000501e-01,    1.8579699993e+00,
    4.5209899545e-01,   -2.3599300534e-02,    4.5209899545e-01,    5.0827701569e+01,    4.5209899545e-01,    9.7632300854e-01,
    4.5320001245e-01,    1.9054699689e-02,    4.5320001245e-01,    5.0352298737e+01,    4.5320001245e-01,   -4.6741101146e-01,
    4.5429900289e-01,   -4.7237999737e-02,    4.5429900289e-01,    4.7699100494e+01,    4.5429900289e-01,    1.7273900509e+00,
    4.5539999008e-01,   -4.5984700322e-02,    4.5539999008e-01,    5.0842899323e+01,    4.5539999008e-01,    1.2680900097e+00,
    4.5649901032e-01,    2.5617999956e-02,    4.5649901032e-01,    5.0951599121e+01,    4.5649901032e-01,   -5.0009602308e-01,
    4.5759901404e-01,   -3.9705600590e-02,    4.5759901404e-01,    4.7691001892e+01,    4.5759901404e-01,    1.1551400423e+00,
    4.5869898796e-01,   -7.7726699412e-02,    4.5869898796e-01,    5.0623901367e+01,    4.5869898796e-01,    1.6323399544e+00,
    4.5979899168e-01,   -4.1745200753e-02,    4.5979899168e-01,    5.0664001465e+01,    4.5979899168e-01,   -4.3718799949e-01,
    4.6089899540e-01,    3.2421998680e-02,    4.6089899540e-01,    4.7139701843e+01,    4.6089899540e-01,    5.7604897022e-01,
    4.6199899912e-01,   -8.6773596704e-02,    4.6199899912e-01,    4.9753200531e+01,    4.6199899912e-01,    1.8731900454e+00,
    4.6309900284e-01,   -4.4834598899e-02,    4.6309900284e-01,    5.0206699371e+01,    4.6309900284e-01,   -2.7933698893e-01,
    4.6419900656e-01,    1.0106399655e-01,    4.6419900656e-01,    4.8536899567e+01,    4.6419900656e-01,    6.8273000419e-02,
    4.6529901028e-01,   -1.2259200215e-02,    4.6529901028e-01,    4.9355899811e+01,    4.6529901028e-01,    2.1013100147e+00,
    4.6639901400e-01,   -2.6962099597e-02,    4.6639901400e-01,    5.0843101501e+01,    4.6639901400e-01,   -6.6309100948e-03,
    4.6749898791e-01,    1.1142800003e-01,    4.6749898791e-01,    5.0905799866e+01,    4.6749898791e-01,   -1.3217699528e-01,
    4.6860000491e-01,    1.1405000091e-01,    4.6860000491e-01,    4.8591098785e+01,    4.6860000491e-01,    2.1055500507e+00,
    4.6969899535e-01,   -4.5679401606e-02,    4.6969899535e-01,    5.1777500153e+01,    4.6969899535e-01,    7.5179003179e-02,
    4.7079899907e-01,    3.9219401777e-02,    4.7079899907e-01,    5.2118499756e+01,    4.7079899907e-01,   -8.7481699884e-02,
    4.7189998627e-01,    2.1811300516e-01,    4.7189998627e-01,    4.6815299988e+01,    4.7189998627e-01,    1.8279399872e+00,
    4.7299900651e-01,    7.1904398501e-02,    4.7299900651e-01,    5.0497200012e+01,    4.7299900651e-01,    4.8957899213e-01,
    4.7409999371e-01,   -4.5773100108e-02,    4.7409999371e-01,    5.1918498993e+01,    4.7409999371e-01,   -2.7544400096e-01,
    4.7519901395e-01,    1.6162699461e-01,    4.7519901395e-01,    4.6815700531e+01,    4.7519901395e-01,    1.3463499546e+00,
    4.7630000114e-01,    1.8108600378e-01,    4.7630000114e-01,    5.0457099915e+01,    4.7630000114e-01,    9.1625499725e-01,
    4.7739899158e-01,   -2.7442799881e-02,    4.7739899158e-01,    5.2824600220e+01,    4.7739899158e-01,   -6.7909401655e-01,
    4.7849899530e-01,    8.0507304519e-03,    4.7849899530e-01,    4.7588298798e+01,    4.7849899530e-01,    9.5253199339e-01,
    4.7959899902e-01,    2.6484099030e-01,    4.7959899902e-01,    4.8944400787e+01,    4.7959899902e-01,    1.3088999987e+00,
    4.8069998622e-01,    2.6555599645e-02,    4.8069998622e-01,    5.2317699432e+01,    4.8069998622e-01,   -1.0645999908e+00,
    4.8179900646e-01,   -1.9686000049e-01,    4.8179900646e-01,    4.9193599701e+01,    4.8179900646e-01,    5.7525998354e-01,
    4.8289999366e-01,    1.4523300529e-01,    4.8289999366e-01,    4.7262798309e+01,    4.8289999366e-01,    1.5435999632e+00,
    4.8399901390e-01,    1.5165799856e-01,    4.8399901390e-01,    5.2304901123e+01,    4.8399901390e-01,   -1.2016600370e+00,
    4.8509898782e-01,   -1.9175200164e-01,    4.8509898782e-01,    5.1631900787e+01,    4.8509898782e-01,    2.4079999328e-01,
    4.8619899154e-01,   -8.6605496705e-02,    4.8619899154e-01,    4.7053501129e+01,    4.8619899154e-01,    1.3640199900e+00,
    4.8730000854e-01,    1.7429700494e-01,    4.8730000854e-01,    5.3034500122e+01,    4.8730000854e-01,   -4.9004301429e-01,
    4.8840001225e-01,   -5.0276398659e-02,    4.8840001225e-01,    5.4040901184e+01,    4.8840001225e-01,    4.9484699965e-02,
    4.8949998617e-01,   -2.0390300453e-01,    4.8949998617e-01,    4.7452899933e+01,    4.8949998617e-01,    9.5514398813e-01,
    4.9059998989e-01,    5.5617198348e-02,    4.9059998989e-01,    5.1850498199e+01,    4.9059998989e-01,    2.2053100169e-01,
    4.9169999361e-01,    6.7971400917e-02,    4.9169999361e-01,    5.4210399628e+01,    4.9169999361e-01,   -3.5917198658e-01,
    4.9279999733e-01,   -1.4349399507e-01,    4.9279999733e-01,    4.8550998688e+01,    4.9279999733e-01,    8.0319899321e-01,
    4.9389898777e-01,   -6.0915600508e-02,    4.9389898777e-01,    4.9634601593e+01,    4.9389898777e-01,    1.3289899826e+00,
    4.9500000477e-01,    6.2709100544e-02,    4.9500000477e-01,    5.4271999359e+01,    4.9500000477e-01,   -1.0246599913e+00,
    4.9610000849e-01,    1.7019199207e-02,    4.9610000849e-01,    5.1304500580e+01,    4.9610000849e-01,    4.7960200906e-01,
    4.9719899893e-01,   -1.1212199926e-01,    4.9719899893e-01,    4.8446201324e+01,    4.9719899893e-01,    1.8817800283e+00,
    4.9829998612e-01,    6.7841500044e-02,    4.9829998612e-01,    5.5118999481e+01,    4.9829998612e-01,   -1.1028100252e+00,
    4.9939900637e-01,    1.0598400235e-01,    4.9939900637e-01,    5.3255401611e+01,    4.9939900637e-01,    3.8307800889e-01,
    5.0049901009e-01,   -7.2854302824e-02,    5.0049901009e-01,    4.7294700623e+01,    5.0049901009e-01,    1.2910699844e+00,
    5.0159901381e-01,    2.7084300295e-02,    5.0159901381e-01,    5.3328300476e+01,    5.0159901381e-01,   -3.3458098769e-01,
    5.0269901752e-01,    1.0165700316e-01,    5.0269901752e-01,    5.4199501038e+01,    5.0269901752e-01,    1.0416900041e-03,
    5.0379997492e-01,   -1.8512099981e-02,    5.0379997492e-01,    4.7955398560e+01,    5.0379997492e-01,    7.4437201023e-01,
    5.0489902496e-01,   -1.1843199609e-03,    5.0489902496e-01,    5.2114898682e+01,    5.0489902496e-01,    6.3513201475e-01,
    5.0599902868e-01,    6.5838903189e-02,    5.0599902868e-01,    5.4909900665e+01,    5.0599902868e-01,   -7.6270800829e-01,
    5.0709998608e-01,    4.2878299952e-02,    5.0709998608e-01,    5.0638000488e+01,    5.0709998608e-01,    4.4795700908e-01,
    5.0819897652e-01,   -3.4807801247e-02,    5.0819897652e-01,    5.0892299652e+01,    5.0819897652e-01,    1.2831699848e+00,
    5.0929999352e-01,    2.9259400908e-03,    5.0929999352e-01,    5.5479900360e+01,    5.0929999352e-01,   -1.3265199661e+00,
    5.1039999723e-01,    7.8872099519e-02,    5.1039999723e-01,    5.2634300232e+01,    5.1039999723e-01,    3.9987900853e-01,
    5.1149898767e-01,   -4.1098099202e-02,    5.1149898767e-01,    4.8217899323e+01,    5.1149898767e-01,    1.4162499905e+00,
    5.1260000467e-01,    3.1561501324e-02,    5.1260000467e-01,    5.4172401428e+01,    5.1260000467e-01,   -1.3046699762e+00,
    5.1370000839e-01,    6.8956896663e-02,    5.1370000839e-01,    5.3583000183e+01,    5.1370000839e-01,    3.5546800494e-01,
    5.1479899883e-01,   -9.0049803257e-03,    5.1479899883e-01,    4.7743698120e+01,    5.1479899883e-01,    8.9966297150e-01,
    5.1589900255e-01,    7.1032598615e-02,    5.1589900255e-01,    5.3445899963e+01,    5.1589900255e-01,   -5.1267099380e-01,
    5.1699900627e-01,    9.2545501888e-02,    5.1699900627e-01,    5.4907600403e+01,    5.1699900627e-01,    7.6309397817e-02,
    5.1810002327e-01,   -6.9540001452e-02,    5.1810002327e-01,    4.8060600281e+01,    5.1810002327e-01,    4.5509600639e-01,
    5.1920002699e-01,    8.3686396480e-02,    5.1920002699e-01,    5.1725498199e+01,    5.1920002699e-01,    4.1664299369e-01,
    5.2029997110e-01,    8.1807598472e-02,    5.2029997110e-01,    5.4613098145e+01,    5.2029997110e-01,   -6.4104497433e-01,
    5.2139902115e-01,   -2.2844199091e-02,    5.2139902115e-01,    4.9906299591e+01,    5.2139902115e-01,    5.8595597744e-01,
    5.2249902487e-01,    4.7060001642e-02,    5.2249902487e-01,    4.9284301758e+01,    5.2249902487e-01,    9.2066198587e-01,
    5.2359902859e-01,    3.7762999535e-02,    5.2359902859e-01,    5.4176998138e+01,    5.2359902859e-01,   -1.3115999699e+00,
    5.2469897270e-01,    4.1155401617e-02,    5.2469897270e-01,    5.2266899109e+01,    5.2469897270e-01,    6.4034700394e-01,
    5.2579998970e-01,    4.9675898626e-03,    5.2579998970e-01,    4.7905700684e+01,    5.2579998970e-01,    8.9548099041e-01,
    5.2689898014e-01,    4.2792201042e-02,    5.2689898014e-01,    5.4771999359e+01,    5.2689898014e-01,   -1.1987099648e+00,
    5.2799999714e-01,    5.4893199354e-02,    5.2799999714e-01,    5.4519298553e+01,    5.2799999714e-01,    6.4029401541e-01,
    5.2909898758e-01,   -2.4661099538e-02,    5.2909898758e-01,    4.7540500641e+01,    5.2909898758e-01,    2.9218599200e-01,
    5.3020000458e-01,    5.2576500922e-02,    5.3020000458e-01,    5.3871101379e+01,    5.3020000458e-01,   -5.9713101387e-01,
    5.3130000830e-01,    1.2097699940e-01,    5.3130000830e-01,    5.5172798157e+01,    5.3130000830e-01,    2.2859999537e-01,
    5.3239899874e-01,   -3.6676298827e-02,    5.3239899874e-01,    4.7643699646e+01,    5.3239899874e-01,    2.1382600069e-01,
    5.3349900246e-01,    9.0424001217e-02,    5.3349900246e-01,    5.1636299133e+01,    5.3349900246e-01,    1.5421199799e-01,
    5.3460001945e-01,    1.1617700011e-01,    5.3460001945e-01,    5.4584999084e+01,    5.3460001945e-01,   -5.6730097532e-01,
    5.3569900990e-01,   -2.8026599437e-02,    5.3569900990e-01,    5.0585098267e+01,    5.3569900990e-01,    4.4471698999e-01,
    5.3680002689e-01,    4.6369500458e-02,    5.3680002689e-01,    4.9964099884e+01,    5.3680002689e-01,    5.6308901310e-01,
    5.3789997101e-01,    1.0042399913e-01,    5.3789997101e-01,    5.5483398438e+01,    5.3789997101e-01,   -9.6524399519e-01,
    5.3899997473e-01,    6.0748800635e-02,    5.3899997473e-01,    5.2716701508e+01,    5.3899997473e-01,    6.8840199709e-01,
    5.4009997845e-01,   -4.4626500458e-02,    5.4009997845e-01,    4.8081199646e+01,    5.4009997845e-01,    3.7648698688e-01,
    5.4119902849e-01,    9.2812202871e-02,    5.4119902849e-01,    5.5368099213e+01,    5.4119902849e-01,   -9.3840897083e-01,
    5.4229998589e-01,    1.6841700673e-01,    5.4229998589e-01,    5.4786499023e+01,    5.4229998589e-01,    6.6453397274e-01,
    5.4339897633e-01,   -8.6117699742e-02,    5.4339897633e-01,    4.7163501740e+01,    5.4339897633e-01,   -3.1013900414e-02,
    5.4449898005e-01,    4.0673099458e-02,    5.4449898005e-01,    5.4205200195e+01,    5.4449898005e-01,   -5.8105701208e-01,
    5.4559898376e-01,    2.3999899626e-01,    5.4559898376e-01,    5.5345298767e+01,    5.4559898376e-01,    2.6106899977e-01,
    5.4669898748e-01,   -1.8907299265e-02,    5.4669898748e-01,    4.8236099243e+01,    5.4669898748e-01,   -5.6418098509e-02,
    5.4780000448e-01,   -1.1573000252e-01,    5.4780000448e-01,    5.3071998596e+01,    5.4780000448e-01,   -7.4898198247e-02,
    5.4890000820e-01,    2.8980299830e-01,    5.4890000820e-01,    5.5938999176e+01,    5.4890000820e-01,   -3.1748199463e-01,
    5.4999899864e-01,    1.1372999847e-01,    5.4999899864e-01,    5.0469501495e+01,    5.4999899864e-01,    2.9188498855e-01,
    5.5109900236e-01,   -1.8270699680e-01,    5.5109900236e-01,    5.0005798340e+01,    5.5109900236e-01,    1.5275999904e-02,
    5.5220001936e-01,    1.7223699391e-01,    5.5220001936e-01,    5.4905399323e+01,    5.5220001936e-01,   -6.7415797710e-01,
    5.5329900980e-01,    3.1642198563e-01,    5.5329900980e-01,    5.2189701080e+01,    5.5329900980e-01,    5.6685900688e-01,
    5.5439901352e-01,   -1.8225499988e-01,    5.5439901352e-01,    4.8036300659e+01,    5.5439901352e-01,   -1.0220599920e-01,
    5.5549901724e-01,    3.5874299705e-02,    5.5549901724e-01,    5.5324699402e+01,    5.5549901724e-01,   -6.5756201744e-01,
    5.5659902096e-01,    3.9960300922e-01,    5.5659902096e-01,    5.4361900330e+01,    5.5659902096e-01,    5.5730199814e-01,
    5.5769902468e-01,   -8.9279897511e-02,    5.5769902468e-01,    4.6867500305e+01,    5.5769902468e-01,   -2.1985900402e-01,
    5.5879902840e-01,   -7.7866002917e-02,    5.5879902840e-01,    5.4594600677e+01,    5.5879902840e-01,   -5.3211700916e-01,
    5.5989897251e-01,    4.1072499752e-01,    5.5989897251e-01,    5.5157901764e+01,    5.5989897251e-01,    2.2230599821e-01,
    5.6099897623e-01,    3.1613599509e-02,    5.6099897623e-01,    4.6876800537e+01,    5.6099897623e-01,   -1.2952899933e-01,
    5.6209999323e-01,   -2.1344700456e-01,    5.6209999323e-01,    5.2293998718e+01,    5.6209999323e-01,   -2.0487299562e-01,
    5.6319898367e-01,    3.9362800121e-01,    5.6319898367e-01,    5.4529098511e+01,    5.6319898367e-01,   -2.7066199109e-02,
    5.6429898739e-01,    1.6157099605e-01,    5.6429898739e-01,    4.9223800659e+01,    5.6429898739e-01,    9.4373099506e-02,
    5.6539899111e-01,   -2.3628300428e-01,    5.6539899111e-01,    5.0407199860e+01,    5.6539899111e-01,   -1.8368199468e-01,
    5.6649899483e-01,    2.3769900203e-01,    5.6649899483e-01,    5.5006301880e+01,    5.6649899483e-01,   -2.4473699927e-01,
    5.6760001183e-01,    3.1824201345e-01,    5.6760001183e-01,    5.1718399048e+01,    5.6760001183e-01,    3.8093701005e-01,
    5.6869900227e-01,   -1.9014599919e-01,    5.6869900227e-01,    4.8223300934e+01,    5.6869900227e-01,   -2.3760999739e-01,
    5.6980001926e-01,    7.0040501654e-02,    5.6980001926e-01,    5.5157600403e+01,    5.6980001926e-01,   -3.9789399505e-01,
    5.7090002298e-01,    4.8171299696e-01,    5.7090002298e-01,    5.3857799530e+01,    5.7090002298e-01,    2.9434901476e-01,
    5.7200002670e-01,   -1.6211999953e-01,    5.7200002670e-01,    4.6058101654e+01,    5.7200002670e-01,   -2.2166900337e-01,
    5.7309997082e-01,   -8.5702396929e-02,    5.7309997082e-01,    5.4424301147e+01,    5.7309997082e-01,   -3.3924800158e-01,
    5.7419902086e-01,    4.8146399856e-01,    5.7419902086e-01,    5.4651298523e+01,    5.7419902086e-01,    1.9724600017e-01,
    5.7529902458e-01,    1.3458699919e-02,    5.7529902458e-01,    4.6590301514e+01,    5.7529902458e-01,   -1.7755700648e-01,
    5.7639902830e-01,   -2.5322300196e-01,    5.7639902830e-01,    5.3287700653e+01,    5.7639902830e-01,   -2.4831399322e-01,
    5.7749897242e-01,    4.2202898860e-01,    5.7749897242e-01,    5.5397899628e+01,    5.7749897242e-01,    1.0666099936e-01,
    5.7859897614e-01,    1.7969100177e-01,    5.7859897614e-01,    4.8220699310e+01,    5.7859897614e-01,   -1.1220200360e-01,
    5.7969999313e-01,   -3.4199601412e-01,    5.7969999313e-01,    5.0868301392e+01,    5.7969999313e-01,   -3.3132401109e-01,
    5.8079999685e-01,    3.1196099520e-01,    5.8079999685e-01,    5.4511901855e+01,    5.8079999685e-01,   -3.8463000208e-02,
    5.8189898729e-01,    3.4335500002e-01,    5.8189898729e-01,    5.0710399628e+01,    5.8189898729e-01,    7.8704198822e-03,
    5.8299899101e-01,   -3.1161001325e-01,    5.8299899101e-01,    4.8179401398e+01,    5.8299899101e-01,   -3.5108599067e-01,
    5.8409899473e-01,    2.2236399353e-02,    5.8409899473e-01,    5.4894100189e+01,    5.8409899473e-01,   -2.0253500342e-01,
    5.8519899845e-01,    4.4859600067e-01,    5.8519899845e-01,    5.3062099457e+01,    5.8519899845e-01,    3.4621901810e-02,
    5.8629900217e-01,   -1.6828499734e-01,    5.8629900217e-01,    4.6722400665e+01,    5.8629900217e-01,   -3.9272999763e-01,
    5.8739900589e-01,   -1.7003899813e-01,    5.8739900589e-01,    5.5556098938e+01,    5.8739900589e-01,   -2.9837301373e-01,
    5.8850002289e-01,    3.6211499572e-01,    5.8850002289e-01,    5.5281898499e+01,    5.8850002289e-01,    2.6348300278e-02,
    5.8960002661e-01,    5.9884898365e-02,    5.8960002661e-01,    4.5466899872e+01,    5.8960002661e-01,   -3.0304500461e-01,
    5.9069997072e-01,   -2.9510200024e-01,    5.9069997072e-01,    5.3370998383e+01,    5.9069997072e-01,   -2.6789599657e-01,
    5.9179902077e-01,    2.3810499907e-01,    5.9179902077e-01,    5.4422000885e+01,    5.9179902077e-01,    1.5953999758e-01,
    5.9289902449e-01,    1.8346300721e-01,    5.9289902449e-01,    4.7179901123e+01,    5.9289902449e-01,   -2.3557899892e-01,
    5.9399902821e-01,   -3.1160300970e-01,    5.9399902821e-01,    5.1561298370e+01,    5.9399902821e-01,   -4.0700399876e-01,
    5.9509897232e-01,    1.1456000060e-01,    5.9509897232e-01,    5.4587898254e+01,    5.9509897232e-01,    1.5627199411e-01,
    5.9619998932e-01,    1.8453599513e-01,    5.9619998932e-01,    5.0080398560e+01,    5.9619998932e-01,   -1.7735299468e-01,
    5.9729897976e-01,   -1.6610500216e-01,    5.9729897976e-01,    4.8915798187e+01,    5.9729897976e-01,   -4.3029999733e-01,
    5.9839898348e-01,   -4.0795501322e-02,    5.9839898348e-01,    5.4772399902e+01,    5.9839898348e-01,    3.6173101515e-02,
    5.9949898720e-01,    1.6578599811e-01,    5.9949898720e-01,    5.1649700165e+01,    5.9949898720e-01,   -1.1046399921e-01,
    6.0060000420e-01,   -4.1915499605e-03,    6.0060000420e-01,    4.5942298889e+01,    6.0060000420e-01,   -4.4379299879e-01,
    6.0170000792e-01,   -9.5021501184e-02,    6.0170000792e-01,    5.4222499847e+01,    6.0170000792e-01,   -9.5059998333e-02,
    6.0279899836e-01,    2.9473500326e-02,    6.0279899836e-01,    5.3696098328e+01,    6.0279899836e-01,    3.4450300038e-02,
    6.0389900208e-01,    1.0830099881e-01,    6.0389900208e-01,    4.4648300171e+01,    6.0389900208e-01,   -3.7708199024e-01,
    6.0500001907e-01,   -5.1466900855e-02,    6.0500001907e-01,    5.3964500427e+01,    6.0500001907e-01,   -2.3069100082e-01,
    6.0609900951e-01,   -1.0307600349e-01,    6.0609900951e-01,    5.4430801392e+01,    6.0609900951e-01,    1.9459900260e-01,
    6.0719901323e-01,    8.7692096829e-02,    6.0719901323e-01,    4.6262298584e+01,    6.0719901323e-01,   -3.3629098535e-01,
    6.0829997063e-01,    7.0705302060e-02,    6.0829997063e-01,    5.2469001770e+01,    6.0829997063e-01,   -2.1309000254e-01,
    6.0939902067e-01,   -1.5229299664e-01,    6.0939902067e-01,    5.4057998657e+01,    6.0939902067e-01,    3.3122900128e-01,
    6.1049902439e-01,   -1.1656600051e-02,    6.1049902439e-01,    4.8303199768e+01,    6.1049902439e-01,   -3.1620600820e-01,
    6.1159902811e-01,    2.4397599697e-01,    6.1159902811e-01,    4.9162101746e+01,    6.1159902811e-01,   -2.9374501109e-01,
    6.1269998550e-01,   -1.1767300218e-01,    6.1269998550e-01,    5.3570800781e+01,    6.1269998550e-01,    2.0728300512e-01,
    6.1379998922e-01,   -2.7120700479e-01,    6.1379998922e-01,    5.0602600098e+01,    6.1379998922e-01,   -1.9066399336e-01,
    6.1489897966e-01,    3.1818300486e-01,    6.1489897966e-01,    4.7064601898e+01,    6.1489897966e-01,   -4.5820501447e-01,
    6.1599898338e-01,    9.4485200942e-02,    6.1599898338e-01,    5.4695899963e+01,    6.1599898338e-01,    1.4504699409e-01,
    6.1710000038e-01,   -5.0235402584e-01,    6.1710000038e-01,    5.3341598511e+01,    6.1710000038e-01,   -1.3241100311e-01,
    6.1820000410e-01,    2.6332598925e-01,    6.1820000410e-01,    4.4293498993e+01,    6.1820000410e-01,   -4.6184599400e-01,
    6.1929899454e-01,    3.2419100404e-01,    6.1929899454e-01,    5.4085399628e+01,    6.1929899454e-01,   -1.2838700414e-01,
    6.2039899826e-01,   -5.2663302422e-01,    6.2039899826e-01,    5.3295600891e+01,    6.2039899826e-01,   -8.8991702069e-04,
    6.2150001526e-01,   -2.7818900999e-03,    6.2150001526e-01,    4.4482398987e+01,    6.2150001526e-01,   -4.2737600207e-01,
    6.2259900570e-01,    5.3220802546e-01,    6.2259900570e-01,    5.2472599030e+01,    6.2259900570e-01,   -3.5635599494e-01,
    6.2369900942e-01,   -4.2282098532e-01,    6.2369900942e-01,    5.3662998199e+01,    6.2369900942e-01,    1.3517999649e-01,
    6.2480002642e-01,   -2.1515600383e-01,    6.2480002642e-01,    4.7511398315e+01,    6.2480002642e-01,   -4.4926598668e-01,
    6.2589901686e-01,    6.8336898088e-01,    6.2589901686e-01,    5.1273700714e+01,    6.2589901686e-01,   -3.7166899443e-01,
    6.2699997425e-01,   -2.3804800212e-01,    6.2699997425e-01,    5.4427700043e+01,    6.2699997425e-01,    2.8601598740e-01,
    6.2809997797e-01,   -4.9913701415e-01,    6.2809997797e-01,    5.0205898285e+01,    6.2809997797e-01,   -3.8580599427e-01,
    6.2919998169e-01,    7.5611197948e-01,    6.2919998169e-01,    4.8430801392e+01,    6.2919998169e-01,   -3.2579898834e-01,
    6.3029998541e-01,    1.0948400199e-01,    6.3029998541e-01,    5.4258098602e+01,    6.3029998541e-01,    2.9665601254e-01,
    6.3139998913e-01,   -7.4122297764e-01,    6.3139998913e-01,    5.2111999512e+01,    6.3139998913e-01,   -1.8291300535e-01,
    6.3249999285e-01,    5.3732597828e-01,    6.3249999285e-01,    4.5623100281e+01,    6.3249999285e-01,   -3.5217800736e-01,
    6.3359898329e-01,    5.3915399313e-01,    6.3359898329e-01,    5.5050201416e+01,    6.3359898329e-01,    1.6201500595e-01,
    6.3470000029e-01,   -7.3217999935e-01,    6.3470000029e-01,    5.4337398529e+01,    6.3470000029e-01,    3.0590200797e-02,
    6.3579899073e-01,    1.6606600583e-01,    6.3579899073e-01,    4.4506500244e+01,    6.3579899073e-01,   -4.2555001378e-01,
    6.3690000772e-01,    9.1746801138e-01,    6.3690000772e-01,    5.4360099792e+01,    6.3690000772e-01,   -1.3005000353e-01,
    6.3799899817e-01,   -6.8806499243e-01,    6.3799899817e-01,    5.3939201355e+01,    6.3799899817e-01,    1.3086199760e-01,
    6.3910001516e-01,   -1.3368199766e-01,    6.3910001516e-01,    4.5134998322e+01,    6.3910001516e-01,   -3.6609798670e-01,
    6.4019900560e-01,    1.1873300076e+00,    6.4019900560e-01,    5.1469699860e+01,    6.4019900560e-01,   -2.3131400347e-01,
    6.4129900932e-01,   -4.3982499838e-01,    6.4129900932e-01,    5.2507900238e+01,    6.4129900932e-01,    2.2074800730e-01,
    6.4239901304e-01,   -5.3687500954e-01,    6.4239901304e-01,    4.7483501434e+01,    6.4239901304e-01,   -4.6838900447e-01,
    6.4349901676e-01,    1.2404199839e+00,    6.4349901676e-01,    4.8752700806e+01,    6.4349901676e-01,   -2.5050199032e-01,
    6.4459997416e-01,    8.3129897714e-02,    6.4459997416e-01,    5.2908599854e+01,    6.4459997416e-01,    2.7586001158e-01,
    6.4569997787e-01,   -8.9151597023e-01,    6.4569997787e-01,    4.9293098450e+01,    6.4569997787e-01,   -2.8174000978e-01,
    6.4679902792e-01,    9.9718701839e-01,    6.4679902792e-01,    4.6015300751e+01,    6.4679902792e-01,   -2.9980999231e-01,
    6.4789998531e-01,    6.0781502724e-01,    6.4789998531e-01,    5.4208499908e+01,    6.4789998531e-01,    1.6301600635e-01,
    6.4899998903e-01,   -1.1272200346e+00,    6.4899998903e-01,    5.2333198547e+01,    6.4899998903e-01,   -1.2468200177e-01,
    6.5009999275e-01,    7.2772198915e-01,    6.5009999275e-01,    4.3267101288e+01,    6.5009999275e-01,   -3.4828001261e-01,
    6.5119999647e-01,    1.2272599936e+00,    6.5119999647e-01,    5.4053600311e+01,    6.5119999647e-01,   -1.4445199631e-02,
    6.5229898691e-01,   -9.7174501419e-01,    6.5229898691e-01,    5.2733398438e+01,    6.5229898691e-01,   -7.3118498549e-03,
    6.5340000391e-01,    3.3262901008e-02,    6.5340000391e-01,    4.4552700043e+01,    6.5340000391e-01,   -3.8091701269e-01,
    6.5449899435e-01,    1.5846699476e+00,    6.5449899435e-01,    5.3421798706e+01,    6.5449899435e-01,   -4.8749800771e-02,
    6.5559899807e-01,   -7.4902099371e-01,    6.5559899807e-01,    5.3802700043e+01,    6.5559899807e-01,    4.2321700603e-02,
    6.5670001507e-01,   -5.2057498693e-01,    6.5670001507e-01,    4.6173599243e+01,    6.5670001507e-01,   -3.9174801111e-01,
    6.5779900551e-01,    1.7871999741e+00,    6.5779900551e-01,    5.1374298096e+01,    6.5779900551e-01,   -9.7476199269e-02,
    6.5889900923e-01,   -3.5452198982e-01,    6.5889900923e-01,    5.2966098785e+01,    6.5889900923e-01,    1.1187499762e-01,
    6.5999901295e-01,   -9.9727398157e-01,    6.5999901295e-01,    4.8367500305e+01,    6.5999901295e-01,   -3.8730299473e-01,
    6.6109997034e-01,    1.5749399662e+00,    6.6109997034e-01,    4.7850101471e+01,    6.6109997034e-01,   -3.1060901284e-01,
    6.6219997406e-01,    3.9418900013e-01,    6.6219997406e-01,    5.3454200745e+01,    6.6219997406e-01,    9.6062496305e-02,
    6.6329902411e-01,   -1.4278700352e+00,    6.6329902411e-01,    5.0058799744e+01,    6.6329902411e-01,   -3.0528798699e-01,
    6.6439998150e-01,    1.1044600010e+00,    6.6439998150e-01,    4.5367599487e+01,    6.6439998150e-01,   -2.6279100776e-01,
    6.6549897194e-01,    1.1180100441e+00,    6.6549897194e-01,    5.5197898865e+01,    6.6549897194e-01,    3.2693899702e-03,
    6.6659998894e-01,   -1.5656100512e+00,    6.6659998894e-01,    5.2944000244e+01,    6.6659998894e-01,   -1.8437999487e-01,
    6.6769999266e-01,    6.7485201359e-01,    6.6769999266e-01,    4.2911399841e+01,    6.6769999266e-01,   -1.5590399504e-01,
    6.6879898310e-01,    1.8460299969e+00,    6.6879898310e-01,    5.3923301697e+01,    6.6879898310e-01,   -1.9154500216e-02,
    6.6989898682e-01,   -1.3407900333e+00,    6.6989898682e-01,    5.1883701324e+01,    6.6989898682e-01,    2.2846600041e-02,
    6.7100000381e-01,   -1.2671799958e-01,    6.7100000381e-01,    4.4872798920e+01,    6.7100000381e-01,   -2.5225800276e-01,
    6.7209899426e-01,    2.1755900383e+00,    6.7209899426e-01,    5.2050498962e+01,    6.7209899426e-01,    3.1235599890e-03,
    6.7319899797e-01,   -8.6384302378e-01,    6.7319899797e-01,    5.3096900940e+01,    6.7319899797e-01,    1.7406199872e-01,
    6.7429900169e-01,   -8.0575400591e-01,    6.7429900169e-01,    4.6882801056e+01,    6.7429900169e-01,   -3.0603098869e-01,
    6.7540001869e-01,    2.2116999626e+00,    6.7540001869e-01,    5.0868999481e+01,    6.7540001869e-01,    7.6922096312e-02,
    6.7650002241e-01,   -1.7994700372e-01,    6.7650002241e-01,    5.3960098267e+01,    6.7650002241e-01,    1.5985900164e-01,
    6.7759901285e-01,   -1.4217599630e+00,    6.7759901285e-01,    4.8583698273e+01,    6.7759901285e-01,   -1.9092200696e-01,
    6.7869997025e-01,    1.9121500254e+00,    6.7869997025e-01,    4.6763900757e+01,    6.7869997025e-01,   -4.5048899949e-02,
    6.7979902029e-01,    5.1273697615e-01,    6.7979902029e-01,    5.3276500702e+01,    6.7979902029e-01,    1.2008299679e-01,
    6.8089902401e-01,   -1.8563599586e+00,    6.8089902401e-01,    5.0149299622e+01,    6.8089902401e-01,    2.0036099479e-02,
    6.8199902773e-01,    1.2654000521e+00,    6.8199902773e-01,    4.4256698608e+01,    6.8199902773e-01,   -1.3426899910e-01,
    6.8309897184e-01,    1.4584399462e+00,    6.8309897184e-01,    5.4707901001e+01,    6.8309897184e-01,    8.3623200655e-02,
    6.8419998884e-01,   -1.9673700333e+00,    6.8419998884e-01,    5.2246101379e+01,    6.8419998884e-01,    9.9121302366e-02,
    6.8529897928e-01,    4.4720399380e-01,    6.8529897928e-01,    4.2983001709e+01,    6.8529897928e-01,   -1.8310199678e-01,
    6.8639999628e-01,    2.1767699718e+00,    6.8639999628e-01,    5.3671298981e+01,    6.8639999628e-01,    5.0518099219e-02,
    6.8749898672e-01,   -1.7361199856e+00,    6.8749898672e-01,    5.1762001038e+01,    6.8749898672e-01,    1.5358799696e-01,
    6.8860000372e-01,   -3.6950498819e-01,    6.8860000372e-01,    4.4550899506e+01,    6.8860000372e-01,   -1.7157499492e-01,
    6.8969899416e-01,    2.5147800446e+00,    6.8969899416e-01,    5.1261901855e+01,    6.8969899416e-01,    1.1144900322e-01,
    6.9079899788e-01,   -1.0201699734e+00,    6.9079899788e-01,    5.1692501068e+01,    6.9079899788e-01,    1.2337599695e-01,
    6.9189900160e-01,   -1.1782399416e+00,    6.9189900160e-01,    4.6063598633e+01,    6.9189900160e-01,   -9.2634402215e-02,
    6.9299900532e-01,    2.5738699436e+00,    6.9299900532e-01,    4.9930801392e+01,    6.9299900532e-01,   -5.3888498805e-03,
    6.9409900904e-01,   -1.5358600020e-01,    6.9409900904e-01,    5.3256599426e+01,    6.9409900904e-01,   -2.6025399566e-02,
    6.9519901276e-01,   -1.9263299704e+00,    6.9519901276e-01,    4.9196098328e+01,    6.9519901276e-01,    9.8035195842e-03,
    6.9630002975e-01,    2.0559198856e+00,    6.9630002975e-01,    4.6640701294e+01,    6.9630002975e-01,   -1.1460299790e-01,
    6.9739997387e-01,    8.2955801487e-01,    6.9739997387e-01,    5.4691398621e+01,    6.9739997387e-01,    8.4708102047e-02,
    6.9849902391e-01,   -2.4688200951e+00,    6.9849902391e-01,    5.1130298615e+01,    6.9849902391e-01,    6.7325197160e-02,
    6.9959902763e-01,    1.2923699617e+00,    6.9959902763e-01,    4.3843200684e+01,    6.9959902763e-01,   -1.6042399406e-01,
    7.0069897175e-01,    2.1031401157e+00,    7.0069897175e-01,    5.4899799347e+01,    7.0069897175e-01,    9.7664996982e-02,
    7.0179998875e-01,   -2.2144200802e+00,    7.0179998875e-01,    5.2217399597e+01,    7.0179998875e-01,    1.5533000231e-01,
    7.0289897919e-01,    1.9068500400e-01,    7.0289897919e-01,    4.3624500275e+01,    7.0289897919e-01,   -1.2363599986e-01,
    7.0399898291e-01,    2.6210699081e+00,    7.0399898291e-01,    5.3670299530e+01,    7.0399898291e-01,    5.5580798537e-02,
    7.0509898663e-01,   -1.8146500587e+00,    7.0509898663e-01,    5.2746601105e+01,    7.0509898663e-01,    1.5834200382e-01,
    7.0620000362e-01,   -6.7486298084e-01,    7.0620000362e-01,    4.5168498993e+01,    7.0620000362e-01,   -5.5053599179e-02,
    7.0730000734e-01,    3.0899600983e+00,    7.0730000734e-01,    5.2467700958e+01,    7.0730000734e-01,    1.0929399729e-01,
    7.0839899778e-01,   -9.5509302616e-01,    7.0839899778e-01,    5.2867801666e+01,    7.0839899778e-01,    5.8487799019e-02,
    7.0950001478e-01,   -1.7073800564e+00,    7.0950001478e-01,    4.6917598724e+01,    7.0950001478e-01,    1.2440499850e-02,
    7.1060001850e-01,    3.0035800934e+00,    7.1060001850e-01,    4.9466400146e+01,    7.1060001850e-01,    5.8343999088e-02,
    7.1170002222e-01,    2.9101699591e-02,    7.1170002222e-01,    5.2944599152e+01,    7.1170002222e-01,    5.5002201349e-02,
    7.1280002594e-01,   -2.3278799057e+00,    7.1280002594e-01,    4.9819999695e+01,    7.1280002594e-01,    1.1659400165e-01,
    7.1390002966e-01,    2.2132298946e+00,    7.1390002966e-01,    4.5630401611e+01,    7.1390002966e-01,   -1.6320300102e-01,
    7.1499902010e-01,    1.5246100426e+00,    7.1499902010e-01,    5.4848499298e+01,    7.1499902010e-01,    1.3382099569e-01,
    7.1609902382e-01,   -2.7545399666e+00,    7.1609902382e-01,    5.1543300629e+01,    7.1609902382e-01,    1.8419200182e-01,
    7.1719998121e-01,    1.3154799938e+00,    7.1719998121e-01,    4.3295200348e+01,    7.1719998121e-01,   -7.5697697699e-02,
    7.1829998493e-01,    2.8191099167e+00,    7.1829998493e-01,    5.4805400848e+01,    7.1829998493e-01,    1.0089900345e-01,
    7.1939897537e-01,   -2.4170498848e+00,    7.1939897537e-01,    5.2265701294e+01,    7.1939897537e-01,    1.3309200108e-01,
    7.2049897909e-01,   -3.3873501420e-01,    7.2049897909e-01,    4.3182998657e+01,    7.2049897909e-01,   -2.6467800140e-02,
    7.2159898281e-01,    3.7518000603e+00,    7.2159898281e-01,    5.3936401367e+01,    7.2159898281e-01,    1.1630299687e-01,
    7.2269898653e-01,   -1.7762900591e+00,    7.2269898653e-01,    5.1480598450e+01,    7.2269898653e-01,    9.0552102774e-03,
    7.2379899025e-01,   -1.4966700077e+00,    7.2379899025e-01,    4.4917999268e+01,    7.2379899025e-01,    4.1271500289e-02,
    7.2489899397e-01,    4.3105101585e+00,    7.2489899397e-01,    5.2167900085e+01,    7.2489899397e-01,   -1.0965699703e-01,
    7.2600001097e-01,   -6.9565099478e-01,    7.2600001097e-01,    5.1627498627e+01,    7.2600001097e-01,   -1.0020099580e-02,
    7.2710001469e-01,   -2.3091800213e+00,    7.2710001469e-01,    4.7645198822e+01,    7.2710001469e-01,    1.1123599857e-01,
    7.2819900513e-01,    4.0058398247e+00,    7.2819900513e-01,    4.8113399506e+01,    7.2819900513e-01,   -1.0288699716e-01,
    7.2930002213e-01,    9.0407299995e-01,    7.2930002213e-01,    5.3341800690e+01,    7.2930002213e-01,    5.2461899817e-02,
    7.3039901257e-01,   -3.2135100365e+00,    7.3039901257e-01,    5.0015598297e+01,    7.3039901257e-01,    4.8565100878e-02,
    7.3149901628e-01,    2.6818299294e+00,    7.3149901628e-01,    4.4304100037e+01,    7.3149901628e-01,   -1.4128600061e-01,
    7.3259902000e-01,    3.0481901169e+00,    7.3259902000e-01,    5.5123500824e+01,    7.3259902000e-01,    6.2477398664e-02,
    7.3369902372e-01,   -3.3107199669e+00,    7.3369902372e-01,    5.1436599731e+01,    7.3369902372e-01,    2.8993800282e-02,
    7.3479902744e-01,    7.9602801800e-01,    7.3479902744e-01,    4.3341201782e+01,    7.3479902744e-01,   -1.7866799608e-02,
    7.3589998484e-01,    4.7857799530e+00,    7.3589998484e-01,    5.6018398285e+01,    7.3589998484e-01,    2.5007199496e-02,
    7.3699998856e-01,   -2.8897099495e+00,    7.3699998856e-01,    5.2119201660e+01,    7.3699998856e-01,   -3.4076601267e-02,
    7.3809897900e-01,   -1.3730100393e+00,    7.3809897900e-01,    4.3783699036e+01,    7.3809897900e-01,    7.5608701445e-03,
    7.3919898272e-01,    6.4752001762e+00,    7.3919898272e-01,    5.5091701508e+01,    7.3919898272e-01,    7.3011800647e-02,
    7.4029999971e-01,   -2.1115601063e+00,    7.4029999971e-01,    5.1345298767e+01,    7.4029999971e-01,    1.0129900277e-01,
    7.4140000343e-01,   -2.9568901062e+00,    7.4140000343e-01,    4.6959701538e+01,    7.4140000343e-01,   -3.2841600478e-02,
    7.4249899387e-01,    7.0714898109e+00,    7.4249899387e-01,    5.2077800751e+01,    7.4249899387e-01,   -1.6952300211e-03,
    7.4359899759e-01,   -8.0525201559e-01,    7.4359899759e-01,    5.2855598450e+01,    7.4359899759e-01,    1.8152900040e-01,
    7.4469900131e-01,   -4.5488700867e+00,    7.4469900131e-01,    5.0112701416e+01,    7.4469900131e-01,    6.5784700215e-02,
    7.4579900503e-01,    5.2791399956e+00,    7.4579900503e-01,    4.7868499756e+01,    7.4579900503e-01,    8.7856799364e-02,
    7.4689900875e-01,    2.5473599434e+00,    7.4689900875e-01,    5.5626499176e+01,    7.4689900875e-01,    1.5248900652e-01,
    7.4799901247e-01,   -5.9438099861e+00,    7.4799901247e-01,    5.1552200317e+01,    7.4799901247e-01,   -7.5353300199e-03,
    7.4909901619e-01,    3.4593100548e+00,    7.4909901619e-01,    4.4567298889e+01,    7.4909901619e-01,    1.0147300363e-01,
    7.5019901991e-01,    5.0803399086e+00,    7.5019901991e-01,    5.6749198914e+01,    7.5019901991e-01,    1.7085100710e-01,
    7.5129997730e-01,   -5.6682901382e+00,    7.5129997730e-01,    5.1868698120e+01,    7.5129997730e-01,    1.2557899579e-02,
    7.5239902735e-01,    2.1250399947e-01,    7.5239902735e-01,    4.4392601013e+01,    7.5239902735e-01,    4.0952200070e-03,
    7.5349897146e-01,    7.8018999100e+00,    7.5349897146e-01,    5.7771400452e+01,    7.5349897146e-01,    5.5671099573e-02,
    7.5459998846e-01,   -4.6340198517e+00,    7.5459998846e-01,    5.2192199707e+01,    7.5459998846e-01,    1.2334900349e-01,
    7.5569897890e-01,   -2.8869800568e+00,    7.5569897890e-01,    4.6275699615e+01,    7.5569897890e-01,    4.6738199890e-02,
    7.5679999590e-01,    1.0211500168e+01,    7.5679999590e-01,    5.5266601563e+01,    7.5679999590e-01,    1.7632399499e-01,
    7.5789898634e-01,   -3.6159400940e+00,    7.5789898634e-01,    5.2023101807e+01,    7.5789898634e-01,    1.0763700306e-01,
    7.5899899006e-01,   -5.1123299599e+00,    7.5899899006e-01,    4.7727401733e+01,    7.5899899006e-01,   -1.7982700840e-02,
    7.6009899378e-01,    1.0095499992e+01,    7.6009899378e-01,    5.0954799652e+01,    7.6009899378e-01,    7.7570803463e-02,
    7.6120001078e-01,   -6.5428298712e-01,    7.6120001078e-01,    5.3854698181e+01,    7.6120001078e-01,    2.3646499962e-02,
    7.6230001450e-01,   -7.6268301010e+00,    7.6230001450e-01,    5.0045898438e+01,    7.6230001450e-01,    6.0237798840e-02,
    7.6339900494e-01,    7.7112398148e+00,    7.6339900494e-01,    4.7582401276e+01,    7.6339900494e-01,    6.6099300981e-02,
    7.6450002193e-01,    3.9831099510e+00,    7.6450002193e-01,    5.7585399628e+01,    7.6450002193e-01,    8.9071802795e-02,
    7.6559901237e-01,   -9.6496801376e+00,    7.6559901237e-01,    5.1763900757e+01,    7.6559901237e-01,   -2.7747200802e-02,
    7.6669901609e-01,    4.6236701012e+00,    7.6669901609e-01,    4.5146598816e+01,    7.6669901609e-01,   -8.2394301891e-02,
    7.6779901981e-01,    8.0284004211e+00,    7.6779901981e-01,    5.9056900024e+01,    7.6779901981e-01,   -1.1953599751e-01,
    7.6889997721e-01,   -9.0280704498e+00,    7.6889997721e-01,    5.1576198578e+01,    7.6889997721e-01,   -1.0168100148e-01,
    7.6999998093e-01,   -8.8010102510e-01,    7.6999998093e-01,    4.4874298096e+01,    7.6999998093e-01,    7.8064203262e-02,
    7.7109998465e-01,    1.1788299561e+01,    7.7109998465e-01,    5.8458801270e+01,    7.7109998465e-01,   -5.9676598758e-02,
    7.7219998837e-01,   -8.1065797806e+00,    7.7219998837e-01,    5.1221801758e+01,    7.7219998837e-01,   -1.4042499661e-01,
    7.7329897881e-01,   -4.8354001045e+00,    7.7329897881e-01,    4.7214500427e+01,    7.7329897881e-01,    4.2880401015e-02,
    7.7439898252e-01,    1.4776000023e+01,    7.7439898252e-01,    5.5260501862e+01,    7.7439898252e-01,   -2.0215100050e-01,
    7.7549999952e-01,   -6.4092202187e+00,    7.7549999952e-01,    5.3832801819e+01,    7.7549999952e-01,   -1.0419999808e-01,
    7.7660000324e-01,   -9.1163196564e+00,    7.7660000324e-01,    4.8381000519e+01,    7.7660000324e-01,    8.2303203642e-02,
    7.7769899368e-01,    1.3679499626e+01,    7.7769899368e-01,    5.1287799835e+01,    7.7769899368e-01,   -1.6851800680e-01,
    7.7879899740e-01,   -1.7411099672e+00,    7.7879899740e-01,    5.6887699127e+01,    7.7879899740e-01,   -7.3042898439e-03,
    7.7990001440e-01,   -1.3135899544e+01,    7.7990001440e-01,    5.0202098846e+01,    7.7990001440e-01,    1.1347699910e-02,
    7.8100001812e-01,    1.0684200287e+01,    7.8100001812e-01,    4.7555900574e+01,    7.8100001812e-01,   -1.2430900335e-01,
    7.8209900856e-01,    3.9717500210e+00,    7.8209900856e-01,    5.9624000549e+01,    7.8209900856e-01,   -2.6475600898e-02,
    7.8319901228e-01,   -1.4870900154e+01,    7.8319901228e-01,    5.0068500519e+01,    7.8319901228e-01,    7.7859699726e-02,
    7.8429901600e-01,    5.3144397736e+00,    7.8429901600e-01,    4.6318801880e+01,    7.8429901600e-01,   -1.6850899905e-02,
    7.8539997339e-01,    1.0249199867e+01,    7.8539997339e-01,    6.0749198914e+01,    7.8539997339e-01,   -3.5385798663e-02,
    7.8649902344e-01,   -1.4088500023e+01,    7.8649902344e-01,    5.0754901886e+01,    7.8649902344e-01,    1.2457700074e-01,
    7.8759998083e-01,   -1.8984899521e+00,    7.8759998083e-01,    4.5716098785e+01,    7.8759998083e-01,    4.4816199690e-02,
    7.8869998455e-01,    1.6070299149e+01,    7.8869998455e-01,    5.8011901855e+01,    7.8869998455e-01,    5.6520500220e-03,
    7.8979897499e-01,   -1.3325300217e+01,    7.8979897499e-01,    5.1901500702e+01,    7.8979897499e-01,    1.0450699925e-01,
    7.9089999199e-01,   -7.5495400429e+00,    7.9089999199e-01,    4.6668800354e+01,    7.9089999199e-01,    2.3039899766e-02,
    7.9199898243e-01,    1.9437200546e+01,    7.9199898243e-01,    5.3726501465e+01,    7.9199898243e-01,   -3.5285401344e-01,
    7.9309999943e-01,   -9.9116201401e+00,    7.9309999943e-01,    5.4944999695e+01,    7.9309999943e-01,   -1.4419400692e-01,
    7.9420000315e-01,   -1.3816499710e+01,    7.9420000315e-01,    4.7976799011e+01,    7.9420000315e-01,    1.7358300090e-01,
    7.9529899359e-01,    1.8427799225e+01,    7.9529899359e-01,    4.9264801025e+01,    7.9529899359e-01,   -1.3263900578e-01,
    7.9639899731e-01,   -3.4461600780e+00,    7.9639899731e-01,    5.7459800720e+01,    7.9639899731e-01,   -1.2084300071e-01,
    7.9749900103e-01,   -1.8085100174e+01,    7.9749900103e-01,    4.8350399017e+01,    7.9749900103e-01,    4.8924099654e-02,
    7.9859900475e-01,    1.3825200081e+01,    7.9859900475e-01,    4.6938301086e+01,    7.9859900475e-01,   -3.0990799889e-02,
    7.9969900846e-01,    4.7814598083e+00,    7.9969900846e-01,    5.9712200165e+01,    7.9969900846e-01,   -7.4110299349e-02,
    8.0079901218e-01,   -1.9287300110e+01,    8.0079901218e-01,    4.8330200195e+01,    8.0079901218e-01,    1.3903599977e-01,
    8.0190002918e-01,    5.6191201210e+00,    8.0190002918e-01,    4.6143299103e+01,    8.0190002918e-01,   -6.7451298237e-02,
    8.0299997330e-01,    1.4410499573e+01,    8.0299997330e-01,    5.9070800781e+01,    8.0299997330e-01,   -1.2243100256e-01,
    8.0409997702e-01,   -1.9591100693e+01,    8.0409997702e-01,    4.9698101044e+01,    8.0409997702e-01,    1.4289300144e-01,
    8.0519998074e-01,   -2.6225199699e+00,    8.0519998074e-01,    4.6030799866e+01,    8.0519998074e-01,   -5.6753698736e-03,
    8.0629897118e-01,    2.2447999954e+01,    8.0629897118e-01,    5.5219799042e+01,    8.0629897118e-01,   -2.7313798666e-01,
    8.0739998817e-01,   -1.7148399353e+01,    8.0739998817e-01,    5.2546298981e+01,    8.0739998817e-01,    3.6605801433e-02,
    8.0849999189e-01,   -1.0565099716e+01,    8.0849999189e-01,    4.6057498932e+01,    8.0849999189e-01,   -1.0595900007e-02,
    8.0959898233e-01,    2.4063800812e+01,    8.0959898233e-01,    5.0174301147e+01,    8.0959898233e-01,   -2.3706899583e-01,
    8.1069898605e-01,   -1.0930199623e+01,    8.1069898605e-01,    5.5889499664e+01,    8.1069898605e-01,   -2.8232499957e-02,
    8.1180000305e-01,   -1.7724700928e+01,    8.1180000305e-01,    4.6453098297e+01,    8.1180000305e-01,    2.5643600151e-02,
    8.1289899349e-01,    2.1009000778e+01,    8.1289899349e-01,    4.7677200317e+01,    8.1289899349e-01,   -1.0700199753e-01,
    8.1399899721e-01,   -2.1170799732e+00,    8.1399899721e-01,    5.8955101013e+01,    8.1399899721e-01,   -1.4412499964e-01,
    8.1509900093e-01,   -2.2161500931e+01,    8.1509900093e-01,    4.7178398132e+01,    8.1509900093e-01,    7.8053303063e-02,
    8.1619900465e-01,    1.3200799942e+01,    8.1619900465e-01,    4.7266101837e+01,    8.1619900465e-01,   -4.6374600381e-02,
    8.1729900837e-01,    9.4206495285e+00,    8.1729900837e-01,    5.9891700745e+01,    8.1729900837e-01,   -1.9845199585e-01,
    8.1840002537e-01,   -2.4880899429e+01,    8.1840002537e-01,    4.8716400146e+01,    8.1840002537e-01,    1.5154199302e-01,
    8.1949901581e-01,    3.8968598843e+00,    8.1949901581e-01,    4.7057098389e+01,    8.1949901581e-01,   -1.5594799817e-01,
    8.2059901953e-01,    2.0829000473e+01,    8.2059901953e-01,    5.7521198273e+01,    8.2059901953e-01,   -2.8599300981e-01,
    8.2169902325e-01,   -2.3651599884e+01,    8.2169902325e-01,    5.1403598785e+01,    8.2169902325e-01,    1.1011900008e-01,
    8.2279902697e-01,   -5.8064899445e+00,    8.2279902697e-01,    4.7427600861e+01,    8.2279902697e-01,   -1.0067100078e-01,
    8.2389897108e-01,    2.6231599808e+01,    8.2389897108e-01,    5.3137699127e+01,    8.2389897108e-01,   -2.7086600661e-01,
    8.2499998808e-01,   -1.7368299484e+01,    8.2499998808e-01,    5.5389099121e+01,    8.2499998808e-01,    5.9570800513e-02,
    8.2609897852e-01,   -1.5798600197e+01,    8.2609897852e-01,    4.7620800018e+01,    8.2609897852e-01,   -7.9598702490e-02,
    8.2719898224e-01,    2.5754299164e+01,    8.2719898224e-01,    4.9162300110e+01,    8.2719898224e-01,   -2.3631300032e-01,
    8.2829898596e-01,   -7.8484902382e+00,    8.2829898596e-01,    5.8119499207e+01,    8.2829898596e-01,   -6.3257001340e-02,
    8.2939898968e-01,   -2.2032600403e+01,    8.2939898968e-01,    4.6497100830e+01,    8.2939898968e-01,    2.1212499589e-02,
    8.3050000668e-01,    1.9978700638e+01,    8.3050000668e-01,    4.7061698914e+01,    8.3050000668e-01,   -1.4016599953e-01,
    8.3159899712e-01,    3.5410900116e+00,    8.3159899712e-01,    5.9376701355e+01,    8.3159899712e-01,   -2.3841199279e-01,
    8.3270001411e-01,   -2.7238899231e+01,    8.3270001411e-01,    4.6692100525e+01,    8.3270001411e-01,    1.3049800694e-01,
    8.3380001783e-01,    1.0867300034e+01,    8.3380001783e-01,    4.6859699249e+01,    8.3380001783e-01,   -2.4306799471e-01,
    8.3490002155e-01,    1.6134700775e+01,    8.3490002155e-01,    5.8597198486e+01,    8.3490002155e-01,   -2.3773199320e-01,
    8.3599901199e-01,   -2.9213399887e+01,    8.3599901199e-01,    4.9474300385e+01,    8.3599901199e-01,    2.6568898559e-01,
    8.3710002899e-01,    7.0068597794e-01,    8.3710002899e-01,    4.6539100647e+01,    8.3710002899e-01,   -2.1240800619e-01,
    8.3819901943e-01,    2.5007900238e+01,    8.3819901943e-01,    5.4982398987e+01,    8.3819901943e-01,   -1.8263900280e-01,
    8.3929997683e-01,   -2.4468700409e+01,    8.3929997683e-01,    5.3286201477e+01,    8.3929997683e-01,    2.2628200054e-01,
    8.4039902687e-01,   -1.0127699852e+01,    8.4039902687e-01,    4.7425598145e+01,    8.4039902687e-01,   -2.8968499973e-02,
    8.4149897099e-01,    2.7806400299e+01,    8.4149897099e-01,    5.0837600708e+01,    8.4149897099e-01,   -1.9226299599e-02,
    8.4259897470e-01,   -1.4561400414e+01,    8.4259897470e-01,    5.7282501221e+01,    8.4259897470e-01,    1.6185000539e-01,
    8.4369897842e-01,   -2.0214700699e+01,    8.4369897842e-01,    4.7774600983e+01,    8.4369897842e-01,    4.6714600176e-02,
    8.4479999542e-01,    2.4738100052e+01,    8.4479999542e-01,    4.8287601471e+01,    8.4479999542e-01,   -1.1305099726e-01,
    8.4589999914e-01,   -2.0930500031e+00,    8.4589999914e-01,    5.9123600006e+01,    8.4589999914e-01,    2.8118399903e-02,
    8.4699898958e-01,   -2.6799100876e+01,    8.4699898958e-01,    4.6983001709e+01,    8.4699898958e-01,    1.5577900410e-01,
    8.4810000658e-01,    1.6795299530e+01,    8.4810000658e-01,    4.7125900269e+01,    8.4810000658e-01,   -3.5184800625e-02,
    8.4919899702e-01,    1.1446900368e+01,    8.4919899702e-01,    5.8673698425e+01,    8.4919899702e-01,   -1.3825599849e-01,
    8.5030001402e-01,   -3.2021099091e+01,    8.5030001402e-01,    4.7353298187e+01,    8.5030001402e-01,    1.1773700267e-01,
    8.5139900446e-01,    7.1860599518e+00,    8.5139900446e-01,    4.6923999786e+01,    8.5139900446e-01,   -9.5365799963e-02,
    8.5249900818e-01,    2.3132200241e+01,    8.5249900818e-01,    5.5806301117e+01,    8.5249900818e-01,   -1.5326200426e-01,
    8.5360002518e-01,   -3.0882600784e+01,    8.5360002518e-01,    5.1513000488e+01,    8.5360002518e-01,    1.1158499867e-01,
    8.5469901562e-01,   -4.2115402222e+00,    8.5469901562e-01,    4.6911300659e+01,    8.5469901562e-01,   -2.8499500826e-02,
    8.5579901934e-01,    2.8214899063e+01,    8.5579901934e-01,    5.2080101013e+01,    8.5579901934e-01,    5.2661199123e-02,
    8.5689902306e-01,   -2.2202499390e+01,    8.5689902306e-01,    5.5804298401e+01,    8.5689902306e-01,    1.4083099365e-01,
    8.5799902678e-01,   -1.6115800858e+01,    8.5799902678e-01,    4.7374599457e+01,    8.5799902678e-01,    1.7989200354e-01,
    8.5909998417e-01,    2.7890499115e+01,    8.5909998417e-01,    4.9011398315e+01,    8.5909998417e-01,    1.1105100065e-01,
    8.6019998789e-01,   -9.4680700302e+00,    8.6019998789e-01,    5.8257198334e+01,    8.6019998789e-01,    2.9769000411e-01,
    8.6129999161e-01,   -2.5121999741e+01,    8.6129999161e-01,    4.7290100098e+01,    8.6129999161e-01,    2.5970301032e-01,
    8.6239898205e-01,    2.2204099655e+01,    8.6239898205e-01,    4.7700698853e+01,    8.6239898205e-01,   -1.9991800189e-02,
    8.6349898577e-01,    5.0309700966e+00,    8.6349898577e-01,    5.8629901886e+01,    8.6349898577e-01,    4.4254299998e-01,
    8.6459898949e-01,   -3.1934000015e+01,    8.6459898949e-01,    4.7505699158e+01,    8.6459898949e-01,    2.3086600006e-01,
    8.6570000648e-01,    1.4010700226e+01,    8.6570000648e-01,    4.7077598572e+01,    8.6570000648e-01,    7.2999402881e-02,
    8.6680001020e-01,    1.8280500412e+01,    8.6680001020e-01,    5.6038799286e+01,    8.6680001020e-01,    1.4957299829e-01,
    8.6790001392e-01,   -3.4344600677e+01,    8.6790001392e-01,    4.9051799774e+01,    8.6790001392e-01,    1.5225100517e-01,
    8.6899900436e-01,    2.8525400162e+00,    8.6899900436e-01,    4.5932701111e+01,    8.6899900436e-01,    2.6246100664e-01,
    8.7009900808e-01,    2.6891399384e+01,    8.7009900808e-01,    5.1367401123e+01,    8.7009900808e-01,    8.0842897296e-02,
    8.7119901180e-01,   -2.8791099548e+01,    8.7119901180e-01,    5.3189899445e+01,    8.7119901180e-01,    2.7315700054e-01,
    8.7229901552e-01,   -9.2732295990e+00,    8.7229901552e-01,    4.5137298584e+01,    8.7229901552e-01,    1.8722599745e-01,
    8.7339997292e-01,    2.8958499908e+01,    8.7339997292e-01,    4.7705898285e+01,    8.7339997292e-01,    1.8515700102e-01,
    8.7449997663e-01,   -1.6056800842e+01,    8.7449997663e-01,    5.5400501251e+01,    8.7449997663e-01,    3.6760899425e-01,
    8.7559998035e-01,   -2.1477699280e+01,    8.7559998035e-01,    4.4513900757e+01,    8.7559998035e-01,    2.2942100465e-01,
    8.7669998407e-01,    2.6003000259e+01,    8.7669998407e-01,    4.5020198822e+01,    8.7669998407e-01,    2.0980800688e-01,
    8.7779998779e-01,   -1.2358200550e+00,    8.7779998779e-01,    5.4831501007e+01,    8.7779998779e-01,    1.3151399791e-01,
    8.7889999151e-01,   -3.0962999344e+01,    8.7889999151e-01,    4.5039199829e+01,    8.7889999151e-01,    2.4366900325e-01,
    8.7999898195e-01,    2.0071199417e+01,    8.7999898195e-01,    4.3271198273e+01,    8.7999898195e-01,    2.0671799779e-01,
    8.8109898567e-01,    1.2667900085e+01,    8.8109898567e-01,    5.2601398468e+01,    8.8109898567e-01,    1.0901799798e-01,
    8.8220000267e-01,   -3.6202301025e+01,    8.8220000267e-01,    4.7868400574e+01,    8.8220000267e-01,    1.1343400180e-01,
    8.8330000639e-01,    9.5162096024e+00,    8.8330000639e-01,    4.3242900848e+01,    8.8330000639e-01,    9.0587899089e-02,
    8.8440001011e-01,    2.3968999863e+01,    8.8440001011e-01,    4.8751800537e+01,    8.8440001011e-01,    2.4052999914e-01,
    8.8549900055e-01,   -3.2197799683e+01,    8.8549900055e-01,    5.1275100708e+01,    8.8549900055e-01,    2.9257699847e-02,
    8.8660001755e-01,   -4.4935398102e+00,    8.8660001755e-01,    4.3084598541e+01,    8.8660001755e-01,    2.0860099792e-01,
    8.8769900799e-01,    2.9948600769e+01,    8.8769900799e-01,    4.4467098236e+01,    8.8769900799e-01,    2.3791100085e-01,
    8.8879901171e-01,   -2.0166599274e+01,    8.8879901171e-01,    5.2216201782e+01,    8.8879901171e-01,    6.5192602575e-02,
    8.8990002871e-01,   -1.9428600311e+01,    8.8990002871e-01,    4.3302299500e+01,    8.8990002871e-01,    1.8181200325e-01,
    8.9099901915e-01,    3.0457500458e+01,    8.9099901915e-01,    4.1232498169e+01,    8.9099901915e-01,    1.8048299849e-01,
    8.9209902287e-01,   -4.6258502007e+00,    8.9209902287e-01,    5.1022701263e+01,    8.9209902287e-01,    1.8289099634e-01,
    8.9319902658e-01,   -3.2112998962e+01,    8.9319902658e-01,    4.4097000122e+01,    8.9319902658e-01,    1.2557199597e-01,
    8.9429998398e-01,    2.6809000015e+01,    8.9429998398e-01,    3.9865600586e+01,    8.9429998398e-01,    2.0034299791e-01,
    8.9539897442e-01,    1.0118100166e+01,    8.9539897442e-01,    4.8400299072e+01,    8.9539897442e-01,    2.4045999348e-01,
    8.9649999142e-01,   -3.9316501617e+01,    8.9649999142e-01,    4.5414501190e+01,    8.9649999142e-01,    1.3292300701e-01,
    8.9759999514e-01,    1.5677900314e+01,    8.9759999514e-01,    4.0890499115e+01,    8.9759999514e-01,    2.3269900680e-01,
    8.9869999886e-01,    2.4557699203e+01,    8.9869999886e-01,    4.3874198914e+01,    8.9869999886e-01,    1.1508700252e-01,
    8.9979898930e-01,   -3.6631301880e+01,    8.9979898930e-01,    4.6898200989e+01,    8.9979898930e-01,    3.2266400754e-02,
    9.0090000629e-01,   -9.1662597656e-01,    9.0090000629e-01,    4.1613601685e+01,    9.0090000629e-01,    2.0675499737e-01,
    9.0200001001e-01,    3.2575000763e+01,    9.0200001001e-01,    4.0202899933e+01,    9.0200001001e-01,    7.8239403665e-02,
    9.0309900045e-01,   -2.3795900345e+01,    9.0309900045e-01,    4.7104999542e+01,    9.0309900045e-01,    2.9172299430e-02,
    9.0419900417e-01,   -1.8340000153e+01,    9.0419900417e-01,    4.1712898254e+01,    9.0419900417e-01,    1.4768600464e-01,
    9.0529900789e-01,    3.5088298798e+01,    9.0529900789e-01,    3.7273899078e+01,    9.0529900789e-01,    8.2386203110e-02,
    9.0639901161e-01,   -6.1760501862e+00,    9.0639901161e-01,    4.5496700287e+01,    9.0639901161e-01,    1.9064499438e-01,
    9.0749901533e-01,   -3.3703098297e+01,    9.0749901533e-01,    4.0676998138e+01,    9.0749901533e-01,    9.1660298407e-02,
    9.0859997272e-01,    3.1179199219e+01,    9.0859997272e-01,    3.6847499847e+01,    9.0859997272e-01,    1.0783199966e-01,
    9.0969997644e-01,    1.1814000130e+01,    9.0969997644e-01,    4.1162799835e+01,    9.0969997644e-01,    7.2033897042e-02,
    9.1079998016e-01,   -4.2499801636e+01,    9.1079998016e-01,    3.9636600494e+01,    9.1079998016e-01,    1.0898400098e-01,
    9.1189998388e-01,    1.7190900803e+01,    9.1189998388e-01,    3.9185001373e+01,    9.1189998388e-01,    1.0091900080e-01,
    9.1299998760e-01,    2.6908199310e+01,    9.1299998760e-01,    3.6356399536e+01,    9.1299998760e-01,    2.9581200331e-02,
    9.1409897804e-01,   -3.5528198242e+01,    9.1409897804e-01,    4.0678901672e+01,    9.1409897804e-01,    1.3466399908e-01,
    9.1519999504e-01,   -3.5564301014e+00,    9.1519999504e-01,    3.9067600250e+01,    9.1519999504e-01,    2.2945800424e-01,
    9.1629999876e-01,    3.6401100159e+01,    9.1629999876e-01,    3.4852001190e+01,    9.1629999876e-01,   -1.5151100233e-03,
    9.1739898920e-01,   -1.9129800797e+01,    9.1739898920e-01,    4.1123798370e+01,    9.1739898920e-01,    1.5630799532e-01,
    9.1850000620e-01,   -2.4269199371e+01,    9.1850000620e-01,    3.8315299988e+01,    9.1850000620e-01,    2.0779900253e-01,
    9.1960000992e-01,    3.6858299255e+01,    9.1960000992e-01,    3.5830200195e+01,    9.1960000992e-01,    7.0050902665e-02,
    9.2070001364e-01,    1.2072099447e+00,    9.2070001364e-01,    4.0356201172e+01,    9.2070001364e-01,    1.1838500202e-01,
    9.2180001736e-01,   -3.9606498718e+01,    9.2180001736e-01,    3.7545700073e+01,    9.2180001736e-01,    1.7595200241e-01,
    9.2289900780e-01,    2.6044500351e+01,    9.2289900780e-01,    3.8978500366e+01,    9.2289900780e-01,    1.6685099900e-01,
    9.2400002480e-01,    2.0327400208e+01,    9.2400002480e-01,    3.7048301697e+01,    9.2400002480e-01,    1.7255799472e-01,
    9.2509901524e-01,   -4.0113300323e+01,    9.2509901524e-01,    3.7060199738e+01,    9.2509901524e-01,    2.0405000448e-01,
    9.2619901896e-01,    6.6272997856e+00,    9.2619901896e-01,    3.9839500427e+01,    9.2619901896e-01,    2.1895000339e-01,
    9.2729997635e-01,    3.4230499268e+01,    9.2729997635e-01,    3.3640300751e+01,    9.2729997635e-01,    1.5281499922e-01,
    9.2839902639e-01,   -2.9545400620e+01,    9.2839902639e-01,    3.8037799835e+01,    9.2839902639e-01,    1.2595699728e-01,
    9.2949897051e-01,   -1.4761500359e+01,    9.2949897051e-01,    3.7286098480e+01,    9.2949897051e-01,    3.0335700512e-01,
    9.3059897423e-01,    4.0044601440e+01,    9.3059897423e-01,    3.3633098602e+01,    9.3059897423e-01,   -8.6097702384e-02,
    9.3169999123e-01,   -1.0689200401e+01,    9.3169999123e-01,    3.8593200684e+01,    9.3169999123e-01,    2.8994798660e-01,
    9.3279999495e-01,   -3.2508300781e+01,    9.3279999495e-01,    3.5632598877e+01,    9.3279999495e-01,    3.0170500278e-01,
    9.3389999866e-01,    3.2206401825e+01,    9.3389999866e-01,    3.7881999969e+01,    9.3389999866e-01,   -5.5654600263e-02,
    9.3500000238e-01,    1.1145799637e+01,    9.3500000238e-01,    3.7331798553e+01,    9.3500000238e-01,    1.7697800696e-01,
    9.3609899282e-01,   -3.9894599915e+01,    9.3609899282e-01,    3.6042400360e+01,    9.3609899282e-01,    1.3296200335e-01,
    9.3719899654e-01,    1.4206399918e+01,    9.3719899654e-01,    4.0836601257e+01,    9.3719899654e-01,    1.7527900636e-01,
    9.3830001354e-01,    2.9490699768e+01,    9.3830001354e-01,    3.6243900299e+01,    9.3830001354e-01,    6.5143503249e-02,
    9.3940001726e-01,   -3.3974700928e+01,    9.3940001726e-01,    3.8240898132e+01,    9.3940001726e-01,    1.4289799333e-01,
    9.4050002098e-01,   -7.3987197876e+00,    9.4050002098e-01,    4.1080898285e+01,    9.4050002098e-01,    3.0081298947e-01,
    9.4159901142e-01,    3.9497798920e+01,    9.4159901142e-01,    3.6138000488e+01,    9.4159901142e-01,    2.9488200322e-02,
    9.4270002842e-01,   -1.8519399643e+01,    9.4270002842e-01,    4.0536499023e+01,    9.4270002842e-01,    3.4158200026e-01,
    9.4379901886e-01,   -2.7046800613e+01,    9.4379901886e-01,    3.7970001221e+01,    9.4379901886e-01,    3.3818998933e-01,
    9.4489902258e-01,    3.6262500763e+01,    9.4489902258e-01,    3.7503101349e+01,    9.4489902258e-01,    4.3615698814e-02,
    9.4599902630e-01,    2.9730799198e+00,    9.4599902630e-01,    3.9217300415e+01,    9.4599902630e-01,    3.9183598757e-01,
    9.4709897041e-01,   -3.8398799896e+01,    9.4709897041e-01,    3.4287498474e+01,    9.4709897041e-01,    3.2319098711e-01,
    9.4819998741e-01,    2.1466800690e+01,    9.4819998741e-01,    3.9509601593e+01,    9.4819998741e-01,    2.6708298922e-01,
    9.4929897785e-01,    2.2874099731e+01,    9.4929897785e-01,    3.5705101013e+01,    9.4929897785e-01,    1.9099700451e-01,
    9.5039999485e-01,   -3.7341300964e+01,    9.5039999485e-01,    3.4355800629e+01,    9.5039999485e-01,    2.4163199961e-01,
    9.5149898529e-01,   -9.0604698658e-01,    9.5149898529e-01,    3.8672500610e+01,    9.5149898529e-01,    5.7167297602e-01,
    9.5259898901e-01,    3.7379100800e+01,    9.5259898901e-01,    3.4043598175e+01,    9.5259898901e-01,   -6.0933601111e-02,
    9.5369899273e-01,   -2.3291999817e+01,    9.5369899273e-01,    3.6854099274e+01,    9.5369899273e-01,    3.9930701256e-01,
    9.5479899645e-01,   -2.1691200256e+01,    9.5479899645e-01,    3.5386299133e+01,    9.5479899645e-01,    3.9500099421e-01,
    9.5589900017e-01,    3.5289901733e+01,    9.5589900017e-01,    3.5150501251e+01,    9.5589900017e-01,    1.3173100352e-01,
    9.5699900389e-01,   -7.1421301365e-01,    9.5699900389e-01,    3.7731098175e+01,    9.5699900389e-01,    3.4986200929e-01,
    9.5809900761e-01,   -3.6211498260e+01,    9.5809900761e-01,    3.2413898468e+01,    9.5809900761e-01,    3.8112598658e-01,
    9.5919901133e-01,    2.1190999985e+01,    9.5919901133e-01,    3.7438400269e+01,    9.5919901133e-01,    4.4205901027e-01,
    9.6030002832e-01,    2.1452299118e+01,    9.6030002832e-01,    3.5597599030e+01,    9.6030002832e-01,    8.6775496602e-02,
    9.6139997244e-01,   -3.5468601227e+01,    9.6139997244e-01,    3.2475898743e+01,    9.6139997244e-01,    4.6915999055e-01,
    9.6249902248e-01,   -1.9579800367e+00,    9.6249902248e-01,    3.7848098755e+01,    9.6249902248e-01,    7.7539497614e-01,
    9.6359902620e-01,    3.5865299225e+01,    9.6359902620e-01,    3.2754001617e+01,    9.6359902620e-01,    2.5696799159e-01,
    9.6469897032e-01,   -2.0086000443e+01,    9.6469897032e-01,    3.6433101654e+01,    9.6469897032e-01,    4.9715599418e-01,
    9.6579897404e-01,   -2.3293500900e+01,    9.6579897404e-01,    3.4335800171e+01,    9.6579897404e-01,    7.5265002251e-01,
    9.6689897776e-01,    3.2060001373e+01,    9.6689897776e-01,    3.3539398193e+01,    9.6689897776e-01,    2.7215799689e-01,
    9.6799898148e-01,    3.4361400604e+00,    9.6799898148e-01,    3.8235599518e+01,    9.6799898148e-01,    4.3708801270e-01,
    9.6909898520e-01,   -3.4949501038e+01,    9.6909898520e-01,    3.2051998138e+01,    9.6909898520e-01,    4.3666601181e-01,
    9.7020000219e-01,    1.5563300133e+01,    9.7020000219e-01,    3.7916500092e+01,    9.7020000219e-01,    5.0680202246e-01,
    9.7130000591e-01,    2.3500499725e+01,    9.7130000591e-01,    3.6168598175e+01,    9.7130000591e-01,    4.1208800673e-01,
    9.7239899635e-01,   -3.1131000519e+01,    9.7239899635e-01,    3.4953300476e+01,    9.7239899635e-01,    2.9183799028e-01,
    9.7349900007e-01,   -6.9419798851e+00,    9.7349900007e-01,    4.0279300690e+01,    9.7349900007e-01,    8.0865299702e-01,
    9.7460001707e-01,    3.3034801483e+01,    9.7460001707e-01,    3.5217399597e+01,    9.7460001707e-01,    2.4122999609e-01,
    9.7569900751e-01,   -1.4373800278e+01,    9.7569900751e-01,    4.0872699738e+01,    9.7569900751e-01,    4.3083301187e-01,
    9.7679901123e-01,   -2.4770700455e+01,    9.7679901123e-01,    3.8421501160e+01,    9.7679901123e-01,    5.0538700819e-01,
    9.7790002823e-01,    2.6955200195e+01,    9.7790002823e-01,    3.8323799133e+01,    9.7790002823e-01,    3.9696198702e-01,
    9.7899901867e-01,    7.1820402145e+00,    9.7899901867e-01,    4.3370800018e+01,    9.7899901867e-01,    4.0140900016e-01,
    9.8009997606e-01,   -3.3007598877e+01,    9.8009997606e-01,    3.7316699982e+01,    9.8009997606e-01,    4.0693899989e-01,
    9.8119997978e-01,    1.1014900208e+01,    9.8119997978e-01,    4.3170299530e+01,    9.8119997978e-01,    5.8079397678e-01,
    9.8229998350e-01,    2.3885700226e+01,    9.8229998350e-01,    4.0542098999e+01,    9.8229998350e-01,    3.3255499601e-01,
    9.8339897394e-01,   -2.7829599380e+01,    9.8339897394e-01,    3.9470600128e+01,    9.8339897394e-01,    5.9173399210e-01,
    9.8449897766e-01,   -8.8987398148e+00,    9.8449897766e-01,    4.4169700623e+01,    9.8449897766e-01,    4.5631098747e-01,
    9.8559999466e-01,    3.0054500580e+01,    9.8559999466e-01,    3.8275299072e+01,    9.8559999466e-01,    2.8779798746e-01,
    9.8669898510e-01,   -1.1078700066e+01,    9.8669898510e-01,    4.4232700348e+01,    9.8669898510e-01,    5.6175100803e-01,
    9.8779898882e-01,   -2.4327199936e+01,    9.8779898882e-01,    4.0659801483e+01,    9.8779898882e-01,    4.4083601236e-01,
    9.8890000582e-01,    2.3280000687e+01,    9.8890000582e-01,    4.0576099396e+01,    9.8890000582e-01,    4.0246599913e-01,
    9.9000000954e-01,    8.7914199829e+00,    9.9000000954e-01,    4.5163200378e+01,    9.9000000954e-01,    2.5828000903e-01,
    9.9109899998e-01,   -3.0288200378e+01,    9.9109899998e-01,    3.9474601746e+01,    9.9109899998e-01,    5.4323601723e-01,
    9.9219900370e-01,    6.0361399651e+00,    9.9219900370e-01,    4.5598701477e+01,    9.9219900370e-01,    3.7603801489e-01,
    9.9330002069e-01,    2.3094499588e+01,    9.9330002069e-01,    4.2129001617e+01,    9.9330002069e-01,    1.5075899661e-01,
    9.9439901114e-01,   -2.1697700500e+01,    9.9439901114e-01,    4.2667499542e+01,    9.9439901114e-01,    5.2171397209e-01,
    9.9550002813e-01,   -1.2683099747e+01,    9.9550002813e-01,    4.6316200256e+01,    9.9550002813e-01,    2.0534500480e-01,
    9.9659997225e-01,    2.5760599136e+01,    9.9659997225e-01,    4.1071201324e+01,    9.9659997225e-01,    2.0570600033e-01,
    9.9769902229e-01,   -3.5090498924e+00,    9.9769902229e-01,    4.8143501282e+01,    9.9769902229e-01,    3.2515999675e-01,
    9.9879902601e-01,   -2.4513000488e+01,    9.9879902601e-01,    4.3625198364e+01,    9.9879902601e-01,    1.5740700066e-01,
    9.9989902973e-01,    1.5205599785e+01,    9.9989902973e-01,    4.5346599579e+01,    9.9989902973e-01,    8.0868802965e-02,
    1.0010000467e+00,    1.3647199631e+01,    1.0010000467e+00,    4.8091598511e+01,    1.0010000467e+00,   -8.9288696647e-02,
    1.0020999908e+00,   -2.4861999512e+01,    1.0020999908e+00,    4.4370700836e+01,    1.0020999908e+00,    2.2110499442e-01,
    1.0032000542e+00,   -1.9743000269e+00,    1.0032000542e+00,    5.0362300873e+01,    1.0032000542e+00,   -5.7889102027e-03,
    1.0042999983e+00,    2.2666000366e+01,    1.0042999983e+00,    4.5326301575e+01,    1.0042999983e+00,   -1.9404299557e-01,
    1.0053999424e+00,   -1.2356100082e+01,    1.0053999424e+00,    4.9008201599e+01,    1.0053999424e+00,    1.8806999549e-02,
    1.0065000057e+00,   -1.7096700668e+01,    1.0065000057e+00,    4.9360198975e+01,    1.0065000057e+00,   -1.6319000721e-01,
    1.0075999498e+00,    1.8372400284e+01,    1.0075999498e+00,    4.7052700043e+01,    1.0075999498e+00,   -5.2841998637e-02,
    1.0087000132e+00,    5.6911101341e+00,    1.0087000132e+00,    5.3140499115e+01,    1.0087000132e+00,   -2.7462100983e-01,
    1.0097999573e+00,   -2.1773599625e+01,    1.0097999573e+00,    4.8655998230e+01,    1.0097999573e+00,   -2.5468298793e-01,
    1.0109000206e+00,    3.9388101101e+00,    1.0109000206e+00,    5.3685100555e+01,    1.0109000206e+00,   -1.3512000442e-01,
    1.0119999647e+00,    1.6970899582e+01,    1.0119999647e+00,    5.2925598145e+01,    1.0119999647e+00,   -4.5797801018e-01,
    1.0131000280e+00,   -1.2920200348e+01,    1.0131000280e+00,    5.3808200836e+01,    1.0131000280e+00,   -4.6661999077e-02,
    1.0141999722e+00,   -1.2316200256e+01,    1.0141999722e+00,    5.7627899170e+01,    1.0141999722e+00,   -4.3062999845e-01,
    1.0153000355e+00,    1.5668399811e+01,    1.0153000355e+00,    5.4133399963e+01,    1.0153000355e+00,   -2.0477899909e-01,
    1.0163999796e+00,    4.4707098007e+00,    1.0163999796e+00,    5.9057598114e+01,    1.0163999796e+00,   -9.2351600528e-02,
    1.0175000429e+00,   -1.9064800262e+01,    1.0175000429e+00,    5.5372200012e+01,    1.0175000429e+00,   -2.2083799541e-01,
    1.0185999870e+00,    1.7932900190e+00,    1.0185999870e+00,    5.8119300842e+01,    1.0185999870e+00,    7.2774499655e-02,
    1.0197000504e+00,    1.6304199219e+01,    1.0197000504e+00,    5.6721698761e+01,    1.0197000504e+00,   -1.7636199296e-01,
    1.0207999945e+00,   -1.0806599617e+01,    1.0207999945e+00,    5.6137500763e+01,    1.0207999945e+00,   -3.0089300126e-02,
    1.0219000578e+00,   -1.1558400154e+01,    1.0219000578e+00,    5.6298400879e+01,    1.0219000578e+00,    3.7742901593e-02,
    1.0230000019e+00,    1.4578300476e+01,    1.0230000019e+00,    5.4107799530e+01,    1.0230000019e+00,   -2.8966200352e-01,
    1.0240999460e+00,    2.4078099728e+00,    1.0240999460e+00,    5.4601600647e+01,    1.0240999460e+00,   -1.1549899727e-01,
    1.0252000093e+00,   -1.6245199203e+01,    1.0252000093e+00,    5.2428501129e+01,    1.0252000093e+00,   -4.0965700150e-01,
    1.0262999535e+00,    3.4808700085e+00,    1.0262999535e+00,    5.3499801636e+01,    1.0262999535e+00,   -5.5781501532e-01,
    1.0274000168e+00,    1.3045000076e+01,    1.0274000168e+00,    5.1975601196e+01,    1.0274000168e+00,   -6.8865597248e-01,
    1.0284999609e+00,   -9.1764202118e+00,    1.0284999609e+00,    5.3422100067e+01,    1.0284999609e+00,   -8.6383098364e-01,
    1.0296000242e+00,   -1.0557399750e+01,    1.0296000242e+00,    5.2142200470e+01,    1.0296000242e+00,   -5.9583801031e-01,
    1.0306999683e+00,    1.3283900261e+01,    1.0306999683e+00,    5.3553001404e+01,    1.0306999683e+00,   -1.1308699846e+00,
    1.0318000317e+00,    4.3969001770e+00,    1.0318000317e+00,    5.3419101715e+01,    1.0318000317e+00,   -6.1193102598e-01,
    1.0328999758e+00,   -1.6216800690e+01,    1.0328999758e+00,    5.2488899231e+01,    1.0328999758e+00,   -1.0719499588e+00,
    1.0340000391e+00,    1.0308099985e+00,    1.0340000391e+00,    5.4947498322e+01,    1.0340000391e+00,   -8.9358699322e-01,
    1.0350999832e+00,    1.4889300346e+01,    1.0350999832e+00,    5.1250801086e+01,    1.0350999832e+00,   -8.8941699266e-01,
    1.0362000465e+00,   -8.3399400711e+00,    1.0362000465e+00,    5.5082698822e+01,    1.0362000465e+00,   -1.3336700201e+00,
    1.0372999907e+00,   -1.2023099899e+01,    1.0372999907e+00,    5.1055000305e+01,    1.0372999907e+00,   -5.5563801527e-01,
    1.0384000540e+00,    1.3220100403e+01,    1.0384000540e+00,    5.3935001373e+01,    1.0384000540e+00,   -1.5796500444e+00,
    1.0394999981e+00,    5.4044799805e+00,    1.0394999981e+00,    5.3155300140e+01,    1.0394999981e+00,   -7.2903102636e-01,
    1.0405999422e+00,   -1.6311500549e+01,    1.0405999422e+00,    5.1984798431e+01,    1.0405999422e+00,   -1.2041200399e+00,
    1.0417000055e+00,    6.0023301840e-01,    1.0417000055e+00,    5.4793701172e+01,    1.0417000055e+00,   -1.0694899559e+00,
    1.0427999496e+00,    1.5089500427e+01,    1.0427999496e+00,    5.1078399658e+01,    1.0427999496e+00,   -8.5914999247e-01,
    1.0439000130e+00,   -7.8618597984e+00,    1.0439000130e+00,    5.5161701202e+01,    1.0439000130e+00,   -1.4119299650e+00,
    1.0449999571e+00,   -1.1961600304e+01,    1.0449999571e+00,    5.0536598206e+01,    1.0449999571e+00,   -5.7151001692e-01,
    1.0461000204e+00,    1.2029800415e+01,    1.0461000204e+00,    5.3154399872e+01,    1.0461000204e+00,   -1.7010099888e+00,
    1.0471999645e+00,    6.1181402206e+00,    1.0471999645e+00,    5.1885101318e+01,    1.0471999645e+00,   -7.5729501247e-01,
    1.0483000278e+00,   -1.4493700027e+01,    1.0483000278e+00,    5.0710601807e+01,    1.0483000278e+00,   -1.4428800344e+00,
    1.0493999720e+00,   -1.8993099928e+00,    1.0493999720e+00,    5.3336101532e+01,    1.0493999720e+00,   -1.1022900343e+00,
    1.0505000353e+00,    1.5034299850e+01,    1.0505000353e+00,    5.0300498962e+01,    1.0505000353e+00,   -1.3943300247e+00,
    1.0515999794e+00,   -4.0462799072e+00,    1.0515999794e+00,    5.4853900909e+01,    1.0515999794e+00,   -1.3625899553e+00,
    1.0527000427e+00,   -1.4605999947e+01,    1.0527000427e+00,    5.0331699371e+01,    1.0527000427e+00,   -1.0119999647e+00,
    1.0537999868e+00,    9.2685098648e+00,    1.0537999868e+00,    5.4095401764e+01,    1.0537999868e+00,   -1.7210999727e+00,
    1.0549000502e+00,    1.0139599800e+01,    1.0549000502e+00,    5.2098999023e+01,    1.0549000502e+00,   -8.9200299978e-01,
    1.0559999943e+00,   -1.3523699760e+01,    1.0559999943e+00,    5.1819499969e+01,    1.0559999943e+00,   -1.4534699917e+00,
    1.0571000576e+00,   -5.6662302017e+00,    1.0571000576e+00,    5.3458999634e+01,    1.0571000576e+00,   -4.8682001233e-01,
    1.0582000017e+00,    1.5207099915e+01,    1.0582000017e+00,    5.1123401642e+01,    1.0582000017e+00,   -1.3272000551e+00,
    1.0592999458e+00,   -7.2474902868e-01,    1.0592999458e+00,    5.5126701355e+01,    1.0592999458e+00,   -6.5583199263e-01,
    1.0604000092e+00,   -1.6051500320e+01,    1.0604000092e+00,    5.0894798279e+01,    1.0604000092e+00,   -8.7251597643e-01,
    1.0614999533e+00,    6.0376701355e+00,    1.0614999533e+00,    5.5540901184e+01,    1.0614999533e+00,   -9.4073098898e-01,
    1.0626000166e+00,    1.2736700058e+01,    1.0626000166e+00,    5.2795700073e+01,    1.0626000166e+00,   -6.0128498077e-01,
    1.0636999607e+00,   -1.1655300140e+01,    1.0636999607e+00,    5.3549400330e+01,    1.0636999607e+00,   -8.3383202553e-01,
    1.0648000240e+00,   -8.4520902634e+00,    1.0648000240e+00,    5.3361999512e+01,    1.0648000240e+00,    1.6336099803e-01,
    1.0658999681e+00,    1.3819499969e+01,    1.0658999681e+00,    5.1897598267e+01,    1.0658999681e+00,   -6.7869901657e-01,
    1.0670000315e+00,    2.0694999695e+00,    1.0670000315e+00,    5.4206401825e+01,    1.0670000315e+00,    4.1802701354e-01,
    1.0680999756e+00,   -1.4722900391e+01,    1.0680999756e+00,    4.9754398346e+01,    1.0680999756e+00,   -3.0117499828e-01,
    1.0692000389e+00,    1.8472900391e+00,    1.0692000389e+00,    5.4712799072e+01,    1.0692000389e+00,   -7.3982402682e-02,
    1.0702999830e+00,    1.3289699554e+01,    1.0702999830e+00,    5.0831901550e+01,    1.0702999830e+00,   -2.5448899716e-02,
    1.0714000463e+00,   -7.1386699677e+00,    1.0714000463e+00,    5.3937801361e+01,    1.0714000463e+00,   -2.8676900268e-01,
    1.0724999905e+00,   -1.1538399696e+01,    1.0724999905e+00,    5.2141201019e+01,    1.0724999905e+00,    4.4754898548e-01,
    1.0736000538e+00,    1.0677100182e+01,    1.0736000538e+00,    5.3228199005e+01,    1.0736000538e+00,   -4.3789499998e-01,
    1.0746999979e+00,    7.0470299721e+00,    1.0746999979e+00,    5.4501098633e+01,    1.0746999979e+00,    8.3584201336e-01,
    1.0757999420e+00,   -1.3332500458e+01,    1.0757999420e+00,    5.1239498138e+01,    1.0757999420e+00,   -1.5135399997e-01,
    1.0769000053e+00,   -3.4169099331e+00,    1.0769000053e+00,    5.5368400574e+01,    1.0769000053e+00,    8.5614502430e-01,
    1.0779999495e+00,    1.3872300148e+01,    1.0779999495e+00,    5.1104999542e+01,    1.0779999495e+00,    3.4078800678e-01,
    1.0791000128e+00,   -2.2888400555e+00,    1.0791000128e+00,    5.4992801666e+01,    1.0791000128e+00,    4.9363800883e-01,
    1.0801999569e+00,   -1.3345499992e+01,    1.0801999569e+00,    5.0964698792e+01,    1.0801999569e+00,    9.4670498371e-01,
    1.0813000202e+00,    6.1002998352e+00,    1.0813000202e+00,    5.4692798615e+01,    1.0813000202e+00,    3.0004298687e-01,
    1.0823999643e+00,    9.9678297043e+00,    1.0823999643e+00,    5.3320400238e+01,    1.0823999643e+00,    1.4327399731e+00,
    1.0835000277e+00,   -9.4468202591e+00,    1.0835000277e+00,    5.2797798157e+01,    1.0835000277e+00,    3.0382099748e-01,
    1.0845999718e+00,   -7.8668799400e+00,    1.0845999718e+00,    5.5005500793e+01,    1.0845999718e+00,    1.6965899467e+00,
    1.0857000351e+00,    1.1726900101e+01,    1.0857000351e+00,    5.2053100586e+01,    1.0857000351e+00,    2.5068101287e-01,
    1.0867999792e+00,    2.7978301048e+00,    1.0867999792e+00,    5.5601398468e+01,    1.0867999792e+00,    1.5875999928e+00,
    1.0879000425e+00,   -1.3147500038e+01,    1.0879000425e+00,    5.0665298462e+01,    1.0879000425e+00,    9.5503199100e-01,
    1.0889999866e+00,    1.1391099691e+00,    1.0889999866e+00,    5.5683101654e+01,    1.0889999866e+00,    1.2553199530e+00,
    1.0901000500e+00,    1.1616700172e+01,    1.0901000500e+00,    5.2134998322e+01,    1.0901000500e+00,    1.4733500481e+00,
    1.0911999941e+00,   -5.3889999390e+00,    1.0911999941e+00,    5.4022701263e+01,    1.0911999941e+00,    1.0577199459e+00,
    1.0923000574e+00,   -1.0992600441e+01,    1.0923000574e+00,    5.4230201721e+01,    1.0923000574e+00,    1.7587499619e+00,
    1.0934000015e+00,    8.6186199188e+00,    1.0934000015e+00,    5.3944801331e+01,    1.0934000015e+00,    4.9927499890e-01,
    1.0944999456e+00,    6.0973901749e+00,    1.0944999456e+00,    5.6835899353e+01,    1.0944999456e+00,    2.1877501011e+00,
    1.0956000090e+00,   -1.1358300209e+01,    1.0956000090e+00,    5.3148700714e+01,    1.0956000090e+00,    7.4477702379e-01,
    1.0966999531e+00,   -2.4393699169e+00,    1.0966999531e+00,    5.8986301422e+01,    1.0966999531e+00,    1.6245599985e+00,
    1.0978000164e+00,    1.0996199608e+01,    1.0978000164e+00,    5.5071701050e+01,    1.0978000164e+00,    1.0339599848e+00,
    1.0988999605e+00,   -2.2307701111e+00,    1.0988999605e+00,    5.8389400482e+01,    1.0988999605e+00,    1.0792399645e+00,
    1.1000000238e+00,   -1.0973699570e+01,    1.1000000238e+00,    5.7842998505e+01,    1.1000000238e+00,    1.4336400032e+00,
