LS-DYNA keyword deck by LS-PrePost,Rcforc Data
Time,Ma 376 X-force,Time,Ma 376 Y-force,Time,Ma 376 Z-force,
    0.0000000000e+00,    0.0000000000e+00,    0.0000000000e+00,    0.0000000000e+00,    0.0000000000e+00,    0.0000000000e+00,
    1.0997500503e-03,    0.0000000000e+00,    1.0997500503e-03,    0.0000000000e+00,    1.0997500503e-03,    0.0000000000e+00,
    2.1997699514e-03,    0.0000000000e+00,    2.1997699514e-03,    0.0000000000e+00,    2.1997699514e-03,    0.0000000000e+00,
    3.2998500392e-03,    0.0000000000e+00,    3.2998500392e-03,    0.0000000000e+00,    3.2998500392e-03,    0.0000000000e+00,
    4.3999399059e-03,    0.0000000000e+00,    4.3999399059e-03,    0.0000000000e+00,    4.3999399059e-03,    0.0000000000e+00,
    5.4997699335e-03,    0.0000000000e+00,    5.4997699335e-03,    0.0000000000e+00,    5.4997699335e-03,    0.0000000000e+00,
    6.5997499041e-03,    0.0000000000e+00,    6.5997499041e-03,    0.0000000000e+00,    6.5997499041e-03,    0.0000000000e+00,
    7.6998397708e-03,    0.0000000000e+00,    7.6998397708e-03,    0.0000000000e+00,    7.6998397708e-03,    0.0000000000e+00,
    8.7997997180e-03,    0.0000000000e+00,    8.7997997180e-03,    0.0000000000e+00,    8.7997997180e-03,    0.0000000000e+00,
    9.8999096081e-03,    0.0000000000e+00,    9.8999096081e-03,    0.0000000000e+00,    9.8999096081e-03,    0.0000000000e+00,
    1.0999900289e-02,    0.0000000000e+00,    1.0999900289e-02,    0.0000000000e+00,    1.0999900289e-02,    0.0000000000e+00,
    1.2099700049e-02,    0.0000000000e+00,    1.2099700049e-02,    0.0000000000e+00,    1.2099700049e-02,    0.0000000000e+00,
    1.3199999928e-02,    0.0000000000e+00,    1.3199999928e-02,    0.0000000000e+00,    1.3199999928e-02,    0.0000000000e+00,
    1.4299700037e-02,    0.0000000000e+00,    1.4299700037e-02,    0.0000000000e+00,    1.4299700037e-02,    0.0000000000e+00,
    1.5399900265e-02,    0.0000000000e+00,    1.5399900265e-02,    0.0000000000e+00,    1.5399900265e-02,    0.0000000000e+00,
    1.6499700025e-02,    0.0000000000e+00,    1.6499700025e-02,    0.0000000000e+00,    1.6499700025e-02,    0.0000000000e+00,
    1.7599800602e-02,    0.0000000000e+00,    1.7599800602e-02,    0.0000000000e+00,    1.7599800602e-02,    0.0000000000e+00,
    1.8699999899e-02,    0.0000000000e+00,    1.8699999899e-02,    0.0000000000e+00,    1.8699999899e-02,    0.0000000000e+00,
    1.9799899310e-02,    0.0000000000e+00,    1.9799899310e-02,    0.0000000000e+00,    1.9799899310e-02,    0.0000000000e+00,
    2.0899899304e-02,    0.0000000000e+00,    2.0899899304e-02,    0.0000000000e+00,    2.0899899304e-02,    0.0000000000e+00,
    2.1999800578e-02,    0.0000000000e+00,    2.1999800578e-02,    0.0000000000e+00,    2.1999800578e-02,    0.0000000000e+00,
    2.3099899292e-02,    0.0000000000e+00,    2.3099899292e-02,    0.0000000000e+00,    2.3099899292e-02,    0.0000000000e+00,
    2.4199800566e-02,    0.0000000000e+00,    2.4199800566e-02,    0.0000000000e+00,    2.4199800566e-02,    0.0000000000e+00,
    2.5299999863e-02,    0.0000000000e+00,    2.5299999863e-02,    0.0000000000e+00,    2.5299999863e-02,    0.0000000000e+00,
    2.6399999857e-02,    0.0000000000e+00,    2.6399999857e-02,    0.0000000000e+00,    2.6399999857e-02,    0.0000000000e+00,
    2.7499899268e-02,    0.0000000000e+00,    2.7499899268e-02,    0.0000000000e+00,    2.7499899268e-02,    0.0000000000e+00,
    2.8599699959e-02,    0.0000000000e+00,    2.8599699959e-02,    0.0000000000e+00,    2.8599699959e-02,    0.0000000000e+00,
    2.9699699953e-02,    0.0000000000e+00,    2.9699699953e-02,    0.0000000000e+00,    2.9699699953e-02,    0.0000000000e+00,
    3.0799800530e-02,    0.0000000000e+00,    3.0799800530e-02,    0.0000000000e+00,    3.0799800530e-02,    0.0000000000e+00,
    3.1899798661e-02,    0.0000000000e+00,    3.1899798661e-02,    0.0000000000e+00,    3.1899798661e-02,    0.0000000000e+00,
    3.2999701798e-02,    0.0000000000e+00,    3.2999701798e-02,    0.0000000000e+00,    3.2999701798e-02,    0.0000000000e+00,
    3.4099999815e-02,    0.0000000000e+00,    3.4099999815e-02,    0.0000000000e+00,    3.4099999815e-02,    0.0000000000e+00,
    3.5199798644e-02,    0.0000000000e+00,    3.5199798644e-02,    0.0000000000e+00,    3.5199798644e-02,    0.0000000000e+00,
    3.6299798638e-02,    0.0000000000e+00,    3.6299798638e-02,    0.0000000000e+00,    3.6299798638e-02,    0.0000000000e+00,
    3.7399701774e-02,    0.0000000000e+00,    3.7399701774e-02,    0.0000000000e+00,    3.7399701774e-02,    0.0000000000e+00,
    3.8499798626e-02,    0.0000000000e+00,    3.8499798626e-02,    0.0000000000e+00,    3.8499798626e-02,    0.0000000000e+00,
    3.9599899203e-02,    0.0000000000e+00,    3.9599899203e-02,    0.0000000000e+00,    3.9599899203e-02,    0.0000000000e+00,
    4.0699701756e-02,    0.0000000000e+00,    4.0699701756e-02,    0.0000000000e+00,    4.0699701756e-02,    0.0000000000e+00,
    4.1799701750e-02,    0.0000000000e+00,    4.1799701750e-02,    0.0000000000e+00,    4.1799701750e-02,    0.0000000000e+00,
    4.2899999768e-02,    0.0000000000e+00,    4.2899999768e-02,    0.0000000000e+00,    4.2899999768e-02,    0.0000000000e+00,
    4.3999798596e-02,    0.0000000000e+00,    4.3999798596e-02,    0.0000000000e+00,    4.3999798596e-02,    0.0000000000e+00,
    4.5099999756e-02,    0.0000000000e+00,    4.5099999756e-02,    0.0000000000e+00,    4.5099999756e-02,    0.0000000000e+00,
    4.6199999750e-02,    0.0000000000e+00,    4.6199999750e-02,    0.0000000000e+00,    4.6199999750e-02,    0.0000000000e+00,
    4.7299701720e-02,    0.0000000000e+00,    4.7299701720e-02,    0.0000000000e+00,    4.7299701720e-02,    0.0000000000e+00,
    4.8399999738e-02,    0.0000000000e+00,    4.8399999738e-02,    0.0000000000e+00,    4.8399999738e-02,    0.0000000000e+00,
    4.9499999732e-02,    0.0000000000e+00,    4.9499999732e-02,    0.0000000000e+00,    4.9499999732e-02,    0.0000000000e+00,
    5.0599899143e-02,    0.0000000000e+00,    5.0599899143e-02,    0.0000000000e+00,    5.0599899143e-02,    0.0000000000e+00,
    5.1699999720e-02,    0.0000000000e+00,    5.1699999720e-02,    0.0000000000e+00,    5.1699999720e-02,    0.0000000000e+00,
    5.2799798548e-02,    0.0000000000e+00,    5.2799798548e-02,    0.0000000000e+00,    5.2799798548e-02,    0.0000000000e+00,
    5.3899999708e-02,    0.0000000000e+00,    5.3899999708e-02,    0.0000000000e+00,    5.3899999708e-02,    0.0000000000e+00,
    5.4999701679e-02,    0.0000000000e+00,    5.4999701679e-02,    0.0000000000e+00,    5.4999701679e-02,    0.0000000000e+00,
    5.6099798530e-02,    0.0000000000e+00,    5.6099798530e-02,    0.0000000000e+00,    5.6099798530e-02,    0.0000000000e+00,
    5.7199999690e-02,    0.0000000000e+00,    5.7199999690e-02,    0.0000000000e+00,    5.7199999690e-02,    0.0000000000e+00,
    5.8299999684e-02,    0.0000000000e+00,    5.8299999684e-02,    0.0000000000e+00,    5.8299999684e-02,    0.0000000000e+00,
    5.9399701655e-02,    0.0000000000e+00,    5.9399701655e-02,    0.0000000000e+00,    5.9399701655e-02,    0.0000000000e+00,
    6.0499798506e-02,    0.0000000000e+00,    6.0499798506e-02,    0.0000000000e+00,    6.0499798506e-02,    0.0000000000e+00,
    6.1599798501e-02,    0.0000000000e+00,    6.1599798501e-02,    0.0000000000e+00,    6.1599798501e-02,    0.0000000000e+00,
    6.2699802220e-02,    0.0000000000e+00,    6.2699802220e-02,    0.0000000000e+00,    6.2699802220e-02,    0.0000000000e+00,
    6.3799902797e-02,    0.0000000000e+00,    6.3799902797e-02,    0.0000000000e+00,    6.3799902797e-02,    0.0000000000e+00,
    6.4899899065e-02,    0.0000000000e+00,    6.4899899065e-02,    0.0000000000e+00,    6.4899899065e-02,    0.0000000000e+00,
    6.5999999642e-02,    0.0000000000e+00,    6.5999999642e-02,    0.0000000000e+00,    6.5999999642e-02,    0.0000000000e+00,
    6.7100003362e-02,    0.0000000000e+00,    6.7100003362e-02,    0.0000000000e+00,    6.7100003362e-02,    0.0000000000e+00,
    6.8199999630e-02,    0.0000000000e+00,    6.8199999630e-02,    0.0000000000e+00,    6.8199999630e-02,    0.0000000000e+00,
    6.9300003350e-02,    0.0000000000e+00,    6.9300003350e-02,    0.0000000000e+00,    6.9300003350e-02,    0.0000000000e+00,
    7.0399798453e-02,    0.0000000000e+00,    7.0399798453e-02,    0.0000000000e+00,    7.0399798453e-02,    0.0000000000e+00,
    7.1499697864e-02,    0.0000000000e+00,    7.1499697864e-02,    0.0000000000e+00,    7.1499697864e-02,    0.0000000000e+00,
    7.2599902749e-02,    0.0000000000e+00,    7.2599902749e-02,    0.0000000000e+00,    7.2599902749e-02,    0.0000000000e+00,
    7.3699697852e-02,    0.0000000000e+00,    7.3699697852e-02,    0.0000000000e+00,    7.3699697852e-02,    0.0000000000e+00,
    7.4799701571e-02,    0.0000000000e+00,    7.4799701571e-02,    0.0000000000e+00,    7.4799701571e-02,    0.0000000000e+00,
    7.5899802148e-02,    0.0000000000e+00,    7.5899802148e-02,    0.0000000000e+00,    7.5899802148e-02,    0.0000000000e+00,
    7.6999798417e-02,    0.0000000000e+00,    7.6999798417e-02,    0.0000000000e+00,    7.6999798417e-02,    0.0000000000e+00,
    7.8100003302e-02,    0.0000000000e+00,    7.8100003302e-02,    0.0000000000e+00,    7.8100003302e-02,    0.0000000000e+00,
    7.9199902713e-02,    0.0000000000e+00,    7.9199902713e-02,    0.0000000000e+00,    7.9199902713e-02,    0.0000000000e+00,
    8.0299898982e-02,    0.0000000000e+00,    8.0299898982e-02,    0.0000000000e+00,    8.0299898982e-02,    0.0000000000e+00,
    8.1399701536e-02,    0.0000000000e+00,    8.1399701536e-02,    0.0000000000e+00,    8.1399701536e-02,    0.0000000000e+00,
    8.2499697804e-02,    0.0000000000e+00,    8.2499697804e-02,    0.0000000000e+00,    8.2499697804e-02,    0.0000000000e+00,
    8.3599902689e-02,    0.0000000000e+00,    8.3599902689e-02,    0.0000000000e+00,    8.3599902689e-02,    0.0000000000e+00,
    8.4699898958e-02,    0.0000000000e+00,    8.4699898958e-02,    0.0000000000e+00,    8.4699898958e-02,    0.0000000000e+00,
    8.5799798369e-02,    0.0000000000e+00,    8.5799798369e-02,    0.0000000000e+00,    8.5799798369e-02,    0.0000000000e+00,
    8.6899697781e-02,    0.0000000000e+00,    8.6899697781e-02,    0.0000000000e+00,    8.6899697781e-02,    0.0000000000e+00,
    8.7999902666e-02,    0.0000000000e+00,    8.7999902666e-02,    0.0000000000e+00,    8.7999902666e-02,    0.0000000000e+00,
    8.9099898934e-02,    0.0000000000e+00,    8.9099898934e-02,    0.0000000000e+00,    8.9099898934e-02,    0.0000000000e+00,
    9.0199902654e-02,    0.0000000000e+00,    9.0199902654e-02,    0.0000000000e+00,    9.0199902654e-02,    0.0000000000e+00,
    9.1299802065e-02,    0.0000000000e+00,    9.1299802065e-02,    0.0000000000e+00,    9.1299802065e-02,    0.0000000000e+00,
    9.2399999499e-02,    0.0000000000e+00,    9.2399999499e-02,    0.0000000000e+00,    9.2399999499e-02,    0.0000000000e+00,
    9.3499697745e-02,    0.0000000000e+00,    9.3499697745e-02,    0.0000000000e+00,    9.3499697745e-02,    0.0000000000e+00,
    9.4599798322e-02,    0.0000000000e+00,    9.4599798322e-02,    0.0000000000e+00,    9.4599798322e-02,    0.0000000000e+00,
    9.5699802041e-02,    0.0000000000e+00,    9.5699802041e-02,    0.0000000000e+00,    9.5699802041e-02,    0.0000000000e+00,
    9.6799902618e-02,    0.0000000000e+00,    9.6799902618e-02,    0.0000000000e+00,    9.6799902618e-02,    0.0000000000e+00,
    9.7900003195e-02,    0.0000000000e+00,    9.7900003195e-02,    0.0000000000e+00,    9.7900003195e-02,    0.0000000000e+00,
    9.8999701440e-02,    0.0000000000e+00,    9.8999701440e-02,    0.0000000000e+00,    9.8999701440e-02,    0.0000000000e+00,
    1.0010000318e-01,    0.0000000000e+00,    1.0010000318e-01,    0.0000000000e+00,    1.0010000318e-01,    0.0000000000e+00,
    1.0119999945e-01,    0.0000000000e+00,    1.0119999945e-01,    0.0000000000e+00,    1.0119999945e-01,    0.0000000000e+00,
    1.0230000317e-01,    0.0000000000e+00,    1.0230000317e-01,    0.0000000000e+00,    1.0230000317e-01,    0.0000000000e+00,
    1.0339999944e-01,    0.0000000000e+00,    1.0339999944e-01,    0.0000000000e+00,    1.0339999944e-01,    0.0000000000e+00,
    1.0450000316e-01,    0.0000000000e+00,    1.0450000316e-01,    0.0000000000e+00,    1.0450000316e-01,    0.0000000000e+00,
    1.0559999943e-01,    0.0000000000e+00,    1.0559999943e-01,    0.0000000000e+00,    1.0559999943e-01,    0.0000000000e+00,
    1.0670000315e-01,    0.0000000000e+00,    1.0670000315e-01,    0.0000000000e+00,    1.0670000315e-01,    0.0000000000e+00,
    1.0779999942e-01,    0.0000000000e+00,    1.0779999942e-01,    0.0000000000e+00,    1.0779999942e-01,    0.0000000000e+00,
    1.0890000314e-01,    0.0000000000e+00,    1.0890000314e-01,    0.0000000000e+00,    1.0890000314e-01,    0.0000000000e+00,
    1.0999999940e-01,    0.0000000000e+00,    1.0999999940e-01,    0.0000000000e+00,    1.0999999940e-01,    0.0000000000e+00,
    1.1110000312e-01,    0.0000000000e+00,    1.1110000312e-01,    0.0000000000e+00,    1.1110000312e-01,    0.0000000000e+00,
    1.1219999939e-01,    0.0000000000e+00,    1.1219999939e-01,    0.0000000000e+00,    1.1219999939e-01,    0.0000000000e+00,
    1.1330000311e-01,    0.0000000000e+00,    1.1330000311e-01,    0.0000000000e+00,    1.1330000311e-01,    0.0000000000e+00,
    1.1439999938e-01,    0.0000000000e+00,    1.1439999938e-01,    0.0000000000e+00,    1.1439999938e-01,    0.0000000000e+00,
    1.1550000310e-01,    0.0000000000e+00,    1.1550000310e-01,    0.0000000000e+00,    1.1550000310e-01,    0.0000000000e+00,
    1.1659999937e-01,    0.0000000000e+00,    1.1659999937e-01,    0.0000000000e+00,    1.1659999937e-01,    0.0000000000e+00,
    1.1770000309e-01,    0.0000000000e+00,    1.1770000309e-01,    0.0000000000e+00,    1.1770000309e-01,    0.0000000000e+00,
    1.1879999936e-01,    0.0000000000e+00,    1.1879999936e-01,    0.0000000000e+00,    1.1879999936e-01,    0.0000000000e+00,
    1.1990000308e-01,    0.0000000000e+00,    1.1990000308e-01,    0.0000000000e+00,    1.1990000308e-01,    0.0000000000e+00,
    1.2099999934e-01,    0.0000000000e+00,    1.2099999934e-01,    0.0000000000e+00,    1.2099999934e-01,    0.0000000000e+00,
    1.2210000306e-01,    0.0000000000e+00,    1.2210000306e-01,    0.0000000000e+00,    1.2210000306e-01,    0.0000000000e+00,
    1.2319999933e-01,    0.0000000000e+00,    1.2319999933e-01,    0.0000000000e+00,    1.2319999933e-01,    0.0000000000e+00,
    1.2430000305e-01,    0.0000000000e+00,    1.2430000305e-01,    0.0000000000e+00,    1.2430000305e-01,    0.0000000000e+00,
    1.2540000677e-01,    0.0000000000e+00,    1.2540000677e-01,    0.0000000000e+00,    1.2540000677e-01,    0.0000000000e+00,
    1.2649999559e-01,    0.0000000000e+00,    1.2649999559e-01,    0.0000000000e+00,    1.2649999559e-01,    0.0000000000e+00,
    1.2759999931e-01,    0.0000000000e+00,    1.2759999931e-01,    0.0000000000e+00,    1.2759999931e-01,    0.0000000000e+00,
    1.2870000303e-01,    0.0000000000e+00,    1.2870000303e-01,    0.0000000000e+00,    1.2870000303e-01,    0.0000000000e+00,
    1.2980000675e-01,    0.0000000000e+00,    1.2980000675e-01,    0.0000000000e+00,    1.2980000675e-01,    0.0000000000e+00,
    1.3089999557e-01,    0.0000000000e+00,    1.3089999557e-01,    0.0000000000e+00,    1.3089999557e-01,    0.0000000000e+00,
    1.3199999928e-01,    0.0000000000e+00,    1.3199999928e-01,    0.0000000000e+00,    1.3199999928e-01,    0.0000000000e+00,
    1.3310000300e-01,    0.0000000000e+00,    1.3310000300e-01,    0.0000000000e+00,    1.3310000300e-01,    0.0000000000e+00,
    1.3420000672e-01,    0.0000000000e+00,    1.3420000672e-01,    0.0000000000e+00,    1.3420000672e-01,    0.0000000000e+00,
    1.3529999554e-01,    0.0000000000e+00,    1.3529999554e-01,    0.0000000000e+00,    1.3529999554e-01,    0.0000000000e+00,
    1.3639999926e-01,    0.0000000000e+00,    1.3639999926e-01,    0.0000000000e+00,    1.3639999926e-01,    0.0000000000e+00,
    1.3750000298e-01,    0.0000000000e+00,    1.3750000298e-01,    0.0000000000e+00,    1.3750000298e-01,    0.0000000000e+00,
    1.3860000670e-01,    0.0000000000e+00,    1.3860000670e-01,    0.0000000000e+00,    1.3860000670e-01,    0.0000000000e+00,
    1.3969999552e-01,    0.0000000000e+00,    1.3969999552e-01,    0.0000000000e+00,    1.3969999552e-01,    0.0000000000e+00,
    1.4079999924e-01,    0.0000000000e+00,    1.4079999924e-01,    0.0000000000e+00,    1.4079999924e-01,    0.0000000000e+00,
    1.4190000296e-01,    0.0000000000e+00,    1.4190000296e-01,    0.0000000000e+00,    1.4190000296e-01,    0.0000000000e+00,
    1.4300000668e-01,    0.0000000000e+00,    1.4300000668e-01,    0.0000000000e+00,    1.4300000668e-01,    0.0000000000e+00,
    1.4409999549e-01,    0.0000000000e+00,    1.4409999549e-01,    0.0000000000e+00,    1.4409999549e-01,    0.0000000000e+00,
    1.4519999921e-01,    0.0000000000e+00,    1.4519999921e-01,    0.0000000000e+00,    1.4519999921e-01,    0.0000000000e+00,
    1.4630000293e-01,    0.0000000000e+00,    1.4630000293e-01,    0.0000000000e+00,    1.4630000293e-01,    0.0000000000e+00,
    1.4740000665e-01,    0.0000000000e+00,    1.4740000665e-01,    0.0000000000e+00,    1.4740000665e-01,    0.0000000000e+00,
    1.4849999547e-01,    0.0000000000e+00,    1.4849999547e-01,    0.0000000000e+00,    1.4849999547e-01,    0.0000000000e+00,
    1.4959999919e-01,    0.0000000000e+00,    1.4959999919e-01,    0.0000000000e+00,    1.4959999919e-01,    0.0000000000e+00,
    1.5070000291e-01,    0.0000000000e+00,    1.5070000291e-01,    0.0000000000e+00,    1.5070000291e-01,    0.0000000000e+00,
    1.5180000663e-01,    0.0000000000e+00,    1.5180000663e-01,    0.0000000000e+00,    1.5180000663e-01,    0.0000000000e+00,
    1.5289999545e-01,    0.0000000000e+00,    1.5289999545e-01,    0.0000000000e+00,    1.5289999545e-01,    0.0000000000e+00,
    1.5399999917e-01,    0.0000000000e+00,    1.5399999917e-01,    0.0000000000e+00,    1.5399999917e-01,    0.0000000000e+00,
    1.5510000288e-01,    0.0000000000e+00,    1.5510000288e-01,    0.0000000000e+00,    1.5510000288e-01,    0.0000000000e+00,
    1.5620000660e-01,    0.0000000000e+00,    1.5620000660e-01,    0.0000000000e+00,    1.5620000660e-01,    0.0000000000e+00,
    1.5729999542e-01,    0.0000000000e+00,    1.5729999542e-01,    0.0000000000e+00,    1.5729999542e-01,    0.0000000000e+00,
    1.5839999914e-01,    0.0000000000e+00,    1.5839999914e-01,    0.0000000000e+00,    1.5839999914e-01,    0.0000000000e+00,
    1.5950000286e-01,    0.0000000000e+00,    1.5950000286e-01,    0.0000000000e+00,    1.5950000286e-01,    0.0000000000e+00,
    1.6060000658e-01,    0.0000000000e+00,    1.6060000658e-01,    0.0000000000e+00,    1.6060000658e-01,    0.0000000000e+00,
    1.6169999540e-01,    0.0000000000e+00,    1.6169999540e-01,    0.0000000000e+00,    1.6169999540e-01,    0.0000000000e+00,
    1.6279999912e-01,    0.0000000000e+00,    1.6279999912e-01,    0.0000000000e+00,    1.6279999912e-01,    0.0000000000e+00,
    1.6390000284e-01,    0.0000000000e+00,    1.6390000284e-01,    0.0000000000e+00,    1.6390000284e-01,    0.0000000000e+00,
    1.6500000656e-01,    0.0000000000e+00,    1.6500000656e-01,    0.0000000000e+00,    1.6500000656e-01,    0.0000000000e+00,
    1.6609999537e-01,    0.0000000000e+00,    1.6609999537e-01,    0.0000000000e+00,    1.6609999537e-01,    0.0000000000e+00,
    1.6719999909e-01,    0.0000000000e+00,    1.6719999909e-01,    0.0000000000e+00,    1.6719999909e-01,    0.0000000000e+00,
    1.6830000281e-01,    0.0000000000e+00,    1.6830000281e-01,    0.0000000000e+00,    1.6830000281e-01,    0.0000000000e+00,
    1.6940000653e-01,    0.0000000000e+00,    1.6940000653e-01,    0.0000000000e+00,    1.6940000653e-01,    0.0000000000e+00,
    1.7049999535e-01,    0.0000000000e+00,    1.7049999535e-01,    0.0000000000e+00,    1.7049999535e-01,    0.0000000000e+00,
    1.7159999907e-01,    0.0000000000e+00,    1.7159999907e-01,    0.0000000000e+00,    1.7159999907e-01,    0.0000000000e+00,
    1.7270000279e-01,    0.0000000000e+00,    1.7270000279e-01,    0.0000000000e+00,    1.7270000279e-01,    0.0000000000e+00,
    1.7380000651e-01,    0.0000000000e+00,    1.7380000651e-01,    0.0000000000e+00,    1.7380000651e-01,    0.0000000000e+00,
    1.7489999533e-01,    0.0000000000e+00,    1.7489999533e-01,    0.0000000000e+00,    1.7489999533e-01,    0.0000000000e+00,
    1.7599999905e-01,    0.0000000000e+00,    1.7599999905e-01,    0.0000000000e+00,    1.7599999905e-01,    0.0000000000e+00,
    1.7710000277e-01,    0.0000000000e+00,    1.7710000277e-01,    0.0000000000e+00,    1.7710000277e-01,    0.0000000000e+00,
    1.7820000648e-01,    0.0000000000e+00,    1.7820000648e-01,    0.0000000000e+00,    1.7820000648e-01,    0.0000000000e+00,
    1.7929999530e-01,    0.0000000000e+00,    1.7929999530e-01,    0.0000000000e+00,    1.7929999530e-01,    0.0000000000e+00,
    1.8039999902e-01,    0.0000000000e+00,    1.8039999902e-01,    0.0000000000e+00,    1.8039999902e-01,    0.0000000000e+00,
    1.8150000274e-01,    0.0000000000e+00,    1.8150000274e-01,    0.0000000000e+00,    1.8150000274e-01,    0.0000000000e+00,
    1.8260000646e-01,    0.0000000000e+00,    1.8260000646e-01,    0.0000000000e+00,    1.8260000646e-01,    0.0000000000e+00,
    1.8369999528e-01,    0.0000000000e+00,    1.8369999528e-01,    0.0000000000e+00,    1.8369999528e-01,    0.0000000000e+00,
    1.8479999900e-01,    0.0000000000e+00,    1.8479999900e-01,    0.0000000000e+00,    1.8479999900e-01,    0.0000000000e+00,
    1.8590000272e-01,    0.0000000000e+00,    1.8590000272e-01,    0.0000000000e+00,    1.8590000272e-01,    0.0000000000e+00,
    1.8700000644e-01,    0.0000000000e+00,    1.8700000644e-01,    0.0000000000e+00,    1.8700000644e-01,    0.0000000000e+00,
    1.8809999526e-01,    0.0000000000e+00,    1.8809999526e-01,    0.0000000000e+00,    1.8809999526e-01,    0.0000000000e+00,
    1.8919999897e-01,    0.0000000000e+00,    1.8919999897e-01,    0.0000000000e+00,    1.8919999897e-01,    0.0000000000e+00,
    1.9030000269e-01,    0.0000000000e+00,    1.9030000269e-01,    0.0000000000e+00,    1.9030000269e-01,    0.0000000000e+00,
    1.9140000641e-01,    0.0000000000e+00,    1.9140000641e-01,    0.0000000000e+00,    1.9140000641e-01,    0.0000000000e+00,
    1.9249999523e-01,    0.0000000000e+00,    1.9249999523e-01,    0.0000000000e+00,    1.9249999523e-01,    0.0000000000e+00,
    1.9359999895e-01,    0.0000000000e+00,    1.9359999895e-01,    0.0000000000e+00,    1.9359999895e-01,    0.0000000000e+00,
    1.9470000267e-01,    0.0000000000e+00,    1.9470000267e-01,    0.0000000000e+00,    1.9470000267e-01,    0.0000000000e+00,
    1.9580000639e-01,    0.0000000000e+00,    1.9580000639e-01,    0.0000000000e+00,    1.9580000639e-01,    0.0000000000e+00,
    1.9689999521e-01,    0.0000000000e+00,    1.9689999521e-01,    0.0000000000e+00,    1.9689999521e-01,    0.0000000000e+00,
    1.9799999893e-01,    0.0000000000e+00,    1.9799999893e-01,    0.0000000000e+00,    1.9799999893e-01,    0.0000000000e+00,
    1.9910000265e-01,    0.0000000000e+00,    1.9910000265e-01,    0.0000000000e+00,    1.9910000265e-01,    0.0000000000e+00,
    2.0020000637e-01,    0.0000000000e+00,    2.0020000637e-01,    0.0000000000e+00,    2.0020000637e-01,    0.0000000000e+00,
    2.0129999518e-01,    0.0000000000e+00,    2.0129999518e-01,    0.0000000000e+00,    2.0129999518e-01,    0.0000000000e+00,
    2.0239999890e-01,    0.0000000000e+00,    2.0239999890e-01,    0.0000000000e+00,    2.0239999890e-01,    0.0000000000e+00,
    2.0350000262e-01,    0.0000000000e+00,    2.0350000262e-01,    0.0000000000e+00,    2.0350000262e-01,    0.0000000000e+00,
    2.0460000634e-01,    0.0000000000e+00,    2.0460000634e-01,    0.0000000000e+00,    2.0460000634e-01,    0.0000000000e+00,
    2.0569999516e-01,    0.0000000000e+00,    2.0569999516e-01,    0.0000000000e+00,    2.0569999516e-01,    0.0000000000e+00,
    2.0679999888e-01,    0.0000000000e+00,    2.0679999888e-01,    0.0000000000e+00,    2.0679999888e-01,    0.0000000000e+00,
    2.0790000260e-01,    1.2663400412e-05,    2.0790000260e-01,    3.6698400509e-03,    2.0790000260e-01,    2.1206999463e-06,
    2.0900000632e-01,    1.5362600607e-05,    2.0900000632e-01,    2.1363500506e-02,    2.0900000632e-01,    8.5847299488e-05,
    2.1009999514e-01,    1.6822199541e-05,    2.1009999514e-01,    4.8748899251e-02,    2.1009999514e-01,    1.5481500304e-04,
    2.1119999886e-01,    2.0066900106e-05,    2.1119999886e-01,    8.5348300636e-02,    2.1119999886e-01,    6.3438899815e-05,
    2.1230000257e-01,    1.9620800231e-05,    2.1230000257e-01,    1.2701199949e-01,    2.1230000257e-01,    1.2644400704e-04,
    2.1340000629e-01,    1.3333899915e-05,    2.1340000629e-01,    1.7595799267e-01,    2.1340000629e-01,    1.3949499407e-04,
    2.1449999511e-01,    5.3149601627e-06,    2.1449999511e-01,    2.2770099342e-01,    2.1449999511e-01,    1.5949699446e-04,
    2.1559999883e-01,   -4.1471199097e-07,    2.1559999883e-01,    2.8693398833e-01,    2.1559999883e-01,    2.3325000075e-04,
    2.1670000255e-01,   -7.5156499406e-06,    2.1670000255e-01,    3.4556001425e-01,    2.1670000255e-01,    2.0835999749e-04,
    2.1780000627e-01,   -1.9742299628e-05,    2.1780000627e-01,    4.1156598926e-01,    2.1780000627e-01,    1.8013200315e-04,
    2.1889999509e-01,   -2.1000700144e-05,    2.1889999509e-01,    4.7630500793e-01,    2.1889999509e-01,    2.0080899412e-04,
    2.1999999881e-01,   -1.0799599841e-04,    2.1999999881e-01,    5.4436200857e-01,    2.1999999881e-01,    1.4500699763e-04,
    2.2110000253e-01,   -2.2749400523e-04,    2.2110000253e-01,    6.2005400658e-01,    2.2110000253e-01,    6.7809502070e-05,
    2.2220000625e-01,   -2.0371499704e-04,    2.2220000625e-01,    7.0032298565e-01,    2.2220000625e-01,   -9.5932897239e-05,
    2.2329999506e-01,   -3.1195901101e-04,    2.2329999506e-01,    7.8710097075e-01,    2.2329999506e-01,    3.6904998706e-04,
    2.2439999878e-01,   -3.3095601248e-04,    2.2439999878e-01,    8.8137197495e-01,    2.2439999878e-01,    3.5260198638e-04,
    2.2550000250e-01,   -4.2152500828e-04,    2.2550000250e-01,    9.7711199522e-01,    2.2550000250e-01,    2.8069200926e-04,
    2.2660000622e-01,   -4.4084200636e-04,    2.2660000622e-01,    1.0854200125e+00,    2.2660000622e-01,   -3.9974000538e-04,
    2.2769999504e-01,   -5.8464397443e-04,    2.2769999504e-01,    1.2003200054e+00,    2.2769999504e-01,   -6.5199797973e-04,
    2.2879999876e-01,   -5.7295797160e-04,    2.2879999876e-01,    1.3160599470e+00,    2.2879999876e-01,   -6.9734902354e-04,
    2.2990000248e-01,   -6.8878999446e-04,    2.2990000248e-01,    1.4233800173e+00,    2.2990000248e-01,   -1.0796600254e-03,
    2.3100000620e-01,   -1.0370500386e-03,    2.3100000620e-01,    1.5428700447e+00,    2.3100000620e-01,   -1.4509500470e-03,
    2.3209999502e-01,   -1.0331999511e-03,    2.3209999502e-01,    1.6645699739e+00,    2.3209999502e-01,   -1.6385699855e-03,
    2.3319999874e-01,   -1.4229699736e-03,    2.3319999874e-01,    1.7909499407e+00,    2.3319999874e-01,   -1.1350800050e-03,
    2.3430000246e-01,   -1.6500599450e-03,    2.3430000246e-01,    1.9416199923e+00,    2.3430000246e-01,   -1.9507600227e-03,
    2.3540000618e-01,   -1.6333300155e-03,    2.3540000618e-01,    2.1045899391e+00,    2.3540000618e-01,   -2.3297900334e-03,
    2.3649999499e-01,   -1.7364399973e-03,    2.3649999499e-01,    2.2622599602e+00,    2.3649999499e-01,   -2.3603599984e-03,
    2.3759999871e-01,   -2.0356499590e-03,    2.3759999871e-01,    2.4198400974e+00,    2.3759999871e-01,   -2.3028301075e-03,
    2.3870000243e-01,   -1.9629800227e-03,    2.3870000243e-01,    2.5899000168e+00,    2.3870000243e-01,   -1.8873399822e-03,
    2.3980000615e-01,   -2.0560999401e-03,    2.3980000615e-01,    2.7623500824e+00,    2.3980000615e-01,   -2.0757000893e-03,
    2.4089999497e-01,   -2.1633799188e-03,    2.4089999497e-01,    2.9365000725e+00,    2.4089999497e-01,   -2.4413000792e-03,
    2.4199999869e-01,   -2.1204999648e-03,    2.4199999869e-01,    3.1052999496e+00,    2.4199999869e-01,   -2.1562199108e-03,
    2.4310000241e-01,   -2.3643700406e-03,    2.4310000241e-01,    3.2697699070e+00,    2.4310000241e-01,   -1.7576100072e-03,
    2.4420000613e-01,   -2.6482399553e-03,    2.4420000613e-01,    3.4477200508e+00,    2.4420000613e-01,   -1.6265499871e-03,
    2.4529999495e-01,   -2.2259599064e-03,    2.4529999495e-01,    3.6228799820e+00,    2.4529999495e-01,   -2.1576799918e-03,
    2.4639999866e-01,    9.5915398560e-04,    2.4639999866e-01,    3.7795200348e+00,    2.4639999866e-01,   -2.6257100981e-03,
    2.4750000238e-01,   -3.7082899362e-03,    2.4750000238e-01,    3.9273099899e+00,    2.4750000238e-01,   -1.7374099698e-03,
    2.4860000610e-01,   -3.3622500487e-03,    2.4860000610e-01,    4.0866599083e+00,    2.4860000610e-01,   -1.3594699558e-03,
    2.4969999492e-01,   -1.8219900085e-03,    2.4969999492e-01,    4.2452101707e+00,    2.4969999492e-01,   -6.6223100293e-04,
    2.5080001354e-01,   -3.6878299434e-03,    2.5080001354e-01,    4.3867101669e+00,    2.5080001354e-01,   -3.9453798308e-06,
    2.5189998746e-01,   -3.4711700864e-03,    2.5189998746e-01,    4.5072798729e+00,    2.5189998746e-01,    1.5567999799e-03,
    2.5299999118e-01,   -2.6726599317e-03,    2.5299999118e-01,    4.6342401505e+00,    2.5299999118e-01,    3.5899500363e-03,
    2.5409999490e-01,   -3.8703200407e-03,    2.5409999490e-01,    4.7598099709e+00,    2.5409999490e-01,    6.5997000784e-03,
    2.5519999862e-01,   -4.7665201128e-03,    2.5519999862e-01,    4.8923897743e+00,    2.5519999862e-01,    9.2374198139e-03,
    2.5630000234e-01,   -4.7641601413e-03,    2.5630000234e-01,    5.0620698929e+00,    2.5630000234e-01,    1.2214399874e-02,
    2.5740000606e-01,   -4.1829501279e-03,    2.5740000606e-01,    5.2265400887e+00,    2.5740000606e-01,    1.3515500352e-02,
    2.5850000978e-01,   -4.5692301355e-03,    2.5850000978e-01,    5.4021902084e+00,    2.5850000978e-01,    1.4075900428e-02,
    2.5960001349e-01,   -4.5038699172e-03,    2.5960001349e-01,    5.5801301003e+00,    2.5960001349e-01,    1.1879299767e-02,
    2.6069998741e-01,   -6.1162700877e-03,    2.6069998741e-01,    5.7397599220e+00,    2.6069998741e-01,    1.0153800249e-02,
    2.6179999113e-01,   -7.4371402152e-03,    2.6179999113e-01,    5.8860502243e+00,    2.6179999113e-01,    8.1095602363e-03,
    2.6289999485e-01,   -5.4002897814e-03,    2.6289999485e-01,    6.0302500725e+00,    2.6289999485e-01,    4.5559601858e-03,
    2.6399999857e-01,   -4.7617801465e-03,    2.6399999857e-01,    6.1672101021e+00,    2.6399999857e-01,   -9.2705700081e-04,
    2.6510000229e-01,   -6.1623197980e-03,    2.6510000229e-01,    6.2828898430e+00,    2.6510000229e-01,   -3.8779799361e-03,
    2.6620000601e-01,   -3.7060400937e-03,    2.6620000601e-01,    6.3884902000e+00,    2.6620000601e-01,   -6.2920600176e-03,
    2.6730000973e-01,   -3.4881299362e-03,    2.6730000973e-01,    6.4823198318e+00,    2.6730000973e-01,   -7.7427299693e-03,
    2.6840001345e-01,   -2.7896799147e-03,    2.6840001345e-01,    6.5190601349e+00,    2.6840001345e-01,   -1.2887599878e-02,
    2.6949998736e-01,   -1.1893799528e-03,    2.6949998736e-01,    6.5411000252e+00,    2.6949998736e-01,   -1.4139699750e-02,
    2.7059999108e-01,   -2.3521399125e-03,    2.7059999108e-01,    6.5454502106e+00,    2.7059999108e-01,   -1.4472500421e-02,
    2.7169999480e-01,   -2.3958000820e-03,    2.7169999480e-01,    6.5359802246e+00,    2.7169999480e-01,   -1.3466900215e-02,
    2.7279999852e-01,    8.1498798681e-04,    2.7279999852e-01,    6.4925298691e+00,    2.7279999852e-01,   -1.1125099845e-02,
    2.7390000224e-01,    3.0708400300e-04,    2.7390000224e-01,    6.4702000618e+00,    2.7390000224e-01,   -8.5116904229e-03,
    2.7500000596e-01,   -1.0720399441e-03,    2.7500000596e-01,    6.4762301445e+00,    2.7500000596e-01,   -9.4618303701e-03,
    2.7610000968e-01,   -1.7893400509e-03,    2.7610000968e-01,    6.5118198395e+00,    2.7610000968e-01,   -1.2507099658e-02,
    2.7720001340e-01,   -2.3398599587e-03,    2.7720001340e-01,    6.5596799850e+00,    2.7720001340e-01,   -1.1138999835e-02,
    2.7829998732e-01,   -1.8377599772e-03,    2.7829998732e-01,    6.6051201820e+00,    2.7829998732e-01,   -1.0841500014e-02,
    2.7939999104e-01,   -3.7610399886e-04,    2.7939999104e-01,    6.6552200317e+00,    2.7939999104e-01,   -1.1880500242e-02,
    2.8049999475e-01,    1.5110699460e-03,    2.8049999475e-01,    6.7086000443e+00,    2.8049999475e-01,   -1.1489200406e-02,
    2.8159999847e-01,    9.9519602372e-05,    2.8159999847e-01,    6.7874498367e+00,    2.8159999847e-01,   -1.3374900445e-02,
    2.8270000219e-01,   -2.9771099798e-04,    2.8270000219e-01,    6.8559999466e+00,    2.8270000219e-01,   -1.2737199664e-02,
    2.8380000591e-01,    1.3312899973e-03,    2.8380000591e-01,    6.9544200897e+00,    2.8380000591e-01,   -1.2864500284e-02,
    2.8490000963e-01,    7.2321097832e-05,    2.8490000963e-01,    7.0691199303e+00,    2.8490000963e-01,   -1.3173599727e-02,
    2.8600001335e-01,    6.3957297243e-04,    2.8600001335e-01,    7.2004899979e+00,    2.8600001335e-01,   -1.1732899584e-02,
    2.8709998727e-01,   -2.7829599567e-03,    2.8709998727e-01,    7.3136401176e+00,    2.8709998727e-01,   -1.0502300225e-02,
    2.8819999099e-01,   -5.3984299302e-04,    2.8819999099e-01,    7.4826002121e+00,    2.8819999099e-01,   -9.2010796070e-03,
    2.8929999471e-01,   -1.4714200515e-03,    2.8929999471e-01,    7.6670699120e+00,    2.8929999471e-01,   -1.1544100009e-02,
    2.9039999843e-01,   -2.4308299180e-03,    2.9039999843e-01,    7.8471498489e+00,    2.9039999843e-01,   -7.5077698566e-03,
    2.9150000215e-01,   -2.2182499524e-03,    2.9150000215e-01,    8.0166902542e+00,    2.9150000215e-01,   -7.6528801583e-03,
    2.9260000587e-01,   -3.0452399515e-03,    2.9260000587e-01,    8.1836099625e+00,    2.9260000587e-01,   -6.5765599720e-03,
    2.9370000958e-01,   -1.9900000188e-03,    2.9370000958e-01,    8.3652200699e+00,    2.9370000958e-01,   -4.6838098206e-03,
    2.9480001330e-01,   -1.4777899487e-03,    2.9480001330e-01,    8.5259304047e+00,    2.9480001330e-01,   -4.3680598028e-03,
    2.9589998722e-01,    6.9686898496e-04,    2.9589998722e-01,    8.6569795609e+00,    2.9589998722e-01,    3.3932301449e-04,
    2.9699999094e-01,   -3.2168001053e-04,    2.9699999094e-01,    8.6733703613e+00,    2.9699999094e-01,    1.5760900453e-02,
    2.9809999466e-01,   -4.0349401534e-03,    2.9809999466e-01,    8.5643396378e+00,    2.9809999466e-01,    2.4232700467e-02,
    2.9919999838e-01,    6.4652599394e-04,    2.9919999838e-01,    8.5211296082e+00,    2.9919999838e-01,    2.9445599765e-02,
    3.0030000210e-01,    2.9962300323e-03,    3.0030000210e-01,    8.5203895569e+00,    3.0030000210e-01,    3.2482698560e-02,
    3.0140000582e-01,    1.3701999560e-03,    3.0140000582e-01,    8.5387697220e+00,    3.0140000582e-01,    2.6320699602e-02,
    3.0250000954e-01,   -5.0821299665e-03,    3.0250000954e-01,    8.5656299591e+00,    3.0250000954e-01,    2.0221199840e-02,
    3.0360001326e-01,    1.3117400231e-03,    3.0360001326e-01,    8.6501903534e+00,    3.0360001326e-01,    1.3483099639e-02,
    3.0469998717e-01,    9.1526401229e-04,    3.0469998717e-01,    8.7115697861e+00,    3.0469998717e-01,    1.0162300430e-02,
    3.0579999089e-01,    1.9264100119e-03,    3.0579999089e-01,    8.7595901489e+00,    3.0579999089e-01,    5.3088199347e-03,
    3.0689999461e-01,    2.5038900785e-03,    3.0689999461e-01,    8.8558101654e+00,    3.0689999461e-01,    4.3415199034e-03,
    3.0799999833e-01,    4.3690102175e-03,    3.0799999833e-01,    8.9349298477e+00,    3.0799999833e-01,    3.2073899638e-03,
    3.0910000205e-01,   -2.9694999103e-03,    3.0910000205e-01,    9.0404500961e+00,    3.0910000205e-01,    8.9047598885e-04,
    3.1020000577e-01,    1.3088400010e-03,    3.1020000577e-01,    9.1876897812e+00,    3.1020000577e-01,   -3.4821298905e-03,
    3.1130000949e-01,    3.0762399547e-03,    3.1130000949e-01,    9.3675403595e+00,    3.1130000949e-01,   -2.2473700810e-03,
    3.1240001321e-01,    4.5086899772e-03,    3.1240001321e-01,    9.5354795456e+00,    3.1240001321e-01,   -1.9755400717e-03,
    3.1349998713e-01,    2.1860199049e-03,    3.1349998713e-01,    9.6800498962e+00,    3.1349998713e-01,   -6.9022700191e-03,
    3.1459999084e-01,    5.0214398652e-03,    3.1459999084e-01,    9.8275499344e+00,    3.1459999084e-01,   -3.5871600267e-03,
    3.1569999456e-01,   -3.2897600904e-03,    3.1569999456e-01,    9.9244098663e+00,    3.1569999456e-01,   -9.2465700582e-03,
    3.1679999828e-01,    2.1966400091e-03,    3.1679999828e-01,    1.0008000374e+01,    3.1679999828e-01,   -7.6922602020e-03,
    3.1790000200e-01,    2.2198799998e-03,    3.1790000200e-01,    1.0115599632e+01,    3.1790000200e-01,   -7.4999798089e-03,
    3.1900000572e-01,    6.6073099151e-03,    3.1900000572e-01,    1.0238499641e+01,    3.1900000572e-01,   -5.9582698159e-03,
    3.2010000944e-01,    2.6678501163e-03,    3.2010000944e-01,    1.0338199615e+01,    3.2010000944e-01,   -5.9377700090e-03,
    3.2120001316e-01,    6.7142798798e-04,    3.2120001316e-01,    1.0445599556e+01,    3.2120001316e-01,   -4.2932499200e-03,
    3.2229998708e-01,    5.4034101777e-03,    3.2229998708e-01,    1.0561400414e+01,    3.2229998708e-01,   -3.9846799336e-03,
    3.2339999080e-01,    6.0565001331e-03,    3.2339999080e-01,    1.0699099541e+01,    3.2339999080e-01,   -4.5418301597e-03,
    3.2449999452e-01,    4.2577302083e-03,    3.2449999452e-01,    1.0813199997e+01,    3.2449999452e-01,   -3.9426698349e-03,
    3.2559999824e-01,   -3.0982700991e-04,    3.2559999824e-01,    1.0919799805e+01,    3.2559999824e-01,   -2.3826099932e-03,
    3.2670000196e-01,    3.0532199162e-05,    3.2670000196e-01,    1.1041799545e+01,    3.2670000196e-01,   -1.5146200312e-03,
    3.2780000567e-01,   -9.0523399413e-03,    3.2780000567e-01,    1.1128299713e+01,    3.2780000567e-01,   -1.2243300444e-03,
    3.2890000939e-01,   -2.4708800483e-03,    3.2890000939e-01,    1.1204899788e+01,    3.2890000939e-01,   -8.6122797802e-04,
    3.3000001311e-01,   -1.6863700002e-02,    3.3000001311e-01,    1.1255999565e+01,    3.3000001311e-01,   -2.8075699229e-03,
    3.3109998703e-01,   -1.1435800232e-02,    3.3109998703e-01,    1.1355600357e+01,    3.3109998703e-01,   -1.6718700062e-03,
    3.3219999075e-01,   -2.0478400402e-03,    3.3219999075e-01,    1.1463600159e+01,    3.3219999075e-01,    3.7011599634e-03,
    3.3329999447e-01,   -1.0257399641e-02,    3.3329999447e-01,    1.1528100014e+01,    3.3329999447e-01,    1.3928499538e-03,
    3.3439999819e-01,   -7.9618897289e-03,    3.3439999819e-01,    1.1602199554e+01,    3.3439999819e-01,    4.1026999243e-03,
    3.3550000191e-01,   -7.7808201313e-03,    3.3550000191e-01,    1.1691399574e+01,    3.3550000191e-01,    6.5778200515e-03,
    3.3660000563e-01,    3.3571000677e-03,    3.3660000563e-01,    1.1793000221e+01,    3.3660000563e-01,    3.9410497993e-03,
    3.3770000935e-01,   -1.3257900253e-02,    3.3770000935e-01,    1.1874699593e+01,    3.3770000935e-01,   -6.7179597681e-04,
    3.3880001307e-01,   -2.0432200283e-02,    3.3880001307e-01,    1.1987299919e+01,    3.3880001307e-01,   -1.2722900137e-02,
    3.3989998698e-01,   -3.6037698388e-02,    3.3989998698e-01,    1.2139499664e+01,    3.3989998698e-01,   -1.2434200384e-02,
    3.4099999070e-01,   -1.3628999703e-02,    3.4099999070e-01,    1.2304599762e+01,    3.4099999070e-01,   -1.0404299945e-02,
    3.4209999442e-01,   -1.1612500064e-02,    3.4209999442e-01,    1.2484000206e+01,    3.4209999442e-01,   -1.3704299927e-02,
    3.4319999814e-01,   -4.1086398996e-03,    3.4319999814e-01,    1.2624099731e+01,    3.4319999814e-01,   -1.8392600119e-02,
    3.4430000186e-01,   -3.1835800037e-03,    3.4430000186e-01,    1.2765399933e+01,    3.4430000186e-01,   -1.0272700340e-02,
    3.4540000558e-01,   -6.3587501645e-03,    3.4540000558e-01,    1.2908100128e+01,    3.4540000558e-01,   -1.2638100423e-02,
    3.4650000930e-01,    3.9021200500e-03,    3.4650000930e-01,    1.3047599792e+01,    3.4650000930e-01,   -1.4798199758e-02,
    3.4760001302e-01,   -4.5948498882e-04,    3.4760001302e-01,    1.3195599556e+01,    3.4760001302e-01,   -1.2419600040e-02,
    3.4869998693e-01,   -2.5414099218e-04,    3.4869998693e-01,    1.3342100143e+01,    3.4869998693e-01,   -1.0378699750e-02,
    3.4979999065e-01,   -5.8862399310e-03,    3.4979999065e-01,    1.3456299782e+01,    3.4979999065e-01,   -1.4331700280e-02,
    3.5089999437e-01,   -1.5728500439e-03,    3.5089999437e-01,    1.3576600075e+01,    3.5089999437e-01,   -1.9325699657e-02,
    3.5199999809e-01,   -2.7604799470e-05,    3.5199999809e-01,    1.3657299995e+01,    3.5199999809e-01,   -1.9415000454e-02,
    3.5310000181e-01,    2.8724600561e-03,    3.5310000181e-01,    1.3792699814e+01,    3.5310000181e-01,   -2.8254499659e-02,
    3.5420000553e-01,   -2.3221299052e-03,    3.5420000553e-01,    1.3890600204e+01,    3.5420000553e-01,   -3.0211800709e-02,
    3.5530000925e-01,   -3.0030999333e-03,    3.5530000925e-01,    1.4000399590e+01,    3.5530000925e-01,   -3.1820401549e-02,
    3.5640001297e-01,    7.3372698389e-03,    3.5640001297e-01,    1.4193099976e+01,    3.5640001297e-01,   -3.4706398845e-02,
    3.5749998689e-01,    4.0500899777e-03,    3.5749998689e-01,    1.4433199883e+01,    3.5749998689e-01,   -3.1082900241e-02,
    3.5859999061e-01,    1.3180100359e-02,    3.5859999061e-01,    1.4649900436e+01,    3.5859999061e-01,   -3.0260499567e-02,
    3.5969999433e-01,    8.2252696157e-03,    3.5969999433e-01,    1.4821399689e+01,    3.5969999433e-01,   -2.7252899483e-02,
    3.6079999804e-01,    1.1758499779e-02,    3.6079999804e-01,    1.5007499695e+01,    3.6079999804e-01,   -2.5207800791e-02,
    3.6190000176e-01,    1.5502300113e-02,    3.6190000176e-01,    1.5252900124e+01,    3.6190000176e-01,   -2.2274099290e-02,
    3.6300000548e-01,    2.8156100307e-03,    3.6300000548e-01,    1.5419899940e+01,    3.6300000548e-01,   -2.8663299978e-02,
    3.6410000920e-01,    2.9907398857e-03,    3.6410000920e-01,    1.5568799973e+01,    3.6410000920e-01,   -1.5384599566e-02,
    3.6520001292e-01,   -2.8472100385e-03,    3.6520001292e-01,    1.5670900345e+01,    3.6520001292e-01,   -1.2738199905e-02,
    3.6629998684e-01,    6.6874502227e-03,    3.6629998684e-01,    1.5796199799e+01,    3.6629998684e-01,   -9.4186598435e-03,
    3.6739999056e-01,    1.5417899936e-02,    3.6739999056e-01,    1.5939499855e+01,    3.6739999056e-01,   -1.1904600076e-02,
    3.6849999428e-01,    1.9174000248e-02,    3.6849999428e-01,    1.6068899155e+01,    3.6849999428e-01,   -9.1488100588e-03,
    3.6959999800e-01,    2.5611899793e-02,    3.6959999800e-01,    1.6188299179e+01,    3.6959999800e-01,   -9.1052902862e-03,
    3.7070000172e-01,    1.7295999452e-02,    3.7070000172e-01,    1.6296400070e+01,    3.7070000172e-01,   -1.4836199582e-02,
    3.7180000544e-01,    9.7288303077e-03,    3.7180000544e-01,    1.6349399567e+01,    3.7180000544e-01,   -1.3197200373e-02,
    3.7290000916e-01,    1.4602599666e-02,    3.7290000916e-01,    1.6426700592e+01,    3.7290000916e-01,   -7.3424901348e-04,
    3.7400001287e-01,    7.9417498782e-03,    3.7400001287e-01,    1.6558500290e+01,    3.7400001287e-01,   -6.1753802001e-03,
    3.7509998679e-01,    6.1938399449e-03,    3.7509998679e-01,    1.6735599518e+01,    3.7509998679e-01,   -7.6126999920e-04,
    3.7619999051e-01,   -9.3503799289e-03,    3.7619999051e-01,    1.6877599716e+01,    3.7619999051e-01,    1.1673900299e-02,
    3.7729999423e-01,    4.7299899161e-02,    3.7729999423e-01,    1.7030500412e+01,    3.7729999423e-01,   -3.1323800795e-03,
    3.7839999795e-01,    3.2743200660e-02,    3.7839999795e-01,    1.7135700226e+01,    3.7839999795e-01,   -1.9660599064e-03,
    3.7950000167e-01,    2.9746500775e-02,    3.7950000167e-01,    1.7227500916e+01,    3.7950000167e-01,   -6.8343797466e-04,
    3.8060000539e-01,    1.6582600772e-02,    3.8060000539e-01,    1.7337600708e+01,    3.8060000539e-01,    8.9525096118e-03,
    3.8170000911e-01,    2.6017500088e-02,    3.8170000911e-01,    1.7435899734e+01,    3.8170000911e-01,    8.3170901053e-04,
    3.8280001283e-01,    2.1831300110e-02,    3.8280001283e-01,    1.7476900101e+01,    3.8280001283e-01,    1.2977899751e-03,
    3.8389998674e-01,    2.4017600343e-02,    3.8389998674e-01,    1.7552400589e+01,    3.8389998674e-01,   -8.7365001673e-04,
    3.8499999046e-01,    2.4715300649e-02,    3.8499999046e-01,    1.7691600800e+01,    3.8499999046e-01,    5.7129602646e-04,
    3.8609999418e-01,    3.5074498504e-02,    3.8609999418e-01,    1.7814800262e+01,    3.8609999418e-01,    8.3234803751e-03,
    3.8719999790e-01,    4.2855698615e-02,    3.8719999790e-01,    1.7888299942e+01,    3.8719999790e-01,    8.1169297919e-03,
    3.8830000162e-01,    4.9365598708e-02,    3.8830000162e-01,    1.7954799652e+01,    3.8830000162e-01,    9.7254803404e-03,
    3.8940000534e-01,    3.9547499269e-02,    3.8940000534e-01,    1.8007600784e+01,    3.8940000534e-01,    1.1620599777e-02,
    3.9050000906e-01,    4.7632001340e-02,    3.9050000906e-01,    1.8029100418e+01,    3.9050000906e-01,    1.2208400294e-02,
    3.9160001278e-01,    5.1617700607e-02,    3.9160001278e-01,    1.8043300629e+01,    3.9160001278e-01,    1.2858499773e-02,
    3.9269998670e-01,    4.7404598445e-02,    3.9269998670e-01,    1.8032400131e+01,    3.9269998670e-01,    1.1367199942e-02,
    3.9379999042e-01,    6.7337296903e-02,    3.9379999042e-01,    1.8020900726e+01,    3.9379999042e-01,    7.1510798298e-03,
    3.9489999413e-01,    3.3281199634e-02,    3.9489999413e-01,    1.8024200439e+01,    3.9489999413e-01,    5.3694299422e-03,
    3.9599999785e-01,    2.0649399608e-02,    3.9599999785e-01,    1.8077499390e+01,    3.9599999785e-01,   -1.5233499289e-04,
    3.9710000157e-01,    2.1878000349e-02,    3.9710000157e-01,    1.8146299362e+01,    3.9710000157e-01,   -1.6065800563e-02,
    3.9820000529e-01,    2.7564100921e-02,    3.9820000529e-01,    1.8244899750e+01,    3.9820000529e-01,   -1.3816899620e-02,
    3.9930000901e-01,    2.1499000490e-02,    3.9930000901e-01,    1.8325000763e+01,    3.9930000901e-01,   -2.5291400030e-02,
    4.0040001273e-01,    1.4348099940e-02,    4.0040001273e-01,    1.8407300949e+01,    4.0040001273e-01,   -2.6205400005e-02,
    4.0149998665e-01,    1.8567200750e-02,    4.0149998665e-01,    1.8520599365e+01,    4.0149998665e-01,   -2.8908999637e-02,
    4.0259999037e-01,    5.7163499296e-03,    4.0259999037e-01,    1.8655000687e+01,    4.0259999037e-01,   -3.4810800105e-02,
    4.0369999409e-01,    9.2852702364e-03,    4.0369999409e-01,    1.8875600815e+01,    4.0369999409e-01,   -3.0280200765e-02,
    4.0479999781e-01,    1.0320000350e-02,    4.0479999781e-01,    1.9193000793e+01,    4.0479999781e-01,   -2.0592600107e-02,
    4.0590000153e-01,    4.2357100174e-03,    4.0590000153e-01,    1.9543399811e+01,    4.0590000153e-01,   -5.9396601282e-03,
    4.0700000525e-01,    3.4026401117e-03,    4.0700000525e-01,    1.9885200500e+01,    4.0700000525e-01,   -2.6317099109e-03,
    4.0810000896e-01,    3.4179599024e-03,    4.0810000896e-01,    2.0179599762e+01,    4.0810000896e-01,   -3.0093800742e-03,
    4.0920001268e-01,    5.8672698215e-03,    4.0920001268e-01,    2.0546100616e+01,    4.0920001268e-01,    9.3862200156e-03,
    4.1029998660e-01,   -3.2080800738e-03,    4.1029998660e-01,    2.0924299240e+01,    4.1029998660e-01,    8.3647202700e-03,
    4.1139999032e-01,    6.9580897689e-03,    4.1139999032e-01,    2.1318700790e+01,    4.1139999032e-01,    6.1813998036e-03,
    4.1249999404e-01,    5.3805601783e-03,    4.1249999404e-01,    2.1636499405e+01,    4.1249999404e-01,    7.4252500199e-03,
    4.1359999776e-01,    5.4870899767e-03,    4.1359999776e-01,    2.1985900879e+01,    4.1359999776e-01,   -2.6856600307e-03,
    4.1470000148e-01,   -3.3137900755e-03,    4.1470000148e-01,    2.2322599411e+01,    4.1470000148e-01,    4.6101999469e-03,
    4.1580000520e-01,    1.1102399789e-02,    4.1580000520e-01,    2.2685499191e+01,    4.1580000520e-01,   -1.0391599499e-03,
    4.1690000892e-01,   -7.0510599762e-03,    4.1690000892e-01,    2.3096900940e+01,    4.1690000892e-01,   -1.1773300357e-02,
    4.1800001264e-01,   -1.0537999682e-02,    4.1800001264e-01,    2.3510200500e+01,    4.1800001264e-01,   -2.0164299756e-02,
    4.1909998655e-01,   -8.0870399252e-03,    4.1909998655e-01,    2.3860300064e+01,    4.1909998655e-01,   -2.5965200737e-02,
    4.2019999027e-01,   -1.4821100049e-03,    4.2019999027e-01,    2.4176099777e+01,    4.2019999027e-01,   -2.7988899499e-02,
    4.2129999399e-01,   -1.1284899898e-02,    4.2129999399e-01,    2.4540599823e+01,    4.2129999399e-01,   -2.0467199385e-02,
    4.2239999771e-01,   -7.9016601667e-03,    4.2239999771e-01,    2.4891500473e+01,    4.2239999771e-01,   -1.9899899140e-02,
    4.2350000143e-01,   -1.3944599777e-02,    4.2350000143e-01,    2.5270599365e+01,    4.2350000143e-01,   -1.3716500252e-02,
    4.2460000515e-01,   -1.9451400265e-02,    4.2460000515e-01,    2.5647100449e+01,    4.2460000515e-01,   -2.8031000402e-03,
    4.2570000887e-01,   -1.5927700326e-02,    4.2570000887e-01,    2.6020099640e+01,    4.2570000887e-01,   -6.8572298624e-03,
    4.2680001259e-01,   -2.5371700525e-02,    4.2680001259e-01,    2.6424299240e+01,    4.2680001259e-01,   -5.6111901067e-03,
    4.2789998651e-01,   -7.0647099055e-03,    4.2789998651e-01,    2.6853599548e+01,    4.2789998651e-01,   -2.3284300696e-03,
    4.2899999022e-01,   -7.8432401642e-03,    4.2899999022e-01,    2.7258300781e+01,    4.2899999022e-01,   -5.2159298211e-03,
    4.3009999394e-01,   -5.9221601114e-03,    4.3009999394e-01,    2.7604999542e+01,    4.3009999394e-01,   -1.0198400123e-03,
    4.3119999766e-01,    1.9899199251e-03,    4.3119999766e-01,    2.7908199310e+01,    4.3119999766e-01,   -1.7939399695e-03,
    4.3230000138e-01,   -1.8893099623e-03,    4.3230000138e-01,    2.8232200623e+01,    4.3230000138e-01,   -5.4212701507e-03,
    4.3340000510e-01,    4.4862302020e-03,    4.3340000510e-01,    2.8503599167e+01,    4.3340000510e-01,    1.1658000294e-03,
    4.3450000882e-01,    4.1311201639e-03,    4.3450000882e-01,    2.8666099548e+01,    4.3450000882e-01,    3.4073600546e-03,
    4.3560001254e-01,    2.2294800729e-02,    4.3560001254e-01,    2.8784700394e+01,    4.3560001254e-01,    1.0551500134e-02,
    4.3669998646e-01,    2.6789499447e-02,    4.3669998646e-01,    2.8840299606e+01,    4.3669998646e-01,    2.9733799398e-02,
    4.3779999018e-01,    4.3121799827e-02,    4.3779999018e-01,    2.8901500702e+01,    4.3779999018e-01,    2.5884600356e-02,
    4.3889999390e-01,    6.2965102494e-02,    4.3889999390e-01,    2.8910499573e+01,    4.3889999390e-01,    3.1728100032e-02,
    4.3999999762e-01,    5.6083101779e-02,    4.3999999762e-01,    2.8879899979e+01,    4.3999999762e-01,    3.9453200996e-02,
    4.4110000134e-01,    6.8188302219e-02,    4.4110000134e-01,    2.8841999054e+01,    4.4110000134e-01,    3.4307800233e-02,
    4.4220000505e-01,    8.4815099835e-02,    4.4220000505e-01,    2.8791099548e+01,    4.4220000505e-01,    5.3846798837e-02,
    4.4330000877e-01,    9.9129900336e-02,    4.4330000877e-01,    2.8724500656e+01,    4.4330000877e-01,    5.4313000292e-02,
    4.4440001249e-01,    1.0159199685e-01,    4.4440001249e-01,    2.8623100281e+01,    4.4440001249e-01,    4.7677900642e-02,
    4.4549998641e-01,    1.3462799788e-01,    4.4549998641e-01,    2.8586299896e+01,    4.4549998641e-01,    5.9664800763e-02,
    4.4659999013e-01,    1.4122499526e-01,    4.4659999013e-01,    2.8536699295e+01,    4.4659999013e-01,    5.9440001845e-02,
    4.4769999385e-01,    1.5403799713e-01,    4.4769999385e-01,    2.8566400528e+01,    4.4769999385e-01,    7.2618097067e-02,
    4.4879999757e-01,    1.5545800328e-01,    4.4879999757e-01,    2.8505399704e+01,    4.4879999757e-01,    7.0033498108e-02,
    4.4990000129e-01,    1.5836800635e-01,    4.4990000129e-01,    2.8406400681e+01,    4.4990000129e-01,    7.4149101973e-02,
    4.5100000501e-01,    1.3341300189e-01,    4.5100000501e-01,    2.8270399094e+01,    4.5100000501e-01,    8.0128997564e-02,
    4.5210000873e-01,    1.0281199962e-01,    4.5210000873e-01,    2.8153400421e+01,    4.5210000873e-01,    7.4870198965e-02,
    4.5320001245e-01,    9.7504600883e-02,    4.5320001245e-01,    2.8102800369e+01,    4.5320001245e-01,    7.6222896576e-02,
    4.5429998636e-01,    8.3410501480e-02,    4.5429998636e-01,    2.8035900116e+01,    4.5429998636e-01,    6.8266600370e-02,
    4.5539999008e-01,    8.3362497389e-02,    4.5539999008e-01,    2.8008399963e+01,    4.5539999008e-01,    7.2082400322e-02,
    4.5649999380e-01,    7.9989299178e-02,    4.5649999380e-01,    2.8047700882e+01,    4.5649999380e-01,    6.6880099475e-02,
    4.5759999752e-01,    7.0200100541e-02,    4.5759999752e-01,    2.8122400284e+01,    4.5759999752e-01,    6.1438798904e-02,
    4.5870000124e-01,    6.7762799561e-02,    4.5870000124e-01,    2.8177299500e+01,    4.5870000124e-01,    5.6377600878e-02,
    4.5980000496e-01,    9.0432800353e-02,    4.5980000496e-01,    2.8183900833e+01,    4.5980000496e-01,    4.3411601335e-02,
    4.6090000868e-01,    9.8708197474e-02,    4.6090000868e-01,    2.8187500000e+01,    4.6090000868e-01,    3.5844799131e-02,
    4.6200001240e-01,    1.0574500263e-01,    4.6200001240e-01,    2.8121200562e+01,    4.6200001240e-01,    2.9362900183e-02,
    4.6309998631e-01,    1.0839000344e-01,    4.6309998631e-01,    2.8096900940e+01,    4.6309998631e-01,    2.2518299520e-02,
    4.6419999003e-01,    1.0132300109e-01,    4.6419999003e-01,    2.8082700729e+01,    4.6419999003e-01,    2.1522400901e-02,
    4.6529999375e-01,    1.0490500182e-01,    4.6529999375e-01,    2.8151800156e+01,    4.6529999375e-01,    1.2115599588e-02,
    4.6639999747e-01,    1.3366800547e-01,    4.6639999747e-01,    2.8204299927e+01,    4.6639999747e-01,    4.4776801951e-03,
    4.6750000119e-01,    1.3956700265e-01,    4.6750000119e-01,    2.8270700455e+01,    4.6750000119e-01,   -9.4420899404e-04,
    4.6860000491e-01,    1.5263199806e-01,    4.6860000491e-01,    2.8338600159e+01,    4.6860000491e-01,   -3.3200599719e-03,
    4.6970000863e-01,    1.4978900552e-01,    4.6970000863e-01,    2.8342300415e+01,    4.6970000863e-01,   -8.0816596746e-03,
    4.7080001235e-01,    1.8015000224e-01,    4.7080001235e-01,    2.8307100296e+01,    4.7080001235e-01,   -1.6517799348e-02,
    4.7189998627e-01,    2.1846599877e-01,    4.7189998627e-01,    2.8353500366e+01,    4.7189998627e-01,   -3.1741399318e-02,
    4.7299998999e-01,    2.4417300522e-01,    4.7299998999e-01,    2.8374799728e+01,    4.7299998999e-01,   -3.6419399083e-02,
    4.7409999371e-01,    2.8126901388e-01,    4.7409999371e-01,    2.8479000092e+01,    4.7409999371e-01,   -5.4967798293e-02,
    4.7519999743e-01,    2.7734500170e-01,    4.7519999743e-01,    2.8590900421e+01,    4.7519999743e-01,   -6.5177001059e-02,
    4.7630000114e-01,    2.9854300618e-01,    4.7630000114e-01,    2.8637100220e+01,    4.7630000114e-01,   -6.7371599376e-02,
    4.7740000486e-01,    3.0638000369e-01,    4.7740000486e-01,    2.8684799194e+01,    4.7740000486e-01,   -7.4938498437e-02,
    4.7850000858e-01,    2.9655098915e-01,    4.7850000858e-01,    2.8680000305e+01,    4.7850000858e-01,   -8.5781902075e-02,
    4.7960001230e-01,    2.8686499596e-01,    4.7960001230e-01,    2.8811100006e+01,    4.7960001230e-01,   -8.4388799965e-02,
    4.8069998622e-01,    2.6085400581e-01,    4.8069998622e-01,    2.9150800705e+01,    4.8069998622e-01,   -7.6703697443e-02,
    4.8179998994e-01,    2.2541600466e-01,    4.8179998994e-01,    2.9830299377e+01,    4.8179998994e-01,   -9.4777800143e-02,
    4.8289999366e-01,    2.2827200592e-01,    4.8289999366e-01,    3.0488199234e+01,    4.8289999366e-01,   -9.9423602223e-02,
    4.8399999738e-01,    2.2067500651e-01,    4.8399999738e-01,    3.1012100220e+01,    4.8399999738e-01,   -9.4708301127e-02,
    4.8510000110e-01,    2.2422100604e-01,    4.8510000110e-01,    3.1566499710e+01,    4.8510000110e-01,   -8.6265102029e-02,
    4.8620000482e-01,    1.8807600439e-01,    4.8620000482e-01,    3.2050300598e+01,    4.8620000482e-01,   -6.8797297776e-02,
    4.8730000854e-01,    1.7118300498e-01,    4.8730000854e-01,    3.2485599518e+01,    4.8730000854e-01,   -6.6644199193e-02,
    4.8840001225e-01,    1.6144099832e-01,    4.8840001225e-01,    3.2796798706e+01,    4.8840001225e-01,   -5.4287299514e-02,
    4.8949998617e-01,    1.3388000429e-01,    4.8949998617e-01,    3.3080600739e+01,    4.8949998617e-01,   -5.6509301066e-02,
    4.9059998989e-01,    1.2987299263e-01,    4.9059998989e-01,    3.3222400665e+01,    4.9059998989e-01,   -4.9442600459e-02,
    4.9169999361e-01,    1.0127700120e-01,    4.9169999361e-01,    3.3423599243e+01,    4.9169999361e-01,   -3.1257700175e-02,
    4.9279999733e-01,    8.7458096445e-02,    4.9279999733e-01,    3.3623600006e+01,    4.9279999733e-01,   -9.3055898324e-03,
    4.9390000105e-01,    5.8177601546e-02,    4.9390000105e-01,    3.3846900940e+01,    4.9390000105e-01,   -1.4416700229e-02,
    4.9500000477e-01,    3.4979000688e-02,    4.9500000477e-01,    3.4059799194e+01,    4.9500000477e-01,   -5.2903299220e-03,
    4.9610000849e-01,    4.9377501011e-02,    4.9610000849e-01,    3.4297199249e+01,    4.9610000849e-01,    1.3433899730e-02,
    4.9720001221e-01,    5.4133301601e-03,    4.9720001221e-01,    3.4643001556e+01,    4.9720001221e-01,   -5.2868598141e-03,
    4.9829998612e-01,    4.2259100825e-02,    4.9829998612e-01,    3.5044399261e+01,    4.9829998612e-01,    2.0691400860e-03,
    4.9939998984e-01,    5.5471002124e-03,    4.9939998984e-01,    3.5453300476e+01,    4.9939998984e-01,    5.2396501414e-03,
    5.0050002337e-01,    6.1330500990e-02,    5.0050002337e-01,    3.5597000122e+01,    5.0050002337e-01,    2.5649000891e-03,
    5.0160002708e-01,    1.4820200158e-03,    5.0160002708e-01,    3.5895401001e+01,    5.0160002708e-01,   -3.1785101164e-03,
    5.0269997120e-01,   -2.9939400032e-02,    5.0269997120e-01,    3.6101699829e+01,    5.0269997120e-01,    2.6352699846e-02,
    5.0379997492e-01,   -3.1541198492e-02,    5.0379997492e-01,    3.6550701141e+01,    5.0379997492e-01,    1.1290799826e-02,
    5.0489997864e-01,   -6.1642099172e-02,    5.0489997864e-01,    3.6979000092e+01,    5.0489997864e-01,    8.0460300669e-03,
    5.0599998236e-01,   -4.0824200958e-02,    5.0599998236e-01,    3.7378898621e+01,    5.0599998236e-01,    8.4907095879e-03,
    5.0709998608e-01,   -9.1332800686e-02,    5.0709998608e-01,    3.7682800293e+01,    5.0709998608e-01,    7.0639997721e-03,
    5.0819998980e-01,   -6.2756597996e-02,    5.0819998980e-01,    3.8058998108e+01,    5.0819998980e-01,    1.8664799631e-02,
    5.0929999352e-01,   -5.8821100742e-02,    5.0929999352e-01,    3.8406398773e+01,    5.0929999352e-01,    4.3877501041e-02,
    5.1039999723e-01,   -8.1668198109e-02,    5.1039999723e-01,    3.8735801697e+01,    5.1039999723e-01,    4.9943901598e-02,
    5.1150000095e-01,   -1.0606800020e-01,    5.1150000095e-01,    3.9109199524e+01,    5.1150000095e-01,    4.8316400498e-02,
    5.1260000467e-01,   -1.1566799879e-01,    5.1260000467e-01,    3.9359199524e+01,    5.1260000467e-01,    5.3590599447e-02,
    5.1370000839e-01,   -1.3562099636e-01,    5.1370000839e-01,    3.9605800629e+01,    5.1370000839e-01,    4.8269499093e-02,
    5.1480001211e-01,   -1.2515200675e-01,    5.1480001211e-01,    3.9941501617e+01,    5.1480001211e-01,    4.5005299151e-02,
    5.1590001583e-01,   -1.5342499316e-01,    5.1590001583e-01,    4.0275901794e+01,    5.1590001583e-01,    2.8162300587e-02,
    5.1700001955e-01,   -1.0148800164e-01,    5.1700001955e-01,    4.0750301361e+01,    5.1700001955e-01,    3.1281199772e-03,
    5.1810002327e-01,   -1.1270699650e-01,    5.1810002327e-01,    4.1033199310e+01,    5.1810002327e-01,    2.2545600310e-02,
    5.1920002699e-01,   -6.4181901515e-02,    5.1920002699e-01,    4.1367298126e+01,    5.1920002699e-01,    3.0620200559e-02,
    5.2029997110e-01,   -8.2082301378e-02,    5.2029997110e-01,    4.1486000061e+01,    5.2029997110e-01,    4.7755900770e-02,
    5.2139997482e-01,   -4.9494300038e-02,    5.2139997482e-01,    4.1842201233e+01,    5.2139997482e-01,    3.8759399205e-02,
    5.2249997854e-01,   -6.4989700913e-02,    5.2249997854e-01,    4.1886699677e+01,    5.2249997854e-01,    2.5017300621e-02,
    5.2359998226e-01,   -9.3820497394e-02,    5.2359998226e-01,    4.2001201630e+01,    5.2359998226e-01,    5.5535599589e-02,
    5.2469998598e-01,   -8.2203298807e-02,    5.2469998598e-01,    4.1882499695e+01,    5.2469998598e-01,    3.9035901427e-02,
    5.2579998970e-01,   -9.5373399556e-02,    5.2579998970e-01,    4.2117298126e+01,    5.2579998970e-01,    5.5801998824e-02,
    5.2689999342e-01,   -1.5711799264e-01,    5.2689999342e-01,    4.2116001129e+01,    5.2689999342e-01,    4.4009398669e-02,
    5.2799999714e-01,   -1.2228900194e-01,    5.2799999714e-01,    4.2276298523e+01,    5.2799999714e-01,    5.1356200129e-02,
    5.2910000086e-01,   -1.5479800105e-01,    5.2910000086e-01,    4.2622001648e+01,    5.2910000086e-01,    6.1440199614e-02,
    5.3020000458e-01,   -1.0241799802e-01,    5.3020000458e-01,    4.2810199738e+01,    5.3020000458e-01,    4.6935200691e-02,
    5.3130000830e-01,   -1.1245399714e-01,    5.3130000830e-01,    4.2984901428e+01,    5.3130000830e-01,    4.8353601247e-02,
    5.3240001202e-01,   -7.2099298239e-02,    5.3240001202e-01,    4.2898399353e+01,    5.3240001202e-01,    3.4406900406e-02,
    5.3350001574e-01,   -6.7919999361e-02,    5.3350001574e-01,    4.2937999725e+01,    5.3350001574e-01,    4.4908799231e-02,
    5.3460001945e-01,   -2.1709600464e-02,    5.3460001945e-01,    4.2710601807e+01,    5.3460001945e-01,    5.0404500216e-02,
    5.3570002317e-01,    2.9686000198e-03,    5.3570002317e-01,    4.2617401123e+01,    5.3570002317e-01,    3.2530400902e-02,
    5.3680002689e-01,    2.8763599694e-02,    5.3680002689e-01,    4.2369701385e+01,    5.3680002689e-01,    1.9622499123e-02,
    5.3789997101e-01,    8.1221297383e-02,    5.3789997101e-01,    4.2124000549e+01,    5.3789997101e-01,    2.6592899114e-02,
    5.3899997473e-01,    3.2858200371e-02,    5.3899997473e-01,    4.2070899963e+01,    5.3899997473e-01,    5.6769698858e-03,
    5.4009997845e-01,   -8.2082496956e-03,    5.4009997845e-01,    4.2398300171e+01,    5.4009997845e-01,    3.1663700938e-02,
    5.4119998217e-01,   -5.6507298723e-03,    5.4119998217e-01,    4.2959300995e+01,    5.4119998217e-01,    5.0904899836e-02,
    5.4229998589e-01,   -5.4582700133e-02,    5.4229998589e-01,    4.3241199493e+01,    5.4229998589e-01,    2.1326400340e-02,
    5.4339998960e-01,   -6.3694596291e-02,    5.4339998960e-01,    4.3713699341e+01,    5.4339998960e-01,    3.0760899186e-02,
    5.4449999332e-01,   -8.2746401429e-02,    5.4449999332e-01,    4.3990299225e+01,    5.4449999332e-01,    1.2751899660e-02,
    5.4559999704e-01,   -6.0044098645e-02,    5.4559999704e-01,    4.4617599487e+01,    5.4559999704e-01,   -8.7258704007e-03,
    5.4670000076e-01,   -8.0574102700e-02,    5.4670000076e-01,    4.4866298676e+01,    5.4670000076e-01,   -1.2007599697e-02,
    5.4780000448e-01,   -7.6953202486e-02,    5.4780000448e-01,    4.5330398560e+01,    5.4780000448e-01,   -2.0169900730e-02,
    5.4890000820e-01,   -1.0333500057e-01,    5.4890000820e-01,    4.5473899841e+01,    5.4890000820e-01,    5.7795201428e-03,
    5.5000001192e-01,   -7.3274999857e-02,    5.5000001192e-01,    4.5765701294e+01,    5.5000001192e-01,   -1.7950600013e-02,
    5.5110001564e-01,   -7.0959299803e-02,    5.5110001564e-01,    4.5244499207e+01,    5.5110001564e-01,   -1.3307499699e-02,
    5.5220001936e-01,   -1.0520700365e-01,    5.5220001936e-01,    4.5327201843e+01,    5.5220001936e-01,   -3.1823799014e-02,
    5.5330002308e-01,   -9.5166496933e-02,    5.5330002308e-01,    4.5389701843e+01,    5.5330002308e-01,   -3.4582700580e-02,
    5.5440002680e-01,   -1.2154299766e-01,    5.5440002680e-01,    4.5349098206e+01,    5.5440002680e-01,   -1.8965799361e-02,
    5.5549997091e-01,   -9.1859698296e-02,    5.5549997091e-01,    4.5470401764e+01,    5.5549997091e-01,   -4.9280099571e-02,
    5.5659997463e-01,   -1.3922099769e-01,    5.5659997463e-01,    4.5169998169e+01,    5.5659997463e-01,   -2.0243499428e-02,
    5.5769997835e-01,   -1.1715500057e-01,    5.5769997835e-01,    4.5482200623e+01,    5.5769997835e-01,   -3.4822698683e-02,
    5.5879998207e-01,   -1.2171699852e-01,    5.5879998207e-01,    4.5342300415e+01,    5.5879998207e-01,   -8.8924802840e-03,
    5.5989998579e-01,   -1.0003399849e-01,    5.5989998579e-01,    4.5675998688e+01,    5.5989998579e-01,    1.3213699684e-02,
    5.6099998951e-01,   -6.9407597184e-02,    5.6099998951e-01,    4.5651798248e+01,    5.6099998951e-01,    2.2261200473e-02,
    5.6209999323e-01,   -1.1375699937e-01,    5.6209999323e-01,    4.5917198181e+01,    5.6209999323e-01,    1.8748700619e-02,
    5.6319999695e-01,   -7.0042103529e-02,    5.6319999695e-01,    4.5713500977e+01,    5.6319999695e-01,    4.3243799359e-02,
    5.6430000067e-01,   -1.1160899699e-01,    5.6430000067e-01,    4.5448799133e+01,    5.6430000067e-01,    1.2920999900e-02,
    5.6540000439e-01,   -7.1438997984e-02,    5.6540000439e-01,    4.4776500702e+01,    5.6540000439e-01,    1.3000099920e-02,
    5.6650000811e-01,   -8.0395400524e-02,    5.6650000811e-01,    4.4627899170e+01,    5.6650000811e-01,   -1.9894200377e-03,
    5.6760001183e-01,   -6.5036498010e-02,    5.6760001183e-01,    4.4840099335e+01,    5.6760001183e-01,   -4.0179699659e-02,
    5.6870001554e-01,   -1.1649800092e-01,    5.6870001554e-01,    4.4808998108e+01,    5.6870001554e-01,   -1.1041799560e-02,
    5.6980001926e-01,   -8.1661202013e-02,    5.6980001926e-01,    4.5271701813e+01,    5.6980001926e-01,   -5.9117000550e-02,
    5.7090002298e-01,   -3.4492101520e-02,    5.7090002298e-01,    4.5005599976e+01,    5.7090002298e-01,   -5.2053198218e-02,
    5.7200002670e-01,   -5.9220999479e-02,    5.7200002670e-01,    4.5429500580e+01,    5.7200002670e-01,   -6.3291601837e-02,
    5.7309997082e-01,   -3.0328199267e-02,    5.7309997082e-01,    4.5098999023e+01,    5.7309997082e-01,   -5.2085198462e-02,
    5.7419997454e-01,   -3.8434900343e-02,    5.7419997454e-01,    4.5285499573e+01,    5.7419997454e-01,   -3.3941298723e-02,
    5.7529997826e-01,   -4.3448999524e-02,    5.7529997826e-01,    4.5058799744e+01,    5.7529997826e-01,   -2.9163699597e-02,
    5.7639998198e-01,    1.0183500126e-04,    5.7639998198e-01,    4.5075698853e+01,    5.7639998198e-01,   -2.4395199493e-02,
    5.7749998569e-01,    8.6454702541e-03,    5.7749998569e-01,    4.5385700226e+01,    5.7749998569e-01,   -7.7673997730e-03,
    5.7859998941e-01,    2.9997399077e-02,    5.7859998941e-01,    4.5222900391e+01,    5.7859998941e-01,   -1.1544399895e-02,
    5.7969999313e-01,    5.6447498500e-02,    5.7969999313e-01,    4.5877399445e+01,    5.7969999313e-01,    1.8934300169e-02,
    5.8079999685e-01,    8.8512599468e-02,    5.8079999685e-01,    4.5344799042e+01,    5.8079999685e-01,    2.9528699815e-02,
    5.8190000057e-01,    1.0868199915e-01,    5.8190000057e-01,    4.6160198212e+01,    5.8190000057e-01,    3.2116699964e-02,
    5.8300000429e-01,    1.2650400400e-01,    5.8300000429e-01,    4.5751098633e+01,    5.8300000429e-01,    5.8093599975e-02,
    5.8410000801e-01,    8.0581098795e-02,    5.8410000801e-01,    4.6532600403e+01,    5.8410000801e-01,    3.8942500949e-02,
    5.8520001173e-01,    1.3070599735e-01,    5.8520001173e-01,    4.6012798309e+01,    5.8520001173e-01,    3.7700198591e-02,
    5.8630001545e-01,    1.2135600299e-01,    5.8630001545e-01,    4.6393699646e+01,    5.8630001545e-01,    4.1855901480e-02,
    5.8740001917e-01,    1.0886999965e-01,    5.8740001917e-01,    4.6166099548e+01,    5.8740001917e-01,    4.7708701342e-02,
    5.8850002289e-01,    1.5208000317e-02,    5.8850002289e-01,    4.5891201019e+01,    5.8850002289e-01,    3.2161600888e-02,
    5.8960002661e-01,    6.3798300922e-02,    5.8960002661e-01,    4.6073799133e+01,    5.8960002661e-01,    3.8583699614e-02,
    5.9069997072e-01,    3.4536600113e-02,    5.9069997072e-01,    4.5239498138e+01,    5.9069997072e-01,    1.3257999904e-02,
    5.9179997444e-01,    3.4264698625e-02,    5.9179997444e-01,    4.6270099640e+01,    5.9179997444e-01,    7.3101399466e-03,
    5.9289997816e-01,   -1.0418100283e-02,    5.9289997816e-01,    4.4787498474e+01,    5.9289997816e-01,    1.7248900607e-02,
    5.9399998188e-01,   -6.7061901093e-02,    5.9399998188e-01,    4.6302101135e+01,    5.9399998188e-01,   -2.9811400920e-02,
    5.9509998560e-01,   -2.8544399887e-02,    5.9509998560e-01,    4.4637100220e+01,    5.9509998560e-01,   -2.1839899942e-02,
    5.9619998932e-01,   -1.5557999909e-01,    5.9619998932e-01,    4.6037200928e+01,    5.9619998932e-01,   -6.5500199795e-02,
    5.9729999304e-01,   -9.7882196307e-02,    5.9729999304e-01,    4.4721500397e+01,    5.9729999304e-01,   -4.4661600143e-02,
    5.9839999676e-01,   -2.6388499141e-01,    5.9839999676e-01,    4.5420600891e+01,    5.9839999676e-01,   -8.4646999836e-02,
    5.9950000048e-01,   -1.4151600003e-01,    5.9950000048e-01,    4.5281101227e+01,    5.9950000048e-01,   -5.4632999003e-02,
    6.0060000420e-01,   -3.4927898645e-01,    6.0060000420e-01,    4.4722499847e+01,    6.0060000420e-01,   -7.1551300585e-02,
    6.0170000792e-01,   -2.5317201018e-01,    6.0170000792e-01,    4.6202701569e+01,    6.0170000792e-01,   -9.6092201769e-02,
    6.0280001163e-01,   -3.8899898529e-01,    6.0280001163e-01,    4.4217498779e+01,    6.0280001163e-01,   -8.0329701304e-02,
    6.0390001535e-01,   -3.7858998775e-01,    6.0390001535e-01,    4.7017299652e+01,    6.0390001535e-01,   -1.2545099854e-01,
    6.0500001907e-01,   -3.4026101232e-01,    6.0500001907e-01,    4.3804298401e+01,    6.0500001907e-01,   -8.6136296391e-02,
    6.0610002279e-01,   -4.9382999539e-01,    6.0610002279e-01,    4.7639400482e+01,    6.0610002279e-01,   -1.3537399471e-01,
    6.0720002651e-01,   -2.5734600425e-01,    6.0720002651e-01,    4.4464099884e+01,    6.0720002651e-01,   -1.0748899728e-01,
    6.0829997063e-01,   -6.1030197144e-01,    6.0829997063e-01,    4.7913101196e+01,    6.0829997063e-01,   -1.8571199477e-01,
    6.0939997435e-01,   -2.3076200485e-01,    6.0939997435e-01,    4.5661998749e+01,    6.0939997435e-01,   -1.6916400194e-01,
    6.1049997807e-01,   -6.4756500721e-01,    6.1049997807e-01,    4.7548599243e+01,    6.1049997807e-01,   -1.5254800022e-01,
    6.1159998178e-01,   -1.6145899892e-01,    6.1159998178e-01,    4.8004798889e+01,    6.1159998178e-01,   -1.9595299661e-01,
    6.1269998550e-01,   -6.2410598993e-01,    6.1269998550e-01,    4.7062099457e+01,    6.1269998550e-01,   -1.8984100223e-01,
    6.1379998922e-01,   -2.1147300303e-01,    6.1379998922e-01,    5.0621498108e+01,    6.1379998922e-01,   -1.7521999776e-01,
    6.1489999294e-01,   -6.0149198771e-01,    6.1489999294e-01,    4.6968299866e+01,    6.1489999294e-01,   -2.1809199452e-01,
    6.1599999666e-01,   -2.8311899304e-01,    6.1599999666e-01,    5.2862098694e+01,    6.1599999666e-01,   -1.1371500045e-01,
    6.1710000038e-01,   -6.4070302248e-01,    6.1710000038e-01,    4.7103801727e+01,    6.1710000038e-01,   -2.0828700066e-01,
    6.1820000410e-01,   -5.3468000889e-01,    6.1820000410e-01,    5.4481899261e+01,    6.1820000410e-01,   -4.8841100186e-02,
    6.1930000782e-01,   -3.5833698511e-01,    6.1930000782e-01,    4.7855499268e+01,    6.1930000782e-01,   -1.1795599759e-01,
    6.2040001154e-01,   -6.2511700392e-01,    6.2040001154e-01,    5.5133899689e+01,    6.2040001154e-01,   -6.8806901574e-02,
    6.2150001526e-01,   -5.5429199710e-03,    6.2150001526e-01,    4.9306098938e+01,    6.2150001526e-01,   -1.0552600026e-01,
    6.2260001898e-01,   -8.8526302576e-01,    6.2260001898e-01,    5.5124401093e+01,    6.2260001898e-01,   -5.5287800729e-02,
    6.2370002270e-01,    2.2310400009e-01,    6.2370002270e-01,    5.1397300720e+01,    6.2370002270e-01,   -5.8478601277e-02,
    6.2480002642e-01,   -1.1622600555e+00,    6.2480002642e-01,    5.4411300659e+01,    6.2480002642e-01,    1.6251100227e-02,
    6.2589997053e-01,    2.9737299681e-01,    6.2589997053e-01,    5.3401798248e+01,    6.2589997053e-01,   -4.4638399035e-02,
    6.2699997425e-01,   -1.3497999907e+00,    6.2699997425e-01,    5.2888900757e+01,    6.2699997425e-01,    3.8528498262e-02,
    6.2809997797e-01,    3.5339000821e-01,    6.2809997797e-01,    5.4943401337e+01,    6.2809997797e-01,    4.4709701091e-02,
    6.2919998169e-01,   -1.4239499569e+00,    6.2919998169e-01,    5.1017200470e+01,    6.2919998169e-01,    2.0550299436e-02,
    6.3029998541e-01,    3.5497000813e-01,    6.3029998541e-01,    5.5913799286e+01,    6.3029998541e-01,    7.9291202128e-02,
    6.3139998913e-01,   -1.2920999527e+00,    6.3139998913e-01,    4.9451999664e+01,    6.3139998913e-01,    7.8525498509e-02,
    6.3249999285e-01,    2.3796799779e-01,    6.3249999285e-01,    5.6419200897e+01,    6.3249999285e-01,    8.3417803049e-02,
    6.3359999657e-01,   -9.5867502689e-01,    6.3359999657e-01,    4.8263099670e+01,    6.3359999657e-01,    1.1268199980e-01,
    6.3470000029e-01,   -6.4351096749e-02,    6.3470000029e-01,    5.6054500580e+01,    6.3470000029e-01,    7.8718103468e-02,
    6.3580000401e-01,   -4.3032300472e-01,    6.3580000401e-01,    4.7544399261e+01,    6.3580000401e-01,    7.6958701015e-02,
    6.3690000772e-01,   -2.5233700871e-01,    6.3690000772e-01,    5.5236900330e+01,    6.3690000772e-01,    1.5205700696e-01,
    6.3800001144e-01,    4.6527200937e-01,    6.3800001144e-01,    4.8103599548e+01,    6.3800001144e-01,    8.2975201309e-02,
    6.3910001516e-01,   -9.4972199202e-01,    6.3910001516e-01,    5.4076400757e+01,    6.3910001516e-01,    1.8271000683e-01,
    6.4020001888e-01,    1.1447900534e+00,    6.4020001888e-01,    4.9381999969e+01,    6.4020001888e-01,    8.6582899094e-02,
    6.4130002260e-01,   -1.6907999516e+00,    6.4130002260e-01,    5.2536499023e+01,    6.4130002260e-01,    1.5093499422e-01,
    6.4240002632e-01,    1.5756200552e+00,    6.4240002632e-01,    5.0958698273e+01,    6.4240002632e-01,    1.0058899969e-01,
    6.4349997044e-01,   -2.0506498814e+00,    6.4349997044e-01,    5.0902599335e+01,    6.4349997044e-01,    8.2843400538e-02,
    6.4459997416e-01,    1.8875900507e+00,    6.4459997416e-01,    5.3009399414e+01,    6.4459997416e-01,    1.1835099757e-01,
    6.4569997787e-01,   -2.1004099846e+00,    6.4569997787e-01,    4.9485500336e+01,    6.4569997787e-01,    8.8526301086e-02,
    6.4679998159e-01,    1.8850500584e+00,    6.4679998159e-01,    5.4706401825e+01,    6.4679998159e-01,    1.1101499945e-01,
    6.4789998531e-01,   -1.8733799458e+00,    6.4789998531e-01,    4.8380001068e+01,    6.4789998531e-01,    1.0896199942e-01,
    6.4899998903e-01,    1.7760200500e+00,    6.4899998903e-01,    5.5754798889e+01,    6.4899998903e-01,    2.3532299325e-02,
    6.5009999275e-01,   -1.2963099480e+00,    6.5009999275e-01,    4.7611400604e+01,    6.5009999275e-01,    1.1778800189e-01,
    6.5119999647e-01,    1.3798400164e+00,    6.5119999647e-01,    5.5852001190e+01,    6.5119999647e-01,    1.5465300530e-03,
    6.5230000019e-01,   -2.5457599759e-01,    6.5230000019e-01,    4.7277900696e+01,    6.5230000019e-01,    7.8762203455e-02,
    6.5340000391e-01,    4.9159198999e-01,    6.5340000391e-01,    5.5508998871e+01,    6.5340000391e-01,    2.9011299834e-02,
    6.5450000763e-01,    1.0041099787e+00,    6.5450000763e-01,    4.8005298615e+01,    6.5450000763e-01,    2.3105999455e-02,
    6.5560001135e-01,   -6.6400098801e-01,    6.5560001135e-01,    5.4393699646e+01,    6.5560001135e-01,    1.7236299813e-02,
    6.5670001507e-01,    2.4099900723e+00,    6.5670001507e-01,    4.9379901886e+01,    6.5670001507e-01,   -1.3787600619e-04,
    6.5780001879e-01,   -1.8588800430e+00,    6.5780001879e-01,    5.3012798309e+01,    6.5780001879e-01,    7.6873399317e-02,
    6.5890002251e-01,    3.3243598938e+00,    6.5890002251e-01,    5.1365398407e+01,    6.5890002251e-01,   -5.5244199932e-02,
    6.6000002623e-01,   -2.7880098820e+00,    6.6000002623e-01,    5.1333599091e+01,    6.6000002623e-01,    6.3951402903e-02,
    6.6109997034e-01,    3.6979200840e+00,    6.6109997034e-01,    5.3316398621e+01,    6.6109997034e-01,   -7.0414997637e-02,
    6.6219997406e-01,   -3.2351200581e+00,    6.6219997406e-01,    5.0392398834e+01,    6.6219997406e-01,    3.2042298466e-02,
    6.6329997778e-01,    3.5090699196e+00,    6.6329997778e-01,    5.6158901215e+01,    6.6329997778e-01,   -9.5259301364e-02,
    6.6439998150e-01,   -2.9721300602e+00,    6.6439998150e-01,    5.0315700531e+01,    6.6439998150e-01,    3.4072600305e-02,
    6.6549998522e-01,    2.8454399109e+00,    6.6549998522e-01,    5.8485900879e+01,    6.6549998522e-01,   -1.7538900673e-01,
    6.6659998894e-01,   -1.9746700525e+00,    6.6659998894e-01,    5.0467300415e+01,    6.6659998894e-01,    2.6785999537e-02,
    6.6769999266e-01,    1.7453399897e+00,    6.6769999266e-01,    5.9684200287e+01,    6.6769999266e-01,   -2.4508599937e-01,
    6.6879999638e-01,   -3.3825600147e-01,    6.6879999638e-01,    5.1116401672e+01,    6.6879999638e-01,   -1.2392800301e-02,
    6.6990000010e-01,    1.2356399745e-01,    6.6990000010e-01,    5.9810798645e+01,    6.6990000010e-01,   -2.4587999284e-01,
    6.7100000381e-01,    1.5666500330e+00,    6.7100000381e-01,    5.2459598541e+01,    6.7100000381e-01,   -9.8663099110e-02,
    6.7210000753e-01,   -1.8166400194e+00,    6.7210000753e-01,    5.9107799530e+01,    6.7210000753e-01,   -1.7409500480e-01,
    6.7320001125e-01,    3.2781500816e+00,    6.7320001125e-01,    5.4574100494e+01,    6.7320001125e-01,   -1.9322699308e-01,
    6.7430001497e-01,   -3.5831599236e+00,    6.7430001497e-01,    5.7930500031e+01,    6.7430001497e-01,   -1.2059400231e-01,
    6.7540001869e-01,    4.2942800522e+00,    6.7540001869e-01,    5.7190101624e+01,    6.7540001869e-01,   -1.7015600204e-01,
    6.7650002241e-01,   -4.8532199860e+00,    6.7650002241e-01,    5.6557098389e+01,    6.7650002241e-01,   -5.2139900625e-02,
    6.7760002613e-01,    4.4398498535e+00,    6.7760002613e-01,    5.9506599426e+01,    6.7760002613e-01,   -1.8605700135e-01,
    6.7869997025e-01,   -5.1222400665e+00,    6.7869997025e-01,    5.4316299438e+01,    6.7869997025e-01,   -1.2234300375e-02,
    6.7979997396e-01,    3.9229600430e+00,    6.7979997396e-01,    6.0307598114e+01,    6.7979997396e-01,   -2.8478300571e-01,
    6.8089997768e-01,   -4.4143300056e+00,    6.8089997768e-01,    5.2717998505e+01,    6.8089997768e-01,    6.6177598201e-03,
    6.8199998140e-01,    2.9196100235e+00,    6.8199998140e-01,    6.1122299194e+01,    6.8199998140e-01,   -2.3409500718e-01,
    6.8309998512e-01,   -2.8102600574e+00,    6.8309998512e-01,    5.2035999298e+01,    6.8309998512e-01,   -3.3592201769e-02,
    6.8419998884e-01,    1.2378100157e+00,    6.8419998884e-01,    6.1183898926e+01,    6.8419998884e-01,   -2.4767799675e-01,
    6.8529999256e-01,   -2.9805299640e-01,    6.8529999256e-01,    5.2049800873e+01,    6.8529999256e-01,   -8.7459199131e-02,
    6.8639999628e-01,   -1.0646699667e+00,    6.8639999628e-01,    6.0664398193e+01,    6.8639999628e-01,   -1.4935700595e-01,
    6.8750000000e-01,    2.3888099194e+00,    6.8750000000e-01,    5.3038700104e+01,    6.8750000000e-01,   -1.7809000611e-01,
    6.8860000372e-01,   -3.7348699570e+00,    6.8860000372e-01,    5.9433998108e+01,    6.8860000372e-01,   -1.9983600080e-01,
    6.8970000744e-01,    4.7918200493e+00,    6.8970000744e-01,    5.4899501801e+01,    6.8970000744e-01,   -1.9486999512e-01,
    6.9080001116e-01,   -5.9830298424e+00,    6.9080001116e-01,    5.7801300049e+01,    6.9080001116e-01,   -2.2827500105e-01,
    6.9190001488e-01,    6.3004298210e+00,    6.9190001488e-01,    5.7428699493e+01,    6.9190001488e-01,   -1.2054499984e-01,
    6.9300001860e-01,   -7.3687000275e+00,    6.9300001860e-01,    5.6377601624e+01,    6.9300001860e-01,   -2.1151700616e-01,
    6.9410002232e-01,    6.5486698151e+00,    6.9410002232e-01,    6.0173198700e+01,    6.9410002232e-01,   -1.0692699999e-01,
    6.9520002604e-01,   -7.4787201881e+00,    6.9520002604e-01,    5.5383098602e+01,    6.9520002604e-01,   -1.3529700041e-01,
    6.9630002975e-01,    5.7597198486e+00,    6.9630002975e-01,    6.2182399750e+01,    6.9630002975e-01,   -1.9758500159e-01,
    6.9739997387e-01,   -6.0087199211e+00,    6.9739997387e-01,    5.4848098755e+01,    6.9739997387e-01,   -9.5114901662e-02,
    6.9849997759e-01,    4.0101900101e+00,    6.9849997759e-01,    6.3779399872e+01,    6.9849997759e-01,   -2.4373100698e-01,
    6.9959998131e-01,   -3.1371300220e+00,    6.9959998131e-01,    5.4956501007e+01,    6.9959998131e-01,   -1.0189600289e-01,
    7.0069998503e-01,    1.3852499723e+00,    7.0069998503e-01,    6.4267700195e+01,    7.0069998503e-01,   -1.9794900715e-01,
    7.0179998875e-01,    6.6680300236e-01,    7.0179998875e-01,    5.5998600006e+01,    7.0179998875e-01,   -1.4113600552e-01,
    7.0289999247e-01,   -1.8651200533e+00,    7.0289999247e-01,    6.4385398865e+01,    7.0289999247e-01,   -1.6503599286e-01,
    7.0399999619e-01,    4.5374298096e+00,    7.0399999619e-01,    5.7965000153e+01,    7.0399999619e-01,   -1.6172100604e-01,
    7.0509999990e-01,   -5.5147600174e+00,    7.0509999990e-01,    6.3434101105e+01,    7.0509999990e-01,   -1.6587099433e-01,
    7.0620000362e-01,    7.5129699707e+00,    7.0620000362e-01,    5.9989898682e+01,    7.0620000362e-01,   -1.2856900692e-01,
    7.0730000734e-01,   -8.5491800308e+00,    7.0730000734e-01,    6.1435501099e+01,    7.0730000734e-01,   -1.1348800361e-01,
    7.0840001106e-01,    8.8886003494e+00,    7.0840001106e-01,    6.2180301666e+01,    7.0840001106e-01,   -5.2476301789e-02,
    7.0950001478e-01,   -1.0004300117e+01,    7.0950001478e-01,    5.9458198547e+01,    7.0950001478e-01,   -3.6724701524e-02,
    7.1060001850e-01,    8.6175298691e+00,    7.1060001850e-01,    6.3855800629e+01,    7.1060001850e-01,   -6.1079401523e-02,
    7.1170002222e-01,   -9.2339897156e+00,    7.1170002222e-01,    5.8119499207e+01,    7.1170002222e-01,    3.0091300607e-02,
    7.1280002594e-01,    6.6753602028e+00,    7.1280002594e-01,    6.5146697998e+01,    7.1280002594e-01,   -5.5524300784e-02,
    7.1390002966e-01,   -6.6951298714e+00,    7.1390002966e-01,    5.7304798126e+01,    7.1390002966e-01,   -1.2488299981e-02,
    7.1499997377e-01,    3.5622498989e+00,    7.1499997377e-01,    6.5553497314e+01,    7.1499997377e-01,   -4.9884200096e-02,
    7.1609997749e-01,   -2.3721699715e+00,    7.1609997749e-01,    5.6987201691e+01,    7.1609997749e-01,   -2.7667799965e-02,
    7.1719998121e-01,   -4.6092700958e-01,    7.1719998121e-01,    6.4893302917e+01,    7.1719998121e-01,    1.3374400325e-02,
    7.1829998493e-01,    2.7769999504e+00,    7.1829998493e-01,    5.7436100006e+01,    7.1829998493e-01,   -7.7232100070e-02,
    7.1939998865e-01,   -5.2026500702e+00,    7.1939998865e-01,    6.3861301422e+01,    7.1939998865e-01,   -1.0619999841e-02,
    7.2049999237e-01,    7.4896697998e+00,    7.2049999237e-01,    5.9016300201e+01,    7.2049999237e-01,   -1.1981400102e-01,
    7.2159999609e-01,   -9.7888402939e+00,    7.2159999609e-01,    6.2499298096e+01,    7.2159999609e-01,   -6.8298198283e-02,
    7.2269999981e-01,    1.0462100029e+01,    7.2269999981e-01,    6.1456901550e+01,    7.2269999981e-01,    2.1519200876e-02,
    7.2380000353e-01,   -1.2927399635e+01,    7.2380000353e-01,    6.1034500122e+01,    7.2380000353e-01,   -1.0592799634e-01,
    7.2490000725e-01,    1.1269399643e+01,    7.2490000725e-01,    6.3954700470e+01,    7.2490000725e-01,    9.5899000764e-02,
    7.2600001097e-01,   -1.3520899773e+01,    7.2600001097e-01,    5.9538600922e+01,    7.2600001097e-01,   -4.1237998754e-02,
    7.2710001469e-01,    9.6518201828e+00,    7.2710001469e-01,    6.5263298035e+01,    7.2710001469e-01,    4.8547700047e-02,
    7.2820001841e-01,   -1.1102600098e+01,    7.2820001841e-01,    5.8916599274e+01,    7.2820001841e-01,   -1.0471600108e-02,
    7.2930002213e-01,    6.0056400299e+00,    7.2930002213e-01,    6.6403396606e+01,    7.2930002213e-01,   -1.3304900378e-02,
    7.3040002584e-01,   -6.1040902138e+00,    7.3040002584e-01,    5.8820098877e+01,    7.3040002584e-01,   -1.4330499806e-02,
    7.3150002956e-01,    9.8869502544e-01,    7.3150002956e-01,    6.6444702148e+01,    7.3150002956e-01,    4.8931900412e-02,
    7.3259997368e-01,    3.1597998738e-01,    7.3259997368e-01,    5.9493301392e+01,    7.3259997368e-01,    5.4849698208e-03,
    7.3369997740e-01,   -4.7325401306e+00,    7.3369997740e-01,    6.6446296692e+01,    7.3369997740e-01,    4.9765400589e-02,
    7.3479998112e-01,    6.6096701622e+00,    7.3479998112e-01,    6.0923801422e+01,    7.3479998112e-01,   -5.2250400186e-02,
    7.3589998484e-01,   -1.0223899841e+01,    7.3589998484e-01,    6.5166999817e+01,    7.3589998484e-01,    3.5259898752e-02,
    7.3699998856e-01,    1.1152999878e+01,    7.3699998856e-01,    6.2849998474e+01,    7.3699998856e-01,   -1.0544600082e-04,
    7.3809999228e-01,   -1.4409000397e+01,    7.3809999228e-01,    6.2893001556e+01,    7.3809999228e-01,   -2.8290800750e-02,
    7.3919999599e-01,    1.3007200241e+01,    7.3919999599e-01,    6.3867099762e+01,    7.3919999599e-01,    4.4466100633e-02,
    7.4029999971e-01,   -1.5847700119e+01,    7.4029999971e-01,    6.0528900146e+01,    7.4029999971e-01,   -6.2704801559e-02,
    7.4140000343e-01,    1.2011799812e+01,    7.4140000343e-01,    6.5466400146e+01,    7.4140000343e-01,    9.3378499150e-02,
    7.4250000715e-01,   -1.3864000320e+01,    7.4250000715e-01,    5.9334201813e+01,    7.4250000715e-01,    3.7587698549e-02,
    7.4360001087e-01,    8.4804401398e+00,    7.4360001087e-01,    6.5982597351e+01,    7.4360001087e-01,    1.1965099722e-01,
    7.4470001459e-01,   -8.8340797424e+00,    7.4470001459e-01,    5.8515499115e+01,    7.4470001459e-01,    8.7400399148e-02,
    7.4580001831e-01,    3.1048300266e+00,    7.4580001831e-01,    6.5600700378e+01,    7.4580001831e-01,    2.4638799950e-02,
    7.4690002203e-01,   -1.8090100288e+00,    7.4690002203e-01,    5.8485000610e+01,    7.4690002203e-01,    1.5545099974e-01,
    7.4800002575e-01,   -3.1201100349e+00,    7.4800002575e-01,    6.5356597900e+01,    7.4800002575e-01,    1.6943100840e-02,
    7.4910002947e-01,    5.5242300034e+00,    7.4910002947e-01,    5.9799301147e+01,    7.4910002947e-01,    2.8073100373e-02,
    7.5019997358e-01,   -9.4430303574e+00,    7.5019997358e-01,    6.4381599426e+01,    7.5019997358e-01,   -7.9285703599e-02,
    7.5129997730e-01,    1.1485099792e+01,    7.5129997730e-01,    6.1353298187e+01,    7.5129997730e-01,   -4.8287898302e-02,
    7.5239998102e-01,   -1.4532600403e+01,    7.5239998102e-01,    6.2670898438e+01,    7.5239998102e-01,   -2.0564499497e-01,
    7.5349998474e-01,    1.4610600471e+01,    7.5349998474e-01,    6.2922000885e+01,    7.5349998474e-01,   -1.0350299999e-02,
    7.5459998846e-01,   -1.6901300430e+01,    7.5459998846e-01,    6.0177299500e+01,    7.5459998846e-01,   -3.0526700616e-01,
    7.5569999218e-01,    1.4382100105e+01,    7.5569999218e-01,    6.3909000397e+01,    7.5569999218e-01,   -7.2114497423e-02,
    7.5679999590e-01,   -1.5538900375e+01,    7.5679999590e-01,    5.8328601837e+01,    7.5679999590e-01,   -2.7226901054e-01,
    7.5789999962e-01,    1.1262999535e+01,    7.5789999962e-01,    6.4122001648e+01,    7.5789999962e-01,   -1.1503600329e-01,
    7.5900000334e-01,   -1.0710200310e+01,    7.5900000334e-01,    5.6764499664e+01,    7.5900000334e-01,   -2.0319899917e-01,
    7.6010000706e-01,    5.9294900894e+00,    7.6010000706e-01,    6.3229801178e+01,    7.6010000706e-01,   -1.9938400388e-01,
    7.6120001078e-01,   -3.6200799942e+00,    7.6120001078e-01,    5.5940601349e+01,    7.6120001078e-01,   -2.0689000189e-01,
    7.6230001450e-01,   -5.1948398352e-01,    7.6230001450e-01,    6.2028999329e+01,    7.6230001450e-01,   -2.3971700668e-01,
    7.6340001822e-01,    4.0234699249e+00,    7.6340001822e-01,    5.6172599792e+01,    7.6340001822e-01,   -8.5882499814e-02,
    7.6450002193e-01,   -7.5334300995e+00,    7.6450002193e-01,    6.1049301147e+01,    7.6450002193e-01,   -2.6587298512e-01,
    7.6560002565e-01,    1.0806799889e+01,    7.6560002565e-01,    5.7649600983e+01,    7.6560002565e-01,   -1.7336699367e-01,
    7.6670002937e-01,   -1.3582900047e+01,    7.6670002937e-01,    5.9912101746e+01,    7.6670002937e-01,   -3.2711800933e-01,
    7.6779997349e-01,    1.5284600258e+01,    7.6779997349e-01,    5.9296100616e+01,    7.6779997349e-01,   -1.6827100515e-01,
    7.6889997721e-01,   -1.7326200485e+01,    7.6889997721e-01,    5.8367401123e+01,    7.6889997721e-01,   -3.4987300634e-01,
    7.6999998093e-01,    1.6136600494e+01,    7.6999998093e-01,    6.1505798340e+01,    7.6999998093e-01,   -1.1319400370e-01,
    7.7109998465e-01,   -1.7165100098e+01,    7.7109998465e-01,    5.8048000336e+01,    7.7109998465e-01,   -4.0035399795e-01,
    7.7219998837e-01,    1.3694299698e+01,    7.7219998837e-01,    6.3843200684e+01,    7.7219998837e-01,   -4.0971800685e-02,
    7.7329999208e-01,   -1.2852399826e+01,    7.7329999208e-01,    5.8451499939e+01,    7.7329999208e-01,   -2.7244600654e-01,
    7.7439999580e-01,    8.3957700729e+00,    7.7439999580e-01,    6.5007698059e+01,    7.7439999580e-01,    2.0884200931e-02,
    7.7549999952e-01,   -5.5038499832e+00,    7.7549999952e-01,    5.9124801636e+01,    7.7549999952e-01,   -1.7078800499e-01,
    7.7660000324e-01,    1.0179200172e+00,    7.7660000324e-01,    6.5391700745e+01,    7.7660000324e-01,   -3.4649901092e-02,
    7.7770000696e-01,    3.0427598953e+00,    7.7770000696e-01,    6.0238498688e+01,    7.7770000696e-01,   -5.1526900381e-02,
    7.7880001068e-01,   -6.7423901558e+00,    7.7880001068e-01,    6.5053802490e+01,    7.7880001068e-01,    6.8092900328e-03,
    7.7990001440e-01,    1.0980099678e+01,    7.7990001440e-01,    6.1212398529e+01,    7.7990001440e-01,    8.1338196993e-02,
    7.8100001812e-01,   -1.3655400276e+01,    7.8100001812e-01,    6.3207298279e+01,    7.8100001812e-01,   -1.3656400144e-01,
    7.8210002184e-01,    1.6448699951e+01,    7.8210002184e-01,    6.2007499695e+01,    7.8210002184e-01,    2.1908599883e-02,
    7.8320002556e-01,   -1.8526899338e+01,    7.8320002556e-01,    6.0212398529e+01,    7.8320002556e-01,   -2.3012199998e-01,
    7.8430002928e-01,    1.8443199158e+01,    7.8430002928e-01,    6.2701000214e+01,    7.8430002928e-01,   -4.4650197960e-03,
    7.8539997339e-01,   -1.9416900635e+01,    7.8539997339e-01,    5.8869400024e+01,    7.8539997339e-01,   -2.6284199953e-01,
    7.8649997711e-01,    1.6292200089e+01,    7.8649997711e-01,    6.4242698669e+01,    7.8649997711e-01,    2.4556800723e-02,
    7.8759998083e-01,   -1.5817799568e+01,    7.8759998083e-01,    5.9076099396e+01,    7.8759998083e-01,   -3.1381800771e-01,
    7.8869998455e-01,    1.0854100227e+01,    7.8869998455e-01,    6.5627403259e+01,    7.8869998455e-01,    1.4603200555e-01,
    7.8979998827e-01,   -8.4132003784e+00,    7.8979998827e-01,    5.9835601807e+01,    7.8979998827e-01,   -1.3901099563e-01,
    7.9089999199e-01,    2.9996099472e+00,    7.9089999199e-01,    6.6120597839e+01,    7.9089999199e-01,    1.1764399707e-01,
    7.9199999571e-01,    1.0743600130e+00,    7.9199999571e-01,    6.0761100769e+01,    7.9199999571e-01,   -6.5874896944e-02,
    7.9309999943e-01,   -5.8069100380e+00,    7.9309999943e-01,    6.5869499207e+01,    7.9309999943e-01,   -4.1432399303e-02,
    7.9420000315e-01,    1.0362999916e+01,    7.9420000315e-01,    6.2452400208e+01,    7.9420000315e-01,   -5.2084200084e-02,
    7.9530000687e-01,   -1.3862600327e+01,    7.9530000687e-01,    6.5443199158e+01,    7.9530000687e-01,   -1.6319599748e-01,
    7.9640001059e-01,    1.7219299316e+01,    7.9640001059e-01,    6.3433200836e+01,    7.9640001059e-01,    1.1378300376e-02,
    7.9750001431e-01,   -1.9808700562e+01,    7.9750001431e-01,    6.2995300293e+01,    7.9750001431e-01,   -3.4109100699e-01,
    7.9860001802e-01,    2.0207899094e+01,    7.9860001802e-01,    6.4636100769e+01,    7.9860001802e-01,   -1.1223500222e-01,
    7.9970002174e-01,   -2.1832500458e+01,    7.9970002174e-01,    6.1939498901e+01,    7.9970002174e-01,   -3.6418300867e-01,
    8.0080002546e-01,    1.8876399994e+01,    8.0080002546e-01,    6.6457099915e+01,    8.0080002546e-01,   -2.1504800022e-01,
    8.0190002918e-01,   -1.9039199829e+01,    8.0190002918e-01,    6.1545398712e+01,    8.0190002918e-01,   -4.7487899661e-01,
    8.0299997330e-01,    1.3801099777e+01,    8.0299997330e-01,    6.7008697510e+01,    8.0299997330e-01,   -1.5492799878e-01,
    8.0409997702e-01,   -1.2038599968e+01,    8.0409997702e-01,    6.1502799988e+01,    8.0409997702e-01,   -4.5796000957e-01,
    8.0519998074e-01,    6.0938200951e+00,    8.0519998074e-01,    6.7537498474e+01,    8.0519998074e-01,    6.1968998052e-03,
    8.0629998446e-01,   -2.3701899052e+00,    8.0629998446e-01,    6.1998500824e+01,    8.0629998446e-01,   -1.7836999893e-01,
    8.0739998817e-01,   -2.6377899647e+00,    8.0739998817e-01,    6.7386100769e+01,    8.0739998817e-01,   -1.1587600224e-02,
    8.0849999189e-01,    7.3440399170e+00,    8.0849999189e-01,    6.2760501862e+01,    8.0849999189e-01,   -8.7885096669e-02,
    8.0959999561e-01,   -1.1558600426e+01,    8.0959999561e-01,    6.6644897461e+01,    8.0959999561e-01,   -3.9869800210e-02,
    8.1069999933e-01,    1.5782699585e+01,    8.1069999933e-01,    6.4444000244e+01,    8.1069999933e-01,    1.9503299147e-02,
    8.1180000305e-01,   -1.8732599258e+01,    8.1180000305e-01,    6.5944602966e+01,    8.1180000305e-01,   -2.1402299404e-01,
    8.1290000677e-01,    2.0564199448e+01,    8.1290000677e-01,    6.6486297607e+01,    8.1290000677e-01,    2.5242999196e-02,
    8.1400001049e-01,   -2.2712400436e+01,    8.1400001049e-01,    6.5337699890e+01,    8.1400001049e-01,   -2.6396599412e-01,
    8.1510001421e-01,    2.0637699127e+01,    8.1510001421e-01,    6.8346397400e+01,    8.1510001421e-01,   -9.1751500964e-02,
    8.1620001793e-01,   -2.1497299194e+01,    8.1620001793e-01,    6.5310401917e+01,    8.1620001793e-01,   -1.6470900178e-01,
    8.1730002165e-01,    1.6786600113e+01,    8.1730002165e-01,    7.0212196350e+01,    8.1730002165e-01,    1.7695000395e-02,
    8.1840002537e-01,   -1.6024499893e+01,    8.1840002537e-01,    6.5666496277e+01,    8.1840002537e-01,   -1.5913000703e-01,
    8.1950002909e-01,    9.7398996353e+00,    8.1950002909e-01,    7.1158096313e+01,    8.1950002909e-01,   -2.9141699895e-02,
    8.2059997320e-01,   -7.3867201805e+00,    8.2059997320e-01,    6.5808502197e+01,    8.2059997320e-01,   -8.4003500640e-02,
    8.2169997692e-01,    9.5621997118e-01,    8.2169997692e-01,    7.0762702942e+01,    8.2169997692e-01,   -1.1076799780e-01,
    8.2279998064e-01,    3.1528499126e+00,    8.2279998064e-01,    6.5830101013e+01,    8.2279998064e-01,   -2.0160800777e-03,
    8.2389998436e-01,   -8.3655700684e+00,    8.2389998436e-01,    6.9443801880e+01,    8.2389998436e-01,    1.6711099073e-02,
    8.2499998808e-01,    1.2533300400e+01,    8.2499998808e-01,    6.6067298889e+01,    8.2499998808e-01,    1.5070499480e-01,
    8.2609999180e-01,   -1.6954599380e+01,    8.2609999180e-01,    6.7342300415e+01,    8.2609999180e-01,   -3.2508999109e-02,
    8.2719999552e-01,    1.9285800934e+01,    8.2719999552e-01,    6.6081497192e+01,    8.2719999552e-01,    1.6427099705e-01,
    8.2829999924e-01,   -2.3064399719e+01,    8.2829999924e-01,    6.5291603088e+01,    8.2829999924e-01,   -8.6594097316e-02,
    8.2940000296e-01,    2.2236900330e+01,    8.2940000296e-01,    6.6599197388e+01,    8.2940000296e-01,   -1.0445799679e-01,
    8.3050000668e-01,   -2.4646200180e+01,    8.3050000668e-01,    6.3992801666e+01,    8.3050000668e-01,   -9.9014796317e-02,
    8.3160001040e-01,    2.0298099518e+01,    8.3160001040e-01,    6.7553703308e+01,    8.3160001040e-01,   -4.7612499446e-02,
    8.3270001411e-01,   -2.0861900330e+01,    8.3270001411e-01,    6.4388298035e+01,    8.3270001411e-01,   -1.2849000096e-01,
    8.3380001783e-01,    1.4206899643e+01,    8.3380001783e-01,    6.9419197083e+01,    8.3380001783e-01,    1.4747899771e-01,
    8.3490002155e-01,   -1.2814000130e+01,    8.3490002155e-01,    6.5404701233e+01,    8.3490002155e-01,   -1.2761999667e-01,
    8.3600002527e-01,    5.6650800705e+00,    8.3600002527e-01,    7.0021400452e+01,    8.3600002527e-01,    3.0288499594e-01,
    8.3710002899e-01,   -2.7421000004e+00,    8.3710002899e-01,    6.5850502014e+01,    8.3710002899e-01,    4.9173701555e-02,
    8.3819997311e-01,   -4.2494001389e+00,    8.3819997311e-01,    6.9424499512e+01,    8.3819997311e-01,   -3.2917100936e-02,
    8.3929997683e-01,    7.9198799133e+00,    8.3929997683e-01,    6.6101501465e+01,    8.3929997683e-01,    2.6607200503e-01,
    8.4039998055e-01,   -1.4274999619e+01,    8.4039998055e-01,    6.8600502014e+01,    8.4039998055e-01,   -9.3448199332e-02,
    8.4149998426e-01,    1.6769199371e+01,    8.4149998426e-01,    6.7185699463e+01,    8.4149998426e-01,    2.2477200627e-01,
    8.4259998798e-01,   -2.1970899582e+01,    8.4259998798e-01,    6.7549896240e+01,    8.4259998798e-01,   -8.9024096727e-02,
    8.4369999170e-01,    2.2289300919e+01,    8.4369999170e-01,    6.7922698975e+01,    8.4369999170e-01,    8.2799300551e-02,
    8.4479999542e-01,   -2.5925600052e+01,    8.4479999542e-01,    6.6483200073e+01,    8.4479999542e-01,   -5.2886601537e-02,
    8.4589999914e-01,    2.3491500854e+01,    8.4589999914e-01,    6.9434196472e+01,    8.4589999914e-01,    9.3134202063e-02,
    8.4700000286e-01,   -2.4712799072e+01,    8.4700000286e-01,    6.6413597107e+01,    8.4700000286e-01,    1.8418699503e-02,
    8.4810000658e-01,    1.9397899628e+01,    8.4810000658e-01,    7.1202796936e+01,    8.4810000658e-01,    2.7240899205e-01,
    8.4920001030e-01,   -1.8548299789e+01,    8.4920001030e-01,    6.7452301025e+01,    8.4920001030e-01,    1.5370699763e-01,
    8.5030001402e-01,    1.1478400230e+01,    8.5030001402e-01,    7.2473899841e+01,    8.5030001402e-01,    2.8334799409e-01,
    8.5140001774e-01,   -8.7082595825e+00,    8.5140001774e-01,    6.8141998291e+01,    8.5140001774e-01,    9.8424203694e-02,
    8.5250002146e-01,    1.3390300274e+00,    8.5250002146e-01,    7.2382003784e+01,    8.5250002146e-01,    3.2132399082e-01,
    8.5360002518e-01,    3.0620000362e+00,    8.5360002518e-01,    6.8664001465e+01,    8.5360002518e-01,    3.0087500811e-01,
    8.5470002890e-01,   -9.7229604721e+00,    8.5470002890e-01,    7.1953697205e+01,    8.5470002890e-01,    4.2447399348e-02,
    8.5579997301e-01,    1.4095100403e+01,    8.5579997301e-01,    6.9948799133e+01,    8.5579997301e-01,    3.7595000863e-01,
    8.5689997673e-01,   -1.9482099533e+01,    8.5689997673e-01,    7.1656898499e+01,    8.5689997673e-01,   -1.1860900372e-01,
    8.5799998045e-01,    2.2210699081e+01,    8.5799998045e-01,    7.1313499451e+01,    8.5799998045e-01,    2.5007599592e-01,
    8.5909998417e-01,   -2.6506200790e+01,    8.5909998417e-01,    7.0413002014e+01,    8.5909998417e-01,    2.4356400594e-02,
    8.6019998789e-01,    2.5938100815e+01,    8.6019998789e-01,    7.2354698181e+01,    8.6019998789e-01,    9.6908397973e-02,
    8.6129999161e-01,   -2.7975900650e+01,    8.6129999161e-01,    7.0009101868e+01,    8.6129999161e-01,   -6.5740503371e-02,
    8.6239999533e-01,    2.4183000565e+01,    8.6239999533e-01,    7.3627098083e+01,    8.6239999533e-01,    2.1510399878e-02,
    8.6349999905e-01,   -2.4181499481e+01,    8.6349999905e-01,    6.9834297180e+01,    8.6349999905e-01,   -1.4485399425e-01,
    8.6460000277e-01,    1.7842899323e+01,    8.6460000277e-01,    7.4322700500e+01,    8.6460000277e-01,    8.0212697387e-02,
    8.6570000648e-01,   -1.5843199730e+01,    8.6570000648e-01,    6.9769699097e+01,    8.6570000648e-01,    8.0353897065e-03,
    8.6680001020e-01,    8.2424602509e+00,    8.6680001020e-01,    7.4808898926e+01,    8.6680001020e-01,    1.6815400124e-01,
    8.6790001392e-01,   -4.2470197678e+00,    8.6790001392e-01,    7.0376403809e+01,    8.6790001392e-01,    1.3744699955e-01,
    8.6900001764e-01,   -3.1107199192e+00,    8.6900001764e-01,    7.4715797424e+01,    8.6900001764e-01,    2.2327899933e-01,
    8.7010002136e-01,    8.0696802139e+00,    8.7010002136e-01,    7.1309600830e+01,    8.7010002136e-01,    2.9166999459e-01,
    8.7120002508e-01,   -1.4583900452e+01,    8.7120002508e-01,    7.4108703613e+01,    8.7120002508e-01,    9.0160600841e-02,
    8.7230002880e-01,    1.8547500610e+01,    8.7230002880e-01,    7.2198997498e+01,    8.7230002880e-01,    2.8463101387e-01,
    8.7339997292e-01,   -2.3864500046e+01,    8.7339997292e-01,    7.3137298584e+01,    8.7339997292e-01,   -1.7642800510e-01,
    8.7449997663e-01,    2.5480600357e+01,    8.7449997663e-01,    7.3442100525e+01,    8.7449997663e-01,    3.6908298731e-02,
    8.7559998035e-01,   -2.9224399567e+01,    8.7559998035e-01,    7.2371398926e+01,    8.7559998035e-01,   -8.4101803601e-02,
    8.7669998407e-01,    2.7004499435e+01,    8.7669998407e-01,    7.4417503357e+01,    8.7669998407e-01,    4.7427400947e-02,
    8.7779998779e-01,   -2.8901800156e+01,    8.7779998779e-01,    7.1842796326e+01,    8.7779998779e-01,    4.1402798146e-02,
    8.7889999151e-01,    2.3575500488e+01,    8.7889999151e-01,    7.5173896790e+01,    8.7889999151e-01,    1.2550300360e-01,
    8.7999999523e-01,   -2.3005899429e+01,    8.7999999523e-01,    7.1062301636e+01,    8.7999999523e-01,    1.3531999290e-01,
    8.8109999895e-01,    1.5774200439e+01,    8.8109999895e-01,    7.5487297058e+01,    8.8109999895e-01,    2.4437600374e-01,
    8.8220000267e-01,   -1.2779600143e+01,    8.8220000267e-01,    7.0718200684e+01,    8.8220000267e-01,    3.2036799192e-01,
    8.8330000639e-01,    4.8976302147e+00,    8.8330000639e-01,    7.5505302429e+01,    8.8330000639e-01,    2.7646300197e-01,
    8.8440001011e-01,   -4.1800301522e-02,    8.8440001011e-01,    7.1075103760e+01,    8.8440001011e-01,    4.3309798837e-01,
    8.8550001383e-01,   -7.2775897980e+00,    8.8550001383e-01,    7.4519500732e+01,    8.8550001383e-01,    1.0503900051e-01,
    8.8660001755e-01,    1.2428799629e+01,    8.8660001755e-01,    7.1283996582e+01,    8.8660001755e-01,    3.7437999249e-01,
    8.8770002127e-01,   -1.8566900253e+01,    8.8770002127e-01,    7.3251296997e+01,    8.8770002127e-01,    1.0022900254e-01,
    8.8880002499e-01,    2.2343900681e+01,    8.8880002499e-01,    7.1967697144e+01,    8.8880002499e-01,    1.9719700515e-01,
    8.8990002871e-01,   -2.6553400040e+01,    8.8990002871e-01,    7.2013603210e+01,    8.8990002871e-01,   -4.7705299221e-03,
    8.9099997282e-01,    2.7458599091e+01,    8.9099997282e-01,    7.2344703674e+01,    8.9099997282e-01,    9.0364396572e-02,
    8.9209997654e-01,   -2.9865299225e+01,    8.9209997654e-01,    7.0426803589e+01,    8.9209997654e-01,   -1.0017699748e-01,
    8.9319998026e-01,    2.7421899796e+01,    8.9319998026e-01,    7.2796401978e+01,    8.9319998026e-01,   -8.8782198727e-03,
    8.9429998398e-01,   -2.7808200836e+01,    8.9429998398e-01,    6.9103401184e+01,    8.9429998398e-01,   -9.8169200122e-02,
    8.9539998770e-01,    2.2545900345e+01,    8.9539998770e-01,    7.2811798096e+01,    8.9539998770e-01,    1.3841700554e-01,
    8.9649999142e-01,   -2.1101999283e+01,    8.9649999142e-01,    6.7821296692e+01,    8.9649999142e-01,    2.0368300378e-02,
    8.9759999514e-01,    1.3810299873e+01,    8.9759999514e-01,    7.2665603638e+01,    8.9759999514e-01,    1.3007299602e-01,
    8.9869999886e-01,   -1.0164899826e+01,    8.9869999886e-01,    6.7486900330e+01,    8.9869999886e-01,    1.9689500332e-01,
    8.9980000257e-01,    2.5181999207e+00,    8.9980000257e-01,    7.2816497803e+01,    8.9980000257e-01,    5.2148599178e-02,
    9.0090000629e-01,    2.8386199474e+00,    9.0090000629e-01,    6.7656402588e+01,    9.0090000629e-01,    2.0310899615e-01,
    9.0200001001e-01,   -8.8928804398e+00,    9.0200001001e-01,    7.1652999878e+01,    9.0200001001e-01,   -1.0691600293e-01,
    9.0310001373e-01,    1.4910799980e+01,    9.0310001373e-01,    6.7736900330e+01,    9.0310001373e-01,    2.0355600119e-01,
    9.0420001745e-01,   -1.9703800201e+01,    9.0420001745e-01,    7.0200798035e+01,    9.0420001745e-01,   -3.6016801000e-01,
    9.0530002117e-01,    2.3813499451e+01,    9.0530002117e-01,    6.8520797729e+01,    9.0530002117e-01,    7.2027601302e-02,
    9.0640002489e-01,   -2.7133199692e+01,    9.0640002489e-01,    6.8720802307e+01,    9.0640002489e-01,   -2.2567099333e-01,
    9.0750002861e-01,    2.8149299622e+01,    9.0750002861e-01,    6.9156501770e+01,    9.0750002861e-01,   -5.2448702045e-03,
    9.0859997272e-01,   -3.0096099854e+01,    9.0859997272e-01,    6.7511398315e+01,    9.0859997272e-01,   -2.4543100595e-01,
    9.0969997644e-01,    2.7250299454e+01,    9.0969997644e-01,    6.9896400452e+01,    9.0969997644e-01,    9.1519303620e-02,
    9.1079998016e-01,   -2.7787500381e+01,    9.1079998016e-01,    6.6556297302e+01,    9.1079998016e-01,   -2.2356200218e-01,
    9.1189998388e-01,    2.1713699341e+01,    9.1189998388e-01,    7.0719398499e+01,    9.1189998388e-01,    1.2366700172e-01,
    9.1299998760e-01,   -2.0245800018e+01,    9.1299998760e-01,    6.5403503418e+01,    9.1299998760e-01,   -1.5943999588e-01,
    9.1409999132e-01,    1.2317799568e+01,    9.1409999132e-01,    7.0437301636e+01,    9.1409999132e-01,    9.8674399778e-03,
    9.1519999504e-01,   -9.0073404312e+00,    9.1519999504e-01,    6.4092498779e+01,    9.1519999504e-01,   -7.9807996750e-02,
    9.1629999876e-01,    3.8492599130e-01,    9.1629999876e-01,    6.9708099365e+01,    9.1629999876e-01,   -1.0164099932e-01,
    9.1740000248e-01,    3.8828899860e+00,    9.1740000248e-01,    6.4009300232e+01,    9.1740000248e-01,    1.7852100730e-01,
    9.1850000620e-01,   -1.1662899971e+01,    9.1850000620e-01,    6.8530403137e+01,    9.1850000620e-01,   -1.4646500349e-01,
    9.1960000992e-01,    1.5909700394e+01,    9.1960000992e-01,    6.4093696594e+01,    9.1960000992e-01,    2.5602599978e-01,
    9.2070001364e-01,   -2.2062799454e+01,    9.2070001364e-01,    6.6663803101e+01,    9.2070001364e-01,   -1.8186199665e-01,
    9.2180001736e-01,    2.4871099472e+01,    9.2180001736e-01,    6.4769699097e+01,    9.2180001736e-01,    2.1385999396e-02,
    9.2290002108e-01,   -2.9255300522e+01,    9.2290002108e-01,    6.5194602966e+01,    9.2290002108e-01,   -1.1028099805e-02,
    9.2400002480e-01,    2.9349300385e+01,    9.2400002480e-01,    6.6140998840e+01,    9.2400002480e-01,   -1.6807800531e-01,
    9.2510002851e-01,   -3.1574800491e+01,    9.2510002851e-01,    6.4561599731e+01,    9.2510002851e-01,    1.1104200035e-01,
    9.2619997263e-01,    2.8244199753e+01,    9.2619997263e-01,    6.7449996948e+01,    9.2619997263e-01,    1.1565300077e-01,
    9.2729997635e-01,   -2.9018800735e+01,    9.2729997635e-01,    6.3903499603e+01,    9.2729997635e-01,   -9.3992203474e-03,
    9.2839998007e-01,    2.2889600754e+01,    9.2839998007e-01,    6.8176597595e+01,    9.2839998007e-01,    4.0484398603e-01,
    9.2949998379e-01,   -2.1380399704e+01,    9.2949998379e-01,    6.2473899841e+01,    9.2949998379e-01,   -1.4242899604e-02,
    9.3059998751e-01,    1.3855999947e+01,    9.3059998751e-01,    6.7394096375e+01,    9.3059998751e-01,    6.1322897673e-01,
    9.3169999123e-01,   -1.0288800240e+01,    9.3169999123e-01,    6.1229499817e+01,    9.3169999123e-01,    3.0132299662e-01,
    9.3279999495e-01,    2.3738501072e+00,    9.3279999495e-01,    6.6754096985e+01,    9.3279999495e-01,    5.3247898817e-01,
    9.3389999866e-01,    2.4828600883e+00,    9.3389999866e-01,    6.1160701752e+01,    9.3389999866e-01,    3.8417899609e-01,
    9.3500000238e-01,   -9.6212902069e+00,    9.3500000238e-01,    6.5693298340e+01,    9.3500000238e-01,    3.8725200295e-01,
    9.3610000610e-01,    1.4501999855e+01,    9.3610000610e-01,    6.1893001556e+01,    9.3610000610e-01,    4.9430400133e-01,
    9.3720000982e-01,   -2.0340400696e+01,    9.3720000982e-01,    6.4790603638e+01,    9.3720000982e-01,    2.9469400644e-01,
    9.3830001354e-01,    2.4425100327e+01,    9.3830001354e-01,    6.3139400482e+01,    9.3830001354e-01,    3.8723200560e-01,
    9.3940001726e-01,   -2.8288799286e+01,    9.3940001726e-01,    6.3744400024e+01,    9.3940001726e-01,    3.4348499775e-01,
    9.4050002098e-01,    3.0306400299e+01,    9.4050002098e-01,    6.4393699646e+01,    9.4050002098e-01,    6.4625598490e-02,
    9.4160002470e-01,   -3.2279098511e+01,    9.4160002470e-01,    6.2599399567e+01,    9.4160002470e-01,    3.4994399548e-01,
    9.4270002842e-01,    3.1516399384e+01,    9.4270002842e-01,    6.5044403076e+01,    9.4270002842e-01,    1.6558200121e-01,
    9.4379997253e-01,   -3.1475999832e+01,    9.4379997253e-01,    6.1915401459e+01,    9.4379997253e-01,    2.8302100301e-01,
    9.4489997625e-01,    2.8301599503e+01,    9.4489997625e-01,    6.7130996704e+01,    9.4489997625e-01,    3.7465000153e-01,
    9.4599997997e-01,   -2.6301099777e+01,    9.4599997997e-01,    6.2897899628e+01,    9.4599997997e-01,    7.9112499952e-02,
    9.4709998369e-01,    2.1446300507e+01,    9.4709998369e-01,    6.8809799194e+01,    9.4709998369e-01,    3.7923601270e-01,
    9.4819998741e-01,   -1.7716299057e+01,    9.4819998741e-01,    6.3364700317e+01,    9.4819998741e-01,    9.4913803041e-02,
    9.4929999113e-01,    1.1470800400e+01,    9.4929999113e-01,    6.9487701416e+01,    9.4929999113e-01,    9.6937298775e-02,
    9.5039999485e-01,   -6.3545899391e+00,    9.5039999485e-01,    6.4004997253e+01,    9.5039999485e-01,    3.2301199436e-01,
    9.5149999857e-01,    5.9698801488e-02,    9.5149999857e-01,    6.9919296265e+01,    9.5149999857e-01,    2.7413699776e-02,
    9.5260000229e-01,    5.7265400887e+00,    9.5260000229e-01,    6.5676498413e+01,    9.5260000229e-01,    4.8177099228e-01,
    9.5370000601e-01,   -1.1260999680e+01,    9.5370000601e-01,    7.0304702759e+01,    9.5370000601e-01,   -1.1369399726e-02,
    9.5480000973e-01,    1.7163900375e+01,    9.5480000973e-01,    6.7736900330e+01,    9.5480000973e-01,    4.7554400563e-01,
    9.5590001345e-01,   -2.1421600342e+01,    9.5590001345e-01,    7.0766403198e+01,    9.5590001345e-01,    1.3484999537e-01,
    9.5700001717e-01,    2.6491199493e+01,    9.5700001717e-01,    7.0869102478e+01,    9.5700001717e-01,    2.6206400990e-01,
    9.5810002089e-01,   -2.8898799896e+01,    9.5810002089e-01,    7.1480598450e+01,    9.5810002089e-01,    4.8179799318e-01,
    9.5920002460e-01,    3.1705299377e+01,    9.5920002460e-01,    7.2941398621e+01,    9.5920002460e-01,    6.7277103662e-02,
    9.6030002832e-01,   -3.2446300507e+01,    9.6030002832e-01,    7.1342300415e+01,    9.6030002832e-01,    2.5139200687e-01,
    9.6139997244e-01,    3.3674800873e+01,    9.6139997244e-01,    7.4809700012e+01,    9.6139997244e-01,   -5.7872299105e-02,
    9.6249997616e-01,   -3.2377498627e+01,    9.6249997616e-01,    7.2321296692e+01,    9.6249997616e-01,    3.5965498537e-02,
    9.6359997988e-01,    3.1582500458e+01,    9.6359997988e-01,    7.6372802734e+01,    9.6359997988e-01,   -3.3915899694e-02,
    9.6469998360e-01,   -2.8721500397e+01,    9.6469998360e-01,    7.2659500122e+01,    9.6469998360e-01,   -2.8255701065e-01,
    9.6579998732e-01,    2.5857400894e+01,    9.6579998732e-01,    7.7413902283e+01,    9.6579998732e-01,    7.7382802963e-02,
    9.6689999104e-01,   -2.1637599945e+01,    9.6689999104e-01,    7.3006599426e+01,    9.6689999104e-01,   -6.6069997847e-02,
    9.6799999475e-01,    1.7829700470e+01,    9.6799999475e-01,    7.7719200134e+01,    9.6799999475e-01,    2.9311799444e-03,
    9.6909999847e-01,   -1.2481699944e+01,    9.6909999847e-01,    7.3704902649e+01,    9.6909999847e-01,    3.0428498983e-01,
    9.7020000219e-01,    7.5113601685e+00,    9.7020000219e-01,    7.8604698181e+01,    9.7020000219e-01,   -4.8053599894e-03,
    9.7130000591e-01,   -1.7306799889e+00,    9.7130000591e-01,    7.5157096863e+01,    9.7130000591e-01,    3.4721198678e-01,
    9.7240000963e-01,   -3.5483798981e+00,    9.7240000963e-01,    7.9350502014e+01,    9.7240000963e-01,   -1.3188199699e-01,
    9.7350001335e-01,    8.4597396851e+00,    9.7350001335e-01,    7.6017303467e+01,    9.7350001335e-01,    1.1152900010e-01,
    9.7460001707e-01,   -1.3491600037e+01,    9.7460001707e-01,    7.7567497253e+01,    9.7460001707e-01,   -2.8545600176e-01,
    9.7570002079e-01,    1.7828500748e+01,    9.7570002079e-01,    7.5335197449e+01,    9.7570002079e-01,   -3.8021498919e-01,
    9.7680002451e-01,   -2.1770599365e+01,    9.7680002451e-01,    7.6460197449e+01,    9.7680002451e-01,   -1.5098999441e-01,
    9.7790002823e-01,    2.5398599625e+01,    9.7790002823e-01,    7.6209197998e+01,    9.7790002823e-01,   -3.3897000551e-01,
    9.7899997234e-01,   -2.8175800323e+01,    9.7899997234e-01,    7.6339698792e+01,    9.7899997234e-01,   -1.6426699236e-02,
    9.8009997606e-01,    3.1382499695e+01,    9.8009997606e-01,    7.7295997620e+01,    9.8009997606e-01,   -5.0316500664e-01,
    9.8119997978e-01,   -3.2338401794e+01,    9.8119997978e-01,    7.6084602356e+01,    9.8119997978e-01,    6.3684098423e-03,
    9.8229998350e-01,    3.4325500488e+01,    9.8229998350e-01,    7.7584800720e+01,    9.8229998350e-01,   -2.5367200375e-01,
    9.8339998722e-01,   -3.3949001312e+01,    9.8339998722e-01,    7.6173797607e+01,    9.8339998722e-01,   -1.6421599686e-01,
    9.8449999094e-01,    3.4920200348e+01,    9.8449999094e-01,    7.8709297180e+01,    9.8449999094e-01,   -3.4530898929e-01,
    9.8559999466e-01,   -3.3497398376e+01,    9.8559999466e-01,    7.5625000000e+01,    9.8559999466e-01,   -2.7557200193e-01,
    9.8669999838e-01,    3.2886600494e+01,    9.8669999838e-01,    7.8935699463e+01,    9.8669999838e-01,   -2.5051701069e-01,
    9.8780000210e-01,   -3.0152399063e+01,    9.8780000210e-01,    7.4981796265e+01,    9.8780000210e-01,   -2.5293999910e-01,
    9.8890000582e-01,    2.8960100174e+01,    9.8890000582e-01,    7.8455703735e+01,    9.8890000582e-01,   -4.0501400828e-01,
    9.9000000954e-01,   -2.4727500916e+01,    9.9000000954e-01,    7.3832397461e+01,    9.9000000954e-01,   -6.8812802434e-02,
    9.9110001326e-01,    2.2683000565e+01,    9.9110001326e-01,    7.7742599487e+01,    9.9110001326e-01,   -4.4500800967e-01,
    9.9220001698e-01,   -1.7375699997e+01,    9.9220001698e-01,    7.2352401733e+01,    9.9220001698e-01,   -1.2875699997e-01,
    9.9330002069e-01,    1.4700400352e+01,    9.9330002069e-01,    7.6494499207e+01,    9.9330002069e-01,   -4.5587098598e-01,
    9.9440002441e-01,   -9.0332002640e+00,    9.9440002441e-01,    7.1540702820e+01,    9.9440002441e-01,   -1.9243599474e-01,
    9.9550002813e-01,    5.9941802025e+00,    9.9550002813e-01,    7.5963500977e+01,    9.9550002813e-01,   -2.9913800955e-01,
    9.9659997225e-01,   -1.0812100023e-01,    9.9659997225e-01,    7.1212898254e+01,    9.9659997225e-01,   -3.6341300607e-01,
    9.9769997597e-01,   -1.5774500370e+00,    9.9769997597e-01,    7.4666397095e+01,    9.9769997597e-01,   -7.8670501709e-02,
    9.9879997969e-01,    8.1397800446e+00,    9.9879997969e-01,    6.9352500916e+01,    9.9879997969e-01,   -2.8944399953e-01,
    9.9989998341e-01,   -9.5269403458e+00,    9.9989998341e-01,    7.2425003052e+01,    9.9989998341e-01,    1.6857899725e-01,
    1.0010000467e+00,    1.4354599953e+01,    1.0010000467e+00,    6.8269699097e+01,    1.0010000467e+00,   -3.6828199029e-01,
    1.0020999908e+00,   -1.6291299820e+01,    1.0020999908e+00,    7.2394401550e+01,    1.0020999908e+00,    1.0609299690e-01,
    1.0032000542e+00,    1.9473600388e+01,    1.0032000542e+00,    6.9687202454e+01,    1.0032000542e+00,   -5.3363401443e-02,
    1.0042999983e+00,   -2.1120599747e+01,    1.0042999983e+00,    7.2876296997e+01,    1.0042999983e+00,    8.9298397303e-02,
    1.0053999424e+00,    2.3981899261e+01,    1.0053999424e+00,    7.0596603394e+01,    1.0053999424e+00,   -1.8260499835e-01,
    1.0065000057e+00,   -2.5263000488e+01,    1.0065000057e+00,    7.2477798462e+01,    1.0065000057e+00,   -1.7838200554e-02,
    1.0075999498e+00,    2.8077699661e+01,    1.0075999498e+00,    7.1270896912e+01,    1.0075999498e+00,   -1.1534599960e-01,
    1.0087000132e+00,   -2.8910400391e+01,    1.0087000132e+00,    7.2355102539e+01,    1.0087000132e+00,   -9.2479102314e-02,
    1.0097999573e+00,    3.1123100281e+01,    1.0097999573e+00,    7.2351196289e+01,    1.0097999573e+00,    1.4556199312e-01,
    1.0109000206e+00,   -3.1629400253e+01,    1.0109000206e+00,    7.2659698486e+01,    1.0109000206e+00,   -3.6061999202e-01,
    1.0119999647e+00,    3.3640701294e+01,    1.0119999647e+00,    7.3095703125e+01,    1.0119999647e+00,    1.9800099730e-01,
    1.0131000280e+00,   -3.3878501892e+01,    1.0131000280e+00,    7.1972602844e+01,    1.0131000280e+00,   -5.0150501728e-01,
    1.0141999722e+00,    3.4519298553e+01,    1.0141999722e+00,    7.3323402405e+01,    1.0141999722e+00,    1.8634499609e-01,
    1.0153000355e+00,   -3.4951099396e+01,    1.0153000355e+00,    7.1488296509e+01,    1.0153000355e+00,   -2.9796999693e-01,
    1.0163999796e+00,    3.5570800781e+01,    1.0163999796e+00,    7.4203399658e+01,    1.0163999796e+00,    1.7573800683e-01,
    1.0175000429e+00,   -3.4941299438e+01,    1.0175000429e+00,    7.1986900330e+01,    1.0175000429e+00,    1.4807499945e-01,
    1.0185999870e+00,    3.5791301727e+01,    1.0185999870e+00,    7.4838096619e+01,    1.0185999870e+00,    6.3521698117e-02,
    1.0197000504e+00,   -3.4805099487e+01,    1.0197000504e+00,    7.1414802551e+01,    1.0197000504e+00,    2.0796099305e-01,
    1.0207999945e+00,    3.5160900116e+01,    1.0207999945e+00,    7.4571502686e+01,    1.0207999945e+00,   -1.0320399888e-02,
    1.0219000578e+00,   -3.4608699799e+01,    1.0219000578e+00,    6.9738403320e+01,    1.0219000578e+00,    2.0698499680e-01,
    1.0230000019e+00,    3.4930400848e+01,    1.0230000019e+00,    7.2960899353e+01,    1.0230000019e+00,    4.9181501381e-03,
    1.0240999460e+00,   -3.3035800934e+01,    1.0240999460e+00,    6.8780097961e+01,    1.0240999460e+00,    2.4664400518e-01,
    1.0252000093e+00,    3.4011299133e+01,    1.0252000093e+00,    7.3284202576e+01,    1.0252000093e+00,    6.6049501300e-02,
    1.0262999535e+00,   -3.2203601837e+01,    1.0262999535e+00,    6.8112098694e+01,    1.0262999535e+00,    1.5325699747e-01,
    1.0274000168e+00,    3.2299598694e+01,    1.0274000168e+00,    7.3093399048e+01,    1.0274000168e+00,   -8.6086198688e-02,
    1.0284999609e+00,   -3.0506200790e+01,    1.0284999609e+00,    6.8248497009e+01,    1.0284999609e+00,    3.7282101810e-02,
    1.0296000242e+00,    3.0233299255e+01,    1.0296000242e+00,    7.3595001221e+01,    1.0296000242e+00,    1.4793999493e-01,
    1.0306999683e+00,   -2.9779699326e+01,    1.0306999683e+00,    6.7774497986e+01,    1.0306999683e+00,    1.6175200045e-01,
    1.0318000317e+00,    2.9320499420e+01,    1.0318000317e+00,    7.2674400330e+01,    1.0318000317e+00,    1.2175600231e-01,
    1.0328999758e+00,   -2.8442100525e+01,    1.0328999758e+00,    6.6754699707e+01,    1.0328999758e+00,   -7.9976297915e-02,
    1.0340000391e+00,    2.8305700302e+01,    1.0340000391e+00,    7.2079902649e+01,    1.0340000391e+00,    9.2056900263e-02,
    1.0350999832e+00,   -2.7767700195e+01,    1.0350999832e+00,    6.5735801697e+01,    1.0350999832e+00,   -1.1317999661e-01,
    1.0362000465e+00,    2.8437599182e+01,    1.0362000465e+00,    7.0926902771e+01,    1.0362000465e+00,    1.4945399761e-01,
    1.0372999907e+00,   -2.7680400848e+01,    1.0372999907e+00,    6.5167701721e+01,    1.0372999907e+00,   -2.4254700541e-01,
    1.0384000540e+00,    2.9919599533e+01,    1.0384000540e+00,    6.9636497498e+01,    1.0384000540e+00,    2.3501199484e-01,
    1.0394999981e+00,   -2.8724599838e+01,    1.0394999981e+00,    6.4030296326e+01,    1.0394999981e+00,    3.0747899786e-02,
    1.0405999422e+00,    3.0698400497e+01,    1.0405999422e+00,    6.8336799622e+01,    1.0405999422e+00,    1.2951999903e-01,
    1.0417000055e+00,   -3.0040100098e+01,    1.0417000055e+00,    6.3695201874e+01,    1.0417000055e+00,   -2.1367199719e-02,
    1.0427999496e+00,    3.2263301849e+01,    1.0427999496e+00,    6.7259902954e+01,    1.0427999496e+00,    1.5751899779e-01,
    1.0439000130e+00,   -3.1134599686e+01,    1.0439000130e+00,    6.3981998444e+01,    1.0439000130e+00,   -5.6568798609e-03,
    1.0449999571e+00,    3.3143100739e+01,    1.0449999571e+00,    6.6813400269e+01,    1.0449999571e+00,    2.1907399595e-01,
    1.0461000204e+00,   -3.1719100952e+01,    1.0461000204e+00,    6.4027999878e+01,    1.0461000204e+00,    1.3128800690e-01,
    1.0471999645e+00,    3.4229099274e+01,    1.0471999645e+00,    6.5451202393e+01,    1.0471999645e+00,    1.5878899395e-01,
    1.0483000278e+00,   -3.2990299225e+01,    1.0483000278e+00,    6.3375400543e+01,    1.0483000278e+00,    1.4170399308e-01,
    1.0493999720e+00,    3.3450599670e+01,    1.0493999720e+00,    6.4947898865e+01,    1.0493999720e+00,    3.4602198750e-02,
    1.0505000353e+00,   -3.1872100830e+01,    1.0505000353e+00,    6.3869300842e+01,    1.0505000353e+00,    2.9487300664e-02,
    1.0515999794e+00,    3.3368400574e+01,    1.0515999794e+00,    6.5504997253e+01,    1.0515999794e+00,    9.8971100524e-03,
    1.0527000427e+00,   -3.1402500153e+01,    1.0527000427e+00,    6.3824798584e+01,    1.0527000427e+00,    1.8471199274e-01,
    1.0537999868e+00,    3.2144599915e+01,    1.0537999868e+00,    6.5171203613e+01,    1.0537999868e+00,    2.1787999570e-01,
    1.0549000502e+00,   -3.0283899307e+01,    1.0549000502e+00,    6.4508796692e+01,    1.0549000502e+00,    2.7777698636e-01,
    1.0559999943e+00,    3.0589099884e+01,    1.0559999943e+00,    6.5820800781e+01,    1.0559999943e+00,    3.2577401400e-01,
    1.0571000576e+00,   -2.8398000717e+01,    1.0571000576e+00,    6.4734802246e+01,    1.0571000576e+00,    4.4721201062e-01,
    1.0582000017e+00,    2.8320899963e+01,    1.0582000017e+00,    6.6222999573e+01,    1.0582000017e+00,    4.6132799983e-01,
    1.0592999458e+00,   -2.6118200302e+01,    1.0592999458e+00,    6.5342597961e+01,    1.0592999458e+00,    4.2152100801e-01,
    1.0604000092e+00,    2.5820100784e+01,    1.0604000092e+00,    6.7238899231e+01,    1.0604000092e+00,    5.8822399378e-01,
    1.0614999533e+00,   -2.3745500565e+01,    1.0614999533e+00,    6.4639602661e+01,    1.0614999533e+00,    4.1482099891e-01,
    1.0626000166e+00,    2.2803100586e+01,    1.0626000166e+00,    6.6166198730e+01,    1.0626000166e+00,    3.6889600754e-01,
    1.0636999607e+00,   -1.9970500946e+01,    1.0636999607e+00,    6.2677600861e+01,    1.0636999607e+00,    2.8824400902e-01,
    1.0648000240e+00,    1.8823999405e+01,    1.0648000240e+00,    6.4894897461e+01,    1.0648000240e+00,    2.7139300108e-01,
    1.0658999681e+00,   -1.6139499664e+01,    1.0658999681e+00,    6.2852699280e+01,    1.0658999681e+00,    4.6237799525e-01,
    1.0670000315e+00,    1.4378600121e+01,    1.0670000315e+00,    6.6360000610e+01,    1.0670000315e+00,    1.9860899448e-01,
    1.0680999756e+00,   -1.1095100403e+01,    1.0680999756e+00,    6.4362701416e+01,    1.0680999756e+00,    3.2235801220e-01,
    1.0692000389e+00,    8.9941902161e+00,    1.0692000389e+00,    6.7872398376e+01,    1.0692000389e+00,    2.7557900548e-01,
    1.0702999830e+00,   -5.3811302185e+00,    1.0702999830e+00,    6.5031700134e+01,    1.0702999830e+00,    2.2731700540e-01,
    1.0714000463e+00,    3.6565899849e+00,    1.0714000463e+00,    6.8686302185e+01,    1.0714000463e+00,    4.0811800957e-01,
    1.0724999905e+00,   -4.0865299106e-01,    1.0724999905e+00,    6.5097900391e+01,    1.0724999905e+00,    2.0786499977e-01,
    1.0736000538e+00,   -2.3891100883e+00,    1.0736000538e+00,    6.8844398499e+01,    1.0736000538e+00,    2.1213400364e-01,
    1.0746999979e+00,    5.5159101486e+00,    1.0746999979e+00,    6.3544700623e+01,    1.0746999979e+00,    2.8759399056e-01,
    1.0757999420e+00,   -7.5292100906e+00,    1.0757999420e+00,    6.8347000122e+01,    1.0757999420e+00,    2.0145699382e-01,
    1.0769000053e+00,    1.0230999947e+01,    1.0769000053e+00,    6.2969398499e+01,    1.0769000053e+00,    1.9246500731e-01,
    1.0779999495e+00,   -1.2276399612e+01,    1.0779999495e+00,    6.8483596802e+01,    1.0779999495e+00,    3.7764900923e-01,
    1.0791000128e+00,    1.4549599648e+01,    1.0791000128e+00,    6.2199298859e+01,    1.0791000128e+00,    1.8273699284e-01,
    1.0801999569e+00,   -1.6692499161e+01,    1.0801999569e+00,    6.7807502747e+01,    1.0801999569e+00,    2.0235300064e-01,
    1.0813000202e+00,    1.7970100403e+01,    1.0813000202e+00,    6.2062400818e+01,    1.0813000202e+00,    2.7676600218e-01,
    1.0823999643e+00,   -1.9578100204e+01,    1.0823999643e+00,    6.7927200317e+01,    1.0823999643e+00,    1.6008499265e-01,
    1.0835000277e+00,    2.0869499207e+01,    1.0835000277e+00,    6.2327499390e+01,    1.0835000277e+00,    2.3198899627e-01,
    1.0845999718e+00,   -2.2485399246e+01,    1.0845999718e+00,    6.7885902405e+01,    1.0845999718e+00,   -5.0305701792e-02,
    1.0857000351e+00,    2.3129600525e+01,    1.0857000351e+00,    6.3495899200e+01,    1.0857000351e+00,    2.5495699048e-01,
    1.0867999792e+00,   -2.4501300812e+01,    1.0867999792e+00,    6.7981002808e+01,    1.0867999792e+00,   -6.3799999654e-02,
    1.0879000425e+00,    2.4413499832e+01,    1.0879000425e+00,    6.5167602539e+01,    1.0879000425e+00,    1.8588799983e-02,
    1.0889999866e+00,   -2.4397699356e+01,    1.0889999866e+00,    6.8006103516e+01,    1.0889999866e+00,   -6.0690600425e-02,
    1.0901000500e+00,    2.4064699173e+01,    1.0901000500e+00,    6.7214599609e+01,    1.0901000500e+00,   -1.0889100283e-01,
    1.0911999941e+00,   -2.3568899155e+01,    1.0911999941e+00,    6.8039398193e+01,    1.0911999941e+00,    5.5688999593e-02,
    1.0923000574e+00,    2.3127399445e+01,    1.0923000574e+00,    6.9341102600e+01,    1.0923000574e+00,   -2.0799399912e-01,
    1.0934000015e+00,   -2.2165399551e+01,    1.0934000015e+00,    6.7689002991e+01,    1.0934000015e+00,    2.6891099289e-02,
    1.0944999456e+00,    2.0416900635e+01,    1.0944999456e+00,    7.0971702576e+01,    1.0944999456e+00,   -2.2550499439e-01,
    1.0956000090e+00,   -1.9033599854e+01,    1.0956000090e+00,    6.7741500854e+01,    1.0956000090e+00,   -1.4030200243e-01,
    1.0966999531e+00,    1.6314800262e+01,    1.0966999531e+00,    7.2361099243e+01,    1.0966999531e+00,   -1.3926899433e-01,
    1.0978000164e+00,   -1.4753299713e+01,    1.0978000164e+00,    6.7227203369e+01,    1.0978000164e+00,   -1.7001199722e-01,
    1.0988999605e+00,    1.1001600266e+01,    1.0988999605e+00,    7.2792098999e+01,    1.0988999605e+00,   -1.2501999736e-01,
    1.1000000238e+00,   -8.5531597137e+00,    1.1000000238e+00,    6.6628601074e+01,    1.1000000238e+00,   -2.8007799387e-01,
