LS-DYNA keyword deck by LS-PrePost,Rcforc Data
Time,Ma 376 X-force,Time,Ma 376 Y-force,Time,Ma 376 Z-force,
    0.0000000000e+00,    0.0000000000e+00,    0.0000000000e+00,    0.0000000000e+00,    0.0000000000e+00,    0.0000000000e+00,
    1.0999500519e-03,    0.0000000000e+00,    1.0999500519e-03,    0.0000000000e+00,    1.0999500519e-03,    0.0000000000e+00,
    2.1998300217e-03,    0.0000000000e+00,    2.1998300217e-03,    0.0000000000e+00,    2.1998300217e-03,    0.0000000000e+00,
    3.2998300157e-03,    0.0000000000e+00,    3.2998300157e-03,    0.0000000000e+00,    3.2998300157e-03,    0.0000000000e+00,
    4.3999599293e-03,    0.0000000000e+00,    4.3999599293e-03,    0.0000000000e+00,    4.3999599293e-03,    0.0000000000e+00,
    5.4998300038e-03,    0.0000000000e+00,    5.4998300038e-03,    0.0000000000e+00,    5.4998300038e-03,    0.0000000000e+00,
    6.5999398939e-03,    0.0000000000e+00,    6.5999398939e-03,    0.0000000000e+00,    6.5999398939e-03,    0.0000000000e+00,
    7.6998397708e-03,    0.0000000000e+00,    7.6998397708e-03,    0.0000000000e+00,    7.6998397708e-03,    0.0000000000e+00,
    8.7998304516e-03,    0.0000000000e+00,    8.7998304516e-03,    0.0000000000e+00,    8.7998304516e-03,    0.0000000000e+00,
    9.8998202011e-03,    0.0000000000e+00,    9.8998202011e-03,    0.0000000000e+00,    9.8998202011e-03,    0.0000000000e+00,
    1.0999900289e-02,    0.0000000000e+00,    1.0999900289e-02,    0.0000000000e+00,    1.0999900289e-02,    0.0000000000e+00,
    1.2099799700e-02,    0.0000000000e+00,    1.2099799700e-02,    0.0000000000e+00,    1.2099799700e-02,    0.0000000000e+00,
    1.3199999928e-02,    0.0000000000e+00,    1.3199999928e-02,    0.0000000000e+00,    1.3199999928e-02,    0.0000000000e+00,
    1.4299999923e-02,    0.0000000000e+00,    1.4299999923e-02,    0.0000000000e+00,    1.4299999923e-02,    0.0000000000e+00,
    1.5399999917e-02,    0.0000000000e+00,    1.5399999917e-02,    0.0000000000e+00,    1.5399999917e-02,    0.0000000000e+00,
    1.6499899328e-02,    0.0000000000e+00,    1.6499899328e-02,    0.0000000000e+00,    1.6499899328e-02,    0.0000000000e+00,
    1.7599899322e-02,    0.0000000000e+00,    1.7599899322e-02,    0.0000000000e+00,    1.7599899322e-02,    0.0000000000e+00,
    1.8699899316e-02,    0.0000000000e+00,    1.8699899316e-02,    0.0000000000e+00,    1.8699899316e-02,    0.0000000000e+00,
    1.9799999893e-02,    0.0000000000e+00,    1.9799999893e-02,    0.0000000000e+00,    1.9799999893e-02,    0.0000000000e+00,
    2.0899999887e-02,    0.0000000000e+00,    2.0899999887e-02,    0.0000000000e+00,    2.0899999887e-02,    0.0000000000e+00,
    2.1999800578e-02,    0.0000000000e+00,    2.1999800578e-02,    0.0000000000e+00,    2.1999800578e-02,    0.0000000000e+00,
    2.3099899292e-02,    0.0000000000e+00,    2.3099899292e-02,    0.0000000000e+00,    2.3099899292e-02,    0.0000000000e+00,
    2.4199999869e-02,    0.0000000000e+00,    2.4199999869e-02,    0.0000000000e+00,    2.4199999869e-02,    0.0000000000e+00,
    2.5299999863e-02,    0.0000000000e+00,    2.5299999863e-02,    0.0000000000e+00,    2.5299999863e-02,    0.0000000000e+00,
    2.6399899274e-02,    0.0000000000e+00,    2.6399899274e-02,    0.0000000000e+00,    2.6399899274e-02,    0.0000000000e+00,
    2.7499899268e-02,    0.0000000000e+00,    2.7499899268e-02,    0.0000000000e+00,    2.7499899268e-02,    0.0000000000e+00,
    2.8599999845e-02,    0.0000000000e+00,    2.8599999845e-02,    0.0000000000e+00,    2.8599999845e-02,    0.0000000000e+00,
    2.9699899256e-02,    0.0000000000e+00,    2.9699899256e-02,    0.0000000000e+00,    2.9699899256e-02,    0.0000000000e+00,
    3.0799899250e-02,    0.0000000000e+00,    3.0799899250e-02,    0.0000000000e+00,    3.0799899250e-02,    0.0000000000e+00,
    3.1899999827e-02,    0.0000000000e+00,    3.1899999827e-02,    0.0000000000e+00,    3.1899999827e-02,    0.0000000000e+00,
    3.2999999821e-02,    0.0000000000e+00,    3.2999999821e-02,    0.0000000000e+00,    3.2999999821e-02,    0.0000000000e+00,
    3.4099899232e-02,    0.0000000000e+00,    3.4099899232e-02,    0.0000000000e+00,    3.4099899232e-02,    0.0000000000e+00,
    3.5199798644e-02,    0.0000000000e+00,    3.5199798644e-02,    0.0000000000e+00,    3.5199798644e-02,    0.0000000000e+00,
    3.6299999803e-02,    0.0000000000e+00,    3.6299999803e-02,    0.0000000000e+00,    3.6299999803e-02,    0.0000000000e+00,
    3.7399999797e-02,    0.0000000000e+00,    3.7399999797e-02,    0.0000000000e+00,    3.7399999797e-02,    0.0000000000e+00,
    3.8499798626e-02,    0.0000000000e+00,    3.8499798626e-02,    0.0000000000e+00,    3.8499798626e-02,    0.0000000000e+00,
    3.9599899203e-02,    0.0000000000e+00,    3.9599899203e-02,    0.0000000000e+00,    3.9599899203e-02,    0.0000000000e+00,
    4.0699899197e-02,    0.0000000000e+00,    4.0699899197e-02,    0.0000000000e+00,    4.0699899197e-02,    0.0000000000e+00,
    4.1799999774e-02,    0.0000000000e+00,    4.1799999774e-02,    0.0000000000e+00,    4.1799999774e-02,    0.0000000000e+00,
    4.2899899185e-02,    0.0000000000e+00,    4.2899899185e-02,    0.0000000000e+00,    4.2899899185e-02,    0.0000000000e+00,
    4.3999999762e-02,    0.0000000000e+00,    4.3999999762e-02,    0.0000000000e+00,    4.3999999762e-02,    0.0000000000e+00,
    4.5099798590e-02,    0.0000000000e+00,    4.5099798590e-02,    0.0000000000e+00,    4.5099798590e-02,    0.0000000000e+00,
    4.6199798584e-02,    0.0000000000e+00,    4.6199798584e-02,    0.0000000000e+00,    4.6199798584e-02,    0.0000000000e+00,
    4.7299899161e-02,    0.0000000000e+00,    4.7299899161e-02,    0.0000000000e+00,    4.7299899161e-02,    0.0000000000e+00,
    4.8399899155e-02,    0.0000000000e+00,    4.8399899155e-02,    0.0000000000e+00,    4.8399899155e-02,    0.0000000000e+00,
    4.9499899149e-02,    0.0000000000e+00,    4.9499899149e-02,    0.0000000000e+00,    4.9499899149e-02,    0.0000000000e+00,
    5.0599899143e-02,    0.0000000000e+00,    5.0599899143e-02,    0.0000000000e+00,    5.0599899143e-02,    0.0000000000e+00,
    5.1699899137e-02,    0.0000000000e+00,    5.1699899137e-02,    0.0000000000e+00,    5.1699899137e-02,    0.0000000000e+00,
    5.2799899131e-02,    0.0000000000e+00,    5.2799899131e-02,    0.0000000000e+00,    5.2799899131e-02,    0.0000000000e+00,
    5.3899999708e-02,    0.0000000000e+00,    5.3899999708e-02,    0.0000000000e+00,    5.3899999708e-02,    0.0000000000e+00,
    5.4999899119e-02,    0.0000000000e+00,    5.4999899119e-02,    0.0000000000e+00,    5.4999899119e-02,    0.0000000000e+00,
    5.6099899113e-02,    0.0000000000e+00,    5.6099899113e-02,    0.0000000000e+00,    5.6099899113e-02,    0.0000000000e+00,
    5.7199798524e-02,    0.0000000000e+00,    5.7199798524e-02,    0.0000000000e+00,    5.7199798524e-02,    0.0000000000e+00,
    5.8299899101e-02,    0.0000000000e+00,    5.8299899101e-02,    0.0000000000e+00,    5.8299899101e-02,    0.0000000000e+00,
    5.9399999678e-02,    0.0000000000e+00,    5.9399999678e-02,    0.0000000000e+00,    5.9399999678e-02,    0.0000000000e+00,
    6.0499798506e-02,    0.0000000000e+00,    6.0499798506e-02,    0.0000000000e+00,    6.0499798506e-02,    0.0000000000e+00,
    6.1599899083e-02,    0.0000000000e+00,    6.1599899083e-02,    0.0000000000e+00,    6.1599899083e-02,    0.0000000000e+00,
    6.2700003386e-02,    0.0000000000e+00,    6.2700003386e-02,    0.0000000000e+00,    6.2700003386e-02,    0.0000000000e+00,
    6.3799999654e-02,    0.0000000000e+00,    6.3799999654e-02,    0.0000000000e+00,    6.3799999654e-02,    0.0000000000e+00,
    6.4899899065e-02,    0.0000000000e+00,    6.4899899065e-02,    0.0000000000e+00,    6.4899899065e-02,    0.0000000000e+00,
    6.5999999642e-02,    0.0000000000e+00,    6.5999999642e-02,    0.0000000000e+00,    6.5999999642e-02,    0.0000000000e+00,
    6.7100003362e-02,    0.0000000000e+00,    6.7100003362e-02,    0.0000000000e+00,    6.7100003362e-02,    0.0000000000e+00,
    6.8199902773e-02,    0.0000000000e+00,    6.8199902773e-02,    0.0000000000e+00,    6.8199902773e-02,    0.0000000000e+00,
    6.9299802184e-02,    0.0000000000e+00,    6.9299802184e-02,    0.0000000000e+00,    6.9299802184e-02,    0.0000000000e+00,
    7.0399902761e-02,    0.0000000000e+00,    7.0399902761e-02,    0.0000000000e+00,    7.0399902761e-02,    0.0000000000e+00,
    7.1499899030e-02,    0.0000000000e+00,    7.1499899030e-02,    0.0000000000e+00,    7.1499899030e-02,    0.0000000000e+00,
    7.2599798441e-02,    0.0000000000e+00,    7.2599798441e-02,    0.0000000000e+00,    7.2599798441e-02,    0.0000000000e+00,
    7.3699899018e-02,    0.0000000000e+00,    7.3699899018e-02,    0.0000000000e+00,    7.3699899018e-02,    0.0000000000e+00,
    7.4799902737e-02,    0.0000000000e+00,    7.4799902737e-02,    0.0000000000e+00,    7.4799902737e-02,    0.0000000000e+00,
    7.5899899006e-02,    0.0000000000e+00,    7.5899899006e-02,    0.0000000000e+00,    7.5899899006e-02,    0.0000000000e+00,
    7.6999798417e-02,    0.0000000000e+00,    7.6999798417e-02,    0.0000000000e+00,    7.6999798417e-02,    0.0000000000e+00,
    7.8100003302e-02,    0.0000000000e+00,    7.8100003302e-02,    0.0000000000e+00,    7.8100003302e-02,    0.0000000000e+00,
    7.9199999571e-02,    0.0000000000e+00,    7.9199999571e-02,    0.0000000000e+00,    7.9199999571e-02,    0.0000000000e+00,
    8.0300003290e-02,    0.0000000000e+00,    8.0300003290e-02,    0.0000000000e+00,    8.0300003290e-02,    0.0000000000e+00,
    8.1399902701e-02,    0.0000000000e+00,    8.1399902701e-02,    0.0000000000e+00,    8.1399902701e-02,    0.0000000000e+00,
    8.2499802113e-02,    0.0000000000e+00,    8.2499802113e-02,    0.0000000000e+00,    8.2499802113e-02,    0.0000000000e+00,
    8.3599902689e-02,    0.0000000000e+00,    8.3599902689e-02,    0.0000000000e+00,    8.3599902689e-02,    0.0000000000e+00,
    8.4699898958e-02,    0.0000000000e+00,    8.4699898958e-02,    0.0000000000e+00,    8.4699898958e-02,    0.0000000000e+00,
    8.5799902678e-02,    0.0000000000e+00,    8.5799902678e-02,    0.0000000000e+00,    8.5799902678e-02,    0.0000000000e+00,
    8.6899898946e-02,    0.0000000000e+00,    8.6899898946e-02,    0.0000000000e+00,    8.6899898946e-02,    0.0000000000e+00,
    8.7999902666e-02,    0.0000000000e+00,    8.7999902666e-02,    0.0000000000e+00,    8.7999902666e-02,    0.0000000000e+00,
    8.9099898934e-02,    0.0000000000e+00,    8.9099898934e-02,    0.0000000000e+00,    8.9099898934e-02,    0.0000000000e+00,
    9.0199902654e-02,    0.0000000000e+00,    9.0199902654e-02,    0.0000000000e+00,    9.0199902654e-02,    0.0000000000e+00,
    9.1299898922e-02,    0.0000000000e+00,    9.1299898922e-02,    0.0000000000e+00,    9.1299898922e-02,    0.0000000000e+00,
    9.2399902642e-02,    0.0000000000e+00,    9.2399902642e-02,    0.0000000000e+00,    9.2399902642e-02,    0.0000000000e+00,
    9.3499898911e-02,    0.0000000000e+00,    9.3499898911e-02,    0.0000000000e+00,    9.3499898911e-02,    0.0000000000e+00,
    9.4599902630e-02,    0.0000000000e+00,    9.4599902630e-02,    0.0000000000e+00,    9.4599902630e-02,    0.0000000000e+00,
    9.5699898899e-02,    0.0000000000e+00,    9.5699898899e-02,    0.0000000000e+00,    9.5699898899e-02,    0.0000000000e+00,
    9.6799902618e-02,    0.0000000000e+00,    9.6799902618e-02,    0.0000000000e+00,    9.6799902618e-02,    0.0000000000e+00,
    9.7899898887e-02,    0.0000000000e+00,    9.7899898887e-02,    0.0000000000e+00,    9.7899898887e-02,    0.0000000000e+00,
    9.8999902606e-02,    0.0000000000e+00,    9.8999902606e-02,    0.0000000000e+00,    9.8999902606e-02,    0.0000000000e+00,
    1.0010000318e-01,    0.0000000000e+00,    1.0010000318e-01,    0.0000000000e+00,    1.0010000318e-01,    0.0000000000e+00,
    1.0119999945e-01,    0.0000000000e+00,    1.0119999945e-01,    0.0000000000e+00,    1.0119999945e-01,    0.0000000000e+00,
    1.0230000317e-01,    0.0000000000e+00,    1.0230000317e-01,    0.0000000000e+00,    1.0230000317e-01,    0.0000000000e+00,
    1.0339999944e-01,    0.0000000000e+00,    1.0339999944e-01,    0.0000000000e+00,    1.0339999944e-01,    0.0000000000e+00,
    1.0450000316e-01,    0.0000000000e+00,    1.0450000316e-01,    0.0000000000e+00,    1.0450000316e-01,    0.0000000000e+00,
    1.0559999943e-01,    0.0000000000e+00,    1.0559999943e-01,    0.0000000000e+00,    1.0559999943e-01,    0.0000000000e+00,
    1.0670000315e-01,    0.0000000000e+00,    1.0670000315e-01,    0.0000000000e+00,    1.0670000315e-01,    0.0000000000e+00,
    1.0779999942e-01,    0.0000000000e+00,    1.0779999942e-01,    0.0000000000e+00,    1.0779999942e-01,    0.0000000000e+00,
    1.0890000314e-01,    0.0000000000e+00,    1.0890000314e-01,    0.0000000000e+00,    1.0890000314e-01,    0.0000000000e+00,
    1.0999999940e-01,    0.0000000000e+00,    1.0999999940e-01,    0.0000000000e+00,    1.0999999940e-01,    0.0000000000e+00,
    1.1110000312e-01,    0.0000000000e+00,    1.1110000312e-01,    0.0000000000e+00,    1.1110000312e-01,    0.0000000000e+00,
    1.1219999939e-01,    0.0000000000e+00,    1.1219999939e-01,    0.0000000000e+00,    1.1219999939e-01,    0.0000000000e+00,
    1.1330000311e-01,    0.0000000000e+00,    1.1330000311e-01,    0.0000000000e+00,    1.1330000311e-01,    0.0000000000e+00,
    1.1439999938e-01,    0.0000000000e+00,    1.1439999938e-01,    0.0000000000e+00,    1.1439999938e-01,    0.0000000000e+00,
    1.1550000310e-01,    0.0000000000e+00,    1.1550000310e-01,    0.0000000000e+00,    1.1550000310e-01,    0.0000000000e+00,
    1.1659999937e-01,    0.0000000000e+00,    1.1659999937e-01,    0.0000000000e+00,    1.1659999937e-01,    0.0000000000e+00,
    1.1770000309e-01,    0.0000000000e+00,    1.1770000309e-01,    0.0000000000e+00,    1.1770000309e-01,    0.0000000000e+00,
    1.1879999936e-01,    0.0000000000e+00,    1.1879999936e-01,    0.0000000000e+00,    1.1879999936e-01,    0.0000000000e+00,
    1.1990000308e-01,    0.0000000000e+00,    1.1990000308e-01,    0.0000000000e+00,    1.1990000308e-01,    0.0000000000e+00,
    1.2099999934e-01,    0.0000000000e+00,    1.2099999934e-01,    0.0000000000e+00,    1.2099999934e-01,    0.0000000000e+00,
    1.2210000306e-01,    0.0000000000e+00,    1.2210000306e-01,    0.0000000000e+00,    1.2210000306e-01,    0.0000000000e+00,
    1.2319999933e-01,    0.0000000000e+00,    1.2319999933e-01,    0.0000000000e+00,    1.2319999933e-01,    0.0000000000e+00,
    1.2430000305e-01,    0.0000000000e+00,    1.2430000305e-01,    0.0000000000e+00,    1.2430000305e-01,    0.0000000000e+00,
    1.2540000677e-01,    0.0000000000e+00,    1.2540000677e-01,    0.0000000000e+00,    1.2540000677e-01,    0.0000000000e+00,
    1.2649999559e-01,    0.0000000000e+00,    1.2649999559e-01,    0.0000000000e+00,    1.2649999559e-01,    0.0000000000e+00,
    1.2759999931e-01,    0.0000000000e+00,    1.2759999931e-01,    0.0000000000e+00,    1.2759999931e-01,    0.0000000000e+00,
    1.2870000303e-01,    0.0000000000e+00,    1.2870000303e-01,    0.0000000000e+00,    1.2870000303e-01,    0.0000000000e+00,
    1.2980000675e-01,    0.0000000000e+00,    1.2980000675e-01,    0.0000000000e+00,    1.2980000675e-01,    0.0000000000e+00,
    1.3089999557e-01,    0.0000000000e+00,    1.3089999557e-01,    0.0000000000e+00,    1.3089999557e-01,    0.0000000000e+00,
    1.3199999928e-01,    0.0000000000e+00,    1.3199999928e-01,    0.0000000000e+00,    1.3199999928e-01,    0.0000000000e+00,
    1.3310000300e-01,    0.0000000000e+00,    1.3310000300e-01,    0.0000000000e+00,    1.3310000300e-01,    0.0000000000e+00,
    1.3420000672e-01,    0.0000000000e+00,    1.3420000672e-01,    0.0000000000e+00,    1.3420000672e-01,    0.0000000000e+00,
    1.3529999554e-01,    0.0000000000e+00,    1.3529999554e-01,    0.0000000000e+00,    1.3529999554e-01,    0.0000000000e+00,
    1.3639999926e-01,    0.0000000000e+00,    1.3639999926e-01,    0.0000000000e+00,    1.3639999926e-01,    0.0000000000e+00,
    1.3750000298e-01,    0.0000000000e+00,    1.3750000298e-01,    0.0000000000e+00,    1.3750000298e-01,    0.0000000000e+00,
    1.3860000670e-01,    0.0000000000e+00,    1.3860000670e-01,    0.0000000000e+00,    1.3860000670e-01,    0.0000000000e+00,
    1.3969999552e-01,    0.0000000000e+00,    1.3969999552e-01,    0.0000000000e+00,    1.3969999552e-01,    0.0000000000e+00,
    1.4079999924e-01,    0.0000000000e+00,    1.4079999924e-01,    0.0000000000e+00,    1.4079999924e-01,    0.0000000000e+00,
    1.4190000296e-01,    0.0000000000e+00,    1.4190000296e-01,    0.0000000000e+00,    1.4190000296e-01,    0.0000000000e+00,
    1.4300000668e-01,    0.0000000000e+00,    1.4300000668e-01,    0.0000000000e+00,    1.4300000668e-01,    0.0000000000e+00,
    1.4409999549e-01,    0.0000000000e+00,    1.4409999549e-01,    0.0000000000e+00,    1.4409999549e-01,    0.0000000000e+00,
    1.4519999921e-01,    0.0000000000e+00,    1.4519999921e-01,    0.0000000000e+00,    1.4519999921e-01,    0.0000000000e+00,
    1.4630000293e-01,    0.0000000000e+00,    1.4630000293e-01,    0.0000000000e+00,    1.4630000293e-01,    0.0000000000e+00,
    1.4740000665e-01,    0.0000000000e+00,    1.4740000665e-01,    0.0000000000e+00,    1.4740000665e-01,    0.0000000000e+00,
    1.4849999547e-01,    0.0000000000e+00,    1.4849999547e-01,    0.0000000000e+00,    1.4849999547e-01,    0.0000000000e+00,
    1.4959999919e-01,    0.0000000000e+00,    1.4959999919e-01,    0.0000000000e+00,    1.4959999919e-01,    0.0000000000e+00,
    1.5070000291e-01,    0.0000000000e+00,    1.5070000291e-01,    0.0000000000e+00,    1.5070000291e-01,    0.0000000000e+00,
    1.5180000663e-01,    0.0000000000e+00,    1.5180000663e-01,    0.0000000000e+00,    1.5180000663e-01,    0.0000000000e+00,
    1.5289999545e-01,    0.0000000000e+00,    1.5289999545e-01,    0.0000000000e+00,    1.5289999545e-01,    0.0000000000e+00,
    1.5399999917e-01,    0.0000000000e+00,    1.5399999917e-01,    0.0000000000e+00,    1.5399999917e-01,    0.0000000000e+00,
    1.5510000288e-01,    0.0000000000e+00,    1.5510000288e-01,    0.0000000000e+00,    1.5510000288e-01,    0.0000000000e+00,
    1.5620000660e-01,    0.0000000000e+00,    1.5620000660e-01,    0.0000000000e+00,    1.5620000660e-01,    0.0000000000e+00,
    1.5729999542e-01,    0.0000000000e+00,    1.5729999542e-01,    0.0000000000e+00,    1.5729999542e-01,    0.0000000000e+00,
    1.5839999914e-01,    0.0000000000e+00,    1.5839999914e-01,    0.0000000000e+00,    1.5839999914e-01,    0.0000000000e+00,
    1.5950000286e-01,    0.0000000000e+00,    1.5950000286e-01,    0.0000000000e+00,    1.5950000286e-01,    0.0000000000e+00,
    1.6060000658e-01,    0.0000000000e+00,    1.6060000658e-01,    0.0000000000e+00,    1.6060000658e-01,    0.0000000000e+00,
    1.6169999540e-01,    0.0000000000e+00,    1.6169999540e-01,    0.0000000000e+00,    1.6169999540e-01,    0.0000000000e+00,
    1.6279999912e-01,    0.0000000000e+00,    1.6279999912e-01,    0.0000000000e+00,    1.6279999912e-01,    0.0000000000e+00,
    1.6390000284e-01,    0.0000000000e+00,    1.6390000284e-01,    0.0000000000e+00,    1.6390000284e-01,    0.0000000000e+00,
    1.6500000656e-01,    0.0000000000e+00,    1.6500000656e-01,    0.0000000000e+00,    1.6500000656e-01,    0.0000000000e+00,
    1.6609999537e-01,    0.0000000000e+00,    1.6609999537e-01,    0.0000000000e+00,    1.6609999537e-01,    0.0000000000e+00,
    1.6719999909e-01,    0.0000000000e+00,    1.6719999909e-01,    0.0000000000e+00,    1.6719999909e-01,    0.0000000000e+00,
    1.6830000281e-01,    0.0000000000e+00,    1.6830000281e-01,    0.0000000000e+00,    1.6830000281e-01,    0.0000000000e+00,
    1.6940000653e-01,    0.0000000000e+00,    1.6940000653e-01,    0.0000000000e+00,    1.6940000653e-01,    0.0000000000e+00,
    1.7049999535e-01,    0.0000000000e+00,    1.7049999535e-01,    0.0000000000e+00,    1.7049999535e-01,    0.0000000000e+00,
    1.7159999907e-01,    0.0000000000e+00,    1.7159999907e-01,    0.0000000000e+00,    1.7159999907e-01,    0.0000000000e+00,
    1.7270000279e-01,    0.0000000000e+00,    1.7270000279e-01,    0.0000000000e+00,    1.7270000279e-01,    0.0000000000e+00,
    1.7380000651e-01,    0.0000000000e+00,    1.7380000651e-01,    0.0000000000e+00,    1.7380000651e-01,    0.0000000000e+00,
    1.7489999533e-01,    0.0000000000e+00,    1.7489999533e-01,    0.0000000000e+00,    1.7489999533e-01,    0.0000000000e+00,
    1.7599999905e-01,    0.0000000000e+00,    1.7599999905e-01,    0.0000000000e+00,    1.7599999905e-01,    0.0000000000e+00,
    1.7710000277e-01,    0.0000000000e+00,    1.7710000277e-01,    0.0000000000e+00,    1.7710000277e-01,    0.0000000000e+00,
    1.7820000648e-01,    0.0000000000e+00,    1.7820000648e-01,    0.0000000000e+00,    1.7820000648e-01,    0.0000000000e+00,
    1.7929999530e-01,    0.0000000000e+00,    1.7929999530e-01,    0.0000000000e+00,    1.7929999530e-01,    0.0000000000e+00,
    1.8039999902e-01,    0.0000000000e+00,    1.8039999902e-01,    0.0000000000e+00,    1.8039999902e-01,    0.0000000000e+00,
    1.8150000274e-01,    0.0000000000e+00,    1.8150000274e-01,    0.0000000000e+00,    1.8150000274e-01,    0.0000000000e+00,
    1.8260000646e-01,    0.0000000000e+00,    1.8260000646e-01,    0.0000000000e+00,    1.8260000646e-01,    0.0000000000e+00,
    1.8369999528e-01,    0.0000000000e+00,    1.8369999528e-01,    0.0000000000e+00,    1.8369999528e-01,    0.0000000000e+00,
    1.8479999900e-01,    0.0000000000e+00,    1.8479999900e-01,    0.0000000000e+00,    1.8479999900e-01,    0.0000000000e+00,
    1.8590000272e-01,    0.0000000000e+00,    1.8590000272e-01,    0.0000000000e+00,    1.8590000272e-01,    0.0000000000e+00,
    1.8700000644e-01,    0.0000000000e+00,    1.8700000644e-01,    0.0000000000e+00,    1.8700000644e-01,    0.0000000000e+00,
    1.8809999526e-01,    0.0000000000e+00,    1.8809999526e-01,    0.0000000000e+00,    1.8809999526e-01,    0.0000000000e+00,
    1.8919999897e-01,    0.0000000000e+00,    1.8919999897e-01,    0.0000000000e+00,    1.8919999897e-01,    0.0000000000e+00,
    1.9030000269e-01,    0.0000000000e+00,    1.9030000269e-01,    0.0000000000e+00,    1.9030000269e-01,    0.0000000000e+00,
    1.9140000641e-01,    0.0000000000e+00,    1.9140000641e-01,    0.0000000000e+00,    1.9140000641e-01,    0.0000000000e+00,
    1.9249999523e-01,    0.0000000000e+00,    1.9249999523e-01,    0.0000000000e+00,    1.9249999523e-01,    0.0000000000e+00,
    1.9359999895e-01,    0.0000000000e+00,    1.9359999895e-01,    0.0000000000e+00,    1.9359999895e-01,    0.0000000000e+00,
    1.9470000267e-01,    0.0000000000e+00,    1.9470000267e-01,    0.0000000000e+00,    1.9470000267e-01,    0.0000000000e+00,
    1.9580000639e-01,    0.0000000000e+00,    1.9580000639e-01,    0.0000000000e+00,    1.9580000639e-01,    0.0000000000e+00,
    1.9689999521e-01,    0.0000000000e+00,    1.9689999521e-01,    0.0000000000e+00,    1.9689999521e-01,    0.0000000000e+00,
    1.9799999893e-01,    0.0000000000e+00,    1.9799999893e-01,    0.0000000000e+00,    1.9799999893e-01,    0.0000000000e+00,
    1.9910000265e-01,    0.0000000000e+00,    1.9910000265e-01,    0.0000000000e+00,    1.9910000265e-01,    0.0000000000e+00,
    2.0020000637e-01,    0.0000000000e+00,    2.0020000637e-01,    0.0000000000e+00,    2.0020000637e-01,    0.0000000000e+00,
    2.0129999518e-01,    0.0000000000e+00,    2.0129999518e-01,    0.0000000000e+00,    2.0129999518e-01,    0.0000000000e+00,
    2.0239999890e-01,    0.0000000000e+00,    2.0239999890e-01,    0.0000000000e+00,    2.0239999890e-01,    0.0000000000e+00,
    2.0350000262e-01,    0.0000000000e+00,    2.0350000262e-01,    0.0000000000e+00,    2.0350000262e-01,    0.0000000000e+00,
    2.0460000634e-01,    0.0000000000e+00,    2.0460000634e-01,    0.0000000000e+00,    2.0460000634e-01,    0.0000000000e+00,
    2.0569999516e-01,    0.0000000000e+00,    2.0569999516e-01,    0.0000000000e+00,    2.0569999516e-01,    0.0000000000e+00,
    2.0679999888e-01,    0.0000000000e+00,    2.0679999888e-01,    0.0000000000e+00,    2.0679999888e-01,    0.0000000000e+00,
    2.0790000260e-01,    6.5496598836e-04,    2.0790000260e-01,    4.5391698368e-03,    2.0790000260e-01,    2.9202099086e-06,
    2.0900000632e-01,    8.2720100181e-04,    2.0900000632e-01,    2.5379899889e-02,    2.0900000632e-01,    6.4710802690e-05,
    2.1009999514e-01,    5.7541998103e-04,    2.1009999514e-01,    5.5464599282e-02,    2.1009999514e-01,    2.4870500783e-04,
    2.1119999886e-01,    1.0645500151e-04,    2.1119999886e-01,    9.5626898110e-02,    2.1119999886e-01,    1.8977699801e-04,
    2.1230000257e-01,   -6.2825699570e-04,    2.1230000257e-01,    1.4034700394e-01,    2.1230000257e-01,    1.9980300567e-04,
    2.1340000629e-01,   -1.5859799460e-03,    2.1340000629e-01,    1.9155000150e-01,    2.1340000629e-01,    2.0708999364e-04,
    2.1449999511e-01,   -2.8269700706e-03,    2.1449999511e-01,    2.4594199657e-01,    2.1449999511e-01,    2.2054600413e-04,
    2.1559999883e-01,   -3.9002699777e-03,    2.1559999883e-01,    3.0739000440e-01,    2.1559999883e-01,    2.8613099130e-04,
    2.1670000255e-01,   -5.3553800099e-03,    2.1670000255e-01,    3.6765700579e-01,    2.1670000255e-01,    3.0571498792e-04,
    2.1780000627e-01,   -6.7827301100e-03,    2.1780000627e-01,    4.3537899852e-01,    2.1780000627e-01,    2.4745400879e-04,
    2.1889999509e-01,   -8.3125801757e-03,    2.1889999509e-01,    5.0141900778e-01,    2.1889999509e-01,    2.6418000925e-04,
    2.1999999881e-01,   -9.9160103127e-03,    2.1999999881e-01,    5.6939601898e-01,    2.1999999881e-01,    2.7339500957e-04,
    2.2110000253e-01,   -1.1688999832e-02,    2.2110000253e-01,    6.4072698355e-01,    2.2110000253e-01,    3.4222000977e-04,
    2.2220000625e-01,   -1.3053299859e-02,    2.2220000625e-01,    7.1048802137e-01,    2.2220000625e-01,    3.9664001088e-04,
    2.2329999506e-01,   -1.5400899574e-02,    2.2329999506e-01,    7.8364402056e-01,    2.2329999506e-01,    4.3035700219e-04,
    2.2439999878e-01,   -1.6555000097e-02,    2.2439999878e-01,    8.5887598991e-01,    2.2439999878e-01,    5.3851498524e-04,
    2.2550000250e-01,   -1.7598699778e-02,    2.2550000250e-01,    9.2556202412e-01,    2.2550000250e-01,    6.2101602089e-04,
    2.2660000622e-01,   -2.0142599940e-02,    2.2660000622e-01,    9.8983001709e-01,    2.2660000622e-01,    4.7934200848e-04,
    2.2769999504e-01,   -2.1105200052e-02,    2.2769999504e-01,    1.0551899672e+00,    2.2769999504e-01,    3.9922900032e-04,
    2.2879999876e-01,   -2.2401299328e-02,    2.2879999876e-01,    1.1175700426e+00,    2.2879999876e-01,    2.9258499853e-04,
    2.2990000248e-01,   -2.4388000369e-02,    2.2990000248e-01,    1.1788300276e+00,    2.2990000248e-01,   -2.8834398836e-04,
    2.3100000620e-01,   -2.6144199073e-02,    2.3100000620e-01,    1.2472499609e+00,    2.3100000620e-01,   -6.3274300192e-04,
    2.3209999502e-01,   -2.7682399377e-02,    2.3209999502e-01,    1.3115099669e+00,    2.3209999502e-01,   -7.9499499407e-04,
    2.3319999874e-01,   -2.9518000782e-02,    2.3319999874e-01,    1.3723700047e+00,    2.3319999874e-01,   -8.2383502740e-04,
    2.3430000246e-01,   -3.1603399664e-02,    2.3430000246e-01,    1.4342499971e+00,    2.3430000246e-01,   -8.3869899390e-04,
    2.3540000618e-01,   -3.3976301551e-02,    2.3540000618e-01,    1.5068800449e+00,    2.3540000618e-01,   -1.6090599820e-03,
    2.3649999499e-01,   -3.5246800631e-02,    2.3649999499e-01,    1.5794099569e+00,    2.3649999499e-01,   -2.0992900245e-03,
    2.3759999871e-01,   -4.4688001275e-02,    2.3759999871e-01,    1.6624799967e+00,    2.3759999871e-01,   -2.0904699340e-03,
    2.3870000243e-01,   -4.4612899423e-02,    2.3870000243e-01,    1.7560900450e+00,    2.3870000243e-01,   -1.9747999031e-03,
    2.3980000615e-01,   -4.8767399043e-02,    2.3980000615e-01,    1.8581500053e+00,    2.3980000615e-01,   -1.7478499794e-03,
    2.4089999497e-01,   -5.7804100215e-02,    2.4089999497e-01,    1.9629100561e+00,    2.4089999497e-01,   -2.1693399176e-03,
    2.4199999869e-01,   -5.8704700321e-02,    2.4199999869e-01,    2.0997600555e+00,    2.4199999869e-01,   -2.1045699250e-03,
    2.4310000241e-01,   -6.3137702644e-02,    2.4310000241e-01,    2.2467999458e+00,    2.4310000241e-01,   -2.8616199270e-03,
    2.4420000613e-01,   -6.8795196712e-02,    2.4420000613e-01,    2.3907699585e+00,    2.4420000613e-01,   -1.9538700581e-03,
    2.4529999495e-01,   -7.4849098921e-02,    2.4529999495e-01,    2.5376999378e+00,    2.4529999495e-01,   -1.9079099875e-03,
    2.4639999866e-01,   -7.8798897564e-02,    2.4639999866e-01,    2.6793799400e+00,    2.4639999866e-01,    1.2012099614e-03,
    2.4750000238e-01,   -8.4075197577e-02,    2.4750000238e-01,    2.8090600967e+00,    2.4750000238e-01,    2.7274200693e-04,
    2.4860000610e-01,   -9.0208299458e-02,    2.4860000610e-01,    2.9223399162e+00,    2.4860000610e-01,    4.1057701310e-05,
    2.4969999492e-01,   -9.6191897988e-02,    2.4969999492e-01,    3.0335700512e+00,    2.4969999492e-01,    1.2580699986e-03,
    2.5080001354e-01,   -1.0007099807e-01,    2.5080001354e-01,    3.1616199017e+00,    2.5080001354e-01,    2.1998200100e-03,
    2.5189998746e-01,   -1.0724800080e-01,    2.5189998746e-01,    3.3016400337e+00,    2.5189998746e-01,    1.4339300105e-03,
    2.5299999118e-01,   -1.1112000048e-01,    2.5299999118e-01,    3.4336600304e+00,    2.5299999118e-01,   -1.1980999989e-04,
    2.5409999490e-01,   -1.1791200191e-01,    2.5409999490e-01,    3.5503799915e+00,    2.5409999490e-01,    8.6132000433e-04,
    2.5519999862e-01,   -1.2365300208e-01,    2.5519999862e-01,    3.6851201057e+00,    2.5519999862e-01,    1.2192799477e-03,
    2.5630000234e-01,   -1.3070000708e-01,    2.5630000234e-01,    3.8331899643e+00,    2.5630000234e-01,    4.2908298783e-03,
    2.5740000606e-01,   -1.3572299480e-01,    2.5740000606e-01,    3.9827899933e+00,    2.5740000606e-01,    5.6059202179e-03,
    2.5850000978e-01,   -1.4482599497e-01,    2.5850000978e-01,    4.1582398415e+00,    2.5850000978e-01,    8.2568498328e-03,
    2.5960001349e-01,   -1.5446500480e-01,    2.5960001349e-01,    4.3475699425e+00,    2.5960001349e-01,    9.8385997117e-03,
    2.6069998741e-01,   -1.5885099769e-01,    2.6069998741e-01,    4.5395698547e+00,    2.6069998741e-01,    9.3834595755e-03,
    2.6179999113e-01,   -1.6605100036e-01,    2.6179999113e-01,    4.7278900146e+00,    2.6179999113e-01,    6.1150901020e-03,
    2.6289999485e-01,   -1.6313099861e-01,    2.6289999485e-01,    4.9239997864e+00,    2.6289999485e-01,    6.8632098846e-03,
    2.6399999857e-01,   -1.7730000615e-01,    2.6399999857e-01,    5.0916500092e+00,    2.6399999857e-01,    8.8927298784e-03,
    2.6510000229e-01,   -1.8158000708e-01,    2.6510000229e-01,    5.2719798088e+00,    2.6510000229e-01,    9.6999099478e-03,
    2.6620000601e-01,   -1.8819899857e-01,    2.6620000601e-01,    5.4523200989e+00,    2.6620000601e-01,    1.1883700266e-02,
    2.6730000973e-01,   -1.9040299952e-01,    2.6730000973e-01,    5.5886898041e+00,    2.6730000973e-01,    1.2749100104e-02,
    2.6840001345e-01,   -1.9857500494e-01,    2.6840001345e-01,    5.6915597916e+00,    2.6840001345e-01,    8.9554795995e-03,
    2.6949998736e-01,   -1.9860599935e-01,    2.6949998736e-01,    5.7599501610e+00,    2.6949998736e-01,    8.6989095435e-03,
    2.7059999108e-01,   -2.1148799360e-01,    2.7059999108e-01,    5.8376398087e+00,    2.7059999108e-01,    4.8115798272e-03,
    2.7169999480e-01,   -2.1061800420e-01,    2.7169999480e-01,    5.9474902153e+00,    2.7169999480e-01,    6.4221997745e-03,
    2.7279999852e-01,   -2.1492800117e-01,    2.7279999852e-01,    6.0579099655e+00,    2.7279999852e-01,    6.6252099350e-03,
    2.7390000224e-01,   -2.2554799914e-01,    2.7390000224e-01,    6.1594700813e+00,    2.7390000224e-01,    9.4431801699e-04,
    2.7500000596e-01,   -2.2626100481e-01,    2.7500000596e-01,    6.2556900978e+00,    2.7500000596e-01,   -3.2968900632e-03,
    2.7610000968e-01,   -2.2401699424e-01,    2.7610000968e-01,    6.3671798706e+00,    2.7610000968e-01,   -6.3942498527e-03,
    2.7720001340e-01,   -2.3921400309e-01,    2.7720001340e-01,    6.4698500633e+00,    2.7720001340e-01,    2.6141700801e-03,
    2.7829998732e-01,   -2.3728699982e-01,    2.7829998732e-01,    6.5730400085e+00,    2.7829998732e-01,    6.0097300448e-03,
    2.7939999104e-01,   -2.4813300371e-01,    2.7939999104e-01,    6.6788301468e+00,    2.7939999104e-01,   -7.0010698400e-03,
    2.8049999475e-01,   -2.3836599290e-01,    2.8049999475e-01,    6.7673201561e+00,    2.8049999475e-01,   -1.2970400043e-02,
    2.8159999847e-01,   -2.5259599090e-01,    2.8159999847e-01,    6.8688502312e+00,    2.8159999847e-01,   -1.4983000234e-02,
    2.8270000219e-01,   -2.5438898802e-01,    2.8270000219e-01,    6.9978899956e+00,    2.8270000219e-01,   -1.2333500199e-02,
    2.8380000591e-01,   -2.6507899165e-01,    2.8380000591e-01,    7.1312899590e+00,    2.8380000591e-01,   -1.3217099942e-02,
    2.8490000963e-01,   -2.6649099588e-01,    2.8490000963e-01,    7.2464499474e+00,    2.8490000963e-01,   -1.3872800395e-02,
    2.8600001335e-01,   -2.7632001042e-01,    2.8600001335e-01,    7.3777799606e+00,    2.8600001335e-01,   -1.2838699855e-02,
    2.8709998727e-01,   -2.9250198603e-01,    2.8709998727e-01,    7.4898400307e+00,    2.8709998727e-01,   -7.4313301593e-03,
    2.8819999099e-01,   -2.8632500768e-01,    2.8819999099e-01,    7.5727000237e+00,    2.8819999099e-01,   -5.1916800439e-03,
    2.8929999471e-01,   -2.8581100702e-01,    2.8929999471e-01,    7.6730599403e+00,    2.8929999471e-01,   -9.0921502560e-03,
    2.9039999843e-01,   -2.8703901172e-01,    2.9039999843e-01,    7.7851800919e+00,    2.9039999843e-01,   -8.5529703647e-03,
    2.9150000215e-01,   -2.9210799932e-01,    2.9150000215e-01,    7.9095001221e+00,    2.9150000215e-01,   -9.1838100925e-03,
    2.9260000587e-01,   -3.0132499337e-01,    2.9260000587e-01,    8.0319995880e+00,    2.9260000587e-01,   -7.7987401746e-03,
    2.9370000958e-01,   -3.0162900686e-01,    2.9370000958e-01,    8.1457195282e+00,    2.9370000958e-01,   -6.6480501555e-03,
    2.9480001330e-01,   -3.1241598725e-01,    2.9480001330e-01,    8.2683696747e+00,    2.9480001330e-01,    1.7959000543e-03,
    2.9589998722e-01,   -3.1358501315e-01,    2.9589998722e-01,    8.3453302383e+00,    2.9589998722e-01,    8.5234399885e-03,
    2.9699999094e-01,   -3.2141101360e-01,    2.9699999094e-01,    8.3776102066e+00,    2.9699999094e-01,    5.7925297879e-03,
    2.9809999466e-01,   -3.2708498836e-01,    2.9809999466e-01,    8.4653396606e+00,    2.9809999466e-01,    1.3465500437e-02,
    2.9919999838e-01,   -3.3327800035e-01,    2.9919999838e-01,    8.5771102905e+00,    2.9919999838e-01,    1.7260599881e-02,
    3.0030000210e-01,   -3.4100699425e-01,    3.0030000210e-01,    8.6794795990e+00,    3.0030000210e-01,    1.9320800900e-02,
    3.0140000582e-01,   -3.4138599038e-01,    3.0140000582e-01,    8.7987804413e+00,    3.0140000582e-01,    1.2024099939e-02,
    3.0250000954e-01,   -3.5146400332e-01,    3.0250000954e-01,    8.8856801987e+00,    3.0250000954e-01,    4.1875699535e-03,
    3.0360001326e-01,   -3.5037600994e-01,    3.0360001326e-01,    8.9588003159e+00,    3.0360001326e-01,   -4.5683998615e-03,
    3.0469998717e-01,   -3.6382499337e-01,    3.0469998717e-01,    9.0740900040e+00,    3.0469998717e-01,   -8.5022700951e-03,
    3.0579999089e-01,   -3.5615599155e-01,    3.0579999089e-01,    9.1716003418e+00,    3.0579999089e-01,   -5.7749501429e-03,
    3.0689999461e-01,   -3.5469800234e-01,    3.0689999461e-01,    9.2556600571e+00,    3.0689999461e-01,   -1.1320100166e-02,
    3.0799999833e-01,   -3.6195901036e-01,    3.0799999833e-01,    9.3622999191e+00,    3.0799999833e-01,   -1.0885099880e-02,
    3.0910000205e-01,   -3.7499099970e-01,    3.0910000205e-01,    9.4982500076e+00,    3.0910000205e-01,   -1.3537400402e-02,
    3.1020000577e-01,   -3.8476398587e-01,    3.1020000577e-01,    9.6694898605e+00,    3.1020000577e-01,   -7.5599700212e-03,
    3.1130000949e-01,   -3.8913500309e-01,    3.1130000949e-01,    9.7920598984e+00,    3.1130000949e-01,   -6.7513398826e-03,
    3.1240001321e-01,   -3.8935199380e-01,    3.1240001321e-01,    9.9169397354e+00,    3.1240001321e-01,   -8.0704698339e-03,
    3.1349998713e-01,   -3.8749599457e-01,    3.1349998713e-01,    1.0031800270e+01,    3.1349998713e-01,   -9.2351697385e-03,
    3.1459999084e-01,   -4.0072700381e-01,    3.1459999084e-01,    1.0168399811e+01,    3.1459999084e-01,   -7.5292098336e-03,
    3.1569999456e-01,   -4.1969001293e-01,    3.1569999456e-01,    1.0309300423e+01,    3.1569999456e-01,   -5.8417101391e-03,
    3.1679999828e-01,   -4.1901400685e-01,    3.1679999828e-01,    1.0413599968e+01,    3.1679999828e-01,   -5.7397098280e-03,
    3.1790000200e-01,   -4.1688299179e-01,    3.1790000200e-01,    1.0568900108e+01,    3.1790000200e-01,    1.1031099595e-02,
    3.1900000572e-01,   -4.4916298985e-01,    3.1900000572e-01,    1.0792499542e+01,    3.1900000572e-01,    7.5844898820e-03,
    3.2010000944e-01,   -4.5002600551e-01,    3.2010000944e-01,    1.1010899544e+01,    3.2010000944e-01,    1.2457200501e-04,
    3.2120001316e-01,   -4.5980200171e-01,    3.2120001316e-01,    1.1146400452e+01,    3.2120001316e-01,   -1.0573700070e-02,
    3.2229998708e-01,   -4.3889600039e-01,    3.2229998708e-01,    1.1237700462e+01,    3.2229998708e-01,   -1.4472500421e-02,
    3.2339999080e-01,   -4.5099300146e-01,    3.2339999080e-01,    1.1402799606e+01,    3.2339999080e-01,   -1.9768200815e-02,
    3.2449999452e-01,   -4.6187999845e-01,    3.2449999452e-01,    1.1612199783e+01,    3.2449999452e-01,   -2.3693399504e-02,
    3.2559999824e-01,   -4.8499900103e-01,    3.2559999824e-01,    1.1884499550e+01,    3.2559999824e-01,   -1.8163200468e-02,
    3.2670000196e-01,   -4.8728099465e-01,    3.2670000196e-01,    1.2086799622e+01,    3.2670000196e-01,   -1.6394399107e-02,
    3.2780000567e-01,   -5.0390702486e-01,    3.2780000567e-01,    1.2296999931e+01,    3.2780000567e-01,   -7.9777901992e-03,
    3.2890000939e-01,   -5.2390998602e-01,    3.2890000939e-01,    1.2515700340e+01,    3.2890000939e-01,   -7.3310299776e-03,
    3.3000001311e-01,   -5.3274202347e-01,    3.3000001311e-01,    1.2729399681e+01,    3.3000001311e-01,   -1.6992300749e-02,
    3.3109998703e-01,   -5.5729401112e-01,    3.3109998703e-01,    1.2944899559e+01,    3.3109998703e-01,   -2.5934699923e-02,
    3.3219999075e-01,   -5.5333900452e-01,    3.3219999075e-01,    1.3196299553e+01,    3.3219999075e-01,   -2.4951700121e-02,
    3.3329999447e-01,   -5.7634299994e-01,    3.3329999447e-01,    1.3412199974e+01,    3.3329999447e-01,   -7.6309097931e-03,
    3.3439999819e-01,   -5.5664902925e-01,    3.3439999819e-01,    1.3582099915e+01,    3.3439999819e-01,    3.7330999039e-03,
    3.3550000191e-01,   -5.9229797125e-01,    3.3550000191e-01,    1.3841099739e+01,    3.3550000191e-01,    1.8654299900e-02,
    3.3660000563e-01,   -5.8453100920e-01,    3.3660000563e-01,    1.4007100105e+01,    3.3660000563e-01,    1.8267199397e-02,
    3.3770000935e-01,   -5.5498498678e-01,    3.3770000935e-01,    1.4184599876e+01,    3.3770000935e-01,    1.4427499846e-02,
    3.3880001307e-01,   -5.6915998459e-01,    3.3880001307e-01,    1.4406200409e+01,    3.3880001307e-01,    1.8814000068e-03,
    3.3989998698e-01,   -5.5341500044e-01,    3.3989998698e-01,    1.4605400085e+01,    3.3989998698e-01,   -8.1315999851e-03,
    3.4099999070e-01,   -5.8156901598e-01,    3.4099999070e-01,    1.4684900284e+01,    3.4099999070e-01,    3.5735799465e-03,
    3.4209999442e-01,   -5.5216997862e-01,    3.4209999442e-01,    1.4800299644e+01,    3.4209999442e-01,    1.1508299969e-02,
    3.4319999814e-01,   -5.9983897209e-01,    3.4319999814e-01,    1.4965100288e+01,    3.4319999814e-01,    4.3743201531e-03,
    3.4430000186e-01,   -5.6348001957e-01,    3.4430000186e-01,    1.5121500015e+01,    3.4430000186e-01,    2.9824799858e-03,
    3.4540000558e-01,   -5.8540201187e-01,    3.4540000558e-01,    1.5317099571e+01,    3.4540000558e-01,    1.9145000260e-03,
    3.4650000930e-01,   -6.0480999947e-01,    3.4650000930e-01,    1.5510100365e+01,    3.4650000930e-01,   -4.1025299579e-03,
    3.4760001302e-01,   -6.0028499365e-01,    3.4760001302e-01,    1.5666500092e+01,    3.4760001302e-01,   -1.8204100430e-02,
    3.4869998693e-01,   -6.3095897436e-01,    3.4869998693e-01,    1.5812899590e+01,    3.4869998693e-01,   -1.9075699151e-02,
    3.4979999065e-01,   -6.2133800983e-01,    3.4979999065e-01,    1.5986000061e+01,    3.4979999065e-01,   -2.3790100589e-02,
    3.5089999437e-01,   -6.5206599236e-01,    3.5089999437e-01,    1.6151500702e+01,    3.5089999437e-01,   -1.5062100254e-02,
    3.5199999809e-01,   -6.5507900715e-01,    3.5199999809e-01,    1.6290100098e+01,    3.5199999809e-01,   -1.3608199544e-02,
    3.5310000181e-01,   -7.0841199160e-01,    3.5310000181e-01,    1.6489000320e+01,    3.5310000181e-01,   -5.7332701981e-03,
    3.5420000553e-01,   -6.8450200558e-01,    3.5420000553e-01,    1.6634700775e+01,    3.5420000553e-01,   -7.0212897845e-03,
    3.5530000925e-01,   -6.8896102905e-01,    3.5530000925e-01,    1.6834699631e+01,    3.5530000925e-01,   -1.6290800646e-02,
    3.5640001297e-01,   -6.6188198328e-01,    3.5640001297e-01,    1.7013599396e+01,    3.5640001297e-01,   -2.5141600519e-02,
    3.5749998689e-01,   -6.7681998014e-01,    3.5749998689e-01,    1.7202699661e+01,    3.5749998689e-01,   -2.8742900118e-02,
    3.5859999061e-01,   -6.5420502424e-01,    3.5859999061e-01,    1.7396999359e+01,    3.5859999061e-01,   -3.9279200137e-02,
    3.5969999433e-01,   -6.7999500036e-01,    3.5969999433e-01,    1.7577100754e+01,    3.5969999433e-01,   -3.0085800216e-02,
    3.6079999804e-01,   -6.8749701977e-01,    3.6079999804e-01,    1.7733999252e+01,    3.6079999804e-01,   -1.9899500534e-02,
    3.6190000176e-01,   -6.8920898438e-01,    3.6190000176e-01,    1.7892599106e+01,    3.6190000176e-01,   -6.6825198010e-03,
    3.6300000548e-01,   -7.2048801184e-01,    3.6300000548e-01,    1.8027900696e+01,    3.6300000548e-01,   -6.6697602160e-03,
    3.6410000920e-01,   -7.3627400398e-01,    3.6410000920e-01,    1.8148099899e+01,    3.6410000920e-01,    5.5936798453e-03,
    3.6520001292e-01,   -7.4706900120e-01,    3.6520001292e-01,    1.8249700546e+01,    3.6520001292e-01,   -5.2169100381e-03,
    3.6629998684e-01,   -7.6123601198e-01,    3.6629998684e-01,    1.8413900375e+01,    3.6629998684e-01,   -1.2393300422e-02,
    3.6739999056e-01,   -7.8850698471e-01,    3.6739999056e-01,    1.8610900879e+01,    3.6739999056e-01,   -1.3473699801e-02,
    3.6849999428e-01,   -7.5511902571e-01,    3.6849999428e-01,    1.8832399368e+01,    3.6849999428e-01,   -5.9564900585e-03,
    3.6959999800e-01,   -7.9287397861e-01,    3.6959999800e-01,    1.9040199280e+01,    3.6959999800e-01,   -2.1716000047e-03,
    3.7070000172e-01,   -7.7756798267e-01,    3.7070000172e-01,    1.9232999802e+01,    3.7070000172e-01,    4.4710501097e-03,
    3.7180000544e-01,   -8.1994199753e-01,    3.7180000544e-01,    1.9370399475e+01,    3.7180000544e-01,    8.0828703940e-03,
    3.7290000916e-01,   -8.7215101719e-01,    3.7290000916e-01,    1.9528600693e+01,    3.7290000916e-01,    7.7896998264e-03,
    3.7400001287e-01,   -9.0760898590e-01,    3.7400001287e-01,    1.9684299469e+01,    3.7400001287e-01,    8.6784595624e-03,
    3.7509998679e-01,   -9.1463601589e-01,    3.7509998679e-01,    1.9813699722e+01,    3.7509998679e-01,    2.8882001061e-03,
    3.7619999051e-01,   -8.6240100861e-01,    3.7619999051e-01,    1.9994499207e+01,    3.7619999051e-01,    6.6527602030e-04,
    3.7729999423e-01,   -8.2141101360e-01,    3.7729999423e-01,    2.0343000412e+01,    3.7729999423e-01,    1.6920300201e-02,
    3.7839999795e-01,   -8.4637397528e-01,    3.7839999795e-01,    2.0653799057e+01,    3.7839999795e-01,    1.8846299499e-02,
    3.7950000167e-01,   -8.8722598553e-01,    3.7950000167e-01,    2.0907199860e+01,    3.7950000167e-01,    2.0967900753e-02,
    3.8060000539e-01,   -8.8848501444e-01,    3.8060000539e-01,    2.1114999771e+01,    3.8060000539e-01,    1.9112000242e-02,
    3.8170000911e-01,   -9.0115100145e-01,    3.8170000911e-01,    2.1256000519e+01,    3.8170000911e-01,    7.9736197367e-03,
    3.8280001283e-01,   -9.3515497446e-01,    3.8280001283e-01,    2.1319599152e+01,    3.8280001283e-01,    1.9302299246e-02,
    3.8389998674e-01,   -9.7086101770e-01,    3.8389998674e-01,    2.1368299484e+01,    3.8389998674e-01,    3.1771298498e-02,
    3.8499999046e-01,   -9.6818602085e-01,    3.8499999046e-01,    2.1451000214e+01,    3.8499999046e-01,    2.6047000661e-02,
    3.8609999418e-01,   -9.9211800098e-01,    3.8609999418e-01,    2.1464899063e+01,    3.8609999418e-01,    6.2498198822e-03,
    3.8719999790e-01,   -1.0123900175e+00,    3.8719999790e-01,    2.1548799515e+01,    3.8719999790e-01,    4.9155298620e-03,
    3.8830000162e-01,   -1.0234199762e+00,    3.8830000162e-01,    2.1539800644e+01,    3.8830000162e-01,   -3.0029199552e-03,
    3.8940000534e-01,   -9.4193398952e-01,    3.8940000534e-01,    2.1564199448e+01,    3.8940000534e-01,    2.3826099932e-03,
    3.9050000906e-01,   -9.8633497953e-01,    3.9050000906e-01,    2.1511699677e+01,    3.9050000906e-01,    1.3379200362e-02,
    3.9160001278e-01,   -9.2335402966e-01,    3.9160001278e-01,    2.1408500671e+01,    3.9160001278e-01,    2.2538600489e-02,
    3.9269998670e-01,   -9.3331199884e-01,    3.9269998670e-01,    2.1392499924e+01,    3.9269998670e-01,    2.4960799143e-02,
    3.9379999042e-01,   -9.4428199530e-01,    3.9379999042e-01,    2.1523099899e+01,    3.9379999042e-01,    1.6496900469e-02,
    3.9489999413e-01,   -9.0943002701e-01,    3.9489999413e-01,    2.1598899841e+01,    3.9489999413e-01,    3.9008900523e-02,
    3.9599999785e-01,   -8.8243502378e-01,    3.9599999785e-01,    2.1635499954e+01,    3.9599999785e-01,    2.7362000197e-02,
    3.9710000157e-01,   -8.4462702274e-01,    3.9710000157e-01,    2.1648700714e+01,    3.9710000157e-01,    4.6121500432e-02,
    3.9820000529e-01,   -8.6267101765e-01,    3.9820000529e-01,    2.1758699417e+01,    3.9820000529e-01,    3.7539698184e-02,
    3.9930000901e-01,   -8.7410700321e-01,    3.9930000901e-01,    2.1879899979e+01,    3.9930000901e-01,    5.8500301093e-02,
    4.0040001273e-01,   -8.7676799297e-01,    4.0040001273e-01,    2.1947500229e+01,    4.0040001273e-01,    5.8129001409e-02,
    4.0149998665e-01,   -8.6966997385e-01,    4.0149998665e-01,    2.1989599228e+01,    4.0149998665e-01,    4.6791799366e-02,
    4.0259999037e-01,   -9.1399598122e-01,    4.0259999037e-01,    2.2042400360e+01,    4.0259999037e-01,    4.5495200902e-02,
    4.0369999409e-01,   -8.9669799805e-01,    4.0369999409e-01,    2.2230499268e+01,    4.0369999409e-01,    2.8969399631e-02,
    4.0479999781e-01,   -9.5910400152e-01,    4.0479999781e-01,    2.2399799347e+01,    4.0479999781e-01,    3.9269700646e-03,
    4.0590000153e-01,   -9.3105602264e-01,    4.0590000153e-01,    2.2608999252e+01,    4.0590000153e-01,   -3.4342899453e-03,
    4.0700000525e-01,   -9.6556901932e-01,    4.0700000525e-01,    2.2718700409e+01,    4.0700000525e-01,   -1.3190500438e-02,
    4.0810000896e-01,   -9.0413099527e-01,    4.0810000896e-01,    2.2663000107e+01,    4.0810000896e-01,   -3.1728599221e-02,
    4.0920001268e-01,   -9.4965702295e-01,    4.0920001268e-01,    2.2788999557e+01,    4.0920001268e-01,   -2.7484200895e-02,
    4.1029998660e-01,   -9.5977598429e-01,    4.1029998660e-01,    2.2959699631e+01,    4.1029998660e-01,   -4.3882798404e-02,
    4.1139999032e-01,   -9.6430999041e-01,    4.1139999032e-01,    2.3127700806e+01,    4.1139999032e-01,   -3.9448399097e-02,
    4.1249999404e-01,   -9.3520700932e-01,    4.1249999404e-01,    2.3180999756e+01,    4.1249999404e-01,   -6.7163802683e-02,
    4.1359999776e-01,   -9.5372897387e-01,    4.1359999776e-01,    2.3260299683e+01,    4.1359999776e-01,   -8.0276399851e-02,
    4.1470000148e-01,   -9.9752897024e-01,    4.1470000148e-01,    2.3368099213e+01,    4.1470000148e-01,   -1.1016300321e-01,
    4.1580000520e-01,   -9.9919199944e-01,    4.1580000520e-01,    2.3351699829e+01,    4.1580000520e-01,   -9.5022596419e-02,
    4.1690000892e-01,   -1.0276000500e+00,    4.1690000892e-01,    2.3583200455e+01,    4.1690000892e-01,   -9.2769697309e-02,
    4.1800001264e-01,   -1.0255600214e+00,    4.1800001264e-01,    2.3860799789e+01,    4.1800001264e-01,   -9.9883601069e-02,
    4.1909998655e-01,   -1.0257799625e+00,    4.1909998655e-01,    2.4253700256e+01,    4.1909998655e-01,   -7.8671902418e-02,
    4.2019999027e-01,   -1.1001299620e+00,    4.2019999027e-01,    2.4536600113e+01,    4.2019999027e-01,   -6.8073600531e-02,
    4.2129999399e-01,   -1.0722899437e+00,    4.2129999399e-01,    2.4788700104e+01,    4.2129999399e-01,   -4.9141198397e-02,
    4.2239999771e-01,   -1.1383899450e+00,    4.2239999771e-01,    2.5017099380e+01,    4.2239999771e-01,   -3.8353700191e-02,
    4.2350000143e-01,   -1.0896899700e+00,    4.2350000143e-01,    2.5118900299e+01,    4.2350000143e-01,   -1.5565600246e-02,
    4.2460000515e-01,   -1.1046700478e+00,    4.2460000515e-01,    2.5272300720e+01,    4.2460000515e-01,    5.0080497749e-03,
    4.2570000887e-01,   -1.0780500174e+00,    4.2570000887e-01,    2.5276199341e+01,    4.2570000887e-01,   -5.2586398087e-03,
    4.2680001259e-01,   -1.1526700258e+00,    4.2680001259e-01,    2.5379400253e+01,    4.2680001259e-01,   -7.4972901493e-03,
    4.2789998651e-01,   -1.2261799574e+00,    4.2789998651e-01,    2.5429500580e+01,    4.2789998651e-01,   -7.9510696232e-03,
    4.2899999022e-01,   -1.1628500223e+00,    4.2899999022e-01,    2.5601100922e+01,    4.2899999022e-01,    1.1879599653e-02,
    4.3009999394e-01,   -1.2071100473e+00,    4.3009999394e-01,    2.5841600418e+01,    4.3009999394e-01,    2.9425600544e-02,
    4.3119999766e-01,   -1.1888699532e+00,    4.3119999766e-01,    2.5988000870e+01,    4.3119999766e-01,    1.8705399707e-02,
    4.3230000138e-01,   -1.1758199930e+00,    4.3230000138e-01,    2.5973300934e+01,    4.3230000138e-01,    1.0142499581e-02,
    4.3340000510e-01,   -1.1474100351e+00,    4.3340000510e-01,    2.6037300110e+01,    4.3340000510e-01,    1.2447900139e-02,
    4.3450000882e-01,   -1.2030800581e+00,    4.3450000882e-01,    2.6244899750e+01,    4.3450000882e-01,   -7.9700602219e-03,
    4.3560001254e-01,   -1.1380699873e+00,    4.3560001254e-01,    2.6512500763e+01,    4.3560001254e-01,   -2.3226400663e-04,
    4.3669998646e-01,   -1.2187800407e+00,    4.3669998646e-01,    2.6815500259e+01,    4.3669998646e-01,   -1.8620400224e-03,
    4.3779999018e-01,   -1.1823099852e+00,    4.3779999018e-01,    2.7021499634e+01,    4.3779999018e-01,    9.1661000624e-03,
    4.3889999390e-01,   -1.2800899744e+00,    4.3889999390e-01,    2.7268100739e+01,    4.3889999390e-01,   -2.6800099295e-03,
    4.3999999762e-01,   -1.2086800337e+00,    4.3999999762e-01,    2.7443599701e+01,    4.3999999762e-01,    1.5504600015e-03,
    4.4110000134e-01,   -1.4280400276e+00,    4.4110000134e-01,    2.7620100021e+01,    4.4110000134e-01,    8.2130599767e-03,
    4.4220000505e-01,   -1.3394900560e+00,    4.4220000505e-01,    2.7580799103e+01,    4.4220000505e-01,    2.0083799958e-02,
    4.4330000877e-01,   -1.3472499847e+00,    4.4330000877e-01,    2.7276199341e+01,    4.4330000877e-01,    3.0642800033e-02,
    4.4440001249e-01,   -1.2570799589e+00,    4.4440001249e-01,    2.6969200134e+01,    4.4440001249e-01,    4.7430399805e-02,
    4.4549998641e-01,   -1.2155699730e+00,    4.4549998641e-01,    2.6971500397e+01,    4.4549998641e-01,    9.7647301853e-02,
    4.4659999013e-01,   -1.2009099722e+00,    4.4659999013e-01,    2.6972099304e+01,    4.4659999013e-01,    9.6993602812e-02,
    4.4769999385e-01,   -1.1280900240e+00,    4.4769999385e-01,    2.7023000717e+01,    4.4769999385e-01,    7.9432897270e-02,
    4.4879999757e-01,   -1.2248500586e+00,    4.4879999757e-01,    2.6951099396e+01,    4.4879999757e-01,    7.1264497936e-02,
    4.4990000129e-01,   -1.1217199564e+00,    4.4990000129e-01,    2.7039100647e+01,    4.4990000129e-01,    4.8783898354e-02,
    4.5100000501e-01,   -1.2356499434e+00,    4.5100000501e-01,    2.7031299591e+01,    4.5100000501e-01,    6.0189701617e-02,
    4.5210000873e-01,   -1.0477800369e+00,    4.5210000873e-01,    2.6852500916e+01,    4.5210000873e-01,    5.4349798709e-02,
    4.5320001245e-01,   -1.1839100122e+00,    4.5320001245e-01,    2.6692399979e+01,    4.5320001245e-01,    6.2800399959e-02,
    4.5429998636e-01,   -1.0508199930e+00,    4.5429998636e-01,    2.6635999680e+01,    4.5429998636e-01,    9.0838603675e-02,
    4.5539999008e-01,   -1.1210500002e+00,    4.5539999008e-01,    2.6755100250e+01,    4.5539999008e-01,    7.9448498785e-02,
    4.5649999380e-01,   -1.0220500231e+00,    4.5649999380e-01,    2.6719400406e+01,    4.5649999380e-01,    6.2715098262e-02,
    4.5759999752e-01,   -1.0387699604e+00,    4.5759999752e-01,    2.6699199677e+01,    4.5759999752e-01,    7.9343996942e-02,
    4.5870000124e-01,   -1.0408099890e+00,    4.5870000124e-01,    2.6711500168e+01,    4.5870000124e-01,    7.6561897993e-02,
    4.5980000496e-01,   -1.0038399696e+00,    4.5980000496e-01,    2.6732700348e+01,    4.5980000496e-01,    6.2228098512e-02,
    4.6090000868e-01,   -1.0829299688e+00,    4.6090000868e-01,    2.6884799957e+01,    4.6090000868e-01,    3.4570600837e-02,
    4.6200001240e-01,   -1.0647799969e+00,    4.6200001240e-01,    2.6976400375e+01,    4.6200001240e-01,    1.2830100022e-02,
    4.6309998631e-01,   -9.9488902092e-01,    4.6309998631e-01,    2.7209899902e+01,    4.6309998631e-01,    1.1240899563e-02,
    4.6419999003e-01,   -1.0515400171e+00,    4.6419999003e-01,    2.7289300919e+01,    4.6419999003e-01,   -9.6116801724e-03,
    4.6529999375e-01,   -9.7206801176e-01,    4.6529999375e-01,    2.7558599472e+01,    4.6529999375e-01,   -2.7937699109e-02,
    4.6639999747e-01,   -1.1390000582e+00,    4.6639999747e-01,    2.7885400772e+01,    4.6639999747e-01,   -7.8900102526e-03,
    4.6750000119e-01,   -1.0273900032e+00,    4.6750000119e-01,    2.8320800781e+01,    4.6750000119e-01,    1.2746799737e-02,
    4.6860000491e-01,   -1.1717900038e+00,    4.6860000491e-01,    2.8823400497e+01,    4.6860000491e-01,    5.0735799596e-03,
    4.6970000863e-01,   -1.1087800264e+00,    4.6970000863e-01,    2.9181699753e+01,    4.6970000863e-01,    5.8058798313e-03,
    4.7080001235e-01,   -1.1774799824e+00,    4.7080001235e-01,    2.9614299774e+01,    4.7080001235e-01,    1.2021799572e-02,
    4.7189998627e-01,   -1.2593200207e+00,    4.7189998627e-01,    2.9866800308e+01,    4.7189998627e-01,   -4.5776199549e-03,
    4.7299998999e-01,   -1.1927800179e+00,    4.7299998999e-01,    3.0172100067e+01,    4.7299998999e-01,   -1.8787600100e-02,
    4.7409999371e-01,   -1.3631299734e+00,    4.7409999371e-01,    3.0567300797e+01,    4.7409999371e-01,   -3.8464700337e-03,
    4.7519999743e-01,   -1.2172000408e+00,    4.7519999743e-01,    3.0911699295e+01,    4.7519999743e-01,   -1.3156900182e-02,
    4.7630000114e-01,   -1.4396300316e+00,    4.7630000114e-01,    3.1511600494e+01,    4.7630000114e-01,   -7.1555799805e-03,
    4.7740000486e-01,   -1.2600599527e+00,    4.7740000486e-01,    3.2188400269e+01,    4.7740000486e-01,    8.7757399306e-03,
    4.7850000858e-01,   -1.4051699638e+00,    4.7850000858e-01,    3.2900699615e+01,    4.7850000858e-01,    1.7145799473e-02,
    4.7960001230e-01,   -1.3335900307e+00,    4.7960001230e-01,    3.3536399841e+01,    4.7960001230e-01,    1.3694999740e-02,
    4.8069998622e-01,   -1.4062500000e+00,    4.8069998622e-01,    3.4080699921e+01,    4.8069998622e-01,    2.2661600262e-02,
    4.8179998994e-01,   -1.4434000254e+00,    4.8179998994e-01,    3.4642799377e+01,    4.8179998994e-01,    4.9275599420e-02,
    4.8289999366e-01,   -1.4651299715e+00,    4.8289999366e-01,    3.5079601288e+01,    4.8289999366e-01,    3.8824401796e-02,
    4.8399999738e-01,   -1.4950599670e+00,    4.8399999738e-01,    3.5618801117e+01,    4.8399999738e-01,    4.9372401088e-02,
    4.8510000110e-01,   -1.5286099911e+00,    4.8510000110e-01,    3.5955699921e+01,    4.8510000110e-01,    5.4186001420e-02,
    4.8620000482e-01,   -1.5141299963e+00,    4.8620000482e-01,    3.6405498505e+01,    4.8620000482e-01,    4.6252500266e-02,
    4.8730000854e-01,   -1.6406699419e+00,    4.8730000854e-01,    3.6616199493e+01,    4.8730000854e-01,    2.5951599702e-02,
    4.8840001225e-01,   -1.4972300529e+00,    4.8840001225e-01,    3.6957599640e+01,    4.8840001225e-01,    3.7666898221e-02,
    4.8949998617e-01,   -1.6626100540e+00,    4.8949998617e-01,    3.7214401245e+01,    4.8949998617e-01,    2.5098800659e-02,
    4.9059998989e-01,   -1.5826499462e+00,    4.9059998989e-01,    3.7267200470e+01,    4.9059998989e-01,    5.2538900636e-03,
    4.9169999361e-01,   -1.8056700230e+00,    4.9169999361e-01,    3.7436100006e+01,    4.9169999361e-01,   -9.3571599573e-03,
    4.9279999733e-01,   -1.7910300493e+00,    4.9279999733e-01,    3.7777000427e+01,    4.9279999733e-01,    2.1973900497e-02,
    4.9390000105e-01,   -1.6901299953e+00,    4.9390000105e-01,    3.8169898987e+01,    4.9390000105e-01,    4.0894500911e-02,
    4.9500000477e-01,   -1.7476999760e+00,    4.9500000477e-01,    3.8533100128e+01,    4.9500000477e-01,    5.3373400122e-02,
    4.9610000849e-01,   -1.5907499790e+00,    4.9610000849e-01,    3.8744998932e+01,    4.9610000849e-01,    3.7918400019e-02,
    4.9720001221e-01,   -1.7861100435e+00,    4.9720001221e-01,    3.9013999939e+01,    4.9720001221e-01,    4.8283301294e-02,
    4.9829998612e-01,   -1.6689300537e+00,    4.9829998612e-01,    3.8908100128e+01,    4.9829998612e-01,    3.5645600408e-02,
    4.9939998984e-01,   -1.6650899649e+00,    4.9939998984e-01,    3.9019298553e+01,    4.9939998984e-01,    3.7542100996e-02,
    5.0050002337e-01,   -1.7127000093e+00,    5.0050002337e-01,    3.9224098206e+01,    5.0050002337e-01,    4.0305998176e-02,
    5.0160002708e-01,   -1.6470899582e+00,    5.0160002708e-01,    3.9325599670e+01,    5.0160002708e-01,    6.4506299794e-02,
    5.0269997120e-01,   -1.7293699980e+00,    5.0269997120e-01,    3.9517601013e+01,    5.0269997120e-01,    2.3868599907e-02,
    5.0379997492e-01,   -1.6203399897e+00,    5.0379997492e-01,    3.9572200775e+01,    5.0379997492e-01,    5.9490897693e-03,
    5.0489997864e-01,   -1.6560900211e+00,    5.0489997864e-01,    3.9766899109e+01,    5.0489997864e-01,    4.8007699661e-03,
    5.0599998236e-01,   -1.7232700586e+00,    5.0599998236e-01,    3.9828201294e+01,    5.0599998236e-01,    1.5295299701e-02,
    5.0709998608e-01,   -1.5609899759e+00,    5.0709998608e-01,    3.9875400543e+01,    5.0709998608e-01,   -2.1693700925e-02,
    5.0819998980e-01,   -1.8024300337e+00,    5.0819998980e-01,    4.0103298187e+01,    5.0819998980e-01,    3.6494201049e-04,
    5.0929999352e-01,   -1.5693099499e+00,    5.0929999352e-01,    4.0286201477e+01,    5.0929999352e-01,   -2.2689899430e-02,
    5.1039999723e-01,   -1.7807699442e+00,    5.1039999723e-01,    4.0631500244e+01,    5.1039999723e-01,   -1.8369000405e-02,
    5.1150000095e-01,   -1.7177699804e+00,    5.1150000095e-01,    4.0915699005e+01,    5.1150000095e-01,   -3.9719898254e-02,
    5.1260000467e-01,   -1.6929800510e+00,    5.1260000467e-01,    4.1197299957e+01,    5.1260000467e-01,   -3.5153098404e-02,
    5.1370000839e-01,   -1.7967799902e+00,    5.1370000839e-01,    4.1386199951e+01,    5.1370000839e-01,   -4.6102501452e-02,
    5.1480001211e-01,   -1.6802300215e+00,    5.1480001211e-01,    4.0741600037e+01,    5.1480001211e-01,   -3.5787798464e-02,
    5.1590001583e-01,   -1.8059500456e+00,    5.1590001583e-01,    4.0771800995e+01,    5.1590001583e-01,   -3.3190701157e-02,
    5.1700001955e-01,   -1.6292799711e+00,    5.1700001955e-01,    4.0726001740e+01,    5.1700001955e-01,   -3.6522798240e-02,
    5.1810002327e-01,   -1.7310700417e+00,    5.1810002327e-01,    4.0837699890e+01,    5.1810002327e-01,   -1.5697499737e-02,
    5.1920002699e-01,   -1.7497999668e+00,    5.1920002699e-01,    4.0754699707e+01,    5.1920002699e-01,   -1.1069200002e-02,
    5.2029997110e-01,   -1.5768699646e+00,    5.2029997110e-01,    4.0820499420e+01,    5.2029997110e-01,   -1.1803899892e-02,
    5.2139997482e-01,   -1.8024799824e+00,    5.2139997482e-01,    4.1033599854e+01,    5.2139997482e-01,   -1.1524000205e-02,
    5.2249997854e-01,   -1.5694899559e+00,    5.2249997854e-01,    4.1132598877e+01,    5.2249997854e-01,   -4.0857698768e-02,
    5.2359998226e-01,   -1.7283500433e+00,    5.2359998226e-01,    4.1345298767e+01,    5.2359998226e-01,   -3.4389600158e-02,
    5.2469998598e-01,   -1.6809600592e+00,    5.2469998598e-01,    4.1377899170e+01,    5.2469998598e-01,   -1.0574899614e-02,
    5.2579998970e-01,   -1.6722799540e+00,    5.2579998970e-01,    4.1567901611e+01,    5.2579998970e-01,   -4.7066900879e-02,
    5.2689999342e-01,   -1.8294600248e+00,    5.2689999342e-01,    4.1546298981e+01,    5.2689999342e-01,   -5.5667500943e-02,
    5.2799999714e-01,   -1.5699700117e+00,    5.2799999714e-01,    4.1509498596e+01,    5.2799999714e-01,   -9.8832696676e-02,
    5.2910000086e-01,   -1.9956699610e+00,    5.2910000086e-01,    4.1768100739e+01,    5.2910000086e-01,   -5.4145898670e-02,
    5.3020000458e-01,   -1.6279699802e+00,    5.3020000458e-01,    4.1596199036e+01,    5.3020000458e-01,   -9.9999599159e-02,
    5.3130000830e-01,   -1.9633500576e+00,    5.3130000830e-01,    4.1686500549e+01,    5.3130000830e-01,   -4.8680201173e-02,
    5.3240001202e-01,   -1.6835500002e+00,    5.3240001202e-01,    4.1566699982e+01,    5.3240001202e-01,   -8.6221598089e-02,
    5.3350001574e-01,   -1.8511300087e+00,    5.3350001574e-01,    4.1713901520e+01,    5.3350001574e-01,   -3.5689901561e-02,
    5.3460001945e-01,   -1.7901599407e+00,    5.3460001945e-01,    4.1780200958e+01,    5.3460001945e-01,   -8.7771899998e-02,
    5.3570002317e-01,   -1.6382800341e+00,    5.3570002317e-01,    4.1704898834e+01,    5.3570002317e-01,   -7.9038903117e-02,
    5.3680002689e-01,   -1.9427599907e+00,    5.3680002689e-01,    4.1920898438e+01,    5.3680002689e-01,   -6.1920400709e-02,
    5.3789997101e-01,   -1.6414300203e+00,    5.3789997101e-01,    4.1761299133e+01,    5.3789997101e-01,   -4.6393599361e-02,
    5.3899997473e-01,   -1.8092700243e+00,    5.3899997473e-01,    4.1891799927e+01,    5.3899997473e-01,   -9.9512502551e-02,
    5.4009997845e-01,   -1.7723699808e+00,    5.4009997845e-01,    4.1483699799e+01,    5.4009997845e-01,   -9.3479402363e-02,
    5.4119998217e-01,   -1.6097400188e+00,    5.4119998217e-01,    4.1410099030e+01,    5.4119998217e-01,   -1.0119400173e-01,
    5.4229998589e-01,   -1.8636000156e+00,    5.4229998589e-01,    4.1231800079e+01,    5.4229998589e-01,   -5.5823698640e-02,
    5.4339998960e-01,   -1.4792000055e+00,    5.4339998960e-01,    4.1074798584e+01,    5.4339998960e-01,   -2.9425600544e-02,
    5.4449999332e-01,   -1.9196399450e+00,    5.4449999332e-01,    4.1091400146e+01,    5.4449999332e-01,   -5.9260699898e-02,
    5.4559999704e-01,   -1.5154500008e+00,    5.4559999704e-01,    4.0768798828e+01,    5.4559999704e-01,   -1.7433000728e-02,
    5.4670000076e-01,   -1.7353399992e+00,    5.4670000076e-01,    4.0633998871e+01,    5.4670000076e-01,   -3.5514801741e-02,
    5.4780000448e-01,   -1.6155400276e+00,    5.4780000448e-01,    4.0290298462e+01,    5.4780000448e-01,    1.4365999959e-03,
    5.4890000820e-01,   -1.5566699505e+00,    5.4890000820e-01,    3.9877201080e+01,    5.4890000820e-01,   -5.3292799741e-02,
    5.5000001192e-01,   -1.7212699652e+00,    5.5000001192e-01,    3.9457298279e+01,    5.5000001192e-01,   -1.6925100237e-02,
    5.5110001564e-01,   -1.2290500402e+00,    5.5110001564e-01,    3.9104400635e+01,    5.5110001564e-01,   -4.4740699232e-02,
    5.5220001936e-01,   -1.5812499523e+00,    5.5220001936e-01,    3.9011699677e+01,    5.5220001936e-01,   -1.1748200282e-02,
    5.5330002308e-01,   -1.0363899469e+00,    5.5330002308e-01,    3.8553798676e+01,    5.5330002308e-01,   -5.5150897242e-04,
    5.5440002680e-01,   -1.4083499908e+00,    5.5440002680e-01,    3.8364700317e+01,    5.5440002680e-01,    1.5773899853e-02,
    5.5549997091e-01,   -1.1550099850e+00,    5.5549997091e-01,    3.7932899475e+01,    5.5549997091e-01,    1.7816800624e-02,
    5.5659997463e-01,   -1.2853200436e+00,    5.5659997463e-01,    3.7727199554e+01,    5.5659997463e-01,    2.4924300611e-02,
    5.5769997835e-01,   -1.3403999805e+00,    5.5769997835e-01,    3.8067001343e+01,    5.5769997835e-01,   -1.8502399325e-02,
    5.5879998207e-01,   -1.0580400229e+00,    5.5879998207e-01,    3.8071800232e+01,    5.5879998207e-01,   -3.7494398654e-02,
    5.5989998579e-01,   -1.3069000244e+00,    5.5989998579e-01,    3.8608699799e+01,    5.5989998579e-01,   -5.7132601738e-02,
    5.6099998951e-01,   -1.1097700596e+00,    5.6099998951e-01,    3.8571800232e+01,    5.6099998951e-01,   -7.0900902152e-02,
    5.6209999323e-01,   -1.1311899424e+00,    5.6209999323e-01,    3.9024299622e+01,    5.6209999323e-01,   -8.9773796499e-02,
    5.6319999695e-01,   -1.2290999889e+00,    5.6319999695e-01,    3.8921600342e+01,    5.6319999695e-01,   -7.1387700737e-02,
    5.6430000067e-01,   -8.4065198898e-01,    5.6430000067e-01,    3.8952301025e+01,    5.6430000067e-01,   -4.9661099911e-02,
    5.6540000439e-01,   -1.3664100170e+00,    5.6540000439e-01,    3.9161800385e+01,    5.6540000439e-01,   -3.1093800440e-02,
    5.6650000811e-01,   -6.6400301456e-01,    5.6650000811e-01,    3.8999198914e+01,    5.6650000811e-01,   -3.3861901611e-02,
    5.6760001183e-01,   -1.2712399960e+00,    5.6760001183e-01,    3.9263099670e+01,    5.6760001183e-01,   -2.1929200739e-03,
    5.6870001554e-01,   -8.4393197298e-01,    5.6870001554e-01,    3.8979301453e+01,    5.6870001554e-01,   -3.6607798189e-02,
    5.6980001926e-01,   -9.7556298971e-01,    5.6980001926e-01,    3.9304401398e+01,    5.6980001926e-01,   -7.8398302197e-02,
    5.7090002298e-01,   -1.2947499752e+00,    5.7090002298e-01,    3.9745800018e+01,    5.7090002298e-01,   -6.2566801906e-02,
    5.7200002670e-01,   -7.4839901924e-01,    5.7200002670e-01,    4.0139099121e+01,    5.7200002670e-01,   -1.1499600112e-01,
    5.7309997082e-01,   -1.6775499582e+00,    5.7309997082e-01,    4.1003501892e+01,    5.7309997082e-01,   -1.2502199411e-01,
    5.7419997454e-01,   -5.4310697317e-01,    5.7419997454e-01,    4.0922401428e+01,    5.7419997454e-01,   -2.2204099596e-01,
    5.7529997826e-01,   -1.6537200212e+00,    5.7529997826e-01,    4.1793201447e+01,    5.7529997826e-01,   -1.8319399655e-01,
    5.7639998198e-01,   -8.6546897888e-01,    5.7639998198e-01,    4.2074501038e+01,    5.7639998198e-01,   -1.9331200421e-01,
    5.7749998569e-01,   -1.3420200348e+00,    5.7749998569e-01,    4.2658000946e+01,    5.7749998569e-01,   -2.0591199398e-01,
    5.7859998941e-01,   -1.3147900105e+00,    5.7859998941e-01,    4.3379699707e+01,    5.7859998941e-01,   -1.7265099287e-01,
    5.7969999313e-01,   -9.3687599897e-01,    5.7969999313e-01,    4.3608798981e+01,    5.7969999313e-01,   -1.4891399443e-01,
    5.8079999685e-01,   -1.6345299482e+00,    5.8079999685e-01,    4.4912498474e+01,    5.8079999685e-01,   -1.4031499624e-01,
    5.8190000057e-01,   -8.6763399839e-01,    5.8190000057e-01,    4.4783599854e+01,    5.8190000057e-01,   -1.3200199604e-01,
    5.8300000429e-01,   -1.5851500034e+00,    5.8300000429e-01,    4.6085498810e+01,    5.8300000429e-01,   -1.2073700130e-01,
    5.8410000801e-01,   -1.3155900240e+00,    5.8410000801e-01,    4.5986999512e+01,    5.8410000801e-01,   -1.2302999943e-01,
    5.8520001173e-01,   -1.0047800541e+00,    5.8520001173e-01,    4.7151100159e+01,    5.8520001173e-01,   -1.4202299714e-01,
    5.8630001545e-01,   -1.9311499596e+00,    5.8630001545e-01,    4.7676601410e+01,    5.8630001545e-01,   -1.5553799272e-01,
    5.8740001917e-01,   -6.1458599567e-01,    5.8740001917e-01,    4.7874198914e+01,    5.8740001917e-01,   -9.1137699783e-02,
    5.8850002289e-01,   -2.3089799881e+00,    5.8850002289e-01,    4.8805400848e+01,    5.8850002289e-01,   -2.1105800569e-01,
    5.8960002661e-01,   -6.3263797760e-01,    5.8960002661e-01,    4.8745800018e+01,    5.8960002661e-01,   -8.4274798632e-02,
    5.9069997072e-01,   -2.0630900860e+00,    5.9069997072e-01,    5.0085498810e+01,    5.9069997072e-01,   -1.4297699928e-01,
    5.9179997444e-01,   -1.3733600378e+00,    5.9179997444e-01,    5.0230800629e+01,    5.9179997444e-01,   -7.9456798732e-02,
    5.9289997816e-01,   -1.2265599966e+00,    5.9289997816e-01,    5.0919700623e+01,    5.9289997816e-01,   -5.4236199707e-02,
    5.9399998188e-01,   -2.3583700657e+00,    5.9399998188e-01,    5.1504001617e+01,    5.9399998188e-01,   -5.1880899817e-02,
    5.9509998560e-01,   -5.1394599676e-01,    5.9509998560e-01,    5.1222801208e+01,    5.9509998560e-01,   -4.4876500964e-02,
    5.9619998932e-01,   -2.9108800888e+00,    5.9619998932e-01,    5.2274799347e+01,    5.9619998932e-01,   -1.7554799095e-02,
    5.9729999304e-01,   -3.4758800268e-01,    5.9729999304e-01,    5.1471401215e+01,    5.9729999304e-01,   -6.2458399683e-02,
    5.9839999676e-01,   -2.6351399422e+00,    5.9839999676e-01,    5.2751701355e+01,    5.9839999676e-01,   -6.3686698675e-02,
    5.9950000048e-01,   -1.1313600540e+00,    5.9950000048e-01,    5.2628601074e+01,    5.9950000048e-01,   -2.9204700142e-02,
    6.0060000420e-01,   -1.6692399979e+00,    6.0060000420e-01,    5.2822700500e+01,    6.0060000420e-01,   -7.7877096832e-02,
    6.0170000792e-01,   -2.1300199032e+00,    6.0170000792e-01,    5.3383598328e+01,    6.0170000792e-01,   -3.7488400936e-02,
    6.0280001163e-01,   -9.6613597870e-01,    6.0280001163e-01,    5.1659400940e+01,    6.0280001163e-01,   -5.7296499610e-02,
    6.0390001535e-01,   -2.6077499390e+00,    6.0390001535e-01,    5.3185199738e+01,    6.0390001535e-01,    8.6661502719e-03,
    6.0500001907e-01,   -9.0456402302e-01,    6.0500001907e-01,    5.1458698273e+01,    6.0500001907e-01,   -1.1769499630e-01,
    6.0610002279e-01,   -1.9720400572e+00,    6.0610002279e-01,    5.3330501556e+01,    6.0610002279e-01,   -1.8635600572e-03,
    6.0720002651e-01,   -2.0687999725e+00,    6.0720002651e-01,    5.2090499878e+01,    6.0720002651e-01,   -1.0911100358e-01,
    6.0829997063e-01,   -5.9977298975e-01,    6.0829997063e-01,    5.2591800690e+01,    6.0829997063e-01,   -1.4346900582e-01,
    6.0939997435e-01,   -3.3604800701e+00,    6.0939997435e-01,    5.2907901764e+01,    6.0939997435e-01,   -3.9038699120e-02,
    6.1049997807e-01,    3.6847299337e-01,    6.1049997807e-01,    5.1725101471e+01,    6.1049997807e-01,   -7.5849898160e-02,
    6.1159998178e-01,   -3.6715700626e+00,    6.1159998178e-01,    5.3405101776e+01,    6.1159998178e-01,   -1.3810199499e-01,
    6.1269998550e-01,   -1.6962099820e-02,    6.1269998550e-01,    5.1665100098e+01,    6.1269998550e-01,   -1.0296399891e-01,
    6.1379998922e-01,   -2.2968099117e+00,    6.1379998922e-01,    5.2513900757e+01,    6.1379998922e-01,   -1.6800400615e-01,
    6.1489999294e-01,   -1.9242600203e+00,    6.1489999294e-01,    5.1317699432e+01,    6.1489999294e-01,   -1.0892099701e-02,
    6.1599999666e-01,    2.3652200401e-01,    6.1599999666e-01,    5.0937599182e+01,    6.1599999666e-01,   -1.0047999769e-01,
    6.1710000038e-01,   -4.3248400688e+00,    6.1710000038e-01,    5.1335300446e+01,    6.1710000038e-01,    2.3122699931e-02,
    6.1820000410e-01,    2.0384900570e+00,    6.1820000410e-01,    4.9405700684e+01,    6.1820000410e-01,   -1.1727900244e-02,
    6.1930000782e-01,   -5.0601301193e+00,    6.1930000782e-01,    5.1567600250e+01,    6.1930000782e-01,    4.1574701667e-02,
    6.2040001154e-01,    1.9545500278e+00,    6.2040001154e-01,    4.9232498169e+01,    6.2040001154e-01,    8.0030498793e-04,
    6.2150001526e-01,   -3.5374200344e+00,    6.2150001526e-01,    5.0674701691e+01,    6.2150001526e-01,   -2.9930699617e-02,
    6.2260001898e-01,    1.0245500132e-02,    6.2260001898e-01,    5.0330799103e+01,    6.2260001898e-01,    8.6781401187e-03,
    6.2370002270e-01,   -7.8276401758e-01,    6.2370002270e-01,    4.8837799072e+01,    6.2370002270e-01,    1.3951900182e-03,
    6.2480002642e-01,   -2.5230898857e+00,    6.2480002642e-01,    5.1518600464e+01,    6.2480002642e-01,   -4.7089200467e-02,
    6.2589997053e-01,    1.2487499714e+00,    6.2589997053e-01,    4.7407398224e+01,    6.2589997053e-01,    1.0094200075e-01,
    6.2699997425e-01,   -3.0466001034e+00,    6.2699997425e-01,    5.2639801025e+01,    6.2699997425e-01,   -7.7869601548e-02,
    6.2809997797e-01,    5.8337497711e-01,    6.2809997797e-01,    4.7648200989e+01,    6.2809997797e-01,    2.0274499431e-02,
    6.2919998169e-01,   -7.4916899204e-01,    6.2919998169e-01,    5.2096599579e+01,    6.2919998169e-01,    5.9747699648e-02,
    6.3029998541e-01,   -2.5570600033e+00,    6.3029998541e-01,    4.9528400421e+01,    6.3029998541e-01,    3.4182199743e-03,
    6.3139998913e-01,    2.8643701077e+00,    6.3139998913e-01,    5.0126300812e+01,    6.3139998913e-01,    9.7971796989e-02,
    6.3249999285e-01,   -5.7663798332e+00,    6.3249999285e-01,    5.2391601563e+01,    6.3249999285e-01,    4.3458100408e-02,
    6.3359999657e-01,    4.7358098030e+00,    6.3359999657e-01,    4.9057998657e+01,    6.3359999657e-01,    7.2044998407e-02,
    6.3470000029e-01,   -5.4708900452e+00,    6.3470000029e-01,    5.4259498596e+01,    6.3470000029e-01,   -8.4696197882e-03,
    6.3580000401e-01,    2.0769801140e+00,    6.3580000401e-01,    4.9767601013e+01,    6.3580000401e-01,    6.0560598969e-02,
    6.3690000772e-01,   -4.1453000903e-01,    6.3690000772e-01,    5.3569301605e+01,    6.3690000772e-01,   -9.5158502460e-02,
    6.3800001144e-01,   -4.2665700912e+00,    6.3800001144e-01,    5.2336101532e+01,    6.3800001144e-01,    1.0654699802e-01,
    6.3910001516e-01,    6.6274099350e+00,    6.3910001516e-01,    5.1195899963e+01,    6.3910001516e-01,   -4.6461399645e-02,
    6.4020001888e-01,   -9.5932102203e+00,    6.4020001888e-01,    5.4926998138e+01,    6.4020001888e-01,    2.0702600479e-02,
    6.4130002260e-01,    9.0291595459e+00,    6.4130002260e-01,    5.0258800507e+01,    6.4130002260e-01,   -5.4505601525e-02,
    6.4240002632e-01,   -8.6908998489e+00,    6.4240002632e-01,    5.4305599213e+01,    6.4240002632e-01,    7.5853303075e-02,
    6.4349997044e-01,    5.0200200081e+00,    6.4349997044e-01,    5.2473598480e+01,    6.4349997044e-01,   -7.9497799277e-02,
    6.4459997416e-01,   -2.3522100449e+00,    6.4459997416e-01,    5.1218200684e+01,    6.4459997416e-01,    1.5974499285e-01,
    6.4569997787e-01,   -8.1899100542e-01,    6.4569997787e-01,    5.6329498291e+01,    6.4569997787e-01,    3.8064800203e-02,
    6.4679998159e-01,    2.1658599377e+00,    6.4679998159e-01,    4.8249099731e+01,    6.4679998159e-01,   -6.4904000610e-03,
    6.4789998531e-01,   -2.6653800011e+00,    6.4789998531e-01,    5.8239898682e+01,    6.4789998531e-01,    3.6373399198e-02,
    6.4899998903e-01,    1.2543800473e-01,    6.4899998903e-01,    4.8701099396e+01,    6.4899998903e-01,    1.2802200019e-01,
    6.5009999275e-01,    9.7000998259e-01,    6.5009999275e-01,    5.6784599304e+01,    6.5009999275e-01,   -2.2178100422e-02,
    6.5119999647e-01,   -4.4092898369e+00,    6.5119999647e-01,    5.1458301544e+01,    6.5119999647e-01,    3.3300001174e-02,
    6.5230000019e-01,    5.7845702171e+00,    6.5230000019e-01,    5.3290000916e+01,    6.5230000019e-01,    2.2916700691e-02,
    6.5340000391e-01,   -7.3213500977e+00,    6.5340000391e-01,    5.4778301239e+01,    6.5340000391e-01,   -1.7627899349e-01,
    6.5450000763e-01,    5.3410000801e+00,    6.5450000763e-01,    5.0937999725e+01,    6.5450000763e-01,    1.2524399906e-02,
    6.5560001135e-01,   -4.3489098549e+00,    6.5560001135e-01,    5.5805000305e+01,    6.5560001135e-01,   -1.6273799539e-01,
    6.5670001507e-01,   -1.0057400465e+00,    6.5670001507e-01,    5.1216300964e+01,    6.5670001507e-01,    1.5043499880e-02,
    6.5780001879e-01,    3.8441100121e+00,    6.5780001879e-01,    5.4314399719e+01,    6.5780001879e-01,   -4.0251899511e-02,
    6.5890002251e-01,   -9.3480701447e+00,    6.5890002251e-01,    5.3099098206e+01,    6.5890002251e-01,    7.4351400137e-02,
    6.6000002623e-01,    1.1088600159e+01,    6.6000002623e-01,    5.2145000458e+01,    6.6000002623e-01,   -1.0873100162e-01,
    6.6109997034e-01,   -1.3789500237e+01,    6.6109997034e-01,    5.4386699677e+01,    6.6109997034e-01,    2.7964400128e-02,
    6.6219997406e-01,    1.0396900177e+01,    6.6219997406e-01,    5.3247100830e+01,    6.6219997406e-01,   -6.2471501529e-02,
    6.6329997778e-01,   -1.0243599892e+01,    6.6329997778e-01,    5.2887401581e+01,    6.6329997778e-01,   -6.5711402567e-04,
    6.6439998150e-01,    4.8132100105e+00,    6.6439998150e-01,    5.6075099945e+01,    6.6439998150e-01,    2.2499600053e-01,
    6.6549998522e-01,   -2.4743299484e+00,    6.6549998522e-01,    5.0583999634e+01,    6.6549998522e-01,    1.2054599822e-01,
    6.6659998894e-01,   -2.0716600418e+00,    6.6659998894e-01,    5.9016300201e+01,    6.6659998894e-01,    1.0736600310e-01,
    6.6769999266e-01,    3.0372500420e+00,    6.6769999266e-01,    4.9715999603e+01,    6.6769999266e-01,   -2.8840999585e-03,
    6.6879999638e-01,   -5.7168102264e+00,    6.6879999638e-01,    5.9598701477e+01,    6.6879999638e-01,    8.5161700845e-02,
    6.6990000010e-01,    3.2399599552e+00,    6.6990000010e-01,    5.2220500946e+01,    6.6990000010e-01,    4.2089000344e-02,
    6.7100000381e-01,   -4.2492799759e+00,    6.7100000381e-01,    5.6940399170e+01,    6.7100000381e-01,    8.8344402611e-02,
    6.7210000753e-01,    3.9876899123e-01,    6.7210000753e-01,    5.6349601746e+01,    6.7210000753e-01,    4.7667101026e-02,
    6.7320001125e-01,   -1.2395600080e+00,    6.7320001125e-01,    5.2819198608e+01,    6.7320001125e-01,    2.1411900222e-01,
    6.7430001497e-01,   -2.1695899963e+00,    6.7430001497e-01,    6.0219100952e+01,    6.7430001497e-01,   -3.5489801317e-02,
    6.7540001869e-01,   -7.7002102137e-01,    6.7540001869e-01,    5.0848999023e+01,    6.7540001869e-01,    1.4738999307e-01,
    6.7650002241e-01,   -8.0362600088e-01,    6.7650002241e-01,    6.1095798492e+01,    6.7650002241e-01,   -1.0845399648e-01,
    6.7760002613e-01,   -4.7658500671e+00,    6.7760002613e-01,    5.2219799042e+01,    6.7760002613e-01,    2.8869199753e-01,
    6.7869997025e-01,    4.5580701828e+00,    6.7869997025e-01,    5.8638401031e+01,    6.7869997025e-01,    4.3248098344e-02,
    6.7979997396e-01,   -1.0446100235e+01,    6.7979997396e-01,    5.5344001770e+01,    6.7979997396e-01,    1.5376900136e-01,
    6.8089997768e-01,    8.8390502930e+00,    6.8089997768e-01,    5.4988700867e+01,    6.8089997768e-01,    7.0426901802e-03,
    6.8199998140e-01,   -1.1967200279e+01,    6.8199998140e-01,    5.7102401733e+01,    6.8199998140e-01,   -2.3088300228e-01,
    6.8309998512e-01,    5.8765702248e+00,    6.8309998512e-01,    5.4130199432e+01,    6.8309998512e-01,    1.5919399261e-01,
    6.8419998884e-01,   -5.6718401909e+00,    6.8419998884e-01,    5.5859199524e+01,    6.8419998884e-01,   -1.8560500443e-01,
    6.8529999256e-01,   -2.3500900269e+00,    6.8529999256e-01,    5.5559200287e+01,    6.8529999256e-01,    4.8875801440e-05,
    6.8639999628e-01,    4.0444397926e+00,    6.8639999628e-01,    5.2109100342e+01,    6.8639999628e-01,    3.6879301071e-02,
    6.8750000000e-01,   -1.0715900421e+01,    6.8750000000e-01,    5.7123199463e+01,    6.8750000000e-01,   -6.4342997968e-02,
    6.8860000372e-01,    9.0261802673e+00,    6.8860000372e-01,    5.0214599609e+01,    6.8860000372e-01,   -4.9071300775e-02,
    6.8970000744e-01,   -1.2573900223e+01,    6.8970000744e-01,    5.5641399384e+01,    6.8970000744e-01,   -2.5028398633e-01,
    6.9080001116e-01,    7.2458400726e+00,    6.9080001116e-01,    5.2786998749e+01,    6.9080001116e-01,    6.4066201448e-02,
    6.9190001488e-01,   -7.7674598694e+00,    6.9190001488e-01,    5.1807998657e+01,    6.9190001488e-01,    6.2488600612e-02,
    6.9300001860e-01,    1.9829699993e+00,    6.9300001860e-01,    5.7264701843e+01,    6.9300001860e-01,   -1.2848499417e-01,
    6.9410002232e-01,   -2.3201000690e+00,    6.9410002232e-01,    4.8011299133e+01,    6.9410002232e-01,    3.5969398916e-02,
    6.9520002604e-01,   -2.0726599693e+00,    6.9520002604e-01,    5.9899398804e+01,    6.9520002604e-01,   -2.0409899950e-01,
    6.9630002975e-01,   -9.4294697046e-01,    6.9630002975e-01,    4.7665401459e+01,    6.9630002975e-01,    1.0321199894e-01,
    6.9739997387e-01,   -1.5203100443e+00,    6.9739997387e-01,    5.8729400635e+01,    6.9739997387e-01,   -2.6750901341e-01,
    6.9849997759e-01,   -3.4711101055e+00,    6.9849997759e-01,    5.1006801605e+01,    6.9849997759e-01,   -2.7467200533e-02,
    6.9959998131e-01,    2.0499699116e+00,    6.9959998131e-01,    5.5382801056e+01,    6.9959998131e-01,   -6.8581998348e-03,
    7.0069998503e-01,   -6.5563998222e+00,    7.0069998503e-01,    5.5696998596e+01,    7.0069998503e-01,   -1.0428100079e-01,
    7.0179998875e-01,    3.8671700954e+00,    7.0179998875e-01,    5.2352699280e+01,    7.0179998875e-01,   -1.4944699407e-01,
    7.0289999247e-01,   -6.2203397751e+00,    7.0289999247e-01,    5.9356399536e+01,    7.0289999247e-01,   -2.2403100133e-01,
    7.0399999619e-01,   -5.9600198269e-01,    7.0399999619e-01,    5.2138801575e+01,    7.0399999619e-01,    1.5949499607e-01,
    7.0509999990e-01,    9.8139697313e-01,    7.0509999990e-01,    5.9208099365e+01,    7.0509999990e-01,   -2.3910200596e-01,
    7.0620000362e-01,   -9.4619197845e+00,    7.0620000362e-01,    5.3659900665e+01,    7.0620000362e-01,    1.7793799937e-01,
    7.0730000734e-01,    1.0336000443e+01,    7.0730000734e-01,    5.5300498962e+01,    7.0730000734e-01,   -7.9747200012e-02,
    7.0840001106e-01,   -1.6035800934e+01,    7.0840001106e-01,    5.5408599854e+01,    7.0840001106e-01,    7.5466401875e-02,
    7.0950001478e-01,    1.3095600128e+01,    7.0950001478e-01,    5.3792999268e+01,    7.0950001478e-01,   -2.2002899647e-01,
    7.1060001850e-01,   -1.4177800179e+01,    7.1060001850e-01,    5.4638801575e+01,    7.1060001850e-01,    4.1890300810e-02,
    7.1170002222e-01,    7.3206200600e+00,    7.1170002222e-01,    5.5244300842e+01,    7.1170002222e-01,   -1.8067799509e-02,
    7.1280002594e-01,   -4.9698200226e+00,    7.1280002594e-01,    5.0728801727e+01,    7.1280002594e-01,    2.7541801333e-01,
    7.1390002966e-01,   -1.8803000450e+00,    7.1390002966e-01,    5.7610500336e+01,    7.1390002966e-01,    1.0900600255e-01,
    7.1499997377e-01,    4.2121500969e+00,    7.1499997377e-01,    4.7596298218e+01,    7.1499997377e-01,    7.2583399713e-02,
    7.1609997749e-01,   -8.0209798813e+00,    7.1609997749e-01,    5.8545501709e+01,    7.1609997749e-01,   -3.0990000814e-02,
    7.1719998121e-01,    5.9130802155e+00,    7.1719998121e-01,    4.8566501617e+01,    7.1719998121e-01,    4.0157798678e-02,
    7.1829998493e-01,   -7.0267701149e+00,    7.1829998493e-01,    5.5491901398e+01,    7.1829998493e-01,    2.3845300078e-02,
    7.1939998865e-01,    2.8723099232e+00,    7.1939998865e-01,    5.2865898132e+01,    7.1939998865e-01,    1.7346699536e-01,
    7.2049999237e-01,   -2.8476500511e+00,    7.2049999237e-01,    5.0701801300e+01,    7.2049999237e-01,    1.1845800281e-01,
    7.2159999609e-01,   -5.7781898975e-01,    7.2159999609e-01,    5.7958301544e+01,    7.2159999609e-01,    1.6038599610e-01,
    7.2269999981e-01,   -6.4271301031e-01,    7.2269999981e-01,    4.7321601868e+01,    7.2269999981e-01,    9.6108898520e-02,
    7.2380000353e-01,   -8.1138801575e-01,    7.2380000353e-01,    6.0316799164e+01,    7.2380000353e-01,   -1.9605399668e-01,
    7.2490000725e-01,   -3.6465799809e+00,    7.2490000725e-01,    4.8338500977e+01,    7.2490000725e-01,    4.9333301187e-01,
    7.2600001097e-01,    4.1230001450e+00,    7.2600001097e-01,    5.8386100769e+01,    7.2600001097e-01,   -2.5953501463e-01,
    7.2710001469e-01,   -9.2963895798e+00,    7.2710001469e-01,    5.2201499939e+01,    7.2710001469e-01,    4.4665500522e-01,
    7.2820001841e-01,    9.6895904541e+00,    7.2820001841e-01,    5.4612300873e+01,    7.2820001841e-01,   -9.6712201834e-02,
    7.2930002213e-01,   -1.2665900230e+01,    7.2930002213e-01,    5.6214500427e+01,    7.2930002213e-01,   -1.0609000176e-01,
    7.3040002584e-01,    8.5748100281e+00,    7.3040002584e-01,    5.3052398682e+01,    7.3040002584e-01,    1.5227299929e-01,
    7.3150002956e-01,   -7.9150800705e+00,    7.3150002956e-01,    5.6805900574e+01,    7.3150002956e-01,   -2.2242799401e-01,
    7.3259997368e-01,   -1.7325599492e-01,    7.3259997368e-01,    5.4462001801e+01,    7.3259997368e-01,    9.6244201064e-02,
    7.3369997740e-01,    2.8902599812e+00,    7.3369997740e-01,    5.4358699799e+01,    7.3369997740e-01,    2.1175700426e-01,
    7.3479998112e-01,   -1.0707900047e+01,    7.3479998112e-01,    5.6422599792e+01,    7.3479998112e-01,   -6.4049802721e-02,
    7.3589998484e-01,    1.1688199997e+01,    7.3589998484e-01,    5.1580001831e+01,    7.3589998484e-01,   -4.4176798314e-02,
    7.3699998856e-01,   -1.6108600616e+01,    7.3699998856e-01,    5.7461299896e+01,    7.3699998856e-01,   -1.0199099779e-01,
    7.3809999228e-01,    1.2095600128e+01,    7.3809999228e-01,    5.3684600830e+01,    7.3809999228e-01,    1.2164600194e-01,
    7.3919999599e-01,   -1.2085300446e+01,    7.3919999599e-01,    5.4315101624e+01,    7.3919999599e-01,   -9.8827801645e-02,
    7.4029999971e-01,    6.1184201241e+00,    7.4029999971e-01,    5.8357498169e+01,    7.4029999971e-01,    2.1042099223e-02,
    7.4140000343e-01,   -3.8501799107e+00,    7.4140000343e-01,    5.0308101654e+01,    7.4140000343e-01,    2.7852800488e-01,
    7.4250000715e-01,   -1.1683100462e+00,    7.4250000715e-01,    6.2766300201e+01,    7.4250000715e-01,   -1.4857399464e-01,
    7.4360001087e-01,    1.1907500029e+00,    7.4360001087e-01,    4.8559501648e+01,    7.4360001087e-01,    1.5084600449e-01,
    7.4470001459e-01,   -3.2163400650e+00,    7.4470001459e-01,    6.3330200195e+01,    7.4470001459e-01,   -2.3123100400e-01,
    7.4580001831e-01,   -3.7477201223e-01,    7.4580001831e-01,    5.1350898743e+01,    7.4580001831e-01,    2.5566300750e-01,
    7.4690002203e-01,    6.1479502916e-01,    7.4690002203e-01,    5.9336200714e+01,    7.4690002203e-01,   -5.7897798717e-02,
    7.4800002575e-01,   -4.6031899452e+00,    7.4800002575e-01,    5.6513301849e+01,    7.4800002575e-01,    2.4958500266e-01,
    7.4910002947e-01,    4.4510698318e+00,    7.4910002947e-01,    5.4209701538e+01,    7.4910002947e-01,   -7.5005397201e-02,
    7.5019997358e-01,   -6.2172198296e+00,    7.5019997358e-01,    6.0566600800e+01,    7.5019997358e-01,    4.6692900360e-03,
    7.5129997730e-01,    1.7887500525e+00,    7.5129997730e-01,    5.1131999969e+01,    7.5129997730e-01,    1.3434900343e-01,
    7.5239998102e-01,   -4.1038298607e-01,    7.5239998102e-01,    6.1622398376e+01,    7.5239998102e-01,   -3.4414300323e-01,
    7.5349998474e-01,   -7.0313901901e+00,    7.5349998474e-01,    5.2401699066e+01,    7.5349998474e-01,    4.7153800726e-01,
    7.5459998846e-01,    9.5912199020e+00,    7.5459998846e-01,    5.8766399384e+01,    7.5459998846e-01,   -7.4287302792e-02,
    7.5569999218e-01,   -1.5997699738e+01,    7.5569999218e-01,    5.5521301270e+01,    7.5569999218e-01,   -8.2194097340e-02,
    7.5679999590e-01,    1.5886300087e+01,    7.5679999590e-01,    5.6197601318e+01,    7.5679999590e-01,   -1.0498599708e-01,
    7.5789999962e-01,   -1.7529100418e+01,    7.5789999962e-01,    5.7499698639e+01,    7.5789999962e-01,   -2.8688400984e-01,
    7.5900000334e-01,    1.1690299988e+01,    7.5900000334e-01,    5.7021598816e+01,    7.5900000334e-01,   -1.9670599699e-01,
    7.6010000706e-01,   -9.0006504059e+00,    7.6010000706e-01,    5.5792701721e+01,    7.6010000706e-01,    2.8157100081e-02,
    7.6120001078e-01,    1.3267099857e+00,    7.6120001078e-01,    6.0494598389e+01,    7.6120001078e-01,   -3.3416900039e-01,
    7.6230001450e-01,    2.8863399029e+00,    7.6230001450e-01,    5.3241100311e+01,    7.6230001450e-01,    9.8434202373e-02,
    7.6340001822e-01,   -8.8637599945e+00,    7.6340001822e-01,    6.3332599640e+01,    7.6340001822e-01,   -2.5984001160e-01,
    7.6450002193e-01,    9.4242801666e+00,    7.6450002193e-01,    5.2929901123e+01,    7.6450002193e-01,   -3.0012199283e-01,
    7.6560002565e-01,   -1.1282999992e+01,    7.6560002565e-01,    6.2517200470e+01,    7.6560002565e-01,   -4.5170900226e-01,
    7.6670002937e-01,    7.0840101242e+00,    7.6670002937e-01,    5.6731300354e+01,    7.6670002937e-01,    1.1159600317e-01,
    7.6779997349e-01,   -6.3419899940e+00,    7.6779997349e-01,    5.7721500397e+01,    7.6779997349e-01,   -1.2518300116e-01,
    7.6889997721e-01,    1.4120199680e+00,    7.6889997721e-01,    6.2653400421e+01,    7.6889997721e-01,   -1.3592399657e-01,
    7.6999998093e-01,   -9.4529902935e-01,    7.6999998093e-01,    5.2386798859e+01,    7.6999998093e-01,   -2.9949301481e-01,
    7.7109998465e-01,   -1.7913999557e+00,    7.7109998465e-01,    6.7509101868e+01,    7.7109998465e-01,   -2.8116598725e-01,
    7.7219998837e-01,   -1.0461800098e+00,    7.7219998837e-01,    5.1062599182e+01,    7.7219998837e-01,    2.1908100694e-02,
    7.7329999208e-01,    1.5345200300e+00,    7.7329999208e-01,    6.7123001099e+01,    7.7329999208e-01,   -4.7967898846e-01,
    7.7439999580e-01,   -6.9802699089e+00,    7.7439999580e-01,    5.4531101227e+01,    7.7439999580e-01,    2.5746300817e-01,
    7.7549999952e-01,    8.5678796768e+00,    7.7549999952e-01,    6.3156101227e+01,    7.7549999952e-01,   -2.0912000537e-01,
    7.7660000324e-01,   -1.3163200378e+01,    7.7660000324e-01,    6.0772701263e+01,    7.7660000324e-01,    1.6835400835e-02,
    7.7770000696e-01,    1.1972100258e+01,    7.7770000696e-01,    5.8137599945e+01,    7.7770000696e-01,   -2.6996099949e-01,
    7.7880001068e-01,   -1.1821499825e+01,    7.7880001068e-01,    6.3009998322e+01,    7.7880001068e-01,   -4.4115599990e-01,
    7.7990001440e-01,    4.5323801041e+00,    7.7990001440e-01,    5.6942699432e+01,    7.7990001440e-01,    4.8614099622e-02,
    7.8100001812e-01,   -1.0559699535e+00,    7.8100001812e-01,    6.1583400726e+01,    7.8100001812e-01,   -2.1985900402e-01,
    7.8210002184e-01,   -8.1566801071e+00,    7.8210002184e-01,    5.9303901672e+01,    7.8210002184e-01,   -1.6943299770e-01,
    7.8320002556e-01,    1.1815899849e+01,    7.8320002556e-01,    5.8237300873e+01,    7.8320002556e-01,   -7.2373100556e-03,
    7.8430002928e-01,   -1.8605499268e+01,    7.8430002928e-01,    6.1619400024e+01,    7.8430002928e-01,   -9.2573903501e-02,
    7.8539997339e-01,    1.7488500595e+01,    7.8539997339e-01,    5.7475700378e+01,    7.8539997339e-01,   -1.5765999258e-01,
    7.8649997711e-01,   -1.7655099869e+01,    7.8649997711e-01,    5.9153900146e+01,    7.8649997711e-01,   -1.1259199679e-01,
    7.8759998083e-01,    1.1407600403e+01,    7.8759998083e-01,    6.0472599030e+01,    7.8759998083e-01,   -3.1154299155e-02,
    7.8869998455e-01,   -7.8831300735e+00,    7.8869998455e-01,    5.4658199310e+01,    7.8869998455e-01,    1.3729900122e-01,
    7.8979998827e-01,    7.8482401371e-01,    7.8979998827e-01,    6.4873397827e+01,    7.8979998827e-01,   -2.0627699792e-01,
    7.9089999199e-01,    1.8365900517e+00,    7.9089999199e-01,    5.0201900482e+01,    7.9089999199e-01,   -1.9018100575e-02,
    7.9199999571e-01,   -5.4217400551e+00,    7.9199999571e-01,    6.6946899414e+01,    7.9199999571e-01,   -2.8702101111e-01,
    7.9309999943e-01,    3.3811800480e+00,    7.9309999943e-01,    5.1208000183e+01,    7.9309999943e-01,    2.2853100672e-02,
    7.9420000315e-01,   -3.1978199482e+00,    7.9420000315e-01,    6.3937000275e+01,    7.9420000315e-01,   -2.6815998554e-01,
    7.9530000687e-01,   -1.1302200556e+00,    7.9530000687e-01,    5.6066398621e+01,    7.9530000687e-01,    4.7162201256e-02,
    7.9640001059e-01,    1.8551599979e+00,    7.9640001059e-01,    5.7430400848e+01,    7.9640001059e-01,    2.7930600569e-02,
    7.9750001431e-01,   -5.5935502052e+00,    7.9750001431e-01,    6.2075698853e+01,    7.9750001431e-01,    8.1743098795e-02,
    7.9860001802e-01,    3.7932898998e+00,    7.9860001802e-01,    5.2448799133e+01,    7.9860001802e-01,   -1.5673199296e-01,
    7.9970002174e-01,   -3.1447899342e+00,    7.9970002174e-01,    6.5659202576e+01,    7.9970002174e-01,   -1.2916299701e-01,
    8.0080002546e-01,   -2.8738698959e+00,    8.0080002546e-01,    5.1932598114e+01,    8.0080002546e-01,    5.4715400934e-01,
    8.0190002918e-01,    5.6803197861e+00,    8.0190002918e-01,    6.4441902161e+01,    8.0190002918e-01,   -3.4747299552e-01,
    8.0299997330e-01,   -1.2918100357e+01,    8.0299997330e-01,    5.6192401886e+01,    8.0299997330e-01,    3.9349201322e-01,
    8.0409997702e-01,    1.5029500008e+01,    8.0409997702e-01,    6.1262500763e+01,    8.0409997702e-01,    3.6173298955e-02,
    8.0519998074e-01,   -1.9441099167e+01,    8.0519998074e-01,    6.0630798340e+01,    8.0519998074e-01,   -1.7684200406e-01,
    8.0629998446e-01,    1.6868400574e+01,    8.0629998446e-01,    5.9361198425e+01,    8.0629998446e-01,    9.4282701612e-02,
    8.0739998817e-01,   -1.5289500237e+01,    8.0739998817e-01,    6.1099899292e+01,    8.0739998817e-01,   -9.0498797596e-02,
    8.0849999189e-01,    7.6879100800e+00,    8.0849999189e-01,    6.1829200745e+01,    8.0849999189e-01,   -1.5989400446e-02,
    8.0959999561e-01,   -2.9379498959e+00,    8.0959999561e-01,    5.8697399139e+01,    8.0959999561e-01,    3.4891700745e-01,
    8.1069999933e-01,   -5.7725000381e+00,    8.1069999933e-01,    6.6055801392e+01,    8.1069999933e-01,   -2.8139498830e-01,
    8.1180000305e-01,    9.5514602661e+00,    8.1180000305e-01,    5.5549999237e+01,    8.1180000305e-01,   -2.2197100520e-01,
    8.1290000677e-01,   -1.4899800301e+01,    8.1290000677e-01,    6.8264198303e+01,    8.1290000677e-01,   -1.2236399949e-01,
    8.1400001049e-01,    1.1893400192e+01,    8.1400001049e-01,    5.7058898926e+01,    8.1400001049e-01,   -1.0919499910e-03,
    8.1510001421e-01,   -1.2479900360e+01,    8.1510001421e-01,    6.4678802490e+01,    8.1510001421e-01,   -2.3542299867e-01,
    8.1620001793e-01,    5.8093500137e+00,    8.1620001793e-01,    6.2888301849e+01,    8.1620001793e-01,    4.1368700564e-02,
    8.1730002165e-01,   -4.8500699997e+00,    8.1730002165e-01,    5.7675300598e+01,    8.1730002165e-01,   -2.5076198578e-01,
    8.1840002537e-01,   -1.3039400578e+00,    8.1840002537e-01,    6.9835502625e+01,    8.1840002537e-01,   -2.2864000499e-01,
    8.1950002909e-01,    1.8631799519e-01,    8.1950002909e-01,    5.2637001038e+01,    8.1950002909e-01,   -1.6349899769e-01,
    8.2059997320e-01,   -2.0712699890e+00,    8.2059997320e-01,    7.2786300659e+01,    8.2059997320e-01,   -5.0831097364e-01,
    8.2169997692e-01,   -3.1119699478e+00,    8.2169997692e-01,    5.3896099091e+01,    8.2169997692e-01,    2.3828099668e-01,
    8.2279998064e-01,    4.1487002373e+00,    8.2279998064e-01,    6.9387901306e+01,    8.2279998064e-01,   -2.6473599672e-01,
    8.2389998436e-01,   -1.0923999786e+01,    8.2389998436e-01,    5.8692501068e+01,    8.2389998436e-01,   -6.6991001368e-02,
    8.2499998808e-01,    1.1383199692e+01,    8.2499998808e-01,    6.3022598267e+01,    8.2499998808e-01,   -2.0323500037e-01,
    8.2609999180e-01,   -1.5434700012e+01,    8.2609999180e-01,    6.4262802124e+01,    8.2609999180e-01,   -1.0779300332e-01,
    8.2719999552e-01,    1.1006799698e+01,    8.2719999552e-01,    5.9281101227e+01,    8.2719999552e-01,    4.0854699910e-02,
    8.2829999924e-01,   -9.5592203140e+00,    8.2829999924e-01,    6.6192901611e+01,    8.2829999924e-01,   -3.8548400998e-01,
    8.2940000296e-01,   -1.5804499388e-01,    8.2940000296e-01,    5.9896099091e+01,    8.2940000296e-01,    1.2642499804e-01,
    8.3050000668e-01,    3.8355400562e+00,    8.3050000668e-01,    6.3220100403e+01,    8.3050000668e-01,   -3.2574299257e-03,
    8.3160001040e-01,   -1.4472999573e+01,    8.3160001040e-01,    6.2831699371e+01,    8.3160001040e-01,   -2.0935499668e-01,
    8.3270001411e-01,    1.6701999664e+01,    8.3270001411e-01,    5.8739101410e+01,    8.3270001411e-01,    1.2574000284e-02,
    8.3380001783e-01,   -2.2476999283e+01,    8.3380001783e-01,    6.4346000671e+01,    8.3380001783e-01,   -7.9069897532e-02,
    8.3490002155e-01,    1.8645500183e+01,    8.3490002155e-01,    5.9891799927e+01,    8.3490002155e-01,    1.7758299410e-01,
    8.3600002527e-01,   -1.8007600784e+01,    8.3600002527e-01,    6.1192699432e+01,    8.3600002527e-01,    9.7812600434e-02,
    8.3710002899e-01,    9.5865497589e+00,    8.3710002899e-01,    6.3768398285e+01,    8.3710002899e-01,   -1.3440300524e-01,
    8.3819997311e-01,   -6.2491397858e+00,    8.3819997311e-01,    5.4893798828e+01,    8.3819997311e-01,    2.0440000296e-01,
    8.3929997683e-01,   -2.6549201012e+00,    8.3929997683e-01,    6.9675796509e+01,    8.3929997683e-01,    6.4120396972e-02,
    8.4039998055e-01,    3.5494499207e+00,    8.4039998055e-01,    5.1104400635e+01,    8.4039998055e-01,   -1.5016800165e-01,
    8.4149998426e-01,   -7.4871201515e+00,    8.4149998426e-01,    7.1496902466e+01,    8.4149998426e-01,    5.9958398342e-02,
    8.4259998798e-01,    2.3582899570e+00,    8.4259998798e-01,    5.3489799500e+01,    8.4259998798e-01,    2.0797500014e-01,
    8.4369999170e-01,   -3.4573099613e+00,    8.4369999170e-01,    6.8345703125e+01,    8.4369999170e-01,    9.0048797429e-03,
    8.4479999542e-01,   -4.4803800583e+00,    8.4479999542e-01,    6.0777999878e+01,    8.4479999542e-01,    9.0802602470e-02,
    8.4589999914e-01,    3.7138900757e+00,    8.4589999914e-01,    6.1436500549e+01,    8.4589999914e-01,    3.5613801330e-02,
    8.4700000286e-01,   -9.7531299591e+00,    8.4700000286e-01,    6.8060997009e+01,    8.4700000286e-01,   -7.2338700294e-02,
    8.4810000658e-01,    4.9928197861e+00,    8.4810000658e-01,    5.5795600891e+01,    8.4810000658e-01,   -6.2767700292e-03,
    8.4920001030e-01,   -5.4202699661e+00,    8.4920001030e-01,    7.1091300964e+01,    8.4920001030e-01,   -4.0306299925e-01,
    8.5030001402e-01,   -4.6331701279e+00,    8.5030001402e-01,    5.6130401611e+01,    8.5030001402e-01,    2.0998099446e-01,
    8.5140001774e-01,    7.0297598839e+00,    8.5140001774e-01,    6.8703201294e+01,    8.5140001774e-01,    4.1553098708e-03,
    8.5250002146e-01,   -1.8054100037e+01,    8.5250002146e-01,    6.0818199158e+01,    8.5250002146e-01,   -1.5263800323e-01,
    8.5360002518e-01,    1.9035299301e+01,    8.5360002518e-01,    6.3595401764e+01,    8.5360002518e-01,   -5.4390601814e-02,
    8.5470002890e-01,   -2.4848699570e+01,    8.5470002890e-01,    6.4358802795e+01,    8.5470002890e-01,   -1.4076800644e-01,
    8.5579997301e-01,    1.8976900101e+01,    8.5579997301e-01,    6.1855998993e+01,    8.5579997301e-01,   -1.6280300915e-02,
    8.5689997673e-01,   -1.8147699356e+01,    8.5689997673e-01,    6.2717300415e+01,    8.5689997673e-01,   -3.6200600863e-01,
    8.5799998045e-01,    6.8864297867e+00,    8.5799998045e-01,    6.4715301514e+01,    8.5799998045e-01,   -6.5645903349e-02,
    8.5909998417e-01,   -3.6057600975e+00,    8.5909998417e-01,    5.6944400787e+01,    8.5909998417e-01,   -7.0470601320e-02,
    8.6019998789e-01,   -8.3179597855e+00,    8.6019998789e-01,    6.9956001282e+01,    8.6019998789e-01,   -2.1148300171e-01,
    8.6129999161e-01,    9.2546501160e+00,    8.6129999161e-01,    5.3293300629e+01,    8.6129999161e-01,   -2.2200399637e-01,
    8.6239999533e-01,   -1.5244099617e+01,    8.6239999533e-01,    7.1592300415e+01,    8.6239999533e-01,   -2.2593499720e-01,
    8.6349999905e-01,    9.0271902084e+00,    8.6349999905e-01,    5.6667499542e+01,    8.6349999905e-01,   -1.1842499673e-01,
    8.6460000277e-01,   -1.0413000107e+01,    8.6460000277e-01,    6.7447303772e+01,    8.6460000277e-01,   -2.3831599951e-01,
    8.6570000648e-01,    9.3475502729e-01,    8.6570000648e-01,    6.4664497375e+01,    8.6570000648e-01,   -1.3012999296e-01,
    8.6680001020e-01,   -1.6784399748e+00,    8.6680001020e-01,    6.0276000977e+01,    8.6680001020e-01,   -2.6528400183e-01,
    8.6790001392e-01,   -5.6601700783e+00,    8.6790001392e-01,    7.3691902161e+01,    8.6790001392e-01,   -2.9941101093e-03,
    8.6900001764e-01,    1.7682700157e+00,    8.6900001764e-01,    5.5176399231e+01,    8.6900001764e-01,   -7.9026103020e-02,
    8.7010002136e-01,   -2.9191598892e+00,    8.7010002136e-01,    7.7227401733e+01,    8.7010002136e-01,   -2.7422600985e-01,
    8.7120002508e-01,   -6.2846298218e+00,    8.7120002508e-01,    5.6810001373e+01,    8.7120002508e-01,    1.5617400408e-01,
    8.7230002880e-01,    7.6584000587e+00,    8.7230002880e-01,    7.4521797180e+01,    8.7230002880e-01,   -2.1989199519e-01,
    8.7339997292e-01,   -1.7870800018e+01,    8.7339997292e-01,    6.3446300507e+01,    8.7339997292e-01,    8.6035002023e-03,
    8.7449997663e-01,    1.7572999954e+01,    8.7449997663e-01,    6.8400199890e+01,    8.7449997663e-01,   -1.1150799692e-01,
    8.7559998035e-01,   -2.3000400543e+01,    8.7559998035e-01,    6.9563400269e+01,    8.7559998035e-01,   -8.1422798336e-02,
    8.7669998407e-01,    1.5311499596e+01,    8.7669998407e-01,    6.5673400879e+01,    8.7669998407e-01,    8.3506099880e-02,
    8.7779998779e-01,   -1.5088700294e+01,    8.7779998779e-01,    6.9950302124e+01,    8.7779998779e-01,   -4.1423100233e-01,
    8.7889999151e-01,    1.4290599823e+00,    8.7889999151e-01,    6.8076896667e+01,    8.7889999151e-01,   -9.7033999860e-02,
    8.7999999523e-01,    1.1412099600e+00,    8.7999999523e-01,    6.5546501160e+01,    8.7999999523e-01,   -2.7220500633e-02,
    8.8109999895e-01,   -1.5548999786e+01,    8.8109999895e-01,    7.2742797852e+01,    8.8109999895e-01,    1.4969700575e-01,
    8.8220000267e-01,    1.5387599945e+01,    8.8220000267e-01,    6.1043800354e+01,    8.8220000267e-01,   -2.7225598693e-01,
    8.8330000639e-01,   -2.2638500214e+01,    8.8330000639e-01,    7.3807998657e+01,    8.8330000639e-01,    6.5694801509e-02,
    8.8440001011e-01,    1.4620300293e+01,    8.8440001011e-01,    6.4128799438e+01,    8.8440001011e-01,   -5.7325400412e-02,
    8.8550001383e-01,   -1.6724300385e+01,    8.8550001383e-01,    6.7278701782e+01,    8.8550001383e-01,   -7.8166201711e-02,
    8.8660001755e-01,    4.8157000542e+00,    8.8660001755e-01,    7.0356498718e+01,    8.8660001755e-01,   -1.8369700760e-02,
    8.8770002127e-01,   -4.7694401741e+00,    8.8770002127e-01,    5.9642398834e+01,    8.8770002127e-01,    1.0835599899e-01,
    8.8880002499e-01,   -3.7896699905e+00,    8.8880002499e-01,    7.8274002075e+01,    8.8880002499e-01,    4.2478898540e-03,
    8.8990002871e-01,    1.3673700094e+00,    8.8990002871e-01,    5.5705299377e+01,    8.8990002871e-01,    6.0323001817e-03,
    8.9099997282e-01,   -3.2689399719e+00,    8.9099997282e-01,    8.0785301208e+01,    8.9099997282e-01,   -1.4699800313e-01,
    8.9209997654e-01,   -4.3908300400e+00,    8.9209997654e-01,    5.8409500122e+01,    8.9209997654e-01,    1.8845500052e-01,
    8.9319998026e-01,    5.4162898064e+00,    8.9319998026e-01,    7.6553298950e+01,    8.9319998026e-01,    7.8155301511e-02,
    8.9429998398e-01,   -1.3842599869e+01,    8.9429998398e-01,    6.5565002441e+01,    8.9429998398e-01,    1.3754999638e-01,
    8.9539998770e-01,    1.4329700470e+01,    8.9539998770e-01,    6.7912696838e+01,    8.9539998770e-01,   -1.3227299787e-02,
    8.9649999142e-01,   -1.6772399902e+01,    8.9649999142e-01,    7.1686302185e+01,    8.9649999142e-01,    1.7823900282e-01,
    8.9759999514e-01,    1.1135000229e+01,    8.9759999514e-01,    6.3429599762e+01,    8.9759999514e-01,    2.4013899267e-01,
    8.9869999886e-01,   -7.2533798218e+00,    8.9869999886e-01,    7.2646102905e+01,    8.9869999886e-01,   -1.3872200251e-01,
    8.9980000257e-01,   -3.4374198914e+00,    8.9980000257e-01,    6.4906303406e+01,    8.9980000257e-01,    3.8795799017e-01,
    9.0090000629e-01,    9.1384897232e+00,    9.0090000629e-01,    6.9181198120e+01,    9.0090000629e-01,    3.3402100205e-01,
    9.0200001001e-01,   -1.8978200912e+01,    9.0200001001e-01,    6.9214202881e+01,    9.0200001001e-01,    2.3641000688e-01,
    9.0310001373e-01,    2.2393600464e+01,    9.0310001373e-01,    6.4626800537e+01,    9.0310001373e-01,   -1.2666299939e-01,
    9.0420001745e-01,   -2.4431499481e+01,    9.0420001745e-01,    7.0580200195e+01,    9.0420001745e-01,   -1.6613599658e-01,
    9.0530002117e-01,    1.9747699738e+01,    9.0530002117e-01,    6.6364501953e+01,    9.0530002117e-01,   -2.2343099117e-03,
    9.0640002489e-01,   -1.6338600159e+01,    9.0640002489e-01,    6.6699401855e+01,    9.0640002489e-01,   -8.1259399652e-02,
    9.0750002861e-01,    7.3008499146e+00,    9.0750002861e-01,    7.2583602905e+01,    9.0750002861e-01,   -2.2060599923e-01,
    9.0859997272e-01,   -2.3693399429e+00,    9.0859997272e-01,    5.9442600250e+01,    9.0859997272e-01,    5.9610001743e-02,
    9.0969997644e-01,   -4.7039198875e+00,    9.0969997644e-01,    7.9268302917e+01,    9.0969997644e-01,   -2.0014199615e-01,
    9.1079998016e-01,    5.4636502266e+00,    9.1079998016e-01,    5.6185798645e+01,    9.1079998016e-01,    5.2129101008e-02,
    9.1189998388e-01,   -6.2767601013e+00,    9.1189998388e-01,    8.0837097168e+01,    9.1189998388e-01,   -3.1822499633e-01,
    9.1299998760e-01,    6.9236201048e-01,    9.1299998760e-01,    5.9765998840e+01,    9.1299998760e-01,    6.0948099941e-02,
    9.1409999132e-01,    1.3271100521e+00,    9.1409999132e-01,    7.5531898499e+01,    9.1409999132e-01,   -2.2473099828e-01,
    9.1519999504e-01,   -8.3346099854e+00,    9.1519999504e-01,    6.8165397644e+01,    9.1519999504e-01,    9.1832399368e-02,
    9.1629999876e-01,    9.3048496246e+00,    9.1629999876e-01,    6.6728103638e+01,    9.1629999876e-01,    1.7157500610e-02,
    9.1740000248e-01,   -1.1790699959e+01,    9.1740000248e-01,    7.5876701355e+01,    9.1740000248e-01,    9.9438399076e-02,
    9.1850000620e-01,    7.3262400627e+00,    9.1850000620e-01,    6.1743698120e+01,    9.1850000620e-01,    1.9427800179e-01,
    9.1960000992e-01,   -3.6941800117e+00,    9.1960000992e-01,    7.8714103699e+01,    9.1960000992e-01,   -1.0952900350e-01,
    9.2070001364e-01,   -6.3633899689e+00,    9.2070001364e-01,    6.3676101685e+01,    9.2070001364e-01,    2.3846699297e-01,
    9.2180001736e-01,    1.1769300461e+01,    9.2180001736e-01,    7.5575401306e+01,    9.2180001736e-01,    1.0894799978e-01,
    9.2290002108e-01,   -2.1904399872e+01,    9.2290002108e-01,    6.9786201477e+01,    9.2290002108e-01,    2.8183001280e-01,
    9.2400002480e-01,    2.4507999420e+01,    9.2400002480e-01,    6.8853797913e+01,    9.2400002480e-01,    1.2003700249e-03,
    9.2510002851e-01,   -2.7235599518e+01,    9.2510002851e-01,    7.0112297058e+01,    9.2510002851e-01,    1.2085200101e-01,
    9.2619997263e-01,    2.0810300827e+01,    9.2619997263e-01,    6.7456298828e+01,    9.2619997263e-01,    4.2315900326e-02,
    9.2729997635e-01,   -1.6682399750e+01,    9.2729997635e-01,    6.6077201843e+01,    9.2729997635e-01,   -2.3654200137e-01,
    9.2839998007e-01,    5.2217798233e+00,    9.2839998007e-01,    7.1686302185e+01,    9.2839998007e-01,   -1.0540200025e-01,
    9.2949998379e-01,   -5.3148400038e-02,    9.2949998379e-01,    5.9060501099e+01,    9.2949998379e-01,    2.0606899261e-01,
    9.3059998751e-01,   -9.4798498154e+00,    9.3059998751e-01,    7.7416999817e+01,    9.3059998751e-01,   -1.1197099835e-01,
    9.3169999123e-01,    9.8091602325e+00,    9.3169999123e-01,    5.5064498901e+01,    9.3169999123e-01,   -1.3656300306e-01,
    9.3279999495e-01,   -1.2396900177e+01,    9.3279999495e-01,    7.6330497742e+01,    9.3279999495e-01,   -1.6131399572e-01,
    9.3389999866e-01,    5.9633498192e+00,    9.3389999866e-01,    5.8682498932e+01,    9.3389999866e-01,    2.1474000067e-02,
    9.3500000238e-01,   -4.6246199608e+00,    9.3500000238e-01,    6.9038803101e+01,    9.3500000238e-01,   -5.0011098385e-02,
    9.3610000610e-01,   -3.5595400333e+00,    9.3610000610e-01,    6.7457397461e+01,    9.3610000610e-01,   -1.2409300357e-01,
    9.3720000982e-01,    3.8892700672e+00,    9.3720000982e-01,    5.8964000702e+01,    9.3720000982e-01,    8.9433401823e-02,
    9.3830001354e-01,   -7.3989500999e+00,    9.3830001354e-01,    7.5821502686e+01,    9.3830001354e-01,    3.1471401453e-01,
    9.3940001726e-01,    2.6831800938e+00,    9.3940001726e-01,    5.4237800598e+01,    9.3940001726e-01,   -2.1426999569e-01,
    9.4050002098e-01,    1.0384399891e+00,    9.4050002098e-01,    7.6356300354e+01,    9.4050002098e-01,   -1.0007300228e-01,
    9.4160002470e-01,   -1.0105500221e+01,    9.4160002470e-01,    5.5996498108e+01,    9.4160002470e-01,    2.2220300511e-02,
    9.4270002842e-01,    1.4900799751e+01,    9.4270002842e-01,    7.0088500977e+01,    9.4270002842e-01,    1.0522499681e-01,
    9.4379997253e-01,   -2.2449800491e+01,    9.4379997253e-01,    6.1914798737e+01,    9.4379997253e-01,    2.8093901277e-01,
    9.4489997625e-01,    2.3074899673e+01,    9.4489997625e-01,    6.3053100586e+01,    9.4489997625e-01,   -1.7519299686e-01,
    9.4599997997e-01,   -2.2816600800e+01,    9.4599997997e-01,    6.5475196838e+01,    9.4599997997e-01,    5.9135198593e-02,
    9.4709998369e-01,    1.4954799652e+01,    9.4709998369e-01,    6.2540401459e+01,    9.4709998369e-01,   -4.6218201518e-02,
    9.4819998741e-01,   -8.1154804230e+00,    9.4819998741e-01,    6.2735500336e+01,    9.4819998741e-01,    1.7914200202e-02,
    9.4929999113e-01,   -2.6901099682e+00,    9.4929999113e-01,    6.7266502380e+01,    9.4929999113e-01,   -2.8496199846e-01,
    9.5039999485e-01,    9.4838600159e+00,    9.5039999485e-01,    5.7494998932e+01,    9.5039999485e-01,    1.0466799885e-01,
    9.5149999857e-01,   -1.7535299301e+01,    9.5149999857e-01,    7.1584999084e+01,    9.5149999857e-01,    9.6014700830e-02,
    9.5260000229e-01,    1.8137699127e+01,    9.5260000229e-01,    5.5890098572e+01,    9.5260000229e-01,   -8.5594698787e-02,
    9.5370000601e-01,   -1.8037399292e+01,    9.5370000601e-01,    6.8914001465e+01,    9.5370000601e-01,   -1.5294399858e-01,
    9.5480000973e-01,    1.1822400093e+01,    9.5480000973e-01,    6.2173599243e+01,    9.5480000973e-01,   -2.2505800426e-01,
    9.5590001345e-01,   -7.6576900482e+00,    9.5590001345e-01,    6.0108100891e+01,    9.5590001345e-01,    2.5357198715e-01,
    9.5700001717e-01,   -6.7011296749e-02,    9.5700001717e-01,    7.1966499329e+01,    9.5700001717e-01,   -5.5766397715e-01,
    9.5810002089e-01,    1.8888000250e+00,    9.5810002089e-01,    5.1035900116e+01,    9.5810002089e-01,    4.1212800890e-02,
    9.5920002460e-01,   -4.6088399887e+00,    9.5920002460e-01,    7.7425903320e+01,    9.5920002460e-01,   -3.0274701118e-01,
    9.6030002832e-01,    3.1880300492e-02,    9.6030002832e-01,    4.9394298553e+01,    9.6030002832e-01,   -1.5712099150e-02,
    9.6139997244e-01,    4.1975398064e+00,    9.6139997244e-01,    7.3259002686e+01,    9.6139997244e-01,   -3.9252099395e-01,
    9.6249997616e-01,   -1.1445500374e+01,    9.6249997616e-01,    5.6009498596e+01,    9.6249997616e-01,   -1.8487299979e-01,
    9.6359997988e-01,    1.4815799713e+01,    9.6359997988e-01,    6.5153297424e+01,    9.6359997988e-01,   -3.1593999267e-01,
    9.6469998360e-01,   -1.8814100266e+01,    9.6469998360e-01,    6.4764999390e+01,    9.6469998360e-01,    9.8468102515e-02,
    9.6579998732e-01,    1.5269399643e+01,    9.6579998732e-01,    5.8057201385e+01,    9.6579998732e-01,   -3.6009699106e-01,
    9.6689999104e-01,   -1.0333399773e+01,    9.6689999104e-01,    6.7511199951e+01,    9.6689999104e-01,    2.4815100431e-01,
    9.6799999475e-01,    2.2323399782e-01,    9.6799999475e-01,    5.7831100464e+01,    9.6799999475e-01,   -1.5943500400e-01,
    9.6909999847e-01,    9.0561103821e+00,    9.6909999847e-01,    6.3965000153e+01,    9.6909999847e-01,   -1.9189700484e-01,
    9.7020000219e-01,   -2.0140399933e+01,    9.7020000219e-01,    6.2129699707e+01,    9.7020000219e-01,   -8.4911897779e-02,
    9.7130000591e-01,    2.5149700165e+01,    9.7130000591e-01,    6.0187500000e+01,    9.7130000591e-01,   -4.4364300370e-01,
    9.7240000963e-01,   -2.7446300507e+01,    9.7240000963e-01,    6.4607398987e+01,    9.7240000963e-01,    1.4910699427e-01,
    9.7350001335e-01,    2.3829900742e+01,    9.7350001335e-01,    6.2787700653e+01,    9.7350001335e-01,   -7.2557997704e-01,
    9.7460001707e-01,   -1.6610500336e+01,    9.7460001707e-01,    6.0327598572e+01,    9.7460001707e-01,   -1.5025399625e-01,
    9.7570002079e-01,    7.3733701706e+00,    9.7570002079e-01,    7.1130096436e+01,    9.7570002079e-01,   -8.1513899565e-01,
    9.7680002451e-01,    2.6794099808e-01,    9.7680002451e-01,    5.3513599396e+01,    9.7680002451e-01,   -2.3194000125e-01,
    9.7790002823e-01,   -7.4677500725e+00,    9.7790002823e-01,    7.7913200378e+01,    9.7790002823e-01,   -7.2172999382e-01,
    9.7899997234e-01,    9.0306997299e+00,    9.7899997234e-01,    5.2217998505e+01,    9.7899997234e-01,   -4.3517300487e-01,
    9.8009997606e-01,   -7.4212999344e+00,    9.8009997606e-01,    7.6708999634e+01,    9.8009997606e-01,   -8.5044002533e-01,
    9.8119997978e-01,    3.1320400238e+00,    9.8119997978e-01,    6.0989101410e+01,    9.8119997978e-01,   -4.3203699589e-01,
    9.8229998350e-01,    1.4145699739e+00,    9.8229998350e-01,    6.7408302307e+01,    9.8229998350e-01,   -7.4199998379e-01,
    9.8339998722e-01,   -6.4312601089e+00,    9.8339998722e-01,    7.3905197144e+01,    9.8339998722e-01,   -3.2414299250e-01,
    9.8449999094e-01,    6.7821598053e+00,    9.8449999094e-01,    5.7859798431e+01,    9.8449999094e-01,   -6.1208397150e-01,
    9.8559999466e-01,   -3.6557700634e+00,    9.8559999466e-01,    8.1112396240e+01,    9.8559999466e-01,   -4.3649101257e-01,
    9.8669999838e-01,   -2.7928700447e+00,    9.8669999838e-01,    5.6509300232e+01,    9.8669999838e-01,   -5.2332597971e-01,
    9.8780000210e-01,    1.1296400070e+01,    9.8780000210e-01,    7.8436500549e+01,    9.8780000210e-01,   -3.6912798882e-01,
    9.8890000582e-01,   -1.9502700806e+01,    9.8890000582e-01,    6.2985000610e+01,    9.8890000582e-01,   -1.3440899551e-01,
    9.9000000954e-01,    2.4318199158e+01,    9.9000000954e-01,    7.1234901428e+01,    9.9000000954e-01,   -5.1317101717e-01,
    9.9110001326e-01,   -2.6515199661e+01,    9.9110001326e-01,    7.0550498962e+01,    9.9110001326e-01,   -1.5942299366e-01,
    9.9220001698e-01,    2.1680799484e+01,    9.9220001698e-01,    6.7986000061e+01,    9.9220001698e-01,   -6.9945400953e-01,
    9.9330002069e-01,   -1.2816900253e+01,    9.9330002069e-01,    7.0801002502e+01,    9.9330002069e-01,   -5.4731702805e-01,
    9.9440002441e-01,    2.0389299393e+00,    9.9440002441e-01,    7.0728897095e+01,    9.9440002441e-01,   -4.4106099010e-01,
    9.9550002813e-01,    9.7868204117e+00,    9.9550002813e-01,    6.4662498474e+01,    9.9550002813e-01,   -3.4681400657e-01,
    9.9659997225e-01,   -1.8723199844e+01,    9.9659997225e-01,    7.5876899719e+01,    9.9659997225e-01,    1.2973499298e-01,
    9.9769997597e-01,    2.3104600906e+01,    9.9769997597e-01,    6.2853599548e+01,    9.9769997597e-01,   -2.6800400019e-01,
    9.9879997969e-01,   -2.2232799530e+01,    9.9879997969e-01,    7.4252502441e+01,    9.9879997969e-01,   -3.5971999168e-01,
    9.9989998341e-01,    1.7167699814e+01,    9.9989998341e-01,    6.9402999878e+01,    9.9989998341e-01,   -5.5428600311e-01,
    1.0010000467e+00,   -9.3155899048e+00,    1.0010000467e+00,    6.3991401672e+01,    1.0010000467e+00,   -8.6130097508e-02,
    1.0020999908e+00,    1.5359799862e+00,    1.0020999908e+00,    8.0398696899e+01,    1.0020999908e+00,   -2.6275899261e-02,
    1.0032000542e+00,    3.5452799797e+00,    1.0032000542e+00,    5.5727100372e+01,    1.0032000542e+00,   -7.4917897582e-02,
    1.0042999983e+00,   -4.7194900513e+00,    1.0042999983e+00,    8.6329299927e+01,    1.0042999983e+00,    4.6190701425e-02,
    1.0053999424e+00,    2.1828100681e+00,    1.0053999424e+00,    5.8776100159e+01,    1.0053999424e+00,   -5.5736500025e-01,
    1.0065000057e+00,    3.9296300411e+00,    1.0065000057e+00,    8.0920700073e+01,    1.0065000057e+00,   -3.6559298635e-01,
    1.0075999498e+00,   -8.6067895889e+00,    1.0075999498e+00,    6.9586799622e+01,    1.0075999498e+00,    3.7793499231e-01,
    1.0087000132e+00,    1.3080800056e+01,    1.0087000132e+00,    6.8064201355e+01,    1.0087000132e+00,   -1.5872800350e-01,
    1.0097999573e+00,   -1.0721300125e+01,    1.0097999573e+00,    7.9779502869e+01,    1.0097999573e+00,    5.9871602058e-01,
    1.0109000206e+00,    7.2366700172e+00,    1.0109000206e+00,    6.1736400604e+01,    1.0109000206e+00,   -3.3073300123e-01,
    1.0119999647e+00,    4.8977499008e+00,    1.0119999647e+00,    8.1431602478e+01,    1.0119999647e+00,   -3.1466698647e-01,
    1.0131000280e+00,   -1.3710000038e+01,    1.0131000280e+00,    6.3805900574e+01,    1.0131000280e+00,    2.1162299439e-02,
    1.0141999722e+00,    2.4947099686e+01,    1.0141999722e+00,    7.4511497498e+01,    1.0141999722e+00,    5.5588600226e-03,
    1.0153000355e+00,   -2.8880300522e+01,    1.0153000355e+00,    6.8772598267e+01,    1.0153000355e+00,    4.1705501080e-01,
    1.0163999796e+00,    2.9555700302e+01,    1.0163999796e+00,    6.7784400940e+01,    1.0163999796e+00,   -1.9196100533e-01,
    1.0175000429e+00,   -1.9010799408e+01,    1.0175000429e+00,    6.8276702881e+01,    1.0175000429e+00,   -4.8363399506e-01,
    1.0185999870e+00,    1.0138799667e+01,    1.0185999870e+00,    7.0416702271e+01,    1.0185999870e+00,   -3.2825800776e-01,
    1.0197000504e+00,    5.5022501945e+00,    1.0197000504e+00,    6.2777198792e+01,    1.0197000504e+00,   -2.1854400635e-01,
    1.0207999945e+00,   -1.3665699959e+01,    1.0207999945e+00,    7.4844398499e+01,    1.0207999945e+00,    1.1379700154e-01,
    1.0219000578e+00,    2.2844100952e+01,    1.0219000578e+00,    5.9700801849e+01,    1.0219000578e+00,   -3.2598400116e-01,
    1.0230000019e+00,   -2.0172700882e+01,    1.0230000019e+00,    7.2740196228e+01,    1.0230000019e+00,   -4.2649999261e-01,
    1.0240999460e+00,    1.7934999466e+01,    1.0240999460e+00,    6.7579803467e+01,    1.0240999460e+00,   -7.0354002714e-01,
    1.0252000093e+00,   -8.3099899292e+00,    1.0252000093e+00,    6.1785400391e+01,    1.0252000093e+00,    5.0387199968e-02,
    1.0262999535e+00,    3.1143600941e+00,    1.0262999535e+00,    7.9519699097e+01,    1.0262999535e+00,   -5.0054502487e-01,
    1.0274000168e+00,    3.7751801014e+00,    1.0274000168e+00,    5.3129100800e+01,    1.0274000168e+00,    8.3475202322e-02,
    1.0284999609e+00,   -1.5984099358e-02,    1.0284999609e+00,    8.3604400635e+01,    1.0284999609e+00,   -2.8300601244e-01,
    1.0296000242e+00,    2.3872199655e-01,    1.0296000242e+00,    5.7969398499e+01,    1.0296000242e+00,   -6.7632801831e-02,
    1.0306999683e+00,    8.2204198837e+00,    1.0306999683e+00,    7.3484100342e+01,    1.0306999683e+00,   -4.9188700318e-01,
    1.0318000317e+00,   -8.2252702713e+00,    1.0318000317e+00,    7.1039001465e+01,    1.0318000317e+00,   -4.5943900943e-01,
    1.0328999758e+00,    1.0917799950e+01,    1.0328999758e+00,    6.0457500458e+01,    1.0328999758e+00,   -9.9311396480e-02,
    1.0340000391e+00,   -1.2757999897e+00,    1.0340000391e+00,    7.9664703369e+01,    1.0340000391e+00,   -3.6841401458e-01,
    1.0350999832e+00,   -4.4369797707e+00,    1.0350999832e+00,    5.6494899750e+01,    1.0350999832e+00,   -1.9965800643e-01,
    1.0362000465e+00,    2.0233200073e+01,    1.0362000465e+00,    7.5716598511e+01,    1.0362000465e+00,   -1.8794499338e-01,
    1.0372999907e+00,   -2.4313400269e+01,    1.0372999907e+00,    6.2911300659e+01,    1.0372999907e+00,   -6.7899197340e-01,
    1.0384000540e+00,    3.0785499573e+01,    1.0384000540e+00,    6.7810501099e+01,    1.0384000540e+00,    3.3258199692e-01,
    1.0394999981e+00,   -2.0609199524e+01,    1.0394999981e+00,    6.9729301453e+01,    1.0394999981e+00,   -6.5993201733e-01,
    1.0405999422e+00,    1.4155200005e+01,    1.0405999422e+00,    6.6363899231e+01,    1.0405999422e+00,    1.8194599450e-01,
    1.0417000055e+00,    6.3402299881e+00,    1.0417000055e+00,    6.7463600159e+01,    1.0417000055e+00,   -2.4041600525e-01,
    1.0427999496e+00,   -1.6648399353e+01,    1.0427999496e+00,    7.0904197693e+01,    1.0427999496e+00,   -3.1149399281e-01,
    1.0439000130e+00,    2.9708700180e+01,    1.0439000130e+00,    6.3295200348e+01,    1.0439000130e+00,    1.0137499869e-01,
    1.0449999571e+00,   -2.6912300110e+01,    1.0449999571e+00,    7.0531600952e+01,    1.0449999571e+00,   -1.2467899919e-01,
    1.0461000204e+00,    2.5209600449e+01,    1.0461000204e+00,    6.8466400146e+01,    1.0461000204e+00,   -8.8341102004e-02,
    1.0471999645e+00,   -9.5345697403e+00,    1.0471999645e+00,    6.0843700409e+01,    1.0471999645e+00,   -1.0533700138e-01,
    1.0483000278e+00,    1.1116000414e+00,    1.0483000278e+00,    7.9167503357e+01,    1.0483000278e+00,   -3.0946001410e-01,
    1.0493999720e+00,    1.0968000412e+01,    1.0493999720e+00,    5.3803398132e+01,    1.0493999720e+00,    6.3197903335e-02,
    1.0505000353e+00,   -9.5349798203e+00,    1.0505000353e+00,    8.0132797241e+01,    1.0505000353e+00,   -7.6654598117e-02,
    1.0515999794e+00,    1.2074399948e+01,    1.0515999794e+00,    6.0694400787e+01,    1.0515999794e+00,   -2.0498600602e-01,
    1.0527000427e+00,   -1.4575699568e+00,    1.0527000427e+00,    6.5922599792e+01,    1.0527000427e+00,   -1.0290399939e-01,
    1.0537999868e+00,    7.6317197084e-01,    1.0537999868e+00,    7.5971000671e+01,    1.0537999868e+00,   -3.9618998766e-01,
    1.0549000502e+00,    3.4470200539e+00,    1.0549000502e+00,    5.2763401031e+01,    1.0549000502e+00,   -7.5867302716e-02,
    1.0559999943e+00,    3.7423100471e+00,    1.0559999943e+00,    8.3442802429e+01,    1.0559999943e+00,    3.4756299853e-01,
    1.0571000576e+00,   -6.8235201836e+00,    1.0571000576e+00,    5.5548698425e+01,    1.0571000576e+00,    4.8328298144e-03,
    1.0582000017e+00,    1.8308200836e+01,    1.0582000017e+00,    7.5730697632e+01,    1.0582000017e+00,    4.4861100614e-02,
    1.0592999458e+00,   -1.8637199402e+01,    1.0592999458e+00,    7.0360603333e+01,    1.0592999458e+00,   -4.2205400765e-02,
    1.0604000092e+00,    1.8739999771e+01,    1.0604000092e+00,    6.4400001526e+01,    1.0604000092e+00,    4.4870099425e-01,
    1.0614999533e+00,   -2.6730000973e+00,    1.0614999533e+00,    7.9468299866e+01,    1.0614999533e+00,    1.6867999732e-01,
    1.0626000166e+00,   -7.2789697647e+00,    1.0626000166e+00,    6.3987400055e+01,    1.0626000166e+00,    2.6026201248e-01,
    1.0636999607e+00,    2.7392499924e+01,    1.0636999607e+00,    7.5814002991e+01,    1.0636999607e+00,    1.7506900430e-01,
    1.0648000240e+00,   -3.2084400177e+01,    1.0648000240e+00,    7.1748596191e+01,    1.0648000240e+00,    1.3898099959e-01,
    1.0658999681e+00,    3.5507099152e+01,    1.0658999681e+00,    7.2260498047e+01,    1.0658999681e+00,    3.3996400237e-01,
    1.0670000315e+00,   -1.8869300842e+01,    1.0670000315e+00,    7.4115501404e+01,    1.0670000315e+00,    2.4977700412e-01,
    1.0680999756e+00,    6.8841300011e+00,    1.0680999756e+00,    7.6521003723e+01,    1.0680999756e+00,    2.3823499680e-01,
    1.0692000389e+00,    1.7211599350e+01,    1.0692000389e+00,    6.7285202026e+01,    1.0692000389e+00,    8.1259600818e-02,
    1.0702999830e+00,   -2.6313600540e+01,    1.0702999830e+00,    8.0085197449e+01,    1.0702999830e+00,    9.6560102701e-01,
    1.0714000463e+00,    3.1398599625e+01,    1.0714000463e+00,    6.8233901978e+01,    1.0714000463e+00,   -2.5291699171e-01,
    1.0724999905e+00,   -1.8058500290e+01,    1.0724999905e+00,    7.3415298462e+01,    1.0724999905e+00,    3.0640000477e-02,
    1.0736000538e+00,    1.1621000290e+01,    1.0736000538e+00,    8.0870002747e+01,    1.0736000538e+00,    3.3136200905e-01,
    1.0746999979e+00,    5.6757698059e+00,    1.0746999979e+00,    6.0103500366e+01,    1.0746999979e+00,    1.3650299609e-01,
    1.0757999420e+00,   -8.3839902878e+00,    1.0757999420e+00,    9.0225097656e+01,    1.0757999420e+00,    2.6632198691e-01,
    1.0769000053e+00,    1.1540399551e+01,    1.0769000053e+00,    6.2956699371e+01,    1.0769000053e+00,   -2.4237500131e-01,
    1.0779999495e+00,    2.8518800735e+00,    1.0779999495e+00,    7.9842498779e+01,    1.0779999495e+00,   -5.0186097622e-01,
    1.0791000128e+00,   -3.2250299454e+00,    1.0791000128e+00,    7.9269500732e+01,    1.0791000128e+00,    5.8163797855e-01,
    1.0801999569e+00,    9.7307901382e+00,    1.0801999569e+00,    6.2924598694e+01,    1.0801999569e+00,    3.2679700851e-01,
    1.0813000202e+00,    1.8454500437e+00,    1.0813000202e+00,    9.1641998291e+01,    1.0813000202e+00,    5.2136000246e-02,
    1.0823999643e+00,   -6.3913297653e+00,    1.0823999643e+00,    6.4188201904e+01,    1.0823999643e+00,   -4.2129600048e-01,
    1.0835000277e+00,    2.4813499451e+01,    1.0835000277e+00,    8.2930397034e+01,    1.0835000277e+00,    2.3211899400e-01,
    1.0845999718e+00,   -2.3575300217e+01,    1.0845999718e+00,    7.7062797546e+01,    1.0845999718e+00,   -9.3648396432e-02,
    1.0857000351e+00,    2.3841499329e+01,    1.0857000351e+00,    7.2541099548e+01,    1.0857000351e+00,    4.7437798977e-01,
    1.0867999792e+00,   -9.6769297123e-01,    1.0867999792e+00,    8.3608596802e+01,    1.0867999792e+00,    1.3392500579e-01,
    1.0879000425e+00,   -9.9388599396e+00,    1.0879000425e+00,    7.3524497986e+01,    1.0879000425e+00,   -5.9161502123e-01,
    1.0889999866e+00,    3.4131301880e+01,    1.0889999866e+00,    7.8487602234e+01,    1.0889999866e+00,    3.7356799841e-01,
    1.0901000500e+00,   -3.3978599548e+01,    1.0901000500e+00,    7.9128303528e+01,    1.0901000500e+00,    3.7522599101e-02,
    1.0911999941e+00,    3.3418998718e+01,    1.0911999941e+00,    7.9527900696e+01,    1.0911999941e+00,    6.0104697943e-01,
    1.0923000574e+00,   -8.6135997772e+00,    1.0923000574e+00,    7.5994102478e+01,    1.0923000574e+00,   -2.0906299353e-01,
    1.0934000015e+00,   -3.6293199062e+00,    1.0934000015e+00,    8.6703300476e+01,    1.0934000015e+00,    9.7783702612e-01,
    1.0944999456e+00,    2.4682699203e+01,    1.0944999456e+00,    7.0439903259e+01,    1.0944999456e+00,   -6.2817603350e-02,
    1.0956000090e+00,   -2.4761299133e+01,    1.0956000090e+00,    8.8002899170e+01,    1.0956000090e+00,    2.2611699998e-01,
    1.0966999531e+00,    2.5119400024e+01,    1.0966999531e+00,    7.8762001038e+01,    1.0966999531e+00,    6.8443700671e-02,
    1.0978000164e+00,   -5.7414498329e+00,    1.0978000164e+00,    7.3358703613e+01,    1.0978000164e+00,   -1.7875899374e-01,
    1.0988999605e+00,    7.1007400751e-01,    1.0988999605e+00,    9.3506301880e+01,    1.0988999605e+00,    7.4271202087e-01,
    1.1000000238e+00,    9.8254003525e+00,    1.1000000238e+00,    6.5816001892e+01,    1.1000000238e+00,   -9.6409700811e-02,
