LS-DYNA keyword deck by LS-PrePost,Rcforc Data
Time,Ma 376 X-force,Time,Ma 376 Y-force,Time,Ma 376 Z-force,
    0.0000000000e+00,    0.0000000000e+00,    0.0000000000e+00,    0.0000000000e+00,    0.0000000000e+00,    0.0000000000e+00,
    1.0997500503e-03,    0.0000000000e+00,    1.0997500503e-03,    0.0000000000e+00,    1.0997500503e-03,    0.0000000000e+00,
    2.1997699514e-03,    0.0000000000e+00,    2.1997699514e-03,    0.0000000000e+00,    2.1997699514e-03,    0.0000000000e+00,
    3.2998500392e-03,    0.0000000000e+00,    3.2998500392e-03,    0.0000000000e+00,    3.2998500392e-03,    0.0000000000e+00,
    4.3996800669e-03,    0.0000000000e+00,    4.3996800669e-03,    0.0000000000e+00,    4.3996800669e-03,    0.0000000000e+00,
    5.4998099804e-03,    0.0000000000e+00,    5.4998099804e-03,    0.0000000000e+00,    5.4998099804e-03,    0.0000000000e+00,
    6.5997899510e-03,    0.0000000000e+00,    6.5997899510e-03,    0.0000000000e+00,    6.5997899510e-03,    0.0000000000e+00,
    7.6998798177e-03,    0.0000000000e+00,    7.6998798177e-03,    0.0000000000e+00,    7.6998798177e-03,    0.0000000000e+00,
    8.7998397648e-03,    0.0000000000e+00,    8.7998397648e-03,    0.0000000000e+00,    8.7998397648e-03,    0.0000000000e+00,
    9.8999300972e-03,    0.0000000000e+00,    9.8999300972e-03,    0.0000000000e+00,    9.8999300972e-03,    0.0000000000e+00,
    1.0999900289e-02,    0.0000000000e+00,    1.0999900289e-02,    0.0000000000e+00,    1.0999900289e-02,    0.0000000000e+00,
    1.2099799700e-02,    0.0000000000e+00,    1.2099799700e-02,    0.0000000000e+00,    1.2099799700e-02,    0.0000000000e+00,
    1.3199700043e-02,    0.0000000000e+00,    1.3199700043e-02,    0.0000000000e+00,    1.3199700043e-02,    0.0000000000e+00,
    1.4299700037e-02,    0.0000000000e+00,    1.4299700037e-02,    0.0000000000e+00,    1.4299700037e-02,    0.0000000000e+00,
    1.5399900265e-02,    0.0000000000e+00,    1.5399900265e-02,    0.0000000000e+00,    1.5399900265e-02,    0.0000000000e+00,
    1.6499700025e-02,    0.0000000000e+00,    1.6499700025e-02,    0.0000000000e+00,    1.6499700025e-02,    0.0000000000e+00,
    1.7599800602e-02,    0.0000000000e+00,    1.7599800602e-02,    0.0000000000e+00,    1.7599800602e-02,    0.0000000000e+00,
    1.8699999899e-02,    0.0000000000e+00,    1.8699999899e-02,    0.0000000000e+00,    1.8699999899e-02,    0.0000000000e+00,
    1.9799899310e-02,    0.0000000000e+00,    1.9799899310e-02,    0.0000000000e+00,    1.9799899310e-02,    0.0000000000e+00,
    2.0899899304e-02,    0.0000000000e+00,    2.0899899304e-02,    0.0000000000e+00,    2.0899899304e-02,    0.0000000000e+00,
    2.1999800578e-02,    0.0000000000e+00,    2.1999800578e-02,    0.0000000000e+00,    2.1999800578e-02,    0.0000000000e+00,
    2.3099899292e-02,    0.0000000000e+00,    2.3099899292e-02,    0.0000000000e+00,    2.3099899292e-02,    0.0000000000e+00,
    2.4199800566e-02,    0.0000000000e+00,    2.4199800566e-02,    0.0000000000e+00,    2.4199800566e-02,    0.0000000000e+00,
    2.5299999863e-02,    0.0000000000e+00,    2.5299999863e-02,    0.0000000000e+00,    2.5299999863e-02,    0.0000000000e+00,
    2.6399999857e-02,    0.0000000000e+00,    2.6399999857e-02,    0.0000000000e+00,    2.6399999857e-02,    0.0000000000e+00,
    2.7499899268e-02,    0.0000000000e+00,    2.7499899268e-02,    0.0000000000e+00,    2.7499899268e-02,    0.0000000000e+00,
    2.8599699959e-02,    0.0000000000e+00,    2.8599699959e-02,    0.0000000000e+00,    2.8599699959e-02,    0.0000000000e+00,
    2.9699699953e-02,    0.0000000000e+00,    2.9699699953e-02,    0.0000000000e+00,    2.9699699953e-02,    0.0000000000e+00,
    3.0799800530e-02,    0.0000000000e+00,    3.0799800530e-02,    0.0000000000e+00,    3.0799800530e-02,    0.0000000000e+00,
    3.1899798661e-02,    0.0000000000e+00,    3.1899798661e-02,    0.0000000000e+00,    3.1899798661e-02,    0.0000000000e+00,
    3.2999701798e-02,    0.0000000000e+00,    3.2999701798e-02,    0.0000000000e+00,    3.2999701798e-02,    0.0000000000e+00,
    3.4099999815e-02,    0.0000000000e+00,    3.4099999815e-02,    0.0000000000e+00,    3.4099999815e-02,    0.0000000000e+00,
    3.5199798644e-02,    0.0000000000e+00,    3.5199798644e-02,    0.0000000000e+00,    3.5199798644e-02,    0.0000000000e+00,
    3.6299798638e-02,    0.0000000000e+00,    3.6299798638e-02,    0.0000000000e+00,    3.6299798638e-02,    0.0000000000e+00,
    3.7399701774e-02,    0.0000000000e+00,    3.7399701774e-02,    0.0000000000e+00,    3.7399701774e-02,    0.0000000000e+00,
    3.8499798626e-02,    0.0000000000e+00,    3.8499798626e-02,    0.0000000000e+00,    3.8499798626e-02,    0.0000000000e+00,
    3.9599899203e-02,    0.0000000000e+00,    3.9599899203e-02,    0.0000000000e+00,    3.9599899203e-02,    0.0000000000e+00,
    4.0699701756e-02,    0.0000000000e+00,    4.0699701756e-02,    0.0000000000e+00,    4.0699701756e-02,    0.0000000000e+00,
    4.1799701750e-02,    0.0000000000e+00,    4.1799701750e-02,    0.0000000000e+00,    4.1799701750e-02,    0.0000000000e+00,
    4.2899999768e-02,    0.0000000000e+00,    4.2899999768e-02,    0.0000000000e+00,    4.2899999768e-02,    0.0000000000e+00,
    4.3999798596e-02,    0.0000000000e+00,    4.3999798596e-02,    0.0000000000e+00,    4.3999798596e-02,    0.0000000000e+00,
    4.5099999756e-02,    0.0000000000e+00,    4.5099999756e-02,    0.0000000000e+00,    4.5099999756e-02,    0.0000000000e+00,
    4.6199999750e-02,    0.0000000000e+00,    4.6199999750e-02,    0.0000000000e+00,    4.6199999750e-02,    0.0000000000e+00,
    4.7299701720e-02,    0.0000000000e+00,    4.7299701720e-02,    0.0000000000e+00,    4.7299701720e-02,    0.0000000000e+00,
    4.8399899155e-02,    0.0000000000e+00,    4.8399899155e-02,    0.0000000000e+00,    4.8399899155e-02,    0.0000000000e+00,
    4.9499999732e-02,    0.0000000000e+00,    4.9499999732e-02,    0.0000000000e+00,    4.9499999732e-02,    0.0000000000e+00,
    5.0599899143e-02,    0.0000000000e+00,    5.0599899143e-02,    0.0000000000e+00,    5.0599899143e-02,    0.0000000000e+00,
    5.1699999720e-02,    0.0000000000e+00,    5.1699999720e-02,    0.0000000000e+00,    5.1699999720e-02,    0.0000000000e+00,
    5.2799899131e-02,    0.0000000000e+00,    5.2799899131e-02,    0.0000000000e+00,    5.2799899131e-02,    0.0000000000e+00,
    5.3899701685e-02,    0.0000000000e+00,    5.3899701685e-02,    0.0000000000e+00,    5.3899701685e-02,    0.0000000000e+00,
    5.4999701679e-02,    0.0000000000e+00,    5.4999701679e-02,    0.0000000000e+00,    5.4999701679e-02,    0.0000000000e+00,
    5.6099798530e-02,    0.0000000000e+00,    5.6099798530e-02,    0.0000000000e+00,    5.6099798530e-02,    0.0000000000e+00,
    5.7199999690e-02,    0.0000000000e+00,    5.7199999690e-02,    0.0000000000e+00,    5.7199999690e-02,    0.0000000000e+00,
    5.8299999684e-02,    0.0000000000e+00,    5.8299999684e-02,    0.0000000000e+00,    5.8299999684e-02,    0.0000000000e+00,
    5.9399701655e-02,    0.0000000000e+00,    5.9399701655e-02,    0.0000000000e+00,    5.9399701655e-02,    0.0000000000e+00,
    6.0499798506e-02,    0.0000000000e+00,    6.0499798506e-02,    0.0000000000e+00,    6.0499798506e-02,    0.0000000000e+00,
    6.1599701643e-02,    0.0000000000e+00,    6.1599701643e-02,    0.0000000000e+00,    6.1599701643e-02,    0.0000000000e+00,
    6.2699802220e-02,    0.0000000000e+00,    6.2699802220e-02,    0.0000000000e+00,    6.2699802220e-02,    0.0000000000e+00,
    6.3799902797e-02,    0.0000000000e+00,    6.3799902797e-02,    0.0000000000e+00,    6.3799902797e-02,    0.0000000000e+00,
    6.4899899065e-02,    0.0000000000e+00,    6.4899899065e-02,    0.0000000000e+00,    6.4899899065e-02,    0.0000000000e+00,
    6.5999999642e-02,    0.0000000000e+00,    6.5999999642e-02,    0.0000000000e+00,    6.5999999642e-02,    0.0000000000e+00,
    6.7100003362e-02,    0.0000000000e+00,    6.7100003362e-02,    0.0000000000e+00,    6.7100003362e-02,    0.0000000000e+00,
    6.8199999630e-02,    0.0000000000e+00,    6.8199999630e-02,    0.0000000000e+00,    6.8199999630e-02,    0.0000000000e+00,
    6.9299899042e-02,    0.0000000000e+00,    6.9299899042e-02,    0.0000000000e+00,    6.9299899042e-02,    0.0000000000e+00,
    7.0399798453e-02,    0.0000000000e+00,    7.0399798453e-02,    0.0000000000e+00,    7.0399798453e-02,    0.0000000000e+00,
    7.1500003338e-02,    0.0000000000e+00,    7.1500003338e-02,    0.0000000000e+00,    7.1500003338e-02,    0.0000000000e+00,
    7.2599798441e-02,    0.0000000000e+00,    7.2599798441e-02,    0.0000000000e+00,    7.2599798441e-02,    0.0000000000e+00,
    7.3700003326e-02,    0.0000000000e+00,    7.3700003326e-02,    0.0000000000e+00,    7.3700003326e-02,    0.0000000000e+00,
    7.4799902737e-02,    0.0000000000e+00,    7.4799902737e-02,    0.0000000000e+00,    7.4799902737e-02,    0.0000000000e+00,
    7.5899697840e-02,    0.0000000000e+00,    7.5899697840e-02,    0.0000000000e+00,    7.5899697840e-02,    0.0000000000e+00,
    7.6999701560e-02,    0.0000000000e+00,    7.6999701560e-02,    0.0000000000e+00,    7.6999701560e-02,    0.0000000000e+00,
    7.8099898994e-02,    0.0000000000e+00,    7.8099898994e-02,    0.0000000000e+00,    7.8099898994e-02,    0.0000000000e+00,
    7.9199902713e-02,    0.0000000000e+00,    7.9199902713e-02,    0.0000000000e+00,    7.9199902713e-02,    0.0000000000e+00,
    8.0299898982e-02,    0.0000000000e+00,    8.0299898982e-02,    0.0000000000e+00,    8.0299898982e-02,    0.0000000000e+00,
    8.1399902701e-02,    0.0000000000e+00,    8.1399902701e-02,    0.0000000000e+00,    8.1399902701e-02,    0.0000000000e+00,
    8.2499898970e-02,    0.0000000000e+00,    8.2499898970e-02,    0.0000000000e+00,    8.2499898970e-02,    0.0000000000e+00,
    8.3599798381e-02,    0.0000000000e+00,    8.3599798381e-02,    0.0000000000e+00,    8.3599798381e-02,    0.0000000000e+00,
    8.4699697793e-02,    0.0000000000e+00,    8.4699697793e-02,    0.0000000000e+00,    8.4699697793e-02,    0.0000000000e+00,
    8.5799999535e-02,    0.0000000000e+00,    8.5799999535e-02,    0.0000000000e+00,    8.5799999535e-02,    0.0000000000e+00,
    8.6899898946e-02,    0.0000000000e+00,    8.6899898946e-02,    0.0000000000e+00,    8.6899898946e-02,    0.0000000000e+00,
    8.7999798357e-02,    0.0000000000e+00,    8.7999798357e-02,    0.0000000000e+00,    8.7999798357e-02,    0.0000000000e+00,
    8.9099802077e-02,    0.0000000000e+00,    8.9099802077e-02,    0.0000000000e+00,    8.9099802077e-02,    0.0000000000e+00,
    9.0199902654e-02,    0.0000000000e+00,    9.0199902654e-02,    0.0000000000e+00,    9.0199902654e-02,    0.0000000000e+00,
    9.1299697757e-02,    0.0000000000e+00,    9.1299697757e-02,    0.0000000000e+00,    9.1299697757e-02,    0.0000000000e+00,
    9.2399902642e-02,    0.0000000000e+00,    9.2399902642e-02,    0.0000000000e+00,    9.2399902642e-02,    0.0000000000e+00,
    9.3499898911e-02,    0.0000000000e+00,    9.3499898911e-02,    0.0000000000e+00,    9.3499898911e-02,    0.0000000000e+00,
    9.4599902630e-02,    0.0000000000e+00,    9.4599902630e-02,    0.0000000000e+00,    9.4599902630e-02,    0.0000000000e+00,
    9.5699802041e-02,    0.0000000000e+00,    9.5699802041e-02,    0.0000000000e+00,    9.5699802041e-02,    0.0000000000e+00,
    9.6799902618e-02,    0.0000000000e+00,    9.6799902618e-02,    0.0000000000e+00,    9.6799902618e-02,    0.0000000000e+00,
    9.7900003195e-02,    0.0000000000e+00,    9.7900003195e-02,    0.0000000000e+00,    9.7900003195e-02,    0.0000000000e+00,
    9.8999798298e-02,    0.0000000000e+00,    9.8999798298e-02,    0.0000000000e+00,    9.8999798298e-02,    0.0000000000e+00,
    1.0010000318e-01,    0.0000000000e+00,    1.0010000318e-01,    0.0000000000e+00,    1.0010000318e-01,    0.0000000000e+00,
    1.0119999945e-01,    0.0000000000e+00,    1.0119999945e-01,    0.0000000000e+00,    1.0119999945e-01,    0.0000000000e+00,
    1.0230000317e-01,    0.0000000000e+00,    1.0230000317e-01,    0.0000000000e+00,    1.0230000317e-01,    0.0000000000e+00,
    1.0339999944e-01,    0.0000000000e+00,    1.0339999944e-01,    0.0000000000e+00,    1.0339999944e-01,    0.0000000000e+00,
    1.0450000316e-01,    0.0000000000e+00,    1.0450000316e-01,    0.0000000000e+00,    1.0450000316e-01,    0.0000000000e+00,
    1.0559999943e-01,    0.0000000000e+00,    1.0559999943e-01,    0.0000000000e+00,    1.0559999943e-01,    0.0000000000e+00,
    1.0670000315e-01,    0.0000000000e+00,    1.0670000315e-01,    0.0000000000e+00,    1.0670000315e-01,    0.0000000000e+00,
    1.0779999942e-01,    0.0000000000e+00,    1.0779999942e-01,    0.0000000000e+00,    1.0779999942e-01,    0.0000000000e+00,
    1.0890000314e-01,    0.0000000000e+00,    1.0890000314e-01,    0.0000000000e+00,    1.0890000314e-01,    0.0000000000e+00,
    1.0999999940e-01,    0.0000000000e+00,    1.0999999940e-01,    0.0000000000e+00,    1.0999999940e-01,    0.0000000000e+00,
    1.1110000312e-01,    0.0000000000e+00,    1.1110000312e-01,    0.0000000000e+00,    1.1110000312e-01,    0.0000000000e+00,
    1.1219999939e-01,    0.0000000000e+00,    1.1219999939e-01,    0.0000000000e+00,    1.1219999939e-01,    0.0000000000e+00,
    1.1330000311e-01,    0.0000000000e+00,    1.1330000311e-01,    0.0000000000e+00,    1.1330000311e-01,    0.0000000000e+00,
    1.1439999938e-01,    0.0000000000e+00,    1.1439999938e-01,    0.0000000000e+00,    1.1439999938e-01,    0.0000000000e+00,
    1.1550000310e-01,    0.0000000000e+00,    1.1550000310e-01,    0.0000000000e+00,    1.1550000310e-01,    0.0000000000e+00,
    1.1659999937e-01,    0.0000000000e+00,    1.1659999937e-01,    0.0000000000e+00,    1.1659999937e-01,    0.0000000000e+00,
    1.1770000309e-01,    0.0000000000e+00,    1.1770000309e-01,    0.0000000000e+00,    1.1770000309e-01,    0.0000000000e+00,
    1.1879999936e-01,    0.0000000000e+00,    1.1879999936e-01,    0.0000000000e+00,    1.1879999936e-01,    0.0000000000e+00,
    1.1990000308e-01,    0.0000000000e+00,    1.1990000308e-01,    0.0000000000e+00,    1.1990000308e-01,    0.0000000000e+00,
    1.2099999934e-01,    0.0000000000e+00,    1.2099999934e-01,    0.0000000000e+00,    1.2099999934e-01,    0.0000000000e+00,
    1.2210000306e-01,    0.0000000000e+00,    1.2210000306e-01,    0.0000000000e+00,    1.2210000306e-01,    0.0000000000e+00,
    1.2319999933e-01,    0.0000000000e+00,    1.2319999933e-01,    0.0000000000e+00,    1.2319999933e-01,    0.0000000000e+00,
    1.2430000305e-01,    0.0000000000e+00,    1.2430000305e-01,    0.0000000000e+00,    1.2430000305e-01,    0.0000000000e+00,
    1.2540000677e-01,    0.0000000000e+00,    1.2540000677e-01,    0.0000000000e+00,    1.2540000677e-01,    0.0000000000e+00,
    1.2649999559e-01,    0.0000000000e+00,    1.2649999559e-01,    0.0000000000e+00,    1.2649999559e-01,    0.0000000000e+00,
    1.2759999931e-01,    0.0000000000e+00,    1.2759999931e-01,    0.0000000000e+00,    1.2759999931e-01,    0.0000000000e+00,
    1.2870000303e-01,    0.0000000000e+00,    1.2870000303e-01,    0.0000000000e+00,    1.2870000303e-01,    0.0000000000e+00,
    1.2980000675e-01,    0.0000000000e+00,    1.2980000675e-01,    0.0000000000e+00,    1.2980000675e-01,    0.0000000000e+00,
    1.3089999557e-01,    0.0000000000e+00,    1.3089999557e-01,    0.0000000000e+00,    1.3089999557e-01,    0.0000000000e+00,
    1.3199999928e-01,    0.0000000000e+00,    1.3199999928e-01,    0.0000000000e+00,    1.3199999928e-01,    0.0000000000e+00,
    1.3310000300e-01,    0.0000000000e+00,    1.3310000300e-01,    0.0000000000e+00,    1.3310000300e-01,    0.0000000000e+00,
    1.3420000672e-01,    0.0000000000e+00,    1.3420000672e-01,    0.0000000000e+00,    1.3420000672e-01,    0.0000000000e+00,
    1.3529999554e-01,    0.0000000000e+00,    1.3529999554e-01,    0.0000000000e+00,    1.3529999554e-01,    0.0000000000e+00,
    1.3639999926e-01,    0.0000000000e+00,    1.3639999926e-01,    0.0000000000e+00,    1.3639999926e-01,    0.0000000000e+00,
    1.3750000298e-01,    0.0000000000e+00,    1.3750000298e-01,    0.0000000000e+00,    1.3750000298e-01,    0.0000000000e+00,
    1.3860000670e-01,    0.0000000000e+00,    1.3860000670e-01,    0.0000000000e+00,    1.3860000670e-01,    0.0000000000e+00,
    1.3969999552e-01,    0.0000000000e+00,    1.3969999552e-01,    0.0000000000e+00,    1.3969999552e-01,    0.0000000000e+00,
    1.4079999924e-01,    0.0000000000e+00,    1.4079999924e-01,    0.0000000000e+00,    1.4079999924e-01,    0.0000000000e+00,
    1.4190000296e-01,    0.0000000000e+00,    1.4190000296e-01,    0.0000000000e+00,    1.4190000296e-01,    0.0000000000e+00,
    1.4300000668e-01,    0.0000000000e+00,    1.4300000668e-01,    0.0000000000e+00,    1.4300000668e-01,    0.0000000000e+00,
    1.4409999549e-01,    0.0000000000e+00,    1.4409999549e-01,    0.0000000000e+00,    1.4409999549e-01,    0.0000000000e+00,
    1.4519999921e-01,    0.0000000000e+00,    1.4519999921e-01,    0.0000000000e+00,    1.4519999921e-01,    0.0000000000e+00,
    1.4630000293e-01,    0.0000000000e+00,    1.4630000293e-01,    0.0000000000e+00,    1.4630000293e-01,    0.0000000000e+00,
    1.4740000665e-01,    0.0000000000e+00,    1.4740000665e-01,    0.0000000000e+00,    1.4740000665e-01,    0.0000000000e+00,
    1.4849999547e-01,    0.0000000000e+00,    1.4849999547e-01,    0.0000000000e+00,    1.4849999547e-01,    0.0000000000e+00,
    1.4959999919e-01,    0.0000000000e+00,    1.4959999919e-01,    0.0000000000e+00,    1.4959999919e-01,    0.0000000000e+00,
    1.5070000291e-01,    0.0000000000e+00,    1.5070000291e-01,    0.0000000000e+00,    1.5070000291e-01,    0.0000000000e+00,
    1.5180000663e-01,    0.0000000000e+00,    1.5180000663e-01,    0.0000000000e+00,    1.5180000663e-01,    0.0000000000e+00,
    1.5289999545e-01,    0.0000000000e+00,    1.5289999545e-01,    0.0000000000e+00,    1.5289999545e-01,    0.0000000000e+00,
    1.5399999917e-01,    0.0000000000e+00,    1.5399999917e-01,    0.0000000000e+00,    1.5399999917e-01,    0.0000000000e+00,
    1.5510000288e-01,    0.0000000000e+00,    1.5510000288e-01,    0.0000000000e+00,    1.5510000288e-01,    0.0000000000e+00,
    1.5620000660e-01,    0.0000000000e+00,    1.5620000660e-01,    0.0000000000e+00,    1.5620000660e-01,    0.0000000000e+00,
    1.5729999542e-01,    0.0000000000e+00,    1.5729999542e-01,    0.0000000000e+00,    1.5729999542e-01,    0.0000000000e+00,
    1.5839999914e-01,    0.0000000000e+00,    1.5839999914e-01,    0.0000000000e+00,    1.5839999914e-01,    0.0000000000e+00,
    1.5950000286e-01,    0.0000000000e+00,    1.5950000286e-01,    0.0000000000e+00,    1.5950000286e-01,    0.0000000000e+00,
    1.6060000658e-01,    0.0000000000e+00,    1.6060000658e-01,    0.0000000000e+00,    1.6060000658e-01,    0.0000000000e+00,
    1.6169999540e-01,    0.0000000000e+00,    1.6169999540e-01,    0.0000000000e+00,    1.6169999540e-01,    0.0000000000e+00,
    1.6279999912e-01,    0.0000000000e+00,    1.6279999912e-01,    0.0000000000e+00,    1.6279999912e-01,    0.0000000000e+00,
    1.6390000284e-01,    0.0000000000e+00,    1.6390000284e-01,    0.0000000000e+00,    1.6390000284e-01,    0.0000000000e+00,
    1.6500000656e-01,    0.0000000000e+00,    1.6500000656e-01,    0.0000000000e+00,    1.6500000656e-01,    0.0000000000e+00,
    1.6609999537e-01,    0.0000000000e+00,    1.6609999537e-01,    0.0000000000e+00,    1.6609999537e-01,    0.0000000000e+00,
    1.6719999909e-01,    0.0000000000e+00,    1.6719999909e-01,    0.0000000000e+00,    1.6719999909e-01,    0.0000000000e+00,
    1.6830000281e-01,    0.0000000000e+00,    1.6830000281e-01,    0.0000000000e+00,    1.6830000281e-01,    0.0000000000e+00,
    1.6940000653e-01,    0.0000000000e+00,    1.6940000653e-01,    0.0000000000e+00,    1.6940000653e-01,    0.0000000000e+00,
    1.7049999535e-01,    0.0000000000e+00,    1.7049999535e-01,    0.0000000000e+00,    1.7049999535e-01,    0.0000000000e+00,
    1.7159999907e-01,    0.0000000000e+00,    1.7159999907e-01,    0.0000000000e+00,    1.7159999907e-01,    0.0000000000e+00,
    1.7270000279e-01,    0.0000000000e+00,    1.7270000279e-01,    0.0000000000e+00,    1.7270000279e-01,    0.0000000000e+00,
    1.7380000651e-01,    0.0000000000e+00,    1.7380000651e-01,    0.0000000000e+00,    1.7380000651e-01,    0.0000000000e+00,
    1.7489999533e-01,    0.0000000000e+00,    1.7489999533e-01,    0.0000000000e+00,    1.7489999533e-01,    0.0000000000e+00,
    1.7599999905e-01,    0.0000000000e+00,    1.7599999905e-01,    0.0000000000e+00,    1.7599999905e-01,    0.0000000000e+00,
    1.7710000277e-01,    0.0000000000e+00,    1.7710000277e-01,    0.0000000000e+00,    1.7710000277e-01,    0.0000000000e+00,
    1.7820000648e-01,    0.0000000000e+00,    1.7820000648e-01,    0.0000000000e+00,    1.7820000648e-01,    0.0000000000e+00,
    1.7929999530e-01,    0.0000000000e+00,    1.7929999530e-01,    0.0000000000e+00,    1.7929999530e-01,    0.0000000000e+00,
    1.8039999902e-01,    0.0000000000e+00,    1.8039999902e-01,    0.0000000000e+00,    1.8039999902e-01,    0.0000000000e+00,
    1.8150000274e-01,    0.0000000000e+00,    1.8150000274e-01,    0.0000000000e+00,    1.8150000274e-01,    0.0000000000e+00,
    1.8260000646e-01,    0.0000000000e+00,    1.8260000646e-01,    0.0000000000e+00,    1.8260000646e-01,    0.0000000000e+00,
    1.8369999528e-01,    0.0000000000e+00,    1.8369999528e-01,    0.0000000000e+00,    1.8369999528e-01,    0.0000000000e+00,
    1.8479999900e-01,    0.0000000000e+00,    1.8479999900e-01,    0.0000000000e+00,    1.8479999900e-01,    0.0000000000e+00,
    1.8590000272e-01,    0.0000000000e+00,    1.8590000272e-01,    0.0000000000e+00,    1.8590000272e-01,    0.0000000000e+00,
    1.8700000644e-01,    0.0000000000e+00,    1.8700000644e-01,    0.0000000000e+00,    1.8700000644e-01,    0.0000000000e+00,
    1.8809999526e-01,    0.0000000000e+00,    1.8809999526e-01,    0.0000000000e+00,    1.8809999526e-01,    0.0000000000e+00,
    1.8919999897e-01,    0.0000000000e+00,    1.8919999897e-01,    0.0000000000e+00,    1.8919999897e-01,    0.0000000000e+00,
    1.9030000269e-01,    0.0000000000e+00,    1.9030000269e-01,    0.0000000000e+00,    1.9030000269e-01,    0.0000000000e+00,
    1.9140000641e-01,    0.0000000000e+00,    1.9140000641e-01,    0.0000000000e+00,    1.9140000641e-01,    0.0000000000e+00,
    1.9249999523e-01,    0.0000000000e+00,    1.9249999523e-01,    0.0000000000e+00,    1.9249999523e-01,    0.0000000000e+00,
    1.9359999895e-01,    0.0000000000e+00,    1.9359999895e-01,    0.0000000000e+00,    1.9359999895e-01,    0.0000000000e+00,
    1.9470000267e-01,    0.0000000000e+00,    1.9470000267e-01,    0.0000000000e+00,    1.9470000267e-01,    0.0000000000e+00,
    1.9580000639e-01,    0.0000000000e+00,    1.9580000639e-01,    0.0000000000e+00,    1.9580000639e-01,    0.0000000000e+00,
    1.9689999521e-01,    0.0000000000e+00,    1.9689999521e-01,    0.0000000000e+00,    1.9689999521e-01,    0.0000000000e+00,
    1.9799999893e-01,    0.0000000000e+00,    1.9799999893e-01,    0.0000000000e+00,    1.9799999893e-01,    0.0000000000e+00,
    1.9910000265e-01,    0.0000000000e+00,    1.9910000265e-01,    0.0000000000e+00,    1.9910000265e-01,    0.0000000000e+00,
    2.0020000637e-01,    0.0000000000e+00,    2.0020000637e-01,    0.0000000000e+00,    2.0020000637e-01,    0.0000000000e+00,
    2.0129999518e-01,    0.0000000000e+00,    2.0129999518e-01,    0.0000000000e+00,    2.0129999518e-01,    0.0000000000e+00,
    2.0239999890e-01,    0.0000000000e+00,    2.0239999890e-01,    0.0000000000e+00,    2.0239999890e-01,    0.0000000000e+00,
    2.0350000262e-01,    0.0000000000e+00,    2.0350000262e-01,    0.0000000000e+00,    2.0350000262e-01,    0.0000000000e+00,
    2.0460000634e-01,    0.0000000000e+00,    2.0460000634e-01,    0.0000000000e+00,    2.0460000634e-01,    0.0000000000e+00,
    2.0569999516e-01,    0.0000000000e+00,    2.0569999516e-01,    0.0000000000e+00,    2.0569999516e-01,    0.0000000000e+00,
    2.0679999888e-01,    0.0000000000e+00,    2.0679999888e-01,    0.0000000000e+00,    2.0679999888e-01,    0.0000000000e+00,
    2.0790000260e-01,    0.0000000000e+00,    2.0790000260e-01,    0.0000000000e+00,    2.0790000260e-01,    0.0000000000e+00,
    2.0900000632e-01,    0.0000000000e+00,    2.0900000632e-01,    0.0000000000e+00,    2.0900000632e-01,    0.0000000000e+00,
    2.1009999514e-01,    0.0000000000e+00,    2.1009999514e-01,    0.0000000000e+00,    2.1009999514e-01,    0.0000000000e+00,
    2.1119999886e-01,    0.0000000000e+00,    2.1119999886e-01,    0.0000000000e+00,    2.1119999886e-01,    0.0000000000e+00,
    2.1230000257e-01,    0.0000000000e+00,    2.1230000257e-01,    0.0000000000e+00,    2.1230000257e-01,    0.0000000000e+00,
    2.1340000629e-01,    0.0000000000e+00,    2.1340000629e-01,    0.0000000000e+00,    2.1340000629e-01,    0.0000000000e+00,
    2.1449999511e-01,    0.0000000000e+00,    2.1449999511e-01,    0.0000000000e+00,    2.1449999511e-01,    0.0000000000e+00,
    2.1559999883e-01,    0.0000000000e+00,    2.1559999883e-01,    0.0000000000e+00,    2.1559999883e-01,    0.0000000000e+00,
    2.1670000255e-01,    0.0000000000e+00,    2.1670000255e-01,    0.0000000000e+00,    2.1670000255e-01,    0.0000000000e+00,
    2.1780000627e-01,    0.0000000000e+00,    2.1780000627e-01,    0.0000000000e+00,    2.1780000627e-01,    0.0000000000e+00,
    2.1889999509e-01,    0.0000000000e+00,    2.1889999509e-01,    0.0000000000e+00,    2.1889999509e-01,    0.0000000000e+00,
    2.1999999881e-01,    0.0000000000e+00,    2.1999999881e-01,    0.0000000000e+00,    2.1999999881e-01,    0.0000000000e+00,
    2.2110000253e-01,    0.0000000000e+00,    2.2110000253e-01,    0.0000000000e+00,    2.2110000253e-01,    0.0000000000e+00,
    2.2220000625e-01,    0.0000000000e+00,    2.2220000625e-01,    0.0000000000e+00,    2.2220000625e-01,    0.0000000000e+00,
    2.2329999506e-01,    0.0000000000e+00,    2.2329999506e-01,    0.0000000000e+00,    2.2329999506e-01,    0.0000000000e+00,
    2.2439999878e-01,    0.0000000000e+00,    2.2439999878e-01,    0.0000000000e+00,    2.2439999878e-01,    0.0000000000e+00,
    2.2550000250e-01,    0.0000000000e+00,    2.2550000250e-01,    0.0000000000e+00,    2.2550000250e-01,    0.0000000000e+00,
    2.2660000622e-01,    0.0000000000e+00,    2.2660000622e-01,    0.0000000000e+00,    2.2660000622e-01,    0.0000000000e+00,
    2.2769999504e-01,    0.0000000000e+00,    2.2769999504e-01,    0.0000000000e+00,    2.2769999504e-01,    0.0000000000e+00,
    2.2879999876e-01,    0.0000000000e+00,    2.2879999876e-01,    0.0000000000e+00,    2.2879999876e-01,    0.0000000000e+00,
    2.2990000248e-01,    0.0000000000e+00,    2.2990000248e-01,    0.0000000000e+00,    2.2990000248e-01,    0.0000000000e+00,
    2.3100000620e-01,    0.0000000000e+00,    2.3100000620e-01,    0.0000000000e+00,    2.3100000620e-01,    0.0000000000e+00,
    2.3209999502e-01,    0.0000000000e+00,    2.3209999502e-01,    0.0000000000e+00,    2.3209999502e-01,    0.0000000000e+00,
    2.3319999874e-01,    0.0000000000e+00,    2.3319999874e-01,    0.0000000000e+00,    2.3319999874e-01,    0.0000000000e+00,
    2.3430000246e-01,    0.0000000000e+00,    2.3430000246e-01,    0.0000000000e+00,    2.3430000246e-01,    0.0000000000e+00,
    2.3540000618e-01,    0.0000000000e+00,    2.3540000618e-01,    0.0000000000e+00,    2.3540000618e-01,    0.0000000000e+00,
    2.3649999499e-01,    0.0000000000e+00,    2.3649999499e-01,    0.0000000000e+00,    2.3649999499e-01,    0.0000000000e+00,
    2.3759999871e-01,    0.0000000000e+00,    2.3759999871e-01,    0.0000000000e+00,    2.3759999871e-01,    0.0000000000e+00,
    2.3870000243e-01,    0.0000000000e+00,    2.3870000243e-01,    0.0000000000e+00,    2.3870000243e-01,    0.0000000000e+00,
    2.3980000615e-01,    0.0000000000e+00,    2.3980000615e-01,    0.0000000000e+00,    2.3980000615e-01,    0.0000000000e+00,
    2.4089999497e-01,    0.0000000000e+00,    2.4089999497e-01,    0.0000000000e+00,    2.4089999497e-01,    0.0000000000e+00,
    2.4199999869e-01,    0.0000000000e+00,    2.4199999869e-01,    0.0000000000e+00,    2.4199999869e-01,    0.0000000000e+00,
    2.4310000241e-01,    0.0000000000e+00,    2.4310000241e-01,    0.0000000000e+00,    2.4310000241e-01,    0.0000000000e+00,
    2.4420000613e-01,    0.0000000000e+00,    2.4420000613e-01,    0.0000000000e+00,    2.4420000613e-01,    0.0000000000e+00,
    2.4529999495e-01,    0.0000000000e+00,    2.4529999495e-01,    0.0000000000e+00,    2.4529999495e-01,    0.0000000000e+00,
    2.4639999866e-01,    0.0000000000e+00,    2.4639999866e-01,    0.0000000000e+00,    2.4639999866e-01,    0.0000000000e+00,
    2.4750000238e-01,    0.0000000000e+00,    2.4750000238e-01,    0.0000000000e+00,    2.4750000238e-01,    0.0000000000e+00,
    2.4860000610e-01,    0.0000000000e+00,    2.4860000610e-01,    0.0000000000e+00,    2.4860000610e-01,    0.0000000000e+00,
    2.4969999492e-01,    0.0000000000e+00,    2.4969999492e-01,    0.0000000000e+00,    2.4969999492e-01,    0.0000000000e+00,
    2.5080001354e-01,    0.0000000000e+00,    2.5080001354e-01,    0.0000000000e+00,    2.5080001354e-01,    0.0000000000e+00,
    2.5189998746e-01,    0.0000000000e+00,    2.5189998746e-01,    0.0000000000e+00,    2.5189998746e-01,    0.0000000000e+00,
    2.5299999118e-01,    0.0000000000e+00,    2.5299999118e-01,    0.0000000000e+00,    2.5299999118e-01,    0.0000000000e+00,
    2.5409999490e-01,    0.0000000000e+00,    2.5409999490e-01,    0.0000000000e+00,    2.5409999490e-01,    0.0000000000e+00,
    2.5519999862e-01,    0.0000000000e+00,    2.5519999862e-01,    0.0000000000e+00,    2.5519999862e-01,    0.0000000000e+00,
    2.5630000234e-01,    0.0000000000e+00,    2.5630000234e-01,    0.0000000000e+00,    2.5630000234e-01,    0.0000000000e+00,
    2.5740000606e-01,    0.0000000000e+00,    2.5740000606e-01,    0.0000000000e+00,    2.5740000606e-01,    0.0000000000e+00,
    2.5850000978e-01,    0.0000000000e+00,    2.5850000978e-01,    0.0000000000e+00,    2.5850000978e-01,    0.0000000000e+00,
    2.5960001349e-01,    0.0000000000e+00,    2.5960001349e-01,    0.0000000000e+00,    2.5960001349e-01,    0.0000000000e+00,
    2.6069998741e-01,    0.0000000000e+00,    2.6069998741e-01,    0.0000000000e+00,    2.6069998741e-01,    0.0000000000e+00,
    2.6179999113e-01,    0.0000000000e+00,    2.6179999113e-01,    0.0000000000e+00,    2.6179999113e-01,    0.0000000000e+00,
    2.6289999485e-01,    0.0000000000e+00,    2.6289999485e-01,    0.0000000000e+00,    2.6289999485e-01,    0.0000000000e+00,
    2.6399999857e-01,    0.0000000000e+00,    2.6399999857e-01,    0.0000000000e+00,    2.6399999857e-01,    0.0000000000e+00,
    2.6510000229e-01,    0.0000000000e+00,    2.6510000229e-01,    0.0000000000e+00,    2.6510000229e-01,    0.0000000000e+00,
    2.6620000601e-01,    0.0000000000e+00,    2.6620000601e-01,    0.0000000000e+00,    2.6620000601e-01,    0.0000000000e+00,
    2.6730000973e-01,    0.0000000000e+00,    2.6730000973e-01,    0.0000000000e+00,    2.6730000973e-01,    0.0000000000e+00,
    2.6840001345e-01,    0.0000000000e+00,    2.6840001345e-01,    0.0000000000e+00,    2.6840001345e-01,    0.0000000000e+00,
    2.6949998736e-01,    0.0000000000e+00,    2.6949998736e-01,    0.0000000000e+00,    2.6949998736e-01,    0.0000000000e+00,
    2.7059999108e-01,    0.0000000000e+00,    2.7059999108e-01,    0.0000000000e+00,    2.7059999108e-01,    0.0000000000e+00,
    2.7169999480e-01,    0.0000000000e+00,    2.7169999480e-01,    0.0000000000e+00,    2.7169999480e-01,    0.0000000000e+00,
    2.7279999852e-01,    0.0000000000e+00,    2.7279999852e-01,    0.0000000000e+00,    2.7279999852e-01,    0.0000000000e+00,
    2.7390000224e-01,    0.0000000000e+00,    2.7390000224e-01,    0.0000000000e+00,    2.7390000224e-01,    0.0000000000e+00,
    2.7500000596e-01,    0.0000000000e+00,    2.7500000596e-01,    0.0000000000e+00,    2.7500000596e-01,    0.0000000000e+00,
    2.7610000968e-01,    0.0000000000e+00,    2.7610000968e-01,    0.0000000000e+00,    2.7610000968e-01,    0.0000000000e+00,
    2.7720001340e-01,    0.0000000000e+00,    2.7720001340e-01,    0.0000000000e+00,    2.7720001340e-01,    0.0000000000e+00,
    2.7829998732e-01,    0.0000000000e+00,    2.7829998732e-01,    0.0000000000e+00,    2.7829998732e-01,    0.0000000000e+00,
    2.7939999104e-01,    0.0000000000e+00,    2.7939999104e-01,    0.0000000000e+00,    2.7939999104e-01,    0.0000000000e+00,
    2.8049999475e-01,    0.0000000000e+00,    2.8049999475e-01,    0.0000000000e+00,    2.8049999475e-01,    0.0000000000e+00,
    2.8159999847e-01,    0.0000000000e+00,    2.8159999847e-01,    0.0000000000e+00,    2.8159999847e-01,    0.0000000000e+00,
    2.8270000219e-01,    0.0000000000e+00,    2.8270000219e-01,    0.0000000000e+00,    2.8270000219e-01,    0.0000000000e+00,
    2.8380000591e-01,    0.0000000000e+00,    2.8380000591e-01,    0.0000000000e+00,    2.8380000591e-01,    0.0000000000e+00,
    2.8490000963e-01,    0.0000000000e+00,    2.8490000963e-01,    0.0000000000e+00,    2.8490000963e-01,    0.0000000000e+00,
    2.8600001335e-01,    0.0000000000e+00,    2.8600001335e-01,    0.0000000000e+00,    2.8600001335e-01,    0.0000000000e+00,
    2.8709998727e-01,    0.0000000000e+00,    2.8709998727e-01,    0.0000000000e+00,    2.8709998727e-01,    0.0000000000e+00,
    2.8819999099e-01,    0.0000000000e+00,    2.8819999099e-01,    0.0000000000e+00,    2.8819999099e-01,    0.0000000000e+00,
    2.8929999471e-01,    0.0000000000e+00,    2.8929999471e-01,    0.0000000000e+00,    2.8929999471e-01,    0.0000000000e+00,
    2.9039999843e-01,    0.0000000000e+00,    2.9039999843e-01,    0.0000000000e+00,    2.9039999843e-01,    0.0000000000e+00,
    2.9150000215e-01,    0.0000000000e+00,    2.9150000215e-01,    0.0000000000e+00,    2.9150000215e-01,    0.0000000000e+00,
    2.9260000587e-01,    0.0000000000e+00,    2.9260000587e-01,    0.0000000000e+00,    2.9260000587e-01,    0.0000000000e+00,
    2.9370000958e-01,    0.0000000000e+00,    2.9370000958e-01,    0.0000000000e+00,    2.9370000958e-01,    0.0000000000e+00,
    2.9480001330e-01,    0.0000000000e+00,    2.9480001330e-01,    0.0000000000e+00,    2.9480001330e-01,    0.0000000000e+00,
    2.9589998722e-01,    1.4203600358e-06,    2.9589998722e-01,    4.8354901082e-05,    2.9589998722e-01,    1.1513000331e-08,
    2.9699999094e-01,    1.3578899598e-05,    2.9699999094e-01,    4.8978501000e-03,    2.9699999094e-01,    2.9423799788e-06,
    2.9809999466e-01,    1.5553399862e-05,    2.9809999466e-01,    1.7766200006e-02,    2.9809999466e-01,    2.7631700505e-05,
    2.9919999838e-01,    2.0476700229e-05,    2.9919999838e-01,    3.3843100071e-02,    2.9919999838e-01,    1.9299800624e-04,
    3.0030000210e-01,    2.2860400350e-05,    3.0030000210e-01,    5.5991500616e-02,    3.0030000210e-01,    1.0800999735e-04,
    3.0140000582e-01,    1.5383799109e-05,    3.0140000582e-01,    8.1640496850e-02,    3.0140000582e-01,    5.1627001085e-05,
    3.0250000954e-01,    2.0098499590e-05,    3.0250000954e-01,    1.1030399799e-01,    3.0250000954e-01,    1.2458799756e-04,
    3.0360001326e-01,    1.3779699657e-05,    3.0360001326e-01,    1.4156199992e-01,    3.0360001326e-01,    9.2871101515e-05,
    3.0469998717e-01,    1.5666300897e-05,    3.0469998717e-01,    1.7644500732e-01,    3.0469998717e-01,    1.7523500719e-04,
    3.0579999089e-01,    3.2188299883e-06,    3.0579999089e-01,    2.1109800041e-01,    3.0579999089e-01,    2.0002199744e-04,
    3.0689999461e-01,    9.2216896519e-06,    3.0689999461e-01,    2.5245401263e-01,    3.0689999461e-01,    1.6713200603e-04,
    3.0799999833e-01,   -7.7594104368e-06,    3.0799999833e-01,    2.9328900576e-01,    3.0799999833e-01,    2.2148300195e-04,
    3.0910000205e-01,    2.8622798709e-07,    3.0910000205e-01,    3.3321699500e-01,    3.0910000205e-01,    2.4203400244e-04,
    3.1020000577e-01,   -8.1681200754e-06,    3.1020000577e-01,    3.7950500846e-01,    3.1020000577e-01,    1.4765799278e-04,
    3.1130000949e-01,   -2.0854700779e-05,    3.1130000949e-01,    4.2509299517e-01,    3.1130000949e-01,    1.9130599685e-04,
    3.1240001321e-01,   -2.7568699807e-05,    3.1240001321e-01,    4.7036799788e-01,    3.1240001321e-01,    1.7576200480e-04,
    3.1349998713e-01,   -8.0113000877e-05,    3.1349998713e-01,    5.1581400633e-01,    3.1349998713e-01,    1.4672499674e-04,
    3.1459999084e-01,   -1.2477900600e-04,    3.1459999084e-01,    5.6654798985e-01,    3.1459999084e-01,    1.4268899395e-04,
    3.1569999456e-01,   -2.1633500000e-04,    3.1569999456e-01,    6.2063097954e-01,    3.1569999456e-01,    3.6630299292e-05,
    3.1679999828e-01,   -1.9201599935e-04,    3.1679999828e-01,    6.7647898197e-01,    3.1679999828e-01,   -1.0643599671e-04,
    3.1790000200e-01,   -2.4274300085e-04,    3.1790000200e-01,    7.3428702354e-01,    3.1790000200e-01,    1.4235200069e-04,
    3.1900000572e-01,   -3.2794199069e-04,    3.1900000572e-01,    7.9710000753e-01,    3.1900000572e-01,    3.7505201180e-04,
    3.2010000944e-01,   -3.0316598713e-04,    3.2010000944e-01,    8.6330801249e-01,    3.2010000944e-01,    3.2622000435e-04,
    3.2120001316e-01,   -4.3972401181e-04,    3.2120001316e-01,    9.2934000492e-01,    3.2120001316e-01,    2.6262798929e-04,
    3.2229998708e-01,   -4.2085399036e-04,    3.2229998708e-01,    9.9859899282e-01,    3.2229998708e-01,    1.3087300431e-05,
    3.2339999080e-01,   -4.5344000682e-04,    3.2339999080e-01,    1.0763100386e+00,    3.2339999080e-01,   -4.4134000200e-04,
    3.2449999452e-01,   -5.5565801449e-04,    3.2449999452e-01,    1.1547000408e+00,    3.2449999452e-01,   -6.0443801340e-04,
    3.2559999824e-01,   -5.4494099459e-04,    3.2559999824e-01,    1.2357699871e+00,    3.2559999824e-01,   -6.5035501029e-04,
    3.2670000196e-01,   -5.6182802655e-04,    3.2670000196e-01,    1.3147200346e+00,    3.2670000196e-01,   -5.8839499252e-04,
    3.2780000567e-01,   -5.9585797135e-04,    3.2780000567e-01,    1.3885200024e+00,    3.2780000567e-01,   -7.3309702566e-04,
    3.2890000939e-01,   -9.1401900863e-04,    3.2890000939e-01,    1.4701700211e+00,    3.2890000939e-01,   -1.3145799749e-03,
    3.3000001311e-01,   -8.7755598361e-04,    3.3000001311e-01,    1.5543800592e+00,    3.3000001311e-01,   -1.4503099956e-03,
    3.3109998703e-01,   -1.0838500457e-03,    3.3109998703e-01,    1.6386799812e+00,    3.3109998703e-01,   -1.4864200493e-03,
    3.3219999075e-01,   -1.2769700261e-03,    3.3219999075e-01,    1.7256000042e+00,    3.3219999075e-01,   -1.3118899660e-03,
    3.3329999447e-01,   -1.4428299619e-03,    3.3329999447e-01,    1.8211499453e+00,    3.3329999447e-01,   -1.7572899815e-03,
    3.3439999819e-01,   -1.6679900000e-03,    3.3439999819e-01,    1.9261499643e+00,    3.3439999819e-01,   -2.0069601014e-03,
    3.3550000191e-01,   -1.6572000459e-03,    3.3550000191e-01,    2.0397100449e+00,    3.3550000191e-01,   -2.4623300415e-03,
    3.3660000563e-01,   -1.7021199455e-03,    3.3660000563e-01,    2.1491999626e+00,    3.3660000563e-01,   -2.2895298898e-03,
    3.3770000935e-01,   -1.7177700065e-03,    3.3770000935e-01,    2.2576599121e+00,    3.3770000935e-01,   -2.3576100357e-03,
    3.3880001307e-01,   -1.9769798964e-03,    3.3880001307e-01,    2.3680500984e+00,    3.3880001307e-01,   -2.3251599632e-03,
    3.3989998698e-01,   -1.9593099132e-03,    3.3989998698e-01,    2.4896700382e+00,    3.3989998698e-01,   -2.0944899879e-03,
    3.4099999070e-01,   -2.0768700633e-03,    3.4099999070e-01,    2.6054000854e+00,    3.4099999070e-01,   -1.8504200270e-03,
    3.4209999442e-01,   -2.0788800903e-03,    3.4209999442e-01,    2.7251400948e+00,    3.4209999442e-01,   -2.0456200000e-03,
    3.4319999814e-01,   -2.0531800110e-03,    3.4319999814e-01,    2.8462300301e+00,    3.4319999814e-01,   -2.4046699982e-03,
    3.4430000186e-01,   -2.0316399168e-03,    3.4430000186e-01,    2.9667499065e+00,    3.4430000186e-01,   -2.0520999096e-03,
    3.4540000558e-01,   -2.1434500813e-03,    3.4540000558e-01,    3.0825200081e+00,    3.4540000558e-01,   -2.2085099481e-03,
    3.4650000930e-01,   -2.5246900041e-03,    3.4650000930e-01,    3.1964199543e+00,    3.4650000930e-01,   -1.7757599708e-03,
    3.4760001302e-01,   -2.4108099751e-03,    3.4760001302e-01,    3.3195700645e+00,    3.4760001302e-01,   -2.0363999065e-03,
    3.4869998693e-01,   -2.4403699208e-03,    3.4869998693e-01,    3.4437999725e+00,    3.4869998693e-01,   -1.9814600237e-03,
    3.4979999065e-01,   -2.5315200910e-03,    3.4979999065e-01,    3.5614600182e+00,    3.4979999065e-01,   -1.9211899489e-03,
    3.5089999437e-01,   -3.5790100810e-04,    3.5089999437e-01,    3.6710600853e+00,    3.5089999437e-01,   -1.9449399551e-03,
    3.5199999809e-01,   -1.0623600101e-03,    3.5199999809e-01,    3.7774100304e+00,    3.5199999809e-01,   -1.6661400441e-03,
    3.5310000181e-01,   -3.7588200066e-03,    3.5310000181e-01,    3.8731200695e+00,    3.5310000181e-01,   -9.1345899273e-04,
    3.5420000553e-01,   -2.9368901160e-03,    3.5420000553e-01,    3.9800601006e+00,    3.5420000553e-01,   -2.8025999200e-04,
    3.5530000925e-01,   -2.4384499993e-03,    3.5530000925e-01,    4.0832700729e+00,    3.5530000925e-01,    4.3124399963e-04,
    3.5640001297e-01,   -1.8736900529e-03,    3.5640001297e-01,    4.1745901108e+00,    3.5640001297e-01,    2.1891200449e-03,
    3.5749998689e-01,   -4.0665701963e-03,    3.5749998689e-01,    4.2580699921e+00,    3.5749998689e-01,    4.1052601300e-03,
    3.5859999061e-01,   -3.7503300700e-03,    3.5859999061e-01,    4.3251700401e+00,    3.5859999061e-01,    6.1419000849e-03,
    3.5969999433e-01,   -2.5886599906e-03,    3.5969999433e-01,    4.3964400291e+00,    3.5969999433e-01,    7.9267695546e-03,
    3.6079999804e-01,   -3.3198199235e-03,    3.6079999804e-01,    4.4659600258e+00,    3.6079999804e-01,    8.8985897601e-03,
    3.6190000176e-01,   -3.8801101036e-03,    3.6190000176e-01,    4.5564999580e+00,    3.6190000176e-01,    1.0001599789e-02,
    3.6300000548e-01,   -4.3606800027e-03,    3.6300000548e-01,    4.6280398369e+00,    3.6300000548e-01,    9.9565098062e-03,
    3.6410000920e-01,   -5.1049701869e-03,    3.6410000920e-01,    4.7310600281e+00,    3.6410000920e-01,    8.6531704292e-03,
    3.6520001292e-01,   -4.6074301936e-03,    3.6520001292e-01,    4.8432002068e+00,    3.6520001292e-01,    8.2937795669e-03,
    3.6629998684e-01,   -5.4631801322e-03,    3.6629998684e-01,    4.9558100700e+00,    3.6629998684e-01,    8.3929002285e-03,
    3.6739999056e-01,   -4.7017401084e-03,    3.6739999056e-01,    5.0725898743e+00,    3.6739999056e-01,    8.1382002681e-03,
    3.6849999428e-01,   -5.5535100400e-03,    3.6849999428e-01,    5.1766600609e+00,    3.6849999428e-01,    7.8004901297e-03,
    3.6959999800e-01,   -5.3575797938e-03,    3.6959999800e-01,    5.2719202042e+00,    3.6959999800e-01,    6.9528399035e-03,
    3.7070000172e-01,   -5.1765898243e-03,    3.7070000172e-01,    5.3431000710e+00,    3.7070000172e-01,    5.0788400695e-03,
    3.7180000544e-01,   -6.7105200142e-03,    3.7180000544e-01,    5.4079899788e+00,    3.7180000544e-01,    2.1940600127e-03,
    3.7290000916e-01,   -6.2143299729e-03,    3.7290000916e-01,    5.4429798126e+00,    3.7290000916e-01,    1.9680599507e-04,
    3.7400001287e-01,   -6.8486798555e-03,    3.7400001287e-01,    5.4780502319e+00,    3.7400001287e-01,   -1.6123099485e-03,
    3.7509998679e-01,   -6.8781101145e-03,    3.7509998679e-01,    5.5079698563e+00,    3.7509998679e-01,   -3.7750999909e-03,
    3.7619999051e-01,   -5.3118402138e-03,    3.7619999051e-01,    5.5423498154e+00,    3.7619999051e-01,   -6.9285901263e-03,
    3.7729999423e-01,   -3.4827101044e-03,    3.7729999423e-01,    5.5621800423e+00,    3.7729999423e-01,   -9.7431903705e-03,
    3.7839999795e-01,   -4.9260901287e-03,    3.7839999795e-01,    5.5495901108e+00,    3.7839999795e-01,   -1.2465699576e-02,
    3.7950000167e-01,   -3.1400998705e-04,    3.7950000167e-01,    5.5457801819e+00,    3.7950000167e-01,   -1.3508600183e-02,
    3.8060000539e-01,    2.2789700597e-04,    3.8060000539e-01,    5.5363402367e+00,    3.8060000539e-01,   -1.3736500405e-02,
    3.8170000911e-01,    2.3681900930e-03,    3.8170000911e-01,    5.5268602371e+00,    3.8170000911e-01,   -1.4077300206e-02,
    3.8280001283e-01,    5.3366702050e-03,    3.8280001283e-01,    5.5184397697e+00,    3.8280001283e-01,   -1.2869399972e-02,
    3.8389998674e-01,    3.3820099197e-03,    3.8389998674e-01,    5.5024700165e+00,    3.8389998674e-01,   -9.5705799758e-03,
    3.8499999046e-01,    5.9081399813e-03,    3.8499999046e-01,    5.5005998611e+00,    3.8499999046e-01,   -1.0014000349e-02,
    3.8609999418e-01,    4.3526599184e-03,    3.8609999418e-01,    5.4970002174e+00,    3.8609999418e-01,   -8.9553100988e-03,
    3.8719999790e-01,    4.6601397917e-03,    3.8719999790e-01,    5.5059700012e+00,    3.8719999790e-01,   -8.6918296292e-03,
    3.8830000162e-01,    2.7587700170e-03,    3.8830000162e-01,    5.5208301544e+00,    3.8830000162e-01,   -6.6142701544e-03,
    3.8940000534e-01,    1.9893799908e-03,    3.8940000534e-01,    5.5523099899e+00,    3.8940000534e-01,   -5.5128801614e-03,
    3.9050000906e-01,    3.5132800695e-03,    3.9050000906e-01,    5.5798301697e+00,    3.9050000906e-01,   -4.3770000339e-03,
    3.9160001278e-01,    9.7316103056e-03,    3.9160001278e-01,    5.6044898033e+00,    3.9160001278e-01,   -6.2893601134e-03,
    3.9269998670e-01,    1.0229799896e-02,    3.9269998670e-01,    5.6297798157e+00,    3.9269998670e-01,   -7.9386504367e-03,
    3.9379999042e-01,    9.3551799655e-03,    3.9379999042e-01,    5.6490898132e+00,    3.9379999042e-01,   -1.1635500006e-02,
    3.9489999413e-01,    1.0068099946e-02,    3.9489999413e-01,    5.6947197914e+00,    3.9489999413e-01,   -1.1752099730e-02,
    3.9599999785e-01,    9.0976096690e-03,    3.9599999785e-01,    5.7516198158e+00,    3.9599999785e-01,   -1.2385999784e-02,
    3.9710000157e-01,    1.1141699739e-02,    3.9710000157e-01,    5.8161501884e+00,    3.9710000157e-01,   -1.1406299658e-02,
    3.9820000529e-01,    8.3598401397e-03,    3.9820000529e-01,    5.8844299316e+00,    3.9820000529e-01,   -1.1535099708e-02,
    3.9930000901e-01,    9.8271695897e-03,    3.9930000901e-01,    5.9566001892e+00,    3.9930000901e-01,   -1.1048899963e-02,
    4.0040001273e-01,    9.2763695866e-03,    4.0040001273e-01,    6.0235700607e+00,    4.0040001273e-01,   -1.0878999718e-02,
    4.0149998665e-01,    1.1691000313e-02,    4.0149998665e-01,    6.0950999260e+00,    4.0149998665e-01,   -1.1138699949e-02,
    4.0259999037e-01,    1.3824899681e-02,    4.0259999037e-01,    6.1697402000e+00,    4.0259999037e-01,   -1.0478500277e-02,
    4.0369999409e-01,    1.3781700283e-02,    4.0369999409e-01,    6.2621998787e+00,    4.0369999409e-01,   -9.6340999007e-03,
    4.0479999781e-01,    1.7035599798e-02,    4.0479999781e-01,    6.3645100594e+00,    4.0479999781e-01,   -8.5708899423e-03,
    4.0590000153e-01,    1.5670899302e-02,    4.0590000153e-01,    6.4628801346e+00,    4.0590000153e-01,   -7.4450802058e-03,
    4.0700000525e-01,    1.5335699543e-02,    4.0700000525e-01,    6.5683097839e+00,    4.0700000525e-01,   -8.7836803868e-03,
    4.0810000896e-01,    1.6909299418e-02,    4.0810000896e-01,    6.6761298180e+00,    4.0810000896e-01,   -7.6450998895e-03,
    4.0920001268e-01,    1.3244199567e-02,    4.0920001268e-01,    6.7913398743e+00,    4.0920001268e-01,   -6.3735297881e-03,
    4.1029998660e-01,    1.6402399167e-02,    4.1029998660e-01,    6.9229001999e+00,    4.1029998660e-01,   -7.0253298618e-03,
    4.1139999032e-01,    2.0234199241e-02,    4.1139999032e-01,    7.0788002014e+00,    4.1139999032e-01,   -5.7136998512e-03,
    4.1249999404e-01,    1.3091599569e-02,    4.1249999404e-01,    7.1847400665e+00,    4.1249999404e-01,   -6.7321201786e-03,
    4.1359999776e-01,    1.4492100105e-02,    4.1359999776e-01,    7.2533497810e+00,    4.1359999776e-01,   -6.6967699677e-03,
    4.1470000148e-01,    1.4567799866e-02,    4.1470000148e-01,    7.3380999565e+00,    4.1470000148e-01,   -3.3335399348e-03,
    4.1580000520e-01,    1.4175600372e-02,    4.1580000520e-01,    7.4285001755e+00,    4.1580000520e-01,   -4.0096300654e-03,
    4.1690000892e-01,    1.4715099707e-02,    4.1690000892e-01,    7.5194501877e+00,    4.1690000892e-01,   -4.8575298861e-03,
    4.1800001264e-01,    1.3962799683e-02,    4.1800001264e-01,    7.6151299477e+00,    4.1800001264e-01,   -2.9445700347e-03,
    4.1909998655e-01,    1.6649300233e-02,    4.1909998655e-01,    7.7114901543e+00,    4.1909998655e-01,   -4.0068998933e-03,
    4.2019999027e-01,    1.6814999282e-02,    4.2019999027e-01,    7.8097200394e+00,    4.2019999027e-01,   -4.0123001672e-03,
    4.2129999399e-01,    1.9136799499e-02,    4.2129999399e-01,    7.8926200867e+00,    4.2129999399e-01,   -3.0352300964e-03,
    4.2239999771e-01,    1.8694199622e-02,    4.2239999771e-01,    7.9608201981e+00,    4.2239999771e-01,   -4.3742000707e-04,
    4.2350000143e-01,    1.0540699586e-02,    4.2350000143e-01,    7.9885401726e+00,    4.2350000143e-01,    6.3242400065e-03,
    4.2460000515e-01,    3.4639500082e-02,    4.2460000515e-01,    7.9496798515e+00,    4.2460000515e-01,    1.5748800710e-02,
    4.2570000887e-01,    2.8394099325e-02,    4.2570000887e-01,    7.8955202103e+00,    4.2570000887e-01,    1.8209500238e-02,
    4.2680001259e-01,    2.7845600620e-02,    4.2680001259e-01,    7.8633098602e+00,    4.2680001259e-01,    2.3578599095e-02,
    4.2789998651e-01,    3.8837600499e-02,    4.2789998651e-01,    7.8327999115e+00,    4.2789998651e-01,    2.6441799477e-02,
    4.2899999022e-01,    2.9916999862e-02,    4.2899999022e-01,    7.8261198997e+00,    4.2899999022e-01,    2.7456499636e-02,
    4.3009999394e-01,    3.5041101277e-02,    4.3009999394e-01,    7.8152198792e+00,    4.3009999394e-01,    2.7250299230e-02,
    4.3119999766e-01,    3.6166898906e-02,    4.3119999766e-01,    7.7990398407e+00,    4.3119999766e-01,    2.3897899315e-02,
    4.3230000138e-01,    3.6953099072e-02,    4.3230000138e-01,    7.8266601563e+00,    4.3230000138e-01,    2.1301299334e-02,
    4.3340000510e-01,    3.9489898831e-02,    4.3340000510e-01,    7.8634600639e+00,    4.3340000510e-01,    1.4525200240e-02,
    4.3450000882e-01,    4.1866701096e-02,    4.3450000882e-01,    7.9067101479e+00,    4.3450000882e-01,    1.0428800248e-02,
    4.3560001254e-01,    4.5049399137e-02,    4.3560001254e-01,    7.9484300613e+00,    4.3560001254e-01,    7.9425796866e-03,
    4.3669998646e-01,    5.1670398563e-02,    4.3669998646e-01,    8.0050802231e+00,    4.3669998646e-01,    4.1322098114e-03,
    4.3779999018e-01,    5.3346201777e-02,    4.3779999018e-01,    8.0676603317e+00,    4.3779999018e-01,    1.3200599933e-03,
    4.3889999390e-01,    5.5193699896e-02,    4.3889999390e-01,    8.1408901215e+00,    4.3889999390e-01,   -1.9967299886e-03,
    4.3999999762e-01,    5.0831999630e-02,    4.3999999762e-01,    8.2081003189e+00,    4.3999999762e-01,   -2.9405900277e-03,
    4.4110000134e-01,    5.0318200141e-02,    4.4110000134e-01,    8.2866697311e+00,    4.4110000134e-01,   -4.2298901826e-03,
    4.4220000505e-01,    4.7241598368e-02,    4.4220000505e-01,    8.3704996109e+00,    4.4220000505e-01,   -7.1036601439e-03,
    4.4330000877e-01,    4.8408899456e-02,    4.4330000877e-01,    8.4665298462e+00,    4.4330000877e-01,   -7.7129402198e-03,
    4.4440001249e-01,    4.8499599099e-02,    4.4440001249e-01,    8.5622701645e+00,    4.4440001249e-01,   -7.8232502565e-03,
    4.4549998641e-01,    4.9066200852e-02,    4.4549998641e-01,    8.6442499161e+00,    4.4549998641e-01,   -7.5629698113e-03,
    4.4659999013e-01,    4.4491499662e-02,    4.4659999013e-01,    8.7285699844e+00,    4.4659999013e-01,   -1.1079699732e-02,
    4.4769999385e-01,    4.7455698252e-02,    4.4769999385e-01,    8.8102798462e+00,    4.4769999385e-01,   -1.2898400426e-02,
    4.4879999757e-01,    4.9471601844e-02,    4.4879999757e-01,    8.8800497055e+00,    4.4879999757e-01,   -1.3195299543e-02,
    4.4990000129e-01,    4.3926298618e-02,    4.4990000129e-01,    8.9685497284e+00,    4.4990000129e-01,   -1.2284600176e-02,
    4.5100000501e-01,    4.5837499201e-02,    4.5100000501e-01,    9.0554704666e+00,    4.5100000501e-01,   -1.0468100198e-02,
    4.5210000873e-01,    4.5606099069e-02,    4.5210000873e-01,    9.1365003586e+00,    4.5210000873e-01,   -7.5509599410e-03,
    4.5320001245e-01,    4.8229500651e-02,    4.5320001245e-01,    9.2184600830e+00,    4.5320001245e-01,   -5.0252699293e-03,
    4.5429998636e-01,    4.8229899257e-02,    4.5429998636e-01,    9.2960996628e+00,    4.5429998636e-01,   -2.7218700852e-03,
    4.5539999008e-01,    4.7883000225e-02,    4.5539999008e-01,    9.3654203415e+00,    4.5539999008e-01,   -1.9268300384e-03,
    4.5649999380e-01,    4.5127999038e-02,    4.5649999380e-01,    9.4518003464e+00,    4.5649999380e-01,   -1.4731299598e-03,
    4.5759999752e-01,    4.5204199851e-02,    4.5759999752e-01,    9.5324897766e+00,    4.5759999752e-01,   -1.0535699548e-03,
    4.5870000124e-01,    4.7220900655e-02,    4.5870000124e-01,    9.6124000549e+00,    4.5870000124e-01,   -1.0477800388e-03,
    4.5980000496e-01,    4.9088198692e-02,    4.5980000496e-01,    9.6864404678e+00,    4.5980000496e-01,   -1.6880000476e-03,
    4.6090000868e-01,    5.1469899714e-02,    4.6090000868e-01,    9.7626199722e+00,    4.6090000868e-01,   -2.2382501047e-03,
    4.6200001240e-01,    5.3807500750e-02,    4.6200001240e-01,    9.8500404358e+00,    4.6200001240e-01,   -4.9222800881e-03,
    4.6309998631e-01,    5.2845899016e-02,    4.6309998631e-01,    9.9183597565e+00,    4.6309998631e-01,   -6.2381499447e-03,
    4.6419999003e-01,    5.8959800750e-02,    4.6419999003e-01,    9.9853296280e+00,    4.6419999003e-01,   -7.2211599909e-03,
    4.6529999375e-01,    5.4323200136e-02,    4.6529999375e-01,    1.0044699669e+01,    4.6529999375e-01,   -7.0117400028e-03,
    4.6639999747e-01,    5.7417001575e-02,    4.6639999747e-01,    1.0084500313e+01,    4.6639999747e-01,   -1.6846100334e-03,
    4.6750000119e-01,    5.6457001716e-02,    4.6750000119e-01,    1.0127900124e+01,    4.6750000119e-01,    1.5474499669e-03,
    4.6860000491e-01,    5.6737199426e-02,    4.6860000491e-01,    1.0174699783e+01,    4.6860000491e-01,    6.1318399385e-03,
    4.6970000863e-01,    5.5591300130e-02,    4.6970000863e-01,    1.0210800171e+01,    4.6970000863e-01,    5.0820899196e-03,
    4.7080001235e-01,    5.1340900362e-02,    4.7080001235e-01,    1.0228300095e+01,    4.7080001235e-01,    6.6287699156e-03,
    4.7189998627e-01,    3.9900500327e-02,    4.7189998627e-01,    1.0261400223e+01,    4.7189998627e-01,    1.2540100142e-02,
    4.7299998999e-01,    4.3590098619e-02,    4.7299998999e-01,    1.0343199730e+01,    4.7299998999e-01,    1.2659500353e-02,
    4.7409999371e-01,    3.8821201771e-02,    4.7409999371e-01,    1.0420100212e+01,    4.7409999371e-01,    7.1990699507e-03,
    4.7519999743e-01,    4.7821901739e-02,    4.7519999743e-01,    1.0476699829e+01,    4.7519999743e-01,    5.5296598002e-03,
    4.7630000114e-01,    4.4192299247e-02,    4.7630000114e-01,    1.0524299622e+01,    4.7630000114e-01,    3.7634100299e-03,
    4.7740000486e-01,    3.0851200223e-02,    4.7740000486e-01,    1.0599300385e+01,    4.7740000486e-01,    2.8970399871e-03,
    4.7850000858e-01,    3.6989398301e-02,    4.7850000858e-01,    1.0667900085e+01,    4.7850000858e-01,    1.1004100088e-03,
    4.7960001230e-01,    3.0837899074e-02,    4.7960001230e-01,    1.0731499672e+01,    4.7960001230e-01,    3.8943800610e-03,
    4.8069998622e-01,    3.4802298993e-02,    4.8069998622e-01,    1.0800000191e+01,    4.8069998622e-01,   -2.6770698605e-04,
    4.8179998994e-01,    2.7339199558e-02,    4.8179998994e-01,    1.0880100250e+01,    4.8179998994e-01,    7.8457500786e-04,
    4.8289999366e-01,    2.4973100051e-02,    4.8289999366e-01,    1.0977600098e+01,    4.8289999366e-01,   -1.1301400373e-03,
    4.8399999738e-01,    2.0065799356e-02,    4.8399999738e-01,    1.1076100349e+01,    4.8399999738e-01,   -3.1019900925e-03,
    4.8510000110e-01,    2.8374200687e-02,    4.8510000110e-01,    1.1226499557e+01,    4.8510000110e-01,    4.4655599049e-04,
    4.8620000482e-01,    5.0911098719e-02,    4.8620000482e-01,    1.1384200096e+01,    4.8620000482e-01,   -3.3547799103e-03,
    4.8730000854e-01,    3.7168301642e-02,    4.8730000854e-01,    1.1474399567e+01,    4.8730000854e-01,    4.8803701065e-04,
    4.8840001225e-01,    3.9306100458e-02,    4.8840001225e-01,    1.1587900162e+01,    4.8840001225e-01,   -4.7104200348e-04,
    4.8949998617e-01,    3.0113000423e-02,    4.8949998617e-01,    1.1718199730e+01,    4.8949998617e-01,   -1.9046900561e-03,
    4.9059998989e-01,    3.4339100122e-02,    4.9059998989e-01,    1.1855699539e+01,    4.9059998989e-01,   -1.4043799601e-03,
    4.9169999361e-01,    2.1910799667e-02,    4.9169999361e-01,    1.1967200279e+01,    4.9169999361e-01,   -6.3478201628e-03,
    4.9279999733e-01,    1.8743399531e-02,    4.9279999733e-01,    1.2107600212e+01,    4.9279999733e-01,   -2.1902199369e-03,
    4.9390000105e-01,    2.0965699106e-02,    4.9390000105e-01,    1.2225999832e+01,    4.9390000105e-01,   -1.1220400222e-02,
    4.9500000477e-01,    1.2433599681e-02,    4.9500000477e-01,    1.2359199524e+01,    4.9500000477e-01,   -1.0802200064e-02,
    4.9610000849e-01,    1.7132900655e-02,    4.9610000849e-01,    1.2455599785e+01,    4.9610000849e-01,   -1.0658900253e-02,
    4.9720001221e-01,    1.6004100442e-02,    4.9720001221e-01,    1.2546899796e+01,    4.9720001221e-01,   -1.2618700042e-02,
    4.9829998612e-01,    2.5523999706e-02,    4.9829998612e-01,    1.2642000198e+01,    4.9829998612e-01,   -1.5120600350e-02,
    4.9939998984e-01,    2.1063800901e-02,    4.9939998984e-01,    1.2740300179e+01,    4.9939998984e-01,   -1.6236500815e-02,
    5.0050002337e-01,    1.6316900030e-02,    5.0050002337e-01,    1.2843400002e+01,    5.0050002337e-01,   -2.0344700664e-02,
    5.0160002708e-01,    8.7240701541e-03,    5.0160002708e-01,    1.2937800407e+01,    5.0160002708e-01,   -2.4118900299e-02,
    5.0269997120e-01,    1.1235100217e-02,    5.0269997120e-01,    1.3038299561e+01,    5.0269997120e-01,   -2.4146599695e-02,
    5.0379997492e-01,    6.1669098213e-03,    5.0379997492e-01,    1.3176799774e+01,    5.0379997492e-01,   -2.2941300645e-02,
    5.0489997864e-01,    8.2649895921e-03,    5.0489997864e-01,    1.3274800301e+01,    5.0489997864e-01,   -2.1883599460e-02,
    5.0599998236e-01,   -2.9155800585e-03,    5.0599998236e-01,    1.3385199547e+01,    5.0599998236e-01,   -2.2165900096e-02,
    5.0709998608e-01,   -3.8199499249e-03,    5.0709998608e-01,    1.3548999786e+01,    5.0709998608e-01,   -2.1808700636e-02,
    5.0819998980e-01,   -5.8182599023e-03,    5.0819998980e-01,    1.3703200340e+01,    5.0819998980e-01,   -2.5352800265e-02,
    5.0929999352e-01,    3.5531299654e-03,    5.0929999352e-01,    1.3859399796e+01,    5.0929999352e-01,   -2.4087900296e-02,
    5.1039999723e-01,   -3.1749100890e-03,    5.1039999723e-01,    1.4011699677e+01,    5.1039999723e-01,   -2.5150299072e-02,
    5.1150000095e-01,   -5.0118500367e-03,    5.1150000095e-01,    1.4186200142e+01,    5.1150000095e-01,   -1.8749399111e-02,
    5.1260000467e-01,   -8.5768802091e-03,    5.1260000467e-01,    1.4344900131e+01,    5.1260000467e-01,   -2.0135799423e-02,
    5.1370000839e-01,   -2.5592099410e-03,    5.1370000839e-01,    1.4510800362e+01,    5.1370000839e-01,   -1.2384399772e-02,
    5.1480001211e-01,    2.7973200195e-03,    5.1480001211e-01,    1.4657799721e+01,    5.1480001211e-01,   -1.0479000397e-02,
    5.1590001583e-01,    1.6896700254e-03,    5.1590001583e-01,    1.4770199776e+01,    5.1590001583e-01,   -1.0412800126e-02,
    5.1700001955e-01,    7.7035701834e-03,    5.1700001955e-01,    1.4850799561e+01,    5.1700001955e-01,   -1.1858600192e-02,
    5.1810002327e-01,    6.5083098598e-03,    5.1810002327e-01,    1.4926500320e+01,    5.1810002327e-01,   -1.0946200229e-02,
    5.1920002699e-01,    8.6458204314e-03,    5.1920002699e-01,    1.5007399559e+01,    5.1920002699e-01,   -9.8714698106e-03,
    5.2029997110e-01,    1.4916700311e-02,    5.2029997110e-01,    1.5091300011e+01,    5.2029997110e-01,   -1.0973799974e-02,
    5.2139997482e-01,    1.0432399809e-02,    5.2139997482e-01,    1.5177499771e+01,    5.2139997482e-01,   -1.3545400463e-02,
    5.2249997854e-01,    1.4524499886e-02,    5.2249997854e-01,    1.5250200272e+01,    5.2249997854e-01,   -9.5763001591e-03,
    5.2359998226e-01,    1.6142800450e-02,    5.2359998226e-01,    1.5329799652e+01,    5.2359998226e-01,   -1.3284699991e-02,
    5.2469998598e-01,    1.5903400257e-02,    5.2469998598e-01,    1.5402000427e+01,    5.2469998598e-01,   -1.8820799887e-02,
    5.2579998970e-01,    1.4379099943e-02,    5.2579998970e-01,    1.5506999969e+01,    5.2579998970e-01,   -2.0824400708e-02,
    5.2689999342e-01,    3.4859698266e-02,    5.2689999342e-01,    1.5593700409e+01,    5.2689999342e-01,   -2.0594900474e-02,
    5.2799999714e-01,    2.3907700554e-02,    5.2799999714e-01,    1.5685000420e+01,    5.2799999714e-01,   -2.1151399240e-02,
    5.2910000086e-01,    3.0472900718e-02,    5.2910000086e-01,    1.5765099525e+01,    5.2910000086e-01,   -2.4009700865e-02,
    5.3020000458e-01,    1.0470500216e-02,    5.3020000458e-01,    1.5838299751e+01,    5.3020000458e-01,   -1.3020199724e-02,
    5.3130000830e-01,    1.8101000460e-03,    5.3130000830e-01,    1.5880900383e+01,    5.3130000830e-01,   -2.0064800046e-03,
    5.3240001202e-01,   -2.3749000393e-03,    5.3240001202e-01,    1.5947299957e+01,    5.3240001202e-01,   -4.9440898001e-03,
    5.3350001574e-01,   -2.1295500919e-02,    5.3350001574e-01,    1.6012500763e+01,    5.3350001574e-01,   -6.9948597811e-03,
    5.3460001945e-01,   -2.0486600697e-02,    5.3460001945e-01,    1.6066099167e+01,    5.3460001945e-01,   -8.2526495680e-03,
    5.3570002317e-01,   -1.3226999901e-02,    5.3570002317e-01,    1.6173400879e+01,    5.3570002317e-01,   -8.7393196300e-03,
    5.3680002689e-01,   -1.0559099726e-02,    5.3680002689e-01,    1.6269699097e+01,    5.3680002689e-01,   -4.2642499320e-03,
    5.3789997101e-01,   -1.0491100140e-02,    5.3789997101e-01,    1.6365499496e+01,    5.3789997101e-01,   -1.0504500009e-02,
    5.3899997473e-01,   -1.2477000244e-02,    5.3899997473e-01,    1.6469100952e+01,    5.3899997473e-01,   -9.6464296803e-03,
    5.4009997845e-01,    1.1295700446e-02,    5.4009997845e-01,    1.6543800354e+01,    5.4009997845e-01,   -1.0715399869e-02,
    5.4119998217e-01,    1.0128200054e-02,    5.4119998217e-01,    1.6639999390e+01,    5.4119998217e-01,   -1.2571199797e-02,
    5.4229998589e-01,   -8.2977600396e-03,    5.4229998589e-01,    1.6705499649e+01,    5.4229998589e-01,   -1.0033099912e-02,
    5.4339998960e-01,   -2.2961199284e-02,    5.4339998960e-01,    1.6764600754e+01,    5.4339998960e-01,   -1.3089999557e-02,
    5.4449999332e-01,   -2.6390099898e-02,    5.4449999332e-01,    1.6818799973e+01,    5.4449999332e-01,   -1.4491000213e-02,
    5.4559999704e-01,   -8.8679101318e-03,    5.4559999704e-01,    1.6929500580e+01,    5.4559999704e-01,   -2.2150199860e-02,
    5.4670000076e-01,   -1.1633899994e-02,    5.4670000076e-01,    1.7015600204e+01,    5.4670000076e-01,   -1.8649600446e-02,
    5.4780000448e-01,   -1.3084700331e-02,    5.4780000448e-01,    1.7098800659e+01,    5.4780000448e-01,   -1.3620300218e-02,
    5.4890000820e-01,   -5.4988898337e-03,    5.4890000820e-01,    1.7155099869e+01,    5.4890000820e-01,   -1.1081100442e-02,
    5.5000001192e-01,   -1.7227400094e-03,    5.5000001192e-01,    1.7207500458e+01,    5.5000001192e-01,   -8.2938298583e-03,
    5.5110001564e-01,   -6.2260800041e-03,    5.5110001564e-01,    1.7220600128e+01,    5.5110001564e-01,   -3.4766900353e-03,
    5.5220001936e-01,    4.1007398977e-05,    5.5220001936e-01,    1.7195800781e+01,    5.5220001936e-01,   -6.0880798846e-03,
    5.5330002308e-01,    3.0918600969e-03,    5.5330002308e-01,    1.7174200058e+01,    5.5330002308e-01,    1.8814499490e-03,
    5.5440002680e-01,    1.2274599867e-03,    5.5440002680e-01,    1.7164400101e+01,    5.5440002680e-01,   -1.6425399808e-03,
    5.5549997091e-01,    2.9624400195e-03,    5.5549997091e-01,    1.7141599655e+01,    5.5549997091e-01,    1.3130500447e-03,
    5.5659997463e-01,    1.6954699531e-03,    5.5659997463e-01,    1.7138799667e+01,    5.5659997463e-01,    1.7840500223e-03,
    5.5769997835e-01,   -8.0742500722e-03,    5.5769997835e-01,    1.7131799698e+01,    5.5769997835e-01,    3.6397199146e-03,
    5.5879998207e-01,   -7.9174302518e-03,    5.5879998207e-01,    1.7138099670e+01,    5.5879998207e-01,    4.2013297789e-03,
    5.5989998579e-01,   -5.3832801059e-03,    5.5989998579e-01,    1.7130899429e+01,    5.5989998579e-01,    7.2755301371e-03,
    5.6099998951e-01,   -1.4413699973e-03,    5.6099998951e-01,    1.7155700684e+01,    5.6099998951e-01,    2.0225199405e-03,
    5.6209999323e-01,   -8.0513199791e-03,    5.6209999323e-01,    1.7134899139e+01,    5.6209999323e-01,    3.7515300792e-03,
    5.6319999695e-01,    6.4938399009e-03,    5.6319999695e-01,    1.7076999664e+01,    5.6319999695e-01,   -2.2918800823e-03,
    5.6430000067e-01,    2.0053999033e-03,    5.6430000067e-01,    1.7081699371e+01,    5.6430000067e-01,   -1.1529800249e-03,
    5.6540000439e-01,   -1.0540300049e-02,    5.6540000439e-01,    1.7148199081e+01,    5.6540000439e-01,   -1.9219099777e-03,
    5.6650000811e-01,   -6.4620799385e-03,    5.6650000811e-01,    1.7213199615e+01,    5.6650000811e-01,   -5.0221798010e-03,
    5.6760001183e-01,    2.7606000658e-03,    5.6760001183e-01,    1.7248100281e+01,    5.6760001183e-01,   -7.0171197876e-03,
    5.6870001554e-01,    3.4491899423e-03,    5.6870001554e-01,    1.7275600433e+01,    5.6870001554e-01,   -9.5645897090e-03,
    5.6980001926e-01,    8.1586800516e-03,    5.6980001926e-01,    1.7296800613e+01,    5.6980001926e-01,   -1.0640500113e-02,
    5.7090002298e-01,   -1.3149700128e-02,    5.7090002298e-01,    1.7342300415e+01,    5.7090002298e-01,   -1.3190899976e-02,
    5.7200002670e-01,   -4.5239902101e-03,    5.7200002670e-01,    1.7446699142e+01,    5.7200002670e-01,   -9.6918400377e-03,
    5.7309997082e-01,   -2.4984299671e-03,    5.7309997082e-01,    1.7560800552e+01,    5.7309997082e-01,   -6.9267200306e-03,
    5.7419997454e-01,   -1.0194100440e-02,    5.7419997454e-01,    1.7693099976e+01,    5.7419997454e-01,   -4.9467398785e-03,
    5.7529997826e-01,   -1.7031200230e-02,    5.7529997826e-01,    1.7856500626e+01,    5.7529997826e-01,    2.4094299879e-03,
    5.7639998198e-01,   -7.0798299275e-03,    5.7639998198e-01,    1.8050699234e+01,    5.7639998198e-01,    2.0733999554e-03,
    5.7749998569e-01,   -9.5801595598e-03,    5.7749998569e-01,    1.8250400543e+01,    5.7749998569e-01,    2.9494999908e-03,
    5.7859998941e-01,   -2.0575100556e-02,    5.7859998941e-01,    1.8405000687e+01,    5.7859998941e-01,    6.1345798895e-03,
    5.7969999313e-01,   -1.9811300561e-02,    5.7969999313e-01,    1.8547199249e+01,    5.7969999313e-01,    7.6073398814e-03,
    5.8079999685e-01,   -2.5688899681e-02,    5.8079999685e-01,    1.8696100235e+01,    5.8079999685e-01,    9.4466097653e-03,
    5.8190000057e-01,   -1.7790000886e-02,    5.8190000057e-01,    1.8843599319e+01,    5.8190000057e-01,    9.1423299164e-03,
    5.8300000429e-01,   -1.0572800413e-02,    5.8300000429e-01,    1.9072500229e+01,    5.8300000429e-01,    1.2578099966e-02,
    5.8410000801e-01,   -9.3727195635e-03,    5.8410000801e-01,    1.9289699554e+01,    5.8410000801e-01,    1.5972599387e-02,
    5.8520001173e-01,   -1.0290799662e-02,    5.8520001173e-01,    1.9513200760e+01,    5.8520001173e-01,    1.7236599699e-02,
    5.8630001545e-01,   -8.5116102127e-04,    5.8630001545e-01,    1.9741100311e+01,    5.8630001545e-01,    1.5070400201e-02,
    5.8740001917e-01,   -1.1534399819e-03,    5.8740001917e-01,    1.9986600876e+01,    5.8740001917e-01,    1.0386399925e-02,
    5.8850002289e-01,   -8.6009298684e-05,    5.8850002289e-01,    2.0232000351e+01,    5.8850002289e-01,    1.1188399978e-02,
    5.8960002661e-01,   -8.6674997583e-03,    5.8960002661e-01,    2.0485099792e+01,    5.8960002661e-01,    1.9327199552e-03,
    5.9069997072e-01,   -2.4303700775e-02,    5.9069997072e-01,    2.0689100266e+01,    5.9069997072e-01,    7.1395601844e-04,
    5.9179997444e-01,   -9.7375400364e-03,    5.9179997444e-01,    2.0988300323e+01,    5.9179997444e-01,    3.2200398855e-03,
    5.9289997816e-01,   -1.3738499954e-02,    5.9289997816e-01,    2.1265100479e+01,    5.9289997816e-01,   -2.3972899653e-03,
    5.9399998188e-01,    1.6266999592e-04,    5.9399998188e-01,    2.1516500473e+01,    5.9399998188e-01,   -9.4539197162e-03,
    5.9509998560e-01,    9.2991003767e-03,    5.9509998560e-01,    2.1760799408e+01,    5.9509998560e-01,   -1.5311200172e-02,
    5.9619998932e-01,    8.9464802295e-03,    5.9619998932e-01,    2.1992500305e+01,    5.9619998932e-01,   -1.8487600610e-02,
    5.9729999304e-01,    1.7316700891e-02,    5.9729999304e-01,    2.2213899612e+01,    5.9729999304e-01,   -1.3064299710e-02,
    5.9839999676e-01,    1.8574399874e-02,    5.9839999676e-01,    2.2423200607e+01,    5.9839999676e-01,   -1.3811600395e-02,
    5.9950000048e-01,    1.8925800920e-02,    5.9950000048e-01,    2.2652399063e+01,    5.9950000048e-01,   -1.3676599599e-02,
    6.0060000420e-01,    2.0341999829e-02,    6.0060000420e-01,    2.2851400375e+01,    6.0060000420e-01,   -1.0940699838e-02,
    6.0170000792e-01,    2.1311599761e-02,    6.0170000792e-01,    2.3050800323e+01,    6.0170000792e-01,   -1.0584499687e-02,
    6.0280001163e-01,    2.1967800334e-02,    6.0280001163e-01,    2.3239400864e+01,    6.0280001163e-01,   -1.1530100368e-02,
    6.0390001535e-01,    2.7766700834e-02,    6.0390001535e-01,    2.3405500412e+01,    6.0390001535e-01,   -8.6761396378e-03,
    6.0500001907e-01,    3.8095101714e-02,    6.0500001907e-01,    2.3580799103e+01,    6.0500001907e-01,   -6.3461498357e-03,
    6.0610002279e-01,    4.5931998640e-02,    6.0610002279e-01,    2.3734399796e+01,    6.0610002279e-01,   -6.1189299449e-03,
    6.0720002651e-01,    4.3848201632e-02,    6.0720002651e-01,    2.3881200790e+01,    6.0720002651e-01,    3.2458698843e-03,
    6.0829997063e-01,    4.4487699866e-02,    6.0829997063e-01,    2.4044000626e+01,    6.0829997063e-01,    7.0714200847e-03,
    6.0939997435e-01,    4.9073100090e-02,    6.0939997435e-01,    2.4196599960e+01,    6.0939997435e-01,    1.1107100174e-02,
    6.1049997807e-01,    5.6064799428e-02,    6.1049997807e-01,    2.4362300873e+01,    6.1049997807e-01,    1.9032699987e-02,
    6.1159998178e-01,    6.1606600881e-02,    6.1159998178e-01,    2.4487699509e+01,    6.1159998178e-01,    1.5971399844e-02,
    6.1269998550e-01,    6.3760302961e-02,    6.1269998550e-01,    2.4548799515e+01,    6.1269998550e-01,    2.1132500842e-02,
    6.1379998922e-01,    6.2817201018e-02,    6.1379998922e-01,    2.4643199921e+01,    6.1379998922e-01,    2.3194599897e-02,
    6.1489999294e-01,    6.1589300632e-02,    6.1489999294e-01,    2.4713699341e+01,    6.1489999294e-01,    2.5812700391e-02,
    6.1599999666e-01,    6.6148996353e-02,    6.1599999666e-01,    2.4764499664e+01,    6.1599999666e-01,    2.0972099155e-02,
    6.1710000038e-01,    6.0639198869e-02,    6.1710000038e-01,    2.4779399872e+01,    6.1710000038e-01,    2.1875899285e-02,
    6.1820000410e-01,    4.6724300832e-02,    6.1820000410e-01,    2.4834699631e+01,    6.1820000410e-01,    2.3487500846e-02,
    6.1930000782e-01,    5.9165399522e-02,    6.1930000782e-01,    2.4895599365e+01,    6.1930000782e-01,    2.0861899480e-02,
    6.2040001154e-01,    3.9268199354e-02,    6.2040001154e-01,    2.4959600449e+01,    6.2040001154e-01,    2.1727899089e-02,
    6.2150001526e-01,    4.1286800057e-02,    6.2150001526e-01,    2.4957500458e+01,    6.2150001526e-01,    1.7963299528e-02,
    6.2260001898e-01,    4.6696599573e-02,    6.2260001898e-01,    2.4976299286e+01,    6.2260001898e-01,    1.9075399265e-02,
    6.2370002270e-01,    5.1252700388e-02,    6.2370002270e-01,    2.5003900528e+01,    6.2370002270e-01,    2.3255899549e-02,
    6.2480002642e-01,    4.8568900675e-02,    6.2480002642e-01,    2.5051200867e+01,    6.2480002642e-01,    1.5191099606e-02,
    6.2589997053e-01,    3.6550700665e-02,    6.2589997053e-01,    2.5108400345e+01,    6.2589997053e-01,    2.1141799167e-02,
    6.2699997425e-01,    3.0185999349e-02,    6.2699997425e-01,    2.5180000305e+01,    6.2699997425e-01,    3.4249998629e-02,
    6.2809997797e-01,    2.3427600041e-02,    6.2809997797e-01,    2.5267400742e+01,    6.2809997797e-01,    3.2492000610e-02,
    6.2919998169e-01,    1.2479599565e-02,    6.2919998169e-01,    2.5347099304e+01,    6.2919998169e-01,    2.9689999297e-02,
    6.3029998541e-01,    2.1619500592e-02,    6.3029998541e-01,    2.5470699310e+01,    6.3029998541e-01,    2.5438200682e-02,
    6.3139998913e-01,    1.2976399623e-02,    6.3139998913e-01,    2.5575199127e+01,    6.3139998913e-01,    2.2853100672e-02,
    6.3249999285e-01,    7.7983401716e-03,    6.3249999285e-01,    2.5688100815e+01,    6.3249999285e-01,    1.8743000925e-02,
    6.3359999657e-01,   -2.8959200718e-03,    6.3359999657e-01,    2.5788499832e+01,    6.3359999657e-01,    1.9474899396e-02,
    6.3470000029e-01,   -1.1659000069e-02,    6.3470000029e-01,    2.5891000748e+01,    6.3470000029e-01,    2.1881999448e-02,
    6.3580000401e-01,   -1.9468199462e-02,    6.3580000401e-01,    2.5964300156e+01,    6.3580000401e-01,    1.8789300695e-02,
    6.3690000772e-01,   -2.5959100574e-02,    6.3690000772e-01,    2.6044300079e+01,    6.3690000772e-01,    1.8304200843e-02,
    6.3800001144e-01,   -2.7101099491e-02,    6.3800001144e-01,    2.6166400909e+01,    6.3800001144e-01,    2.2189199924e-02,
    6.3910001516e-01,   -4.2343299836e-02,    6.3910001516e-01,    2.6285800934e+01,    6.3910001516e-01,    2.7559399605e-02,
    6.4020001888e-01,   -5.5695600808e-02,    6.4020001888e-01,    2.6383399963e+01,    6.4020001888e-01,    3.6890301853e-02,
    6.4130002260e-01,   -5.9918899089e-02,    6.4130002260e-01,    2.6470699310e+01,    6.4130002260e-01,    4.1945200413e-02,
    6.4240002632e-01,   -6.7215502262e-02,    6.4240002632e-01,    2.6530399323e+01,    6.4240002632e-01,    4.8555500805e-02,
    6.4349997044e-01,   -7.3028102517e-02,    6.4349997044e-01,    2.6572200775e+01,    6.4349997044e-01,    5.0308201462e-02,
    6.4459997416e-01,   -7.6955601573e-02,    6.4459997416e-01,    2.6620399475e+01,    6.4459997416e-01,    5.3923100233e-02,
    6.4569997787e-01,   -8.5377298295e-02,    6.4569997787e-01,    2.6642900467e+01,    6.4569997787e-01,    6.3234500587e-02,
    6.4679998159e-01,   -8.0747902393e-02,    6.4679998159e-01,    2.6658700943e+01,    6.4679998159e-01,    5.6330200285e-02,
    6.4789998531e-01,   -9.8698496819e-02,    6.4789998531e-01,    2.6633899689e+01,    6.4789998531e-01,    5.8603998274e-02,
    6.4899998903e-01,   -1.0650599748e-01,    6.4899998903e-01,    2.6633600235e+01,    6.4899998903e-01,    5.3654100746e-02,
    6.5009999275e-01,   -1.2011700124e-01,    6.5009999275e-01,    2.6597299576e+01,    6.5009999275e-01,    4.8139698803e-02,
    6.5119999647e-01,   -1.3590499759e-01,    6.5119999647e-01,    2.6572500229e+01,    6.5119999647e-01,    5.5842898786e-02,
    6.5230000019e-01,   -1.6589300334e-01,    6.5230000019e-01,    2.6550100327e+01,    6.5230000019e-01,    5.7585701346e-02,
    6.5340000391e-01,   -1.6536100209e-01,    6.5340000391e-01,    2.6572599411e+01,    6.5340000391e-01,    4.9431201071e-02,
    6.5450000763e-01,   -1.8609200418e-01,    6.5450000763e-01,    2.6564100266e+01,    6.5450000763e-01,    4.1140399873e-02,
    6.5560001135e-01,   -1.7216800153e-01,    6.5560001135e-01,    2.6554199219e+01,    6.5560001135e-01,    3.8544300944e-02,
    6.5670001507e-01,   -1.6535900533e-01,    6.5670001507e-01,    2.6563699722e+01,    6.5670001507e-01,    3.6633301526e-02,
    6.5780001879e-01,   -1.5384200215e-01,    6.5780001879e-01,    2.6602899551e+01,    6.5780001879e-01,    4.7086801380e-02,
    6.5890002251e-01,   -1.4995799959e-01,    6.5890002251e-01,    2.6638700485e+01,    6.5890002251e-01,    4.5947801322e-02,
    6.6000002623e-01,   -1.5022100508e-01,    6.6000002623e-01,    2.6648199081e+01,    6.6000002623e-01,    4.1270900518e-02,
    6.6109997034e-01,   -1.3622300327e-01,    6.6109997034e-01,    2.6695400238e+01,    6.6109997034e-01,    5.6380998343e-02,
    6.6219997406e-01,   -1.3969500363e-01,    6.6219997406e-01,    2.6685400009e+01,    6.6219997406e-01,    5.6760698557e-02,
    6.6329997778e-01,   -1.3144899905e-01,    6.6329997778e-01,    2.6677200317e+01,    6.6329997778e-01,    5.7938601822e-02,
    6.6439998150e-01,   -1.2674500048e-01,    6.6439998150e-01,    2.6660499573e+01,    6.6439998150e-01,    5.4149799049e-02,
    6.6549998522e-01,   -1.2602299452e-01,    6.6549998522e-01,    2.6623300552e+01,    6.6549998522e-01,    4.8330999911e-02,
    6.6659998894e-01,   -1.4849199355e-01,    6.6659998894e-01,    2.6633100510e+01,    6.6659998894e-01,    5.8515001088e-02,
    6.6769999266e-01,   -1.5327699482e-01,    6.6769999266e-01,    2.6645399094e+01,    6.6769999266e-01,    5.5785600096e-02,
    6.6879999638e-01,   -1.5329599380e-01,    6.6879999638e-01,    2.6646900177e+01,    6.6879999638e-01,    6.8393602967e-02,
    6.6990000010e-01,   -1.5826599300e-01,    6.6990000010e-01,    2.6585699081e+01,    6.6990000010e-01,    6.5482199192e-02,
    6.7100000381e-01,   -1.6117599607e-01,    6.7100000381e-01,    2.6473300934e+01,    6.7100000381e-01,    6.5183103085e-02,
    6.7210000753e-01,   -1.7349199951e-01,    6.7210000753e-01,    2.6329700470e+01,    6.7210000753e-01,    6.9691002369e-02,
    6.7320001125e-01,   -1.9689099491e-01,    6.7320001125e-01,    2.6289600372e+01,    6.7320001125e-01,    6.0715999454e-02,
    6.7430001497e-01,   -1.9833000004e-01,    6.7430001497e-01,    2.6260799408e+01,    6.7430001497e-01,    6.0723301023e-02,
    6.7540001869e-01,   -1.5837700665e-01,    6.7540001869e-01,    2.6360399246e+01,    6.7540001869e-01,    6.4478099346e-02,
    6.7650002241e-01,   -1.6275000572e-01,    6.7650002241e-01,    2.6534400940e+01,    6.7650002241e-01,    4.2670398951e-02,
    6.7760002613e-01,   -1.6735400259e-01,    6.7760002613e-01,    2.6684000015e+01,    6.7760002613e-01,    3.1721100211e-02,
    6.7869997025e-01,   -1.6428300738e-01,    6.7869997025e-01,    2.6798999786e+01,    6.7869997025e-01,    2.7232199907e-02,
    6.7979997396e-01,   -1.8208099902e-01,    6.7979997396e-01,    2.6899499893e+01,    6.7979997396e-01,    1.5532299876e-02,
    6.8089997768e-01,   -1.9212399423e-01,    6.8089997768e-01,    2.7089099884e+01,    6.8089997768e-01,    1.4717199840e-02,
    6.8199998140e-01,   -1.9529099762e-01,    6.8199998140e-01,    2.7289300919e+01,    6.8199998140e-01,    1.8350300379e-03,
    6.8309998512e-01,   -1.7594300210e-01,    6.8309998512e-01,    2.7507600784e+01,    6.8309998512e-01,   -3.6574800033e-03,
    6.8419998884e-01,   -1.9665700197e-01,    6.8419998884e-01,    2.7712999344e+01,    6.8419998884e-01,   -2.2742201108e-03,
    6.8529999256e-01,   -2.1789799631e-01,    6.8529999256e-01,    2.8022300720e+01,    6.8529999256e-01,   -1.8921799958e-02,
    6.8639999628e-01,   -2.3044200242e-01,    6.8639999628e-01,    2.8304599762e+01,    6.8639999628e-01,   -2.5002200156e-02,
    6.8750000000e-01,   -2.3239000142e-01,    6.8750000000e-01,    2.8576900482e+01,    6.8750000000e-01,   -2.2579999641e-02,
    6.8860000372e-01,   -2.2644999623e-01,    6.8860000372e-01,    2.8838199615e+01,    6.8860000372e-01,   -2.2911500186e-02,
    6.8970000744e-01,   -1.8475000560e-01,    6.8970000744e-01,    2.9165199280e+01,    6.8970000744e-01,   -2.6688899845e-02,
    6.9080001116e-01,   -1.8534600735e-01,    6.9080001116e-01,    2.9471500397e+01,    6.9080001116e-01,   -3.3957801759e-02,
    6.9190001488e-01,   -1.8897099793e-01,    6.9190001488e-01,    2.9766099930e+01,    6.9190001488e-01,   -3.3658601344e-02,
    6.9300001860e-01,   -1.9934199750e-01,    6.9300001860e-01,    3.0017799377e+01,    6.9300001860e-01,   -2.5635700673e-02,
    6.9410002232e-01,   -2.0317700505e-01,    6.9410002232e-01,    3.0310899734e+01,    6.9410002232e-01,   -3.8374099880e-02,
    6.9520002604e-01,   -1.9969199598e-01,    6.9520002604e-01,    3.0571800232e+01,    6.9520002604e-01,   -3.1011899933e-02,
    6.9630002975e-01,   -1.9975200295e-01,    6.9630002975e-01,    3.0794300079e+01,    6.9630002975e-01,   -3.8206700236e-02,
    6.9739997387e-01,   -2.0437000692e-01,    6.9739997387e-01,    3.1012800217e+01,    6.9739997387e-01,   -3.5901799798e-02,
    6.9849997759e-01,   -2.1108199656e-01,    6.9849997759e-01,    3.1237699509e+01,    6.9849997759e-01,   -3.1906798482e-02,
    6.9959998131e-01,   -1.8752700090e-01,    6.9959998131e-01,    3.1484500885e+01,    6.9959998131e-01,   -1.8562700599e-02,
    7.0069998503e-01,   -1.7083899677e-01,    7.0069998503e-01,    3.1721799850e+01,    7.0069998503e-01,   -3.7827800959e-02,
    7.0179998875e-01,   -1.7912000418e-01,    7.0179998875e-01,    3.1982000351e+01,    7.0179998875e-01,   -2.8760699555e-02,
    7.0289999247e-01,   -1.8369799852e-01,    7.0289999247e-01,    3.2241600037e+01,    7.0289999247e-01,   -3.0552299693e-02,
    7.0399999619e-01,   -1.6801400483e-01,    7.0399999619e-01,    3.2502700806e+01,    7.0399999619e-01,   -3.3270999789e-02,
    7.0509999990e-01,   -1.5569500625e-01,    7.0509999990e-01,    3.2737400055e+01,    7.0509999990e-01,   -3.0093999580e-02,
    7.0620000362e-01,   -1.5137399733e-01,    7.0620000362e-01,    3.2974998474e+01,    7.0620000362e-01,   -3.9828401059e-02,
    7.0730000734e-01,   -1.3909199834e-01,    7.0730000734e-01,    3.3166900635e+01,    7.0730000734e-01,   -4.0705900639e-02,
    7.0840001106e-01,   -1.3704200089e-01,    7.0840001106e-01,    3.3304698944e+01,    7.0840001106e-01,   -4.2271699756e-02,
    7.0950001478e-01,   -1.3387599587e-01,    7.0950001478e-01,    3.3514301300e+01,    7.0950001478e-01,   -3.9271999151e-02,
    7.1060001850e-01,   -1.3231700659e-01,    7.1060001850e-01,    3.3703498840e+01,    7.1060001850e-01,   -3.3411599696e-02,
    7.1170002222e-01,   -1.3923799992e-01,    7.1170002222e-01,    3.3908699036e+01,    7.1170002222e-01,   -4.1420601308e-02,
    7.1280002594e-01,   -1.2808099389e-01,    7.1280002594e-01,    3.4087299347e+01,    7.1280002594e-01,   -4.1044399142e-02,
    7.1390002966e-01,   -1.2145800143e-01,    7.1390002966e-01,    3.4209098816e+01,    7.1390002966e-01,   -4.2185001075e-02,
    7.1499997377e-01,   -1.0246100277e-01,    7.1499997377e-01,    3.4381900787e+01,    7.1499997377e-01,   -3.7460699677e-02,
    7.1609997749e-01,   -1.1096800119e-01,    7.1609997749e-01,    3.4609100342e+01,    7.1609997749e-01,   -2.6157200336e-02,
    7.1719998121e-01,   -1.1695899814e-01,    7.1719998121e-01,    3.4791000366e+01,    7.1719998121e-01,   -1.7096500844e-02,
    7.1829998493e-01,   -1.3010700047e-01,    7.1829998493e-01,    3.4956401825e+01,    7.1829998493e-01,   -6.1955698766e-03,
    7.1939998865e-01,   -9.6713997424e-02,    7.1939998865e-01,    3.5108299255e+01,    7.1939998865e-01,   -1.5495000407e-02,
    7.2049999237e-01,   -5.4500501603e-02,    7.2049999237e-01,    3.5324401855e+01,    7.2049999237e-01,   -3.7786299363e-03,
    7.2159999609e-01,   -7.1725398302e-02,    7.2159999609e-01,    3.5553100586e+01,    7.2159999609e-01,    1.9412699621e-03,
    7.2269999981e-01,   -6.6733703017e-02,    7.2269999981e-01,    3.5807598114e+01,    7.2269999981e-01,    1.7866399139e-02,
    7.2380000353e-01,   -7.5072303414e-02,    7.2380000353e-01,    3.5995098114e+01,    7.2380000353e-01,    3.3408500254e-02,
    7.2490000725e-01,   -7.1842998266e-02,    7.2490000725e-01,    3.6244098663e+01,    7.2490000725e-01,    4.8037301749e-02,
    7.2600001097e-01,   -7.7058099210e-02,    7.2600001097e-01,    3.6470600128e+01,    7.2600001097e-01,    5.9186998755e-02,
    7.2710001469e-01,   -3.6740601063e-02,    7.2710001469e-01,    3.6537300110e+01,    7.2710001469e-01,    4.4985100627e-02,
    7.2820001841e-01,   -2.5068599731e-02,    7.2820001841e-01,    3.6731601715e+01,    7.2820001841e-01,    8.3577297628e-02,
    7.2930002213e-01,   -9.1358600184e-03,    7.2930002213e-01,    3.6965400696e+01,    7.2930002213e-01,    6.7205101252e-02,
    7.3040002584e-01,   -1.2500799494e-03,    7.3040002584e-01,    3.7261699677e+01,    7.3040002584e-01,    7.0033103228e-02,
    7.3150002956e-01,   -1.5942100435e-02,    7.3150002956e-01,    3.7600299835e+01,    7.3150002956e-01,    8.0717496574e-02,
    7.3259997368e-01,   -1.6320500523e-02,    7.3259997368e-01,    3.7846900940e+01,    7.3259997368e-01,    5.8320399374e-02,
    7.3369997740e-01,    5.5517200381e-03,    7.3369997740e-01,    3.8010501862e+01,    7.3369997740e-01,    7.7235400677e-02,
    7.3479998112e-01,   -4.0120300837e-03,    7.3479998112e-01,    3.8155700684e+01,    7.3479998112e-01,    7.4830196798e-02,
    7.3589998484e-01,    1.6264200211e-02,    7.3589998484e-01,    3.8170700073e+01,    7.3589998484e-01,    7.9752802849e-02,
    7.3699998856e-01,    2.1173700690e-02,    7.3699998856e-01,    3.8171798706e+01,    7.3699998856e-01,    9.8089203238e-02,
    7.3809999228e-01,    1.7849899828e-02,    7.3809999228e-01,    3.8409900665e+01,    7.3809999228e-01,    5.7209100574e-02,
    7.3919999599e-01,    3.2893300056e-02,    7.3919999599e-01,    3.8685199738e+01,    7.3919999599e-01,    6.4014703035e-02,
    7.4029999971e-01,    1.9359899685e-02,    7.4029999971e-01,    3.8774600983e+01,    7.4029999971e-01,    6.5796196461e-02,
    7.4140000343e-01,    1.1789700016e-02,    7.4140000343e-01,    3.8928600311e+01,    7.4140000343e-01,    5.0601400435e-02,
    7.4250000715e-01,    3.4610901028e-02,    7.4250000715e-01,    3.9055198669e+01,    7.4250000715e-01,    6.1837300658e-02,
    7.4360001087e-01,    3.8368001580e-02,    7.4360001087e-01,    3.9213798523e+01,    7.4360001087e-01,    4.5455999672e-02,
    7.4470001459e-01,    4.6847701073e-02,    7.4470001459e-01,    3.9366100311e+01,    7.4470001459e-01,    5.3758800030e-02,
    7.4580001831e-01,    5.3797498345e-02,    7.4580001831e-01,    3.9445598602e+01,    7.4580001831e-01,    4.5899301767e-02,
    7.4690002203e-01,    7.4537999928e-02,    7.4690002203e-01,    3.9513301849e+01,    7.4690002203e-01,    4.8086598516e-02,
    7.4800002575e-01,    1.1864499748e-01,    7.4800002575e-01,    3.9532501221e+01,    7.4800002575e-01,    4.4264700264e-02,
    7.4910002947e-01,    1.4071999490e-01,    7.4910002947e-01,    3.9532501221e+01,    7.4910002947e-01,    4.0398698300e-02,
    7.5019997358e-01,    1.5434600413e-01,    7.5019997358e-01,    3.9211101532e+01,    7.5019997358e-01,    4.1919801384e-02,
    7.5129997730e-01,    1.7629499733e-01,    7.5129997730e-01,    3.9121498108e+01,    7.5129997730e-01,    5.1143798977e-02,
    7.5239998102e-01,    2.0688900352e-01,    7.5239998102e-01,    3.9070301056e+01,    7.5239998102e-01,    2.6230299845e-02,
    7.5349998474e-01,    2.2972899675e-01,    7.5349998474e-01,    3.9058498383e+01,    7.5349998474e-01,    2.8585899621e-02,
    7.5459998846e-01,    2.5303098559e-01,    7.5459998846e-01,    3.8920600891e+01,    7.5459998846e-01,    1.9904000685e-02,
    7.5569999218e-01,    2.4696899951e-01,    7.5569999218e-01,    3.8945598602e+01,    7.5569999218e-01,    1.0342099704e-02,
    7.5679999590e-01,    1.6752499342e-01,    7.5679999590e-01,    3.9108600616e+01,    7.5679999590e-01,    1.9838800654e-02,
    7.5789999962e-01,    1.7645899951e-01,    7.5789999962e-01,    3.9212699890e+01,    7.5789999962e-01,    1.4394899830e-02,
    7.5900000334e-01,    1.7747299373e-01,    7.5900000334e-01,    3.9314399719e+01,    7.5900000334e-01,    2.1611100063e-02,
    7.6010000706e-01,    1.3891600072e-01,    7.6010000706e-01,    3.9236499786e+01,    7.6010000706e-01,    3.8931299932e-03,
    7.6120001078e-01,    1.8218800426e-01,    7.6120001078e-01,    3.9244098663e+01,    7.6120001078e-01,    6.7441398278e-03,
    7.6230001450e-01,    2.0291499794e-01,    7.6230001450e-01,    3.9257301331e+01,    7.6230001450e-01,    1.7762100324e-02,
    7.6340001822e-01,    2.0119599998e-01,    7.6340001822e-01,    3.9328399658e+01,    7.6340001822e-01,    1.0099999607e-02,
    7.6450002193e-01,    2.1469299495e-01,    7.6450002193e-01,    3.9136199951e+01,    7.6450002193e-01,    6.1313100159e-03,
    7.6560002565e-01,    2.9140299559e-01,    7.6560002565e-01,    3.8941799164e+01,    7.6560002565e-01,   -5.3367100190e-04,
    7.6670002937e-01,    1.9238699973e-01,    7.6670002937e-01,    3.8775299072e+01,    7.6670002937e-01,   -6.2578599900e-03,
    7.6779997349e-01,    2.1025100350e-01,    7.6779997349e-01,    3.8832199097e+01,    7.6779997349e-01,    1.0682799853e-02,
    7.6889997721e-01,    9.2862002552e-02,    7.6889997721e-01,    3.8921398163e+01,    7.6889997721e-01,   -1.3582699932e-02,
    7.6999998093e-01,    1.7103099823e-01,    7.6999998093e-01,    3.9084499359e+01,    7.6999998093e-01,   -3.2347001135e-02,
    7.7109998465e-01,    1.5726800263e-01,    7.7109998465e-01,    3.9114498138e+01,    7.7109998465e-01,   -2.4211300537e-02,
    7.7219998837e-01,    1.7307400703e-01,    7.7219998837e-01,    3.9245399475e+01,    7.7219998837e-01,   -3.3468600363e-02,
    7.7329999208e-01,    1.6345900297e-01,    7.7329999208e-01,    3.9610900879e+01,    7.7329999208e-01,   -3.7448000163e-02,
    7.7439999580e-01,    1.6650100052e-01,    7.7439999580e-01,    3.9840599060e+01,    7.7439999580e-01,   -6.7617103457e-02,
    7.7549999952e-01,    1.8645100296e-01,    7.7549999952e-01,    4.0115600586e+01,    7.7549999952e-01,   -7.8841798007e-02,
    7.7660000324e-01,    1.7886699736e-01,    7.7660000324e-01,    4.0234001160e+01,    7.7660000324e-01,   -9.1910302639e-02,
    7.7770000696e-01,    1.8212099373e-01,    7.7770000696e-01,    4.0401000977e+01,    7.7770000696e-01,   -1.1898999661e-01,
    7.7880001068e-01,    1.9070599973e-01,    7.7880001068e-01,    4.0463001251e+01,    7.7880001068e-01,   -1.0436899960e-01,
    7.7990001440e-01,    2.1016399562e-01,    7.7990001440e-01,    4.0633899689e+01,    7.7990001440e-01,   -1.2192299962e-01,
    7.8100001812e-01,    1.9602100551e-01,    7.8100001812e-01,    4.0720901489e+01,    7.8100001812e-01,   -1.1626999825e-01,
    7.8210002184e-01,    2.1057300270e-01,    7.8210002184e-01,    4.0770900726e+01,    7.8210002184e-01,   -1.2889100611e-01,
    7.8320002556e-01,    1.5560500324e-01,    7.8320002556e-01,    4.0776798248e+01,    7.8320002556e-01,   -1.4125999808e-01,
    7.8430002928e-01,    1.4636300504e-01,    7.8430002928e-01,    4.0582500458e+01,    7.8430002928e-01,   -1.5848000348e-01,
    7.8539997339e-01,    1.3487100601e-01,    7.8539997339e-01,    4.0638599396e+01,    7.8539997339e-01,   -1.5868000686e-01,
    7.8649997711e-01,    1.4006300271e-01,    7.8649997711e-01,    4.0513301849e+01,    7.8649997711e-01,   -1.5775099397e-01,
    7.8759998083e-01,    1.4289599657e-01,    7.8759998083e-01,    4.0553001404e+01,    7.8759998083e-01,   -1.6954199970e-01,
    7.8869998455e-01,    1.5721300244e-01,    7.8869998455e-01,    4.0517398834e+01,    7.8869998455e-01,   -1.6206899285e-01,
    7.8979998827e-01,    1.4390300214e-01,    7.8979998827e-01,    4.0546100616e+01,    7.8979998827e-01,   -1.7661200464e-01,
    7.9089999199e-01,    1.4617699385e-01,    7.9089999199e-01,    4.0631401062e+01,    7.9089999199e-01,   -1.7509099841e-01,
    7.9199999571e-01,    1.6726100445e-01,    7.9199999571e-01,    4.0571399689e+01,    7.9199999571e-01,   -1.7132300138e-01,
    7.9309999943e-01,    1.6915799677e-01,    7.9309999943e-01,    4.0606899261e+01,    7.9309999943e-01,   -1.8042500317e-01,
    7.9420000315e-01,    1.7809399962e-01,    7.9420000315e-01,    4.0476501465e+01,    7.9420000315e-01,   -1.6697099805e-01,
    7.9530000687e-01,    1.6590799391e-01,    7.9530000687e-01,    4.0497798920e+01,    7.9530000687e-01,   -1.6753700376e-01,
    7.9640001059e-01,    2.0065200329e-01,    7.9640001059e-01,    4.0288898468e+01,    7.9640001059e-01,   -1.6523599625e-01,
    7.9750001431e-01,    1.7024199665e-01,    7.9750001431e-01,    4.0418701172e+01,    7.9750001431e-01,   -1.6069200635e-01,
    7.9860001802e-01,    2.0230400562e-01,    7.9860001802e-01,    4.0383098602e+01,    7.9860001802e-01,   -1.5262199938e-01,
    7.9970002174e-01,    2.0556600392e-01,    7.9970002174e-01,    4.0587699890e+01,    7.9970002174e-01,   -1.5504300594e-01,
    8.0080002546e-01,    2.0500400662e-01,    8.0080002546e-01,    4.0596500397e+01,    8.0080002546e-01,   -1.6512799263e-01,
    8.0190002918e-01,    2.1260699630e-01,    8.0190002918e-01,    4.0664699554e+01,    8.0190002918e-01,   -1.5667399764e-01,
    8.0299997330e-01,    2.1272400022e-01,    8.0299997330e-01,    4.0787399292e+01,    8.0299997330e-01,   -1.4401000738e-01,
    8.0409997702e-01,    2.3122000694e-01,    8.0409997702e-01,    4.0829399109e+01,    8.0409997702e-01,   -1.2842699885e-01,
    8.0519998074e-01,    2.1691699326e-01,    8.0519998074e-01,    4.1223598480e+01,    8.0519998074e-01,   -1.1581400037e-01,
    8.0629998446e-01,    2.4360799789e-01,    8.0629998446e-01,    4.1143600464e+01,    8.0629998446e-01,   -1.1147800088e-01,
    8.0739998817e-01,    2.3216700554e-01,    8.0739998817e-01,    4.1601600647e+01,    8.0739998817e-01,   -9.0199701488e-02,
    8.0849999189e-01,    2.7781501412e-01,    8.0849999189e-01,    4.1447498322e+01,    8.0849999189e-01,   -7.8375197947e-02,
    8.0959999561e-01,    2.3253299296e-01,    8.0959999561e-01,    4.1896099091e+01,    8.0959999561e-01,   -7.6025702059e-02,
    8.1069999933e-01,    2.6805201173e-01,    8.1069999933e-01,    4.1784900665e+01,    8.1069999933e-01,   -5.8190498501e-02,
    8.1180000305e-01,    2.6850301027e-01,    8.1180000305e-01,    4.2049598694e+01,    8.1180000305e-01,   -5.0863198936e-02,
    8.1290000677e-01,    3.0934599042e-01,    8.1290000677e-01,    4.2051498413e+01,    8.1290000677e-01,   -4.6489600092e-02,
    8.1400001049e-01,    3.0373200774e-01,    8.1400001049e-01,    4.2097599030e+01,    8.1400001049e-01,   -2.5618700311e-02,
    8.1510001421e-01,    2.7378499508e-01,    8.1510001421e-01,    4.2398498535e+01,    8.1510001421e-01,   -8.3747999743e-03,
    8.1620001793e-01,    3.1218799949e-01,    8.1620001793e-01,    4.2203800201e+01,    8.1620001793e-01,   -4.6694400953e-04,
    8.1730002165e-01,    2.8243300319e-01,    8.1730002165e-01,    4.2614898682e+01,    8.1730002165e-01,    8.1946600403e-05,
    8.1840002537e-01,    3.0304801464e-01,    8.1840002537e-01,    4.2133499146e+01,    8.1840002537e-01,    1.7465300858e-02,
    8.1950002909e-01,    2.2953799367e-01,    8.1950002909e-01,    4.2899398804e+01,    8.1950002909e-01,    2.2595299408e-02,
    8.2059997320e-01,    2.6223400235e-01,    8.2059997320e-01,    4.2588600159e+01,    8.2059997320e-01,    5.0752598792e-02,
    8.2169997692e-01,    2.4215300381e-01,    8.2169997692e-01,    4.2830200195e+01,    8.2169997692e-01,    5.1320798695e-02,
    8.2279998064e-01,    2.6954698563e-01,    8.2279998064e-01,    4.1989200592e+01,    8.2279998064e-01,    5.5852901191e-02,
    8.2389998436e-01,    2.5898098946e-01,    8.2389998436e-01,    4.2314998627e+01,    8.2389998436e-01,    7.4522197247e-02,
    8.2499998808e-01,    2.9705199599e-01,    8.2499998808e-01,    4.2563999176e+01,    8.2499998808e-01,    1.0073500127e-01,
    8.2609999180e-01,    2.8014400601e-01,    8.2609999180e-01,    4.2565898895e+01,    8.2609999180e-01,    1.0417699814e-01,
    8.2719999552e-01,    3.2570400834e-01,    8.2719999552e-01,    4.3479301453e+01,    8.2719999552e-01,    1.2738899887e-01,
    8.2829999924e-01,    3.5031399131e-01,    8.2829999924e-01,    4.2995601654e+01,    8.2829999924e-01,    1.4195400476e-01,
    8.2940000296e-01,    3.3033201098e-01,    8.2940000296e-01,    4.4455101013e+01,    8.2940000296e-01,    1.3706499338e-01,
    8.3050000668e-01,    3.5297998786e-01,    8.3050000668e-01,    4.3551101685e+01,    8.3050000668e-01,    1.4403399825e-01,
    8.3160001040e-01,    3.2856699824e-01,    8.3160001040e-01,    4.5086799622e+01,    8.3160001040e-01,    1.4081999660e-01,
    8.3270001411e-01,    3.7478700280e-01,    8.3270001411e-01,    4.4108600616e+01,    8.3270001411e-01,    1.4742100239e-01,
    8.3380001783e-01,    3.1902599335e-01,    8.3380001783e-01,    4.5355800629e+01,    8.3380001783e-01,    1.4793699980e-01,
    8.3490002155e-01,    3.7766200304e-01,    8.3490002155e-01,    4.4957199097e+01,    8.3490002155e-01,    1.6759799421e-01,
    8.3600002527e-01,    2.8992900252e-01,    8.3600002527e-01,    4.5448600769e+01,    8.3600002527e-01,    1.3799199462e-01,
    8.3710002899e-01,    3.4773299098e-01,    8.3710002899e-01,    4.5981498718e+01,    8.3710002899e-01,    1.5572799742e-01,
    8.3819997311e-01,    2.7011200786e-01,    8.3819997311e-01,    4.5442699432e+01,    8.3819997311e-01,    1.4724500477e-01,
    8.3929997683e-01,    2.6357901096e-01,    8.3929997683e-01,    4.7199699402e+01,    8.3929997683e-01,    1.3300999999e-01,
    8.4039998055e-01,    2.8577199578e-01,    8.4039998055e-01,    4.5296100616e+01,    8.4039998055e-01,    1.4647600055e-01,
    8.4149998426e-01,    2.3056100309e-01,    8.4149998426e-01,    4.7532100677e+01,    8.4149998426e-01,    1.2980699539e-01,
    8.4259998798e-01,    2.8096500039e-01,    8.4259998798e-01,    4.4921501160e+01,    8.4259998798e-01,    1.4425499737e-01,
    8.4369999170e-01,    1.6767600179e-01,    8.4369999170e-01,    4.7663200378e+01,    8.4369999170e-01,    1.2558400631e-01,
    8.4479999542e-01,    2.5070199370e-01,    8.4479999542e-01,    4.5284301758e+01,    8.4479999542e-01,    1.2516899407e-01,
    8.4589999914e-01,    1.2054900080e-01,    8.4589999914e-01,    4.6800498962e+01,    8.4589999914e-01,    9.5202103257e-02,
    8.4700000286e-01,    2.3204700649e-01,    8.4700000286e-01,    4.5656700134e+01,    8.4700000286e-01,    1.0007199645e-01,
    8.4810000658e-01,    5.9160001576e-02,    8.4810000658e-01,    4.5879398346e+01,    8.4810000658e-01,    1.1215899885e-01,
    8.4920001030e-01,    1.7670099437e-01,    8.4920001030e-01,    4.6961200714e+01,    8.4920001030e-01,    1.0023300350e-01,
    8.5030001402e-01,    7.1541100740e-02,    8.5030001402e-01,    4.4869300842e+01,    8.5030001402e-01,    6.0786798596e-02,
    8.5140001774e-01,    6.3953898847e-02,    8.5140001774e-01,    4.7972000122e+01,    8.5140001774e-01,    3.0356699601e-02,
    8.5250002146e-01,    4.7207798809e-02,    8.5250002146e-01,    4.3702201843e+01,    8.5250002146e-01,    7.3377497494e-02,
    8.5360002518e-01,   -1.2950000353e-02,    8.5360002518e-01,    4.8463199615e+01,    8.5360002518e-01,    5.1164701581e-03,
    8.5470002890e-01,    7.5724802911e-02,    8.5470002890e-01,    4.3342601776e+01,    8.5470002890e-01,    8.5698999465e-02,
    8.5579997301e-01,   -5.7873900980e-02,    8.5579997301e-01,    4.8255100250e+01,    8.5579997301e-01,    1.0178199969e-02,
    8.5689997673e-01,    1.3363599777e-01,    8.5689997673e-01,    4.3714900970e+01,    8.5689997673e-01,    1.5769500285e-02,
    8.5799998045e-01,   -1.8952600658e-01,    8.5799998045e-01,    4.7265098572e+01,    8.5799998045e-01,    2.5682000443e-02,
    8.5909998417e-01,    1.4065499604e-01,    8.5909998417e-01,    4.4822299957e+01,    8.5909998417e-01,   -1.3195700012e-02,
    8.6019998789e-01,   -2.6721999049e-01,    8.6019998789e-01,    4.5741100311e+01,    8.6019998789e-01,    2.7517399285e-03,
    8.6129999161e-01,    1.4736199379e-01,    8.6129999161e-01,    4.6317798615e+01,    8.6129999161e-01,   -3.1036799774e-02,
    8.6239999533e-01,   -2.6248198748e-01,    8.6239999533e-01,    4.4396499634e+01,    8.6239999533e-01,   -4.0193699300e-02,
    8.6349999905e-01,    1.6615200043e-01,    8.6349999905e-01,    4.7585098267e+01,    8.6349999905e-01,   -4.8110399395e-02,
    8.6460000277e-01,   -3.1424000859e-01,    8.6460000277e-01,    4.3277801514e+01,    8.6460000277e-01,   -4.5211698860e-02,
    8.6570000648e-01,    1.6802799702e-01,    8.6570000648e-01,    4.8685001373e+01,    8.6570000648e-01,   -7.8722096980e-02,
    8.6680001020e-01,   -2.0078100264e-01,    8.6680001020e-01,    4.2832901001e+01,    8.6680001020e-01,   -4.5557398349e-02,
    8.6790001392e-01,    1.7436799407e-01,    8.6790001392e-01,    4.9115798950e+01,    8.6790001392e-01,   -1.7382100224e-01,
    8.6900001764e-01,    1.1304199696e-01,    8.6900001764e-01,    4.3097301483e+01,    8.6900001764e-01,   -1.2069500051e-02,
    8.7010002136e-01,    3.0611699447e-02,    8.7010002136e-01,    4.9046398163e+01,    8.7010002136e-01,   -1.9008399546e-01,
    8.7120002508e-01,    2.6120799780e-01,    8.7120002508e-01,    4.4047000885e+01,    8.7120002508e-01,   -5.9114299715e-02,
    8.7230002880e-01,   -7.8819103539e-02,    8.7230002880e-01,    4.8106399536e+01,    8.7230002880e-01,   -1.7607599497e-01,
    8.7339997292e-01,    3.0746001005e-01,    8.7339997292e-01,    4.5610000610e+01,    8.7339997292e-01,   -1.2930800021e-01,
    8.7449997663e-01,   -2.1013000607e-01,    8.7449997663e-01,    4.6867900848e+01,    8.7449997663e-01,   -1.8576300144e-01,
    8.7559998035e-01,    3.3001399040e-01,    8.7559998035e-01,    4.7359401703e+01,    8.7559998035e-01,   -1.8532699347e-01,
    8.7669998407e-01,   -2.2378200293e-01,    8.7669998407e-01,    4.5529701233e+01,    8.7669998407e-01,   -2.0475900173e-01,
    8.7779998779e-01,    3.6580199003e-01,    8.7779998779e-01,    4.8987201691e+01,    8.7779998779e-01,   -2.1582199633e-01,
    8.7889999151e-01,   -1.1384700239e-01,    8.7889999151e-01,    4.4285099030e+01,    8.7889999151e-01,   -1.8092399836e-01,
    8.7999999523e-01,    3.2344299555e-01,    8.7999999523e-01,    4.9939399719e+01,    8.7999999523e-01,   -2.7349999547e-01,
    8.8109999895e-01,    8.3528697491e-02,    8.8109999895e-01,    4.3560901642e+01,    8.8109999895e-01,   -1.5776899457e-01,
    8.8220000267e-01,    2.7858901024e-01,    8.8220000267e-01,    5.0307998657e+01,    8.8220000267e-01,   -2.8820899129e-01,
    8.8330000639e-01,    3.3430001140e-01,    8.8330000639e-01,    4.3442901611e+01,    8.8330000639e-01,   -1.6892899573e-01,
    8.8440001011e-01,    1.2412600219e-01,    8.8440001011e-01,    4.9765701294e+01,    8.8440001011e-01,   -2.7945598960e-01,
    8.8550001383e-01,    5.7081001997e-01,    8.8550001383e-01,    4.3844699860e+01,    8.8550001383e-01,   -2.0821100473e-01,
    8.8660001755e-01,   -9.2463903129e-02,    8.8660001755e-01,    4.8419300079e+01,    8.8660001755e-01,   -2.8050100803e-01,
    8.8770002127e-01,    6.9604098797e-01,    8.8770002127e-01,    4.4900501251e+01,    8.8770002127e-01,   -1.6096800566e-01,
    8.8880002499e-01,   -4.2423000932e-01,    8.8880002499e-01,    4.6786998749e+01,    8.8880002499e-01,   -2.5444701314e-01,
    8.8990002871e-01,    7.4153602123e-01,    8.8990002871e-01,    4.6676399231e+01,    8.8990002871e-01,   -1.7494599521e-01,
    8.9099997282e-01,   -5.4233497381e-01,    8.9099997282e-01,    4.5640899658e+01,    8.9099997282e-01,   -2.5502800941e-01,
    8.9209997654e-01,    6.8214899302e-01,    8.9209997654e-01,    4.8358798981e+01,    8.9209997654e-01,   -1.9344699383e-01,
    8.9319998026e-01,   -3.8600999117e-01,    8.9319998026e-01,    4.4450698853e+01,    8.9319998026e-01,   -2.1924200654e-01,
    8.9429998398e-01,    5.9461301565e-01,    8.9429998398e-01,    4.9810398102e+01,    8.9429998398e-01,   -2.0481699705e-01,
    8.9539998770e-01,   -2.0121599734e-01,    8.9539998770e-01,    4.3607898712e+01,    8.9539998770e-01,   -2.2010999918e-01,
    8.9649999142e-01,    4.8857399821e-01,    8.9649999142e-01,    5.0432098389e+01,    8.9649999142e-01,   -2.1302400529e-01,
    8.9759999514e-01,    5.9967499226e-02,    8.9759999514e-01,    4.3245601654e+01,    8.9759999514e-01,   -2.2977900505e-01,
    8.9869999886e-01,    3.0941599607e-01,    8.9869999886e-01,    5.0050899506e+01,    8.9869999886e-01,   -2.3592999578e-01,
    8.9980000257e-01,    4.2699998617e-01,    8.9980000257e-01,    4.3635799408e+01,    8.9980000257e-01,   -1.8782800436e-01,
    9.0090000629e-01,   -3.4194301814e-02,    9.0090000629e-01,    4.9204299927e+01,    9.0090000629e-01,   -2.2476699948e-01,
    9.0200001001e-01,    7.6843601465e-01,    9.0200001001e-01,    4.4930599213e+01,    9.0200001001e-01,   -1.2951199710e-01,
    9.0310001373e-01,   -4.2503899336e-01,    9.0310001373e-01,    4.7896598816e+01,    9.0310001373e-01,   -2.2359399498e-01,
    9.0420001745e-01,    9.4761502743e-01,    9.0420001745e-01,    4.6508998871e+01,    9.0420001745e-01,   -1.0308700055e-01,
    9.0530002117e-01,   -6.0170298815e-01,    9.0530002117e-01,    4.6294898987e+01,    9.0530002117e-01,   -1.9455400109e-01,
    9.0640002489e-01,    1.0115499496e+00,    9.0640002489e-01,    4.7938598633e+01,    9.0640002489e-01,   -8.4060698748e-02,
    9.0750002861e-01,   -5.8164900541e-01,    9.0750002861e-01,    4.4581501007e+01,    9.0750002861e-01,   -1.7645199597e-01,
    9.0859997272e-01,    9.8229897022e-01,    9.0859997272e-01,    4.9241901398e+01,    9.0859997272e-01,   -2.7798099443e-02,
    9.0969997644e-01,   -4.1601100564e-01,    9.0969997644e-01,    4.3125701904e+01,    9.0969997644e-01,   -2.0122699440e-01,
    9.1079998016e-01,    8.8302201033e-01,    9.1079998016e-01,    4.9630001068e+01,    9.1079998016e-01,    3.4814500250e-03,
    9.1189998388e-01,   -1.9919399917e-01,    9.1189998388e-01,    4.2416698456e+01,    9.1189998388e-01,   -1.8366199732e-01,
    9.1299998760e-01,    4.4870200753e-01,    9.1299998760e-01,    4.9617401123e+01,    9.1299998760e-01,   -1.6701100394e-02,
    9.1409999132e-01,    2.4941900373e-01,    9.1409999132e-01,    4.2517101288e+01,    9.1409999132e-01,   -1.2749600410e-01,
    9.1519999504e-01,   -8.1634603441e-02,    9.1519999504e-01,    4.8843101501e+01,    9.1519999504e-01,   -3.0431900173e-02,
    9.1629999876e-01,    6.6515702009e-01,    9.1629999876e-01,    4.3468200684e+01,    9.1629999876e-01,   -3.3934898674e-02,
    9.1740000248e-01,   -6.8418300152e-01,    9.1740000248e-01,    4.7474399567e+01,    9.1740000248e-01,   -6.0135400854e-03,
    9.1850000620e-01,    9.6373897791e-01,    9.1850000620e-01,    4.4949600220e+01,    9.1850000620e-01,    4.3265700340e-02,
    9.1960000992e-01,   -1.0439599752e+00,    9.1960000992e-01,    4.5667098999e+01,    9.1960000992e-01,   -1.0101900436e-02,
    9.2070001364e-01,    9.2785900831e-01,    9.2070001364e-01,    4.6517200470e+01,    9.2070001364e-01,    7.6860703528e-02,
    9.2180001736e-01,   -1.1646800041e+00,    9.2180001736e-01,    4.4202201843e+01,    9.2180001736e-01,   -5.0183400512e-02,
    9.2290002108e-01,    8.2950502634e-01,    9.2290002108e-01,    4.8243999481e+01,    9.2290002108e-01,    1.1598899961e-01,
    9.2400002480e-01,   -1.0706299543e+00,    9.2400002480e-01,    4.2874401093e+01,    9.2400002480e-01,   -5.6232299656e-02,
    9.2510002851e-01,    6.4567101002e-01,    9.2510002851e-01,    4.9315799713e+01,    9.2510002851e-01,    1.1653999984e-01,
    9.2619997263e-01,   -6.9214302301e-01,    9.2619997263e-01,    4.2040901184e+01,    9.2619997263e-01,   -5.9044901282e-02,
    9.2729997635e-01,    3.2159098983e-01,    9.2729997635e-01,    4.9666599274e+01,    9.2729997635e-01,    4.7488998622e-02,
    9.2839998007e-01,   -6.3775800169e-02,    9.2839998007e-01,    4.2006698608e+01,    9.2839998007e-01,   -1.2144600041e-02,
    9.2949998379e-01,   -1.2774400413e-01,    9.2949998379e-01,    4.9372200012e+01,    9.2949998379e-01,    4.5641999692e-02,
    9.3059998751e-01,    5.4404002428e-01,    9.3059998751e-01,    4.3157798767e+01,    9.3059998751e-01,   -1.7521699890e-02,
    9.3169999123e-01,   -6.8153297901e-01,    9.3169999123e-01,    4.8638000488e+01,    9.3169999123e-01,    5.4946797900e-03,
    9.3279999495e-01,    9.8935002089e-01,    9.3279999495e-01,    4.5165401459e+01,    9.3279999495e-01,    3.2713100314e-02,
    9.3389999866e-01,   -1.3441599607e+00,    9.3389999866e-01,    4.7217201233e+01,    9.3389999866e-01,   -4.8660999164e-03,
    9.3500000238e-01,    8.3174997568e-01,    9.3500000238e-01,    4.6848999023e+01,    9.3500000238e-01,    5.5452801287e-02,
    9.3610000610e-01,   -1.6275500059e+00,    9.3610000610e-01,    4.5695800781e+01,    9.3610000610e-01,   -3.3313799649e-02,
    9.3720000982e-01,    8.4366399050e-01,    9.3720000982e-01,    4.8854301453e+01,    9.3720000982e-01,    1.2045899779e-01,
    9.3830001354e-01,   -1.5786600113e+00,    9.3830001354e-01,    4.4269901276e+01,    9.3830001354e-01,   -7.5649999082e-02,
    9.3940001726e-01,    7.5170999765e-01,    9.3940001726e-01,    5.0563301086e+01,    9.3940001726e-01,    1.1159099638e-01,
    9.4050002098e-01,   -1.2514100075e+00,    9.4050002098e-01,    4.3334701538e+01,    9.4050002098e-01,   -5.3087200969e-02,
    9.4160002470e-01,    4.9182099104e-01,    9.4160002470e-01,    5.1416400909e+01,    9.4160002470e-01,    7.0655897260e-02,
    9.4270002842e-01,   -6.6420000792e-01,    9.4270002842e-01,    4.3094699860e+01,    9.4270002842e-01,   -8.9127197862e-03,
    9.4379997253e-01,    6.7438997328e-02,    9.4379997253e-01,    5.1387298584e+01,    9.4379997253e-01,    1.0047499835e-01,
    9.4489997625e-01,    6.5262801945e-02,    9.4489997625e-01,    4.3708999634e+01,    9.4489997625e-01,   -8.4400698543e-03,
    9.4599997997e-01,   -5.7952898741e-01,    9.4599997997e-01,    5.0610500336e+01,    9.4599997997e-01,    1.1108800024e-01,
    9.4709998369e-01,    8.0552899837e-01,    9.4709998369e-01,    4.4998401642e+01,    9.4709998369e-01,    1.9510999322e-02,
    9.4819998741e-01,   -1.2022900581e+00,    9.4819998741e-01,    4.8938201904e+01,    9.4819998741e-01,    9.5512099564e-02,
    9.4929999113e-01,    1.1762299538e+00,    9.4929999113e-01,    4.6603698730e+01,    9.4929999113e-01,    1.0248500109e-01,
    9.5039999485e-01,   -1.7038999796e+00,    9.5039999485e-01,    4.6743301392e+01,    9.5039999485e-01,    5.5756099522e-02,
    9.5149999857e-01,    1.2281899452e+00,    9.5149999857e-01,    4.8181098938e+01,    9.5149999857e-01,    1.6671000421e-01,
    9.5260000229e-01,   -1.8172399998e+00,    9.5260000229e-01,    4.5301898956e+01,    9.5260000229e-01,   -3.8852600846e-03,
    9.5370000601e-01,    1.2471200228e+00,    9.5370000601e-01,    5.0786399841e+01,    9.5370000601e-01,    1.5357300639e-01,
    9.5480000973e-01,   -1.6209599972e+00,    9.5480000973e-01,    4.4842998505e+01,    9.5480000973e-01,    1.0966600385e-03,
    9.5590001345e-01,    1.0353699923e+00,    9.5590001345e-01,    5.2852199554e+01,    9.5590001345e-01,    1.4599899948e-01,
    9.5700001717e-01,   -1.0945400000e+00,    9.5700001717e-01,    4.4824798584e+01,    9.5700001717e-01,    1.2792400084e-02,
    9.5810002089e-01,    5.6152302027e-01,    9.5810002089e-01,    5.4137699127e+01,    9.5810002089e-01,    1.0763800144e-01,
    9.5920002460e-01,   -2.8149399161e-01,    9.5920002460e-01,    4.5833301544e+01,    9.5920002460e-01,   -5.8137201704e-03,
    9.6030002832e-01,   -2.2334299982e-01,    9.6030002832e-01,    5.4663898468e+01,    9.6030002832e-01,    1.4953799546e-01,
    9.6139997244e-01,    6.6569000483e-01,    9.6139997244e-01,    4.7839401245e+01,    9.6139997244e-01,    2.3288000375e-02,
    9.6249997616e-01,   -1.1112899780e+00,    9.6249997616e-01,    5.4506000519e+01,    9.6249997616e-01,    1.3866299391e-01,
    9.6359997988e-01,    1.3993500471e+00,    9.6359997988e-01,    5.0810699463e+01,    9.6359997988e-01,    1.0358600318e-01,
    9.6469998360e-01,   -1.8631000519e+00,    9.6469998360e-01,    5.3943801880e+01,    9.6469998360e-01,    1.1151099950e-01,
    9.6579998732e-01,    1.7959599495e+00,    9.6579998732e-01,    5.4212100983e+01,    9.6579998732e-01,    1.3541600108e-01,
    9.6689999104e-01,   -2.2691500187e+00,    9.6689999104e-01,    5.3121601105e+01,    9.6689999104e-01,    6.8888299167e-02,
    9.6799999475e-01,    1.8058999777e+00,    9.6799999475e-01,    5.7412601471e+01,    9.6799999475e-01,    1.2519000471e-01,
    9.6909999847e-01,   -2.1507799625e+00,    9.6909999847e-01,    5.2336799622e+01,    9.6909999847e-01,    7.7360101044e-02,
    9.7020000219e-01,    1.5640499592e+00,    9.7020000219e-01,    6.0019001007e+01,    9.7020000219e-01,    1.2258700281e-01,
    9.7130000591e-01,   -1.5535999537e+00,    9.7130000591e-01,    5.1928600311e+01,    9.7130000591e-01,    7.1166902781e-02,
    9.7240000963e-01,    1.0405199528e+00,    9.7240000963e-01,    6.1699901581e+01,    9.7240000963e-01,    5.5489998311e-02,
    9.7350001335e-01,   -6.0349601507e-01,    9.7350001335e-01,    5.2270599365e+01,    9.7350001335e-01,    6.3862502575e-02,
    9.7460001707e-01,    1.6818700731e-01,    9.7460001707e-01,    6.2279701233e+01,    9.7460001707e-01,    4.5124500990e-02,
    9.7570002079e-01,    5.9615397453e-01,    9.7570002079e-01,    5.3506801605e+01,    9.7570002079e-01,    1.8555000424e-02,
    9.7680002451e-01,   -8.9956301451e-01,    9.7680002451e-01,    6.1792800903e+01,    9.7680002451e-01,    5.5993899703e-02,
    9.7790002823e-01,    1.6405299902e+00,    9.7790002823e-01,    5.5605300903e+01,    9.7790002823e-01,    3.4159600735e-02,
    9.7899997234e-01,   -1.9673800468e+00,    9.7899997234e-01,    6.0500301361e+01,    9.7899997234e-01,    1.3310699724e-02,
    9.8009997606e-01,    2.1354300976e+00,    9.8009997606e-01,    5.8128898621e+01,    9.8009997606e-01,    9.2067897320e-02,
    9.8119997978e-01,   -2.7138299942e+00,    9.8119997978e-01,    5.8847099304e+01,    9.8119997978e-01,   -1.3584700413e-02,
    9.8229998350e-01,    2.4313700199e+00,    9.8229998350e-01,    6.1099300385e+01,    9.8229998350e-01,    4.7472998500e-02,
    9.8339998722e-01,   -2.9183399677e+00,    9.8339998722e-01,    5.7330799103e+01,    9.8339998722e-01,   -6.0631699860e-02,
    9.8449999094e-01,    2.3664600849e+00,    9.8449999094e-01,    6.3756301880e+01,    9.8449999094e-01,    9.2954098363e-05,
    9.8559999466e-01,   -2.5701000690e+00,    9.8559999466e-01,    5.6507198334e+01,    9.8559999466e-01,   -1.0675500333e-01,
    9.8669999838e-01,    1.8597799540e+00,    9.8669999838e-01,    6.5936599731e+01,    9.8669999838e-01,   -3.5048801452e-02,
    9.8780000210e-01,   -1.6196299791e+00,    9.8780000210e-01,    5.6320400238e+01,    9.8780000210e-01,   -1.0696599633e-01,
    9.8890000582e-01,    9.3364799023e-01,    9.8890000582e-01,    6.6790496826e+01,    9.8890000582e-01,   -7.3823601007e-02,
    9.9000000954e-01,   -1.8981899321e-01,    9.9000000954e-01,    5.7090900421e+01,    9.9000000954e-01,   -1.1763700098e-01,
    9.9110001326e-01,   -4.5368000865e-01,    9.9110001326e-01,    6.7228797913e+01,    9.9110001326e-01,   -1.5912500024e-01,
    9.9220001698e-01,    1.3411200047e+00,    9.9220001698e-01,    5.9270099640e+01,    9.9220001698e-01,   -1.1757700145e-01,
    9.9330002069e-01,   -1.9156399965e+00,    9.9330002069e-01,    6.6585998535e+01,    9.9330002069e-01,   -1.3486400247e-01,
    9.9440002441e-01,    2.4834699631e+00,    9.9440002441e-01,    6.1599601746e+01,    9.9440002441e-01,   -1.3674099743e-01,
    9.9550002813e-01,   -3.2492699623e+00,    9.9550002813e-01,    6.4798103333e+01,    9.9550002813e-01,   -1.1644600332e-01,
    9.9659997225e-01,    3.0590500832e+00,    9.9659997225e-01,    6.4427101135e+01,    9.9659997225e-01,   -5.7002998888e-02,
    9.9769997597e-01,   -4.0459799767e+00,    9.9769997597e-01,    6.2802200317e+01,    9.9769997597e-01,   -1.6675199568e-01,
    9.9879997969e-01,    3.1898200512e+00,    9.9879997969e-01,    6.6996696472e+01,    9.9879997969e-01,   -2.7009099722e-02,
    9.9989998341e-01,   -4.0583000183e+00,    9.9989998341e-01,    6.1025600433e+01,    9.9989998341e-01,   -1.9083799422e-01,
    1.0010000467e+00,    2.8072600365e+00,    1.0010000467e+00,    6.9018501282e+01,    1.0010000467e+00,   -6.1015699059e-02,
    1.0020999908e+00,   -3.3326399326e+00,    1.0020999908e+00,    5.9888000488e+01,    1.0020999908e+00,   -1.7712800205e-01,
    1.0032000542e+00,    1.8087199926e+00,    1.0032000542e+00,    7.0240798950e+01,    1.0032000542e+00,   -5.5302999914e-02,
    1.0042999983e+00,   -1.7692199945e+00,    1.0042999983e+00,    5.9638000488e+01,    1.0042999983e+00,   -1.5079000592e-01,
    1.0053999424e+00,    2.9230499268e-01,    1.0053999424e+00,    7.0466697693e+01,    1.0053999424e+00,   -9.6554502845e-02,
    1.0065000057e+00,    2.9268300533e-01,    1.0065000057e+00,    6.0564899445e+01,    1.0065000057e+00,   -1.3609300554e-01,
    1.0075999498e+00,   -1.6552000046e+00,    1.0075999498e+00,    6.9825996399e+01,    1.0075999498e+00,   -8.1543803215e-02,
    1.0087000132e+00,    2.3064899445e+00,    1.0087000132e+00,    6.2416900635e+01,    1.0087000132e+00,   -1.3680599630e-01,
    1.0097999573e+00,   -3.6873900890e+00,    1.0097999573e+00,    6.8075302124e+01,    1.0097999573e+00,   -4.2836301029e-02,
    1.0109000206e+00,    3.7044599056e+00,    1.0109000206e+00,    6.4794998169e+01,    1.0109000206e+00,   -2.0703999326e-02,
    1.0119999647e+00,   -5.2848100662e+00,    1.0119999647e+00,    6.5644096375e+01,    1.0119999647e+00,   -6.2406599522e-02,
    1.0131000280e+00,    4.3131599426e+00,    1.0131000280e+00,    6.7250297546e+01,    1.0131000280e+00,    3.7165299058e-02,
    1.0141999722e+00,   -5.9407401085e+00,    1.0141999722e+00,    6.3305500031e+01,    1.0141999722e+00,   -1.0369099677e-01,
    1.0153000355e+00,    4.1105899811e+00,    1.0153000355e+00,    6.9267196655e+01,    1.0153000355e+00,    8.8490098715e-02,
    1.0163999796e+00,   -5.4914798737e+00,    1.0163999796e+00,    6.1250801086e+01,    1.0163999796e+00,   -8.3386801183e-02,
    1.0175000429e+00,    3.0341498852e+00,    1.0175000429e+00,    7.0418403625e+01,    1.0175000429e+00,    4.6091601253e-02,
    1.0185999870e+00,   -3.9114499092e+00,    1.0185999870e+00,    5.9816101074e+01,    1.0185999870e+00,   -1.6205800697e-02,
    1.0197000504e+00,    1.2003400326e+00,    1.0197000504e+00,    7.0444602966e+01,    1.0197000504e+00,   -8.4417797625e-02,
    1.0207999945e+00,   -1.4906899929e+00,    1.0207999945e+00,    5.9213798523e+01,    1.0207999945e+00,   -1.4676899882e-03,
    1.0219000578e+00,   -1.2707500458e+00,    1.0219000578e+00,    6.9117500305e+01,    1.0219000578e+00,   -7.5751297176e-02,
    1.0230000019e+00,    1.3443200588e+00,    1.0230000019e+00,    5.9528099060e+01,    1.0230000019e+00,   -9.8574399948e-02,
    1.0240999460e+00,   -3.9427099228e+00,    1.0240999460e+00,    6.7209800720e+01,    1.0240999460e+00,   -4.6896401793e-02,
    1.0252000093e+00,    3.6940100193e+00,    1.0252000093e+00,    6.0683700562e+01,    1.0252000093e+00,   -1.0400000215e-01,
    1.0262999535e+00,   -6.5454401970e+00,    1.0262999535e+00,    6.3931701660e+01,    1.0262999535e+00,   -9.5048196614e-02,
    1.0274000168e+00,    5.0777997971e+00,    1.0274000168e+00,    6.1833301544e+01,    1.0274000168e+00,   -1.4116600156e-01,
    1.0284999609e+00,   -8.2235803604e+00,    1.0284999609e+00,    5.9885200500e+01,    1.0284999609e+00,   -2.9431599379e-01,
    1.0296000242e+00,    5.4226899147e+00,    1.0296000242e+00,    6.2888500214e+01,    1.0296000242e+00,   -3.3599700779e-02,
    1.0306999683e+00,   -8.2197303772e+00,    1.0306999683e+00,    5.7183601379e+01,    1.0306999683e+00,   -3.2770499587e-01,
    1.0318000317e+00,    4.7431502342e+00,    1.0318000317e+00,    6.4537399292e+01,    1.0318000317e+00,   -1.0270399973e-02,
    1.0328999758e+00,   -6.8503398895e+00,    1.0328999758e+00,    5.5607898712e+01,    1.0328999758e+00,   -2.8889900446e-01,
    1.0340000391e+00,    2.9806199074e+00,    1.0340000391e+00,    6.5439697266e+01,    1.0340000391e+00,   -2.1811200678e-01,
    1.0350999832e+00,   -4.2024898529e+00,    1.0350999832e+00,    5.4644699097e+01,    1.0350999832e+00,   -1.6643300653e-01,
    1.0362000465e+00,    3.0032300949e-01,    1.0362000465e+00,    6.5405700684e+01,    1.0362000465e+00,   -2.1080400050e-01,
    1.0372999907e+00,   -5.0310498476e-01,    1.0372999907e+00,    5.5545501709e+01,    1.0372999907e+00,   -8.1685602665e-02,
    1.0384000540e+00,   -2.8674199581e+00,    1.0384000540e+00,    6.5390197754e+01,    1.0384000540e+00,   -1.8773500621e-01,
    1.0394999981e+00,    3.3734800816e+00,    1.0394999981e+00,    5.7405399323e+01,    1.0394999981e+00,   -1.4678199589e-01,
    1.0405999422e+00,   -6.1431198120e+00,    1.0405999422e+00,    6.3629299164e+01,    1.0405999422e+00,   -1.7369900644e-01,
    1.0417000055e+00,    6.1756000519e+00,    1.0417000055e+00,    5.9978500366e+01,    1.0417000055e+00,   -6.2659703195e-02,
    1.0427999496e+00,   -8.9600896835e+00,    1.0427999496e+00,    6.1370201111e+01,    1.0427999496e+00,   -2.3574200273e-01,
    1.0439000130e+00,    7.4486198425e+00,    1.0439000130e+00,    6.2759700775e+01,    1.0439000130e+00,    8.8423296809e-02,
    1.0449999571e+00,   -1.0143799782e+01,    1.0449999571e+00,    5.9017898560e+01,    1.0449999571e+00,   -2.1626900136e-01,
    1.0461000204e+00,    6.8892998695e+00,    1.0461000204e+00,    6.4864601135e+01,    1.0461000204e+00,    1.7314699944e-03,
    1.0471999645e+00,   -9.1926498413e+00,    1.0471999645e+00,    5.7062301636e+01,    1.0471999645e+00,   -1.8335199356e-01,
    1.0483000278e+00,    5.0522599220e+00,    1.0483000278e+00,    6.6312797546e+01,    1.0483000278e+00,   -1.1191199720e-01,
    1.0493999720e+00,   -6.3215098381e+00,    1.0493999720e+00,    5.5979400635e+01,    1.0493999720e+00,   -3.9083901793e-02,
    1.0505000353e+00,    2.1060700417e+00,    1.0505000353e+00,    6.6734802246e+01,    1.0505000353e+00,   -2.1935400367e-01,
    1.0515999794e+00,   -2.0556499958e+00,    1.0515999794e+00,    5.6091999054e+01,    1.0515999794e+00,    4.1818801314e-02,
    1.0527000427e+00,   -1.6125099659e+00,    1.0527000427e+00,    6.6003898621e+01,    1.0527000427e+00,   -2.8421598673e-01,
    1.0537999868e+00,    2.5977599621e+00,    1.0537999868e+00,    5.6550300598e+01,    1.0537999868e+00,   -1.3388599455e-01,
    1.0549000502e+00,   -5.5891499519e+00,    1.0549000502e+00,    6.4200599670e+01,    1.0549000502e+00,   -1.7273600399e-01,
    1.0559999943e+00,    6.4462399483e+00,    1.0559999943e+00,    5.8275001526e+01,    1.0559999943e+00,   -1.0915099829e-01,
    1.0571000576e+00,   -9.0842504501e+00,    1.0571000576e+00,    6.1837299347e+01,    1.0571000576e+00,   -9.0934596956e-02,
    1.0582000017e+00,    8.7606801987e+00,    1.0582000017e+00,    6.0778400421e+01,    1.0582000017e+00,   -1.3337099552e-01,
    1.0592999458e+00,   -1.1178799629e+01,    1.0592999458e+00,    5.8958198547e+01,    1.0592999458e+00,   -2.9198500514e-01,
    1.0604000092e+00,    9.1305503845e+00,    1.0604000092e+00,    6.2872798920e+01,    1.0604000092e+00,   -1.0845600069e-01,
    1.0614999533e+00,   -1.1003000259e+01,    1.0614999533e+00,    5.6345600128e+01,    1.0614999533e+00,   -4.4744399190e-01,
    1.0626000166e+00,    7.4679598808e+00,    1.0626000166e+00,    6.4335601807e+01,    1.0626000166e+00,    1.8326999620e-02,
    1.0636999607e+00,   -8.5911302567e+00,    1.0636999607e+00,    5.5020900726e+01,    1.0636999607e+00,   -2.2669300437e-01,
    1.0648000240e+00,    4.3390197754e+00,    1.0648000240e+00,    6.5740196228e+01,    1.0648000240e+00,   -5.1859598607e-02,
    1.0658999681e+00,   -4.2048897743e+00,    1.0658999681e+00,    5.5106300354e+01,    1.0658999681e+00,   -1.4727400243e-01,
    1.0670000315e+00,    5.6910598278e-01,    1.0670000315e+00,    6.5848999023e+01,    1.0670000315e+00,   -1.7738799751e-01,
    1.0680999756e+00,    1.0805799961e+00,    1.0680999756e+00,    5.6017200470e+01,    1.0680999756e+00,   -8.4133200347e-02,
    1.0692000389e+00,   -4.1784901619e+00,    1.0692000389e+00,    6.5229103088e+01,    1.0692000389e+00,   -1.3996900618e-01,
    1.0702999830e+00,    6.1564698219e+00,    1.0702999830e+00,    5.8220901489e+01,    1.0702999830e+00,   -8.5114099085e-02,
    1.0714000463e+00,   -8.4677200317e+00,    1.0714000463e+00,    6.4051101685e+01,    1.0714000463e+00,    4.7570900060e-03,
    1.0724999905e+00,    9.4428997040e+00,    1.0724999905e+00,    6.1104598999e+01,    1.0724999905e+00,    4.8446198925e-03,
    1.0736000538e+00,   -1.1636199951e+01,    1.0736000538e+00,    6.1856498718e+01,    1.0736000538e+00,    3.5786498338e-02,
    1.0746999979e+00,    1.0555199623e+01,    1.0746999979e+00,    6.4075996399e+01,    1.0746999979e+00,   -8.0915100873e-02,
    1.0757999420e+00,   -1.2581800461e+01,    1.0757999420e+00,    5.9648101807e+01,    1.0757999420e+00,   -2.9980000854e-01,
    1.0769000053e+00,    9.4096698761e+00,    1.0769000053e+00,    6.6815498352e+01,    1.0769000053e+00,    3.0916599557e-02,
    1.0779999495e+00,   -1.0535099983e+01,    1.0779999495e+00,    5.8653499603e+01,    1.0779999495e+00,   -1.5488600731e-01,
    1.0791000128e+00,    6.2564997673e+00,    1.0791000128e+00,    6.8745597839e+01,    1.0791000128e+00,    3.8196600974e-02,
    1.0801999569e+00,   -6.0946598053e+00,    1.0801999569e+00,    5.8576698303e+01,    1.0801999569e+00,   -2.2908499837e-01,
    1.0813000202e+00,    2.0697700977e+00,    1.0813000202e+00,    6.9299201965e+01,    1.0813000202e+00,   -5.7999499142e-02,
    1.0823999643e+00,   -2.3366099596e-01,    1.0823999643e+00,    5.9155498505e+01,    1.0823999643e+00,   -1.2169100344e-01,
    1.0835000277e+00,   -3.0794498920e+00,    1.0835000277e+00,    6.9019996643e+01,    1.0835000277e+00,   -8.2312501967e-02,
    1.0845999718e+00,    5.6748499870e+00,    1.0845999718e+00,    6.1043098450e+01,    1.0845999718e+00,   -2.2590999305e-01,
    1.0857000351e+00,   -7.9181399345e+00,    1.0857000351e+00,    6.8048202515e+01,    1.0857000351e+00,   -1.4315100014e-01,
    1.0867999792e+00,    1.0152299881e+01,    1.0867999792e+00,    6.3885200500e+01,    1.0867999792e+00,   -6.4258798957e-02,
    1.0879000425e+00,   -1.1889399529e+01,    1.0879000425e+00,    6.6006599426e+01,    1.0879000425e+00,   -3.9472401142e-02,
    1.0889999866e+00,    1.2209099770e+01,    1.0889999866e+00,    6.6621696472e+01,    1.0889999866e+00,   -1.1006800458e-02,
    1.0901000500e+00,   -1.3709500313e+01,    1.0901000500e+00,    6.3724300385e+01,    1.0901000500e+00,   -2.4742299318e-01,
    1.0911999941e+00,    1.1498700142e+01,    1.0911999941e+00,    6.9139602661e+01,    1.0911999941e+00,   -6.0656201094e-02,
    1.0923000574e+00,   -1.2440299988e+01,    1.0923000574e+00,    6.1752799988e+01,    1.0923000574e+00,   -3.5486599803e-01,
    1.0934000015e+00,    8.7277603149e+00,    1.0934000015e+00,    7.0349197388e+01,    1.0934000015e+00,   -6.9299697876e-02,
    1.0944999456e+00,   -8.2250404358e+00,    1.0944999456e+00,    6.0849498749e+01,    1.0944999456e+00,   -1.4319500327e-01,
    1.0956000090e+00,    4.3773698807e+00,    1.0956000090e+00,    7.1079803467e+01,    1.0956000090e+00,   -1.0955599695e-01,
    1.0966999531e+00,   -1.9695400000e+00,    1.0966999531e+00,    6.1068099976e+01,    1.0966999531e+00,   -9.5505997539e-02,
    1.0978000164e+00,   -1.4381699562e+00,    1.0978000164e+00,    7.0992897034e+01,    1.0978000164e+00,    1.0571200401e-03,
    1.0988999605e+00,    4.7619600296e+00,    1.0988999605e+00,    6.2072498322e+01,    1.0988999605e+00,   -2.6843699813e-01,
    1.1000000238e+00,   -7.1039600372e+00,    1.1000000238e+00,    6.9240898132e+01,    1.1000000238e+00,    3.2182898372e-02,
    1.1010999680e+00,    1.0318499565e+01,    1.1010999680e+00,    6.3580299377e+01,    1.1010999680e+00,   -3.1491199136e-01,
    1.1022000313e+00,   -1.2104000092e+01,    1.1022000313e+00,    6.6744102478e+01,    1.1022000313e+00,    8.8837303221e-02,
    1.1032999754e+00,    1.3618100166e+01,    1.1032999754e+00,    6.5879096985e+01,    1.1032999754e+00,   -2.1739900112e-02,
    1.1044000387e+00,   -1.4871299744e+01,    1.1044000387e+00,    6.4234001160e+01,    1.1044000387e+00,   -3.3537201583e-02,
    1.1054999828e+00,    1.3573499680e+01,    1.1054999828e+00,    6.8123199463e+01,    1.1054999828e+00,    8.8592797518e-02,
    1.1066000462e+00,   -1.4479100227e+01,    1.1066000462e+00,    6.1976898193e+01,    1.1066000462e+00,   -2.1617799997e-01,
    1.1076999903e+00,    1.0786299706e+01,    1.1076999903e+00,    6.9115997314e+01,    1.1076999903e+00,    1.4888100326e-01,
    1.1088000536e+00,   -1.0511099815e+01,    1.1088000536e+00,    6.0427700043e+01,    1.1088000536e+00,   -1.9901199639e-01,
    1.1098999977e+00,    6.3018298149e+00,    1.1098999977e+00,    6.9452003479e+01,    1.1098999977e+00,    1.5969400108e-01,
    1.1109999418e+00,   -3.9071199894e+00,    1.1109999418e+00,    6.0171398163e+01,    1.1109999418e+00,   -5.9404801577e-02,
    1.1121000051e+00,    1.1499100178e-01,    1.1121000051e+00,    6.9281402588e+01,    1.1121000051e+00,    1.7671999335e-01,
    1.1131999493e+00,    3.6671600342e+00,    1.1131999493e+00,    6.0809600830e+01,    1.1131999493e+00,    9.5910597593e-03,
    1.1143000126e+00,   -6.5718197823e+00,    1.1143000126e+00,    6.8368896484e+01,    1.1143000126e+00,    2.9423499107e-01,
    1.1153999567e+00,    1.0338899612e+01,    1.1153999567e+00,    6.2748401642e+01,    1.1153999567e+00,   -4.0884599090e-02,
    1.1165000200e+00,   -1.2582699776e+01,    1.1165000200e+00,    6.6670799255e+01,    1.1165000200e+00,    3.6113300920e-01,
    1.1175999641e+00,    1.4510399818e+01,    1.1175999641e+00,    6.4976402283e+01,    1.1175999641e+00,   -1.2704899535e-02,
    1.1187000275e+00,   -1.6472600937e+01,    1.1187000275e+00,    6.4589500427e+01,    1.1187000275e+00,    2.4931900203e-01,
    1.1197999716e+00,    1.5282600403e+01,    1.1197999716e+00,    6.7126998901e+01,    1.1197999716e+00,    2.0174500346e-01,
    1.1209000349e+00,   -1.6608499527e+01,    1.1209000349e+00,    6.2126201630e+01,    1.1209000349e+00,    8.1535302103e-02,
    1.1219999790e+00,    1.2656299591e+01,    1.1219999790e+00,    6.8526298523e+01,    1.1219999790e+00,    3.2152700424e-01,
    1.1231000423e+00,   -1.2944100380e+01,    1.1231000423e+00,    6.0582801819e+01,    1.1231000423e+00,    3.1215900555e-02,
    1.1241999865e+00,    7.6005997658e+00,    1.1241999865e+00,    6.8742996216e+01,    1.1241999865e+00,    4.6408098936e-01,
    1.1253000498e+00,   -5.9863100052e+00,    1.1253000498e+00,    5.9758300781e+01,    1.1253000498e+00,    1.7024199665e-01,
    1.1263999939e+00,    6.0343497992e-01,    1.1263999939e+00,    6.8021896362e+01,    1.1263999939e+00,    3.1768199801e-01,
    1.1275000572e+00,    2.2420499325e+00,    1.1275000572e+00,    5.9888698578e+01,    1.1275000572e+00,    9.7186103463e-02,
    1.1286000013e+00,   -6.9165401459e+00,    1.1286000013e+00,    6.6999298096e+01,    1.1286000013e+00,    2.7617800236e-01,
    1.1296999454e+00,    1.0082400322e+01,    1.1296999454e+00,    6.0933700562e+01,    1.1296999454e+00,    4.1212201118e-02,
    1.1308000088e+00,   -1.3635199547e+01,    1.1308000088e+00,    6.5158699036e+01,    1.1308000088e+00,    2.3960700631e-01,
    1.1318999529e+00,    1.5423500061e+01,    1.1318999529e+00,    6.2770301819e+01,    1.1318999529e+00,    1.0130500048e-01,
    1.1330000162e+00,   -1.8244800568e+01,    1.1330000162e+00,    6.2876701355e+01,    1.1330000162e+00,    2.2214999795e-01,
    1.1340999603e+00,    1.7032800674e+01,    1.1340999603e+00,    6.4829902649e+01,    1.1340999603e+00,    2.0336699486e-01,
    1.1352000237e+00,   -1.8917100906e+01,    1.1352000237e+00,    6.0738800049e+01,    1.1352000237e+00,    3.0155299231e-02,
    1.1362999678e+00,    1.4691800117e+01,    1.1362999678e+00,    6.6573501587e+01,    1.1362999678e+00,    8.9797697961e-02,
    1.1374000311e+00,   -1.5394499779e+01,    1.1374000311e+00,    5.9654800415e+01,    1.1374000311e+00,   -1.5483999625e-02,
    1.1384999752e+00,    9.2300300598e+00,    1.1384999752e+00,    6.7038002014e+01,    1.1384999752e+00,    2.4192899466e-01,
    1.1396000385e+00,   -8.1263599396e+00,    1.1396000385e+00,    5.9072399139e+01,    1.1396000385e+00,    3.5756401718e-02,
    1.1406999826e+00,    1.6776499748e+00,    1.1406999826e+00,    6.6661003113e+01,    1.1406999826e+00,    2.8221899271e-01,
    1.1418000460e+00,    9.7543799877e-01,    1.1418000460e+00,    5.8914299011e+01,    1.1418000460e+00,    9.5371596515e-02,
    1.1428999901e+00,   -6.3566098213e+00,    1.1428999901e+00,    6.5977203369e+01,    1.1428999901e+00,    3.9693298936e-01,
    1.1440000534e+00,    9.4265203476e+00,    1.1440000534e+00,    6.0448699951e+01,    1.1440000534e+00,   -6.6939599812e-02,
    1.1450999975e+00,   -1.3677900314e+01,    1.1450999975e+00,    6.5129898071e+01,    1.1450999975e+00,    2.4084800482e-01,
    1.1461999416e+00,    1.5980099678e+01,    1.1461999416e+00,    6.2718200684e+01,    1.1461999416e+00,   -1.4000399411e-01,
    1.1473000050e+00,   -1.8880300522e+01,    1.1473000050e+00,    6.3636100769e+01,    1.1473000050e+00,    2.7130400762e-02,
    1.1483999491e+00,    1.8504899979e+01,    1.1483999491e+00,    6.4869400024e+01,    1.1483999491e+00,   -1.8140099943e-01,
    1.1495000124e+00,   -2.0379600525e+01,    1.1495000124e+00,    6.2056800842e+01,    1.1495000124e+00,   -7.6365597546e-02,
    1.1505999565e+00,    1.6382299423e+01,    1.1505999565e+00,    6.6890403748e+01,    1.1505999565e+00,   -5.0237499177e-02,
    1.1517000198e+00,   -1.6833400726e+01,    1.1517000198e+00,    6.1208801270e+01,    1.1517000198e+00,   -1.3915500045e-01,
    1.1527999640e+00,    1.0954099655e+01,    1.1527999640e+00,    6.7755599976e+01,    1.1527999640e+00,    1.5540499985e-01,
    1.1539000273e+00,   -9.4400596619e+00,    1.1539000273e+00,    6.0819900513e+01,    1.1539000273e+00,   -6.9100700319e-02,
    1.1549999714e+00,    3.2059199810e+00,    1.1549999714e+00,    6.7602302551e+01,    1.1549999714e+00,    1.7615500093e-01,
    1.1561000347e+00,   -3.0870699883e-01,    1.1561000347e+00,    6.1366401672e+01,    1.1561000347e+00,    3.9198398590e-02,
    1.1571999788e+00,   -5.4758100510e+00,    1.1571999788e+00,    6.7488998413e+01,    1.1571999788e+00,    1.4929600060e-01,
    1.1583000422e+00,    8.8244104385e+00,    1.1583000422e+00,    6.2496101379e+01,    1.1583000422e+00,    8.5116900504e-02,
    1.1593999863e+00,   -1.3313500404e+01,    1.1593999863e+00,    6.6428596497e+01,    1.1593999863e+00,    8.6684599519e-02,
    1.1605000496e+00,    1.5909600258e+01,    1.1605000496e+00,    6.3850799561e+01,    1.1605000496e+00,   -4.1361499578e-02,
    1.1615999937e+00,   -1.8916400909e+01,    1.1615999937e+00,    6.4989303589e+01,    1.1615999937e+00,    3.9739299566e-02,
    1.1627000570e+00,    1.9342800140e+01,    1.1627000570e+00,    6.6024299622e+01,    1.1627000570e+00,   -8.6266398430e-02,
    1.1638000011e+00,   -2.0848400116e+01,    1.1638000011e+00,    6.3786899567e+01,    1.1638000011e+00,    4.5898698270e-02,
    1.1648999453e+00,    1.8217599869e+01,    1.1648999453e+00,    6.8190200806e+01,    1.1648999453e+00,   -1.2270600349e-01,
    1.1660000086e+00,   -1.8027000427e+01,    1.1660000086e+00,    6.2990100861e+01,    1.1660000086e+00,   -8.3430498838e-02,
    1.1670999527e+00,    1.2866800308e+01,    1.1670999527e+00,    6.9201301575e+01,    1.1670999527e+00,   -6.9996900856e-02,
    1.1682000160e+00,   -1.0834199905e+01,    1.1682000160e+00,    6.3027099609e+01,    1.1682000160e+00,   -1.2748199701e-01,
    1.1692999601e+00,    5.1256899834e+00,    1.1692999601e+00,    6.9544700623e+01,    1.1692999601e+00,    4.0328700095e-02,
    1.1704000235e+00,   -8.9883601665e-01,    1.1704000235e+00,    6.3575401306e+01,    1.1704000235e+00,   -8.4530800581e-02,
    1.1714999676e+00,   -3.8074800968e+00,    1.1714999676e+00,    6.9220802307e+01,    1.1714999676e+00,    1.8067300320e-01,
    1.1726000309e+00,    8.8329200745e+00,    1.1726000309e+00,    6.4299003601e+01,    1.1726000309e+00,    1.1686299928e-02,
    1.1736999750e+00,   -1.2209400177e+01,    1.1736999750e+00,    6.7954803467e+01,    1.1736999750e+00,    2.0584599674e-01,
    1.1748000383e+00,    1.6661199570e+01,    1.1748000383e+00,    6.5829299927e+01,    1.1748000383e+00,    1.2758299708e-01,
    1.1758999825e+00,   -1.8851100922e+01,    1.1758999825e+00,    6.6845298767e+01,    1.1758999825e+00,    6.7474298179e-02,
    1.1770000458e+00,    2.0624500275e+01,    1.1770000458e+00,    6.8063003540e+01,    1.1770000458e+00,    1.8084900081e-01,
    1.1780999899e+00,   -2.1501300812e+01,    1.1780999899e+00,    6.5747596741e+01,    1.1780999899e+00,    2.4242799729e-02,
    1.1792000532e+00,    1.9742599487e+01,    1.1792000532e+00,    6.9963500977e+01,    1.1792000532e+00,    1.1879500002e-01,
    1.1802999973e+00,   -1.8748800278e+01,    1.1802999973e+00,    6.5161903381e+01,    1.1802999973e+00,   -6.9222800434e-02,
    1.1813999414e+00,    1.4460700035e+01,    1.1813999414e+00,    7.1019302368e+01,    1.1813999414e+00,   -1.5358899720e-02,
    1.1825000048e+00,   -1.1478599548e+01,    1.1825000048e+00,    6.5121398926e+01,    1.1825000048e+00,   -1.1264199764e-01,
    1.1835999489e+00,    6.1172399521e+00,    1.1835999489e+00,    7.1286399841e+01,    1.1835999489e+00,   -2.4975501001e-03,
    1.1847000122e+00,   -1.4015100002e+00,    1.1847000122e+00,    6.5609901428e+01,    1.1847000122e+00,   -6.2242999673e-02,
    1.1857999563e+00,   -3.2341101170e+00,    1.1857999563e+00,    7.0530403137e+01,    1.1857999563e+00,   -6.7378297448e-02,
    1.1869000196e+00,    8.9638099670e+00,    1.1869000196e+00,    6.6164199829e+01,    1.1869000196e+00,    1.4257299714e-02,
    1.1879999638e+00,   -1.1973699570e+01,    1.1879999638e+00,    6.8942497253e+01,    1.1879999638e+00,    8.3829298615e-02,
    1.1891000271e+00,    1.7174800873e+01,    1.1891000271e+00,    6.6746803284e+01,    1.1891000271e+00,    8.3599098027e-02,
    1.1901999712e+00,   -1.8557100296e+01,    1.1901999712e+00,    6.7542701721e+01,    1.1901999712e+00,    4.0773700923e-02,
    1.1913000345e+00,    2.1512899399e+01,    1.1913000345e+00,    6.8357803345e+01,    1.1913000345e+00,    1.4435799420e-01,
    1.1923999786e+00,   -2.1287799835e+01,    1.1923999786e+00,    6.5712898254e+01,    1.1923999786e+00,   -6.1434399337e-02,
    1.1935000420e+00,    2.1101800919e+01,    1.1935000420e+00,    6.9493499756e+01,    1.1935000420e+00,    6.4204797149e-02,
    1.1945999861e+00,   -1.8770599365e+01,    1.1945999861e+00,    6.4162803650e+01,    1.1945999861e+00,   -4.7085199505e-02,
    1.1957000494e+00,    1.6013099670e+01,    1.1957000494e+00,    6.9868797302e+01,    1.1957000494e+00,    3.8844000082e-03,
    1.1967999935e+00,   -1.1699600220e+01,    1.1967999935e+00,    6.3521900177e+01,    1.1967999935e+00,   -1.0701800138e-01,
    1.1979000568e+00,    7.5993399620e+00,    1.1979000568e+00,    6.9852699280e+01,    1.1979000568e+00,    8.9485600591e-02,
    1.1990000010e+00,   -1.5779000521e+00,    1.1990000010e+00,    6.3583400726e+01,    1.1990000010e+00,    1.5908800066e-02,
    1.2000999451e+00,   -1.9874500036e+00,    1.2000999451e+00,    6.8738502502e+01,    1.2000999451e+00,    6.8682603538e-02,
    1.2012000084e+00,    8.9107303619e+00,    1.2012000084e+00,    6.3755901337e+01,    1.2012000084e+00,    4.4692598283e-02,
    1.2022999525e+00,   -1.1228500366e+01,    1.2022999525e+00,    6.6983703613e+01,    1.2022999525e+00,   -1.8467400223e-02,
    1.2034000158e+00,    1.7516500473e+01,    1.2034000158e+00,    6.4718101501e+01,    1.2034000158e+00,   -2.3901799694e-02,
    1.2044999599e+00,   -1.8549800873e+01,    1.2044999599e+00,    6.5040199280e+01,    1.2044999599e+00,   -1.5574799478e-01,
    1.2056000233e+00,    2.2427099228e+01,    1.2056000233e+00,    6.5370796204e+01,    1.2056000233e+00,   -1.2995100021e-01,
    1.2066999674e+00,   -2.1784200668e+01,    1.2066999674e+00,    6.2738399506e+01,    1.2066999674e+00,   -2.7071699500e-01,
    1.2078000307e+00,    2.2105899811e+01,    1.2078000307e+00,    6.6384803772e+01,    1.2078000307e+00,   -1.6784599423e-01,
    1.2088999748e+00,   -1.9504100800e+01,    1.2088999748e+00,    6.1131099701e+01,    1.2088999748e+00,   -3.1481400132e-01,
    1.2100000381e+00,    1.7139699936e+01,    1.2100000381e+00,    6.6571800232e+01,    1.2100000381e+00,   -1.3822799921e-01,
    1.2110999823e+00,   -1.2332900047e+01,    1.2110999823e+00,    6.0176799774e+01,    1.2110999823e+00,   -2.6327401400e-01,
    1.2122000456e+00,    8.8069801331e+00,    1.2122000456e+00,    6.5780799866e+01,    1.2122000456e+00,   -9.9206998944e-02,
    1.2132999897e+00,   -2.3065800667e+00,    1.2132999897e+00,    5.9751598358e+01,    1.2132999897e+00,   -1.6989700496e-01,
    1.2144000530e+00,   -9.3671399355e-01,    1.2144000530e+00,    6.4205596924e+01,    1.2144000530e+00,   -6.3329800963e-02,
    1.2154999971e+00,    8.2300100327e+00,    1.2154999971e+00,    5.9441600800e+01,    1.2154999971e+00,   -9.8010502756e-02,
    1.2165999413e+00,   -1.0393199921e+01,    1.2165999413e+00,    6.3015098572e+01,    1.2165999413e+00,   -1.4336800575e-01,
    1.2177000046e+00,    1.7096900940e+01,    1.2177000046e+00,    6.0811798096e+01,    1.2177000046e+00,   -9.8548099399e-02,
    1.2187999487e+00,   -1.7996000290e+01,    1.2187999487e+00,    6.2289100647e+01,    1.2187999487e+00,   -2.8348898888e-01,
    1.2199000120e+00,    2.2556699753e+01,    1.2199000120e+00,    6.2700901031e+01,    1.2199000120e+00,   -1.7125000060e-01,
    1.2209999561e+00,   -2.1764799118e+01,    1.2209999561e+00,    6.1053398132e+01,    1.2209999561e+00,   -4.4892200828e-01,
    1.2221000195e+00,    2.2891199112e+01,    1.2221000195e+00,    6.4152603149e+01,    1.2221000195e+00,   -2.5180599093e-01,
    1.2231999636e+00,   -2.0078800201e+01,    1.2231999636e+00,    6.0203701019e+01,    1.2231999636e+00,   -4.2462500930e-01,
    1.2243000269e+00,    1.8397300720e+01,    1.2243000269e+00,    6.5341102600e+01,    1.2243000269e+00,   -3.3561900258e-01,
    1.2253999710e+00,   -1.3359700203e+01,    1.2253999710e+00,    6.0074100494e+01,    1.2253999710e+00,   -3.4401598573e-01,
    1.2265000343e+00,    9.9359598160e+00,    1.2265000343e+00,    6.5284698486e+01,    1.2265000343e+00,   -2.9146298766e-01,
    1.2275999784e+00,   -3.3092799187e+00,    1.2275999784e+00,    6.0027999878e+01,    1.2275999784e+00,   -1.8673799932e-01,
    1.2287000418e+00,   -1.9865300506e-02,    1.2287000418e+00,    6.5250297546e+01,    1.2287000418e+00,   -2.2264599800e-01,
    1.2297999859e+00,    7.6390500069e+00,    1.2297999859e+00,    6.0942401886e+01,    1.2297999859e+00,   -1.2700200081e-01,
    1.2309000492e+00,   -1.0031499863e+01,    1.2309000492e+00,    6.5161598206e+01,    1.2309000492e+00,   -2.6043200493e-01,
    1.2319999933e+00,    1.7338199615e+01,    1.2319999933e+00,    6.2719100952e+01,    1.2319999933e+00,    9.6207000315e-02,
    1.2331000566e+00,   -1.8291799545e+01,    1.2331000566e+00,    6.4783401489e+01,    1.2331000566e+00,   -3.4444600344e-01,
    1.2342000008e+00,    2.3783100128e+01,    1.2342000008e+00,    6.4583801270e+01,    1.2342000008e+00,    7.0896901190e-02,
    1.2352999449e+00,   -2.2983100891e+01,    1.2352999449e+00,    6.4064102173e+01,    1.2352999449e+00,   -3.8722100854e-01,
    1.2364000082e+00,    2.4914699554e+01,    1.2364000082e+00,    6.6364700317e+01,    1.2364000082e+00,   -3.8988601416e-02,
    1.2374999523e+00,   -2.2036399841e+01,    1.2374999523e+00,    6.3700298309e+01,    1.2374999523e+00,   -3.5816499591e-01,
    1.2386000156e+00,    2.0429199219e+01,    1.2386000156e+00,    6.7370498657e+01,    1.2386000156e+00,   -1.8069300056e-01,
    1.2396999598e+00,   -1.5203100204e+01,    1.2396999598e+00,    6.3678199768e+01,    1.2396999598e+00,   -1.6173900664e-01,
    1.2408000231e+00,    1.1825799942e+01,    1.2408000231e+00,    6.8079299927e+01,    1.2408000231e+00,   -1.8643300235e-01,
    1.2418999672e+00,   -4.8851699829e+00,    1.2418999672e+00,    6.3841800690e+01,    1.2418999672e+00,   -1.2228400260e-01,
    1.2430000305e+00,    1.0492600203e+00,    1.2430000305e+00,    6.8329902649e+01,    1.2430000305e+00,   -1.2283100188e-01,
    1.2440999746e+00,    6.6442699432e+00,    1.2440999746e+00,    6.4511497498e+01,    1.2440999746e+00,    5.9214498848e-02,
    1.2452000380e+00,   -9.5749197006e+00,    1.2452000380e+00,    6.7962196350e+01,    1.2452000380e+00,   -2.0298300683e-01,
    1.2462999821e+00,    1.7003900528e+01,    1.2462999821e+00,    6.5245697021e+01,    1.2462999821e+00,    4.4142100960e-02,
    1.2474000454e+00,   -1.8638299942e+01,    1.2474000454e+00,    6.7254203796e+01,    1.2474000454e+00,   -3.3746099472e-01,
    1.2484999895e+00,    2.4207700729e+01,    1.2484999895e+00,    6.6623001099e+01,    1.2484999895e+00,   -3.9912100881e-02,
    1.2496000528e+00,   -2.4114999771e+01,    1.2496000528e+00,    6.6367897034e+01,    1.2496000528e+00,   -3.0248698592e-01,
    1.2506999969e+00,    2.6284299850e+01,    1.2506999969e+00,    6.7751800537e+01,    1.2506999969e+00,   -2.6142399758e-02,
    1.2517999411e+00,   -2.3777700424e+01,    1.2517999411e+00,    6.5837303162e+01,    1.2517999411e+00,   -2.5585898757e-01,
    1.2529000044e+00,    2.2333999634e+01,    1.2529000044e+00,    6.8585098267e+01,    1.2529000044e+00,   -1.9539099932e-01,
    1.2539999485e+00,   -1.7538799286e+01,    1.2539999485e+00,    6.5690399170e+01,    1.2539999485e+00,   -1.5355099738e-01,
    1.2551000118e+00,    1.3723799706e+01,    1.2551000118e+00,    6.9121002197e+01,    1.2551000118e+00,   -1.9325000048e-01,
    1.2561999559e+00,   -7.1682701111e+00,    1.2561999559e+00,    6.5728202820e+01,    1.2561999559e+00,    4.4818599708e-03,
    1.2573000193e+00,    2.6722900867e+00,    1.2573000193e+00,    6.9187103271e+01,    1.2573000193e+00,   -1.1136099696e-01,
    1.2583999634e+00,    4.4136600494e+00,    1.2583999634e+00,    6.5416603088e+01,    1.2583999634e+00,   -1.1139100045e-01,
    1.2595000267e+00,   -8.3049697876e+00,    1.2595000267e+00,    6.7975097656e+01,    1.2595000267e+00,   -8.2098901272e-02,
    1.2605999708e+00,    1.5237299919e+01,    1.2605999708e+00,    6.5432502747e+01,    1.2605999708e+00,   -5.4928399622e-02,
    1.2617000341e+00,   -1.8089899063e+01,    1.2617000341e+00,    6.7058700562e+01,    1.2617000341e+00,   -3.2721701264e-01,
    1.2627999783e+00,    2.3153099060e+01,    1.2627999783e+00,    6.6318397522e+01,    1.2627999783e+00,   -2.7609599754e-02,
    1.2639000416e+00,   -2.4558900833e+01,    1.2639000416e+00,    6.6565299988e+01,    1.2639000416e+00,   -5.0307798386e-01,
    1.2649999857e+00,    2.6186399460e+01,    1.2649999857e+00,    6.7243400574e+01,    1.2649999857e+00,   -5.5317800492e-02,
    1.2661000490e+00,   -2.5535499573e+01,    1.2661000490e+00,    6.6059402466e+01,    1.2661000490e+00,   -3.3937799931e-01,
    1.2671999931e+00,    2.3409500122e+01,    1.2671999931e+00,    6.7316703796e+01,    1.2671999931e+00,   -1.4579500258e-01,
    1.2683000565e+00,   -2.0339300156e+01,    1.2683000565e+00,    6.5265899658e+01,    1.2683000565e+00,   -2.8874999285e-01,
    1.2694000006e+00,    1.5566399574e+01,    1.2694000006e+00,    6.7311401367e+01,    1.2694000006e+00,   -1.1228699982e-01,
    1.2704999447e+00,   -1.0676500320e+01,    1.2704999447e+00,    6.4276000977e+01,    1.2704999447e+00,   -1.4125999808e-01,
    1.2716000080e+00,    4.5744099617e+00,    1.2716000080e+00,    6.7074401855e+01,    1.2716000080e+00,   -8.6660802364e-02,
    1.2726999521e+00,    1.3327200413e+00,    1.2726999521e+00,    6.3985801697e+01,    1.2726999521e+00,    7.0464402437e-02,
    1.2738000154e+00,   -6.9837598801e+00,    1.2738000154e+00,    6.6584098816e+01,    1.2738000154e+00,   -1.0404399782e-01,
    1.2748999596e+00,    1.3009300232e+01,    1.2748999596e+00,    6.4248703003e+01,    1.2748999596e+00,   -4.1117601097e-02,
    1.2760000229e+00,   -1.7468000412e+01,    1.2760000229e+00,    6.5731101990e+01,    1.2760000229e+00,   -1.6697700322e-01,
    1.2770999670e+00,    2.1927499771e+01,    1.2770999670e+00,    6.4455398560e+01,    1.2770999670e+00,    8.9728698134e-02,
    1.2782000303e+00,   -2.4885499954e+01,    1.2782000303e+00,    6.4823799133e+01,    1.2782000303e+00,   -3.5113200545e-01,
    1.2792999744e+00,    2.6195899963e+01,    1.2792999744e+00,    6.5212898254e+01,    1.2792999744e+00,    1.7965799570e-01,
    1.2804000378e+00,   -2.7065900803e+01,    1.2804000378e+00,    6.4181198120e+01,    1.2804000378e+00,   -2.9485499859e-01,
    1.2814999819e+00,    2.4603399277e+01,    1.2814999819e+00,    6.5508499146e+01,    1.2814999819e+00,    1.0061600059e-01,
    1.2826000452e+00,   -2.3210100174e+01,    1.2826000452e+00,    6.3596199036e+01,    1.2826000452e+00,   -1.6303700209e-01,
    1.2836999893e+00,    1.7648799896e+01,    1.2836999893e+00,    6.5605697632e+01,    1.2836999893e+00,    4.8577498645e-02,
    1.2848000526e+00,   -1.4207099915e+01,    1.2848000526e+00,    6.3284301758e+01,    1.2848000526e+00,    1.1276599765e-01,
    1.2858999968e+00,    6.9608898163e+00,    1.2858999968e+00,    6.5589996338e+01,    1.2858999968e+00,    3.0816600192e-03,
    1.2869999409e+00,   -2.8348400593e+00,    1.2869999409e+00,    6.2751998901e+01,    1.2869999409e+00,    2.6117798686e-01,
    1.2881000042e+00,   -4.6903200150e+00,    1.2881000042e+00,    6.5188400269e+01,    1.2881000042e+00,    3.1120300293e-02,
    1.2891999483e+00,    9.0650901794e+00,    1.2891999483e+00,    6.2491298676e+01,    1.2891999483e+00,    3.4904798865e-01,
    1.2903000116e+00,   -1.5536299706e+01,    1.2903000116e+00,    6.4054603577e+01,    1.2903000116e+00,   -4.3436498381e-03,
    1.2913999557e+00,    1.9173900604e+01,    1.2913999557e+00,    6.2843101501e+01,    1.2913999557e+00,    1.8274900317e-01,
    1.2925000191e+00,   -2.4043800354e+01,    1.2925000191e+00,    6.3431400299e+01,    1.2925000191e+00,   -5.3665500134e-02,
    1.2935999632e+00,    2.5196599960e+01,    1.2935999632e+00,    6.3768299103e+01,    1.2935999632e+00,    1.6522899270e-01,
    1.2947000265e+00,   -2.7888200760e+01,    1.2947000265e+00,    6.3259399414e+01,    1.2947000265e+00,   -1.0162600130e-01,
    1.2957999706e+00,    2.5869499207e+01,    1.2957999706e+00,    6.4487098694e+01,    1.2957999706e+00,    2.1896100044e-01,
    1.2969000340e+00,   -2.5756599426e+01,    1.2969000340e+00,    6.2833499908e+01,    1.2969000340e+00,   -1.7170600593e-01,
    1.2979999781e+00,    2.0856500626e+01,    1.2979999781e+00,    6.4896697998e+01,    1.2979999781e+00,    1.6584999859e-01,
    1.2991000414e+00,   -1.8306200027e+01,    1.2991000414e+00,    6.2151599884e+01,    1.2991000414e+00,   -8.5211098194e-02,
    1.3001999855e+00,    1.1509900093e+01,    1.3001999855e+00,    6.5500000000e+01,    1.3001999855e+00,    1.3597899675e-01,
    1.3013000488e+00,   -7.2769498825e+00,    1.3013000488e+00,    6.2057098389e+01,    1.3013000488e+00,    5.8169998229e-02,
    1.3023999929e+00,   -2.0489299297e-01,    1.3023999929e+00,    6.5491500854e+01,    1.3023999929e+00,    1.3848799467e-01,
    1.3035000563e+00,    4.9068598747e+00,    1.3035000563e+00,    6.2173099518e+01,    1.3035000563e+00,    1.5316399932e-01,
    1.3046000004e+00,   -1.1713399887e+01,    1.3046000004e+00,    6.5393501282e+01,    1.3046000004e+00,    5.1234498620e-02,
    1.3056999445e+00,    1.6123800278e+01,    1.3056999445e+00,    6.3390899658e+01,    1.3056999445e+00,    2.1749199927e-01,
    1.3068000078e+00,   -2.1431699753e+01,    1.3068000078e+00,    6.4848800659e+01,    1.3068000078e+00,   -1.2254399806e-01,
    1.3078999519e+00,    2.3965200424e+01,    1.3078999519e+00,    6.4278396606e+01,    1.3078999519e+00,    8.9085802436e-02,
    1.3090000153e+00,   -2.7306900024e+01,    1.3090000153e+00,    6.4396598816e+01,    1.3090000153e+00,   -1.8725000322e-01,
    1.3100999594e+00,    2.6753499985e+01,    1.3100999594e+00,    6.5723602295e+01,    1.3100999594e+00,    6.7394703627e-02,
    1.3112000227e+00,   -2.7826900482e+01,    1.3112000227e+00,    6.4664901733e+01,    1.3112000227e+00,   -2.8822499514e-01,
    1.3122999668e+00,    2.4128200531e+01,    1.3122999668e+00,    6.6988800049e+01,    1.3122999668e+00,    1.5921700001e-01,
    1.3134000301e+00,   -2.2792100906e+01,    1.3134000301e+00,    6.4268203735e+01,    1.3134000301e+00,   -3.0491700768e-01,
    1.3144999743e+00,    1.6402200699e+01,    1.3144999743e+00,    6.7323303223e+01,    1.3144999743e+00,    1.0146900266e-01,
    1.3156000376e+00,   -1.2721699715e+01,    1.3156000376e+00,    6.3986400604e+01,    1.3156000376e+00,   -7.3669396341e-02,
    1.3166999817e+00,    5.5126299858e+00,    1.3166999817e+00,    6.8469100952e+01,    1.3166999817e+00,   -8.6344100535e-02,
    1.3178000450e+00,   -4.2288199067e-01,    1.3178000450e+00,    6.4549499512e+01,    1.3178000450e+00,    2.8462199494e-02,
    1.3188999891e+00,   -6.5425200462e+00,    1.3188999891e+00,    6.8484802246e+01,    1.3188999891e+00,   -6.8100802600e-02,
    1.3200000525e+00,    1.1554900169e+01,    1.3200000525e+00,    6.5082000732e+01,    1.3200000525e+00,    1.0579600185e-01,
    1.3210999966e+00,   -1.7354900360e+01,    1.3210999966e+00,    6.7465797424e+01,    1.3210999966e+00,   -7.0958398283e-02,
    1.3221999407e+00,    2.1571699142e+01,    1.3221999407e+00,    6.5770797729e+01,    1.3221999407e+00,    1.1601799726e-01,
    1.3233000040e+00,   -2.5479999542e+01,    1.3233000040e+00,    6.6520500183e+01,    1.3233000040e+00,   -3.6518201232e-01,
    1.3243999481e+00,    2.6978799820e+01,    1.3243999481e+00,    6.6595901489e+01,    1.3243999481e+00,    8.8118001819e-02,
    1.3255000114e+00,   -2.8573499680e+01,    1.3255000114e+00,    6.5705398560e+01,    1.3255000114e+00,   -3.6568400264e-01,
    1.3265999556e+00,    2.7306699753e+01,    1.3265999556e+00,    6.7552299500e+01,    1.3265999556e+00,    3.8547299802e-02,
    1.3277000189e+00,   -2.6321199417e+01,    1.3277000189e+00,    6.5169197083e+01,    1.3277000189e+00,   -3.4093698859e-01,
    1.3287999630e+00,    2.2268899918e+01,    1.3287999630e+00,    6.8031196594e+01,    1.3287999630e+00,   -4.5546699315e-02,
    1.3299000263e+00,   -1.9060499191e+01,    1.3299000263e+00,    6.4405899048e+01,    1.3299000263e+00,   -1.8616500497e-01,
    1.3309999704e+00,    1.2995599747e+01,    1.3309999704e+00,    6.8584503174e+01,    1.3309999704e+00,   -2.2258099634e-03,
    1.3321000338e+00,   -7.6733198166e+00,    1.3321000338e+00,    6.4483497620e+01,    1.3321000338e+00,   -2.8153900057e-02,
    1.3331999779e+00,    9.2238497734e-01,    1.3331999779e+00,    6.8937202454e+01,    1.3331999779e+00,   -9.7376897931e-02,
    1.3343000412e+00,    4.7736902237e+00,    1.3343000412e+00,    6.4768203735e+01,    1.3343000412e+00,    7.5154297054e-02,
    1.3353999853e+00,   -1.0805600166e+01,    1.3353999853e+00,    6.8570098877e+01,    1.3353999853e+00,   -1.1465799809e-01,
    1.3365000486e+00,    1.6677900314e+01,    1.3365000486e+00,    6.5704902649e+01,    1.3365000486e+00,    1.8365100026e-01,
    1.3375999928e+00,   -2.1169700623e+01,    1.3375999928e+00,    6.7608703613e+01,    1.3375999928e+00,   -2.8922501206e-01,
    1.3387000561e+00,    2.5038400650e+01,    1.3387000561e+00,    6.6550498962e+01,    1.3387000561e+00,    1.6893400252e-01,
    1.3398000002e+00,   -2.7928899765e+01,    1.3398000002e+00,    6.6864601135e+01,    1.3398000002e+00,   -3.4604999423e-01,
    1.3408999443e+00,    2.8916299820e+01,    1.3408999443e+00,    6.7715797424e+01,    1.3408999443e+00,    1.9725400209e-01,
    1.3420000076e+00,   -2.9712400436e+01,    1.3420000076e+00,    6.6436897278e+01,    1.3420000076e+00,   -4.7870001197e-01,
    1.3430999517e+00,    2.7607099533e+01,    1.3430999517e+00,    6.8653701782e+01,    1.3430999517e+00,    1.1344499886e-01,
    1.3442000151e+00,   -2.6065200806e+01,    1.3442000151e+00,    6.6151298523e+01,    1.3442000151e+00,   -3.2364600897e-01,
    1.3452999592e+00,    2.1413600922e+01,    1.3452999592e+00,    6.9323997498e+01,    1.3452999592e+00,    5.0890401006e-02,
    1.3464000225e+00,   -1.7513000488e+01,    1.3464000225e+00,    6.5802803040e+01,    1.3464000225e+00,   -2.3697799444e-01,
    1.3474999666e+00,    1.1490099907e+01,    1.3474999666e+00,    6.9672599792e+01,    1.3474999666e+00,    4.3189901859e-02,
    1.3486000299e+00,   -5.8278899193e+00,    1.3486000299e+00,    6.5629699707e+01,    1.3486000299e+00,   -7.2696797550e-02,
    1.3496999741e+00,   -5.0164800882e-01,    1.3496999741e+00,    6.9953102112e+01,    1.3496999741e+00,    8.0097399652e-02,
    1.3508000374e+00,    6.4612598419e+00,    1.3508000374e+00,    6.5745697021e+01,    1.3508000374e+00,    2.7863100171e-02,
    1.3518999815e+00,   -1.2195300102e+01,    1.3518999815e+00,    6.8961898804e+01,    1.3518999815e+00,   -6.1562698334e-02,
    1.3530000448e+00,    1.7380800247e+01,    1.3530000448e+00,    6.6253501892e+01,    1.3530000448e+00,    5.1470100880e-03,
    1.3540999889e+00,   -2.1913600922e+01,    1.3540999889e+00,    6.8397598267e+01,    1.3540999889e+00,   -1.8693199754e-01,
    1.3552000523e+00,    2.5831199646e+01,    1.3552000523e+00,    6.7539001465e+01,    1.3552000523e+00,    8.5046902299e-02,
    1.3562999964e+00,   -2.8675500870e+01,    1.3562999964e+00,    6.8371597290e+01,    1.3562999964e+00,   -3.3129501343e-01,
    1.3573999405e+00,    2.9783700943e+01,    1.3573999405e+00,    6.8455299377e+01,    1.3573999405e+00,   -4.9624801613e-04,
    1.3585000038e+00,   -3.1003799438e+01,    1.3585000038e+00,    6.8018997192e+01,    1.3585000038e+00,   -3.7827199697e-01,
    1.3595999479e+00,    2.9724700928e+01,    1.3595999479e+00,    6.9497398376e+01,    1.3595999479e+00,    6.8044997752e-03,
    1.3607000113e+00,   -2.8787799835e+01,    1.3607000113e+00,    6.8060997009e+01,    1.3607000113e+00,   -3.1086000800e-01,
    1.3617999554e+00,    2.5364200592e+01,    1.3617999554e+00,    7.0237800598e+01,    1.3617999554e+00,    2.4903099984e-02,
    1.3629000187e+00,   -2.1930500031e+01,    1.3629000187e+00,    6.7968803406e+01,    1.3629000187e+00,   -3.0671399832e-01,
    1.3639999628e+00,    1.7141300201e+01,    1.3639999628e+00,    7.0552398682e+01,    1.3639999628e+00,    7.4656400830e-03,
    1.3651000261e+00,   -1.1744400024e+01,    1.3651000261e+00,    6.7158401489e+01,    1.3651000261e+00,   -2.3995499313e-01,
    1.3661999702e+00,    6.6261401176e+00,    1.3661999702e+00,    7.1267402649e+01,    1.3661999702e+00,   -6.3222697936e-03,
    1.3673000336e+00,    9.4704702497e-02,    1.3673000336e+00,    6.7824501038e+01,    1.3673000336e+00,   -1.4914900064e-01,
    1.3683999777e+00,   -5.3463501930e+00,    1.3683999777e+00,    7.1868202209e+01,    1.3683999777e+00,   -1.2752799690e-01,
    1.3695000410e+00,    1.1651599884e+01,    1.3695000410e+00,    6.8668197632e+01,    1.3695000410e+00,   -4.3826099485e-02,
    1.3705999851e+00,   -1.6137899399e+01,    1.3705999851e+00,    7.1296401978e+01,    1.3705999851e+00,   -2.5070101023e-01,
    1.3717000484e+00,    2.1418899536e+01,    1.3717000484e+00,    6.9040496826e+01,    1.3717000484e+00,    1.4197000302e-02,
    1.3727999926e+00,   -2.5079900742e+01,    1.3727999926e+00,    7.0500000000e+01,    1.3727999926e+00,   -3.1395900249e-01,
    1.3739000559e+00,    2.8212900162e+01,    1.3739000559e+00,    6.9872703552e+01,    1.3739000559e+00,   -4.7043599188e-02,
    1.3750000000e+00,   -3.0364599228e+01,    1.3750000000e+00,    6.9521697998e+01,    1.3750000000e+00,   -2.7867600322e-01,
    1.3760999441e+00,    3.1161699295e+01,    1.3760999441e+00,    6.9778800964e+01,    1.3760999441e+00,   -1.1671300232e-01,
    1.3772000074e+00,   -3.1726100922e+01,    1.3772000074e+00,    6.8376296997e+01,    1.3772000074e+00,   -3.3154499531e-01,
    1.3782999516e+00,    3.0012100220e+01,    1.3782999516e+00,    6.9625000000e+01,    1.3782999516e+00,   -2.1380500868e-02,
    1.3794000149e+00,   -2.8824800491e+01,    1.3794000149e+00,    6.7007400513e+01,    1.3794000149e+00,   -1.6193200648e-01,
    1.3804999590e+00,    2.5639499664e+01,    1.3804999590e+00,    6.9064201355e+01,    1.3804999590e+00,    4.3751098216e-02,
    1.3816000223e+00,   -2.2399000168e+01,    1.3816000223e+00,    6.5764801025e+01,    1.3816000223e+00,   -3.4450900555e-01,
    1.3826999664e+00,    1.8102600098e+01,    1.3826999664e+00,    6.8671897888e+01,    1.3826999664e+00,    1.1131400242e-02,
    1.3838000298e+00,   -1.3449999809e+01,    1.3838000298e+00,    6.4874298096e+01,    1.3838000298e+00,   -1.7679299414e-01,
    1.3848999739e+00,    8.4606103897e+00,    1.3848999739e+00,    6.8336097717e+01,    1.3848999739e+00,   -1.5055200458e-01,
    1.3860000372e+00,   -3.4956600666e+00,    1.3860000372e+00,    6.4180603027e+01,    1.3860000372e+00,   -6.5684397705e-03,
    1.3870999813e+00,   -2.1628999710e+00,    1.3870999813e+00,    6.7186599731e+01,    1.3870999813e+00,   -1.7031300068e-01,
    1.3882000446e+00,    7.1525301933e+00,    1.3882000446e+00,    6.3249198914e+01,    1.3882000446e+00,    2.2529099137e-02,
    1.3892999887e+00,   -1.2078000069e+01,    1.3892999887e+00,    6.5528099060e+01,    1.3892999887e+00,   -1.2286400050e-01,
    1.3904000521e+00,    1.6866699219e+01,    1.3904000521e+00,    6.2584999084e+01,    1.3904000521e+00,   -3.5380799323e-02,
    1.3914999962e+00,   -2.0417699814e+01,    1.3914999962e+00,    6.4098899841e+01,    1.3914999962e+00,   -1.3280299306e-01,
    1.3926000595e+00,    2.4433200836e+01,    1.3926000595e+00,    6.2858501434e+01,    1.3926000595e+00,   -2.1567699313e-01,
    1.3937000036e+00,   -2.6429700851e+01,    1.3937000036e+00,    6.4026397705e+01,    1.3937000036e+00,   -1.3931499422e-01,
    1.3947999477e+00,    2.9329700470e+01,    1.3947999477e+00,    6.3923099518e+01,    1.3947999477e+00,   -1.7809399962e-01,
    1.3959000111e+00,   -3.0274400711e+01,    1.3959000111e+00,    6.4759597778e+01,    1.3959000111e+00,   -6.2996700406e-02,
    1.3969999552e+00,    3.1611099243e+01,    1.3969999552e+00,    6.5932197571e+01,    1.3969999552e+00,   -2.3998099566e-01,
    1.3981000185e+00,   -3.1356000900e+01,    1.3981000185e+00,    6.5938697815e+01,    1.3981000185e+00,   -2.5109699927e-03,
    1.3991999626e+00,    3.1822399139e+01,    1.3991999626e+00,    6.7656501770e+01,    1.3991999626e+00,   -6.4905002713e-02,
    1.4003000259e+00,   -2.9860599518e+01,    1.4003000259e+00,    6.6856498718e+01,    1.4003000259e+00,   -2.7882400900e-02,
    1.4013999701e+00,    2.8809799194e+01,    1.4013999701e+00,    6.8913299561e+01,    1.4013999701e+00,   -9.2745602131e-02,
    1.4025000334e+00,   -2.5783399582e+01,    1.4025000334e+00,    6.7590103149e+01,    1.4025000334e+00,   -3.0252799392e-01,
    1.4035999775e+00,    2.3563100815e+01,    1.4035999775e+00,    7.0238899231e+01,    1.4035999775e+00,    2.9766399413e-02,
    1.4047000408e+00,   -1.9572700500e+01,    1.4047000408e+00,    6.8410301208e+01,    1.4047000408e+00,   -1.3515399396e-01,
    1.4057999849e+00,    1.5987999916e+01,    1.4057999849e+00,    7.1509201050e+01,    1.4057999849e+00,   -1.2471199781e-01,
    1.4069000483e+00,   -1.1423100471e+01,    1.4069000483e+00,    6.8762496948e+01,    1.4069000483e+00,   -6.3496500254e-02,
    1.4079999924e+00,    7.0188298225e+00,    1.4079999924e+00,    7.2543098450e+01,    1.4079999924e+00,   -1.2044600211e-02,
    1.4091000557e+00,   -2.0717799664e+00,    1.4091000557e+00,    6.8704498291e+01,    1.4091000557e+00,   -7.4977800250e-02,
    1.4101999998e+00,   -2.0558800697e+00,    1.4101999998e+00,    7.2242103577e+01,    1.4101999998e+00,   -2.1054099500e-01,
    1.4112999439e+00,    7.1091899872e+00,    1.4112999439e+00,    6.8589698792e+01,    1.4112999439e+00,   -2.6130899787e-01,
    1.4124000072e+00,   -1.1343999863e+01,    1.4124000072e+00,    7.2096702576e+01,    1.4124000072e+00,   -5.0082299858e-02,
    1.4134999514e+00,    1.5799300194e+01,    1.4134999514e+00,    6.9624000549e+01,    1.4134999514e+00,   -9.6910402179e-02,
    1.4146000147e+00,   -1.8982400894e+01,    1.4146000147e+00,    7.2135902405e+01,    1.4146000147e+00,    1.8645200878e-02,
    1.4156999588e+00,    2.2525999069e+01,    1.4156999588e+00,    6.9198699951e+01,    1.4156999588e+00,   -1.0854300112e-01,
    1.4168000221e+00,   -2.5646600723e+01,    1.4168000221e+00,    7.0464698792e+01,    1.4168000221e+00,   -5.0993699580e-02,
    1.4178999662e+00,    2.7925500870e+01,    1.4178999662e+00,    6.8822402954e+01,    1.4178999662e+00,    9.9294204265e-03,
    1.4190000296e+00,   -2.9923799515e+01,    1.4190000296e+00,    6.9494796753e+01,    1.4190000296e+00,   -6.2643498182e-02,
    1.4200999737e+00,    3.1826400757e+01,    1.4200999737e+00,    6.9366699219e+01,    1.4200999737e+00,   -8.0110900104e-02,
    1.4212000370e+00,   -3.2674701691e+01,    1.4212000370e+00,    6.9234100342e+01,    1.4212000370e+00,   -4.9288198352e-03,
    1.4222999811e+00,    3.3395500183e+01,    1.4222999811e+00,    6.9814300537e+01,    1.4222999811e+00,   -1.7748799920e-01,
    1.4234000444e+00,   -3.3608798981e+01,    1.4234000444e+00,    6.8856300354e+01,    1.4234000444e+00,   -9.5058502629e-03,
    1.4244999886e+00,    3.3141601563e+01,    1.4244999886e+00,    6.9627403259e+01,    1.4244999886e+00,    4.5163799077e-02,
    1.4256000519e+00,   -3.2360000610e+01,    1.4256000519e+00,    6.8365898132e+01,    1.4256000519e+00,   -2.0229500532e-01,
    1.4266999960e+00,    3.0993700027e+01,    1.4266999960e+00,    6.9510200500e+01,    1.4266999960e+00,    3.1701300293e-02,
    1.4278000593e+00,   -2.9121200562e+01,    1.4278000593e+00,    6.8245697021e+01,    1.4278000593e+00,   -3.5631600022e-01,
    1.4289000034e+00,    2.6844900131e+01,    1.4289000034e+00,    7.0264801025e+01,    1.4289000034e+00,   -2.3674299940e-02,
    1.4299999475e+00,   -2.4414699554e+01,    1.4299999475e+00,    6.9323898315e+01,    1.4299999475e+00,   -3.3193099499e-01,
    1.4311000109e+00,    2.1235200882e+01,    1.4311000109e+00,    7.1263198853e+01,    1.4311000109e+00,   -2.0030899346e-01,
    1.4321999550e+00,   -1.8297500610e+01,    1.4321999550e+00,    6.9861701965e+01,    1.4321999550e+00,   -2.0002700388e-01,
    1.4333000183e+00,    1.4108599663e+01,    1.4333000183e+00,    7.2117500305e+01,    1.4333000183e+00,   -2.6124298573e-01,
    1.4343999624e+00,   -1.0852199554e+01,    1.4343999624e+00,    7.0518302917e+01,    1.4343999624e+00,   -9.8682403564e-02,
    1.4355000257e+00,    7.7020702362e+00,    1.4355000257e+00,    7.2256103516e+01,    1.4355000257e+00,   -5.5493402481e-01,
    1.4365999699e+00,   -3.7025599480e+00,    1.4365999699e+00,    7.0493797302e+01,    1.4365999699e+00,   -2.8655898571e-01,
    1.4377000332e+00,    4.8581099510e-01,    1.4377000332e+00,    7.2269401550e+01,    1.4377000332e+00,   -2.4581299722e-01,
    1.4387999773e+00,    4.0711002350e+00,    1.4387999773e+00,    7.1518501282e+01,    1.4387999773e+00,   -2.6700299978e-01,
    1.4399000406e+00,   -6.6880397797e+00,    1.4399000406e+00,    7.2431503296e+01,    1.4399000406e+00,   -3.6589999218e-03,
    1.4409999847e+00,    1.0402999878e+01,    1.4409999847e+00,    7.1734298706e+01,    1.4409999847e+00,   -4.8116999865e-01,
    1.4421000481e+00,   -1.2864500046e+01,    1.4421000481e+00,    7.2272796631e+01,    1.4421000481e+00,    1.7907999456e-01,
    1.4431999922e+00,    1.6662000656e+01,    1.4431999922e+00,    7.2288597107e+01,    1.4431999922e+00,   -4.7326600552e-01,
    1.4443000555e+00,   -1.8208499908e+01,    1.4443000555e+00,    7.1697402954e+01,    1.4443000555e+00,   -7.7939003706e-02,
    1.4453999996e+00,    2.1576700211e+01,    1.4453999996e+00,    7.1612701416e+01,    1.4453999996e+00,   -5.0474399328e-01,
    1.4464999437e+00,   -2.2341999054e+01,    1.4464999437e+00,    7.0448303223e+01,    1.4464999437e+00,    2.2889299691e-01,
    1.4476000071e+00,    2.5987899780e+01,    1.4476000071e+00,    7.1507598877e+01,    1.4476000071e+00,   -3.5499900579e-01,
    1.4486999512e+00,   -2.6065799713e+01,    1.4486999512e+00,    7.0319198608e+01,    1.4486999512e+00,    2.7563299984e-02,
    1.4498000145e+00,    2.9565299988e+01,    1.4498000145e+00,    7.1233001709e+01,    1.4498000145e+00,   -2.0580500364e-01,
    1.4508999586e+00,   -2.8891899109e+01,    1.4508999586e+00,    7.0273300171e+01,    1.4508999586e+00,    1.0357499868e-01,
    1.4520000219e+00,    3.1919099808e+01,    1.4520000219e+00,    7.0810699463e+01,    1.4520000219e+00,   -2.0175099373e-01,
    1.4530999660e+00,   -3.0919900894e+01,    1.4530999660e+00,    6.9839401245e+01,    1.4530999660e+00,   -1.4111800492e-01,
    1.4542000294e+00,    3.3691200256e+01,    1.4542000294e+00,    7.0313003540e+01,    1.4542000294e+00,   -3.3557799179e-03,
    1.4552999735e+00,   -3.2377300262e+01,    1.4552999735e+00,    6.9887199402e+01,    1.4552999735e+00,   -2.8988299891e-02,
    1.4564000368e+00,    3.5066699982e+01,    1.4564000368e+00,    6.9797500610e+01,    1.4564000368e+00,   -2.3307900876e-02,
    1.4574999809e+00,   -3.3380401611e+01,    1.4574999809e+00,    6.9879402161e+01,    1.4574999809e+00,   -7.9451099038e-02,
    1.4586000443e+00,    3.5677299500e+01,    1.4586000443e+00,    6.9166801453e+01,    1.4586000443e+00,    1.4690799639e-02,
    1.4596999884e+00,   -3.3772598267e+01,    1.4596999884e+00,    6.9928703308e+01,    1.4596999884e+00,   -4.0545098484e-02,
    1.4608000517e+00,    3.6257701874e+01,    1.4608000517e+00,    6.8075798035e+01,    1.4608000517e+00,   -9.0987697244e-02,
    1.4618999958e+00,   -3.3491901398e+01,    1.4618999958e+00,    6.9725502014e+01,    1.4618999958e+00,   -1.9560900331e-01,
    1.4630000591e+00,    3.5809799194e+01,    1.4630000591e+00,    6.7074897766e+01,    1.4630000591e+00,    1.1904899776e-01,
    1.4641000032e+00,   -3.2890201569e+01,    1.4641000032e+00,    7.0087898254e+01,    1.4641000032e+00,   -4.1115298867e-01,
    1.4651999474e+00,    3.5208301544e+01,    1.4651999474e+00,    6.6123199463e+01,    1.4651999474e+00,    1.0970400274e-01,
    1.4663000107e+00,   -3.2003299713e+01,    1.4663000107e+00,    7.0153800964e+01,    1.4663000107e+00,   -2.8362798691e-01,
    1.4673999548e+00,    3.4051200867e+01,    1.4673999548e+00,    6.5294403076e+01,    1.4673999548e+00,    1.1366000026e-01,
    1.4685000181e+00,   -3.0312799454e+01,    1.4685000181e+00,    6.9831398010e+01,    1.4685000181e+00,   -4.6571999788e-01,
    1.4695999622e+00,    3.2490798950e+01,    1.4695999622e+00,    6.4206199646e+01,    1.4695999622e+00,    1.2135499716e-01,
    1.4707000256e+00,   -2.8582000732e+01,    1.4707000256e+00,    6.9658897400e+01,    1.4707000256e+00,   -3.8274401426e-01,
    1.4717999697e+00,    3.0513700485e+01,    1.4717999697e+00,    6.3426799774e+01,    1.4717999697e+00,    1.0894399881e-01,
    1.4729000330e+00,   -2.6597400665e+01,    1.4729000330e+00,    6.9873596191e+01,    1.4729000330e+00,   -4.7438800335e-01,
    1.4739999771e+00,    2.8644100189e+01,    1.4739999771e+00,    6.2537300110e+01,    1.4739999771e+00,    1.6300499439e-01,
    1.4751000404e+00,   -2.4644100189e+01,    1.4751000404e+00,    6.9740303040e+01,    1.4751000404e+00,   -4.2983800173e-01,
    1.4761999846e+00,    2.6627500534e+01,    1.4761999846e+00,    6.1583599091e+01,    1.4761999846e+00,    1.9658699632e-01,
    1.4773000479e+00,   -2.2794700623e+01,    1.4773000479e+00,    6.9678703308e+01,    1.4773000479e+00,   -6.5512698889e-01,
    1.4783999920e+00,    2.4893299103e+01,    1.4783999920e+00,    6.0992401123e+01,    1.4783999920e+00,    7.5337097049e-02,
    1.4795000553e+00,   -2.1149099350e+01,    1.4795000553e+00,    6.9914398193e+01,    1.4795000553e+00,   -4.8322498798e-01,
    1.4805999994e+00,    2.3041799545e+01,    1.4805999994e+00,    5.9969501495e+01,    1.4805999994e+00,   -6.1591599137e-02,
    1.4816999435e+00,   -1.9372499466e+01,    1.4816999435e+00,    6.9909599304e+01,    1.4816999435e+00,   -4.8121199012e-01,
    1.4828000069e+00,    2.1309700012e+01,    1.4828000069e+00,    5.9126201630e+01,    1.4828000069e+00,   -8.2815803587e-02,
    1.4838999510e+00,   -1.7420700073e+01,    1.4838999510e+00,    6.9454597473e+01,    1.4838999510e+00,   -7.7706199884e-01,
    1.4850000143e+00,    1.9945499420e+01,    1.4850000143e+00,    5.8008598328e+01,    1.4850000143e+00,    4.0105499327e-02,
    1.4860999584e+00,   -1.7447799683e+01,    1.4860999584e+00,    6.8513496399e+01,    1.4860999584e+00,   -6.7475301027e-01,
    1.4872000217e+00,    1.9591800690e+01,    1.4872000217e+00,    5.6593898773e+01,    1.4872000217e+00,   -1.4793300629e-01,
    1.4882999659e+00,   -1.6827600479e+01,    1.4882999659e+00,    6.7666603088e+01,    1.4882999659e+00,   -8.0396598577e-01,
    1.4894000292e+00,    1.9196100235e+01,    1.4894000292e+00,    5.6551498413e+01,    1.4894000292e+00,   -2.7377900481e-01,
    1.4904999733e+00,   -1.6663299561e+01,    1.4904999733e+00,    6.7951599121e+01,    1.4904999733e+00,   -8.2751601934e-01,
    1.4916000366e+00,    1.8858299255e+01,    1.4916000366e+00,    5.7415298462e+01,    1.4916000366e+00,   -1.5141700208e-01,
    1.4926999807e+00,   -1.6186899185e+01,    1.4926999807e+00,    6.8718399048e+01,    1.4926999807e+00,   -1.1457600594e+00,
    1.4938000441e+00,    1.8813600540e+01,    1.4938000441e+00,    5.8095798492e+01,    1.4938000441e+00,   -1.1367099732e-01,
    1.4948999882e+00,   -1.6047100067e+01,    1.4948999882e+00,    6.8689796448e+01,    1.4948999882e+00,   -1.1601099968e+00,
    1.4960000515e+00,    1.8684299469e+01,    1.4960000515e+00,    5.8567100525e+01,    1.4960000515e+00,   -1.8398499489e-01,
    1.4970999956e+00,   -1.5597999573e+01,    1.4970999956e+00,    6.8846099854e+01,    1.4970999956e+00,   -1.2357900143e+00,
    1.4982000589e+00,    1.8835599899e+01,    1.4982000589e+00,    5.9174598694e+01,    1.4982000589e+00,   -2.3409199715e-01,
    1.4993000031e+00,   -1.6227300644e+01,    1.4993000031e+00,    6.9572799683e+01,    1.4993000031e+00,   -8.4895998240e-01,
    1.5003999472e+00,    1.8805700302e+01,    1.5003999472e+00,    6.0126998901e+01,    1.5003999472e+00,   -3.1069999933e-01,
    1.5015000105e+00,   -1.6518699646e+01,    1.5015000105e+00,    7.0075500488e+01,    1.5015000105e+00,   -8.2840800285e-01,
    1.5025999546e+00,    1.8691600800e+01,    1.5025999546e+00,    6.0722900391e+01,    1.5025999546e+00,   -1.7113800347e-01,
    1.5037000179e+00,   -1.6615200043e+01,    1.5037000179e+00,    7.0707199097e+01,    1.5037000179e+00,   -5.0081801414e-01,
    1.5047999620e+00,    1.8753499985e+01,    1.5047999620e+00,    6.1441898346e+01,    1.5047999620e+00,   -3.4376299381e-01,
    1.5059000254e+00,   -1.7290899277e+01,    1.5059000254e+00,    7.0956298828e+01,    1.5059000254e+00,   -4.7292599082e-01,
    1.5069999695e+00,    1.9078800201e+01,    1.5069999695e+00,    6.1843399048e+01,    1.5069999695e+00,   -1.8388399482e-01,
    1.5081000328e+00,   -1.6883199692e+01,    1.5081000328e+00,    7.1049499512e+01,    1.5081000328e+00,   -2.2481900454e-01,
    1.5091999769e+00,    1.9237899780e+01,    1.5091999769e+00,    6.2433498383e+01,    1.5091999769e+00,   -2.4411900342e-01,
    1.5103000402e+00,   -1.6688199997e+01,    1.5103000402e+00,    7.0961303711e+01,    1.5103000402e+00,   -8.8312499225e-02,
    1.5113999844e+00,    2.0159500122e+01,    1.5113999844e+00,    6.2352401733e+01,    1.5113999844e+00,   -3.3694300056e-01,
    1.5125000477e+00,   -1.8244199753e+01,    1.5125000477e+00,    6.9896102905e+01,    1.5125000477e+00,    8.4604002535e-02,
    1.5135999918e+00,    2.0204000473e+01,    1.5135999918e+00,    6.2639701843e+01,    1.5135999918e+00,   -4.4874900579e-01,
    1.5147000551e+00,   -1.8406600952e+01,    1.5147000551e+00,    6.9388397217e+01,    1.5147000551e+00,    1.7191299796e-01,
    1.5157999992e+00,    2.0722600937e+01,    1.5157999992e+00,    6.3751399994e+01,    1.5157999992e+00,   -3.2571700215e-01,
    1.5168999434e+00,   -1.8079299927e+01,    1.5168999434e+00,    6.6518096924e+01,    1.5168999434e+00,    7.1839302778e-02,
    1.5180000067e+00,    2.1293500900e+01,    1.5180000067e+00,    6.1158100128e+01,    1.5180000067e+00,   -4.2642301321e-01,
    1.5190999508e+00,   -1.8023099899e+01,    1.5190999508e+00,    6.3510898590e+01,    1.5190999508e+00,    3.3920699358e-01,
    1.5202000141e+00,    2.0947500229e+01,    1.5202000141e+00,    6.0343399048e+01,    1.5202000141e+00,   -5.1697999239e-01,
    1.5212999582e+00,   -1.7764600754e+01,    1.5212999582e+00,    6.1906898499e+01,    1.5212999582e+00,    2.6150101423e-01,
    1.5224000216e+00,    2.0098100662e+01,    1.5224000216e+00,    6.1086700439e+01,    1.5224000216e+00,   -5.0580298901e-01,
    1.5234999657e+00,   -1.6701700211e+01,    1.5234999657e+00,    6.0470798492e+01,    1.5234999657e+00,    3.3453100920e-01,
    1.5246000290e+00,    1.8520599365e+01,    1.5246000290e+00,    6.1848499298e+01,    1.5246000290e+00,   -4.9485000968e-01,
    1.5256999731e+00,   -1.5371700287e+01,    1.5256999731e+00,    5.9446800232e+01,    1.5256999731e+00,    2.7163100243e-01,
    1.5268000364e+00,    1.6583499908e+01,    1.5268000364e+00,    6.3291301727e+01,    1.5268000364e+00,   -3.8743498921e-01,
    1.5278999805e+00,   -1.3207500458e+01,    1.5278999805e+00,    5.8974201202e+01,    1.5278999805e+00,    1.5941299498e-01,
    1.5290000439e+00,    1.4199299812e+01,    1.5290000439e+00,    6.4940299988e+01,    1.5290000439e+00,   -4.8393300176e-01,
    1.5300999880e+00,   -1.0730500221e+01,    1.5300999880e+00,    5.7940601349e+01,    1.5300999880e+00,    2.6332700253e-01,
    1.5312000513e+00,    1.1360600471e+01,    1.5312000513e+00,    6.5839401245e+01,    1.5312000513e+00,   -4.6914198995e-01,
    1.5322999954e+00,   -7.8876600266e+00,    1.5322999954e+00,    5.7518901825e+01,    1.5322999954e+00,    1.3915799558e-01,
    1.5334000587e+00,    7.8052000999e+00,    1.5334000587e+00,    6.6643096924e+01,    1.5334000587e+00,   -6.8210798502e-01,
    1.5345000029e+00,   -4.7653198242e+00,    1.5345000029e+00,    5.7036098480e+01,    1.5345000029e+00,    1.2822699547e-01,
    1.5355999470e+00,    6.0086998940e+00,    1.5355999470e+00,    6.7548698425e+01,    1.5355999470e+00,   -3.2778000832e-01,
    1.5367000103e+00,   -1.6862599850e+00,    1.5367000103e+00,    5.6906700134e+01,    1.5367000103e+00,    1.9724199548e-02,
    1.5377999544e+00,    3.3235099316e+00,    1.5377999544e+00,    6.8474296570e+01,    1.5377999544e+00,   -6.2823601067e-02,
    1.5389000177e+00,    1.2886999846e+00,    1.5389000177e+00,    5.7052600861e+01,    1.5389000177e+00,   -7.3770999908e-02,
    1.5399999619e+00,    4.3473899364e-01,    1.5399999619e+00,    6.9160400391e+01,    1.5399999619e+00,   -2.4542500079e-01,
    1.5411000252e+00,    4.5913100243e+00,    1.5411000252e+00,    5.6847301483e+01,    1.5411000252e+00,    4.4752400368e-02,
    1.5421999693e+00,   -2.3297200203e+00,    1.5421999693e+00,    6.8713798523e+01,    1.5421999693e+00,   -3.4423398972e-01,
    1.5433000326e+00,    7.4641399384e+00,    1.5433000326e+00,    5.6685398102e+01,    1.5433000326e+00,   -2.0703699440e-02,
    1.5443999767e+00,   -4.6476402283e+00,    1.5443999767e+00,    6.8662200928e+01,    1.5443999767e+00,   -3.8698899746e-01,
    1.5455000401e+00,    9.9431104660e+00,    1.5455000401e+00,    5.6982898712e+01,    1.5455000401e+00,    3.1768601388e-02,
    1.5465999842e+00,   -6.2314400673e+00,    1.5465999842e+00,    6.8663902283e+01,    1.5465999842e+00,   -4.2136600614e-01,
    1.5477000475e+00,    1.1829600334e+01,    1.5477000475e+00,    5.7897800446e+01,    1.5477000475e+00,   -3.5434300662e-04,
    1.5487999916e+00,   -8.4275703430e+00,    1.5487999916e+00,    6.8065696716e+01,    1.5487999916e+00,   -3.8769599795e-01,
    1.5499000549e+00,    1.3434100151e+01,    1.5499000549e+00,    5.8532600403e+01,    1.5499000549e+00,   -5.9377901256e-02,
    1.5509999990e+00,   -1.0446100235e+01,    1.5509999990e+00,    6.7615501404e+01,    1.5509999990e+00,   -1.3706099987e-01,
    1.5520999432e+00,    1.5076899529e+01,    1.5520999432e+00,    6.0097599030e+01,    1.5520999432e+00,   -1.3888899982e-01,
    1.5532000065e+00,   -1.1384699821e+01,    1.5532000065e+00,    6.6926002502e+01,    1.5532000065e+00,   -6.8490698934e-02,
    1.5542999506e+00,    1.5458600044e+01,    1.5542999506e+00,    6.1585201263e+01,    1.5542999506e+00,   -3.3337101340e-01,
    1.5554000139e+00,   -1.1172800064e+01,    1.5554000139e+00,    6.6271400452e+01,    1.5554000139e+00,    1.8582099676e-01,
    1.5564999580e+00,    1.5095600128e+01,    1.5564999580e+00,    6.3430198669e+01,    1.5564999580e+00,   -4.1431200504e-01,
    1.5576000214e+00,   -1.0279800415e+01,    1.5576000214e+00,    6.5618103027e+01,    1.5576000214e+00,   -9.8305203021e-02,
    1.5586999655e+00,    1.4072899818e+01,    1.5586999655e+00,    6.5130599976e+01,    1.5586999655e+00,   -2.6814499497e-01,
    1.5598000288e+00,   -8.5963296890e+00,    1.5598000288e+00,    6.4796401978e+01,    1.5598000288e+00,   -9.4159796834e-02,
    1.5608999729e+00,    1.2593600273e+01,    1.5608999729e+00,    6.6872299194e+01,    1.5608999729e+00,   -2.8957000375e-01,
    1.5620000362e+00,   -6.6500902176e+00,    1.5620000362e+00,    6.3986801147e+01,    1.5620000362e+00,   -6.3911899924e-02,
    1.5630999804e+00,    1.0545800209e+01,    1.5630999804e+00,    6.8593101501e+01,    1.5630999804e+00,   -3.3494099975e-01,
    1.5642000437e+00,   -4.2019200325e+00,    1.5642000437e+00,    6.3121700287e+01,    1.5642000437e+00,   -8.5991099477e-02,
    1.5652999878e+00,    7.7687001228e+00,    1.5652999878e+00,    6.9701499939e+01,    1.5652999878e+00,   -4.4140100479e-01,
    1.5664000511e+00,   -1.6336699724e+00,    1.5664000511e+00,    6.2424900055e+01,    1.5664000511e+00,   -6.5624102950e-02,
    1.5674999952e+00,    5.1312999725e+00,    1.5674999952e+00,    7.1377799988e+01,    1.5674999952e+00,   -3.2613199949e-01,
    1.5686000586e+00,    1.3358600140e+00,    1.5686000586e+00,    6.2306499481e+01,    1.5686000586e+00,   -1.8609699607e-01,
    1.5697000027e+00,    1.9713300467e+00,    1.5697000027e+00,    7.2833801270e+01,    1.5697000027e+00,   -2.0991900563e-01,
    1.5707999468e+00,    3.9540700912e+00,    1.5707999468e+00,    6.2254600525e+01,    1.5707999468e+00,   -2.8903698921e-01,
