LS-DYNA keyword deck by LS-PrePost,Rcforc Data
Time,Ma 376 X-force,Time,Ma 376 Y-force,Time,Ma 376 Z-force,
    0.0000000000e+00,    0.0000000000e+00,    0.0000000000e+00,    0.0000000000e+00,    0.0000000000e+00,    0.0000000000e+00,
    1.0997500503e-03,    0.0000000000e+00,    1.0997500503e-03,    0.0000000000e+00,    1.0997500503e-03,    0.0000000000e+00,
    2.1997699514e-03,    0.0000000000e+00,    2.1997699514e-03,    0.0000000000e+00,    2.1997699514e-03,    0.0000000000e+00,
    3.2998500392e-03,    0.0000000000e+00,    3.2998500392e-03,    0.0000000000e+00,    3.2998500392e-03,    0.0000000000e+00,
    4.3996800669e-03,    0.0000000000e+00,    4.3996800669e-03,    0.0000000000e+00,    4.3996800669e-03,    0.0000000000e+00,
    5.4998099804e-03,    0.0000000000e+00,    5.4998099804e-03,    0.0000000000e+00,    5.4998099804e-03,    0.0000000000e+00,
    6.5997899510e-03,    0.0000000000e+00,    6.5997899510e-03,    0.0000000000e+00,    6.5997899510e-03,    0.0000000000e+00,
    7.6998798177e-03,    0.0000000000e+00,    7.6998798177e-03,    0.0000000000e+00,    7.6998798177e-03,    0.0000000000e+00,
    8.7998397648e-03,    0.0000000000e+00,    8.7998397648e-03,    0.0000000000e+00,    8.7998397648e-03,    0.0000000000e+00,
    9.8999300972e-03,    0.0000000000e+00,    9.8999300972e-03,    0.0000000000e+00,    9.8999300972e-03,    0.0000000000e+00,
    1.0999900289e-02,    0.0000000000e+00,    1.0999900289e-02,    0.0000000000e+00,    1.0999900289e-02,    0.0000000000e+00,
    1.2099799700e-02,    0.0000000000e+00,    1.2099799700e-02,    0.0000000000e+00,    1.2099799700e-02,    0.0000000000e+00,
    1.3199700043e-02,    0.0000000000e+00,    1.3199700043e-02,    0.0000000000e+00,    1.3199700043e-02,    0.0000000000e+00,
    1.4299700037e-02,    0.0000000000e+00,    1.4299700037e-02,    0.0000000000e+00,    1.4299700037e-02,    0.0000000000e+00,
    1.5399900265e-02,    0.0000000000e+00,    1.5399900265e-02,    0.0000000000e+00,    1.5399900265e-02,    0.0000000000e+00,
    1.6499700025e-02,    0.0000000000e+00,    1.6499700025e-02,    0.0000000000e+00,    1.6499700025e-02,    0.0000000000e+00,
    1.7599800602e-02,    0.0000000000e+00,    1.7599800602e-02,    0.0000000000e+00,    1.7599800602e-02,    0.0000000000e+00,
    1.8699999899e-02,    0.0000000000e+00,    1.8699999899e-02,    0.0000000000e+00,    1.8699999899e-02,    0.0000000000e+00,
    1.9799899310e-02,    0.0000000000e+00,    1.9799899310e-02,    0.0000000000e+00,    1.9799899310e-02,    0.0000000000e+00,
    2.0899899304e-02,    0.0000000000e+00,    2.0899899304e-02,    0.0000000000e+00,    2.0899899304e-02,    0.0000000000e+00,
    2.1999800578e-02,    0.0000000000e+00,    2.1999800578e-02,    0.0000000000e+00,    2.1999800578e-02,    0.0000000000e+00,
    2.3099899292e-02,    0.0000000000e+00,    2.3099899292e-02,    0.0000000000e+00,    2.3099899292e-02,    0.0000000000e+00,
    2.4199800566e-02,    0.0000000000e+00,    2.4199800566e-02,    0.0000000000e+00,    2.4199800566e-02,    0.0000000000e+00,
    2.5299999863e-02,    0.0000000000e+00,    2.5299999863e-02,    0.0000000000e+00,    2.5299999863e-02,    0.0000000000e+00,
    2.6399999857e-02,    0.0000000000e+00,    2.6399999857e-02,    0.0000000000e+00,    2.6399999857e-02,    0.0000000000e+00,
    2.7499899268e-02,    0.0000000000e+00,    2.7499899268e-02,    0.0000000000e+00,    2.7499899268e-02,    0.0000000000e+00,
    2.8599699959e-02,    0.0000000000e+00,    2.8599699959e-02,    0.0000000000e+00,    2.8599699959e-02,    0.0000000000e+00,
    2.9699699953e-02,    0.0000000000e+00,    2.9699699953e-02,    0.0000000000e+00,    2.9699699953e-02,    0.0000000000e+00,
    3.0799800530e-02,    0.0000000000e+00,    3.0799800530e-02,    0.0000000000e+00,    3.0799800530e-02,    0.0000000000e+00,
    3.1899798661e-02,    0.0000000000e+00,    3.1899798661e-02,    0.0000000000e+00,    3.1899798661e-02,    0.0000000000e+00,
    3.2999701798e-02,    0.0000000000e+00,    3.2999701798e-02,    0.0000000000e+00,    3.2999701798e-02,    0.0000000000e+00,
    3.4099999815e-02,    0.0000000000e+00,    3.4099999815e-02,    0.0000000000e+00,    3.4099999815e-02,    0.0000000000e+00,
    3.5199798644e-02,    0.0000000000e+00,    3.5199798644e-02,    0.0000000000e+00,    3.5199798644e-02,    0.0000000000e+00,
    3.6299798638e-02,    0.0000000000e+00,    3.6299798638e-02,    0.0000000000e+00,    3.6299798638e-02,    0.0000000000e+00,
    3.7399701774e-02,    0.0000000000e+00,    3.7399701774e-02,    0.0000000000e+00,    3.7399701774e-02,    0.0000000000e+00,
    3.8499798626e-02,    0.0000000000e+00,    3.8499798626e-02,    0.0000000000e+00,    3.8499798626e-02,    0.0000000000e+00,
    3.9599899203e-02,    0.0000000000e+00,    3.9599899203e-02,    0.0000000000e+00,    3.9599899203e-02,    0.0000000000e+00,
    4.0699701756e-02,    0.0000000000e+00,    4.0699701756e-02,    0.0000000000e+00,    4.0699701756e-02,    0.0000000000e+00,
    4.1799701750e-02,    0.0000000000e+00,    4.1799701750e-02,    0.0000000000e+00,    4.1799701750e-02,    0.0000000000e+00,
    4.2899999768e-02,    0.0000000000e+00,    4.2899999768e-02,    0.0000000000e+00,    4.2899999768e-02,    0.0000000000e+00,
    4.3999701738e-02,    0.0000000000e+00,    4.3999701738e-02,    0.0000000000e+00,    4.3999701738e-02,    0.0000000000e+00,
    4.5099899173e-02,    0.0000000000e+00,    4.5099899173e-02,    0.0000000000e+00,    4.5099899173e-02,    0.0000000000e+00,
    4.6199999750e-02,    0.0000000000e+00,    4.6199999750e-02,    0.0000000000e+00,    4.6199999750e-02,    0.0000000000e+00,
    4.7299701720e-02,    0.0000000000e+00,    4.7299701720e-02,    0.0000000000e+00,    4.7299701720e-02,    0.0000000000e+00,
    4.8399999738e-02,    0.0000000000e+00,    4.8399999738e-02,    0.0000000000e+00,    4.8399999738e-02,    0.0000000000e+00,
    4.9499999732e-02,    0.0000000000e+00,    4.9499999732e-02,    0.0000000000e+00,    4.9499999732e-02,    0.0000000000e+00,
    5.0599899143e-02,    0.0000000000e+00,    5.0599899143e-02,    0.0000000000e+00,    5.0599899143e-02,    0.0000000000e+00,
    5.1699999720e-02,    0.0000000000e+00,    5.1699999720e-02,    0.0000000000e+00,    5.1699999720e-02,    0.0000000000e+00,
    5.2799798548e-02,    0.0000000000e+00,    5.2799798548e-02,    0.0000000000e+00,    5.2799798548e-02,    0.0000000000e+00,
    5.3899999708e-02,    0.0000000000e+00,    5.3899999708e-02,    0.0000000000e+00,    5.3899999708e-02,    0.0000000000e+00,
    5.4999999702e-02,    0.0000000000e+00,    5.4999999702e-02,    0.0000000000e+00,    5.4999999702e-02,    0.0000000000e+00,
    5.6099798530e-02,    0.0000000000e+00,    5.6099798530e-02,    0.0000000000e+00,    5.6099798530e-02,    0.0000000000e+00,
    5.7199899107e-02,    0.0000000000e+00,    5.7199899107e-02,    0.0000000000e+00,    5.7199899107e-02,    0.0000000000e+00,
    5.8299899101e-02,    0.0000000000e+00,    5.8299899101e-02,    0.0000000000e+00,    5.8299899101e-02,    0.0000000000e+00,
    5.9399999678e-02,    0.0000000000e+00,    5.9399999678e-02,    0.0000000000e+00,    5.9399999678e-02,    0.0000000000e+00,
    6.0499701649e-02,    0.0000000000e+00,    6.0499701649e-02,    0.0000000000e+00,    6.0499701649e-02,    0.0000000000e+00,
    6.1599701643e-02,    0.0000000000e+00,    6.1599701643e-02,    0.0000000000e+00,    6.1599701643e-02,    0.0000000000e+00,
    6.2699802220e-02,    0.0000000000e+00,    6.2699802220e-02,    0.0000000000e+00,    6.2699802220e-02,    0.0000000000e+00,
    6.3799798489e-02,    0.0000000000e+00,    6.3799798489e-02,    0.0000000000e+00,    6.3799798489e-02,    0.0000000000e+00,
    6.4899802208e-02,    0.0000000000e+00,    6.4899802208e-02,    0.0000000000e+00,    6.4899802208e-02,    0.0000000000e+00,
    6.5999902785e-02,    0.0000000000e+00,    6.5999902785e-02,    0.0000000000e+00,    6.5999902785e-02,    0.0000000000e+00,
    6.7099899054e-02,    0.0000000000e+00,    6.7099899054e-02,    0.0000000000e+00,    6.7099899054e-02,    0.0000000000e+00,
    6.8199902773e-02,    0.0000000000e+00,    6.8199902773e-02,    0.0000000000e+00,    6.8199902773e-02,    0.0000000000e+00,
    6.9299899042e-02,    0.0000000000e+00,    6.9299899042e-02,    0.0000000000e+00,    6.9299899042e-02,    0.0000000000e+00,
    7.0399701595e-02,    0.0000000000e+00,    7.0399701595e-02,    0.0000000000e+00,    7.0399701595e-02,    0.0000000000e+00,
    7.1499899030e-02,    0.0000000000e+00,    7.1499899030e-02,    0.0000000000e+00,    7.1499899030e-02,    0.0000000000e+00,
    7.2599798441e-02,    0.0000000000e+00,    7.2599798441e-02,    0.0000000000e+00,    7.2599798441e-02,    0.0000000000e+00,
    7.3699899018e-02,    0.0000000000e+00,    7.3699899018e-02,    0.0000000000e+00,    7.3699899018e-02,    0.0000000000e+00,
    7.4799902737e-02,    0.0000000000e+00,    7.4799902737e-02,    0.0000000000e+00,    7.4799902737e-02,    0.0000000000e+00,
    7.5900003314e-02,    0.0000000000e+00,    7.5900003314e-02,    0.0000000000e+00,    7.5900003314e-02,    0.0000000000e+00,
    7.6999999583e-02,    0.0000000000e+00,    7.6999999583e-02,    0.0000000000e+00,    7.6999999583e-02,    0.0000000000e+00,
    7.8099898994e-02,    0.0000000000e+00,    7.8099898994e-02,    0.0000000000e+00,    7.8099898994e-02,    0.0000000000e+00,
    7.9199798405e-02,    0.0000000000e+00,    7.9199798405e-02,    0.0000000000e+00,    7.9199798405e-02,    0.0000000000e+00,
    8.0299697816e-02,    0.0000000000e+00,    8.0299697816e-02,    0.0000000000e+00,    8.0299697816e-02,    0.0000000000e+00,
    8.1399798393e-02,    0.0000000000e+00,    8.1399798393e-02,    0.0000000000e+00,    8.1399798393e-02,    0.0000000000e+00,
    8.2499802113e-02,    0.0000000000e+00,    8.2499802113e-02,    0.0000000000e+00,    8.2499802113e-02,    0.0000000000e+00,
    8.3599999547e-02,    0.0000000000e+00,    8.3599999547e-02,    0.0000000000e+00,    8.3599999547e-02,    0.0000000000e+00,
    8.4699898958e-02,    0.0000000000e+00,    8.4699898958e-02,    0.0000000000e+00,    8.4699898958e-02,    0.0000000000e+00,
    8.5799798369e-02,    0.0000000000e+00,    8.5799798369e-02,    0.0000000000e+00,    8.5799798369e-02,    0.0000000000e+00,
    8.6899802089e-02,    0.0000000000e+00,    8.6899802089e-02,    0.0000000000e+00,    8.6899802089e-02,    0.0000000000e+00,
    8.7999999523e-02,    0.0000000000e+00,    8.7999999523e-02,    0.0000000000e+00,    8.7999999523e-02,    0.0000000000e+00,
    8.9099697769e-02,    0.0000000000e+00,    8.9099697769e-02,    0.0000000000e+00,    8.9099697769e-02,    0.0000000000e+00,
    9.0199798346e-02,    0.0000000000e+00,    9.0199798346e-02,    0.0000000000e+00,    9.0199798346e-02,    0.0000000000e+00,
    9.1300003231e-02,    0.0000000000e+00,    9.1300003231e-02,    0.0000000000e+00,    9.1300003231e-02,    0.0000000000e+00,
    9.2399701476e-02,    0.0000000000e+00,    9.2399701476e-02,    0.0000000000e+00,    9.2399701476e-02,    0.0000000000e+00,
    9.3499802053e-02,    0.0000000000e+00,    9.3499802053e-02,    0.0000000000e+00,    9.3499802053e-02,    0.0000000000e+00,
    9.4599902630e-02,    0.0000000000e+00,    9.4599902630e-02,    0.0000000000e+00,    9.4599902630e-02,    0.0000000000e+00,
    9.5699802041e-02,    0.0000000000e+00,    9.5699802041e-02,    0.0000000000e+00,    9.5699802041e-02,    0.0000000000e+00,
    9.6799902618e-02,    0.0000000000e+00,    9.6799902618e-02,    0.0000000000e+00,    9.6799902618e-02,    0.0000000000e+00,
    9.7900003195e-02,    0.0000000000e+00,    9.7900003195e-02,    0.0000000000e+00,    9.7900003195e-02,    0.0000000000e+00,
    9.8999798298e-02,    0.0000000000e+00,    9.8999798298e-02,    0.0000000000e+00,    9.8999798298e-02,    0.0000000000e+00,
    1.0010000318e-01,    0.0000000000e+00,    1.0010000318e-01,    0.0000000000e+00,    1.0010000318e-01,    0.0000000000e+00,
    1.0119999945e-01,    0.0000000000e+00,    1.0119999945e-01,    0.0000000000e+00,    1.0119999945e-01,    0.0000000000e+00,
    1.0230000317e-01,    0.0000000000e+00,    1.0230000317e-01,    0.0000000000e+00,    1.0230000317e-01,    0.0000000000e+00,
    1.0339999944e-01,    0.0000000000e+00,    1.0339999944e-01,    0.0000000000e+00,    1.0339999944e-01,    0.0000000000e+00,
    1.0450000316e-01,    0.0000000000e+00,    1.0450000316e-01,    0.0000000000e+00,    1.0450000316e-01,    0.0000000000e+00,
    1.0559999943e-01,    0.0000000000e+00,    1.0559999943e-01,    0.0000000000e+00,    1.0559999943e-01,    0.0000000000e+00,
    1.0670000315e-01,    0.0000000000e+00,    1.0670000315e-01,    0.0000000000e+00,    1.0670000315e-01,    0.0000000000e+00,
    1.0779999942e-01,    0.0000000000e+00,    1.0779999942e-01,    0.0000000000e+00,    1.0779999942e-01,    0.0000000000e+00,
    1.0890000314e-01,    0.0000000000e+00,    1.0890000314e-01,    0.0000000000e+00,    1.0890000314e-01,    0.0000000000e+00,
    1.0999999940e-01,    0.0000000000e+00,    1.0999999940e-01,    0.0000000000e+00,    1.0999999940e-01,    0.0000000000e+00,
    1.1110000312e-01,    0.0000000000e+00,    1.1110000312e-01,    0.0000000000e+00,    1.1110000312e-01,    0.0000000000e+00,
    1.1219999939e-01,    0.0000000000e+00,    1.1219999939e-01,    0.0000000000e+00,    1.1219999939e-01,    0.0000000000e+00,
    1.1330000311e-01,    0.0000000000e+00,    1.1330000311e-01,    0.0000000000e+00,    1.1330000311e-01,    0.0000000000e+00,
    1.1439999938e-01,    0.0000000000e+00,    1.1439999938e-01,    0.0000000000e+00,    1.1439999938e-01,    0.0000000000e+00,
    1.1550000310e-01,    0.0000000000e+00,    1.1550000310e-01,    0.0000000000e+00,    1.1550000310e-01,    0.0000000000e+00,
    1.1659999937e-01,    0.0000000000e+00,    1.1659999937e-01,    0.0000000000e+00,    1.1659999937e-01,    0.0000000000e+00,
    1.1770000309e-01,    0.0000000000e+00,    1.1770000309e-01,    0.0000000000e+00,    1.1770000309e-01,    0.0000000000e+00,
    1.1879999936e-01,    0.0000000000e+00,    1.1879999936e-01,    0.0000000000e+00,    1.1879999936e-01,    0.0000000000e+00,
    1.1990000308e-01,    0.0000000000e+00,    1.1990000308e-01,    0.0000000000e+00,    1.1990000308e-01,    0.0000000000e+00,
    1.2099999934e-01,    0.0000000000e+00,    1.2099999934e-01,    0.0000000000e+00,    1.2099999934e-01,    0.0000000000e+00,
    1.2210000306e-01,    0.0000000000e+00,    1.2210000306e-01,    0.0000000000e+00,    1.2210000306e-01,    0.0000000000e+00,
    1.2319999933e-01,    0.0000000000e+00,    1.2319999933e-01,    0.0000000000e+00,    1.2319999933e-01,    0.0000000000e+00,
    1.2430000305e-01,    0.0000000000e+00,    1.2430000305e-01,    0.0000000000e+00,    1.2430000305e-01,    0.0000000000e+00,
    1.2540000677e-01,    0.0000000000e+00,    1.2540000677e-01,    0.0000000000e+00,    1.2540000677e-01,    0.0000000000e+00,
    1.2649999559e-01,    0.0000000000e+00,    1.2649999559e-01,    0.0000000000e+00,    1.2649999559e-01,    0.0000000000e+00,
    1.2759999931e-01,    0.0000000000e+00,    1.2759999931e-01,    0.0000000000e+00,    1.2759999931e-01,    0.0000000000e+00,
    1.2870000303e-01,    0.0000000000e+00,    1.2870000303e-01,    0.0000000000e+00,    1.2870000303e-01,    0.0000000000e+00,
    1.2980000675e-01,    0.0000000000e+00,    1.2980000675e-01,    0.0000000000e+00,    1.2980000675e-01,    0.0000000000e+00,
    1.3089999557e-01,    0.0000000000e+00,    1.3089999557e-01,    0.0000000000e+00,    1.3089999557e-01,    0.0000000000e+00,
    1.3199999928e-01,    0.0000000000e+00,    1.3199999928e-01,    0.0000000000e+00,    1.3199999928e-01,    0.0000000000e+00,
    1.3310000300e-01,    0.0000000000e+00,    1.3310000300e-01,    0.0000000000e+00,    1.3310000300e-01,    0.0000000000e+00,
    1.3420000672e-01,    0.0000000000e+00,    1.3420000672e-01,    0.0000000000e+00,    1.3420000672e-01,    0.0000000000e+00,
    1.3529999554e-01,    0.0000000000e+00,    1.3529999554e-01,    0.0000000000e+00,    1.3529999554e-01,    0.0000000000e+00,
    1.3639999926e-01,    0.0000000000e+00,    1.3639999926e-01,    0.0000000000e+00,    1.3639999926e-01,    0.0000000000e+00,
    1.3750000298e-01,    0.0000000000e+00,    1.3750000298e-01,    0.0000000000e+00,    1.3750000298e-01,    0.0000000000e+00,
    1.3860000670e-01,    0.0000000000e+00,    1.3860000670e-01,    0.0000000000e+00,    1.3860000670e-01,    0.0000000000e+00,
    1.3969999552e-01,    0.0000000000e+00,    1.3969999552e-01,    0.0000000000e+00,    1.3969999552e-01,    0.0000000000e+00,
    1.4079999924e-01,    0.0000000000e+00,    1.4079999924e-01,    0.0000000000e+00,    1.4079999924e-01,    0.0000000000e+00,
    1.4190000296e-01,    0.0000000000e+00,    1.4190000296e-01,    0.0000000000e+00,    1.4190000296e-01,    0.0000000000e+00,
    1.4300000668e-01,    0.0000000000e+00,    1.4300000668e-01,    0.0000000000e+00,    1.4300000668e-01,    0.0000000000e+00,
    1.4409999549e-01,    0.0000000000e+00,    1.4409999549e-01,    0.0000000000e+00,    1.4409999549e-01,    0.0000000000e+00,
    1.4519999921e-01,    0.0000000000e+00,    1.4519999921e-01,    0.0000000000e+00,    1.4519999921e-01,    0.0000000000e+00,
    1.4630000293e-01,    0.0000000000e+00,    1.4630000293e-01,    0.0000000000e+00,    1.4630000293e-01,    0.0000000000e+00,
    1.4740000665e-01,    0.0000000000e+00,    1.4740000665e-01,    0.0000000000e+00,    1.4740000665e-01,    0.0000000000e+00,
    1.4849999547e-01,    0.0000000000e+00,    1.4849999547e-01,    0.0000000000e+00,    1.4849999547e-01,    0.0000000000e+00,
    1.4959999919e-01,    0.0000000000e+00,    1.4959999919e-01,    0.0000000000e+00,    1.4959999919e-01,    0.0000000000e+00,
    1.5070000291e-01,    0.0000000000e+00,    1.5070000291e-01,    0.0000000000e+00,    1.5070000291e-01,    0.0000000000e+00,
    1.5180000663e-01,    0.0000000000e+00,    1.5180000663e-01,    0.0000000000e+00,    1.5180000663e-01,    0.0000000000e+00,
    1.5289999545e-01,    0.0000000000e+00,    1.5289999545e-01,    0.0000000000e+00,    1.5289999545e-01,    0.0000000000e+00,
    1.5399999917e-01,    0.0000000000e+00,    1.5399999917e-01,    0.0000000000e+00,    1.5399999917e-01,    0.0000000000e+00,
    1.5510000288e-01,    0.0000000000e+00,    1.5510000288e-01,    0.0000000000e+00,    1.5510000288e-01,    0.0000000000e+00,
    1.5620000660e-01,    0.0000000000e+00,    1.5620000660e-01,    0.0000000000e+00,    1.5620000660e-01,    0.0000000000e+00,
    1.5729999542e-01,    0.0000000000e+00,    1.5729999542e-01,    0.0000000000e+00,    1.5729999542e-01,    0.0000000000e+00,
    1.5839999914e-01,    0.0000000000e+00,    1.5839999914e-01,    0.0000000000e+00,    1.5839999914e-01,    0.0000000000e+00,
    1.5950000286e-01,    0.0000000000e+00,    1.5950000286e-01,    0.0000000000e+00,    1.5950000286e-01,    0.0000000000e+00,
    1.6060000658e-01,    0.0000000000e+00,    1.6060000658e-01,    0.0000000000e+00,    1.6060000658e-01,    0.0000000000e+00,
    1.6169999540e-01,    0.0000000000e+00,    1.6169999540e-01,    0.0000000000e+00,    1.6169999540e-01,    0.0000000000e+00,
    1.6279999912e-01,    0.0000000000e+00,    1.6279999912e-01,    0.0000000000e+00,    1.6279999912e-01,    0.0000000000e+00,
    1.6390000284e-01,    0.0000000000e+00,    1.6390000284e-01,    0.0000000000e+00,    1.6390000284e-01,    0.0000000000e+00,
    1.6500000656e-01,    0.0000000000e+00,    1.6500000656e-01,    0.0000000000e+00,    1.6500000656e-01,    0.0000000000e+00,
    1.6609999537e-01,    0.0000000000e+00,    1.6609999537e-01,    0.0000000000e+00,    1.6609999537e-01,    0.0000000000e+00,
    1.6719999909e-01,    0.0000000000e+00,    1.6719999909e-01,    0.0000000000e+00,    1.6719999909e-01,    0.0000000000e+00,
    1.6830000281e-01,    0.0000000000e+00,    1.6830000281e-01,    0.0000000000e+00,    1.6830000281e-01,    0.0000000000e+00,
    1.6940000653e-01,    0.0000000000e+00,    1.6940000653e-01,    0.0000000000e+00,    1.6940000653e-01,    0.0000000000e+00,
    1.7049999535e-01,    0.0000000000e+00,    1.7049999535e-01,    0.0000000000e+00,    1.7049999535e-01,    0.0000000000e+00,
    1.7159999907e-01,    0.0000000000e+00,    1.7159999907e-01,    0.0000000000e+00,    1.7159999907e-01,    0.0000000000e+00,
    1.7270000279e-01,    0.0000000000e+00,    1.7270000279e-01,    0.0000000000e+00,    1.7270000279e-01,    0.0000000000e+00,
    1.7380000651e-01,    0.0000000000e+00,    1.7380000651e-01,    0.0000000000e+00,    1.7380000651e-01,    0.0000000000e+00,
    1.7489999533e-01,    0.0000000000e+00,    1.7489999533e-01,    0.0000000000e+00,    1.7489999533e-01,    0.0000000000e+00,
    1.7599999905e-01,    0.0000000000e+00,    1.7599999905e-01,    0.0000000000e+00,    1.7599999905e-01,    0.0000000000e+00,
    1.7710000277e-01,    0.0000000000e+00,    1.7710000277e-01,    0.0000000000e+00,    1.7710000277e-01,    0.0000000000e+00,
    1.7820000648e-01,    0.0000000000e+00,    1.7820000648e-01,    0.0000000000e+00,    1.7820000648e-01,    0.0000000000e+00,
    1.7929999530e-01,    0.0000000000e+00,    1.7929999530e-01,    0.0000000000e+00,    1.7929999530e-01,    0.0000000000e+00,
    1.8039999902e-01,    0.0000000000e+00,    1.8039999902e-01,    0.0000000000e+00,    1.8039999902e-01,    0.0000000000e+00,
    1.8150000274e-01,    0.0000000000e+00,    1.8150000274e-01,    0.0000000000e+00,    1.8150000274e-01,    0.0000000000e+00,
    1.8260000646e-01,    0.0000000000e+00,    1.8260000646e-01,    0.0000000000e+00,    1.8260000646e-01,    0.0000000000e+00,
    1.8369999528e-01,    0.0000000000e+00,    1.8369999528e-01,    0.0000000000e+00,    1.8369999528e-01,    0.0000000000e+00,
    1.8479999900e-01,    0.0000000000e+00,    1.8479999900e-01,    0.0000000000e+00,    1.8479999900e-01,    0.0000000000e+00,
    1.8590000272e-01,    0.0000000000e+00,    1.8590000272e-01,    0.0000000000e+00,    1.8590000272e-01,    0.0000000000e+00,
    1.8700000644e-01,    0.0000000000e+00,    1.8700000644e-01,    0.0000000000e+00,    1.8700000644e-01,    0.0000000000e+00,
    1.8809999526e-01,    0.0000000000e+00,    1.8809999526e-01,    0.0000000000e+00,    1.8809999526e-01,    0.0000000000e+00,
    1.8919999897e-01,    1.2508099644e-05,    1.8919999897e-01,    5.8591100387e-03,    1.8919999897e-01,    3.5045500226e-06,
    1.9030000269e-01,    1.6957299522e-05,    1.9030000269e-01,    2.7494199574e-02,    1.9030000269e-01,    1.4402699890e-04,
    1.9140000641e-01,    2.2216199795e-05,    1.9140000641e-01,    6.1595901847e-02,    1.9140000641e-01,    1.1236099817e-04,
    1.9249999523e-01,    1.9637200239e-05,    1.9249999523e-01,    1.0353600234e-01,    1.9249999523e-01,    7.6412099588e-05,
    1.9359999895e-01,    1.2649599739e-05,    1.9359999895e-01,    1.5401600301e-01,    1.9359999895e-01,    1.2398099352e-04,
    1.9470000267e-01,    2.3715999760e-06,    1.9470000267e-01,    2.0879399776e-01,    1.9470000267e-01,    1.6086100368e-04,
    1.9580000639e-01,    5.3686899264e-06,    1.9580000639e-01,    2.7320098877e-01,    1.9580000639e-01,    2.0487100119e-04,
    1.9689999521e-01,   -1.1599299796e-05,    1.9689999521e-01,    3.3718600869e-01,    1.9689999521e-01,    2.2700100089e-04,
    1.9799999893e-01,   -8.6835398179e-06,    1.9799999893e-01,    4.0919798613e-01,    1.9799999893e-01,    1.8611300038e-04,
    1.9910000265e-01,   -2.8133999876e-05,    1.9910000265e-01,    4.8028400540e-01,    1.9910000265e-01,    1.8668700068e-04,
    2.0020000637e-01,   -1.0802200268e-04,    2.0020000637e-01,    5.5648702383e-01,    2.0020000637e-01,    1.4699599706e-04,
    2.0129999518e-01,   -2.3871200392e-04,    2.0129999518e-01,    6.4121198654e-01,    2.0129999518e-01,    2.6396399335e-05,
    2.0239999890e-01,   -2.1715200273e-04,    2.0239999890e-01,    7.3078000546e-01,    2.0239999890e-01,    1.9654800781e-05,
    2.0350000262e-01,   -3.4813900129e-04,    2.0350000262e-01,    8.3013898134e-01,    2.0350000262e-01,    3.9078400005e-04,
    2.0460000634e-01,   -4.2012499762e-04,    2.0460000634e-01,    9.3472099304e-01,    2.0460000634e-01,    3.3380999230e-04,
    2.0569999516e-01,   -4.0588199045e-04,    2.0569999516e-01,    1.0468200445e+00,    2.0569999516e-01,   -4.6457000280e-05,
    2.0679999888e-01,   -5.8361602714e-04,    2.0679999888e-01,    1.1727099419e+00,    2.0679999888e-01,   -6.7137699807e-04,
    2.0790000260e-01,   -5.5034400430e-04,    2.0790000260e-01,    1.3009099960e+00,    2.0790000260e-01,   -6.7055900581e-04,
    2.0900000632e-01,   -6.3832802698e-04,    2.0900000632e-01,    1.4203799963e+00,    2.0900000632e-01,   -1.1022100225e-03,
    2.1009999514e-01,   -1.0481099598e-03,    2.1009999514e-01,    1.5506700277e+00,    2.1009999514e-01,   -1.4532000059e-03,
    2.1119999886e-01,   -1.1004999978e-03,    2.1119999886e-01,    1.6854399443e+00,    2.1119999886e-01,   -1.6868700041e-03,
    2.1230000257e-01,   -1.4965300215e-03,    2.1230000257e-01,    1.8275699615e+00,    2.1230000257e-01,   -1.0751399677e-03,
    2.1340000629e-01,   -1.6437600134e-03,    2.1340000629e-01,    2.0021300316e+00,    2.1340000629e-01,   -2.2084000520e-03,
    2.1449999511e-01,   -1.6970599536e-03,    2.1449999511e-01,    2.1789898872e+00,    2.1449999511e-01,   -2.3195799440e-03,
    2.1559999883e-01,   -1.7787499819e-03,    2.1559999883e-01,    2.3517398834e+00,    2.1559999883e-01,   -2.4183599744e-03,
    2.1670000255e-01,   -2.1437099203e-03,    2.1670000255e-01,    2.5321900845e+00,    2.1670000255e-01,   -2.0190998912e-03,
    2.1780000627e-01,   -1.9890200347e-03,    2.1780000627e-01,    2.7228000164e+00,    2.1780000627e-01,   -1.9005900249e-03,
    2.1889999509e-01,   -2.1523500327e-03,    2.1889999509e-01,    2.9145998955e+00,    2.1889999509e-01,   -2.4381000549e-03,
    2.1999999881e-01,   -2.1803600248e-03,    2.1999999881e-01,    3.1016800404e+00,    2.1999999881e-01,   -2.2816599812e-03,
    2.2110000253e-01,   -2.3095200304e-03,    2.2110000253e-01,    3.2827699184e+00,    2.2110000253e-01,   -1.7122200225e-03,
    2.2220000625e-01,   -2.6375800371e-03,    2.2220000625e-01,    3.4779899120e+00,    2.2220000625e-01,   -1.5614300501e-03,
    2.2329999506e-01,   -7.0527999196e-04,    2.2329999506e-01,    3.6680700779e+00,    2.2329999506e-01,   -2.3139200639e-03,
    2.2439999878e-01,   -6.1978597660e-04,    2.2439999878e-01,    3.8393099308e+00,    2.2439999878e-01,   -2.5879200548e-03,
    2.2550000250e-01,   -4.2628701776e-03,    2.2550000250e-01,    4.0038800240e+00,    2.2550000250e-01,   -1.6618400114e-03,
    2.2660000622e-01,   -1.7403999809e-03,    2.2660000622e-01,    4.1838102341e+00,    2.2660000622e-01,   -1.3082399964e-03,
    2.2769999504e-01,   -4.2632999830e-03,    2.2769999504e-01,    4.3539099693e+00,    2.2769999504e-01,   -5.9569097357e-04,
    2.2879999876e-01,   -3.1820801087e-03,    2.2879999876e-01,    4.4958300591e+00,    2.2879999876e-01,   -3.9646798541e-05,
    2.2990000248e-01,   -3.4645199776e-03,    2.2990000248e-01,    4.6479997635e+00,    2.2990000248e-01,    1.3686299790e-03,
    2.3100000620e-01,   -3.3632500563e-03,    2.3100000620e-01,    4.7968797684e+00,    2.3100000620e-01,    3.8146900479e-03,
    2.3209999502e-01,   -4.5066699386e-03,    2.3209999502e-01,    4.9496698380e+00,    2.3209999502e-01,    7.4286102317e-03,
    2.3319999874e-01,   -4.3731001206e-03,    2.3319999874e-01,    5.1349701881e+00,    2.3319999874e-01,    1.1877800338e-02,
    2.3430000246e-01,   -4.9257897772e-03,    2.3430000246e-01,    5.3129501343e+00,    2.3430000246e-01,    1.5033699572e-02,
    2.3540000618e-01,   -3.8502500392e-03,    2.3540000618e-01,    5.5042901039e+00,    2.3540000618e-01,    1.5233700164e-02,
    2.3649999499e-01,   -6.1904699542e-03,    2.3649999499e-01,    5.6937699318e+00,    2.3649999499e-01,    1.3013600372e-02,
    2.3759999871e-01,   -4.9513000995e-03,    2.3759999871e-01,    5.8857998848e+00,    2.3759999871e-01,    1.1579399928e-02,
    2.3870000243e-01,   -5.5551300757e-03,    2.3870000243e-01,    6.0730400085e+00,    2.3870000243e-01,    7.8012901358e-03,
    2.3980000615e-01,   -4.4052200392e-03,    2.3980000615e-01,    6.2633299828e+00,    2.3980000615e-01,    3.3987099305e-03,
    2.4089999497e-01,   -6.7172599956e-03,    2.4089999497e-01,    6.4287600517e+00,    2.4089999497e-01,   -1.4674500562e-04,
    2.4199999869e-01,   -6.3629602082e-03,    2.4199999869e-01,    6.5844497681e+00,    2.4199999869e-01,   -2.2033900023e-03,
    2.4310000241e-01,   -5.9289098717e-03,    2.4310000241e-01,    6.7012801170e+00,    2.4310000241e-01,   -9.0011395514e-03,
    2.4420000613e-01,   -6.7589501850e-03,    2.4420000613e-01,    6.7630901337e+00,    2.4420000613e-01,   -1.3001100160e-02,
    2.4529999495e-01,   -6.6703800112e-03,    2.4529999495e-01,    6.8028497696e+00,    2.4529999495e-01,   -1.6377400607e-02,
    2.4639999866e-01,   -5.6903301738e-03,    2.4639999866e-01,    6.8245301247e+00,    2.4639999866e-01,   -1.7101399601e-02,
    2.4750000238e-01,   -4.9828900956e-03,    2.4750000238e-01,    6.8404798508e+00,    2.4750000238e-01,   -1.6131600365e-02,
    2.4860000610e-01,   -4.6965098009e-03,    2.4860000610e-01,    6.8248801231e+00,    2.4860000610e-01,   -1.1149300262e-02,
    2.4969999492e-01,   -6.5311598592e-03,    2.4969999492e-01,    6.7946000099e+00,    2.4969999492e-01,   -8.5040200502e-03,
    2.5080001354e-01,   -4.9969400279e-03,    2.5080001354e-01,    6.8170800209e+00,    2.5080001354e-01,   -1.2383200228e-02,
    2.5189998746e-01,   -4.8993998207e-03,    2.5189998746e-01,    6.8603401184e+00,    2.5189998746e-01,   -1.1238900013e-02,
    2.5299999118e-01,   -5.6790001690e-03,    2.5299999118e-01,    6.9032602310e+00,    2.5299999118e-01,   -1.3034099713e-02,
    2.5409999490e-01,   -6.9764899090e-03,    2.5409999490e-01,    6.9452300072e+00,    2.5409999490e-01,   -1.0814899579e-02,
    2.5519999862e-01,   -5.2775200456e-03,    2.5519999862e-01,    6.9906401634e+00,    2.5519999862e-01,   -1.4057399705e-02,
    2.5630000234e-01,   -4.5215100981e-03,    2.5630000234e-01,    7.0398597717e+00,    2.5630000234e-01,   -1.5607699752e-02,
    2.5740000606e-01,   -3.7004800979e-03,    2.5740000606e-01,    7.1174302101e+00,    2.5740000606e-01,   -1.5007499605e-02,
    2.5850000978e-01,   -4.0332600474e-03,    2.5850000978e-01,    7.2339100838e+00,    2.5850000978e-01,   -1.5505299903e-02,
    2.5960001349e-01,   -3.9667901583e-03,    2.5960001349e-01,    7.3693499565e+00,    2.5960001349e-01,   -1.3465300202e-02,
    2.6069998741e-01,   -5.6643099524e-03,    2.6069998741e-01,    7.4939298630e+00,    2.6069998741e-01,   -1.1010199785e-02,
    2.6179999113e-01,   -5.4116901010e-03,    2.6179999113e-01,    7.6580100060e+00,    2.6179999113e-01,   -8.3738695830e-03,
    2.6289999485e-01,   -4.7369198874e-03,    2.6289999485e-01,    7.8637599945e+00,    2.6289999485e-01,   -9.1690802947e-03,
    2.6399999857e-01,   -4.9175200984e-03,    2.6399999857e-01,    8.0668802261e+00,    2.6399999857e-01,   -8.0830799416e-03,
    2.6510000229e-01,   -5.8385701850e-03,    2.6510000229e-01,    8.2617702484e+00,    2.6510000229e-01,   -7.5244000182e-03,
    2.6620000601e-01,   -6.7442799918e-03,    2.6620000601e-01,    8.4568796158e+00,    2.6620000601e-01,   -5.8149402030e-03,
    2.6730000973e-01,   -4.7239800915e-03,    2.6730000973e-01,    8.6721401215e+00,    2.6730000973e-01,   -5.7260398753e-03,
    2.6840001345e-01,   -5.2254800685e-03,    2.6840001345e-01,    8.8568801880e+00,    2.6840001345e-01,   -2.3095100187e-03,
    2.6949998736e-01,   -5.6019099429e-03,    2.6949998736e-01,    8.9589395523e+00,    2.6949998736e-01,    1.3168399455e-03,
    2.7059999108e-01,   -5.9592202306e-03,    2.7059999108e-01,    9.0062103271e+00,    2.7059999108e-01,    2.0607000217e-02,
    2.7169999480e-01,   -4.3157399632e-03,    2.7169999480e-01,    8.9204902649e+00,    2.7169999480e-01,    2.0712299272e-02,
    2.7279999852e-01,    9.7153999377e-04,    2.7279999852e-01,    8.8515300751e+00,    2.7279999852e-01,    3.1635098159e-02,
    2.7390000224e-01,   -1.1466400465e-03,    2.7390000224e-01,    8.8079595566e+00,    2.7390000224e-01,    2.5530099869e-02,
    2.7500000596e-01,   -7.8705996275e-03,    2.7500000596e-01,    8.8325300217e+00,    2.7500000596e-01,    2.5387899950e-02,
    2.7610000968e-01,   -5.0284299068e-03,    2.7610000968e-01,    8.8964595795e+00,    2.7610000968e-01,    1.4771499671e-02,
    2.7720001340e-01,   -6.1069000512e-03,    2.7720001340e-01,    8.9456901550e+00,    2.7720001340e-01,    1.2200700119e-02,
    2.7829998732e-01,   -9.1968001798e-03,    2.7829998732e-01,    9.0209398270e+00,    2.7829998732e-01,    8.2839997485e-03,
    2.7939999104e-01,   -4.3501402251e-03,    2.7939999104e-01,    9.1096496582e+00,    2.7939999104e-01,    5.3500100039e-03,
    2.8049999475e-01,   -1.0582800023e-02,    2.8049999475e-01,    9.2047300339e+00,    2.8049999475e-01,    2.6364300866e-03,
    2.8159999847e-01,   -4.0584299713e-03,    2.8159999847e-01,    9.3574104309e+00,    2.8159999847e-01,    8.4646197502e-04,
    2.8270000219e-01,   -5.1347301342e-03,    2.8270000219e-01,    9.5064001083e+00,    2.8270000219e-01,    6.4479402499e-04,
    2.8380000591e-01,   -5.0233998336e-03,    2.8380000591e-01,    9.6445703506e+00,    2.8380000591e-01,   -1.8715800252e-03,
    2.8490000963e-01,   -1.2896399945e-02,    2.8490000963e-01,    9.7894001007e+00,    2.8490000963e-01,   -4.2985398322e-03,
    2.8600001335e-01,   -1.3885100372e-02,    2.8600001335e-01,    9.9654302597e+00,    2.8600001335e-01,   -2.8874799609e-03,
    2.8709998727e-01,   -1.0664599948e-02,    2.8709998727e-01,    1.0106800079e+01,    2.8709998727e-01,   -3.6693299189e-03,
    2.8819999099e-01,   -1.5166900121e-02,    2.8819999099e-01,    1.0234199524e+01,    2.8819999099e-01,   -8.9180301875e-03,
    2.8929999471e-01,   -1.0608600453e-02,    2.8929999471e-01,    1.0369299889e+01,    2.8929999471e-01,   -5.7974401861e-03,
    2.9039999843e-01,   -1.2707199901e-02,    2.9039999843e-01,    1.0482199669e+01,    2.9039999843e-01,   -3.9341701195e-03,
    2.9150000215e-01,   -1.3548100367e-02,    2.9150000215e-01,    1.0581500053e+01,    2.9150000215e-01,   -5.1541500725e-03,
    2.9260000587e-01,   -1.4428299852e-02,    2.9260000587e-01,    1.0705599785e+01,    2.9260000587e-01,   -4.8737199977e-03,
    2.9370000958e-01,   -1.2435399927e-02,    2.9370000958e-01,    1.0866200447e+01,    2.9370000958e-01,   -8.7989596650e-03,
    2.9480001330e-01,   -1.2916300446e-02,    2.9480001330e-01,    1.1015999794e+01,    2.9480001330e-01,   -8.2264402881e-03,
    2.9589998722e-01,   -1.6637699679e-02,    2.9589998722e-01,    1.1125000000e+01,    2.9589998722e-01,   -8.6211301386e-03,
    2.9699999094e-01,   -2.2356800735e-02,    2.9699999094e-01,    1.1255100250e+01,    2.9699999094e-01,   -5.1008500159e-03,
    2.9809999466e-01,   -3.0310800299e-02,    2.9809999466e-01,    1.1350899696e+01,    2.9809999466e-01,   -4.8393900506e-03,
    2.9919999838e-01,   -2.3565299809e-02,    2.9919999838e-01,    1.1407400131e+01,    2.9919999838e-01,   -2.3480199743e-03,
    3.0030000210e-01,   -2.0970899612e-02,    3.0030000210e-01,    1.1487400055e+01,    3.0030000210e-01,    1.0115499608e-03,
    3.0140000582e-01,   -2.5187699124e-02,    3.0140000582e-01,    1.1599200249e+01,    3.0140000582e-01,    4.6071698889e-03,
    3.0250000954e-01,   -2.2395400330e-02,    3.0250000954e-01,    1.1725700378e+01,    3.0250000954e-01,    8.4909200668e-03,
    3.0360001326e-01,   -2.2385999560e-02,    3.0360001326e-01,    1.1825599670e+01,    3.0360001326e-01,    7.9494100064e-03,
    3.0469998717e-01,   -2.7333600447e-02,    3.0469998717e-01,    1.1905699730e+01,    3.0469998717e-01,    8.2026803866e-03,
    3.0579999089e-01,   -2.3541899398e-02,    3.0579999089e-01,    1.1998299599e+01,    3.0579999089e-01,    9.6468599513e-03,
    3.0689999461e-01,   -1.6074299812e-02,    3.0689999461e-01,    1.2058400154e+01,    3.0689999461e-01,    2.4073401000e-03,
    3.0799999833e-01,   -5.0466898829e-02,    3.0799999833e-01,    1.2184700012e+01,    3.0799999833e-01,   -8.7052797899e-03,
    3.0910000205e-01,   -2.7379799634e-02,    3.0910000205e-01,    1.2325799942e+01,    3.0910000205e-01,   -1.3311799616e-02,
    3.1020000577e-01,   -1.6571700573e-02,    3.1020000577e-01,    1.2484100342e+01,    3.1020000577e-01,   -1.2990499847e-02,
    3.1130000949e-01,   -1.6703600064e-02,    3.1130000949e-01,    1.2649299622e+01,    3.1130000949e-01,   -1.5165899880e-02,
    3.1240001321e-01,   -1.7102599144e-02,    3.1240001321e-01,    1.2836099625e+01,    3.1240001321e-01,   -1.4492800459e-02,
    3.1349998713e-01,   -2.1404499188e-02,    3.1349998713e-01,    1.3013199806e+01,    3.1349998713e-01,   -9.1460896656e-03,
    3.1459999084e-01,   -2.4434000254e-02,    3.1459999084e-01,    1.3184900284e+01,    3.1459999084e-01,   -9.6948500723e-03,
    3.1569999456e-01,   -2.1102000028e-02,    3.1569999456e-01,    1.3351200104e+01,    3.1569999456e-01,   -1.0984299704e-02,
    3.1679999828e-01,   -2.3265000433e-02,    3.1679999828e-01,    1.3532299995e+01,    3.1679999828e-01,   -1.4587399550e-02,
    3.1790000200e-01,   -4.8014301807e-02,    3.1790000200e-01,    1.3689700127e+01,    3.1790000200e-01,   -1.2004599907e-02,
    3.1900000572e-01,   -3.8102000952e-02,    3.1900000572e-01,    1.3824700356e+01,    3.1900000572e-01,   -1.1560300365e-02,
    3.2010000944e-01,   -3.9317298681e-02,    3.2010000944e-01,    1.3978500366e+01,    3.2010000944e-01,   -1.6018200666e-02,
    3.2120001316e-01,   -3.2718300819e-02,    3.2120001316e-01,    1.4085700035e+01,    3.2120001316e-01,   -2.2651299834e-02,
    3.2229998708e-01,   -3.0521800742e-02,    3.2229998708e-01,    1.4163900375e+01,    3.2229998708e-01,   -2.7767799795e-02,
    3.2339999080e-01,   -2.8907300904e-02,    3.2339999080e-01,    1.4315600395e+01,    3.2339999080e-01,   -3.3730000257e-02,
    3.2449999452e-01,   -1.4036799781e-02,    3.2449999452e-01,    1.4503499985e+01,    3.2449999452e-01,   -4.0563799441e-02,
    3.2559999824e-01,   -3.3309001476e-02,    3.2559999824e-01,    1.4687000275e+01,    3.2559999824e-01,   -3.3495798707e-02,
    3.2670000196e-01,   -2.6218499988e-02,    3.2670000196e-01,    1.4911299706e+01,    3.2670000196e-01,   -2.9607100412e-02,
    3.2780000567e-01,   -2.8249099851e-02,    3.2780000567e-01,    1.5171199799e+01,    3.2780000567e-01,   -2.5678699836e-02,
    3.2890000939e-01,   -2.0116200671e-02,    3.2890000939e-01,    1.5477499962e+01,    3.2890000939e-01,   -2.5230899453e-02,
    3.3000001311e-01,   -2.2489599884e-02,    3.3000001311e-01,    1.5719799995e+01,    3.3000001311e-01,   -2.3439899087e-02,
    3.3109998703e-01,   -6.2349601649e-03,    3.3109998703e-01,    1.5929900169e+01,    3.3109998703e-01,   -1.8944999203e-02,
    3.3219999075e-01,   -2.3261399940e-02,    3.3219999075e-01,    1.6071500778e+01,    3.3219999075e-01,   -1.6985999420e-02,
    3.3329999447e-01,   -2.0841199905e-02,    3.3329999447e-01,    1.6254600525e+01,    3.3329999447e-01,   -1.2241600081e-02,
    3.3439999819e-01,   -2.8752600774e-02,    3.3439999819e-01,    1.6409200668e+01,    3.3439999819e-01,   -1.1544000357e-02,
    3.3550000191e-01,   -3.4298699349e-02,    3.3550000191e-01,    1.6555900574e+01,    3.3550000191e-01,   -6.0743098147e-03,
    3.3660000563e-01,   -3.6282401532e-02,    3.3660000563e-01,    1.6655099869e+01,    3.3660000563e-01,   -1.1570700444e-02,
    3.3770000935e-01,   -2.2306200117e-02,    3.3770000935e-01,    1.6747400284e+01,    3.3770000935e-01,   -1.5700800344e-02,
    3.3880001307e-01,   -1.7682900652e-02,    3.3880001307e-01,    1.6840599060e+01,    3.3880001307e-01,   -9.1648502275e-03,
    3.3989998698e-01,   -4.2758300900e-02,    3.3989998698e-01,    1.6908599854e+01,    3.3989998698e-01,    8.5870800540e-03,
    3.4099999070e-01,   -2.7630399913e-02,    3.4099999070e-01,    1.7033300400e+01,    3.4099999070e-01,    8.3652399480e-03,
    3.4209999442e-01,   -3.6712899804e-02,    3.4209999442e-01,    1.7154399872e+01,    3.4209999442e-01,    3.7424399052e-03,
    3.4319999814e-01,   -2.4071700871e-02,    3.4319999814e-01,    1.7291700363e+01,    3.4319999814e-01,    1.0674299672e-02,
    3.4430000186e-01,   -3.1329900026e-02,    3.4430000186e-01,    1.7398799896e+01,    3.4430000186e-01,    8.1985897850e-04,
    3.4540000558e-01,   -6.3444399275e-03,    3.4540000558e-01,    1.7517099380e+01,    3.4540000558e-01,   -6.0776597820e-03,
    3.4650000930e-01,   -2.5293000042e-02,    3.4650000930e-01,    1.7648599625e+01,    3.4650000930e-01,   -2.0935300738e-02,
    3.4760001302e-01,   -4.3030001223e-02,    3.4760001302e-01,    1.7749200821e+01,    3.4760001302e-01,   -1.0593499988e-02,
    3.4869998693e-01,   -4.9149300903e-02,    3.4869998693e-01,    1.7794399261e+01,    3.4869998693e-01,   -1.1156200431e-02,
    3.4979999065e-01,   -4.5345701277e-02,    3.4979999065e-01,    1.7906400681e+01,    3.4979999065e-01,   -9.8867602646e-03,
    3.5089999437e-01,   -4.0132798254e-02,    3.5089999437e-01,    1.8024999619e+01,    3.5089999437e-01,   -6.1509097577e-05,
    3.5199999809e-01,   -5.0246700644e-02,    3.5199999809e-01,    1.8093399048e+01,    3.5199999809e-01,    6.8113901652e-03,
    3.5310000181e-01,   -4.1704401374e-02,    3.5310000181e-01,    1.8136699677e+01,    3.5310000181e-01,    3.2848000992e-03,
    3.5420000553e-01,   -3.7684198469e-02,    3.5420000553e-01,    1.8195699692e+01,    3.5420000553e-01,    1.1504200287e-02,
    3.5530000925e-01,   -5.4172098637e-02,    3.5530000925e-01,    1.8255199432e+01,    3.5530000925e-01,    1.2483100407e-02,
    3.5640001297e-01,   -4.2952701449e-02,    3.5640001297e-01,    1.8288000107e+01,    3.5640001297e-01,    7.9763103276e-03,
    3.5749998689e-01,   -4.3496400118e-02,    3.5749998689e-01,    1.8283000946e+01,    3.5749998689e-01,    6.9812801667e-03,
    3.5859999061e-01,   -4.4753398746e-02,    3.5859999061e-01,    1.8252099991e+01,    3.5859999061e-01,    3.0439600814e-03,
    3.5969999433e-01,   -4.3799299747e-02,    3.5969999433e-01,    1.8302299500e+01,    3.5969999433e-01,    3.5780300386e-03,
    3.6079999804e-01,   -4.5106299222e-02,    3.6079999804e-01,    1.8402299881e+01,    3.6079999804e-01,   -1.4374499442e-03,
    3.6190000176e-01,   -7.7477499843e-02,    3.6190000176e-01,    1.8497800827e+01,    3.6190000176e-01,   -7.4505400844e-03,
    3.6300000548e-01,   -6.4975000918e-02,    3.6300000548e-01,    1.8568599701e+01,    3.6300000548e-01,   -1.4623000287e-02,
    3.6410000920e-01,   -4.8751700670e-02,    3.6410000920e-01,    1.8575500488e+01,    3.6410000920e-01,   -1.9955100492e-02,
    3.6520001292e-01,   -4.8477500677e-02,    3.6520001292e-01,    1.8666000366e+01,    3.6520001292e-01,   -2.6643799618e-02,
    3.6629998684e-01,   -5.9269800782e-02,    3.6629998684e-01,    1.8782199860e+01,    3.6629998684e-01,   -2.4919100106e-02,
    3.6739999056e-01,   -4.3621301651e-02,    3.6739999056e-01,    1.9135700226e+01,    3.6739999056e-01,   -2.3562399670e-02,
    3.6849999428e-01,   -4.0493100882e-02,    3.6849999428e-01,    1.9477100372e+01,    3.6849999428e-01,   -1.1278900318e-02,
    3.6959999800e-01,   -3.6841500551e-02,    3.6959999800e-01,    1.9844100952e+01,    3.6959999800e-01,    7.7806197805e-04,
    3.7070000172e-01,   -3.6983199418e-02,    3.7070000172e-01,    2.0168899536e+01,    3.7070000172e-01,    1.4516699594e-03,
    3.7180000544e-01,   -5.5505201221e-02,    3.7180000544e-01,    2.0526300430e+01,    3.7180000544e-01,    1.0519599542e-02,
    3.7290000916e-01,   -4.7610200942e-02,    3.7290000916e-01,    2.0978000641e+01,    3.7290000916e-01,    1.6653699800e-02,
    3.7400001287e-01,   -5.4628301412e-02,    3.7400001287e-01,    2.1429700851e+01,    3.7400001287e-01,    1.4235200360e-02,
    3.7509998679e-01,   -4.0602199733e-02,    3.7509998679e-01,    2.1788799286e+01,    3.7509998679e-01,    1.1008399539e-02,
    3.7619999051e-01,   -4.4511601329e-02,    3.7619999051e-01,    2.2101200104e+01,    3.7619999051e-01,    1.3580099680e-02,
    3.7729999423e-01,   -4.1926000267e-02,    3.7729999423e-01,    2.2489200592e+01,    3.7729999423e-01,    1.5710700303e-02,
    3.7839999795e-01,   -4.1567798704e-02,    3.7839999795e-01,    2.2882499695e+01,    3.7839999795e-01,    1.9323199987e-02,
    3.7950000167e-01,   -3.1516298652e-02,    3.7950000167e-01,    2.3277200699e+01,    3.7950000167e-01,    1.2487900443e-02,
    3.8060000539e-01,   -2.6729600504e-02,    3.8060000539e-01,    2.3791599274e+01,    3.8060000539e-01,    6.7697102204e-03,
    3.8170000911e-01,   -3.2548800111e-02,    3.8170000911e-01,    2.4274400711e+01,    3.8170000911e-01,    7.0535801351e-03,
    3.8280001283e-01,   -3.3447798342e-02,    3.8280001283e-01,    2.4695699692e+01,    3.8280001283e-01,   -1.5705300029e-03,
    3.8389998674e-01,   -3.3549498767e-02,    3.8389998674e-01,    2.5137399673e+01,    3.8389998674e-01,   -7.6602399349e-03,
    3.8499999046e-01,   -3.9946001023e-02,    3.8499999046e-01,    2.5534900665e+01,    3.8499999046e-01,    5.9329201467e-03,
    3.8609999418e-01,   -2.3561000824e-02,    3.8609999418e-01,    2.5982099533e+01,    3.8609999418e-01,    3.6390600726e-03,
    3.8719999790e-01,   -1.6696300358e-02,    3.8719999790e-01,    2.6319499969e+01,    3.8719999790e-01,    6.6025499254e-03,
    3.8830000162e-01,   -1.9578000531e-02,    3.8830000162e-01,    2.6653799057e+01,    3.8830000162e-01,   -1.8815000076e-03,
    3.8940000534e-01,   -2.6395199820e-02,    3.8940000534e-01,    2.7023700714e+01,    3.8940000534e-01,    4.9247401766e-03,
    3.9050000906e-01,   -2.5805000216e-02,    3.9050000906e-01,    2.7359600067e+01,    3.9050000906e-01,    3.3601000905e-03,
    3.9160001278e-01,   -1.3219299726e-02,    3.9160001278e-01,    2.7717199326e+01,    3.9160001278e-01,    4.4164299034e-03,
    3.9269998670e-01,   -4.2135801166e-02,    3.9269998670e-01,    2.8014999390e+01,    3.9269998670e-01,    5.2108401433e-03,
    3.9379999042e-01,   -3.3107899129e-02,    3.9379999042e-01,    2.8270599365e+01,    3.9379999042e-01,   -2.1250599530e-03,
    3.9489999413e-01,   -4.0366098285e-02,    3.9489999413e-01,    2.8430999756e+01,    3.9489999413e-01,   -1.8099900335e-03,
    3.9599999785e-01,   -4.7677401453e-02,    3.9599999785e-01,    2.8602300644e+01,    3.9599999785e-01,    9.3182902783e-03,
    3.9710000157e-01,   -3.3825401217e-02,    3.9710000157e-01,    2.8676099777e+01,    3.9710000157e-01,    1.5072899871e-02,
    3.9820000529e-01,   -1.3267099857e-02,    3.9820000529e-01,    2.8778900146e+01,    3.9820000529e-01,    1.1027799919e-02,
    3.9930000901e-01,   -1.9585700706e-02,    3.9930000901e-01,    2.8816400528e+01,    3.9930000901e-01,    1.9221900031e-02,
    4.0040001273e-01,   -6.9239297882e-03,    4.0040001273e-01,    2.8806100845e+01,    4.0040001273e-01,    2.1587299183e-02,
    4.0149998665e-01,   -1.4984900132e-02,    4.0149998665e-01,    2.8755500793e+01,    4.0149998665e-01,    3.9953600615e-02,
    4.0259999037e-01,   -9.2282695696e-03,    4.0259999037e-01,    2.8694400787e+01,    4.0259999037e-01,    4.5596998185e-02,
    4.0369999409e-01,   -2.6785798836e-03,    4.0369999409e-01,    2.8585899353e+01,    4.0369999409e-01,    3.9042901248e-02,
    4.0479999781e-01,   -3.0902998988e-03,    4.0479999781e-01,    2.8357200623e+01,    4.0479999781e-01,    4.4628400356e-02,
    4.0590000153e-01,   -3.9733899757e-03,    4.0590000153e-01,    2.8064199448e+01,    4.0590000153e-01,    4.3670199811e-02,
    4.0700000525e-01,    1.7851600423e-03,    4.0700000525e-01,    2.7817300797e+01,    4.0700000525e-01,    5.6899700314e-02,
    4.0810000896e-01,   -3.8856898900e-03,    4.0810000896e-01,    2.7616100311e+01,    4.0810000896e-01,    6.1028201133e-02,
    4.0920001268e-01,   -1.1534299701e-02,    4.0920001268e-01,    2.7429599762e+01,    4.0920001268e-01,    6.5370902419e-02,
    4.1029998660e-01,   -4.9502499402e-02,    4.1029998660e-01,    2.7372999191e+01,    4.1029998660e-01,    8.2735903561e-02,
    4.1139999032e-01,   -5.0701901317e-02,    4.1139999032e-01,    2.7361799240e+01,    4.1139999032e-01,    7.0066899061e-02,
    4.1249999404e-01,   -4.1557800025e-02,    4.1249999404e-01,    2.7421199799e+01,    4.1249999404e-01,    7.3214098811e-02,
    4.1359999776e-01,   -5.3062599152e-02,    4.1359999776e-01,    2.7467199326e+01,    4.1359999776e-01,    6.6466599703e-02,
    4.1470000148e-01,   -5.7627998292e-02,    4.1470000148e-01,    2.7541900635e+01,    4.1470000148e-01,    6.8862102926e-02,
    4.1580000520e-01,   -8.1366196275e-02,    4.1580000520e-01,    2.7591800690e+01,    4.1580000520e-01,    7.3655001819e-02,
    4.1690000892e-01,   -7.6961398125e-02,    4.1690000892e-01,    2.7633800507e+01,    4.1690000892e-01,    6.0769401491e-02,
    4.1800001264e-01,   -6.3425399363e-02,    4.1800001264e-01,    2.7715200424e+01,    4.1800001264e-01,    6.2226198614e-02,
    4.1909998655e-01,   -8.0338403583e-02,    4.1909998655e-01,    2.7716199875e+01,    4.1909998655e-01,    6.4990200102e-02,
    4.2019999027e-01,   -1.0879500210e-01,    4.2019999027e-01,    2.7716999054e+01,    4.2019999027e-01,    6.1125401407e-02,
    4.2129999399e-01,   -1.2549799681e-01,    4.2129999399e-01,    2.7759199142e+01,    4.2129999399e-01,    4.3640501797e-02,
    4.2239999771e-01,   -1.1290699989e-01,    4.2239999771e-01,    2.7986799240e+01,    4.2239999771e-01,    4.9503099173e-02,
    4.2350000143e-01,   -1.0232999921e-01,    4.2350000143e-01,    2.8192800522e+01,    4.2350000143e-01,    6.3837900758e-02,
    4.2460000515e-01,   -9.1978102922e-02,    4.2460000515e-01,    2.8340299606e+01,    4.2460000515e-01,    5.9105899185e-02,
    4.2570000887e-01,   -1.0012099892e-01,    4.2570000887e-01,    2.8499599457e+01,    4.2570000887e-01,    3.8452498615e-02,
    4.2680001259e-01,   -9.1524101794e-02,    4.2680001259e-01,    2.8750299454e+01,    4.2680001259e-01,    3.5578198731e-02,
    4.2789998651e-01,   -7.4679799378e-02,    4.2789998651e-01,    2.9027299881e+01,    4.2789998651e-01,    3.0946400017e-02,
    4.2899999022e-01,   -5.5019300431e-02,    4.2899999022e-01,    2.9335899353e+01,    4.2899999022e-01,    2.2902900353e-02,
    4.3009999394e-01,   -5.8307599276e-02,    4.3009999394e-01,    2.9587699890e+01,    4.3009999394e-01,   -2.7136100107e-04,
    4.3119999766e-01,   -3.2571900636e-02,    4.3119999766e-01,    2.9722600937e+01,    4.3119999766e-01,   -7.3014502414e-04,
    4.3230000138e-01,   -4.1460499167e-02,    4.3230000138e-01,    2.9952499390e+01,    4.3230000138e-01,   -2.0549900830e-02,
    4.3340000510e-01,   -3.7634801120e-02,    4.3340000510e-01,    3.0123699188e+01,    4.3340000510e-01,   -2.2707700729e-02,
    4.3450000882e-01,   -4.5894999057e-02,    4.3450000882e-01,    3.0309700012e+01,    4.3450000882e-01,   -2.4888100103e-02,
    4.3560001254e-01,   -6.5138399601e-02,    4.3560001254e-01,    3.0487800598e+01,    4.3560001254e-01,   -3.6792699248e-02,
    4.3669998646e-01,   -1.0412699543e-02,    4.3669998646e-01,    3.0786699295e+01,    4.3669998646e-01,   -3.5339500755e-02,
    4.3779999018e-01,    1.8454600126e-02,    4.3779999018e-01,    3.1220199585e+01,    4.3779999018e-01,   -1.9951900467e-02,
    4.3889999390e-01,    1.7012400553e-02,    4.3889999390e-01,    3.1533199310e+01,    4.3889999390e-01,   -2.2701200098e-02,
    4.3999999762e-01,    2.5406600907e-02,    4.3999999762e-01,    3.1873899460e+01,    4.3999999762e-01,   -1.8139600754e-02,
    4.4110000134e-01,    3.6071401089e-02,    4.4110000134e-01,    3.2183300018e+01,    4.4110000134e-01,    5.2553601563e-03,
    4.4220000505e-01,    1.3209099881e-02,    4.4220000505e-01,    3.2466400146e+01,    4.4220000505e-01,   -3.1273199711e-03,
    4.4330000877e-01,    1.0055400431e-02,    4.4330000877e-01,    3.2872600555e+01,    4.4330000877e-01,    1.2937700376e-02,
    4.4440001249e-01,   -2.8637000360e-03,    4.4440001249e-01,    3.3473201752e+01,    4.4440001249e-01,    1.5375299845e-03,
    4.4549998641e-01,   -1.0226200335e-02,    4.4549998641e-01,    3.4106800079e+01,    4.4549998641e-01,    1.0963600129e-02,
    4.4659999013e-01,   -3.0675500166e-03,    4.4659999013e-01,    3.4576198578e+01,    4.4659999013e-01,    1.3677299954e-02,
    4.4769999385e-01,   -2.4600200355e-02,    4.4769999385e-01,    3.4972599030e+01,    4.4769999385e-01,    1.8688600510e-02,
    4.4879999757e-01,   -1.6546100378e-02,    4.4879999757e-01,    3.5193298340e+01,    4.4879999757e-01,    2.8188100085e-02,
    4.4990000129e-01,   -2.3441499099e-02,    4.4990000129e-01,    3.5518901825e+01,    4.4990000129e-01,    2.4578599259e-02,
    4.5100000501e-01,   -2.5387100875e-02,    4.5100000501e-01,    3.5704200745e+01,    4.5100000501e-01,    4.7656800598e-02,
    4.5210000873e-01,   -3.8721501827e-02,    4.5210000873e-01,    3.5863399506e+01,    4.5210000873e-01,    4.3014798313e-02,
    4.5320001245e-01,   -2.6594499126e-02,    4.5320001245e-01,    3.6057998657e+01,    4.5320001245e-01,    3.1910199672e-02,
    4.5429998636e-01,   -3.2742500305e-02,    4.5429998636e-01,    3.6373600006e+01,    4.5429998636e-01,    2.9219800606e-02,
    4.5539999008e-01,   -1.1374399997e-02,    4.5539999008e-01,    3.6672901154e+01,    4.5539999008e-01,    1.5765400603e-02,
    4.5649999380e-01,   -3.1515501440e-02,    4.5649999380e-01,    3.7071601868e+01,    4.5649999380e-01,    1.7352800816e-02,
    4.5759999752e-01,   -2.7553699911e-02,    4.5759999752e-01,    3.7651901245e+01,    4.5759999752e-01,    4.3498501182e-02,
    4.5870000124e-01,   -1.0926100425e-02,    4.5870000124e-01,    3.8248001099e+01,    4.5870000124e-01,    3.7194900215e-02,
    4.5980000496e-01,   -2.4771399796e-02,    4.5980000496e-01,    3.8786499023e+01,    4.5980000496e-01,    5.1010701805e-02,
    4.6090000868e-01,    4.9502202310e-03,    4.6090000868e-01,    3.9152698517e+01,    4.6090000868e-01,    6.5240003169e-02,
    4.6200001240e-01,   -6.1416598037e-03,    4.6200001240e-01,    3.9452098846e+01,    4.6200001240e-01,    6.0807701200e-02,
    4.6309998631e-01,    1.4130899683e-02,    4.6309998631e-01,    3.9751098633e+01,    4.6309998631e-01,    7.5169697404e-02,
    4.6419999003e-01,   -1.8228800036e-03,    4.6419999003e-01,    4.0130500793e+01,    4.6419999003e-01,    9.1461196542e-02,
    4.6529999375e-01,    1.8219799967e-03,    4.6529999375e-01,    4.0429199219e+01,    4.6529999375e-01,    9.8990298808e-02,
    4.6639999747e-01,    3.2320801169e-02,    4.6639999747e-01,    4.0668498993e+01,    4.6639999747e-01,    1.1649899930e-01,
    4.6750000119e-01,    4.9226801842e-02,    4.6750000119e-01,    4.0881599426e+01,    4.6750000119e-01,    1.2048400193e-01,
    4.6860000491e-01,    5.4781001061e-02,    4.6860000491e-01,    4.1106300354e+01,    4.6860000491e-01,    1.1417999864e-01,
    4.6970000863e-01,    1.0683400184e-01,    4.6970000863e-01,    4.1593498230e+01,    4.6970000863e-01,    9.0917296708e-02,
    4.7080001235e-01,    1.0466299951e-01,    4.7080001235e-01,    4.1798599243e+01,    4.7080001235e-01,    5.7002201676e-02,
    4.7189998627e-01,    1.2316299975e-01,    4.7189998627e-01,    4.2151401520e+01,    4.7189998627e-01,    5.9511400759e-02,
    4.7299998999e-01,    8.4341697395e-02,    4.7299998999e-01,    4.2388401031e+01,    4.7299998999e-01,    3.4759998322e-02,
    4.7409999371e-01,    5.9252798557e-02,    4.7409999371e-01,    4.2848999023e+01,    4.7409999371e-01,    3.8306698203e-02,
    4.7519999743e-01,    6.9546796381e-02,    4.7519999743e-01,    4.3171100616e+01,    4.7519999743e-01,    3.0515100807e-02,
    4.7630000114e-01,    4.6169299632e-02,    4.7630000114e-01,    4.3527198792e+01,    4.7630000114e-01,   -1.6850900138e-03,
    4.7740000486e-01,    5.4749898612e-02,    4.7740000486e-01,    4.3572299957e+01,    4.7740000486e-01,    1.5772899613e-02,
    4.7850000858e-01,    4.5756101608e-02,    4.7850000858e-01,    4.3675300598e+01,    4.7850000858e-01,    1.9374799449e-03,
    4.7960001230e-01,    5.0831601024e-02,    4.7960001230e-01,    4.3566898346e+01,    4.7960001230e-01,   -2.8403000906e-02,
    4.8069998622e-01,    3.9595201612e-02,    4.8069998622e-01,    4.3766799927e+01,    4.8069998622e-01,   -5.0954598933e-02,
    4.8179998994e-01,   -7.1939402260e-03,    4.8179998994e-01,    4.3971000671e+01,    4.8179998994e-01,   -8.0913700163e-02,
    4.8289999366e-01,   -4.4727001339e-02,    4.8289999366e-01,    4.4056800842e+01,    4.8289999366e-01,   -1.4061500132e-01,
    4.8399999738e-01,   -1.1318599805e-02,    4.8399999738e-01,    4.4101898193e+01,    4.8399999738e-01,   -1.6280399263e-01,
    4.8510000110e-01,   -7.4377700686e-02,    4.8510000110e-01,    4.3995998383e+01,    4.8510000110e-01,   -1.5952199697e-01,
    4.8620000482e-01,   -1.1720199883e-01,    4.8620000482e-01,    4.4127498627e+01,    4.8620000482e-01,   -1.5649199486e-01,
    4.8730000854e-01,   -1.4785200357e-01,    4.8730000854e-01,    4.3893299103e+01,    4.8730000854e-01,   -1.2213300169e-01,
    4.8840001225e-01,   -1.0752499849e-01,    4.8840001225e-01,    4.3664901733e+01,    4.8840001225e-01,   -1.3776400685e-01,
    4.8949998617e-01,   -1.3545799255e-01,    4.8949998617e-01,    4.3540699005e+01,    4.8949998617e-01,   -1.1738499999e-01,
    4.9059998989e-01,   -1.4784500003e-01,    4.9059998989e-01,    4.3536399841e+01,    4.9059998989e-01,   -1.0743299872e-01,
    4.9169999361e-01,   -1.7105700076e-01,    4.9169999361e-01,    4.3446899414e+01,    4.9169999361e-01,   -1.0875599831e-01,
    4.9279999733e-01,   -1.7220999300e-01,    4.9279999733e-01,    4.3189300537e+01,    4.9279999733e-01,   -8.3216898143e-02,
    4.9390000105e-01,   -2.1033500135e-01,    4.9390000105e-01,    4.3041900635e+01,    4.9390000105e-01,   -1.0995599627e-01,
    4.9500000477e-01,   -1.8244400620e-01,    4.9500000477e-01,    4.3060199738e+01,    4.9500000477e-01,   -1.0514599830e-01,
    4.9610000849e-01,   -1.8094900250e-01,    4.9610000849e-01,    4.3356899261e+01,    4.9610000849e-01,   -1.5332899988e-01,
    4.9720001221e-01,   -1.7183500528e-01,    4.9720001221e-01,    4.3277999878e+01,    4.9720001221e-01,   -1.6870500147e-01,
    4.9829998612e-01,   -1.8876099586e-01,    4.9829998612e-01,    4.3546199799e+01,    4.9829998612e-01,   -1.6112799942e-01,
    4.9939998984e-01,   -2.4095499516e-01,    4.9939998984e-01,    4.3421501160e+01,    4.9939998984e-01,   -1.8441599607e-01,
    5.0050002337e-01,   -2.4146600068e-01,    5.0050002337e-01,    4.3639301300e+01,    5.0050002337e-01,   -1.5744599700e-01,
    5.0160002708e-01,   -2.6087200642e-01,    5.0160002708e-01,    4.3689098358e+01,    5.0160002708e-01,   -1.4705300331e-01,
    5.0269997120e-01,   -2.8973099589e-01,    5.0269997120e-01,    4.3676898956e+01,    5.0269997120e-01,   -1.4526699483e-01,
    5.0379997492e-01,   -3.3364999294e-01,    5.0379997492e-01,    4.3729099274e+01,    5.0379997492e-01,   -1.4174300432e-01,
    5.0489997864e-01,   -3.2272800803e-01,    5.0489997864e-01,    4.3567298889e+01,    5.0489997864e-01,   -1.3301900029e-01,
    5.0599998236e-01,   -3.7103199959e-01,    5.0599998236e-01,    4.3574298859e+01,    5.0599998236e-01,   -1.2917199731e-01,
    5.0709998608e-01,   -3.6346000433e-01,    5.0709998608e-01,    4.3195400238e+01,    5.0709998608e-01,   -1.0340599716e-01,
    5.0819998980e-01,   -4.0107598901e-01,    5.0819998980e-01,    4.3341800690e+01,    5.0819998980e-01,   -7.2379596531e-02,
    5.0929999352e-01,   -3.7092301250e-01,    5.0929999352e-01,    4.3013698578e+01,    5.0929999352e-01,   -5.2067399025e-02,
    5.1039999723e-01,   -3.1784498692e-01,    5.1039999723e-01,    4.3148399353e+01,    5.1039999723e-01,   -5.3893499076e-02,
    5.1150000095e-01,   -3.1898400187e-01,    5.1150000095e-01,    4.3019798279e+01,    5.1150000095e-01,   -2.3573599756e-02,
    5.1260000467e-01,   -2.5900599360e-01,    5.1260000467e-01,    4.3200000763e+01,    5.1260000467e-01,    1.8892399967e-02,
    5.1370000839e-01,   -2.7265900373e-01,    5.1370000839e-01,    4.3334999084e+01,    5.1370000839e-01,    7.1771197021e-02,
    5.1480001211e-01,   -2.9736500978e-01,    5.1480001211e-01,    4.3607898712e+01,    5.1480001211e-01,    1.0287100077e-01,
    5.1590001583e-01,   -3.1808000803e-01,    5.1590001583e-01,    4.3992198944e+01,    5.1590001583e-01,    1.2659899890e-01,
    5.1700001955e-01,   -3.0446898937e-01,    5.1700001955e-01,    4.4115001678e+01,    5.1700001955e-01,    1.5237100422e-01,
    5.1810002327e-01,   -2.9920300841e-01,    5.1810002327e-01,    4.4734199524e+01,    5.1810002327e-01,    1.4496600628e-01,
    5.1920002699e-01,   -3.2827401161e-01,    5.1920002699e-01,    4.4705501556e+01,    5.1920002699e-01,    1.4652000368e-01,
    5.2029997110e-01,   -3.1280601025e-01,    5.2029997110e-01,    4.5253898621e+01,    5.2029997110e-01,    1.1985900253e-01,
    5.2139997482e-01,   -2.9644200206e-01,    5.2139997482e-01,    4.5129100800e+01,    5.2139997482e-01,    1.4012199640e-01,
    5.2249997854e-01,   -2.6824301481e-01,    5.2249997854e-01,    4.5642200470e+01,    5.2249997854e-01,    1.5556299686e-01,
    5.2359998226e-01,   -3.2106199861e-01,    5.2359998226e-01,    4.5532199860e+01,    5.2359998226e-01,    1.4754800498e-01,
    5.2469998598e-01,   -2.2136299312e-01,    5.2469998598e-01,    4.5738098145e+01,    5.2469998598e-01,    1.5938399732e-01,
    5.2579998970e-01,   -1.9898200035e-01,    5.2579998970e-01,    4.5510299683e+01,    5.2579998970e-01,    1.5171800554e-01,
    5.2689999342e-01,   -2.0914199948e-01,    5.2689999342e-01,    4.5747898102e+01,    5.2689999342e-01,    1.4763599634e-01,
    5.2799999714e-01,   -1.2732699513e-01,    5.2799999714e-01,    4.6327400208e+01,    5.2799999714e-01,    1.4371399581e-01,
    5.2910000086e-01,   -1.0748399794e-01,    5.2910000086e-01,    4.6026100159e+01,    5.2910000086e-01,    1.4789299667e-01,
    5.3020000458e-01,   -1.3475200534e-01,    5.3020000458e-01,    4.6847301483e+01,    5.3020000458e-01,    1.2226700038e-01,
    5.3130000830e-01,   -1.5537199378e-01,    5.3130000830e-01,    4.6207298279e+01,    5.3130000830e-01,    1.1715000123e-01,
    5.3240001202e-01,   -1.3079699874e-01,    5.3240001202e-01,    4.7345699310e+01,    5.3240001202e-01,    8.2611300051e-02,
    5.3350001574e-01,   -7.5605697930e-02,    5.3350001574e-01,    4.6498500824e+01,    5.3350001574e-01,    7.4698098004e-02,
    5.3460001945e-01,   -9.1055497527e-02,    5.3460001945e-01,    4.7560100555e+01,    5.3460001945e-01,    4.7495901585e-02,
    5.3570002317e-01,   -5.4336298257e-02,    5.3570002317e-01,    4.7076698303e+01,    5.3570002317e-01,    6.6964298487e-02,
    5.3680002689e-01,   -5.8717198670e-02,    5.3680002689e-01,    4.7568901062e+01,    5.3680002689e-01,    4.8482898623e-02,
    5.3789997101e-01,   -4.3224799447e-03,    5.3789997101e-01,    4.7137901306e+01,    5.3789997101e-01,    5.5406801403e-02,
    5.3899997473e-01,   -9.6785001457e-02,    5.3899997473e-01,    4.6806301117e+01,    5.3899997473e-01,    4.5280098915e-02,
    5.4009997845e-01,    7.8477703035e-02,    5.4009997845e-01,    4.7381999969e+01,    5.4009997845e-01,    1.1308799731e-03,
    5.4119998217e-01,    7.4318202678e-05,    5.4119998217e-01,    4.6429100037e+01,    5.4119998217e-01,    3.9833001792e-02,
    5.4229998589e-01,    4.3750900775e-02,    5.4229998589e-01,    4.7885601044e+01,    5.4229998589e-01,   -1.3363200240e-02,
    5.4339998960e-01,    6.0396702029e-03,    5.4339998960e-01,    4.6181301117e+01,    5.4339998960e-01,    1.5285800211e-02,
    5.4449999332e-01,   -7.8805200756e-03,    5.4449999332e-01,    4.8147598267e+01,    5.4449999332e-01,   -1.0272599757e-02,
    5.4559999704e-01,    5.1944598556e-02,    5.4559999704e-01,    4.6145599365e+01,    5.4559999704e-01,   -3.9489198476e-02,
    5.4670000076e-01,   -1.5655599535e-01,    5.4670000076e-01,    4.8162601471e+01,    5.4670000076e-01,   -4.3270498514e-02,
    5.4780000448e-01,   -9.4766803086e-03,    5.4780000448e-01,    4.6965599060e+01,    5.4780000448e-01,   -6.0709301382e-02,
    5.4890000820e-01,   -1.8996000290e-01,    5.4890000820e-01,    4.8207599640e+01,    5.4890000820e-01,   -1.2251800299e-01,
    5.5000001192e-01,    1.9489500672e-02,    5.5000001192e-01,    4.8274700165e+01,    5.5000001192e-01,   -1.1135199666e-01,
    5.5110001564e-01,   -2.4353900552e-01,    5.5110001564e-01,    4.8061901093e+01,    5.5110001564e-01,   -1.4187300205e-01,
    5.5220001936e-01,   -1.2522099912e-01,    5.5220001936e-01,    5.0134899139e+01,    5.5220001936e-01,   -1.7621499300e-01,
    5.5330002308e-01,   -2.6751700044e-01,    5.5330002308e-01,    4.7705398560e+01,    5.5330002308e-01,   -1.2187600136e-01,
    5.5440002680e-01,   -3.2822299004e-01,    5.5440002680e-01,    5.1545700073e+01,    5.5440002680e-01,   -2.0839600265e-01,
    5.5549997091e-01,   -3.3504998684e-01,    5.5549997091e-01,    4.7293800354e+01,    5.5549997091e-01,   -1.4494100213e-01,
    5.5659997463e-01,   -4.5052900910e-01,    5.5659997463e-01,    5.2250198364e+01,    5.5659997463e-01,   -2.3947699368e-01,
    5.5769997835e-01,   -1.8357500434e-01,    5.5769997835e-01,    4.7911201477e+01,    5.5769997835e-01,   -1.2372499704e-01,
    5.5879998207e-01,   -6.2547802925e-01,    5.5879998207e-01,    5.2576301575e+01,    5.5879998207e-01,   -1.9892300665e-01,
    5.5989998579e-01,   -4.6429600567e-02,    5.5989998579e-01,    4.9092098236e+01,    5.5989998579e-01,   -1.2473999709e-01,
    5.6099998951e-01,   -6.4196199179e-01,    5.6099998951e-01,    5.1488300323e+01,    5.6099998951e-01,   -1.7614400387e-01,
    5.6209999323e-01,    8.5862703621e-02,    5.6209999323e-01,    5.0771598816e+01,    5.6209999323e-01,   -9.2959001660e-02,
    5.6319999695e-01,   -6.2491601706e-01,    5.6319999695e-01,    5.0014598846e+01,    5.6319999695e-01,   -8.2456097007e-02,
    5.6430000067e-01,    2.1534699947e-02,    5.6430000067e-01,    5.2400001526e+01,    5.6430000067e-01,   -5.0954300910e-02,
    5.6540000439e-01,   -6.7044800520e-01,    5.6540000439e-01,    4.8632598877e+01,    5.6540000439e-01,   -6.6010899842e-02,
    5.6650000811e-01,   -4.9700401723e-02,    5.6650000811e-01,    5.3555900574e+01,    5.6650000811e-01,   -8.3000697196e-02,
    5.6760001183e-01,   -5.5956602097e-01,    5.6760001183e-01,    4.7464401245e+01,    5.6760001183e-01,   -4.1046198457e-02,
    5.6870001554e-01,   -1.7436200380e-01,    5.6870001554e-01,    5.4505798340e+01,    5.6870001554e-01,   -1.2317600101e-01,
    5.6980001926e-01,   -2.9022499919e-01,    5.6980001926e-01,    4.6849098206e+01,    5.6980001926e-01,   -5.6669898331e-02,
    5.7090002298e-01,   -4.2683899403e-01,    5.7090002298e-01,    5.4608699799e+01,    5.7090002298e-01,   -1.5503400564e-01,
    5.7200002670e-01,    6.3651800156e-02,    5.7200002670e-01,    4.6920799255e+01,    5.7200002670e-01,   -8.4973201156e-02,
    5.7309997082e-01,   -7.2140502930e-01,    5.7309997082e-01,    5.4267299652e+01,    5.7309997082e-01,   -7.8624300659e-02,
    5.7419997454e-01,    4.1277199984e-01,    5.7419997454e-01,    4.7815299988e+01,    5.7419997454e-01,   -1.3208399713e-01,
    5.7529997826e-01,   -1.1047400236e+00,    5.7529997826e-01,    5.3079498291e+01,    5.7529997826e-01,   -7.2595901787e-02,
    5.7639998198e-01,    7.5763601065e-01,    5.7639998198e-01,    4.8973701477e+01,    5.7639998198e-01,   -9.7410999238e-02,
    5.7749998569e-01,   -1.4782700539e+00,    5.7749998569e-01,    5.1254100800e+01,    5.7749998569e-01,   -1.2615199387e-01,
    5.7859998941e-01,    1.0466599464e+00,    5.7859998941e-01,    5.0541599274e+01,    5.7859998941e-01,   -4.2484201491e-02,
    5.7969999313e-01,   -1.6173599958e+00,    5.7969999313e-01,    4.9658298492e+01,    5.7969999313e-01,   -1.5788100660e-01,
    5.8079999685e-01,    1.1885000467e+00,    5.8079999685e-01,    5.2245201111e+01,    5.8079999685e-01,   -6.0577701777e-02,
    5.8190000057e-01,   -1.5036200285e+00,    5.8190000057e-01,    4.7981700897e+01,    5.8190000057e-01,   -1.3145999610e-01,
    5.8300000429e-01,    1.1310700178e+00,    5.8300000429e-01,    5.3672500610e+01,    5.8300000429e-01,   -6.7540898919e-02,
    5.8410000801e-01,   -1.2231500149e+00,    5.8410000801e-01,    4.7113700867e+01,    5.8410000801e-01,   -9.7620502114e-02,
    5.8520001173e-01,    9.0969401598e-01,    5.8520001173e-01,    5.4732398987e+01,    5.8520001173e-01,   -9.0718403459e-02,
    5.8630001545e-01,   -9.3064701557e-01,    5.8630001545e-01,    4.6714199066e+01,    5.8630001545e-01,   -7.1764998138e-02,
    5.8740001917e-01,    4.0690499544e-01,    5.8740001917e-01,    5.5217700958e+01,    5.8740001917e-01,   -1.1533500254e-01,
    5.8850002289e-01,   -6.0682900250e-02,    5.8850002289e-01,    4.6930000305e+01,    5.8850002289e-01,   -8.0115899444e-02,
    5.8960002661e-01,   -4.2620301247e-01,    5.8960002661e-01,    5.4824199677e+01,    5.8960002661e-01,   -1.3862000406e-01,
    5.9069997072e-01,    1.0431799889e+00,    5.9069997072e-01,    4.7882701874e+01,    5.9069997072e-01,   -7.6667502522e-02,
    5.9179997444e-01,   -1.3735599518e+00,    5.9179997444e-01,    5.4139999390e+01,    5.9179997444e-01,   -3.0790500343e-02,
    5.9289997816e-01,    2.0978300571e+00,    5.9289997816e-01,    4.9785900116e+01,    5.9289997816e-01,   -1.6570199281e-02,
    5.9399998188e-01,   -2.2963700294e+00,    5.9399998188e-01,    5.3108299255e+01,    5.9399998188e-01,   -8.3048995584e-03,
    5.9509998560e-01,    2.4927899837e+00,    5.9509998560e-01,    5.2052398682e+01,    5.9509998560e-01,    3.3718299121e-02,
    5.9619998932e-01,   -3.1268100739e+00,    5.9619998932e-01,    5.1995601654e+01,    5.9619998932e-01,    1.6959799454e-02,
    5.9729999304e-01,    2.8292999268e+00,    5.9729999304e-01,    5.4710498810e+01,    5.9729999304e-01,    6.9947198033e-02,
    5.9839999676e-01,   -3.2981500626e+00,    5.9839999676e-01,    5.0907901764e+01,    5.9839999676e-01,    5.2188199013e-02,
    5.9950000048e-01,    2.7178800106e+00,    5.9950000048e-01,    5.6495998383e+01,    5.9950000048e-01,    2.7678700164e-02,
    6.0060000420e-01,   -2.8975698948e+00,    6.0060000420e-01,    4.9625499725e+01,    6.0060000420e-01,    5.9525001794e-02,
    6.0170000792e-01,    2.1770799160e+00,    6.0170000792e-01,    5.7455299377e+01,    6.0170000792e-01,    1.6450699419e-02,
    6.0280001163e-01,   -1.8978999853e+00,    6.0280001163e-01,    4.9103698730e+01,    6.0280001163e-01,    7.5964502990e-02,
    6.0390001535e-01,    1.2800699472e+00,    6.0390001535e-01,    5.8166301727e+01,    6.0390001535e-01,    1.3508600183e-02,
    6.0500001907e-01,   -3.3697101474e-01,    6.0500001907e-01,    4.9709899902e+01,    6.0500001907e-01,    1.5813100338e-01,
    6.0610002279e-01,   -1.1072199792e-01,    6.0610002279e-01,    5.8386001587e+01,    6.0610002279e-01,    9.0933397412e-02,
    6.0720002651e-01,    1.5933699608e+00,    6.0720002651e-01,    5.1106201172e+01,    6.0720002651e-01,    1.2736199796e-01,
    6.0829997063e-01,   -1.8718199730e+00,    6.0829997063e-01,    5.8187599182e+01,    6.0829997063e-01,    1.6856400669e-01,
    6.0939997435e-01,    3.6427900791e+00,    6.0939997435e-01,    5.3652801514e+01,    6.0939997435e-01,    1.1496700346e-01,
    6.1049997807e-01,   -3.7181100845e+00,    6.1049997807e-01,    5.7728500366e+01,    6.1049997807e-01,    1.8763099611e-01,
    6.1159998178e-01,    5.0320200920e+00,    6.1159998178e-01,    5.6920398712e+01,    6.1159998178e-01,    1.5601000190e-01,
    6.1269998550e-01,   -5.0196299553e+00,    6.1269998550e-01,    5.6893901825e+01,    6.1269998550e-01,    1.9622799754e-01,
    6.1379998922e-01,    5.5911998749e+00,    6.1379998922e-01,    5.9735599518e+01,    6.1379998922e-01,    1.4202900231e-01,
    6.1489999294e-01,   -5.4864301682e+00,    6.1489999294e-01,    5.5299198151e+01,    6.1489999294e-01,    2.2464600205e-01,
    6.1599999666e-01,    5.2735099792e+00,    6.1599999666e-01,    6.1555698395e+01,    6.1599999666e-01,   -4.2730398491e-06,
    6.1710000038e-01,   -4.9046401978e+00,    6.1710000038e-01,    5.4646301270e+01,    6.1710000038e-01,    2.0599800348e-01,
    6.1820000410e-01,    4.1367201805e+00,    6.1820000410e-01,    6.3625499725e+01,    6.1820000410e-01,   -1.0045900196e-01,
    6.1930000782e-01,   -3.0566899776e+00,    6.1930000782e-01,    5.4752201080e+01,    6.1930000782e-01,    1.5528699756e-01,
    6.2040001154e-01,    2.2233901024e+00,    6.2040001154e-01,    6.4722099304e+01,    6.2040001154e-01,   -1.3333700597e-01,
    6.2150001526e-01,   -1.1647900194e-01,    6.2150001526e-01,    5.5775199890e+01,    6.2150001526e-01,    5.6738499552e-02,
    6.2260001898e-01,   -4.3804401159e-01,    6.2260001898e-01,    6.5146400452e+01,    6.2260001898e-01,   -1.3919599354e-01,
    6.2370002270e-01,    3.2119600773e+00,    6.2370002270e-01,    5.7519500732e+01,    6.2370002270e-01,   -4.6251498163e-02,
    6.2480002642e-01,   -3.6213700771e+00,    6.2480002642e-01,    6.4558403015e+01,    6.2480002642e-01,   -6.5779097378e-02,
    6.2589997053e-01,    6.1872301102e+00,    6.2589997053e-01,    5.9570301056e+01,    6.2589997053e-01,   -7.4137002230e-02,
    6.2699997425e-01,   -6.6137499809e+00,    6.2699997425e-01,    6.2768901825e+01,    6.2699997425e-01,   -8.6202301085e-02,
    6.2809997797e-01,    8.0560703278e+00,    6.2809997797e-01,    6.1558998108e+01,    6.2809997797e-01,   -5.5781800300e-02,
    6.2919998169e-01,   -8.7054500580e+00,    6.2919998169e-01,    6.0534500122e+01,    6.2919998169e-01,   -5.5498600006e-02,
    6.3029998541e-01,    8.5493001938e+00,    6.3029998541e-01,    6.3429599762e+01,    6.3029998541e-01,   -7.5471296906e-02,
    6.3139998913e-01,   -9.0285701752e+00,    6.3139998913e-01,    5.8661899567e+01,    6.3139998913e-01,   -4.1757799685e-02,
    6.3249999285e-01,    7.7320299149e+00,    6.3249999285e-01,    6.5113700867e+01,    6.3249999285e-01,   -1.0484500229e-01,
    6.3359999657e-01,   -7.4419198036e+00,    6.3359999657e-01,    5.7933898926e+01,    6.3359999657e-01,    2.1579099819e-02,
    6.3470000029e-01,    5.6457800865e+00,    6.3470000029e-01,    6.6351303101e+01,    6.3470000029e-01,   -2.4931000173e-01,
    6.3580000401e-01,   -4.0676698685e+00,    6.3580000401e-01,    5.7739799500e+01,    6.3580000401e-01,    2.2175200284e-02,
    6.3690000772e-01,    2.3251800537e+00,    6.3690000772e-01,    6.6479202271e+01,    6.3690000772e-01,   -2.3044200242e-01,
    6.3800001144e-01,    5.1678097248e-01,    6.3800001144e-01,    5.7879001617e+01,    6.3800001144e-01,   -4.0664501488e-02,
    6.3910001516e-01,   -1.7633800507e+00,    6.3910001516e-01,    6.5413101196e+01,    6.3910001516e-01,   -1.7129500210e-01,
    6.4020001888e-01,    5.4160499573e+00,    6.4020001888e-01,    5.8322498322e+01,    6.4020001888e-01,   -9.4261899590e-02,
    6.4130002260e-01,   -6.1449699402e+00,    6.4130002260e-01,    6.3213600159e+01,    6.4130002260e-01,   -1.9448700547e-01,
    6.4240002632e-01,    9.4348297119e+00,    6.4240002632e-01,    5.9111598969e+01,    6.4240002632e-01,   -8.3864502609e-02,
    6.4349997044e-01,   -9.9925899506e+00,    6.4349997044e-01,    6.0657798767e+01,    6.4349997044e-01,   -1.9878399372e-01,
    6.4459997416e-01,    1.1597299576e+01,    6.4459997416e-01,    6.0617000580e+01,    6.4459997416e-01,    1.8180999905e-02,
    6.4569997787e-01,   -1.2029299736e+01,    6.4569997787e-01,    5.8116600037e+01,    6.4569997787e-01,   -2.0228099823e-01,
    6.4679998159e-01,    1.1456500053e+01,    6.4679998159e-01,    6.1648399353e+01,    6.4679998159e-01,    6.0928698629e-02,
    6.4789998531e-01,   -1.1534999847e+01,    6.4789998531e-01,    5.6106998444e+01,    6.4789998531e-01,   -1.3305200636e-01,
    6.4899998903e-01,    9.3319797516e+00,    6.4899998903e-01,    6.2004001617e+01,    6.4899998903e-01,    6.6982902586e-02,
    6.5009999275e-01,   -8.4491100311e+00,    6.5009999275e-01,    5.5503601074e+01,    6.5009999275e-01,   -1.9914999604e-02,
    6.5119999647e-01,    5.3668899536e+00,    6.5119999647e-01,    6.2793098450e+01,    6.5119999647e-01,    1.6322000325e-01,
    6.5230000019e-01,   -3.3555901051e+00,    6.5230000019e-01,    5.6329498291e+01,    6.5230000019e-01,    9.0650700033e-02,
    6.5340000391e-01,    2.7531901002e-01,    6.5340000391e-01,    6.3072799683e+01,    6.5340000391e-01,    1.8260000646e-01,
    6.5450000763e-01,    2.8752899170e+00,    6.5450000763e-01,    5.7538101196e+01,    6.5450000763e-01,    1.5945699811e-01,
    6.5560001135e-01,   -5.4422698021e+00,    6.5560001135e-01,    6.2640300751e+01,    6.5560001135e-01,    9.5970802009e-02,
    6.5670001507e-01,    8.5723104477e+00,    6.5670001507e-01,    5.9176399231e+01,    6.5670001507e-01,    2.6310500503e-01,
    6.5780001879e-01,   -1.0865300179e+01,    6.5780001879e-01,    6.1842399597e+01,    6.5780001879e-01,   -6.0236699879e-02,
    6.5890002251e-01,    1.2440699577e+01,    6.5890002251e-01,    6.0861801147e+01,    6.5890002251e-01,    2.0279900730e-01,
    6.6000002623e-01,   -1.4603899956e+01,    6.6000002623e-01,    6.0194599152e+01,    6.6000002623e-01,   -1.3837499917e-01,
    6.6109997034e-01,    1.3631299973e+01,    6.6109997034e-01,    6.2376899719e+01,    6.6109997034e-01,    1.2883000076e-01,
    6.6219997406e-01,   -1.5171699524e+01,    6.6219997406e-01,    5.8863800049e+01,    6.6219997406e-01,   -6.2949098647e-02,
    6.6329997778e-01,    1.1803400040e+01,    6.6329997778e-01,    6.3511398315e+01,    6.6329997778e-01,    5.3084999323e-02,
    6.6439998150e-01,   -1.2213899612e+01,    6.6439998150e-01,    5.8234798431e+01,    6.6439998150e-01,    1.0232499801e-02,
    6.6549998522e-01,    7.3243899345e+00,    6.6549998522e-01,    6.3687999725e+01,    6.6549998522e-01,    1.5792900696e-02,
    6.6659998894e-01,   -6.2075600624e+00,    6.6659998894e-01,    5.7926799774e+01,    6.6659998894e-01,    5.4850399494e-02,
    6.6769999266e-01,    1.1276500225e+00,    6.6769999266e-01,    6.3338001251e+01,    6.6769999266e-01,   -2.0756199956e-02,
    6.6879999638e-01,    1.1749900579e+00,    6.6879999638e-01,    5.8096099854e+01,    6.6879999638e-01,    1.9210400060e-02,
    6.6990000010e-01,   -5.8696599007e+00,    6.6990000010e-01,    6.2172901154e+01,    6.6990000010e-01,   -8.6964800954e-02,
    6.7100000381e-01,    8.1859502792e+00,    6.7100000381e-01,    5.8540500641e+01,    6.7100000381e-01,   -3.7011601031e-02,
    6.7210000753e-01,   -1.2271100044e+01,    6.7210000753e-01,    6.0728298187e+01,    6.7210000753e-01,   -3.0918401480e-01,
    6.7320001125e-01,    1.3289899826e+01,    6.7320001125e-01,    5.9556900024e+01,    6.7320001125e-01,    4.2821601033e-02,
    6.7430001497e-01,   -1.6456600189e+01,    6.7430001497e-01,    5.9364398956e+01,    6.7430001497e-01,   -4.1481700540e-01,
    6.7540001869e-01,    1.4928500175e+01,    6.7540001869e-01,    6.1165100098e+01,    6.7540001869e-01,    4.0557101369e-02,
    6.7650002241e-01,   -1.7263500214e+01,    6.7650002241e-01,    5.8357898712e+01,    6.7650002241e-01,   -4.0607601404e-01,
    6.7760002613e-01,    1.2947299957e+01,    6.7760002613e-01,    6.2308799744e+01,    6.7760002613e-01,   -1.9098000601e-02,
    6.7869997025e-01,   -1.3997699738e+01,    6.7869997025e-01,    5.8024299622e+01,    6.7869997025e-01,   -2.5935399532e-01,
    6.7979997396e-01,    8.1499099731e+00,    6.7979997396e-01,    6.3248199463e+01,    6.7979997396e-01,    1.0973600298e-01,
    6.8089997768e-01,   -7.7195301056e+00,    6.8089997768e-01,    5.8712699890e+01,    6.8089997768e-01,   -1.0735999793e-01,
    6.8199998140e-01,    1.2892700434e+00,    6.8199998140e-01,    6.3822601318e+01,    6.8199998140e-01,    4.3718898669e-03,
    6.8309998512e-01,    1.9092799723e-01,    6.8309998512e-01,    5.9459300995e+01,    6.8309998512e-01,    6.6390901804e-02,
    6.8419998884e-01,   -6.3568501472e+00,    6.8419998884e-01,    6.3312000275e+01,    6.8419998884e-01,   -4.8542398959e-02,
    6.8529999256e-01,    7.9721298218e+00,    6.8529999256e-01,    6.0438201904e+01,    6.8529999256e-01,    2.2863300145e-01,
    6.8639999628e-01,   -1.2882200241e+01,    6.8639999628e-01,    6.3167701721e+01,    6.8639999628e-01,   -9.6058398485e-02,
    6.8750000000e-01,    1.3547800064e+01,    6.8750000000e-01,    6.2087200165e+01,    6.8750000000e-01,    2.2411699593e-01,
    6.8860000372e-01,   -1.7771600723e+01,    6.8860000372e-01,    6.2256198883e+01,    6.8860000372e-01,   -1.1174900085e-01,
    6.8970000744e-01,    1.5990300179e+01,    6.8970000744e-01,    6.3517601013e+01,    6.8970000744e-01,    2.1423399448e-01,
    6.9080001116e-01,   -1.9015899658e+01,    6.9080001116e-01,    6.1347599030e+01,    6.9080001116e-01,   -1.7404000461e-01,
    6.9190001488e-01,    1.4387599945e+01,    6.9190001488e-01,    6.4656097412e+01,    6.9190001488e-01,    1.1998999864e-01,
    6.9300001860e-01,   -1.6073099136e+01,    6.9300001860e-01,    6.0938301086e+01,    6.9300001860e-01,   -2.4658200145e-01,
    6.9410002232e-01,    9.1820297241e+00,    6.9410002232e-01,    6.5093299866e+01,    6.9410002232e-01,    1.0417000391e-02,
    6.9520002604e-01,   -9.1012296677e+00,    6.9520002604e-01,    6.0689300537e+01,    6.9520002604e-01,   -1.3402099907e-01,
    6.9630002975e-01,    1.8383100033e+00,    6.9630002975e-01,    6.4817703247e+01,    6.9630002975e-01,    1.1529999971e-01,
    6.9739997387e-01,   -6.3361102343e-01,    6.9739997387e-01,    6.0395698547e+01,    6.9739997387e-01,   -1.1367799714e-02,
    6.9849997759e-01,   -6.0510001183e+00,    6.9849997759e-01,    6.4197700500e+01,    6.9849997759e-01,    7.0077702403e-02,
    6.9959998131e-01,    7.7461700439e+00,    6.9959998131e-01,    6.0411998749e+01,    6.9959998131e-01,    8.8378302753e-02,
    7.0069998503e-01,   -1.3693599701e+01,    7.0069998503e-01,    6.2764801025e+01,    7.0069998503e-01,   -2.0324299112e-02,
    7.0179998875e-01,    1.4372099876e+01,    7.0179998875e-01,    6.0646800995e+01,    7.0179998875e-01,    3.6606900394e-02,
    7.0289999247e-01,   -1.9103200912e+01,    7.0289999247e-01,    6.1056999207e+01,    7.0289999247e-01,   -8.7393997237e-03,
    7.0399999619e-01,    1.7596099854e+01,    7.0399999619e-01,    6.1581298828e+01,    7.0399999619e-01,    3.6220200360e-02,
    7.0509999990e-01,   -2.0906600952e+01,    7.0509999990e-01,    5.9997001648e+01,    7.0509999990e-01,   -2.5373798609e-01,
    7.0620000362e-01,    1.6545099258e+01,    7.0620000362e-01,    6.2488800049e+01,    7.0620000362e-01,   -7.7665500343e-02,
    7.0730000734e-01,   -1.7749099731e+01,    7.0730000734e-01,    5.8829101563e+01,    7.0730000734e-01,   -3.1535598636e-01,
    7.0840001106e-01,    1.1581999779e+01,    7.0840001106e-01,    6.2542800903e+01,    7.0840001106e-01,   -1.6218200326e-01,
    7.0950001478e-01,   -1.0820699692e+01,    7.0950001478e-01,    5.7931098938e+01,    7.0950001478e-01,   -4.4488900900e-01,
    7.1060001850e-01,    4.0975298882e+00,    7.1060001850e-01,    6.2215999603e+01,    7.1060001850e-01,   -9.1298803687e-02,
    7.1170002222e-01,   -1.7426199913e+00,    7.1170002222e-01,    5.6792701721e+01,    7.1170002222e-01,   -2.9400300980e-01,
    7.1280002594e-01,   -4.3006200790e+00,    7.1280002594e-01,    6.0262001038e+01,    7.1280002594e-01,   -2.2955200076e-01,
    7.1390002966e-01,    7.4959101677e+00,    7.1390002966e-01,    5.6019500732e+01,    7.1390002966e-01,   -1.6249600053e-01,
    7.1499997377e-01,   -1.2340200424e+01,    7.1499997377e-01,    5.8494998932e+01,    7.1499997377e-01,   -2.8736999631e-01,
    7.1609997749e-01,    1.4830699921e+01,    7.1609997749e-01,    5.5853298187e+01,    7.1609997749e-01,   -1.4763900638e-01,
    7.1719998121e-01,   -1.8239999771e+01,    7.1719998121e-01,    5.6772201538e+01,    7.1719998121e-01,   -3.4797498584e-01,
    7.1829998493e-01,    1.8575899124e+01,    7.1829998493e-01,    5.6934600830e+01,    7.1829998493e-01,   -1.6319599748e-01,
    7.1939998865e-01,   -2.0746799469e+01,    7.1939998865e-01,    5.6544200897e+01,    7.1939998865e-01,   -2.3052999377e-01,
    7.2049999237e-01,    1.8418500900e+01,    7.2049999237e-01,    5.9505298615e+01,    7.2049999237e-01,    3.6818999797e-02,
    7.2159999609e-01,   -1.8733200073e+01,    7.2159999609e-01,    5.7048500061e+01,    7.2159999609e-01,   -3.3034899831e-01,
    7.2269999981e-01,    1.3964599609e+01,    7.2269999981e-01,    6.1036399841e+01,    7.2269999981e-01,    1.5759399533e-01,
    7.2380000353e-01,   -1.2463800430e+01,    7.2380000353e-01,    5.7273200989e+01,    7.2380000353e-01,   -2.4845300615e-01,
    7.2490000725e-01,    6.6073098183e+00,    7.2490000725e-01,    6.1913200378e+01,    7.2490000725e-01,    1.4326100051e-01,
    7.2600001097e-01,   -3.5269799232e+00,    7.2600001097e-01,    5.8152999878e+01,    7.2600001097e-01,   -1.0107500106e-01,
    7.2710001469e-01,   -2.1759099960e+00,    7.2710001469e-01,    6.2244300842e+01,    7.2710001469e-01,   -9.0753296390e-03,
    7.2820001841e-01,    6.0442900658e+00,    7.2820001841e-01,    5.9030101776e+01,    7.2820001841e-01,   -1.8274400383e-02,
    7.2930002213e-01,   -1.1154000282e+01,    7.2930002213e-01,    6.2423801422e+01,    7.2930002213e-01,   -1.6559299827e-01,
    7.3040002584e-01,    1.4537400246e+01,    7.3040002584e-01,    6.0581699371e+01,    7.3040002584e-01,    9.0977400541e-03,
    7.3150002956e-01,   -1.8381000519e+01,    7.3150002956e-01,    6.2275398254e+01,    7.3150002956e-01,   -2.0380100608e-01,
    7.3259997368e-01,    1.9691900253e+01,    7.3259997368e-01,    6.2255798340e+01,    7.3259997368e-01,    2.6138399262e-03,
    7.3369997740e-01,   -2.2089000702e+01,    7.3369997740e-01,    6.1987800598e+01,    7.3369997740e-01,   -2.3862199485e-01,
    7.3479998112e-01,    2.0541700363e+01,    7.3479998112e-01,    6.3904399872e+01,    7.3479998112e-01,    1.7722100019e-02,
    7.3589998484e-01,   -2.0977899551e+01,    7.3589998484e-01,    6.1667701721e+01,    7.3589998484e-01,   -3.0128198862e-01,
    7.3699998856e-01,    1.6944999695e+01,    7.3699998856e-01,    6.5251998901e+01,    7.3699998856e-01,    1.8428899348e-01,
    7.3809999228e-01,   -1.5684700012e+01,    7.3809999228e-01,    6.2700199127e+01,    7.3809999228e-01,   -2.4432399869e-01,
    7.3919999599e-01,    9.7732696533e+00,    7.3919999599e-01,    6.7099700928e+01,    7.3919999599e-01,    3.2519999146e-01,
    7.4029999971e-01,   -6.8492398262e+00,    7.4029999971e-01,    6.4812400818e+01,    7.4029999971e-01,   -8.3694599569e-02,
    7.4140000343e-01,    3.8269600272e-01,    7.4140000343e-01,    6.8895301819e+01,    7.4140000343e-01,    1.7266899347e-01,
    7.4250000715e-01,    3.3692998886e+00,    7.4250000715e-01,    6.6546600342e+01,    7.4250000715e-01,    1.5953500569e-01,
    7.4360001087e-01,   -9.3134403229e+00,    7.4360001087e-01,    6.9709197998e+01,    7.4360001087e-01,    4.5878500678e-03,
    7.4470001459e-01,    1.3199099541e+01,    7.4470001459e-01,    6.8024101257e+01,    7.4470001459e-01,    2.1167699993e-01,
    7.4580001831e-01,   -1.8007499695e+01,    7.4580001831e-01,    6.9866699219e+01,    7.4580001831e-01,   -6.0232799500e-02,
    7.4690002203e-01,    1.9994800568e+01,    7.4690002203e-01,    6.9317001343e+01,    7.4690002203e-01,    1.7813299596e-01,
    7.4800002575e-01,   -2.3372400284e+01,    7.4800002575e-01,    7.0147201538e+01,    7.4800002575e-01,   -2.0103099942e-01,
    7.4910002947e-01,    2.2953199387e+01,    7.4910002947e-01,    7.1125396729e+01,    7.4910002947e-01,    6.4980402589e-02,
    7.5019997358e-01,   -2.4144399643e+01,    7.5019997358e-01,    7.0232902527e+01,    7.5019997358e-01,   -2.5864601135e-01,
    7.5129997730e-01,    2.0874200821e+01,    7.5129997730e-01,    7.2095497131e+01,    7.5129997730e-01,    9.0777598321e-02,
    7.5239998102e-01,   -1.9915300369e+01,    7.5239998102e-01,    6.9685600281e+01,    7.5239998102e-01,   -9.2207498848e-02,
    7.5349998474e-01,    1.4184100151e+01,    7.5349998474e-01,    7.1829200745e+01,    7.5349998474e-01,    2.1498100460e-01,
    7.5459998846e-01,   -1.1631199837e+01,    7.5459998846e-01,    6.9286903381e+01,    7.5459998846e-01,   -6.3036099076e-02,
    7.5569999218e-01,    4.9158101082e+00,    7.5569999218e-01,    7.1579101563e+01,    7.5569999218e-01,    2.7648198605e-01,
    7.5679999590e-01,   -1.1105899811e+00,    7.5679999590e-01,    6.8657897949e+01,    7.5679999590e-01,   -9.5252804458e-03,
    7.5789999962e-01,   -5.4689998627e+00,    7.5789999962e-01,    7.0734703064e+01,    7.5789999962e-01,   -8.1077300012e-02,
    7.5900000334e-01,    9.4704799652e+00,    7.5900000334e-01,    6.8716201782e+01,    7.5900000334e-01,    4.1343998164e-02,
    7.6010000706e-01,   -1.5408300400e+01,    7.6010000706e-01,    6.9969299316e+01,    7.6010000706e-01,   -1.5379199386e-01,
    7.6120001078e-01,    1.8035800934e+01,    7.6120001078e-01,    6.8850402832e+01,    7.6120001078e-01,   -7.9244501889e-02,
    7.6230001450e-01,   -2.2839500427e+01,    7.6230001450e-01,    6.9466003418e+01,    7.6230001450e-01,   -1.9115300477e-01,
    7.6340001822e-01,    2.2954999924e+01,    7.6340001822e-01,    6.9354301453e+01,    7.6340001822e-01,   -9.0866602957e-02,
    7.6450002193e-01,   -2.6004999161e+01,    7.6450002193e-01,    6.8712196350e+01,    7.6450002193e-01,   -1.1923100054e-01,
    7.6560002565e-01,    2.3040800095e+01,    7.6560002565e-01,    6.9368698120e+01,    7.6560002565e-01,   -2.3056499660e-01,
    7.6670002937e-01,   -2.3984800339e+01,    7.6670002937e-01,    6.8065498352e+01,    7.6670002937e-01,   -1.0368900001e-01,
    7.6779997349e-01,    1.8101600647e+01,    7.6779997349e-01,    6.8727500916e+01,    7.6779997349e-01,   -5.4381199181e-02,
    7.6889997721e-01,   -1.7269199371e+01,    7.6889997721e-01,    6.7874900818e+01,    7.6889997721e-01,   -7.7220596373e-02,
    7.6999998093e-01,    9.3036003113e+00,    7.6999998093e-01,    6.9471000671e+01,    7.6999998093e-01,   -7.5534999371e-02,
    7.7109998465e-01,   -7.1923398972e+00,    7.7109998465e-01,    6.8130599976e+01,    7.7109998465e-01,   -2.0153599977e-01,
    7.7219998837e-01,   -1.0521800518e+00,    7.7219998837e-01,    6.9915901184e+01,    7.7219998837e-01,    2.7112800628e-02,
    7.7329999208e-01,    3.9539101124e+00,    7.7329999208e-01,    6.8552398682e+01,    7.7329999208e-01,   -1.7776000500e-01,
    7.7439999580e-01,   -1.1477600098e+01,    7.7439999580e-01,    6.9702598572e+01,    7.7439999580e-01,   -2.9194501042e-01,
    7.7549999952e-01,    1.4348600388e+01,    7.7549999952e-01,    6.8870498657e+01,    7.7549999952e-01,   -6.2064498663e-02,
    7.7660000324e-01,   -2.0679199219e+01,    7.7660000324e-01,    6.8725502014e+01,    7.7660000324e-01,   -2.7674201131e-01,
    7.7770000696e-01,    2.1681100845e+01,    7.7770000696e-01,    6.9498802185e+01,    7.7770000696e-01,   -1.5846699476e-01,
    7.7880001068e-01,   -2.6172899246e+01,    7.7880001068e-01,    6.8991996765e+01,    7.7880001068e-01,   -3.2839500904e-01,
    7.7990001440e-01,    2.4980499268e+01,    7.7990001440e-01,    7.0504898071e+01,    7.7990001440e-01,   -1.8749199808e-01,
    7.8100001812e-01,   -2.6814300537e+01,    7.8100001812e-01,    6.9036903381e+01,    7.8100001812e-01,   -4.0680798888e-01,
    7.8210002184e-01,    2.3000099182e+01,    7.8210002184e-01,    7.0849800110e+01,    7.8210002184e-01,   -1.5254400671e-01,
    7.8320002556e-01,   -2.2417699814e+01,    7.8320002556e-01,    6.8774902344e+01,    7.8320002556e-01,   -3.9378398657e-01,
    7.8430002928e-01,    1.6278400421e+01,    7.8430002928e-01,    7.1177597046e+01,    7.8430002928e-01,   -1.0216800123e-01,
    7.8539997339e-01,   -1.4132800102e+01,    7.8539997339e-01,    6.9524299622e+01,    7.8539997339e-01,   -1.8551500142e-01,
    7.8649997711e-01,    6.3859801292e+00,    7.8649997711e-01,    7.1834098816e+01,    7.8649997711e-01,   -1.8864999712e-01,
    7.8759998083e-01,   -2.7409598827e+00,    7.8759998083e-01,    6.9848098755e+01,    7.8759998083e-01,   -1.3038699329e-01,
    7.8869998455e-01,   -5.3757100105e+00,    7.8869998455e-01,    7.1608299255e+01,    7.8869998455e-01,   -2.0012499392e-01,
    7.8979998827e-01,    9.2148704529e+00,    7.8979998827e-01,    6.9854896545e+01,    7.8979998827e-01,   -9.1118499637e-02,
    7.9089999199e-01,   -1.6517599106e+01,    7.9089999199e-01,    7.0405899048e+01,    7.9089999199e-01,   -4.6350899339e-01,
    7.9199999571e-01,    1.9633499146e+01,    7.9199999571e-01,    7.0269699097e+01,    7.9199999571e-01,    1.2985299528e-01,
    7.9309999943e-01,   -2.5270999908e+01,    7.9309999943e-01,    7.0374099731e+01,    7.9309999943e-01,   -4.1421198845e-01,
    7.9420000315e-01,    2.6054500580e+01,    7.9420000315e-01,    7.1625602722e+01,    7.9420000315e-01,    7.1501396596e-02,
    7.9530000687e-01,   -2.9453300476e+01,    7.9530000687e-01,    7.1065299988e+01,    7.9530000687e-01,   -3.4981200099e-01,
    7.9640001059e-01,    2.7160800934e+01,    7.9640001059e-01,    7.2661598206e+01,    7.9640001059e-01,    2.3787799478e-01,
    7.9750001431e-01,   -2.8082199097e+01,    7.9750001431e-01,    7.1862297058e+01,    7.9750001431e-01,   -1.9196000695e-01,
    7.9860001802e-01,    2.3237400055e+01,    7.9860001802e-01,    7.3603897095e+01,    7.9860001802e-01,    7.9069398344e-02,
    7.9970002174e-01,   -2.1856199265e+01,    7.9970002174e-01,    7.2053001404e+01,    7.9970002174e-01,    1.0938700143e-04,
    8.0080002546e-01,    1.5081800461e+01,    8.0080002546e-01,    7.4199996948e+01,    8.0080002546e-01,    2.2721900046e-01,
    8.0190002918e-01,   -1.1494899750e+01,    8.0190002918e-01,    7.2416801453e+01,    8.0190002918e-01,    1.7431199551e-01,
    8.0299997330e-01,    3.5373098850e+00,    8.0299997330e-01,    7.4833900452e+01,    8.0299997330e-01,   -5.7450700551e-02,
    8.0409997702e-01,    1.1627999544e+00,    8.0409997702e-01,    7.2939903259e+01,    8.0409997702e-01,    2.4046799541e-01,
    8.0519998074e-01,   -8.8586101532e+00,    8.0519998074e-01,    7.4043296814e+01,    8.0519998074e-01,   -1.6662499309e-01,
    8.0629998446e-01,    1.3333299637e+01,    8.0629998446e-01,    7.2696197510e+01,    8.0629998446e-01,    1.1843500286e-01,
    8.0739998817e-01,   -2.0059099197e+01,    8.0739998817e-01,    7.3053703308e+01,    8.0739998817e-01,   -5.4719198495e-02,
    8.0849999189e-01,    2.3329200745e+01,    8.0849999189e-01,    7.2361999512e+01,    8.0849999189e-01,    1.0882599652e-01,
    8.0959999561e-01,   -2.7901699066e+01,    8.0959999561e-01,    7.1792503357e+01,    8.0959999561e-01,   -2.1984399855e-01,
    8.1069999933e-01,    2.8141099930e+01,    8.1069999933e-01,    7.1915802002e+01,    8.1069999933e-01,    1.7309699953e-01,
    8.1180000305e-01,   -3.0779399872e+01,    8.1180000305e-01,    7.1506202698e+01,    8.1180000305e-01,   -2.1623200178e-01,
    8.1290000677e-01,    2.8368999481e+01,    8.1290000677e-01,    7.2278800964e+01,    8.1290000677e-01,    2.2141699493e-01,
    8.1400001049e-01,   -2.8448900223e+01,    8.1400001049e-01,    7.1545898438e+01,    8.1400001049e-01,   -3.7913298607e-01,
    8.1510001421e-01,    2.3334899902e+01,    8.1510001421e-01,    7.2616096497e+01,    8.1510001421e-01,    2.3329000175e-01,
    8.1620001793e-01,   -2.1346900940e+01,    8.1620001793e-01,    7.0700996399e+01,    8.1620001793e-01,   -1.4206799865e-01,
    8.1730002165e-01,    1.4547900200e+01,    8.1730002165e-01,    7.2188102722e+01,    8.1730002165e-01,    4.9210000783e-02,
    8.1840002537e-01,   -1.0577799797e+01,    8.1840002537e-01,    6.9432899475e+01,    8.1840002537e-01,    3.8962200284e-02,
    8.1950002909e-01,    2.6792800426e+00,    8.1950002909e-01,    7.0649803162e+01,    8.1950002909e-01,   -2.4624699354e-01,
    8.2059997320e-01,    1.6142400503e+00,    8.2059997320e-01,    6.8105598450e+01,    8.2059997320e-01,    1.5265500546e-01,
    8.2169997692e-01,   -9.7409400940e+00,    8.2169997692e-01,    6.9069702148e+01,    8.2169997692e-01,   -2.9862600565e-01,
    8.2279998064e-01,    1.3593899727e+01,    8.2279998064e-01,    6.7137496948e+01,    8.2279998064e-01,    1.4673399925e-01,
    8.2389998436e-01,   -2.0589099884e+01,    8.2389998436e-01,    6.7183898926e+01,    8.2389998436e-01,   -3.4927201271e-01,
    8.2499998808e-01,    2.2843299866e+01,    8.2499998808e-01,    6.7182800293e+01,    8.2499998808e-01,    1.2665300071e-01,
    8.2609999180e-01,   -2.7834100723e+01,    8.2609999180e-01,    6.7101898193e+01,    8.2609999180e-01,   -3.3647999167e-01,
    8.2719999552e-01,    2.7993799210e+01,    8.2719999552e-01,    6.7732902527e+01,    8.2719999552e-01,    2.7484101057e-01,
    8.2829999924e-01,   -3.0995500565e+01,    8.2829999924e-01,    6.7624397278e+01,    8.2829999924e-01,   -5.6190598011e-01,
    8.2940000296e-01,    2.8274099350e+01,    8.2940000296e-01,    6.8491996765e+01,    8.2940000296e-01,    2.5700101256e-01,
    8.3050000668e-01,   -2.9025999069e+01,    8.3050000668e-01,    6.8326202393e+01,    8.3050000668e-01,   -5.1847499609e-01,
    8.3160001040e-01,    2.3755699158e+01,    8.3160001040e-01,    6.9728797913e+01,    8.3160001040e-01,    2.0253700018e-01,
    8.3270001411e-01,   -2.2174299240e+01,    8.3270001411e-01,    6.8744796753e+01,    8.3270001411e-01,   -3.8418200612e-01,
    8.3380001783e-01,    1.5139900208e+01,    8.3380001783e-01,    7.0413002014e+01,    8.3380001783e-01,   -5.8791399002e-02,
    8.3490002155e-01,   -1.1222399712e+01,    8.3490002155e-01,    6.8951301575e+01,    8.3490002155e-01,    3.8770500571e-02,
    8.3600002527e-01,    3.3437199593e+00,    8.3600002527e-01,    7.1543197632e+01,    8.3600002527e-01,   -1.2859499454e-01,
    8.3710002899e-01,    1.5756299496e+00,    8.3710002899e-01,    7.0189498901e+01,    8.3710002899e-01,    3.0143401027e-01,
    8.3819997311e-01,   -9.3070802689e+00,    8.3819997311e-01,    7.1957603455e+01,    8.3819997311e-01,   -4.7510400414e-02,
    8.3929997683e-01,    1.3659999847e+01,    8.3929997683e-01,    7.1163803101e+01,    8.3929997683e-01,    2.7505001426e-01,
    8.4039998055e-01,   -2.0385700226e+01,    8.4039998055e-01,    7.1630096436e+01,    8.4039998055e-01,   -1.1061300337e-01,
    8.4149998426e-01,    2.3501300812e+01,    8.4149998426e-01,    7.2045196533e+01,    8.4149998426e-01,    2.4164800346e-01,
    8.4259998798e-01,   -2.8625099182e+01,    8.4259998798e-01,    7.2136299133e+01,    8.4259998798e-01,   -2.2326900065e-01,
    8.4369999170e-01,    2.9283100128e+01,    8.4369999170e-01,    7.3073501587e+01,    8.4369999170e-01,    3.4685900807e-01,
    8.4479999542e-01,   -3.2389099121e+01,    8.4479999542e-01,    7.2432899475e+01,    8.4479999542e-01,   -3.0870598555e-01,
    8.4589999914e-01,    3.0465400696e+01,    8.4589999914e-01,    7.3856697083e+01,    8.4589999914e-01,    4.1585999727e-01,
    8.4700000286e-01,   -3.1281799316e+01,    8.4700000286e-01,    7.3031196594e+01,    8.4700000286e-01,   -2.3031300306e-01,
    8.4810000658e-01,    2.7015199661e+01,    8.4810000658e-01,    7.4003898621e+01,    8.4810000658e-01,    4.2963600159e-01,
    8.4920001030e-01,   -2.4982400894e+01,    8.4920001030e-01,    7.2055496216e+01,    8.4920001030e-01,   -5.7579301298e-02,
    8.5030001402e-01,    1.8677799225e+01,    8.5030001402e-01,    7.4053802490e+01,    8.5030001402e-01,    3.3674100041e-01,
    8.5140001774e-01,   -1.4369000435e+01,    8.5140001774e-01,    7.2039199829e+01,    8.5140001774e-01,    3.2697001100e-01,
    8.5250002146e-01,    7.3235001564e+00,    8.5250002146e-01,    7.4050102234e+01,    8.5250002146e-01,    2.3429000378e-01,
    8.5360002518e-01,   -1.7035200596e+00,    8.5360002518e-01,    7.2018798828e+01,    8.5360002518e-01,    4.5101499557e-01,
    8.5470002890e-01,   -5.3007798195e+00,    8.5470002890e-01,    7.3718101501e+01,    8.5470002890e-01,    2.3581199348e-01,
    8.5579997301e-01,    1.0800299644e+01,    8.5579997301e-01,    7.2836196899e+01,    8.5579997301e-01,    4.0571901202e-01,
    8.5689997673e-01,   -1.7111499786e+01,    8.5689997673e-01,    7.3676002502e+01,    8.5689997673e-01,    1.5383400023e-01,
    8.5799998045e-01,    2.1547500610e+01,    8.5799998045e-01,    7.3686203003e+01,    8.5799998045e-01,    2.0215600729e-01,
    8.5909998417e-01,   -2.6353300095e+01,    8.5909998417e-01,    7.3487197876e+01,    8.5909998417e-01,   -2.0620599389e-02,
    8.6019998789e-01,    2.8960800171e+01,    8.6019998789e-01,    7.4651397705e+01,    8.6019998789e-01,    2.9613399506e-01,
    8.6129999161e-01,   -3.2070400238e+01,    8.6129999161e-01,    7.3720001221e+01,    8.6129999161e-01,   -6.3386000693e-02,
    8.6239999533e-01,    3.2561000824e+01,    8.6239999533e-01,    7.5091598511e+01,    8.6239999533e-01,    4.4132301211e-01,
    8.6349999905e-01,   -3.3414798737e+01,    8.6349999905e-01,    7.3917900085e+01,    8.6349999905e-01,   -1.2855400145e-01,
    8.6460000277e-01,    3.2306999207e+01,    8.6460000277e-01,    7.5973396301e+01,    8.6460000277e-01,    5.0345999002e-01,
    8.6570000648e-01,   -3.0378999710e+01,    8.6570000648e-01,    7.4337097168e+01,    8.6570000648e-01,    6.2393598258e-02,
    8.6680001020e-01,    2.7974199295e+01,    8.6680001020e-01,    7.6898101807e+01,    8.6680001020e-01,    4.1952198744e-01,
    8.6790001392e-01,   -2.3494899750e+01,    8.6790001392e-01,    7.4550003052e+01,    8.6790001392e-01,    1.3906100392e-01,
    8.6900001764e-01,    1.9631799698e+01,    8.6900001764e-01,    7.6670700073e+01,    8.6900001764e-01,    2.4245199561e-01,
    8.7010002136e-01,   -1.3637599945e+01,    8.7010002136e-01,    7.3633003235e+01,    8.7010002136e-01,    2.6472300291e-01,
    8.7120002508e-01,    8.8767404556e+00,    8.7120002508e-01,    7.5905601501e+01,    8.7120002508e-01,   -2.8125299141e-02,
    8.7230002880e-01,   -2.0377600193e+00,    8.7230002880e-01,    7.3680801392e+01,    8.7230002880e-01,    2.0780700445e-01,
    8.7339997292e-01,   -2.7421200275e+00,    8.7339997292e-01,    7.5511100769e+01,    8.7339997292e-01,    7.7846400440e-02,
    8.7449997663e-01,    9.6222896576e+00,    8.7449997663e-01,    7.3602096558e+01,    8.7449997663e-01,    8.1855200231e-02,
    8.7559998035e-01,   -1.4060899734e+01,    8.7559998035e-01,    7.4039802551e+01,    8.7559998035e-01,   -7.8799098730e-02,
    8.7669998407e-01,    2.0031600952e+01,    8.7669998407e-01,    7.2196403503e+01,    8.7669998407e-01,   -1.8135100603e-01,
    8.7779998779e-01,   -2.3630699158e+01,    8.7779998779e-01,    7.2252197266e+01,    8.7779998779e-01,   -4.6377298422e-03,
    8.7889999151e-01,    2.8076200485e+01,    8.7889999151e-01,    7.1383102417e+01,    8.7889999151e-01,   -7.3369398713e-02,
    8.7999999523e-01,   -2.9864900589e+01,    8.7999999523e-01,    7.0344200134e+01,    8.7999999523e-01,   -1.7020900548e-01,
    8.8109999895e-01,    3.2954700470e+01,    8.8109999895e-01,    7.0167602539e+01,    8.8109999895e-01,   -2.8063899279e-01,
    8.8220000267e-01,   -3.3011100769e+01,    8.8220000267e-01,    6.9119201660e+01,    8.8220000267e-01,   -2.4654200673e-01,
    8.8330000639e-01,    3.5173099518e+01,    8.8330000639e-01,    6.9375503540e+01,    8.8330000639e-01,   -2.9078999162e-01,
    8.8440001011e-01,   -3.3809898376e+01,    8.8440001011e-01,    6.8024101257e+01,    8.8440001011e-01,   -2.9412901402e-01,
    8.8550001383e-01,    3.5188400269e+01,    8.8550001383e-01,    6.7861503601e+01,    8.8550001383e-01,   -2.7041599154e-01,
    8.8660001755e-01,   -3.1569799423e+01,    8.8660001755e-01,    6.6255699158e+01,    8.8660001755e-01,   -1.1797100306e-01,
    8.8770002127e-01,    3.1994800568e+01,    8.8770002127e-01,    6.6774002075e+01,    8.8770002127e-01,   -3.1751599908e-01,
    8.8880002499e-01,   -2.7705799103e+01,    8.8880002499e-01,    6.5836898804e+01,    8.8880002499e-01,   -1.6493299603e-01,
    8.8990002871e-01,    2.7242000580e+01,    8.8990002871e-01,    6.6422897339e+01,    8.8990002871e-01,   -3.7345901132e-01,
    8.9099997282e-01,   -2.1838300705e+01,    8.9099997282e-01,    6.4942398071e+01,    8.9099997282e-01,   -1.0453800112e-01,
    8.9209997654e-01,    2.0454999924e+01,    8.9209997654e-01,    6.5626197815e+01,    8.9209997654e-01,   -2.6052799821e-01,
    8.9319998026e-01,   -1.4612899780e+01,    8.9319998026e-01,    6.4308197021e+01,    8.9319998026e-01,   -1.7815899104e-02,
    8.9429998398e-01,    1.2957099915e+01,    8.9429998398e-01,    6.4837097168e+01,    8.9429998398e-01,   -1.1960899830e-01,
    8.9539998770e-01,   -6.4632401466e+00,    8.9539998770e-01,    6.3479598999e+01,    8.9539998770e-01,   -6.5325297415e-02,
    8.9649999142e-01,    4.1270899773e+00,    8.9649999142e-01,    6.4276000977e+01,    8.9649999142e-01,    2.1028500050e-02,
    8.9759999514e-01,    1.5550700426e+00,    8.9759999514e-01,    6.3477298737e+01,    8.9759999514e-01,   -1.1706499755e-01,
    8.9869999886e-01,   -4.2668600082e+00,    8.9869999886e-01,    6.3601501465e+01,    8.9869999886e-01,    2.7820500731e-01,
    8.9980000257e-01,    9.0070400238e+00,    8.9980000257e-01,    6.3381999969e+01,    8.9980000257e-01,   -1.9739300013e-01,
    9.0090000629e-01,   -1.2017200470e+01,    9.0090000629e-01,    6.3594398499e+01,    9.0090000629e-01,    4.7566199303e-01,
    9.0200001001e-01,    1.5639200211e+01,    9.0200001001e-01,    6.4225799561e+01,    9.0200001001e-01,   -1.2065500021e-01,
    9.0310001373e-01,   -1.8455799103e+01,    9.0310001373e-01,    6.4951797485e+01,    9.0310001373e-01,    4.3832099438e-01,
    9.0420001745e-01,    2.1568599701e+01,    9.0420001745e-01,    6.6436599731e+01,    9.0420001745e-01,   -1.8157200515e-01,
    9.0530002117e-01,   -2.4031000137e+01,    9.0530002117e-01,    6.6629501343e+01,    9.0530002117e-01,    2.7292200923e-01,
    9.0640002489e-01,    2.6406499863e+01,    9.0640002489e-01,    6.7735397339e+01,    9.0640002489e-01,    1.7851499841e-02,
    9.0750002861e-01,   -2.8719999313e+01,    9.0750002861e-01,    6.7172302246e+01,    9.0750002861e-01,    2.9214400053e-01,
    9.0859997272e-01,    3.0358200073e+01,    9.0859997272e-01,    6.7938598633e+01,    9.0859997272e-01,   -8.9205503464e-02,
    9.0969997644e-01,   -3.2039398193e+01,    9.0969997644e-01,    6.5885498047e+01,    9.0969997644e-01,    7.2843901813e-02,
    9.1079998016e-01,    3.2842899323e+01,    9.1079998016e-01,    6.6173797607e+01,    9.1079998016e-01,    1.4583599567e-01,
    9.1189998388e-01,   -3.3767799377e+01,    9.1189998388e-01,    6.5696098328e+01,    9.1189998388e-01,   -1.7900099978e-02,
    9.1299998760e-01,    3.4077800751e+01,    9.1299998760e-01,    6.6064498901e+01,    9.1299998760e-01,    1.7744399607e-01,
    9.1409999132e-01,   -3.4894500732e+01,    9.1409999132e-01,    6.5850196838e+01,    9.1409999132e-01,   -4.1299298406e-02,
    9.1519999504e-01,    3.4754901886e+01,    9.1519999504e-01,    6.5552597046e+01,    9.1519999504e-01,    3.1349301338e-01,
    9.1629999876e-01,   -3.4805698395e+01,    9.1629999876e-01,    6.5626800537e+01,    9.1629999876e-01,   -3.8601998240e-02,
    9.1740000248e-01,    3.4114799500e+01,    9.1740000248e-01,    6.5752799988e+01,    9.1740000248e-01,    2.4820999801e-01,
    9.1850000620e-01,   -3.4030899048e+01,    9.1850000620e-01,    6.6239799500e+01,    9.1850000620e-01,    6.4943000674e-02,
    9.1960000992e-01,    3.3640899658e+01,    9.1960000992e-01,    6.5278602600e+01,    9.1960000992e-01,    9.9349498749e-02,
    9.2070001364e-01,   -3.3407501221e+01,    9.2070001364e-01,    6.5081199646e+01,    9.2070001364e-01,    3.2556098700e-01,
    9.2180001736e-01,    3.1793899536e+01,    9.2180001736e-01,    6.3795700073e+01,    9.2180001736e-01,    1.4040899277e-01,
    9.2290002108e-01,   -3.2354698181e+01,    9.2290002108e-01,    6.3869800568e+01,    9.2290002108e-01,    3.1679999828e-01,
    9.2400002480e-01,    3.0077600479e+01,    9.2400002480e-01,    6.2873901367e+01,    9.2400002480e-01,    2.5458899140e-01,
    9.2510002851e-01,   -3.0633899689e+01,    9.2510002851e-01,    6.3346199036e+01,    9.2510002851e-01,    1.8065799773e-01,
    9.2619997263e-01,    2.8551099777e+01,    9.2619997263e-01,    6.2474098206e+01,    9.2619997263e-01,    4.3295100331e-01,
    9.2729997635e-01,   -2.8813699722e+01,    9.2729997635e-01,    6.3505599976e+01,    9.2729997635e-01,    1.7596300459e-03,
    9.2839998007e-01,    2.7068899155e+01,    9.2839998007e-01,    6.2433601379e+01,    9.2839998007e-01,    5.0521099567e-01,
    9.2949998379e-01,   -2.6986400604e+01,    9.2949998379e-01,    6.3046398163e+01,    9.2949998379e-01,   -2.0834999159e-02,
    9.3059998751e-01,    2.5247600555e+01,    9.3059998751e-01,    6.3020099640e+01,    9.3059998751e-01,    4.0517199039e-01,
    9.3169999123e-01,   -2.5657899857e+01,    9.3169999123e-01,    6.3588600159e+01,    9.3169999123e-01,    8.2062803209e-02,
    9.3279999495e-01,    2.3918899536e+01,    9.3279999495e-01,    6.4072700500e+01,    9.3279999495e-01,    2.9281198978e-01,
    9.3389999866e-01,   -2.4211700439e+01,    9.3389999866e-01,    6.5025100708e+01,    9.3389999866e-01,    8.9029103518e-02,
    9.3500000238e-01,    2.2778799057e+01,    9.3500000238e-01,    6.4897102356e+01,    9.3500000238e-01,    1.2023399770e-01,
    9.3610000610e-01,   -2.3077800751e+01,    9.3610000610e-01,    6.6280296326e+01,    9.3610000610e-01,    1.1835400015e-01,
    9.3720000982e-01,    2.2431999207e+01,    9.3720000982e-01,    6.4916801453e+01,    9.3720000982e-01,    1.1175700277e-01,
    9.3830001354e-01,   -2.2754899979e+01,    9.3830001354e-01,    6.6066001892e+01,    9.3830001354e-01,    2.9365099967e-02,
    9.3940001726e-01,    2.3010900497e+01,    9.3940001726e-01,    6.4188102722e+01,    9.3940001726e-01,    1.3631899655e-01,
    9.4050002098e-01,   -2.3620399475e+01,    9.4050002098e-01,    6.5567100525e+01,    9.4050002098e-01,    8.5019499063e-02,
    9.4160002470e-01,    2.3597700119e+01,    9.4160002470e-01,    6.3423999786e+01,    9.4160002470e-01,    3.7190198898e-01,
    9.4270002842e-01,   -2.4710800171e+01,    9.4270002842e-01,    6.6070396423e+01,    9.4270002842e-01,    1.8453800678e-01,
    9.4379997253e-01,    2.4247499466e+01,    9.4379997253e-01,    6.4494003296e+01,    9.4379997253e-01,    3.6767199636e-01,
    9.4489997625e-01,   -2.5363300323e+01,    9.4489997625e-01,    6.6718597412e+01,    9.4489997625e-01,    3.4765098244e-02,
    9.4599997997e-01,    2.5129199982e+01,    9.4599997997e-01,    6.4935997009e+01,    9.4599997997e-01,    4.9909499288e-01,
    9.4709998369e-01,   -2.6261999130e+01,    9.4709998369e-01,    6.6638702393e+01,    9.4709998369e-01,   -2.8894698620e-01,
    9.4819998741e-01,    2.6414899826e+01,    9.4819998741e-01,    6.4692199707e+01,    9.4819998741e-01,    4.8460099101e-01,
    9.4929999113e-01,   -2.6845699310e+01,    9.4929999113e-01,    6.6778099060e+01,    9.4929999113e-01,   -3.1485500932e-01,
    9.5039999485e-01,    2.7237100601e+01,    9.5039999485e-01,    6.4378799438e+01,    9.5039999485e-01,    1.8596899509e-01,
    9.5149999857e-01,   -2.7994699478e+01,    9.5149999857e-01,    6.6428100586e+01,    9.5149999857e-01,   -2.0155900717e-01,
    9.5260000229e-01,    2.8272199631e+01,    9.5260000229e-01,    6.4035598755e+01,    9.5260000229e-01,    1.8325600028e-01,
    9.5370000601e-01,   -2.9282100677e+01,    9.5370000601e-01,    6.5680999756e+01,    9.5370000601e-01,   -3.5991501063e-02,
    9.5480000973e-01,    2.9853399277e+01,    9.5480000973e-01,    6.3397098541e+01,    9.5480000973e-01,    1.4290000498e-01,
    9.5590001345e-01,   -3.0877899170e+01,    9.5590001345e-01,    6.4789497375e+01,    9.5590001345e-01,   -7.3361001909e-02,
    9.5700001717e-01,    3.0778200150e+01,    9.5700001717e-01,    6.2819801331e+01,    9.5700001717e-01,    2.0915000141e-01,
    9.5810002089e-01,   -3.0412900925e+01,    9.5810002089e-01,    6.3777900696e+01,    9.5810002089e-01,   -4.2016901076e-02,
    9.5920002460e-01,    3.1258800507e+01,    9.5920002460e-01,    6.1956100464e+01,    9.5920002460e-01,    1.6583999991e-01,
    9.6030002832e-01,   -3.0431200027e+01,    9.6030002832e-01,    6.2359500885e+01,    9.6030002832e-01,   -1.6342300922e-02,
    9.6139997244e-01,    3.1205999374e+01,    9.6139997244e-01,    6.1495498657e+01,    9.6139997244e-01,    2.3263899982e-01,
    9.6249997616e-01,   -2.9854999542e+01,    9.6249997616e-01,    6.0583400726e+01,    9.6249997616e-01,   -5.4187100381e-02,
    9.6359997988e-01,    3.0563499451e+01,    9.6359997988e-01,    5.9887699127e+01,    9.6359997988e-01,    8.1559397280e-02,
    9.6469998360e-01,   -2.8202699661e+01,    9.6469998360e-01,    5.8565399170e+01,    9.6469998360e-01,   -2.7942800522e-01,
    9.6579998732e-01,    2.7998399734e+01,    9.6579998732e-01,    5.9670398712e+01,    9.6579998732e-01,    6.1431400478e-02,
    9.6689999104e-01,   -2.5266700745e+01,    9.6689999104e-01,    5.7751098633e+01,    9.6689999104e-01,   -1.7420700192e-01,
    9.6799999475e-01,    2.4732900620e+01,    9.6799999475e-01,    5.9517601013e+01,    9.6799999475e-01,   -9.9021298811e-03,
    9.6909999847e-01,   -2.1099100113e+01,    9.6909999847e-01,    5.7281600952e+01,    9.6909999847e-01,   -9.8676003516e-02,
    9.7020000219e-01,    2.1245700836e+01,    9.7020000219e-01,    6.0741600037e+01,    9.7020000219e-01,   -4.0716599673e-02,
    9.7130000591e-01,   -1.7098400116e+01,    9.7130000591e-01,    5.7477699280e+01,    9.7130000591e-01,   -4.6398501843e-02,
    9.7240000963e-01,    1.6574300766e+01,    9.7240000963e-01,    6.2835498810e+01,    9.7240000963e-01,   -1.1990900338e-01,
    9.7350001335e-01,   -1.2602700233e+01,    9.7350001335e-01,    5.8893798828e+01,    9.7350001335e-01,    3.5705100163e-04,
    9.7460001707e-01,    1.1890199661e+01,    9.7460001707e-01,    6.5043998718e+01,    9.7460001707e-01,   -2.4865600467e-01,
    9.7570002079e-01,   -7.8592901230e+00,    9.7570002079e-01,    6.0216800690e+01,    9.7570002079e-01,   -8.4505297244e-02,
    9.7680002451e-01,    6.2124300003e+00,    9.7680002451e-01,    6.7793098450e+01,    9.7680002451e-01,   -3.2866901159e-01,
    9.7790002823e-01,   -3.0259799957e+00,    9.7790002823e-01,    6.2780799866e+01,    9.7790002823e-01,   -7.9105198383e-02,
    9.7899997234e-01,    1.3746900558e+00,    9.7899997234e-01,    7.0869697571e+01,    9.7899997234e-01,   -4.4198301435e-01,
    9.8009997606e-01,    1.8778799772e+00,    9.8009997606e-01,    6.4625999451e+01,    9.8009997606e-01,   -6.3474401832e-02,
    9.8119997978e-01,   -3.5052099228e+00,    9.8119997978e-01,    7.2960403442e+01,    9.8119997978e-01,   -5.3920900822e-01,
    9.8229998350e-01,    6.8347902298e+00,    9.8229998350e-01,    6.6479103088e+01,    9.8229998350e-01,   -1.4974600077e-01,
    9.8339998722e-01,   -8.1824998856e+00,    9.8339998722e-01,    7.5103897095e+01,    9.8339998722e-01,   -3.5642099380e-01,
    9.8449999094e-01,    1.1312299728e+01,    9.8449999094e-01,    6.7779296875e+01,    9.8449999094e-01,   -1.9641800225e-01,
    9.8559999466e-01,   -1.2501600266e+01,    9.8559999466e-01,    7.6482101440e+01,    9.8559999466e-01,   -3.7253499031e-01,
    9.8669999838e-01,    1.6151199341e+01,    9.8669999838e-01,    6.8978302002e+01,    9.8669999838e-01,    5.0591598265e-03,
    9.8780000210e-01,   -1.6355800629e+01,    9.8780000210e-01,    7.7791297913e+01,    9.8780000210e-01,   -4.3340399861e-01,
    9.8890000582e-01,    1.9460100174e+01,    9.8890000582e-01,    7.0980201721e+01,    9.8890000582e-01,   -1.3262200356e-01,
    9.9000000954e-01,   -1.9998100281e+01,    9.9000000954e-01,    7.9326698303e+01,    9.9000000954e-01,   -5.7092398405e-01,
    9.9110001326e-01,    2.3135599136e+01,    9.9110001326e-01,    7.2459197998e+01,    9.9110001326e-01,   -1.7324799299e-01,
    9.9220001698e-01,   -2.2412000656e+01,    9.9220001698e-01,    8.0018501282e+01,    9.9220001698e-01,   -4.9808898568e-01,
    9.9330002069e-01,    2.5713800430e+01,    9.9330002069e-01,    7.4217201233e+01,    9.9330002069e-01,   -2.6983401179e-01,
    9.9440002441e-01,   -2.3504600525e+01,    9.9440002441e-01,    7.9716102600e+01,    9.9440002441e-01,   -4.2215099931e-01,
    9.9550002813e-01,    2.7654899597e+01,    9.9550002813e-01,    7.4912200928e+01,    9.9550002813e-01,   -3.3049601316e-01,
    9.9659997225e-01,   -2.3721000671e+01,    9.9659997225e-01,    7.8874900818e+01,    9.9659997225e-01,   -3.3815601468e-01,
    9.9769997597e-01,    2.7797899246e+01,    9.9769997597e-01,    7.5774299622e+01,    9.9769997597e-01,   -5.9104198217e-01,
    9.9879997969e-01,   -2.2838300705e+01,    9.9879997969e-01,    7.7824699402e+01,    9.9879997969e-01,   -1.4030100405e-01,
    9.9989998341e-01,    2.6818599701e+01,    9.9989998341e-01,    7.7059501648e+01,    9.9989998341e-01,   -3.4559398890e-01,
