LS-DYNA keyword deck by LS-PrePost,Rcforc Data
Time,Ma 376 X-force,Time,Ma 376 Y-force,Time,Ma 376 Z-force,
    0.0000000000e+00,    0.0000000000e+00,    0.0000000000e+00,    0.0000000000e+00,    0.0000000000e+00,    0.0000000000e+00,
    1.0999100050e-03,    0.0000000000e+00,    1.0999100050e-03,    0.0000000000e+00,    1.0999100050e-03,    0.0000000000e+00,
    2.1997101139e-03,    0.0000000000e+00,    2.1997101139e-03,    0.0000000000e+00,    2.1997101139e-03,    0.0000000000e+00,
    3.2997298986e-03,    0.0000000000e+00,    3.2997298986e-03,    0.0000000000e+00,    3.2997298986e-03,    0.0000000000e+00,
    4.3997401372e-03,    0.0000000000e+00,    4.3997401372e-03,    0.0000000000e+00,    4.3997401372e-03,    0.0000000000e+00,
    5.4999599233e-03,    0.0000000000e+00,    5.4999599233e-03,    0.0000000000e+00,    5.4999599233e-03,    0.0000000000e+00,
    6.5999100916e-03,    0.0000000000e+00,    6.5999100916e-03,    0.0000000000e+00,    6.5999100916e-03,    0.0000000000e+00,
    7.6998001896e-03,    0.0000000000e+00,    7.6998001896e-03,    0.0000000000e+00,    7.6998001896e-03,    0.0000000000e+00,
    8.7997401133e-03,    0.0000000000e+00,    8.7997401133e-03,    0.0000000000e+00,    8.7997401133e-03,    0.0000000000e+00,
    9.8997298628e-03,    0.0000000000e+00,    9.8997298628e-03,    0.0000000000e+00,    9.8997298628e-03,    0.0000000000e+00,
    1.0999799706e-02,    0.0000000000e+00,    1.0999799706e-02,    0.0000000000e+00,    1.0999799706e-02,    0.0000000000e+00,
    1.2099900283e-02,    0.0000000000e+00,    1.2099900283e-02,    0.0000000000e+00,    1.2099900283e-02,    0.0000000000e+00,
    1.3199900277e-02,    0.0000000000e+00,    1.3199900277e-02,    0.0000000000e+00,    1.3199900277e-02,    0.0000000000e+00,
    1.4299700037e-02,    0.0000000000e+00,    1.4299700037e-02,    0.0000000000e+00,    1.4299700037e-02,    0.0000000000e+00,
    1.5399700031e-02,    0.0000000000e+00,    1.5399700031e-02,    0.0000000000e+00,    1.5399700031e-02,    0.0000000000e+00,
    1.6499999911e-02,    0.0000000000e+00,    1.6499999911e-02,    0.0000000000e+00,    1.6499999911e-02,    0.0000000000e+00,
    1.7599800602e-02,    0.0000000000e+00,    1.7599800602e-02,    0.0000000000e+00,    1.7599800602e-02,    0.0000000000e+00,
    1.8699800596e-02,    0.0000000000e+00,    1.8699800596e-02,    0.0000000000e+00,    1.8699800596e-02,    0.0000000000e+00,
    1.9799899310e-02,    0.0000000000e+00,    1.9799899310e-02,    0.0000000000e+00,    1.9799899310e-02,    0.0000000000e+00,
    2.0899999887e-02,    0.0000000000e+00,    2.0899999887e-02,    0.0000000000e+00,    2.0899999887e-02,    0.0000000000e+00,
    2.1999999881e-02,    0.0000000000e+00,    2.1999999881e-02,    0.0000000000e+00,    2.1999999881e-02,    0.0000000000e+00,
    2.3099999875e-02,    0.0000000000e+00,    2.3099999875e-02,    0.0000000000e+00,    2.3099999875e-02,    0.0000000000e+00,
    2.4199999869e-02,    0.0000000000e+00,    2.4199999869e-02,    0.0000000000e+00,    2.4199999869e-02,    0.0000000000e+00,
    2.5299999863e-02,    0.0000000000e+00,    2.5299999863e-02,    0.0000000000e+00,    2.5299999863e-02,    0.0000000000e+00,
    2.6399899274e-02,    0.0000000000e+00,    2.6399899274e-02,    0.0000000000e+00,    2.6399899274e-02,    0.0000000000e+00,
    2.7499899268e-02,    0.0000000000e+00,    2.7499899268e-02,    0.0000000000e+00,    2.7499899268e-02,    0.0000000000e+00,
    2.8599699959e-02,    0.0000000000e+00,    2.8599699959e-02,    0.0000000000e+00,    2.8599699959e-02,    0.0000000000e+00,
    2.9699800536e-02,    0.0000000000e+00,    2.9699800536e-02,    0.0000000000e+00,    2.9699800536e-02,    0.0000000000e+00,
    3.0799800530e-02,    0.0000000000e+00,    3.0799800530e-02,    0.0000000000e+00,    3.0799800530e-02,    0.0000000000e+00,
    3.1899999827e-02,    0.0000000000e+00,    3.1899999827e-02,    0.0000000000e+00,    3.1899999827e-02,    0.0000000000e+00,
    3.2999701798e-02,    0.0000000000e+00,    3.2999701798e-02,    0.0000000000e+00,    3.2999701798e-02,    0.0000000000e+00,
    3.4099999815e-02,    0.0000000000e+00,    3.4099999815e-02,    0.0000000000e+00,    3.4099999815e-02,    0.0000000000e+00,
    3.5199798644e-02,    0.0000000000e+00,    3.5199798644e-02,    0.0000000000e+00,    3.5199798644e-02,    0.0000000000e+00,
    3.6299798638e-02,    0.0000000000e+00,    3.6299798638e-02,    0.0000000000e+00,    3.6299798638e-02,    0.0000000000e+00,
    3.7399999797e-02,    0.0000000000e+00,    3.7399999797e-02,    0.0000000000e+00,    3.7399999797e-02,    0.0000000000e+00,
    3.8499798626e-02,    0.0000000000e+00,    3.8499798626e-02,    0.0000000000e+00,    3.8499798626e-02,    0.0000000000e+00,
    3.9599701762e-02,    0.0000000000e+00,    3.9599701762e-02,    0.0000000000e+00,    3.9599701762e-02,    0.0000000000e+00,
    4.0699899197e-02,    0.0000000000e+00,    4.0699899197e-02,    0.0000000000e+00,    4.0699899197e-02,    0.0000000000e+00,
    4.1799701750e-02,    0.0000000000e+00,    4.1799701750e-02,    0.0000000000e+00,    4.1799701750e-02,    0.0000000000e+00,
    4.2899798602e-02,    0.0000000000e+00,    4.2899798602e-02,    0.0000000000e+00,    4.2899798602e-02,    0.0000000000e+00,
    4.3999899179e-02,    0.0000000000e+00,    4.3999899179e-02,    0.0000000000e+00,    4.3999899179e-02,    0.0000000000e+00,
    4.5099899173e-02,    0.0000000000e+00,    4.5099899173e-02,    0.0000000000e+00,    4.5099899173e-02,    0.0000000000e+00,
    4.6199798584e-02,    0.0000000000e+00,    4.6199798584e-02,    0.0000000000e+00,    4.6199798584e-02,    0.0000000000e+00,
    4.7299798578e-02,    0.0000000000e+00,    4.7299798578e-02,    0.0000000000e+00,    4.7299798578e-02,    0.0000000000e+00,
    4.8399899155e-02,    0.0000000000e+00,    4.8399899155e-02,    0.0000000000e+00,    4.8399899155e-02,    0.0000000000e+00,
    4.9499999732e-02,    0.0000000000e+00,    4.9499999732e-02,    0.0000000000e+00,    4.9499999732e-02,    0.0000000000e+00,
    5.0599899143e-02,    0.0000000000e+00,    5.0599899143e-02,    0.0000000000e+00,    5.0599899143e-02,    0.0000000000e+00,
    5.1699899137e-02,    0.0000000000e+00,    5.1699899137e-02,    0.0000000000e+00,    5.1699899137e-02,    0.0000000000e+00,
    5.2799899131e-02,    0.0000000000e+00,    5.2799899131e-02,    0.0000000000e+00,    5.2799899131e-02,    0.0000000000e+00,
    5.3899899125e-02,    0.0000000000e+00,    5.3899899125e-02,    0.0000000000e+00,    5.3899899125e-02,    0.0000000000e+00,
    5.4999899119e-02,    0.0000000000e+00,    5.4999899119e-02,    0.0000000000e+00,    5.4999899119e-02,    0.0000000000e+00,
    5.6099999696e-02,    0.0000000000e+00,    5.6099999696e-02,    0.0000000000e+00,    5.6099999696e-02,    0.0000000000e+00,
    5.7199899107e-02,    0.0000000000e+00,    5.7199899107e-02,    0.0000000000e+00,    5.7199899107e-02,    0.0000000000e+00,
    5.8299999684e-02,    0.0000000000e+00,    5.8299999684e-02,    0.0000000000e+00,    5.8299999684e-02,    0.0000000000e+00,
    5.9399899095e-02,    0.0000000000e+00,    5.9399899095e-02,    0.0000000000e+00,    5.9399899095e-02,    0.0000000000e+00,
    6.0499899089e-02,    0.0000000000e+00,    6.0499899089e-02,    0.0000000000e+00,    6.0499899089e-02,    0.0000000000e+00,
    6.1599999666e-02,    0.0000000000e+00,    6.1599999666e-02,    0.0000000000e+00,    6.1599999666e-02,    0.0000000000e+00,
    6.2699802220e-02,    0.0000000000e+00,    6.2699802220e-02,    0.0000000000e+00,    6.2699802220e-02,    0.0000000000e+00,
    6.3799902797e-02,    0.0000000000e+00,    6.3799902797e-02,    0.0000000000e+00,    6.3799902797e-02,    0.0000000000e+00,
    6.4899802208e-02,    0.0000000000e+00,    6.4899802208e-02,    0.0000000000e+00,    6.4899802208e-02,    0.0000000000e+00,
    6.5999902785e-02,    0.0000000000e+00,    6.5999902785e-02,    0.0000000000e+00,    6.5999902785e-02,    0.0000000000e+00,
    6.7099899054e-02,    0.0000000000e+00,    6.7099899054e-02,    0.0000000000e+00,    6.7099899054e-02,    0.0000000000e+00,
    6.8199798465e-02,    0.0000000000e+00,    6.8199798465e-02,    0.0000000000e+00,    6.8199798465e-02,    0.0000000000e+00,
    6.9299899042e-02,    0.0000000000e+00,    6.9299899042e-02,    0.0000000000e+00,    6.9299899042e-02,    0.0000000000e+00,
    7.0399701595e-02,    0.0000000000e+00,    7.0399701595e-02,    0.0000000000e+00,    7.0399701595e-02,    0.0000000000e+00,
    7.1500003338e-02,    0.0000000000e+00,    7.1500003338e-02,    0.0000000000e+00,    7.1500003338e-02,    0.0000000000e+00,
    7.2599902749e-02,    0.0000000000e+00,    7.2599902749e-02,    0.0000000000e+00,    7.2599902749e-02,    0.0000000000e+00,
    7.3699899018e-02,    0.0000000000e+00,    7.3699899018e-02,    0.0000000000e+00,    7.3699899018e-02,    0.0000000000e+00,
    7.4799798429e-02,    0.0000000000e+00,    7.4799798429e-02,    0.0000000000e+00,    7.4799798429e-02,    0.0000000000e+00,
    7.5899899006e-02,    0.0000000000e+00,    7.5899899006e-02,    0.0000000000e+00,    7.5899899006e-02,    0.0000000000e+00,
    7.6999798417e-02,    0.0000000000e+00,    7.6999798417e-02,    0.0000000000e+00,    7.6999798417e-02,    0.0000000000e+00,
    7.8099802136e-02,    0.0000000000e+00,    7.8099802136e-02,    0.0000000000e+00,    7.8099802136e-02,    0.0000000000e+00,
    7.9199999571e-02,    0.0000000000e+00,    7.9199999571e-02,    0.0000000000e+00,    7.9199999571e-02,    0.0000000000e+00,
    8.0299697816e-02,    0.0000000000e+00,    8.0299697816e-02,    0.0000000000e+00,    8.0299697816e-02,    0.0000000000e+00,
    8.1399798393e-02,    0.0000000000e+00,    8.1399798393e-02,    0.0000000000e+00,    8.1399798393e-02,    0.0000000000e+00,
    8.2499697804e-02,    0.0000000000e+00,    8.2499697804e-02,    0.0000000000e+00,    8.2499697804e-02,    0.0000000000e+00,
    8.3599902689e-02,    0.0000000000e+00,    8.3599902689e-02,    0.0000000000e+00,    8.3599902689e-02,    0.0000000000e+00,
    8.4699898958e-02,    0.0000000000e+00,    8.4699898958e-02,    0.0000000000e+00,    8.4699898958e-02,    0.0000000000e+00,
    8.5799999535e-02,    0.0000000000e+00,    8.5799999535e-02,    0.0000000000e+00,    8.5799999535e-02,    0.0000000000e+00,
    8.6899802089e-02,    0.0000000000e+00,    8.6899802089e-02,    0.0000000000e+00,    8.6899802089e-02,    0.0000000000e+00,
    8.7999902666e-02,    0.0000000000e+00,    8.7999902666e-02,    0.0000000000e+00,    8.7999902666e-02,    0.0000000000e+00,
    8.9099898934e-02,    0.0000000000e+00,    8.9099898934e-02,    0.0000000000e+00,    8.9099898934e-02,    0.0000000000e+00,
    9.0199999511e-02,    0.0000000000e+00,    9.0199999511e-02,    0.0000000000e+00,    9.0199999511e-02,    0.0000000000e+00,
    9.1299697757e-02,    0.0000000000e+00,    9.1299697757e-02,    0.0000000000e+00,    9.1299697757e-02,    0.0000000000e+00,
    9.2399798334e-02,    0.0000000000e+00,    9.2399798334e-02,    0.0000000000e+00,    9.2399798334e-02,    0.0000000000e+00,
    9.3499898911e-02,    0.0000000000e+00,    9.3499898911e-02,    0.0000000000e+00,    9.3499898911e-02,    0.0000000000e+00,
    9.4599902630e-02,    0.0000000000e+00,    9.4599902630e-02,    0.0000000000e+00,    9.4599902630e-02,    0.0000000000e+00,
    9.5699697733e-02,    0.0000000000e+00,    9.5699697733e-02,    0.0000000000e+00,    9.5699697733e-02,    0.0000000000e+00,
    9.6799798310e-02,    0.0000000000e+00,    9.6799798310e-02,    0.0000000000e+00,    9.6799798310e-02,    0.0000000000e+00,
    9.7899898887e-02,    0.0000000000e+00,    9.7899898887e-02,    0.0000000000e+00,    9.7899898887e-02,    0.0000000000e+00,
    9.8999902606e-02,    0.0000000000e+00,    9.8999902606e-02,    0.0000000000e+00,    9.8999902606e-02,    0.0000000000e+00,
    1.0010000318e-01,    0.0000000000e+00,    1.0010000318e-01,    0.0000000000e+00,    1.0010000318e-01,    0.0000000000e+00,
    1.0119999945e-01,    0.0000000000e+00,    1.0119999945e-01,    0.0000000000e+00,    1.0119999945e-01,    0.0000000000e+00,
    1.0230000317e-01,    0.0000000000e+00,    1.0230000317e-01,    0.0000000000e+00,    1.0230000317e-01,    0.0000000000e+00,
    1.0339999944e-01,    0.0000000000e+00,    1.0339999944e-01,    0.0000000000e+00,    1.0339999944e-01,    0.0000000000e+00,
    1.0450000316e-01,    0.0000000000e+00,    1.0450000316e-01,    0.0000000000e+00,    1.0450000316e-01,    0.0000000000e+00,
    1.0559999943e-01,    0.0000000000e+00,    1.0559999943e-01,    0.0000000000e+00,    1.0559999943e-01,    0.0000000000e+00,
    1.0670000315e-01,    0.0000000000e+00,    1.0670000315e-01,    0.0000000000e+00,    1.0670000315e-01,    0.0000000000e+00,
    1.0779999942e-01,    0.0000000000e+00,    1.0779999942e-01,    0.0000000000e+00,    1.0779999942e-01,    0.0000000000e+00,
    1.0890000314e-01,    0.0000000000e+00,    1.0890000314e-01,    0.0000000000e+00,    1.0890000314e-01,    0.0000000000e+00,
    1.0999999940e-01,    0.0000000000e+00,    1.0999999940e-01,    0.0000000000e+00,    1.0999999940e-01,    0.0000000000e+00,
    1.1110000312e-01,    0.0000000000e+00,    1.1110000312e-01,    0.0000000000e+00,    1.1110000312e-01,    0.0000000000e+00,
    1.1219999939e-01,    0.0000000000e+00,    1.1219999939e-01,    0.0000000000e+00,    1.1219999939e-01,    0.0000000000e+00,
    1.1330000311e-01,    0.0000000000e+00,    1.1330000311e-01,    0.0000000000e+00,    1.1330000311e-01,    0.0000000000e+00,
    1.1439999938e-01,    0.0000000000e+00,    1.1439999938e-01,    0.0000000000e+00,    1.1439999938e-01,    0.0000000000e+00,
    1.1550000310e-01,    0.0000000000e+00,    1.1550000310e-01,    0.0000000000e+00,    1.1550000310e-01,    0.0000000000e+00,
    1.1659999937e-01,    0.0000000000e+00,    1.1659999937e-01,    0.0000000000e+00,    1.1659999937e-01,    0.0000000000e+00,
    1.1770000309e-01,    0.0000000000e+00,    1.1770000309e-01,    0.0000000000e+00,    1.1770000309e-01,    0.0000000000e+00,
    1.1879999936e-01,    0.0000000000e+00,    1.1879999936e-01,    0.0000000000e+00,    1.1879999936e-01,    0.0000000000e+00,
    1.1990000308e-01,    0.0000000000e+00,    1.1990000308e-01,    0.0000000000e+00,    1.1990000308e-01,    0.0000000000e+00,
    1.2099999934e-01,    0.0000000000e+00,    1.2099999934e-01,    0.0000000000e+00,    1.2099999934e-01,    0.0000000000e+00,
    1.2210000306e-01,    0.0000000000e+00,    1.2210000306e-01,    0.0000000000e+00,    1.2210000306e-01,    0.0000000000e+00,
    1.2319999933e-01,    0.0000000000e+00,    1.2319999933e-01,    0.0000000000e+00,    1.2319999933e-01,    0.0000000000e+00,
    1.2430000305e-01,    0.0000000000e+00,    1.2430000305e-01,    0.0000000000e+00,    1.2430000305e-01,    0.0000000000e+00,
    1.2540000677e-01,    0.0000000000e+00,    1.2540000677e-01,    0.0000000000e+00,    1.2540000677e-01,    0.0000000000e+00,
    1.2649999559e-01,    0.0000000000e+00,    1.2649999559e-01,    0.0000000000e+00,    1.2649999559e-01,    0.0000000000e+00,
    1.2759999931e-01,    0.0000000000e+00,    1.2759999931e-01,    0.0000000000e+00,    1.2759999931e-01,    0.0000000000e+00,
    1.2870000303e-01,    0.0000000000e+00,    1.2870000303e-01,    0.0000000000e+00,    1.2870000303e-01,    0.0000000000e+00,
    1.2980000675e-01,    0.0000000000e+00,    1.2980000675e-01,    0.0000000000e+00,    1.2980000675e-01,    0.0000000000e+00,
    1.3089999557e-01,    0.0000000000e+00,    1.3089999557e-01,    0.0000000000e+00,    1.3089999557e-01,    0.0000000000e+00,
    1.3199999928e-01,    0.0000000000e+00,    1.3199999928e-01,    0.0000000000e+00,    1.3199999928e-01,    0.0000000000e+00,
    1.3310000300e-01,    0.0000000000e+00,    1.3310000300e-01,    0.0000000000e+00,    1.3310000300e-01,    0.0000000000e+00,
    1.3420000672e-01,    0.0000000000e+00,    1.3420000672e-01,    0.0000000000e+00,    1.3420000672e-01,    0.0000000000e+00,
    1.3529999554e-01,    0.0000000000e+00,    1.3529999554e-01,    0.0000000000e+00,    1.3529999554e-01,    0.0000000000e+00,
    1.3639999926e-01,    0.0000000000e+00,    1.3639999926e-01,    0.0000000000e+00,    1.3639999926e-01,    0.0000000000e+00,
    1.3750000298e-01,    0.0000000000e+00,    1.3750000298e-01,    0.0000000000e+00,    1.3750000298e-01,    0.0000000000e+00,
    1.3860000670e-01,    0.0000000000e+00,    1.3860000670e-01,    0.0000000000e+00,    1.3860000670e-01,    0.0000000000e+00,
    1.3969999552e-01,    0.0000000000e+00,    1.3969999552e-01,    0.0000000000e+00,    1.3969999552e-01,    0.0000000000e+00,
    1.4079999924e-01,    0.0000000000e+00,    1.4079999924e-01,    0.0000000000e+00,    1.4079999924e-01,    0.0000000000e+00,
    1.4190000296e-01,    0.0000000000e+00,    1.4190000296e-01,    0.0000000000e+00,    1.4190000296e-01,    0.0000000000e+00,
    1.4300000668e-01,    0.0000000000e+00,    1.4300000668e-01,    0.0000000000e+00,    1.4300000668e-01,    0.0000000000e+00,
    1.4409999549e-01,    0.0000000000e+00,    1.4409999549e-01,    0.0000000000e+00,    1.4409999549e-01,    0.0000000000e+00,
    1.4519999921e-01,    0.0000000000e+00,    1.4519999921e-01,    0.0000000000e+00,    1.4519999921e-01,    0.0000000000e+00,
    1.4630000293e-01,    0.0000000000e+00,    1.4630000293e-01,    0.0000000000e+00,    1.4630000293e-01,    0.0000000000e+00,
    1.4740000665e-01,    0.0000000000e+00,    1.4740000665e-01,    0.0000000000e+00,    1.4740000665e-01,    0.0000000000e+00,
    1.4849999547e-01,    0.0000000000e+00,    1.4849999547e-01,    0.0000000000e+00,    1.4849999547e-01,    0.0000000000e+00,
    1.4959999919e-01,    0.0000000000e+00,    1.4959999919e-01,    0.0000000000e+00,    1.4959999919e-01,    0.0000000000e+00,
    1.5070000291e-01,    0.0000000000e+00,    1.5070000291e-01,    0.0000000000e+00,    1.5070000291e-01,    0.0000000000e+00,
    1.5180000663e-01,    0.0000000000e+00,    1.5180000663e-01,    0.0000000000e+00,    1.5180000663e-01,    0.0000000000e+00,
    1.5289999545e-01,    0.0000000000e+00,    1.5289999545e-01,    0.0000000000e+00,    1.5289999545e-01,    0.0000000000e+00,
    1.5399999917e-01,    0.0000000000e+00,    1.5399999917e-01,    0.0000000000e+00,    1.5399999917e-01,    0.0000000000e+00,
    1.5510000288e-01,    0.0000000000e+00,    1.5510000288e-01,    0.0000000000e+00,    1.5510000288e-01,    0.0000000000e+00,
    1.5620000660e-01,    0.0000000000e+00,    1.5620000660e-01,    0.0000000000e+00,    1.5620000660e-01,    0.0000000000e+00,
    1.5729999542e-01,    0.0000000000e+00,    1.5729999542e-01,    0.0000000000e+00,    1.5729999542e-01,    0.0000000000e+00,
    1.5839999914e-01,    0.0000000000e+00,    1.5839999914e-01,    0.0000000000e+00,    1.5839999914e-01,    0.0000000000e+00,
    1.5950000286e-01,    0.0000000000e+00,    1.5950000286e-01,    0.0000000000e+00,    1.5950000286e-01,    0.0000000000e+00,
    1.6060000658e-01,    0.0000000000e+00,    1.6060000658e-01,    0.0000000000e+00,    1.6060000658e-01,    0.0000000000e+00,
    1.6169999540e-01,    0.0000000000e+00,    1.6169999540e-01,    0.0000000000e+00,    1.6169999540e-01,    0.0000000000e+00,
    1.6279999912e-01,    0.0000000000e+00,    1.6279999912e-01,    0.0000000000e+00,    1.6279999912e-01,    0.0000000000e+00,
    1.6390000284e-01,    0.0000000000e+00,    1.6390000284e-01,    0.0000000000e+00,    1.6390000284e-01,    0.0000000000e+00,
    1.6500000656e-01,    0.0000000000e+00,    1.6500000656e-01,    0.0000000000e+00,    1.6500000656e-01,    0.0000000000e+00,
    1.6609999537e-01,    0.0000000000e+00,    1.6609999537e-01,    0.0000000000e+00,    1.6609999537e-01,    0.0000000000e+00,
    1.6719999909e-01,    0.0000000000e+00,    1.6719999909e-01,    0.0000000000e+00,    1.6719999909e-01,    0.0000000000e+00,
    1.6830000281e-01,    0.0000000000e+00,    1.6830000281e-01,    0.0000000000e+00,    1.6830000281e-01,    0.0000000000e+00,
    1.6940000653e-01,    0.0000000000e+00,    1.6940000653e-01,    0.0000000000e+00,    1.6940000653e-01,    0.0000000000e+00,
    1.7049999535e-01,    0.0000000000e+00,    1.7049999535e-01,    0.0000000000e+00,    1.7049999535e-01,    0.0000000000e+00,
    1.7159999907e-01,    0.0000000000e+00,    1.7159999907e-01,    0.0000000000e+00,    1.7159999907e-01,    0.0000000000e+00,
    1.7270000279e-01,    0.0000000000e+00,    1.7270000279e-01,    0.0000000000e+00,    1.7270000279e-01,    0.0000000000e+00,
    1.7380000651e-01,    0.0000000000e+00,    1.7380000651e-01,    0.0000000000e+00,    1.7380000651e-01,    0.0000000000e+00,
    1.7489999533e-01,    0.0000000000e+00,    1.7489999533e-01,    0.0000000000e+00,    1.7489999533e-01,    0.0000000000e+00,
    1.7599999905e-01,    0.0000000000e+00,    1.7599999905e-01,    0.0000000000e+00,    1.7599999905e-01,    0.0000000000e+00,
    1.7710000277e-01,    0.0000000000e+00,    1.7710000277e-01,    0.0000000000e+00,    1.7710000277e-01,    0.0000000000e+00,
    1.7820000648e-01,    0.0000000000e+00,    1.7820000648e-01,    0.0000000000e+00,    1.7820000648e-01,    0.0000000000e+00,
    1.7929999530e-01,    0.0000000000e+00,    1.7929999530e-01,    0.0000000000e+00,    1.7929999530e-01,    0.0000000000e+00,
    1.8039999902e-01,    0.0000000000e+00,    1.8039999902e-01,    0.0000000000e+00,    1.8039999902e-01,    0.0000000000e+00,
    1.8150000274e-01,    0.0000000000e+00,    1.8150000274e-01,    0.0000000000e+00,    1.8150000274e-01,    0.0000000000e+00,
    1.8260000646e-01,    0.0000000000e+00,    1.8260000646e-01,    0.0000000000e+00,    1.8260000646e-01,    0.0000000000e+00,
    1.8369999528e-01,    0.0000000000e+00,    1.8369999528e-01,    0.0000000000e+00,    1.8369999528e-01,    0.0000000000e+00,
    1.8479999900e-01,    0.0000000000e+00,    1.8479999900e-01,    0.0000000000e+00,    1.8479999900e-01,    0.0000000000e+00,
    1.8590000272e-01,    0.0000000000e+00,    1.8590000272e-01,    0.0000000000e+00,    1.8590000272e-01,    0.0000000000e+00,
    1.8700000644e-01,    0.0000000000e+00,    1.8700000644e-01,    0.0000000000e+00,    1.8700000644e-01,    0.0000000000e+00,
    1.8809999526e-01,    0.0000000000e+00,    1.8809999526e-01,    0.0000000000e+00,    1.8809999526e-01,    0.0000000000e+00,
    1.8919999897e-01,    0.0000000000e+00,    1.8919999897e-01,    0.0000000000e+00,    1.8919999897e-01,    0.0000000000e+00,
    1.9030000269e-01,    0.0000000000e+00,    1.9030000269e-01,    0.0000000000e+00,    1.9030000269e-01,    0.0000000000e+00,
    1.9140000641e-01,    0.0000000000e+00,    1.9140000641e-01,    0.0000000000e+00,    1.9140000641e-01,    0.0000000000e+00,
    1.9249999523e-01,    0.0000000000e+00,    1.9249999523e-01,    0.0000000000e+00,    1.9249999523e-01,    0.0000000000e+00,
    1.9359999895e-01,    0.0000000000e+00,    1.9359999895e-01,    0.0000000000e+00,    1.9359999895e-01,    0.0000000000e+00,
    1.9470000267e-01,    0.0000000000e+00,    1.9470000267e-01,    0.0000000000e+00,    1.9470000267e-01,    0.0000000000e+00,
    1.9580000639e-01,    0.0000000000e+00,    1.9580000639e-01,    0.0000000000e+00,    1.9580000639e-01,    0.0000000000e+00,
    1.9689999521e-01,    0.0000000000e+00,    1.9689999521e-01,    0.0000000000e+00,    1.9689999521e-01,    0.0000000000e+00,
    1.9799999893e-01,    0.0000000000e+00,    1.9799999893e-01,    0.0000000000e+00,    1.9799999893e-01,    0.0000000000e+00,
    1.9910000265e-01,    0.0000000000e+00,    1.9910000265e-01,    0.0000000000e+00,    1.9910000265e-01,    0.0000000000e+00,
    2.0020000637e-01,    0.0000000000e+00,    2.0020000637e-01,    0.0000000000e+00,    2.0020000637e-01,    0.0000000000e+00,
    2.0129999518e-01,    0.0000000000e+00,    2.0129999518e-01,    0.0000000000e+00,    2.0129999518e-01,    0.0000000000e+00,
    2.0239999890e-01,    0.0000000000e+00,    2.0239999890e-01,    0.0000000000e+00,    2.0239999890e-01,    0.0000000000e+00,
    2.0350000262e-01,    0.0000000000e+00,    2.0350000262e-01,    0.0000000000e+00,    2.0350000262e-01,    0.0000000000e+00,
    2.0460000634e-01,    0.0000000000e+00,    2.0460000634e-01,    0.0000000000e+00,    2.0460000634e-01,    0.0000000000e+00,
    2.0569999516e-01,    0.0000000000e+00,    2.0569999516e-01,    0.0000000000e+00,    2.0569999516e-01,    0.0000000000e+00,
    2.0679999888e-01,    0.0000000000e+00,    2.0679999888e-01,    0.0000000000e+00,    2.0679999888e-01,    0.0000000000e+00,
    2.0790000260e-01,    1.9642600819e-05,    2.0790000260e-01,    3.8605600130e-03,    2.0790000260e-01,    1.4153899883e-06,
    2.0900000632e-01,    2.4313899303e-06,    2.0900000632e-01,    2.2808799520e-02,    2.0900000632e-01,    6.9825196988e-05,
    2.1009999514e-01,    2.5454999104e-06,    2.1009999514e-01,    5.1024001092e-02,    2.1009999514e-01,    2.0439299988e-04,
    2.1119999886e-01,    3.3152799006e-05,    2.1119999886e-01,    8.9112199843e-02,    2.1119999886e-01,    1.1046099826e-04,
    2.1230000257e-01,    2.6872499802e-05,    2.1230000257e-01,    1.3187499344e-01,    2.1230000257e-01,    1.5729099687e-04,
    2.1340000629e-01,   -2.3814600354e-05,    2.1340000629e-01,    1.8190500140e-01,    2.1340000629e-01,    1.7141600256e-04,
    2.1449999511e-01,   -4.0717299271e-05,    2.1449999511e-01,    2.3467700183e-01,    2.1449999511e-01,    1.9305100432e-04,
    2.1559999883e-01,    5.2198802223e-06,    2.1559999883e-01,    2.9499399662e-01,    2.1559999883e-01,    2.5698900572e-04,
    2.1670000255e-01,   -7.8173698057e-06,    2.1670000255e-01,    3.5450199246e-01,    2.1670000255e-01,    2.7745499392e-04,
    2.1780000627e-01,   -5.8225399698e-05,    2.1780000627e-01,    4.2150101066e-01,    2.1780000627e-01,    2.4335799390e-04,
    2.1889999509e-01,   -7.8419398051e-05,    2.1889999509e-01,    4.8712998629e-01,    2.1889999509e-01,    2.4675199529e-04,
    2.1999999881e-01,   -5.0573100452e-05,    2.1999999881e-01,    5.5462902784e-01,    2.1999999881e-01,    2.3260299349e-04,
    2.2110000253e-01,   -8.4242201410e-05,    2.2110000253e-01,    6.2558698654e-01,    2.2110000253e-01,    2.9614899540e-04,
    2.2220000625e-01,   -1.4620099682e-04,    2.2220000625e-01,    6.9520497322e-01,    2.2220000625e-01,    3.5171498894e-04,
    2.2329999506e-01,   -3.0464498559e-04,    2.2329999506e-01,    7.7366501093e-01,    2.2329999506e-01,    4.5187299838e-04,
    2.2439999878e-01,   -2.3466499988e-04,    2.2439999878e-01,    8.6471998692e-01,    2.2439999878e-01,    6.7110901000e-04,
    2.2550000250e-01,   -2.7112101088e-04,    2.2550000250e-01,    9.5189398527e-01,    2.2550000250e-01,    6.1572797131e-04,
    2.2660000622e-01,   -4.3497799197e-04,    2.2660000622e-01,    1.0443300009e+00,    2.2660000622e-01,    4.3250899762e-04,
    2.2769999504e-01,   -4.3080199976e-04,    2.2769999504e-01,    1.1469999552e+00,    2.2769999504e-01,    3.1326999306e-05,
    2.2879999876e-01,   -5.1274197176e-04,    2.2879999876e-01,    1.2436599731e+00,    2.2879999876e-01,   -2.7855599183e-04,
    2.2990000248e-01,   -5.0173501950e-04,    2.2990000248e-01,    1.3337500095e+00,    2.2990000248e-01,   -6.1107001966e-04,
    2.3100000620e-01,   -6.6362199141e-04,    2.3100000620e-01,    1.4228999615e+00,    2.3100000620e-01,   -1.1691399850e-03,
    2.3209999502e-01,   -6.9121201523e-04,    2.3209999502e-01,    1.5096499920e+00,    2.3209999502e-01,   -1.4303299831e-03,
    2.3319999874e-01,   -8.7460299255e-04,    2.3319999874e-01,    1.5974099636e+00,    2.3319999874e-01,   -1.1860099621e-03,
    2.3430000246e-01,   -1.0159700178e-03,    2.3430000246e-01,    1.6912100315e+00,    2.3430000246e-01,   -1.1795499595e-03,
    2.3540000618e-01,   -1.2070799712e-03,    2.3540000618e-01,    1.8061599731e+00,    2.3540000618e-01,   -1.9564400427e-03,
    2.3649999499e-01,   -1.4001199743e-03,    2.3649999499e-01,    1.9222799540e+00,    2.3649999499e-01,   -2.8120400384e-03,
    2.3759999871e-01,   -1.5729300212e-03,    2.3759999871e-01,    2.0508399010e+00,    2.3759999871e-01,   -2.6177798864e-03,
    2.3870000243e-01,   -1.6505100066e-03,    2.3870000243e-01,    2.1918299198e+00,    2.3870000243e-01,   -2.2147300187e-03,
    2.3980000615e-01,   -1.6131500015e-03,    2.3980000615e-01,    2.3465700150e+00,    2.3980000615e-01,   -2.4840100668e-03,
    2.4089999497e-01,    8.6539500626e-04,    2.4089999497e-01,    2.5083398819e+00,    2.4089999497e-01,   -2.7279900387e-03,
    2.4199999869e-01,   -1.8528000219e-03,    2.4199999869e-01,    2.6615099907e+00,    2.4199999869e-01,   -2.8235700447e-03,
    2.4310000241e-01,   -9.8469294608e-04,    2.4310000241e-01,    2.8147099018e+00,    2.4310000241e-01,   -2.1359298844e-03,
    2.4420000613e-01,   -1.0084100068e-03,    2.4420000613e-01,    2.9625499249e+00,    2.4420000613e-01,   -1.7759599723e-03,
    2.4529999495e-01,   -2.4489399511e-03,    2.4529999495e-01,    3.1023700237e+00,    2.4529999495e-01,   -1.7102899728e-03,
    2.4639999866e-01,   -2.4758200161e-03,    2.4639999866e-01,    3.2475099564e+00,    2.4639999866e-01,   -3.0442599673e-03,
    2.4750000238e-01,   -2.2086100653e-03,    2.4750000238e-01,    3.4031200409e+00,    2.4750000238e-01,   -3.1570401043e-03,
    2.4860000610e-01,   -2.2892400157e-03,    2.4860000610e-01,    3.5137200356e+00,    2.4860000610e-01,   -3.0844300054e-03,
    2.4969999492e-01,   -2.7174800634e-03,    2.4969999492e-01,    3.6604199409e+00,    2.4969999492e-01,   -2.1521900780e-03,
    2.5080001354e-01,   -1.8089199439e-03,    2.5080001354e-01,    3.8066799641e+00,    2.5080001354e-01,   -5.9664499713e-04,
    2.5189998746e-01,   -3.1130099669e-03,    2.5189998746e-01,    3.9650800228e+00,    2.5189998746e-01,    1.5316200443e-03,
    2.5299999118e-01,   -1.9412500551e-03,    2.5299999118e-01,    4.0900301933e+00,    2.5299999118e-01,    3.0494099483e-03,
    2.5409999490e-01,   -2.3088599555e-03,    2.5409999490e-01,    4.1921701431e+00,    2.5409999490e-01,    4.7999401577e-03,
    2.5519999862e-01,   -2.2302500438e-03,    2.5519999862e-01,    4.3065900803e+00,    2.5519999862e-01,    4.9387798645e-03,
    2.5630000234e-01,   -1.7261599423e-03,    2.5630000234e-01,    4.4380698204e+00,    2.5630000234e-01,    7.3046498001e-03,
    2.5740000606e-01,   -3.2800599001e-03,    2.5740000606e-01,    4.6106700897e+00,    2.5740000606e-01,    8.2423100248e-03,
    2.5850000978e-01,   -3.0542500317e-03,    2.5850000978e-01,    4.8007698059e+00,    2.5850000978e-01,    1.1195399798e-02,
    2.5960001349e-01,   -3.6740500946e-03,    2.5960001349e-01,    5.0119500160e+00,    2.5960001349e-01,    1.0328499600e-02,
    2.6069998741e-01,   -2.2989399731e-03,    2.6069998741e-01,    5.2300901413e+00,    2.6069998741e-01,    9.5042400062e-03,
    2.6179999113e-01,   -4.2465501465e-03,    2.6179999113e-01,    5.4525799751e+00,    2.6179999113e-01,    1.0303700343e-02,
    2.6289999485e-01,   -3.2375699375e-03,    2.6289999485e-01,    5.6744699478e+00,    2.6289999485e-01,    1.0797799565e-02,
    2.6399999857e-01,   -4.6013798565e-03,    2.6399999857e-01,    5.8614501953e+00,    2.6399999857e-01,    6.9213202223e-03,
    2.6510000229e-01,   -3.7385900505e-03,    2.6510000229e-01,    6.0257501602e+00,    2.6510000229e-01,    5.5700200610e-03,
    2.6620000601e-01,   -5.4651401006e-03,    2.6620000601e-01,    6.1828699112e+00,    2.6620000601e-01,    6.0885199346e-03,
    2.6730000973e-01,   -2.0758700557e-03,    2.6730000973e-01,    6.3348197937e+00,    2.6730000973e-01,    1.4774300507e-04,
    2.6840001345e-01,   -5.4611098021e-03,    2.6840001345e-01,    6.4535598755e+00,    2.6840001345e-01,   -2.0729200915e-03,
    2.6949998736e-01,   -5.0529898144e-03,    2.6949998736e-01,    6.5640001297e+00,    2.6949998736e-01,   -3.1848798972e-03,
    2.7059999108e-01,   -4.3476801366e-03,    2.7059999108e-01,    6.6190700531e+00,    2.7059999108e-01,   -4.5475200750e-03,
    2.7169999480e-01,   -4.2529199272e-03,    2.7169999480e-01,    6.6499600410e+00,    2.7169999480e-01,   -4.2019798420e-03,
    2.7279999852e-01,   -5.1059001125e-03,    2.7279999852e-01,    6.6965699196e+00,    2.7279999852e-01,   -1.7799600028e-03,
    2.7390000224e-01,   -5.5997301824e-03,    2.7390000224e-01,    6.7507500648e+00,    2.7390000224e-01,   -1.4888899750e-04,
    2.7500000596e-01,   -3.8185699377e-03,    2.7500000596e-01,    6.8018798828e+00,    2.7500000596e-01,    1.6901099589e-03,
    2.7610000968e-01,   -5.1714098081e-03,    2.7610000968e-01,    6.8593797684e+00,    2.7610000968e-01,   -1.4874800108e-03,
    2.7720001340e-01,   -5.2846698090e-03,    2.7720001340e-01,    6.9353299141e+00,    2.7720001340e-01,   -4.3116100132e-03,
    2.7829998732e-01,   -3.0448799953e-03,    2.7829998732e-01,    7.0357398987e+00,    2.7829998732e-01,   -1.7328199465e-03,
    2.7939999104e-01,   -6.4677498303e-03,    2.7939999104e-01,    7.1377401352e+00,    2.7939999104e-01,   -2.4462800939e-03,
    2.8049999475e-01,   -4.3387799524e-03,    2.8049999475e-01,    7.2523097992e+00,    2.8049999475e-01,   -2.8773900121e-03,
    2.8159999847e-01,   -6.7236497998e-03,    2.8159999847e-01,    7.3762497902e+00,    2.8159999847e-01,   -4.4897398911e-03,
    2.8270000219e-01,   -4.6530398540e-03,    2.8270000219e-01,    7.4779801369e+00,    2.8270000219e-01,   -5.4345498793e-03,
    2.8380000591e-01,   -6.1007998884e-03,    2.8380000591e-01,    7.5594201088e+00,    2.8380000591e-01,   -1.4839799842e-03,
    2.8490000963e-01,   -5.5971099064e-03,    2.8490000963e-01,    7.6621799469e+00,    2.8490000963e-01,    4.8925699666e-03,
    2.8600001335e-01,   -6.3124899752e-03,    2.8600001335e-01,    7.7277798653e+00,    2.8600001335e-01,    2.6326100342e-03,
    2.8709998727e-01,   -5.4038600065e-03,    2.8709998727e-01,    7.8182902336e+00,    2.8709998727e-01,   -5.0505897962e-03,
    2.8819999099e-01,   -9.3729896471e-03,    2.8819999099e-01,    7.9439401627e+00,    2.8819999099e-01,   -2.9242199380e-03,
    2.8929999471e-01,   -7.7534499578e-03,    2.8929999471e-01,    8.1055498123e+00,    2.8929999471e-01,   -4.3488601223e-03,
    2.9039999843e-01,   -8.2101998851e-03,    2.9039999843e-01,    8.2842102051e+00,    2.9039999843e-01,    2.3132900242e-03,
    2.9150000215e-01,   -7.0434198715e-03,    2.9150000215e-01,    8.4465103149e+00,    2.9150000215e-01,   -4.2040999979e-03,
    2.9260000587e-01,   -8.5663003847e-03,    2.9260000587e-01,    8.6070699692e+00,    2.9260000587e-01,   -4.8450101167e-03,
    2.9370000958e-01,   -1.0662900284e-02,    2.9370000958e-01,    8.7728004456e+00,    2.9370000958e-01,   -3.1531199347e-03,
    2.9480001330e-01,   -7.5678299181e-03,    2.9480001330e-01,    8.9412403107e+00,    2.9480001330e-01,   -3.4158499911e-03,
    2.9589998722e-01,   -9.3147000298e-03,    2.9589998722e-01,    9.1206197739e+00,    2.9589998722e-01,    3.5424600355e-03,
    2.9699999094e-01,   -6.2997802161e-03,    2.9699999094e-01,    9.2470502853e+00,    2.9699999094e-01,    3.9121601731e-03,
    2.9809999466e-01,   -8.8090095669e-03,    2.9809999466e-01,    9.3624095917e+00,    2.9809999466e-01,    6.3184401952e-03,
    2.9919999838e-01,   -2.2011799738e-03,    2.9919999838e-01,    9.4738903046e+00,    2.9919999838e-01,   -6.0613499954e-04,
    3.0030000210e-01,   -9.0225804597e-03,    3.0030000210e-01,    9.5350904465e+00,    3.0030000210e-01,   -5.7876501232e-03,
    3.0140000582e-01,   -9.2853902606e-04,    3.0140000582e-01,    9.5915699005e+00,    3.0140000582e-01,   -7.8710997477e-03,
    3.0250000954e-01,   -3.1083000358e-03,    3.0250000954e-01,    9.6064796448e+00,    3.0250000954e-01,   -7.9574100673e-03,
    3.0360001326e-01,   -8.2182502374e-03,    3.0360001326e-01,    9.6146697998e+00,    3.0360001326e-01,   -8.9749703184e-03,
    3.0469998717e-01,   -1.2752300128e-02,    3.0469998717e-01,    9.6644001007e+00,    3.0469998717e-01,   -9.2824399471e-03,
    3.0579999089e-01,   -1.5909200534e-02,    3.0579999089e-01,    9.7234001160e+00,    3.0579999089e-01,   -6.6603901796e-03,
    3.0689999461e-01,   -8.0615198240e-03,    3.0689999461e-01,    9.7564296722e+00,    3.0689999461e-01,   -7.6005901210e-03,
    3.0799999833e-01,   -1.2844200246e-02,    3.0799999833e-01,    9.7584695816e+00,    3.0799999833e-01,   -5.7125301100e-03,
    3.0910000205e-01,   -8.8798897341e-03,    3.0910000205e-01,    9.8089504242e+00,    3.0910000205e-01,   -9.0391095728e-03,
    3.1020000577e-01,   -1.1133500375e-02,    3.1020000577e-01,    9.8489999771e+00,    3.1020000577e-01,   -4.1178800166e-03,
    3.1130000949e-01,   -1.0884899646e-02,    3.1130000949e-01,    9.9511604309e+00,    3.1130000949e-01,   -9.1286897659e-03,
    3.1240001321e-01,   -9.2377997935e-03,    3.1240001321e-01,    1.0089699745e+01,    3.1240001321e-01,   -4.9996199086e-03,
    3.1349998713e-01,   -7.8472997993e-03,    3.1349998713e-01,    1.0201000214e+01,    3.1349998713e-01,   -4.0881200694e-03,
    3.1459999084e-01,   -1.3232500292e-02,    3.1459999084e-01,    1.0313300133e+01,    3.1459999084e-01,   -8.9780800045e-04,
    3.1569999456e-01,   -1.3228300028e-02,    3.1569999456e-01,    1.0441100121e+01,    3.1569999456e-01,   -8.4076600615e-04,
    3.1679999828e-01,   -1.6861300915e-02,    3.1679999828e-01,    1.0582400322e+01,    3.1679999828e-01,   -7.5162202120e-04,
    3.1790000200e-01,   -9.8048998043e-03,    3.1790000200e-01,    1.0708499908e+01,    3.1790000200e-01,   -1.4210599475e-03,
    3.1900000572e-01,   -6.7876898684e-03,    3.1900000572e-01,    1.0901200294e+01,    3.1900000572e-01,    4.5052298810e-04,
    3.2010000944e-01,   -1.1874699965e-02,    3.2010000944e-01,    1.1127400398e+01,    3.2010000944e-01,    2.5517900940e-03,
    3.2120001316e-01,    3.4922698978e-03,    3.2120001316e-01,    1.1264800072e+01,    3.2120001316e-01,   -4.9659400247e-03,
    3.2229998708e-01,    3.2756000292e-03,    3.2229998708e-01,    1.1413800240e+01,    3.2229998708e-01,   -1.1171000078e-02,
    3.2339999080e-01,   -1.8122799695e-02,    3.2339999080e-01,    1.1604000092e+01,    3.2339999080e-01,   -1.9531799480e-02,
    3.2449999452e-01,   -1.0165600106e-02,    3.2449999452e-01,    1.1834500313e+01,    3.2449999452e-01,   -7.6368101873e-03,
    3.2559999824e-01,   -8.2765500993e-03,    3.2559999824e-01,    1.2061100006e+01,    3.2559999824e-01,    7.5342401396e-04,
    3.2670000196e-01,   -1.0774199851e-02,    3.2670000196e-01,    1.2246399879e+01,    3.2670000196e-01,   -6.0844398104e-04,
    3.2780000567e-01,   -1.2461000122e-02,    3.2780000567e-01,    1.2387900352e+01,    3.2780000567e-01,    2.5712999050e-03,
    3.2890000939e-01,   -8.8529000059e-03,    3.2890000939e-01,    1.2550600052e+01,    3.2890000939e-01,   -8.3841597661e-03,
    3.3000001311e-01,   -1.4441600069e-02,    3.3000001311e-01,    1.2703399658e+01,    3.3000001311e-01,   -8.2990303636e-03,
    3.3109998703e-01,   -1.5065699816e-02,    3.3109998703e-01,    1.2873399734e+01,    3.3109998703e-01,   -2.9853801243e-04,
    3.3219999075e-01,   -2.2079000250e-02,    3.3219999075e-01,    1.3055999756e+01,    3.3219999075e-01,    5.6316200644e-03,
    3.3329999447e-01,   -1.1475600302e-02,    3.3329999447e-01,    1.3227199554e+01,    3.3329999447e-01,    2.7122499887e-03,
    3.3439999819e-01,   -1.6058599576e-02,    3.3439999819e-01,    1.3422499657e+01,    3.3439999819e-01,   -2.4563900661e-03,
    3.3550000191e-01,   -1.6316199675e-02,    3.3550000191e-01,    1.3573699951e+01,    3.3550000191e-01,    1.8383399583e-03,
    3.3660000563e-01,   -1.7083099112e-02,    3.3660000563e-01,    1.3699799538e+01,    3.3660000563e-01,    1.3592200354e-02,
    3.3770000935e-01,   -4.4487197883e-03,    3.3770000935e-01,    1.3865699768e+01,    3.3770000935e-01,    1.7286300659e-02,
    3.3880001307e-01,   -1.8665600568e-02,    3.3880001307e-01,    1.3904000282e+01,    3.3880001307e-01,    1.7885899171e-02,
    3.3989998698e-01,   -1.8632899970e-02,    3.3989998698e-01,    1.3989299774e+01,    3.3989998698e-01,    1.5960700810e-02,
    3.4099999070e-01,   -1.1481200345e-02,    3.4099999070e-01,    1.4114399910e+01,    3.4099999070e-01,    1.2442000210e-02,
    3.4209999442e-01,    2.0554799994e-04,    3.4209999442e-01,    1.4270299911e+01,    3.4209999442e-01,    7.9738600180e-03,
    3.4319999814e-01,   -2.8231700417e-03,    3.4319999814e-01,    1.4435199738e+01,    3.4319999814e-01,    3.0200800393e-03,
    3.4430000186e-01,   -6.8069701083e-03,    3.4430000186e-01,    1.4604599953e+01,    3.4430000186e-01,    1.9576300401e-03,
    3.4540000558e-01,   -8.7639801204e-03,    3.4540000558e-01,    1.4758899689e+01,    3.4540000558e-01,    4.5482898131e-03,
    3.4650000930e-01,   -1.1425400153e-02,    3.4650000930e-01,    1.4868499756e+01,    3.4650000930e-01,    7.5770998374e-03,
    3.4760001302e-01,   -7.0043099113e-03,    3.4760001302e-01,    1.5010600090e+01,    3.4760001302e-01,    1.2348599732e-02,
    3.4869998693e-01,   -2.0636400208e-02,    3.4869998693e-01,    1.5129400253e+01,    3.4869998693e-01,   -1.3740799623e-03,
    3.4979999065e-01,   -1.5819499269e-02,    3.4979999065e-01,    1.5248600006e+01,    3.4979999065e-01,   -2.1969599184e-03,
    3.5089999437e-01,    7.0257899351e-03,    3.5089999437e-01,    1.5382100105e+01,    3.5089999437e-01,   -5.8732498437e-03,
    3.5199999809e-01,   -9.6803298220e-03,    3.5199999809e-01,    1.5506699562e+01,    3.5199999809e-01,   -5.0848498940e-03,
    3.5310000181e-01,   -1.5552899800e-02,    3.5310000181e-01,    1.5667300224e+01,    3.5310000181e-01,   -1.1863400228e-02,
    3.5420000553e-01,   -1.5914000571e-02,    3.5420000553e-01,    1.5838600159e+01,    3.5420000553e-01,   -8.6411098018e-03,
    3.5530000925e-01,   -3.3080298454e-02,    3.5530000925e-01,    1.6018600464e+01,    3.5530000925e-01,   -7.7245701104e-03,
    3.5640001297e-01,   -2.4374900386e-02,    3.5640001297e-01,    1.6192100525e+01,    3.5640001297e-01,    1.0855900124e-02,
    3.5749998689e-01,   -1.1133999564e-02,    3.5749998689e-01,    1.6337099075e+01,    3.5749998689e-01,   -3.6771800369e-03,
    3.5859999061e-01,   -2.7550000697e-02,    3.5859999061e-01,    1.6569700241e+01,    3.5859999061e-01,   -6.2239398248e-03,
    3.5969999433e-01,   -6.4117200673e-02,    3.5969999433e-01,    1.6824899673e+01,    3.5969999433e-01,   -2.8384100646e-02,
    3.6079999804e-01,   -3.5735201091e-02,    3.6079999804e-01,    1.7060100555e+01,    3.6079999804e-01,   -2.2244799882e-02,
    3.6190000176e-01,   -3.7637598813e-02,    3.6190000176e-01,    1.7227800369e+01,    3.6190000176e-01,   -1.4859300107e-02,
    3.6300000548e-01,   -1.6276299953e-02,    3.6300000548e-01,    1.7391500473e+01,    3.6300000548e-01,   -2.4772599339e-02,
    3.6410000920e-01,    1.5062700259e-03,    3.6410000920e-01,    1.7565799713e+01,    3.6410000920e-01,   -1.2216700241e-02,
    3.6520001292e-01,   -1.3375700451e-02,    3.6520001292e-01,    1.7739599228e+01,    3.6520001292e-01,   -1.6593700275e-02,
    3.6629998684e-01,   -3.4271501005e-02,    3.6629998684e-01,    1.7902500153e+01,    3.6629998684e-01,    2.9823998921e-03,
    3.6739999056e-01,   -1.7536299303e-02,    3.6739999056e-01,    1.8128799438e+01,    3.6739999056e-01,   -1.5453600325e-02,
    3.6849999428e-01,   -2.2034399211e-02,    3.6849999428e-01,    1.8302299500e+01,    3.6849999428e-01,   -2.3645600304e-03,
    3.6959999800e-01,   -1.1228499934e-02,    3.6959999800e-01,    1.8479400635e+01,    3.6959999800e-01,   -2.3002099246e-02,
    3.7070000172e-01,   -1.2602499686e-02,    3.7070000172e-01,    1.8630899429e+01,    3.7070000172e-01,   -1.0927000083e-02,
    3.7180000544e-01,   -6.8704700097e-03,    3.7180000544e-01,    1.8759700775e+01,    3.7180000544e-01,   -1.6194000840e-02,
    3.7290000916e-01,   -2.1407300606e-02,    3.7290000916e-01,    1.8919500351e+01,    3.7290000916e-01,   -8.1553701311e-03,
    3.7400001287e-01,   -1.9797500223e-02,    3.7400001287e-01,    1.9079799652e+01,    3.7400001287e-01,   -1.0924699716e-02,
    3.7509998679e-01,   -2.3097999394e-02,    3.7509998679e-01,    1.9251399994e+01,    3.7509998679e-01,   -1.2952400139e-03,
    3.7619999051e-01,   -2.4296000600e-02,    3.7619999051e-01,    1.9427600861e+01,    3.7619999051e-01,    4.5937700197e-03,
    3.7729999423e-01,   -1.9639000297e-02,    3.7729999423e-01,    1.9694900513e+01,    3.7729999423e-01,   -3.6841200199e-03,
    3.7839999795e-01,   -2.2577699274e-02,    3.7839999795e-01,    1.9942600250e+01,    3.7839999795e-01,   -1.1814200319e-02,
    3.7950000167e-01,   -1.2366199866e-02,    3.7950000167e-01,    2.0160499573e+01,    3.7950000167e-01,   -1.0067800060e-02,
    3.8060000539e-01,   -2.1192999557e-02,    3.8060000539e-01,    2.0339099884e+01,    3.8060000539e-01,    2.0386799588e-04,
    3.8170000911e-01,   -9.5277596265e-03,    3.8170000911e-01,    2.0478300095e+01,    3.8170000911e-01,   -1.3632100308e-03,
    3.8280001283e-01,   -1.7345899716e-02,    3.8280001283e-01,    2.0596900940e+01,    3.8280001283e-01,    2.9392600991e-03,
    3.8389998674e-01,   -1.6164999455e-02,    3.8389998674e-01,    2.0650899887e+01,    3.8389998674e-01,    1.9470900297e-03,
    3.8499999046e-01,   -1.8971800804e-02,    3.8499999046e-01,    2.0662200928e+01,    3.8499999046e-01,    6.5825199708e-03,
    3.8609999418e-01,   -1.5474299900e-02,    3.8609999418e-01,    2.0662599564e+01,    3.8609999418e-01,   -1.3319199905e-02,
    3.8719999790e-01,   -2.3226000369e-02,    3.8719999790e-01,    2.0612600327e+01,    3.8719999790e-01,   -1.0228199884e-02,
    3.8830000162e-01,   -1.7524700612e-02,    3.8830000162e-01,    2.0637399673e+01,    3.8830000162e-01,   -1.4336699620e-02,
    3.8940000534e-01,   -1.8685499206e-02,    3.8940000534e-01,    2.0630199432e+01,    3.8940000534e-01,   -1.3805599883e-02,
    3.9050000906e-01,   -1.2347600423e-02,    3.9050000906e-01,    2.0691499710e+01,    3.9050000906e-01,   -1.9743299112e-02,
    3.9160001278e-01,   -2.7983099222e-02,    3.9160001278e-01,    2.0706199646e+01,    3.9160001278e-01,   -1.5191000421e-03,
    3.9269998670e-01,   -2.2830199450e-02,    3.9269998670e-01,    2.0737699509e+01,    3.9269998670e-01,    5.2631702274e-03,
    3.9379999042e-01,    3.5707298666e-02,    3.9379999042e-01,    2.0817499161e+01,    3.9379999042e-01,    1.7083199695e-02,
    3.9489999413e-01,   -7.1165100671e-03,    3.9489999413e-01,    2.0836200714e+01,    3.9489999413e-01,    1.9224300049e-03,
    3.9599999785e-01,   -8.7573602796e-02,    3.9599999785e-01,    2.0827800751e+01,    3.9599999785e-01,   -2.5665000430e-04,
    3.9710000157e-01,   -1.0201200098e-01,    3.9710000157e-01,    2.0831899643e+01,    3.9710000157e-01,   -1.0847900063e-02,
    3.9820000529e-01,   -6.9412298501e-02,    3.9820000529e-01,    2.0874099731e+01,    3.9820000529e-01,   -3.5041100346e-03,
    3.9930000901e-01,   -5.9628199786e-02,    3.9930000901e-01,    2.0947200775e+01,    3.9930000901e-01,   -2.9289800674e-02,
    4.0040001273e-01,   -5.5461801589e-02,    4.0040001273e-01,    2.1155399323e+01,    4.0040001273e-01,   -3.2967999578e-02,
    4.0149998665e-01,   -6.0938201845e-02,    4.0149998665e-01,    2.1294700623e+01,    4.0149998665e-01,   -4.6668700874e-02,
    4.0259999037e-01,   -5.1272798330e-02,    4.0259999037e-01,    2.1532800674e+01,    4.0259999037e-01,   -2.6448499411e-02,
    4.0369999409e-01,   -4.3767098337e-02,    4.0369999409e-01,    2.1844999313e+01,    4.0369999409e-01,   -2.4180600420e-02,
    4.0479999781e-01,   -3.2167900354e-02,    4.0479999781e-01,    2.2152500153e+01,    4.0479999781e-01,   -1.7596999183e-02,
    4.0590000153e-01,   -5.9323899448e-02,    4.0590000153e-01,    2.2445100784e+01,    4.0590000153e-01,   -2.2062400356e-02,
    4.0700000525e-01,   -7.8544497490e-02,    4.0700000525e-01,    2.2717699051e+01,    4.0700000525e-01,   -2.3254200816e-02,
    4.0810000896e-01,   -6.0864400119e-02,    4.0810000896e-01,    2.2984800339e+01,    4.0810000896e-01,   -3.4026899375e-03,
    4.0920001268e-01,   -1.0830900073e-01,    4.0920001268e-01,    2.3251399994e+01,    4.0920001268e-01,   -2.5854599662e-03,
    4.1029998660e-01,   -5.9032298625e-02,    4.1029998660e-01,    2.3483999252e+01,    4.1029998660e-01,    4.5491000637e-03,
    4.1139999032e-01,   -4.2151898146e-02,    4.1139999032e-01,    2.3863000870e+01,    4.1139999032e-01,    5.0763301551e-03,
    4.1249999404e-01,   -3.2627798617e-02,    4.1249999404e-01,    2.4212299347e+01,    4.1249999404e-01,    1.0964099783e-03,
    4.1359999776e-01,   -2.6035999879e-02,    4.1359999776e-01,    2.4516899109e+01,    4.1359999776e-01,   -1.7347700894e-02,
    4.1470000148e-01,   -2.6263900101e-02,    4.1470000148e-01,    2.4778099060e+01,    4.1470000148e-01,   -1.8680300564e-02,
    4.1580000520e-01,   -3.1963199377e-02,    4.1580000520e-01,    2.5008300781e+01,    4.1580000520e-01,   -3.1443499029e-02,
    4.1690000892e-01,   -2.1410500631e-02,    4.1690000892e-01,    2.5190000534e+01,    4.1690000892e-01,   -3.5041999072e-02,
    4.1800001264e-01,   -3.2141599804e-02,    4.1800001264e-01,    2.5335899353e+01,    4.1800001264e-01,   -5.2237000316e-02,
    4.1909998655e-01,   -3.4927800298e-02,    4.1909998655e-01,    2.5505500793e+01,    4.1909998655e-01,   -6.3612297177e-02,
    4.2019999027e-01,   -4.1018500924e-02,    4.2019999027e-01,    2.5704500198e+01,    4.2019999027e-01,   -6.3436798751e-02,
    4.2129999399e-01,   -5.0737500191e-02,    4.2129999399e-01,    2.5895399094e+01,    4.2129999399e-01,   -5.8227598667e-02,
    4.2239999771e-01,   -4.8879299313e-02,    4.2239999771e-01,    2.6026199341e+01,    4.2239999771e-01,   -5.1309999079e-02,
    4.2350000143e-01,   -7.4738398194e-02,    4.2350000143e-01,    2.6285699844e+01,    4.2350000143e-01,   -4.5724600554e-02,
    4.2460000515e-01,   -4.4099200517e-02,    4.2460000515e-01,    2.6534000397e+01,    4.2460000515e-01,   -9.6320295706e-03,
    4.2570000887e-01,   -4.5757699758e-02,    4.2570000887e-01,    2.6813299179e+01,    4.2570000887e-01,    1.1880799866e-04,
    4.2680001259e-01,   -6.4053900540e-02,    4.2680001259e-01,    2.7119499207e+01,    4.2680001259e-01,    5.9130000882e-03,
    4.2789998651e-01,   -2.5427699089e-02,    4.2789998651e-01,    2.7496999741e+01,    4.2789998651e-01,    2.5109300390e-02,
    4.2899999022e-01,   -5.3893800825e-02,    4.2899999022e-01,    2.7930999756e+01,    4.2899999022e-01,    3.0917199329e-02,
    4.3009999394e-01,   -1.5639400110e-02,    4.3009999394e-01,    2.8371099472e+01,    4.3009999394e-01,    2.7788599953e-02,
    4.3119999766e-01,   -5.2709199488e-02,    4.3119999766e-01,    2.8788299561e+01,    4.3119999766e-01,    3.2931499183e-02,
    4.3230000138e-01,   -5.2174601704e-02,    4.3230000138e-01,    2.9201400757e+01,    4.3230000138e-01,    2.5548299775e-02,
    4.3340000510e-01,   -3.3095400780e-02,    4.3340000510e-01,    2.9609399796e+01,    4.3340000510e-01,    4.2942401022e-02,
    4.3450000882e-01,   -4.4046498835e-02,    4.3450000882e-01,    3.0068799973e+01,    4.3450000882e-01,    1.2329099700e-02,
    4.3560001254e-01,   -1.5923999250e-02,    4.3560001254e-01,    3.0526699066e+01,    4.3560001254e-01,   -2.7856600937e-03,
    4.3669998646e-01,   -3.3342599869e-02,    4.3669998646e-01,    3.0945499420e+01,    4.3669998646e-01,    5.5697401986e-03,
    4.3779999018e-01,   -2.5008900091e-02,    4.3779999018e-01,    3.1441499710e+01,    4.3779999018e-01,    4.6386201866e-03,
    4.3889999390e-01,   -4.6966299415e-02,    4.3889999390e-01,    3.1811599731e+01,    4.3889999390e-01,    2.8686799109e-02,
    4.3999999762e-01,    2.4236500263e-02,    4.3999999762e-01,    3.2266101837e+01,    4.3999999762e-01,    2.3784300312e-02,
    4.4110000134e-01,   -2.2694800049e-02,    4.4110000134e-01,    3.2585399628e+01,    4.4110000134e-01,    6.4334899187e-02,
    4.4220000505e-01,   -1.4846299775e-02,    4.4220000505e-01,    3.2909500122e+01,    4.4220000505e-01,    5.1069900393e-02,
    4.4330000877e-01,   -1.3769799843e-02,    4.4330000877e-01,    3.3188598633e+01,    4.4330000877e-01,    2.3087199777e-02,
    4.4440001249e-01,    4.0720701218e-02,    4.4440001249e-01,    3.3287601471e+01,    4.4440001249e-01,   -1.1966499733e-03,
    4.4549998641e-01,    6.8618297577e-02,    4.4549998641e-01,    3.3461700439e+01,    4.4549998641e-01,    6.8403100595e-03,
    4.4659999013e-01,    4.9958199263e-02,    4.4659999013e-01,    3.3404098511e+01,    4.4659999013e-01,    2.4698199704e-02,
    4.4769999385e-01,    3.1471900642e-02,    4.4769999385e-01,    3.3552501678e+01,    4.4769999385e-01,    5.3991898894e-02,
    4.4879999757e-01,    3.8345098495e-02,    4.4879999757e-01,    3.3597400665e+01,    4.4879999757e-01,    5.4570998996e-02,
    4.4990000129e-01,   -3.2686501741e-02,    4.4990000129e-01,    3.3725200653e+01,    4.4990000129e-01,    7.8006103635e-02,
    4.5100000501e-01,   -2.9862500727e-02,    4.5100000501e-01,    3.3689201355e+01,    4.5100000501e-01,    6.7233599722e-02,
    4.5210000873e-01,   -5.9435501695e-02,    4.5210000873e-01,    3.3597499847e+01,    4.5210000873e-01,    6.9108903408e-02,
    4.5320001245e-01,   -4.6267598867e-02,    4.5320001245e-01,    3.3535499573e+01,    4.5320001245e-01,    5.2647501230e-02,
    4.5429998636e-01,   -2.9026299715e-02,    4.5429998636e-01,    3.3358798981e+01,    4.5429998636e-01,    4.5314200222e-02,
    4.5539999008e-01,   -4.6978801489e-02,    4.5539999008e-01,    3.3290699005e+01,    4.5539999008e-01,    2.8854200616e-02,
    4.5649999380e-01,   -3.2104399055e-02,    4.5649999380e-01,    3.3137699127e+01,    4.5649999380e-01,    2.4846099317e-02,
    4.5759999752e-01,   -3.8928300142e-02,    4.5759999752e-01,    3.3067001343e+01,    4.5759999752e-01,    3.6411900073e-02,
    4.5870000124e-01,   -5.5713001639e-02,    4.5870000124e-01,    3.2973098755e+01,    4.5870000124e-01,    2.9536899179e-02,
    4.5980000496e-01,   -2.4539299309e-02,    4.5980000496e-01,    3.2718399048e+01,    4.5980000496e-01,   -4.0959501639e-03,
    4.6090000868e-01,    3.0648600310e-02,    4.6090000868e-01,    3.2556800842e+01,    4.6090000868e-01,   -9.3281799927e-03,
    4.6200001240e-01,    9.9853202701e-02,    4.6200001240e-01,    3.2457000732e+01,    4.6200001240e-01,    6.3825501129e-03,
    4.6309998631e-01,    7.8284196556e-02,    4.6309998631e-01,    3.2367500305e+01,    4.6309998631e-01,    2.0477900282e-02,
    4.6419999003e-01,    7.1094900370e-02,    4.6419999003e-01,    3.2234199524e+01,    4.6419999003e-01,    2.0486699417e-02,
    4.6529999375e-01,    7.4795700610e-02,    4.6529999375e-01,    3.2177501678e+01,    4.6529999375e-01,    2.6053100824e-02,
    4.6639999747e-01,    4.2231798172e-02,    4.6639999747e-01,    3.2138401031e+01,    4.6639999747e-01,    3.0134299770e-02,
    4.6750000119e-01,    3.9877798408e-02,    4.6750000119e-01,    3.1961500168e+01,    4.6750000119e-01,    4.5732598752e-02,
    4.6860000491e-01,    3.1397100538e-02,    4.6860000491e-01,    3.1879499435e+01,    4.6860000491e-01,    4.4698201120e-02,
    4.6970000863e-01,   -5.7492898777e-03,    4.6970000863e-01,    3.1768299103e+01,    4.6970000863e-01,    5.4262999445e-02,
    4.7080001235e-01,    2.3124499246e-02,    4.7080001235e-01,    3.1659299850e+01,    4.7080001235e-01,    5.4127100855e-02,
    4.7189998627e-01,   -2.2998100147e-02,    4.7189998627e-01,    3.1234199524e+01,    4.7189998627e-01,    4.4985301793e-02,
    4.7299998999e-01,   -1.8711000681e-02,    4.7299998999e-01,    3.1211200714e+01,    4.7299998999e-01,    5.2606198937e-02,
    4.7409999371e-01,   -5.9675898403e-02,    4.7409999371e-01,    3.1370700836e+01,    4.7409999371e-01,    8.6335696280e-02,
    4.7519999743e-01,   -5.3339701146e-02,    4.7519999743e-01,    3.1578199387e+01,    4.7519999743e-01,    7.9947598279e-02,
    4.7630000114e-01,   -3.4909401089e-02,    4.7630000114e-01,    3.1795099258e+01,    4.7630000114e-01,    9.4794601202e-02,
    4.7740000486e-01,   -6.9678202271e-03,    4.7740000486e-01,    3.2057098389e+01,    4.7740000486e-01,    8.6499601603e-02,
    4.7850000858e-01,    5.7301102206e-03,    4.7850000858e-01,    3.2312000275e+01,    4.7850000858e-01,    9.0452700853e-02,
    4.7960001230e-01,   -2.0903900266e-02,    4.7960001230e-01,    3.2571899414e+01,    4.7960001230e-01,    8.8255003095e-02,
    4.8069998622e-01,   -2.2951699793e-02,    4.8069998622e-01,    3.2796798706e+01,    4.8069998622e-01,    7.3190100491e-02,
    4.8179998994e-01,    1.7032499891e-03,    4.8179998994e-01,    3.3260398865e+01,    4.8179998994e-01,    9.1214798391e-02,
    4.8289999366e-01,    6.0321900994e-02,    4.8289999366e-01,    3.3685901642e+01,    4.8289999366e-01,    8.6612500250e-02,
    4.8399999738e-01,    2.1936299279e-02,    4.8399999738e-01,    3.4028198242e+01,    4.8399999738e-01,    8.0366000533e-02,
    4.8510000110e-01,    2.3721000180e-02,    4.8510000110e-01,    3.4085899353e+01,    4.8510000110e-01,    1.0477700084e-01,
    4.8620000482e-01,    2.3474799469e-02,    4.8620000482e-01,    3.4551700592e+01,    4.8620000482e-01,    1.0443799943e-01,
    4.8730000854e-01,    5.5217001587e-02,    4.8730000854e-01,    3.4954399109e+01,    4.8730000854e-01,    7.7941998839e-02,
    4.8840001225e-01,    9.1594502330e-02,    4.8840001225e-01,    3.5603801727e+01,    4.8840001225e-01,    9.3774698675e-02,
    4.8949998617e-01,    8.3263397217e-02,    4.8949998617e-01,    3.6176498413e+01,    4.8949998617e-01,    6.1181098223e-02,
    4.9059998989e-01,    1.1322700232e-01,    4.9059998989e-01,    3.6702999115e+01,    4.9059998989e-01,    9.5851197839e-02,
    4.9169999361e-01,    4.1742000729e-02,    4.9169999361e-01,    3.7153900146e+01,    4.9169999361e-01,    5.4206799716e-02,
    4.9279999733e-01,    8.7681800127e-02,    4.9279999733e-01,    3.7579799652e+01,    4.9279999733e-01,    8.7153896689e-02,
    4.9390000105e-01,    4.0878698230e-02,    4.9390000105e-01,    3.8041000366e+01,    4.9390000105e-01,    7.8222796321e-02,
    4.9500000477e-01,    7.7761501074e-02,    4.9500000477e-01,    3.8392398834e+01,    4.9500000477e-01,    5.2067000419e-02,
    4.9610000849e-01,    3.2176800072e-02,    4.9610000849e-01,    3.8744701385e+01,    4.9610000849e-01,    7.1113802493e-02,
    4.9720001221e-01,    7.2507798672e-02,    4.9720001221e-01,    3.9218601227e+01,    4.9720001221e-01,    5.1268700510e-02,
    4.9829998612e-01,    3.3327899873e-02,    4.9829998612e-01,    3.9612300873e+01,    4.9829998612e-01,    6.5659701824e-02,
    4.9939998984e-01,    5.0891101360e-02,    4.9939998984e-01,    4.0034000397e+01,    4.9939998984e-01,    3.7136100233e-02,
    5.0050002337e-01,    5.5650498718e-02,    5.0050002337e-01,    4.0390399933e+01,    5.0050002337e-01,    4.8307999969e-02,
    5.0160002708e-01,    5.5161401629e-02,    5.0160002708e-01,    4.0738800049e+01,    5.0160002708e-01,    2.2601900622e-02,
    5.0269997120e-01,    6.6042102873e-02,    5.0269997120e-01,    4.1012100220e+01,    5.0269997120e-01,    1.8601000309e-02,
    5.0379997492e-01,    5.2013900131e-02,    5.0379997492e-01,    4.1353000641e+01,    5.0379997492e-01,    1.5826899558e-02,
    5.0489997864e-01,    1.1278700083e-01,    5.0489997864e-01,    4.1701698303e+01,    5.0489997864e-01,    5.4366901517e-02,
    5.0599998236e-01,    7.7835299075e-02,    5.0599998236e-01,    4.2199798584e+01,    5.0599998236e-01,    5.2225001156e-02,
    5.0709998608e-01,    1.0197400302e-01,    5.0709998608e-01,    4.2521499634e+01,    5.0709998608e-01,    8.6061701179e-02,
    5.0819998980e-01,    7.2743996978e-02,    5.0819998980e-01,    4.2884700775e+01,    5.0819998980e-01,    8.6590997875e-02,
    5.0929999352e-01,    6.9045796990e-02,    5.0929999352e-01,    4.3281700134e+01,    5.0929999352e-01,    1.1415600032e-01,
    5.1039999723e-01,    5.0073899329e-02,    5.1039999723e-01,    4.3516300201e+01,    5.1039999723e-01,    1.0119500011e-01,
    5.1150000095e-01,    3.6600101739e-02,    5.1150000095e-01,    4.3717800140e+01,    5.1150000095e-01,    1.3450199366e-01,
    5.1260000467e-01,    3.2100901008e-02,    5.1260000467e-01,    4.3866699219e+01,    5.1260000467e-01,    1.6952300072e-01,
    5.1370000839e-01,   -3.0229000375e-02,    5.1370000839e-01,    4.3999900818e+01,    5.1370000839e-01,    1.7761200666e-01,
    5.1480001211e-01,    7.2531297803e-02,    5.1480001211e-01,    4.4024101257e+01,    5.1480001211e-01,    1.8333700299e-01,
    5.1590001583e-01,    2.4942299351e-02,    5.1590001583e-01,    4.4094100952e+01,    5.1590001583e-01,    1.9031900167e-01,
    5.1700001955e-01,    1.5255899727e-01,    5.1700001955e-01,    4.4176898956e+01,    5.1700001955e-01,    1.3205599785e-01,
    5.1810002327e-01,    1.0122600198e-01,    5.1810002327e-01,    4.4239898682e+01,    5.1810002327e-01,    1.5594300628e-01,
    5.1920002699e-01,    7.9309597611e-02,    5.1920002699e-01,    4.4166900635e+01,    5.1920002699e-01,    1.4568099380e-01,
    5.2029997110e-01,   -1.3448400423e-02,    5.2029997110e-01,    4.4221298218e+01,    5.2029997110e-01,    1.4566099644e-01,
    5.2139997482e-01,   -2.3152599111e-02,    5.2139997482e-01,    4.4107898712e+01,    5.2139997482e-01,    1.4830100536e-01,
    5.2249997854e-01,   -9.1969296336e-03,    5.2249997854e-01,    4.4124298096e+01,    5.2249997854e-01,    1.2823300064e-01,
    5.2359998226e-01,   -5.9822399169e-02,    5.2359998226e-01,    4.4064300537e+01,    5.2359998226e-01,    1.8637700379e-01,
    5.2469998598e-01,   -1.4961699955e-02,    5.2469998598e-01,    4.4098400116e+01,    5.2469998598e-01,    1.7481699586e-01,
    5.2579998970e-01,   -5.0593301654e-02,    5.2579998970e-01,    4.4177501678e+01,    5.2579998970e-01,    1.9332799315e-01,
    5.2689999342e-01,    1.1605599895e-02,    5.2689999342e-01,    4.4260299683e+01,    5.2689999342e-01,    1.3871400058e-01,
    5.2799999714e-01,   -3.3501200378e-02,    5.2799999714e-01,    4.4538600922e+01,    5.2799999714e-01,    1.8271799386e-01,
    5.2910000086e-01,   -3.1742300838e-02,    5.2910000086e-01,    4.4876098633e+01,    5.2910000086e-01,    9.3844898045e-02,
    5.3020000458e-01,   -4.5283801854e-02,    5.3020000458e-01,    4.5004901886e+01,    5.3020000458e-01,    1.3697500527e-01,
    5.3130000830e-01,   -6.0938298702e-02,    5.3130000830e-01,    4.5164398193e+01,    5.3130000830e-01,    6.3794702291e-02,
    5.3240001202e-01,   -1.7588900402e-02,    5.3240001202e-01,    4.5255401611e+01,    5.3240001202e-01,    8.6696602404e-02,
    5.3350001574e-01,   -5.1377698779e-02,    5.3350001574e-01,    4.5377399445e+01,    5.3350001574e-01,    3.9929699153e-02,
    5.3460001945e-01,    2.9290700331e-02,    5.3460001945e-01,    4.5455600739e+01,    5.3460001945e-01,    5.8532901108e-02,
    5.3570002317e-01,   -1.0735800117e-01,    5.3570002317e-01,    4.5540100098e+01,    5.3570002317e-01,    4.4973999262e-02,
    5.3680002689e-01,   -1.7202299088e-02,    5.3680002689e-01,    4.5780899048e+01,    5.3680002689e-01,    2.4119000882e-02,
    5.3789997101e-01,   -6.4753800631e-02,    5.3789997101e-01,    4.5918098450e+01,    5.3789997101e-01,    6.3358298503e-03,
    5.3899997473e-01,    3.2313000411e-02,    5.3899997473e-01,    4.5804599762e+01,    5.3899997473e-01,   -2.0029399544e-02,
    5.4009997845e-01,    2.7867099270e-02,    5.4009997845e-01,    4.5601001740e+01,    5.4009997845e-01,   -4.6609699726e-02,
    5.4119998217e-01,    4.4109698385e-02,    5.4119998217e-01,    4.5487201691e+01,    5.4119998217e-01,   -6.4651496708e-02,
    5.4229998589e-01,    3.2514598221e-02,    5.4229998589e-01,    4.5422298431e+01,    5.4229998589e-01,   -7.5785197318e-02,
    5.4339998960e-01,   -5.4513201118e-02,    5.4339998960e-01,    4.5338199615e+01,    5.4339998960e-01,   -9.9119298160e-02,
    5.4449999332e-01,    8.7333597243e-02,    5.4449999332e-01,    4.5243598938e+01,    5.4449999332e-01,   -1.1750499904e-01,
    5.4559999704e-01,   -3.9283800870e-02,    5.4559999704e-01,    4.5204200745e+01,    5.4559999704e-01,   -1.7845800519e-01,
    5.4670000076e-01,   -2.9001099989e-02,    5.4670000076e-01,    4.5177101135e+01,    5.4670000076e-01,   -1.6613300145e-01,
    5.4780000448e-01,   -9.9416300654e-02,    5.4780000448e-01,    4.5028999329e+01,    5.4780000448e-01,   -2.5372898579e-01,
    5.4890000820e-01,    1.4995999634e-02,    5.4890000820e-01,    4.5057701111e+01,    5.4890000820e-01,   -2.7639099956e-01,
    5.5000001192e-01,    6.6813500598e-03,    5.5000001192e-01,    4.5090099335e+01,    5.5000001192e-01,   -3.1099599600e-01,
    5.5110001564e-01,    3.8522901013e-04,    5.5110001564e-01,    4.5207000732e+01,    5.5110001564e-01,   -2.9492300749e-01,
    5.5220001936e-01,    1.0715699755e-02,    5.5220001936e-01,    4.5324001312e+01,    5.5220001936e-01,   -2.8562799096e-01,
    5.5330002308e-01,    3.5814501345e-02,    5.5330002308e-01,    4.5409198761e+01,    5.5330002308e-01,   -2.8957799077e-01,
    5.5440002680e-01,    6.7291803658e-02,    5.5440002680e-01,    4.5144401550e+01,    5.5440002680e-01,   -2.6620900631e-01,
    5.5549997091e-01,   -5.3385201842e-02,    5.5549997091e-01,    4.4907699585e+01,    5.5549997091e-01,   -2.5117099285e-01,
    5.5659997463e-01,    4.0603298694e-02,    5.5659997463e-01,    4.4734600067e+01,    5.5659997463e-01,   -2.2412200272e-01,
    5.5769997835e-01,    2.8680799529e-02,    5.5769997835e-01,    4.4491001129e+01,    5.5769997835e-01,   -2.2937799990e-01,
    5.5879998207e-01,    7.7038899064e-02,    5.5879998207e-01,    4.4286800385e+01,    5.5879998207e-01,   -2.1302199364e-01,
    5.5989998579e-01,    6.5017402172e-02,    5.5989998579e-01,    4.3917301178e+01,    5.5989998579e-01,   -1.6408899426e-01,
    5.6099998951e-01,    2.6630800217e-02,    5.6099998951e-01,    4.3684898376e+01,    5.6099998951e-01,   -1.4272199571e-01,
    5.6209999323e-01,    2.8093099594e-02,    5.6209999323e-01,    4.3310298920e+01,    5.6209999323e-01,   -1.0153699666e-01,
    5.6319999695e-01,   -3.3509001136e-02,    5.6319999695e-01,    4.3073200226e+01,    5.6319999695e-01,   -7.6353996992e-02,
    5.6430000067e-01,   -3.7815801799e-02,    5.6430000067e-01,    4.2656101227e+01,    5.6430000067e-01,   -5.1284998655e-02,
    5.6540000439e-01,   -1.4545899630e-01,    5.6540000439e-01,    4.2421100616e+01,    5.6540000439e-01,   -6.8465903401e-02,
    5.6650000811e-01,   -7.6443500817e-02,    5.6650000811e-01,    4.2551799774e+01,    5.6650000811e-01,    1.9700699486e-03,
    5.6760001183e-01,   -1.1556000262e-01,    5.6760001183e-01,    4.2428199768e+01,    5.6760001183e-01,    4.4300101697e-02,
    5.6870001554e-01,   -6.7391298711e-02,    5.6870001554e-01,    4.2629100800e+01,    5.6870001554e-01,    4.3251600116e-02,
    5.6980001926e-01,   -4.3623898178e-02,    5.6980001926e-01,    4.2480201721e+01,    5.6980001926e-01,    3.5594299436e-02,
    5.7090002298e-01,   -8.4044197574e-03,    5.7090002298e-01,    4.2450000763e+01,    5.7090002298e-01,    4.5019198209e-02,
    5.7200002670e-01,    7.9862996936e-02,    5.7200002670e-01,    4.2337799072e+01,    5.7200002670e-01,    5.0305098295e-02,
    5.7309997082e-01,    2.7303099632e-02,    5.7309997082e-01,    4.2241199493e+01,    5.7309997082e-01,    2.8837999329e-02,
    5.7419997454e-01,    1.6304700077e-01,    5.7419997454e-01,    4.2384601593e+01,    5.7419997454e-01,    6.6005699337e-02,
    5.7529997826e-01,    9.1583803296e-02,    5.7529997826e-01,    4.2411300659e+01,    5.7529997826e-01,    6.1851698905e-02,
    5.7639998198e-01,    1.7524300516e-01,    5.7639998198e-01,    4.2205398560e+01,    5.7639998198e-01,    6.1935998499e-02,
    5.7749998569e-01,    1.6097900271e-01,    5.7749998569e-01,    4.2626701355e+01,    5.7749998569e-01,    9.0692296624e-02,
    5.7859998941e-01,    1.9373199344e-01,    5.7859998941e-01,    4.3382598877e+01,    5.7859998941e-01,    8.9370697737e-02,
    5.7969999313e-01,    2.7574700117e-01,    5.7969999313e-01,    4.3899898529e+01,    5.7969999313e-01,    1.1956200004e-01,
    5.8079999685e-01,    2.1527400613e-01,    5.8079999685e-01,    4.4551101685e+01,    5.8079999685e-01,    1.3368900120e-01,
    5.8190000057e-01,    2.5409299135e-01,    5.8190000057e-01,    4.5327098846e+01,    5.8190000057e-01,    1.5519399941e-01,
    5.8300000429e-01,    1.7302599549e-01,    5.8300000429e-01,    4.5956100464e+01,    5.8300000429e-01,    1.2798599899e-01,
    5.8410000801e-01,    2.0805400610e-01,    5.8410000801e-01,    4.6955799103e+01,    5.8410000801e-01,    1.4666299522e-01,
    5.8520001173e-01,    1.8225699663e-01,    5.8520001173e-01,    4.7798900604e+01,    5.8520001173e-01,    1.1094599962e-01,
    5.8630001545e-01,    1.9615000486e-01,    5.8630001545e-01,    4.8719398499e+01,    5.8630001545e-01,    1.0724800080e-01,
    5.8740001917e-01,    8.8889099658e-02,    5.8740001917e-01,    4.9219600677e+01,    5.8740001917e-01,    5.9872299433e-02,
    5.8850002289e-01,    1.3549099863e-01,    5.8850002289e-01,    4.9843200684e+01,    5.8850002289e-01,    7.6884098351e-02,
    5.8960002661e-01,    1.6633099318e-01,    5.8960002661e-01,    5.0430801392e+01,    5.8960002661e-01,    2.9630199075e-02,
    5.9069997072e-01,    2.5983399153e-01,    5.9069997072e-01,    5.1054599762e+01,    5.9069997072e-01,    3.8700100034e-02,
    5.9179997444e-01,    2.7678298950e-01,    5.9179997444e-01,    5.1825901031e+01,    5.9179997444e-01,    3.2680399716e-02,
    5.9289997816e-01,    2.5953701138e-01,    5.9289997816e-01,    5.2029499054e+01,    5.9289997816e-01,   -4.6990700066e-03,
    5.9399998188e-01,    3.1008300185e-01,    5.9399998188e-01,    5.2706901550e+01,    5.9399998188e-01,    1.3473300263e-02,
    5.9509998560e-01,    3.1694000959e-01,    5.9509998560e-01,    5.2953498840e+01,    5.9509998560e-01,   -3.5234801471e-02,
    5.9619998932e-01,    3.6978599429e-01,    5.9619998932e-01,    5.3425998688e+01,    5.9619998932e-01,   -6.3390903175e-02,
    5.9729999304e-01,    2.8471198678e-01,    5.9729999304e-01,    5.3543998718e+01,    5.9729999304e-01,   -5.9771198779e-02,
    5.9839999676e-01,    2.0073500276e-01,    5.9839999676e-01,    5.3889301300e+01,    5.9839999676e-01,   -6.8884298205e-02,
    5.9950000048e-01,    1.4622299373e-01,    5.9950000048e-01,    5.4463600159e+01,    5.9950000048e-01,   -2.7977799997e-02,
    6.0060000420e-01,    1.2034299970e-01,    6.0060000420e-01,    5.4761100769e+01,    6.0060000420e-01,   -8.2506299019e-02,
    6.0170000792e-01,    2.4705299735e-01,    6.0170000792e-01,    5.5382198334e+01,    6.0170000792e-01,   -5.4396498948e-02,
    6.0280001163e-01,    3.1272900105e-01,    6.0280001163e-01,    5.5264499664e+01,    6.0280001163e-01,   -7.9659797251e-02,
    6.0390001535e-01,    3.9859300852e-01,    6.0390001535e-01,    5.5730499268e+01,    6.0390001535e-01,   -4.6061098576e-02,
    6.0500001907e-01,    3.6749300361e-01,    6.0500001907e-01,    5.5708099365e+01,    6.0500001907e-01,   -1.0149300098e-01,
    6.0610002279e-01,    5.0312900543e-01,    6.0610002279e-01,    5.5680500031e+01,    6.0610002279e-01,   -4.2389299721e-02,
    6.0720002651e-01,    4.5044600964e-01,    6.0720002651e-01,    5.6124099731e+01,    6.0720002651e-01,   -4.0598198771e-02,
    6.0829997063e-01,    5.4824900627e-01,    6.0829997063e-01,    5.5995601654e+01,    6.0829997063e-01,    2.4501299486e-03,
    6.0939997435e-01,    4.4424998760e-01,    6.0939997435e-01,    5.6158000946e+01,    6.0939997435e-01,   -9.7915902734e-03,
    6.1049997807e-01,    5.6288301945e-01,    6.1049997807e-01,    5.5621200562e+01,    6.1049997807e-01,    3.8946099579e-02,
    6.1159998178e-01,    5.3148800135e-01,    6.1159998178e-01,    5.5666400909e+01,    6.1159998178e-01,    6.9526597857e-02,
    6.1269998550e-01,    6.1499798298e-01,    6.1269998550e-01,    5.5226299286e+01,    6.1269998550e-01,    6.9579496980e-02,
    6.1379998922e-01,    6.1089897156e-01,    6.1379998922e-01,    5.5504600525e+01,    6.1379998922e-01,    1.1281599849e-01,
    6.1489999294e-01,    5.1025599241e-01,    6.1489999294e-01,    5.5727401733e+01,    6.1489999294e-01,    1.5416400135e-01,
    6.1599999666e-01,    6.6609597206e-01,    6.1599999666e-01,    5.5330699921e+01,    6.1599999666e-01,    1.0194200277e-01,
    6.1710000038e-01,    5.1544201374e-01,    6.1710000038e-01,    5.5821399689e+01,    6.1710000038e-01,    1.0642600060e-01,
    6.1820000410e-01,    6.5520697832e-01,    6.1820000410e-01,    5.5717899323e+01,    6.1820000410e-01,    6.6741198301e-02,
    6.1930000782e-01,    4.8580199480e-01,    6.1930000782e-01,    5.6513801575e+01,    6.1930000782e-01,    9.4979703426e-02,
    6.2040001154e-01,    5.4670500755e-01,    6.2040001154e-01,    5.6411998749e+01,    6.2040001154e-01,    1.9312199205e-02,
    6.2150001526e-01,    4.7872099280e-01,    6.2150001526e-01,    5.6679100037e+01,    6.2150001526e-01,    7.4767097831e-02,
    6.2260001898e-01,    4.5905101299e-01,    6.2260001898e-01,    5.6937301636e+01,    6.2260001898e-01,    5.2666001022e-02,
    6.2370002270e-01,    4.7653499246e-01,    6.2370002270e-01,    5.6978900909e+01,    6.2370002270e-01,    8.5513703525e-02,
    6.2480002642e-01,    4.6650499105e-01,    6.2480002642e-01,    5.7824901581e+01,    6.2480002642e-01,    9.8413601518e-03,
    6.2589997053e-01,    5.2299898863e-01,    6.2589997053e-01,    5.7738399506e+01,    6.2589997053e-01,    1.1688300222e-01,
    6.2699997425e-01,    3.1803900003e-01,    6.2699997425e-01,    5.8832401276e+01,    6.2699997425e-01,    5.9203401208e-02,
    6.2809997797e-01,    4.5345300436e-01,    6.2809997797e-01,    5.8553001404e+01,    6.2809997797e-01,    1.0761299729e-01,
    6.2919998169e-01,    3.3660599589e-01,    6.2919998169e-01,    5.8575901031e+01,    6.2919998169e-01,    4.3268300593e-02,
    6.3029998541e-01,    3.6846500635e-01,    6.3029998541e-01,    5.8934799194e+01,    6.3029998541e-01,    8.8327102363e-02,
    6.3139998913e-01,    3.7662199140e-01,    6.3139998913e-01,    5.8776599884e+01,    6.3139998913e-01,    7.8515797853e-02,
    6.3249999285e-01,    3.1103101373e-01,    6.3249999285e-01,    5.9630401611e+01,    6.3249999285e-01,    5.8014299721e-02,
    6.3359999657e-01,    3.9131501317e-01,    6.3359999657e-01,    5.9089698792e+01,    6.3359999657e-01,    1.3066600263e-01,
    6.3470000029e-01,    2.9532700777e-01,    6.3470000029e-01,    6.0185600281e+01,    6.3470000029e-01,    7.8037299216e-02,
    6.3580000401e-01,    4.0939000249e-01,    6.3580000401e-01,    5.9238700867e+01,    6.3580000401e-01,    1.7315399647e-01,
    6.3690000772e-01,    2.4337300658e-01,    6.3690000772e-01,    6.0275501251e+01,    6.3690000772e-01,    1.3867099583e-01,
    6.3800001144e-01,    2.7882000804e-01,    6.3800001144e-01,    5.9971199036e+01,    6.3800001144e-01,    2.0518299937e-01,
    6.3910001516e-01,    2.5536298752e-01,    6.3910001516e-01,    6.0138900757e+01,    6.3910001516e-01,    1.4522600174e-01,
    6.4020001888e-01,    1.6573299468e-01,    6.4020001888e-01,    6.1295898438e+01,    6.4020001888e-01,    1.8712200224e-01,
    6.4130002260e-01,    2.5541600585e-01,    6.4130002260e-01,    6.0696498871e+01,    6.4130002260e-01,    6.4837999642e-02,
    6.4240002632e-01,    1.3331599534e-01,    6.4240002632e-01,    6.2741001129e+01,    6.4240002632e-01,    1.7159999907e-01,
    6.4349997044e-01,    2.4017199874e-01,    6.4349997044e-01,    6.0894401550e+01,    6.4349997044e-01,    5.4935600609e-02,
    6.4459997416e-01,    1.1157699674e-01,    6.4459997416e-01,    6.2292301178e+01,    6.4459997416e-01,    5.9612598270e-02,
    6.4569997787e-01,    2.3995800316e-01,    6.4569997787e-01,    6.1386901855e+01,    6.4569997787e-01,    5.8231800795e-02,
    6.4679998159e-01,    2.3766499758e-01,    6.4679998159e-01,    6.1442501068e+01,    6.4679998159e-01,   -3.0415400397e-03,
    6.4789998531e-01,    1.8178600073e-01,    6.4789998531e-01,    6.2248798370e+01,    6.4789998531e-01,    1.1613399722e-02,
    6.4899998903e-01,    3.7128001451e-01,    6.4899998903e-01,    6.0842201233e+01,    6.4899998903e-01,   -7.3160901666e-02,
    6.5009999275e-01,    1.8979400396e-01,    6.5009999275e-01,    6.2916900635e+01,    6.5009999275e-01,   -5.4373100400e-02,
    6.5119999647e-01,    2.7176898718e-01,    6.5119999647e-01,    6.0317798615e+01,    6.5119999647e-01,   -3.9971001446e-02,
    6.5230000019e-01,    2.5248500705e-01,    6.5230000019e-01,    6.2549800873e+01,    6.5230000019e-01,   -1.0674999654e-01,
    6.5340000391e-01,    1.9314500690e-01,    6.5340000391e-01,    6.0752201080e+01,    6.5340000391e-01,    4.3714601547e-02,
    6.5450000763e-01,    3.0650100112e-01,    6.5450000763e-01,    6.1452899933e+01,    6.5450000763e-01,   -6.4436201937e-03,
    6.5560001135e-01,    1.1808499694e-01,    6.5560001135e-01,    6.1688899994e+01,    6.5560001135e-01,    2.2205099463e-02,
    6.5670001507e-01,    3.5789299011e-01,    6.5670001507e-01,    5.9860000610e+01,    6.5670001507e-01,    3.9175998420e-02,
    6.5780001879e-01,    1.1248599738e-01,    6.5780001879e-01,    6.2423099518e+01,    6.5780001879e-01,    3.1047899276e-02,
    6.5890002251e-01,    3.0878201127e-01,    6.5890002251e-01,    5.8907501221e+01,    6.5890002251e-01,    3.5470098257e-02,
    6.6000002623e-01,    8.4372900426e-02,    6.6000002623e-01,    6.2911998749e+01,    6.6000002623e-01,    5.4739598185e-02,
    6.6109997034e-01,    2.1605899930e-01,    6.6109997034e-01,    5.9986999512e+01,    6.6109997034e-01,    7.5437597930e-02,
    6.6219997406e-01,    4.2007300258e-01,    6.6219997406e-01,    6.2355598450e+01,    6.6219997406e-01,    6.6698901355e-02,
    6.6329997778e-01,    1.6661200672e-02,    6.6329997778e-01,    6.2461399078e+01,    6.6329997778e-01,    6.0226701200e-02,
    6.6439998150e-01,    5.9324198961e-01,    6.6439998150e-01,    6.1136299133e+01,    6.6439998150e-01,    2.5594500825e-02,
    6.6549998522e-01,   -1.1080999672e-01,    6.6549998522e-01,    6.4984100342e+01,    6.6549998522e-01,    7.7954702079e-02,
    6.6659998894e-01,    6.7614001036e-01,    6.6659998894e-01,    5.9751300812e+01,    6.6659998894e-01,    2.3658299819e-02,
    6.6769999266e-01,    8.7114900351e-02,    6.6769999266e-01,    6.5478103638e+01,    6.6769999266e-01,    3.6785200238e-02,
    6.6879999638e-01,    4.5444700122e-01,    6.6879999638e-01,    6.0060699463e+01,    6.6879999638e-01,    5.9741299599e-02,
    6.6990000010e-01,    3.6515399814e-01,    6.6990000010e-01,    6.4362197876e+01,    6.6990000010e-01,   -7.1626700461e-02,
    6.7100000381e-01,    1.3244199753e-01,    6.7100000381e-01,    6.2601898193e+01,    6.7100000381e-01,    4.0152899921e-02,
    6.7210000753e-01,    9.2676997185e-01,    6.7210000753e-01,    6.1622699738e+01,    6.7210000753e-01,   -3.9326898754e-02,
    6.7320001125e-01,   -1.6210299730e-01,    6.7320001125e-01,    6.6233398438e+01,    6.7320001125e-01,    4.1873700917e-02,
    6.7430001497e-01,    1.2187900543e+00,    6.7430001497e-01,    5.9489398956e+01,    6.7430001497e-01,    7.9586900771e-02,
    6.7540001869e-01,   -2.4774900079e-01,    6.7540001869e-01,    6.8157600403e+01,    6.7540001869e-01,   -6.4261399209e-02,
    6.7650002241e-01,    1.1707099676e+00,    6.7650002241e-01,    5.9396701813e+01,    6.7650002241e-01,    1.6367000341e-01,
    6.7760002613e-01,    2.4542799592e-01,    6.7760002613e-01,    6.7075599670e+01,    6.7760002613e-01,   -1.4850200713e-01,
    6.7869997025e-01,    3.0722200871e-01,    6.7869997025e-01,    6.2630901337e+01,    6.7869997025e-01,    1.7686900496e-01,
    6.7979997396e-01,    1.2934700251e+00,    6.7979997396e-01,    6.2802101135e+01,    6.7979997396e-01,   -6.1524000019e-02,
    6.8089997768e-01,   -4.9828898907e-01,    6.8089997768e-01,    6.7467201233e+01,    6.8089997768e-01,   -1.9860699773e-02,
    6.8199998140e-01,    2.0384600163e+00,    6.8199998140e-01,    5.8363300323e+01,    6.8199998140e-01,    7.9250000417e-02,
    6.8309998512e-01,   -3.1835100055e-01,    6.8309998512e-01,    7.0499603271e+01,    6.8309998512e-01,   -8.2890698686e-03,
    6.8419998884e-01,    3.6280500889e-01,    6.8419998884e-01,    5.7831298828e+01,    6.8419998884e-01,    1.5768699348e-02,
    6.8529999256e-01,    1.5578900576e+00,    6.8529999256e-01,    6.8334396362e+01,    6.8529999256e-01,   -1.1433299631e-01,
    6.8639999628e-01,   -1.3171299696e+00,    6.8639999628e-01,    6.2038700104e+01,    6.8639999628e-01,    4.6943798661e-02,
    6.8750000000e-01,    3.2387299538e+00,    6.8750000000e-01,    6.1846599579e+01,    6.8750000000e-01,    3.2397501171e-02,
    6.8860000372e-01,   -1.3597899675e+00,    6.8860000372e-01,    6.8238899231e+01,    6.8860000372e-01,   -6.8092696369e-02,
    6.8970000744e-01,    9.8304700851e-01,    6.8970000744e-01,    5.7369701385e+01,    6.8970000744e-01,    3.3357501030e-02,
    6.9080001116e-01,    1.8267999887e+00,    6.9080001116e-01,    7.1438499451e+01,    6.9080001116e-01,   -6.1466198415e-02,
    6.9190001488e-01,   -1.9211200476e+00,    6.9190001488e-01,    5.9350200653e+01,    6.9190001488e-01,    1.3866299391e-01,
    6.9300001860e-01,    4.3988599777e+00,    6.9300001860e-01,    6.8257598877e+01,    6.9300001860e-01,    7.5181499124e-02,
    6.9410002232e-01,   -3.1243300438e+00,    6.9410002232e-01,    6.5399398804e+01,    6.9410002232e-01,    1.2864400446e-01,
    6.9520002604e-01,    3.9765501022e+00,    6.9520002604e-01,    6.2269298553e+01,    6.9520002604e-01,    6.7347198725e-02,
    6.9630002975e-01,   -9.8381400108e-01,    6.9630002975e-01,    7.1705200195e+01,    6.9630002975e-01,    4.7589100897e-02,
    6.9739997387e-01,   -3.2602199912e-01,    6.9739997387e-01,    6.0153800964e+01,    6.9739997387e-01,    1.3514000177e-01,
    6.9849997759e-01,    3.1536700726e+00,    6.9849997759e-01,    7.2694396973e+01,    6.9849997759e-01,   -9.6468999982e-02,
    6.9959998131e-01,   -3.2630898952e+00,    6.9959998131e-01,    6.3312500000e+01,    6.9959998131e-01,    2.0720399916e-01,
    7.0069998503e-01,    6.2828698158e+00,    7.0069998503e-01,    6.8725502014e+01,    7.0069998503e-01,   -4.5153200626e-02,
    7.0179998875e-01,   -4.2406802177e+00,    7.0179998875e-01,    6.8956100464e+01,    7.0179998875e-01,    7.2308398783e-02,
    7.0289999247e-01,    4.8219399452e+00,    7.0289999247e-01,    6.3621898651e+01,    7.0289999247e-01,    6.4375996590e-02,
    7.0399999619e-01,   -1.2551300526e+00,    7.0399999619e-01,    7.3736999512e+01,    7.0399999619e-01,   -1.9069699943e-01,
    7.0509999990e-01,   -5.0379401445e-01,    7.0509999990e-01,    6.2649799347e+01,    7.0509999990e-01,   -4.9102101475e-02,
    7.0620000362e-01,    4.7847900391e+00,    7.0620000362e-01,    7.3737503052e+01,    7.0620000362e-01,    2.4213299155e-02,
    7.0730000734e-01,   -4.9904999733e+00,    7.0730000734e-01,    6.5580299377e+01,    7.0730000734e-01,    6.0962200165e-02,
    7.0840001106e-01,    8.7564802170e+00,    7.0840001106e-01,    6.9037498474e+01,    7.0840001106e-01,    7.0523902774e-02,
    7.0950001478e-01,   -6.4738202095e+00,    7.0950001478e-01,    7.0240898132e+01,    7.0950001478e-01,    3.0974399298e-02,
    7.1060001850e-01,    6.7258701324e+00,    7.1060001850e-01,    6.4493499756e+01,    7.1060001850e-01,   -6.1425298452e-02,
    7.1170002222e-01,   -1.5594199896e+00,    7.1170002222e-01,    7.3893402100e+01,    7.1170002222e-01,   -1.9878700376e-01,
    7.1280002594e-01,   -9.6303999424e-01,    7.1280002594e-01,    6.3271900177e+01,    7.1280002594e-01,   -1.3830400072e-02,
    7.1390002966e-01,    7.1817698479e+00,    7.1390002966e-01,    7.3424400330e+01,    7.1390002966e-01,   -9.6101000905e-02,
    7.1499997377e-01,   -7.8979802132e+00,    7.1499997377e-01,    6.6033699036e+01,    7.1499997377e-01,    7.7394500375e-02,
    7.1609997749e-01,    1.2492199898e+01,    7.1609997749e-01,    6.9965599060e+01,    7.1609997749e-01,    1.0618499666e-01,
    7.1719998121e-01,   -9.5657796860e+00,    7.1719998121e-01,    7.1022102356e+01,    7.1719998121e-01,   -4.6041600406e-02,
    7.1829998493e-01,    8.9186201096e+00,    7.1829998493e-01,    6.6037597656e+01,    7.1829998493e-01,    8.8567296043e-03,
    7.1939998865e-01,   -1.8889600039e+00,    7.1939998865e-01,    7.4067298889e+01,    7.1939998865e-01,   -2.8376901150e-01,
    7.2049999237e-01,   -2.0425601006e+00,    7.2049999237e-01,    6.4688003540e+01,    7.2049999237e-01,    1.6518600285e-01,
    7.2159999609e-01,    9.6400604248e+00,    7.2159999609e-01,    7.3945602417e+01,    7.2159999609e-01,    1.1316700280e-01,
    7.2269999981e-01,   -1.1107000351e+01,    7.2269999981e-01,    6.6671997070e+01,    7.2269999981e-01,    7.7988296747e-02,
    7.2380000353e-01,    1.6105300903e+01,    7.2380000353e-01,    7.0220397949e+01,    7.2380000353e-01,   -1.4608199894e-01,
    7.2490000725e-01,   -1.1921699524e+01,    7.2490000725e-01,    7.0782203674e+01,    7.2490000725e-01,   -2.9130199552e-01,
    7.2600001097e-01,    1.0293899536e+01,    7.2600001097e-01,    6.6292396545e+01,    7.2600001097e-01,    2.3607799783e-02,
    7.2710001469e-01,   -1.7507799864e+00,    7.2710001469e-01,    7.3586898804e+01,    7.2710001469e-01,   -2.7397400141e-01,
    7.2820001841e-01,   -2.4656200409e+00,    7.2820001841e-01,    6.5739799500e+01,    7.2820001841e-01,    7.7119998634e-02,
    7.2930002213e-01,    1.1533200264e+01,    7.2930002213e-01,    7.4012298584e+01,    7.2930002213e-01,    2.8729501367e-01,
    7.3040002584e-01,   -1.2549799919e+01,    7.3040002584e-01,    6.7992500305e+01,    7.3040002584e-01,    5.1145799458e-02,
    7.3150002956e-01,    1.7889200211e+01,    7.3150002956e-01,    7.0700996399e+01,    7.3150002956e-01,    6.8042501807e-02,
    7.3259997368e-01,   -1.2651800156e+01,    7.3259997368e-01,    7.1748802185e+01,    7.3259997368e-01,   -2.9016599059e-01,
    7.3369997740e-01,    1.1083499908e+01,    7.3369997740e-01,    6.8310897827e+01,    7.3369997740e-01,    5.2715100348e-02,
    7.3479998112e-01,   -1.8907500505e+00,    7.3479998112e-01,    7.4627403259e+01,    7.3479998112e-01,   -2.5547501445e-01,
    7.3589998484e-01,   -2.6328499317e+00,    7.3589998484e-01,    6.9019401550e+01,    7.3589998484e-01,    1.4849999920e-02,
    7.3699998856e-01,    1.2296299934e+01,    7.3699998856e-01,    7.6164802551e+01,    7.3699998856e-01,   -8.7673397502e-04,
    7.3809999228e-01,   -1.3773799896e+01,    7.3809999228e-01,    7.2248001099e+01,    7.3809999228e-01,   -1.9078099728e-01,
    7.3919999599e-01,    1.9318199158e+01,    7.3919999599e-01,    7.5308296204e+01,    7.3919999599e-01,    1.1765000224e-01,
    7.4029999971e-01,   -1.4195300102e+01,    7.4029999971e-01,    7.6204299927e+01,    7.4029999971e-01,   -3.5363000631e-01,
    7.4140000343e-01,    1.2532999992e+01,    7.4140000343e-01,    7.4638603210e+01,    7.4140000343e-01,   -1.0246299952e-01,
    7.4250000715e-01,   -2.8043301105e+00,    7.4250000715e-01,    7.8987503052e+01,    7.4250000715e-01,   -2.5621899962e-01,
    7.4360001087e-01,   -1.6669000387e+00,    7.4360001087e-01,    7.4382797241e+01,    7.4360001087e-01,   -1.8197000027e-01,
    7.4470001459e-01,    1.2510399818e+01,    7.4470001459e-01,    7.9722297668e+01,    7.4470001459e-01,    1.6832000017e-01,
    7.4580001831e-01,   -1.4449399948e+01,    7.4580001831e-01,    7.5534797668e+01,    7.4580001831e-01,   -1.3683499396e-01,
    7.4690002203e-01,    2.0901899338e+01,    7.4690002203e-01,    7.7689796448e+01,    7.4690002203e-01,    9.4095401466e-02,
    7.4800002575e-01,   -1.5548100471e+01,    7.4800002575e-01,    7.7372299194e+01,    7.4800002575e-01,   -1.2813700736e-01,
    7.4910002947e-01,    1.4602000237e+01,    7.4910002947e-01,    7.6137001038e+01,    7.4910002947e-01,    1.2826099992e-01,
    7.5019997358e-01,   -4.1180701256e+00,    7.5019997358e-01,    7.8463897705e+01,    7.5019997358e-01,   -2.9558899999e-01,
    7.5129997730e-01,   -6.5758898854e-02,    7.5129997730e-01,    7.4201103210e+01,    7.5129997730e-01,   -2.7285200357e-01,
    7.5239998102e-01,    1.2295900345e+01,    7.5239998102e-01,    7.8149497986e+01,    7.5239998102e-01,    2.1934799850e-01,
    7.5349998474e-01,   -1.4236599922e+01,    7.5349998474e-01,    7.4676597595e+01,    7.5349998474e-01,    2.0522300154e-02,
    7.5459998846e-01,    2.1458700180e+01,    7.5459998846e-01,    7.6714302063e+01,    7.5459998846e-01,    1.8884199858e-01,
    7.5569999218e-01,   -1.6188299179e+01,    7.5569999218e-01,    7.6263198853e+01,    7.5569999218e-01,   -3.2295599580e-02,
    7.5679999590e-01,    1.6046699524e+01,    7.5679999590e-01,    7.4974296570e+01,    7.5679999590e-01,   -6.4127601683e-02,
    7.5789999962e-01,   -5.8070402145e+00,    7.5789999962e-01,    7.6227302551e+01,    7.5789999962e-01,   -1.6399699450e-01,
    7.5900000334e-01,    1.2580300570e+00,    7.5900000334e-01,    7.2764297485e+01,    7.5900000334e-01,   -4.4437699020e-02,
    7.6010000706e-01,    1.0729599953e+01,    7.6010000706e-01,    7.4370597839e+01,    7.6010000706e-01,    6.7976698279e-02,
    7.6120001078e-01,   -1.3696399689e+01,    7.6120001078e-01,    7.1150199890e+01,    7.6120001078e-01,   -6.4243502915e-02,
    7.6230001450e-01,    2.1418199539e+01,    7.6230001450e-01,    7.1658996582e+01,    7.6230001450e-01,    6.9261096418e-02,
    7.6340001822e-01,   -1.7081300735e+01,    7.6340001822e-01,    7.1151901245e+01,    7.6340001822e-01,   -2.1327400208e-01,
    7.6450002193e-01,    1.7078500748e+01,    7.6450002193e-01,    7.0115303040e+01,    7.6450002193e-01,   -1.3121500611e-01,
    7.6560002565e-01,   -7.1393699646e+00,    7.6560002565e-01,    7.0725502014e+01,    7.6560002565e-01,   -2.9833599925e-01,
    7.6670002937e-01,    2.6977400780e+00,    7.6670002937e-01,    6.8238296509e+01,    7.6670002937e-01,   -2.1858400106e-01,
    7.6779997349e-01,    1.0132699966e+01,    7.6779997349e-01,    6.8602302551e+01,    7.6779997349e-01,   -5.3645499051e-02,
    7.6889997721e-01,   -1.3045200348e+01,    7.6889997721e-01,    6.6139900208e+01,    7.6889997721e-01,   -3.2812899351e-01,
    7.6999998093e-01,    2.1753900528e+01,    7.6999998093e-01,    6.6141700745e+01,    7.6999998093e-01,   -1.0984899849e-01,
    7.7109998465e-01,   -1.7828399658e+01,    7.7109998465e-01,    6.5164199829e+01,    7.7109998465e-01,   -2.9000499845e-01,
    7.7219998837e-01,    1.8180599213e+01,    7.7219998837e-01,    6.4035499573e+01,    7.7219998837e-01,   -2.0768600702e-01,
    7.7329999208e-01,   -8.2490301132e+00,    7.7329999208e-01,    6.4280502319e+01,    7.7329999208e-01,   -2.3012100160e-01,
    7.7439999580e-01,    3.8790199757e+00,    7.7439999580e-01,    6.3536800385e+01,    7.7439999580e-01,   -3.6037498713e-01,
    7.7549999952e-01,    8.9324598312e+00,    7.7549999952e-01,    6.4867599487e+01,    7.7549999952e-01,   -4.4139599800e-01,
    7.7660000324e-01,   -1.2892800331e+01,    7.7660000324e-01,    6.4748001099e+01,    7.7660000324e-01,   -2.2947700322e-01,
    7.7770000696e-01,    2.1431299210e+01,    7.7770000696e-01,    6.5619499207e+01,    7.7770000696e-01,   -2.7236300707e-01,
    7.7880001068e-01,   -1.9072000504e+01,    7.7880001068e-01,    6.5645599365e+01,    7.7880001068e-01,   -3.1925499439e-01,
    7.7990001440e-01,    1.9378599167e+01,    7.7990001440e-01,    6.5613601685e+01,    7.7990001440e-01,   -2.2455799580e-01,
    7.8100001812e-01,   -1.0172200203e+01,    7.8100001812e-01,    6.5641799927e+01,    7.8100001812e-01,   -2.3668800294e-01,
    7.8210002184e-01,    5.5702600479e+00,    7.8210002184e-01,    6.5377403259e+01,    7.8210002184e-01,   -9.8001100123e-02,
    7.8320002556e-01,    7.1458997726e+00,    7.8320002556e-01,    6.5223602295e+01,    7.8320002556e-01,   -4.0882399678e-01,
    7.8430002928e-01,   -1.2450699806e+01,    7.8430002928e-01,    6.5051597595e+01,    7.8430002928e-01,   -5.7314899750e-03,
    7.8539997339e-01,    2.1524400711e+01,    7.8539997339e-01,    6.3899799347e+01,    7.8539997339e-01,   -4.8751000315e-02,
    7.8649997711e-01,   -2.0346799850e+01,    7.8649997711e-01,    6.2891899109e+01,    7.8649997711e-01,    7.4365898967e-02,
    7.8759998083e-01,    2.0473800659e+01,    7.8759998083e-01,    6.2771099091e+01,    7.8759998083e-01,    1.9673399627e-01,
    7.8869998455e-01,   -1.1284899712e+01,    7.8869998455e-01,    6.2313499451e+01,    7.8869998455e-01,    1.6786499321e-01,
    7.8979998827e-01,    6.1626200676e+00,    7.8979998827e-01,    6.2508701324e+01,    7.8979998827e-01,    1.5863700211e-01,
    7.9089999199e-01,    7.0621500015e+00,    7.9089999199e-01,    6.1973098755e+01,    7.9089999199e-01,    1.7946399748e-01,
    7.9199999571e-01,   -1.2651900291e+01,    7.9199999571e-01,    6.3123001099e+01,    7.9199999571e-01,    1.7188599706e-01,
    7.9309999943e-01,    2.1399099350e+01,    7.9309999943e-01,    6.2331401825e+01,    7.9309999943e-01,    8.7611101568e-02,
    7.9420000315e-01,   -2.0438499451e+01,    7.9420000315e-01,    6.3825801849e+01,    7.9420000315e-01,    3.6397498846e-01,
    7.9530000687e-01,    2.0696699142e+01,    7.9530000687e-01,    6.3960998535e+01,    7.9530000687e-01,    2.1056999266e-01,
    7.9640001059e-01,   -1.1604499817e+01,    7.9640001059e-01,    6.4023902893e+01,    7.9640001059e-01,    3.3782398701e-01,
    7.9750001431e-01,    6.6436901093e+00,    7.9750001431e-01,    6.5285400391e+01,    7.9750001431e-01,    2.1366600692e-01,
    7.9860001802e-01,    6.1511301994e+00,    7.9860001802e-01,    6.3157398224e+01,    7.9860001802e-01,   -4.1379299015e-02,
    7.9970002174e-01,   -1.2320500374e+01,    7.9970002174e-01,    6.6133201599e+01,    7.9970002174e-01,    3.4467600286e-02,
    8.0080002546e-01,    2.1358999252e+01,    8.0080002546e-01,    6.3812698364e+01,    8.0080002546e-01,   -5.0178799778e-02,
    8.0190002918e-01,   -2.1220500946e+01,    8.0190002918e-01,    6.6412498474e+01,    8.0190002918e-01,    1.6449299455e-01,
    8.0299997330e-01,    2.1673099518e+01,    8.0299997330e-01,    6.6779602051e+01,    8.0299997330e-01,    1.0937599838e-01,
    8.0409997702e-01,   -1.2868700027e+01,    8.0409997702e-01,    6.6561096191e+01,    8.0409997702e-01,    7.0451900363e-02,
    8.0519998074e-01,    7.4366397858e+00,    8.0519998074e-01,    6.9868499756e+01,    8.0519998074e-01,    1.9550499320e-01,
    8.0629998446e-01,    5.6936697960e+00,    8.0629998446e-01,    6.6940902710e+01,    8.0629998446e-01,   -1.6328099370e-01,
    8.0739998817e-01,   -1.2364700317e+01,    8.0739998817e-01,    7.1128501892e+01,    8.0739998817e-01,   -4.4342201203e-02,
    8.0849999189e-01,    2.2227100372e+01,    8.0849999189e-01,    6.8730598450e+01,    8.0849999189e-01,   -1.4328299463e-01,
    8.0959999561e-01,   -2.1799100876e+01,    8.0959999561e-01,    7.1939498901e+01,    8.0959999561e-01,    1.8514400721e-01,
    8.1069999933e-01,    2.2183900833e+01,    8.1069999933e-01,    7.2570396423e+01,    8.1069999933e-01,    1.1532700062e-01,
    8.1180000305e-01,   -1.3123100281e+01,    8.1180000305e-01,    7.1927200317e+01,    8.1180000305e-01,    2.5248900056e-01,
    8.1290000677e-01,    6.9883499146e+00,    8.1290000677e-01,    7.5137702942e+01,    8.1290000677e-01,    1.1308100075e-01,
    8.1400001049e-01,    5.8388700485e+00,    8.1400001049e-01,    7.0474601746e+01,    8.1400001049e-01,   -1.9608899951e-01,
    8.1510001421e-01,   -1.3444899559e+01,    8.1510001421e-01,    7.5068199158e+01,    8.1510001421e-01,   -2.0957799256e-01,
    8.1620001793e-01,    2.2205400467e+01,    8.1620001793e-01,    7.0714996338e+01,    8.1620001793e-01,   -2.2004599869e-01,
    8.1730002165e-01,   -2.2764499664e+01,    8.1730002165e-01,    7.3405197144e+01,    8.1730002165e-01,    6.6183097661e-02,
    8.1840002537e-01,    2.1462099075e+01,    8.1840002537e-01,    7.3086799622e+01,    8.1840002537e-01,   -2.9223700985e-03,
    8.1950002909e-01,   -1.3464799881e+01,    8.1950002909e-01,    7.1180397034e+01,    8.1950002909e-01,    2.6747098565e-01,
    8.2059997320e-01,    5.7439498901e+00,    8.2059997320e-01,    7.4370498657e+01,    8.2059997320e-01,    1.8256199360e-01,
    8.2169997692e-01,    5.9503598213e+00,    8.2169997692e-01,    6.8631202698e+01,    8.2169997692e-01,   -3.7054398656e-01,
    8.2279998064e-01,   -1.4989500046e+01,    8.2279998064e-01,    7.3746696472e+01,    8.2279998064e-01,   -4.4786099344e-02,
    8.2389998436e-01,    2.2099700928e+01,    8.2389998436e-01,    6.8616302490e+01,    8.2389998436e-01,   -3.4683001041e-01,
    8.2499998808e-01,   -2.3940000534e+01,    8.2499998808e-01,    7.1258499146e+01,    8.2499998808e-01,    4.3439898640e-02,
    8.2609999180e-01,    2.0701700211e+01,    8.2609999180e-01,    7.0681198120e+01,    8.2609999180e-01,    4.0310900658e-02,
    8.2719999552e-01,   -1.3488800049e+01,    8.2719999552e-01,    6.8652702332e+01,    8.2719999552e-01,    3.4291899204e-01,
    8.2829999924e-01,    4.2302999496e+00,    8.2829999924e-01,    7.2157402039e+01,    8.2829999924e-01,    4.1595599055e-01,
    8.2940000296e-01,    6.6170301437e+00,    8.2940000296e-01,    6.5435897827e+01,    8.2940000296e-01,   -1.0349100083e-01,
    8.3050000668e-01,   -1.6429500580e+01,    8.3050000668e-01,    7.1004699707e+01,    8.3050000668e-01,    1.0056799650e-01,
    8.3160001040e-01,    2.2749900818e+01,    8.3160001040e-01,    6.5820602417e+01,    8.3160001040e-01,   -3.5342600942e-01,
    8.3270001411e-01,   -2.4632600784e+01,    8.3270001411e-01,    6.8276298523e+01,    8.3270001411e-01,    1.5276600420e-01,
    8.3380001783e-01,    2.0651899338e+01,    8.3380001783e-01,    6.8568801880e+01,    8.3380001783e-01,    1.4913900197e-01,
    8.3490002155e-01,   -1.2862400055e+01,    8.3490002155e-01,    6.6088996887e+01,    8.3490002155e-01,    4.9692499638e-01,
    8.3600002527e-01,    3.5292000771e+00,    8.3600002527e-01,    7.0764396667e+01,    8.3600002527e-01,    3.5574799776e-01,
    8.3710002899e-01,    7.9719800949e+00,    8.3710002899e-01,    6.4600097656e+01,    8.3710002899e-01,    3.4796901047e-02,
    8.3819997311e-01,   -1.7169300079e+01,    8.3819997311e-01,    7.0559997559e+01,    8.3819997311e-01,    1.5613199770e-01,
    8.3929997683e-01,    2.3834600449e+01,    8.3929997683e-01,    6.6189102173e+01,    8.3929997683e-01,   -4.1635501385e-01,
    8.4039998055e-01,   -2.4740299225e+01,    8.4039998055e-01,    6.8183403015e+01,    8.4039998055e-01,    1.9807699323e-01,
    8.4149998426e-01,    2.0632699966e+01,    8.4149998426e-01,    6.8934898376e+01,    8.4149998426e-01,    1.7408500612e-01,
    8.4259998798e-01,   -1.1864000320e+01,    8.4259998798e-01,    6.5636703491e+01,    8.4259998798e-01,    6.3489502668e-01,
    8.4369999170e-01,    2.4832100868e+00,    8.4369999170e-01,    7.0404403687e+01,    8.4369999170e-01,    2.4607500434e-01,
    8.4479999542e-01,    9.1902904510e+00,    8.4479999542e-01,    6.3614200592e+01,    8.4479999542e-01,    1.4747199416e-01,
    8.4589999914e-01,   -1.8001100540e+01,    8.4589999914e-01,    7.0151496887e+01,    8.4589999914e-01,    3.6117199808e-02,
    8.4700000286e-01,    2.4215299606e+01,    8.4700000286e-01,    6.4886802673e+01,    8.4700000286e-01,   -4.2746400833e-01,
    8.4810000658e-01,   -2.5003799438e+01,    8.4810000658e-01,    6.7312103271e+01,    8.4810000658e-01,    1.6263699532e-01,
    8.4920001030e-01,    2.0454799652e+01,    8.4920001030e-01,    6.8372100830e+01,    8.4920001030e-01,    1.4544999599e-01,
    8.5030001402e-01,   -1.1234399796e+01,    8.5030001402e-01,    6.5126296997e+01,    8.5030001402e-01,    5.6959098577e-01,
    8.5140001774e-01,    1.3166799545e+00,    8.5140001774e-01,    6.9903999329e+01,    8.5140001774e-01,    4.5787800103e-02,
    8.5250002146e-01,    1.0490200043e+01,    8.5250002146e-01,    6.2863300323e+01,    8.5250002146e-01,    6.2130298465e-02,
    8.5360002518e-01,   -1.9357500076e+01,    8.5360002518e-01,    6.9137199402e+01,    8.5360002518e-01,   -4.1723400354e-02,
    8.5470002890e-01,    2.5644300461e+01,    8.5470002890e-01,    6.4503501892e+01,    8.5470002890e-01,   -4.2465698719e-01,
    8.5579997301e-01,   -2.5244899750e+01,    8.5579997301e-01,    6.6216201782e+01,    8.5579997301e-01,   -1.7725799978e-01,
    8.5689997673e-01,    2.0806200027e+01,    8.5689997673e-01,    6.7436302185e+01,    8.5689997673e-01,   -6.9683596492e-02,
    8.5799998045e-01,   -1.0552000046e+01,    8.5799998045e-01,    6.3509101868e+01,    8.5799998045e-01,    2.3706999421e-01,
    8.5909998417e-01,    3.4533199668e-01,    8.5909998417e-01,    6.9911697388e+01,    8.5909998417e-01,   -2.0755499601e-01,
    8.6019998789e-01,    1.1934499741e+01,    8.6019998789e-01,    6.2388500214e+01,    8.6019998789e-01,   -1.2615999579e-01,
    8.6129999161e-01,   -2.0542699814e+01,    8.6129999161e-01,    7.0058700562e+01,    8.6129999161e-01,   -3.2861700654e-01,
    8.6239999533e-01,    2.6096000671e+01,    8.6239999533e-01,    6.5370498657e+01,    8.6239999533e-01,   -5.2236902714e-01,
    8.6349999905e-01,   -2.4980800629e+01,    8.6349999905e-01,    6.8059097290e+01,    8.6349999905e-01,   -9.9592797458e-02,
    8.6460000277e-01,    2.0188499451e+01,    8.6460000277e-01,    7.0054496765e+01,    8.6460000277e-01,   -1.2686499953e-01,
    8.6570000648e-01,   -9.5544004440e+00,    8.6570000648e-01,    6.5858001709e+01,    8.6570000648e-01,    3.0583199859e-01,
    8.6680001020e-01,   -1.1938099861e+00,    8.6680001020e-01,    7.3505401611e+01,    8.6680001020e-01,   -3.1422400475e-01,
    8.6790001392e-01,    1.2740099907e+01,    8.6790001392e-01,    6.4808998108e+01,    8.6790001392e-01,    1.5516200103e-02,
    8.6900001764e-01,   -2.1384500504e+01,    8.6900001764e-01,    7.3914398193e+01,    8.6900001764e-01,   -2.2714300454e-01,
    8.7010002136e-01,    2.5646999359e+01,    8.7010002136e-01,    6.8148399353e+01,    8.7010002136e-01,   -5.8586901426e-01,
    8.7120002508e-01,   -2.5862800598e+01,    8.7120002508e-01,    7.0704101563e+01,    8.7120002508e-01,   -5.1771800965e-02,
    8.7230002880e-01,    1.9320100784e+01,    8.7230002880e-01,    7.3123298645e+01,    8.7230002880e-01,   -3.7665098906e-01,
    8.7339997292e-01,   -9.4442701340e+00,    8.7339997292e-01,    6.7176803589e+01,    8.7339997292e-01,    3.3303698897e-01,
    8.7449997663e-01,   -2.4256498814e+00,    8.7449997663e-01,    7.5780899048e+01,    8.7449997663e-01,   -2.1667000651e-01,
    8.7559998035e-01,    1.3528200150e+01,    8.7559998035e-01,    6.5356002808e+01,    8.7559998035e-01,   -1.9882500172e-01,
    8.7669998407e-01,   -2.3134599686e+01,    8.7669998407e-01,    7.5565803528e+01,    8.7669998407e-01,   -2.4119099975e-01,
    8.7779998779e-01,    2.6056699753e+01,    8.7779998779e-01,    6.9226600647e+01,    8.7779998779e-01,   -4.6336999536e-01,
    8.7889999151e-01,   -2.6379299164e+01,    8.7889999151e-01,    7.1195999146e+01,    8.7889999151e-01,   -9.1641902924e-02,
    8.7999999523e-01,    1.7893800735e+01,    8.7999999523e-01,    7.4154998779e+01,    8.7999999523e-01,   -3.5016000271e-01,
    8.8109999895e-01,   -8.7421703339e+00,    8.8109999895e-01,    6.6730499268e+01,    8.8109999895e-01,    4.2583099008e-01,
    8.8220000267e-01,   -4.6626300812e+00,    8.8220000267e-01,    7.6837196350e+01,    8.8220000267e-01,   -1.6753600538e-01,
    8.8330000639e-01,    1.4504199982e+01,    8.8330000639e-01,    6.4866401672e+01,    8.8330000639e-01,   -1.6524900496e-01,
    8.8440001011e-01,   -2.4805999756e+01,    8.8440001011e-01,    7.4928398132e+01,    8.8440001011e-01,   -2.2231100500e-01,
    8.8550001383e-01,    2.5165300369e+01,    8.8550001383e-01,    6.8915397644e+01,    8.8550001383e-01,   -7.5732201338e-01,
    8.8660001755e-01,   -2.5941699982e+01,    8.8660001755e-01,    6.9633499146e+01,    8.8660001755e-01,   -5.3696099669e-02,
    8.8770002127e-01,    1.5595899582e+01,    8.8770002127e-01,    7.3775199890e+01,    8.8770002127e-01,   -5.2105802298e-01,
    8.8880002499e-01,   -7.4029698372e+00,    8.8880002499e-01,    6.5230903625e+01,    8.8880002499e-01,    3.8223901391e-01,
    8.8990002871e-01,   -7.2332901955e+00,    8.8990002871e-01,    7.5449401855e+01,    8.8990002871e-01,   -4.7550898790e-01,
    8.9099997282e-01,    1.5524800301e+01,    8.9099997282e-01,    6.2573398590e+01,    8.9099997282e-01,   -3.4486800432e-01,
    8.9209997654e-01,   -2.5672300339e+01,    8.9209997654e-01,    7.2404197693e+01,    8.9209997654e-01,   -5.1216101646e-01,
    8.9319998026e-01,    2.4470600128e+01,    8.9319998026e-01,    6.7938598633e+01,    8.9319998026e-01,   -7.8194397688e-01,
    8.9429998398e-01,   -2.4849100113e+01,    8.9429998398e-01,    6.8523597717e+01,    8.9429998398e-01,   -2.7236500382e-01,
    8.9539998770e-01,    1.4418800354e+01,    8.9539998770e-01,    7.4860603333e+01,    8.9539998770e-01,   -5.3241300583e-01,
    8.9649999142e-01,   -5.7536997795e+00,    8.9649999142e-01,    6.5641197205e+01,    8.9649999142e-01,    1.7761999369e-01,
    8.9759999514e-01,   -8.0748300552e+00,    8.9759999514e-01,    7.8128501892e+01,    8.9759999514e-01,   -2.2500200570e-01,
    8.9869999886e-01,    1.6366699219e+01,    8.9869999886e-01,    6.5129798889e+01,    8.9869999886e-01,   -4.1484400630e-01,
    8.9980000257e-01,   -2.5535200119e+01,    8.9980000257e-01,    7.5728401184e+01,    8.9980000257e-01,    2.3251799867e-02,
    9.0090000629e-01,    2.5003499985e+01,    9.0090000629e-01,    7.0965896606e+01,    9.0090000629e-01,   -3.8942301273e-01,
    9.0200001001e-01,   -2.4508499146e+01,    9.0200001001e-01,    6.9833602905e+01,    9.0200001001e-01,    9.7681097686e-02,
    9.0310001373e-01,    1.3978400230e+01,    9.0310001373e-01,    7.6865997314e+01,    9.0310001373e-01,   -5.4941900074e-02,
    9.0420001745e-01,   -4.7880902290e+00,    9.0420001745e-01,    6.5690498352e+01,    9.0420001745e-01,    5.1481497288e-01,
    9.0530002117e-01,   -9.3156299591e+00,    9.0530002117e-01,    7.9074401855e+01,    9.0530002117e-01,    1.4163799584e-01,
    9.0640002489e-01,    1.7226200104e+01,    9.0640002489e-01,    6.5000396729e+01,    9.0640002489e-01,   -3.2597500086e-01,
    9.0750002861e-01,   -2.6713899612e+01,    9.0750002861e-01,    7.5087799072e+01,    9.0750002861e-01,   -1.1793700047e-02,
    9.0859997272e-01,    2.4850500107e+01,    9.0859997272e-01,    7.0898399353e+01,    9.0859997272e-01,   -3.8480800390e-01,
    9.0969997644e-01,   -2.4128299713e+01,    9.0969997644e-01,    6.8654899597e+01,    9.0969997644e-01,    1.6020999849e-01,
    9.1079998016e-01,    1.2263400078e+01,    9.1079998016e-01,    7.7179298401e+01,    9.1079998016e-01,   -1.9516000152e-01,
    9.1189998388e-01,   -3.4429099560e+00,    9.1189998388e-01,    6.5710098267e+01,    9.1189998388e-01,    3.0070000887e-01,
    9.1299998760e-01,   -1.0731300354e+01,    9.1299998760e-01,    8.0734199524e+01,    9.1299998760e-01,   -4.8840498924e-01,
    9.1409999132e-01,    1.8076400757e+01,    9.1409999132e-01,    6.7081703186e+01,    9.1409999132e-01,   -4.4545999169e-01,
    9.1519999504e-01,   -2.7527599335e+01,    9.1519999504e-01,    7.7518798828e+01,    9.1519999504e-01,   -4.2731299996e-01,
    9.1629999876e-01,    2.5006099701e+01,    9.1629999876e-01,    7.4407699585e+01,    9.1629999876e-01,   -9.9376797676e-01,
    9.1740000248e-01,   -2.3598100662e+01,    9.1740000248e-01,    7.1592498779e+01,    9.1740000248e-01,   -1.8067699671e-01,
    9.1850000620e-01,    1.1159199715e+01,    9.1850000620e-01,    8.0938102722e+01,    9.1850000620e-01,   -2.9249298573e-01,
    9.1960000992e-01,   -1.8669999838e+00,    9.1960000992e-01,    6.8368301392e+01,    9.1960000992e-01,    1.3044400141e-02,
    9.2070001364e-01,   -1.2293700218e+01,    9.2070001364e-01,    8.3278602600e+01,    9.2070001364e-01,   -3.0503100157e-01,
    9.2180001736e-01,    1.8999000549e+01,    9.2180001736e-01,    6.9712699890e+01,    9.2180001736e-01,   -6.3907498121e-01,
    9.2290002108e-01,   -2.8158899307e+01,    9.2290002108e-01,    7.9321098328e+01,    9.2290002108e-01,   -3.0837899446e-01,
    9.2400002480e-01,    2.4757499695e+01,    9.2400002480e-01,    7.6698303223e+01,    9.2400002480e-01,   -7.3211497068e-01,
    9.2510002851e-01,   -2.2091899872e+01,    9.2510002851e-01,    7.2524696350e+01,    9.2510002851e-01,    1.1108600348e-01,
    9.2619997263e-01,    9.3429403305e+00,    9.2619997263e-01,    8.2416900635e+01,    9.2619997263e-01,   -2.5270599127e-01,
    9.2729997635e-01,    5.5659502745e-01,    9.2729997635e-01,    6.8621498108e+01,    9.2729997635e-01,   -1.0390300304e-02,
    9.2839998007e-01,   -1.4291199684e+01,    9.2839998007e-01,    8.3746398926e+01,    9.2839998007e-01,   -2.6430198550e-01,
    9.2949998379e-01,    2.0474500656e+01,    9.2949998379e-01,    6.8965301514e+01,    9.2949998379e-01,   -4.6158701181e-01,
    9.3059998751e-01,   -2.8819200516e+01,    9.3059998751e-01,    7.7311500549e+01,    9.3059998751e-01,   -4.9213498831e-01,
    9.3169999123e-01,    2.4252500534e+01,    9.3169999123e-01,    7.5443603516e+01,    9.3169999123e-01,   -8.5034298897e-01,
    9.3279999495e-01,   -2.0318000793e+01,    9.3279999495e-01,    6.9345199585e+01,    9.3279999495e-01,    9.1581001878e-02,
    9.3389999866e-01,    7.2603502274e+00,    9.3389999866e-01,    8.0262298584e+01,    9.3389999866e-01,   -2.6498800516e-01,
    9.3500000238e-01,    3.3288500309e+00,    9.3500000238e-01,    6.4771003723e+01,    9.3500000238e-01,    2.2235700861e-02,
    9.3610000610e-01,   -1.6474399567e+01,    9.3610000610e-01,    7.9706001282e+01,    9.3610000610e-01,   -2.5051799417e-01,
    9.3720000982e-01,    2.2011999130e+01,    9.3720000982e-01,    6.6149497986e+01,    9.3720000982e-01,   -5.1184302568e-01,
    9.3830001354e-01,   -2.8802900314e+01,    9.3830001354e-01,    7.4109100342e+01,    9.3830001354e-01,   -3.2593598962e-01,
    9.3940001726e-01,    2.2936700821e+01,    9.3940001726e-01,    7.4277900696e+01,    9.3940001726e-01,   -7.0393800735e-01,
    9.4050002098e-01,   -1.8075599670e+01,    9.4050002098e-01,    6.7397598267e+01,    9.4050002098e-01,    2.1190300584e-02,
    9.4160002470e-01,    4.4480099678e+00,    9.4160002470e-01,    8.0541198730e+01,    9.4160002470e-01,   -1.4002099633e-01,
    9.4270002842e-01,    6.0479898453e+00,    9.4270002842e-01,    6.4138198853e+01,    9.4270002842e-01,    2.7018898726e-01,
    9.4379997253e-01,   -1.9106899261e+01,    9.4379997253e-01,    8.0060699463e+01,    9.4379997253e-01,    1.5872400254e-02,
    9.4489997625e-01,    2.3279399872e+01,    9.4489997625e-01,    6.7529502869e+01,    9.4489997625e-01,   -5.7085400820e-01,
    9.4599997997e-01,   -2.8935800552e+01,    9.4599997997e-01,    7.3915702820e+01,    9.4599997997e-01,    7.9512603581e-02,
    9.4709998369e-01,    2.1629100800e+01,    9.4709998369e-01,    7.6689399719e+01,    9.4709998369e-01,   -6.6646802425e-01,
    9.4819998741e-01,   -1.5552800179e+01,    9.4819998741e-01,    6.7726997375e+01,    9.4819998741e-01,    1.5932500362e-01,
    9.4929999113e-01,   -6.9144800305e-02,    9.4929999113e-01,    8.4179702759e+01,    9.4929999113e-01,   -2.1268199384e-01,
    9.5039999485e-01,    1.0213999748e+01,    9.5039999485e-01,    6.6271896362e+01,    9.5039999485e-01,    9.1794103384e-02,
    9.5149999857e-01,   -2.2451700211e+01,    9.5149999857e-01,    8.3264602661e+01,    9.5149999857e-01,   -4.6558398753e-02,
    9.5260000229e-01,    2.4721099854e+01,    9.5260000229e-01,    7.2800498962e+01,    9.5260000229e-01,   -6.8370097876e-01,
    9.5370000601e-01,   -2.7675699234e+01,    9.5370000601e-01,    7.6449096680e+01,    9.5370000601e-01,    1.6138100624e-01,
    9.5480000973e-01,    1.8954900742e+01,    9.5480000973e-01,    8.2829803467e+01,    9.5480000973e-01,   -4.5384898782e-01,
    9.5590001345e-01,   -9.3013601303e+00,    9.5590001345e-01,    6.9978103638e+01,    9.5590001345e-01,    3.6689099669e-01,
    9.5700001717e-01,   -4.5878801346e+00,    9.5700001717e-01,    8.8180801392e+01,    9.5700001717e-01,    4.2564298958e-02,
    9.5810002089e-01,    1.5696299553e+01,    9.5810002089e-01,    6.8976799011e+01,    9.5810002089e-01,   -1.3939599693e-01,
    9.5920002460e-01,   -2.4519899368e+01,    9.5920002460e-01,    8.4527099609e+01,    9.5920002460e-01,   -9.3933502212e-03,
    9.6030002832e-01,    2.6068199158e+01,    9.6030002832e-01,    7.6499099731e+01,    9.6030002832e-01,   -4.1793000698e-01,
    9.6139997244e-01,   -2.4870199203e+01,    9.6139997244e-01,    7.5267799377e+01,    9.6139997244e-01,    3.4855398536e-01,
    9.6249997616e-01,    1.4494199753e+01,    9.6249997616e-01,    8.5058898926e+01,    9.6249997616e-01,   -4.0829598904e-01,
    9.6359997988e-01,   -1.8576899767e+00,    9.6359997988e-01,    6.9516098022e+01,    9.6359997988e-01,    2.3279200494e-01,
    9.6469998360e-01,   -1.0279100418e+01,    9.6469998360e-01,    8.9027198792e+01,    9.6469998360e-01,   -5.0848200917e-02,
    9.6579998732e-01,    2.0641300201e+01,    9.6579998732e-01,    7.1091102600e+01,    9.6579998732e-01,   -1.1356899887e-01,
    9.6689999104e-01,   -2.7263399124e+01,    9.6689999104e-01,    8.3958503723e+01,    9.6689999104e-01,    9.7861602902e-02,
    9.6799999475e-01,    2.4874700546e+01,    9.6799999475e-01,    8.0104598999e+01,    9.6799999475e-01,   -2.7108600736e-01,
    9.6909999847e-01,   -1.9839099884e+01,    9.6909999847e-01,    7.4927101135e+01,    9.6909999847e-01,    2.2409999371e-01,
    9.7020000219e-01,    7.3980398178e+00,    9.7020000219e-01,    8.6622299194e+01,    9.7020000219e-01,   -1.2121099979e-02,
    9.7130000591e-01,    6.9836001396e+00,    9.7130000591e-01,    6.7969299316e+01,    9.7130000591e-01,   -1.6046300530e-01,
    9.7240000963e-01,   -1.8000900269e+01,    9.7240000963e-01,    8.7070999146e+01,    9.7240000963e-01,   -7.7197298408e-02,
    9.7350001335e-01,    2.4575899124e+01,    9.7350001335e-01,    7.1524200439e+01,    9.7350001335e-01,   -2.0832400024e-01,
    9.7460001707e-01,   -2.7230800629e+01,    9.7460001707e-01,    7.9449203491e+01,    9.7460001707e-01,   -1.9541500509e-01,
    9.7570002079e-01,    1.9716600418e+01,    9.7570002079e-01,    8.1053199768e+01,    9.7570002079e-01,   -1.3800099492e-01,
    9.7680002451e-01,   -9.7997598648e+00,    9.7680002451e-01,    6.9652603149e+01,    9.7680002451e-01,   -1.3257199526e-01,
    9.7790002823e-01,   -3.8136799335e+00,    9.7790002823e-01,    8.5412002563e+01,    9.7790002823e-01,   -3.1263598800e-01,
    9.7899997234e-01,    1.7072200775e+01,    9.7899997234e-01,    6.5811302185e+01,    9.7899997234e-01,   -2.6985698938e-01,
    9.8009997606e-01,   -2.5754299164e+01,    9.8009997606e-01,    8.1362098694e+01,    9.8009997606e-01,    1.1599799618e-02,
    9.8119997978e-01,    2.4943099976e+01,    9.8119997978e-01,    7.1538101196e+01,    9.8119997978e-01,   -3.0916899443e-01,
    9.8229998350e-01,   -2.1331800461e+01,    9.8229998350e-01,    7.0363998413e+01,    9.8229998350e-01,   -7.6739799976e-01,
    9.8339998722e-01,    9.5336303711e+00,    9.8339998722e-01,    7.9292900085e+01,    9.8339998722e-01,    2.4715800583e-01,
    9.8449999094e-01,    5.0201201439e+00,    9.8449999094e-01,    6.3459899902e+01,    9.8449999094e-01,   -1.1592599750e-01,
    9.8559999466e-01,   -1.6731300354e+01,    9.8559999466e-01,    8.0698799133e+01,    9.8559999466e-01,   -5.5821001530e-02,
    9.8669999838e-01,    2.5557199478e+01,    9.8669999838e-01,    6.4961303711e+01,    9.8669999838e-01,   -1.7098300159e-01,
    9.8780000210e-01,   -2.7440500259e+01,    9.8780000210e-01,    7.2100898743e+01,    9.8780000210e-01,   -4.7014600039e-01,
    9.8890000582e-01,    1.9281000137e+01,    9.8890000582e-01,    7.3842002869e+01,    9.8890000582e-01,    4.9612098932e-01,
    9.9000000954e-01,   -9.3211603165e+00,    9.9000000954e-01,    6.5396797180e+01,    9.9000000954e-01,   -5.8015400171e-01,
    9.9110001326e-01,   -5.8638601303e+00,    9.9110001326e-01,    7.9881698608e+01,    9.9110001326e-01,    3.2288199663e-01,
    9.9220001698e-01,    1.9457000732e+01,    9.9220001698e-01,    6.3213500977e+01,    9.9220001698e-01,   -1.0625100136e-01,
    9.9330002069e-01,   -2.8194099426e+01,    9.9330002069e-01,    7.7216796875e+01,    9.9330002069e-01,    6.6924802959e-02,
    9.9440002441e-01,    2.7691999435e+01,    9.9440002441e-01,    7.0522697449e+01,    9.9440002441e-01,   -2.9343599081e-01,
    9.9550002813e-01,   -2.3066099167e+01,    9.9550002813e-01,    6.8792701721e+01,    9.9550002813e-01,   -1.7680300400e-02,
    9.9659997225e-01,    5.8602499962e+00,    9.9659997225e-01,    7.8822502136e+01,    9.9659997225e-01,    8.1126499176e-01,
    9.9769997597e-01,    7.4679298401e+00,    9.9769997597e-01,    6.4007896423e+01,    9.9769997597e-01,   -3.5634300113e-01,
    9.9879997969e-01,   -2.3015300751e+01,    9.9879997969e-01,    7.9859199524e+01,    9.9879997969e-01,    4.0821701288e-02,
    9.9989998341e-01,    2.9887699127e+01,    9.9989998341e-01,    6.7523101807e+01,    9.9989998341e-01,   -3.4079399705e-01,
    1.0010000467e+00,   -3.2764900208e+01,    1.0010000467e+00,    7.2118598938e+01,    1.0010000467e+00,    4.2347401381e-01,
    1.0020999908e+00,    1.8859800339e+01,    1.0020999908e+00,    7.5960899353e+01,    1.0020999908e+00,    2.7867099643e-01,
    1.0032000542e+00,   -5.7491598129e+00,    1.0032000542e+00,    6.5688796997e+01,    1.0032000542e+00,   -1.0990600288e-01,
    1.0042999983e+00,   -1.4504300117e+01,    1.0042999983e+00,    7.8713897705e+01,    1.0042999983e+00,    4.8885598779e-01,
    1.0053999424e+00,    2.6987800598e+01,    1.0053999424e+00,    6.5155403137e+01,    1.0053999424e+00,   -8.0093801022e-02,
    1.0065000057e+00,   -3.4628700256e+01,    1.0065000057e+00,    7.5324401855e+01,    1.0065000057e+00,    2.8730300069e-01,
    1.0075999498e+00,    2.8994300842e+01,    1.0075999498e+00,    7.4833503723e+01,    1.0075999498e+00,    1.5369500220e-01,
    1.0087000132e+00,   -1.8093500137e+01,    1.0087000132e+00,    6.8599601746e+01,    1.0087000132e+00,    7.3065799475e-01,
    1.0097999573e+00,   -2.9165999889e+00,    1.0097999573e+00,    8.0689002991e+01,    1.0097999573e+00,    5.4520601034e-01,
    1.0109000206e+00,    1.9065000534e+01,    1.0109000206e+00,    6.6674598694e+01,    1.0109000206e+00,   -1.8581800163e-01,
    1.0119999647e+00,   -3.2674701691e+01,    1.0119999647e+00,    7.9596298218e+01,    1.0119999647e+00,    7.8215199709e-01,
    1.0131000280e+00,    3.3383701324e+01,    1.0131000280e+00,    7.3688400269e+01,    1.0131000280e+00,   -3.0461400747e-01,
    1.0141999722e+00,   -2.6513900757e+01,    1.0141999722e+00,    7.2713798523e+01,    1.0141999722e+00,    6.1502200365e-01,
    1.0153000355e+00,    1.0096099854e+01,    1.0153000355e+00,    8.2966697693e+01,    1.0153000355e+00,    8.6060398817e-01,
    1.0163999796e+00,    9.6090698242e+00,    1.0163999796e+00,    6.8748397827e+01,    1.0163999796e+00,    6.8162000179e-01,
    1.0175000429e+00,   -2.6026399612e+01,    1.0175000429e+00,    8.1841201782e+01,    1.0175000429e+00,    4.2838698626e-01,
    1.0185999870e+00,    3.4088600159e+01,    1.0185999870e+00,    7.1722000122e+01,    1.0185999870e+00,    2.4699600041e-01,
    1.0197000504e+00,   -3.1242399216e+01,    1.0197000504e+00,    7.4077201843e+01,    1.0197000504e+00,    5.7999002934e-01,
    1.0207999945e+00,    1.9892599106e+01,    1.0207999945e+00,    8.0203399658e+01,    1.0207999945e+00,    4.4185701013e-01,
    1.0219000578e+00,    1.3123500347e+00,    1.0219000578e+00,    6.7575103760e+01,    1.0219000578e+00,   -4.7955401242e-02,
    1.0230000019e+00,   -1.8053600311e+01,    1.0230000019e+00,    8.1030097961e+01,    1.0230000019e+00,    7.2227299213e-01,
    1.0240999460e+00,    3.3389598846e+01,    1.0240999460e+00,    6.7797897339e+01,    1.0240999460e+00,    7.8771102428e-01,
    1.0252000093e+00,   -3.4059299469e+01,    1.0252000093e+00,    7.3320198059e+01,    1.0252000093e+00,    2.5900399685e-01,
    1.0262999535e+00,    2.5801599503e+01,    1.0262999535e+00,    7.6436500549e+01,    1.0262999535e+00,    2.6373898983e-01,
    1.0274000168e+00,   -6.5801100731e+00,    1.0274000168e+00,    6.7492996216e+01,    1.0274000168e+00,   -5.2516698837e-01,
    1.0284999609e+00,   -1.1777799606e+01,    1.0284999609e+00,    8.0461502075e+01,    1.0284999609e+00,    1.4455699921e+00,
    1.0296000242e+00,    3.0437799454e+01,    1.0296000242e+00,    6.6609901428e+01,    1.0296000242e+00,   -1.9547000527e-01,
    1.0306999683e+00,   -3.4362598419e+01,    1.0306999683e+00,    7.4276100159e+01,    1.0306999683e+00,   -4.4676400721e-02,
    1.0318000317e+00,    2.8965700150e+01,    1.0318000317e+00,    7.5469596863e+01,    1.0318000317e+00,    3.8335499167e-01,
    1.0328999758e+00,   -1.0839900017e+01,    1.0328999758e+00,    6.7945297241e+01,    1.0328999758e+00,    7.4665397406e-02,
    1.0340000391e+00,   -7.6483402252e+00,    1.0340000391e+00,    8.0986396790e+01,    1.0340000391e+00,    5.3475600481e-01,
    1.0350999832e+00,    2.9192899704e+01,    1.0350999832e+00,    6.6787696838e+01,    1.0350999832e+00,   -4.5887801051e-01,
    1.0362000465e+00,   -3.4357101440e+01,    1.0362000465e+00,    7.5895599365e+01,    1.0362000465e+00,   -1.7576399446e-01,
    1.0372999907e+00,    3.1459100723e+01,    1.0372999907e+00,    7.5081802368e+01,    1.0372999907e+00,    1.0972200334e-01,
    1.0384000540e+00,   -1.1005800247e+01,    1.0384000540e+00,    6.8580596924e+01,    1.0384000540e+00,    6.5847301483e-01,
    1.0394999981e+00,   -7.4275698662e+00,    1.0394999981e+00,    8.1354103088e+01,    1.0394999981e+00,   -4.8770099878e-02,
    1.0405999422e+00,    2.8872400284e+01,    1.0405999422e+00,    6.7365196228e+01,    1.0405999422e+00,   -1.5835900605e-01,
    1.0417000055e+00,   -3.3553798676e+01,    1.0417000055e+00,    7.7475799561e+01,    1.0417000055e+00,    7.9512201250e-02,
    1.0427999496e+00,    3.2534900665e+01,    1.0427999496e+00,    7.6849197388e+01,    1.0427999496e+00,   -2.3484100401e-01,
    1.0439000130e+00,   -1.1103500366e+01,    1.0439000130e+00,    7.0852203369e+01,    1.0439000130e+00,    5.7010000944e-01,
    1.0449999571e+00,   -7.7153301239e+00,    1.0449999571e+00,    8.3263801575e+01,    1.0449999571e+00,   -3.2605999708e-01,
    1.0461000204e+00,    2.8943599701e+01,    1.0461000204e+00,    6.9000198364e+01,    1.0461000204e+00,   -1.4811599627e-02,
    1.0471999645e+00,   -3.3689399719e+01,    1.0471999645e+00,    7.9990097046e+01,    1.0471999645e+00,   -1.5219999850e-01,
    1.0483000278e+00,    3.2098701477e+01,    1.0483000278e+00,    7.8943397522e+01,    1.0483000278e+00,    6.6584996879e-02,
    1.0493999720e+00,   -1.1184900284e+01,    1.0493999720e+00,    7.3062698364e+01,    1.0493999720e+00,    1.9214800000e-01,
    1.0505000353e+00,   -9.7983703613e+00,    1.0505000353e+00,    8.5746902466e+01,    1.0505000353e+00,    1.6813600063e-01,
    1.0515999794e+00,    2.9712200165e+01,    1.0515999794e+00,    7.0632003784e+01,    1.0515999794e+00,    5.5458400398e-02,
    1.0527000427e+00,   -3.4568000793e+01,    1.0527000427e+00,    8.1239501953e+01,    1.0527000427e+00,    1.0444600135e-01,
    1.0537999868e+00,    3.0315700531e+01,    1.0537999868e+00,    8.0430900574e+01,    1.0537999868e+00,   -7.2225099802e-01,
    1.0549000502e+00,   -1.0580499649e+01,    1.0549000502e+00,    7.4580101013e+01,    1.0549000502e+00,    8.1073902547e-02,
    1.0559999943e+00,   -1.3553199768e+01,    1.0559999943e+00,    8.7072502136e+01,    1.0559999943e+00,    4.1055798531e-01,
    1.0571000576e+00,    3.1102800369e+01,    1.0571000576e+00,    7.1812301636e+01,    1.0571000576e+00,   -1.9460299611e-01,
    1.0582000017e+00,   -3.6042800903e+01,    1.0582000017e+00,    8.1320899963e+01,    1.0582000017e+00,    7.8257101774e-01,
    1.0592999458e+00,    2.9210100174e+01,    1.0592999458e+00,    8.0725601196e+01,    1.0592999458e+00,   -7.1086001396e-01,
    1.0604000092e+00,   -8.1651000977e+00,    1.0604000092e+00,    7.3950897217e+01,    1.0604000092e+00,    3.2240599394e-01,
    1.0614999533e+00,   -1.7021099091e+01,    1.0614999533e+00,    8.5648300171e+01,    1.0614999533e+00,    4.6715798974e-01,
    1.0626000166e+00,    3.3084098816e+01,    1.0626000166e+00,    7.1197601318e+01,    1.0626000166e+00,   -3.3105298877e-01,
    1.0636999607e+00,   -3.6866600037e+01,    1.0636999607e+00,    7.9505500793e+01,    1.0636999607e+00,    2.8368100524e-01,
    1.0648000240e+00,    2.5865200043e+01,    1.0648000240e+00,    7.9794097900e+01,    1.0648000240e+00,   -3.4463199973e-01,
    1.0658999681e+00,   -3.5462799072e+00,    1.0658999681e+00,    7.1582099915e+01,    1.0658999681e+00,    2.1930700541e-01,
    1.0670000315e+00,   -2.2758600235e+01,    1.0670000315e+00,    8.2587196350e+01,    1.0670000315e+00,   -4.3816000223e-01,
    1.0680999756e+00,    3.5221099854e+01,    1.0680999756e+00,    6.8195602417e+01,    1.0680999756e+00,   -1.2559999526e-01,
    1.0692000389e+00,   -3.5973098755e+01,    1.0692000389e+00,    7.5244598389e+01,    1.0692000389e+00,   -1.0431800038e-01,
    1.0702999830e+00,    2.0623300552e+01,    1.0702999830e+00,    7.6271400452e+01,    1.0702999830e+00,   -3.9860299230e-01,
    1.0714000463e+00,    2.4331600666e+00,    1.0714000463e+00,    6.5486999512e+01,    1.0714000463e+00,    2.0147699863e-02,
    1.0724999905e+00,   -2.8909200668e+01,    1.0724999905e+00,    7.7651496887e+01,    1.0724999905e+00,   -1.5929499269e-01,
    1.0736000538e+00,    3.6968799591e+01,    1.0736000538e+00,    6.4891998291e+01,    1.0736000538e+00,   -3.2270899415e-01,
    1.0746999979e+00,   -3.2717700958e+01,    1.0746999979e+00,    6.8536903381e+01,    1.0746999979e+00,   -1.7038699985e-01,
    1.0757999420e+00,    1.3593400002e+01,    1.0757999420e+00,    7.3597801208e+01,    1.0757999420e+00,   -5.8686202765e-01,
    1.0769000053e+00,    9.1365804672e+00,    1.0769000053e+00,    6.0309299469e+01,    1.0769000053e+00,    7.9996697605e-02,
    1.0779999495e+00,   -3.4215999603e+01,    1.0779999495e+00,    7.1949203491e+01,    1.0779999495e+00,    7.0647701621e-02,
    1.0791000128e+00,    3.7904598236e+01,    1.0791000128e+00,    6.2417198181e+01,    1.0791000128e+00,   -5.4132199287e-01,
    1.0801999569e+00,   -2.6379999161e+01,    1.0801999569e+00,    6.3623401642e+01,    1.0801999569e+00,   -3.7757000327e-01,
    1.0813000202e+00,    2.7849500179e+00,    1.0813000202e+00,    7.2578796387e+01,    1.0813000202e+00,   -6.0785299540e-01,
    1.0823999643e+00,    1.8150499344e+01,    1.0823999643e+00,    5.8609600067e+01,    1.0823999643e+00,    3.3758899570e-01,
    1.0835000277e+00,   -3.7838298798e+01,    1.0835000277e+00,    7.2697700500e+01,    1.0835000277e+00,   -6.4291797578e-02,
    1.0845999718e+00,    3.4570098877e+01,    1.0845999718e+00,    6.6941902161e+01,    1.0845999718e+00,   -7.2715801001e-01,
    1.0857000351e+00,   -1.6012100220e+01,    1.0857000351e+00,    6.4655700684e+01,    1.0857000351e+00,   -2.4988800287e-01,
    1.0867999792e+00,   -9.9289302826e+00,    1.0867999792e+00,    7.6848297119e+01,    1.0867999792e+00,   -6.8909800053e-01,
    1.0879000425e+00,    2.6605199814e+01,    1.0879000425e+00,    6.1652599335e+01,    1.0879000425e+00,   -7.7722598799e-03,
    1.0889999866e+00,   -3.6234798431e+01,    1.0889999866e+00,    7.4599098206e+01,    1.0889999866e+00,    9.0053901076e-02,
    1.0901000500e+00,    2.6097700119e+01,    1.0901000500e+00,    7.2550003052e+01,    1.0901000500e+00,   -1.1331900358e+00,
    1.0911999941e+00,   -4.0063600540e+00,    1.0911999941e+00,    6.5787101746e+01,    1.0911999941e+00,   -2.2362299263e-01,
    1.0923000574e+00,   -2.2219699860e+01,    1.0923000574e+00,    8.0769699097e+01,    1.0923000574e+00,   -2.7577498555e-01,
    1.0934000015e+00,    3.1440000534e+01,    1.0934000015e+00,    6.4997596741e+01,    1.0934000015e+00,   -1.8166899681e-01,
    1.0944999456e+00,   -2.9343500137e+01,    1.0944999456e+00,    7.1199600220e+01,    1.0944999456e+00,    5.6130200624e-02,
    1.0956000090e+00,    1.3717700005e+01,    1.0956000090e+00,    7.4821899414e+01,    1.0956000090e+00,   -8.7115401030e-01,
    1.0966999531e+00,    7.7805199623e+00,    1.0966999531e+00,    6.2320701599e+01,    1.0966999531e+00,   -1.4499999583e-01,
    1.0978000164e+00,   -2.9179599762e+01,    1.0978000164e+00,    8.0050697327e+01,    1.0978000164e+00,    6.9049298763e-02,
    1.0988999605e+00,    3.1171600342e+01,    1.0988999605e+00,    6.7663497925e+01,    1.0988999605e+00,    5.3433698416e-01,
    1.1000000238e+00,   -1.9477899551e+01,    1.1000000238e+00,    6.9481399536e+01,    1.1000000238e+00,   -2.6651600003e-01,
