LS-DYNA keyword deck by LS-PrePost,Rcforc Data
Time,Ma 376 X-force,Time,Ma 376 Y-force,Time,Ma 376 Z-force,
    0.0000000000e+00,    0.0000000000e+00,    0.0000000000e+00,    0.0000000000e+00,    0.0000000000e+00,    0.0000000000e+00,
    1.0997500503e-03,    0.0000000000e+00,    1.0997500503e-03,    0.0000000000e+00,    1.0997500503e-03,    0.0000000000e+00,
    2.1997699514e-03,    0.0000000000e+00,    2.1997699514e-03,    0.0000000000e+00,    2.1997699514e-03,    0.0000000000e+00,
    3.2998500392e-03,    0.0000000000e+00,    3.2998500392e-03,    0.0000000000e+00,    3.2998500392e-03,    0.0000000000e+00,
    4.3996800669e-03,    0.0000000000e+00,    4.3996800669e-03,    0.0000000000e+00,    4.3996800669e-03,    0.0000000000e+00,
    5.4998099804e-03,    0.0000000000e+00,    5.4998099804e-03,    0.0000000000e+00,    5.4998099804e-03,    0.0000000000e+00,
    6.5997899510e-03,    0.0000000000e+00,    6.5997899510e-03,    0.0000000000e+00,    6.5997899510e-03,    0.0000000000e+00,
    7.6998798177e-03,    0.0000000000e+00,    7.6998798177e-03,    0.0000000000e+00,    7.6998798177e-03,    0.0000000000e+00,
    8.7998397648e-03,    0.0000000000e+00,    8.7998397648e-03,    0.0000000000e+00,    8.7998397648e-03,    0.0000000000e+00,
    9.8999300972e-03,    0.0000000000e+00,    9.8999300972e-03,    0.0000000000e+00,    9.8999300972e-03,    0.0000000000e+00,
    1.0999900289e-02,    0.0000000000e+00,    1.0999900289e-02,    0.0000000000e+00,    1.0999900289e-02,    0.0000000000e+00,
    1.2099799700e-02,    0.0000000000e+00,    1.2099799700e-02,    0.0000000000e+00,    1.2099799700e-02,    0.0000000000e+00,
    1.3199700043e-02,    0.0000000000e+00,    1.3199700043e-02,    0.0000000000e+00,    1.3199700043e-02,    0.0000000000e+00,
    1.4299700037e-02,    0.0000000000e+00,    1.4299700037e-02,    0.0000000000e+00,    1.4299700037e-02,    0.0000000000e+00,
    1.5399900265e-02,    0.0000000000e+00,    1.5399900265e-02,    0.0000000000e+00,    1.5399900265e-02,    0.0000000000e+00,
    1.6499700025e-02,    0.0000000000e+00,    1.6499700025e-02,    0.0000000000e+00,    1.6499700025e-02,    0.0000000000e+00,
    1.7599800602e-02,    0.0000000000e+00,    1.7599800602e-02,    0.0000000000e+00,    1.7599800602e-02,    0.0000000000e+00,
    1.8699999899e-02,    0.0000000000e+00,    1.8699999899e-02,    0.0000000000e+00,    1.8699999899e-02,    0.0000000000e+00,
    1.9799899310e-02,    0.0000000000e+00,    1.9799899310e-02,    0.0000000000e+00,    1.9799899310e-02,    0.0000000000e+00,
    2.0899899304e-02,    0.0000000000e+00,    2.0899899304e-02,    0.0000000000e+00,    2.0899899304e-02,    0.0000000000e+00,
    2.1999800578e-02,    0.0000000000e+00,    2.1999800578e-02,    0.0000000000e+00,    2.1999800578e-02,    0.0000000000e+00,
    2.3099899292e-02,    0.0000000000e+00,    2.3099899292e-02,    0.0000000000e+00,    2.3099899292e-02,    0.0000000000e+00,
    2.4199800566e-02,    0.0000000000e+00,    2.4199800566e-02,    0.0000000000e+00,    2.4199800566e-02,    0.0000000000e+00,
    2.5299999863e-02,    0.0000000000e+00,    2.5299999863e-02,    0.0000000000e+00,    2.5299999863e-02,    0.0000000000e+00,
    2.6399999857e-02,    0.0000000000e+00,    2.6399999857e-02,    0.0000000000e+00,    2.6399999857e-02,    0.0000000000e+00,
    2.7499899268e-02,    0.0000000000e+00,    2.7499899268e-02,    0.0000000000e+00,    2.7499899268e-02,    0.0000000000e+00,
    2.8599699959e-02,    0.0000000000e+00,    2.8599699959e-02,    0.0000000000e+00,    2.8599699959e-02,    0.0000000000e+00,
    2.9699699953e-02,    0.0000000000e+00,    2.9699699953e-02,    0.0000000000e+00,    2.9699699953e-02,    0.0000000000e+00,
    3.0799800530e-02,    0.0000000000e+00,    3.0799800530e-02,    0.0000000000e+00,    3.0799800530e-02,    0.0000000000e+00,
    3.1899798661e-02,    0.0000000000e+00,    3.1899798661e-02,    0.0000000000e+00,    3.1899798661e-02,    0.0000000000e+00,
    3.2999701798e-02,    0.0000000000e+00,    3.2999701798e-02,    0.0000000000e+00,    3.2999701798e-02,    0.0000000000e+00,
    3.4099999815e-02,    0.0000000000e+00,    3.4099999815e-02,    0.0000000000e+00,    3.4099999815e-02,    0.0000000000e+00,
    3.5199798644e-02,    0.0000000000e+00,    3.5199798644e-02,    0.0000000000e+00,    3.5199798644e-02,    0.0000000000e+00,
    3.6299798638e-02,    0.0000000000e+00,    3.6299798638e-02,    0.0000000000e+00,    3.6299798638e-02,    0.0000000000e+00,
    3.7399701774e-02,    0.0000000000e+00,    3.7399701774e-02,    0.0000000000e+00,    3.7399701774e-02,    0.0000000000e+00,
    3.8499798626e-02,    0.0000000000e+00,    3.8499798626e-02,    0.0000000000e+00,    3.8499798626e-02,    0.0000000000e+00,
    3.9599899203e-02,    0.0000000000e+00,    3.9599899203e-02,    0.0000000000e+00,    3.9599899203e-02,    0.0000000000e+00,
    4.0699701756e-02,    0.0000000000e+00,    4.0699701756e-02,    0.0000000000e+00,    4.0699701756e-02,    0.0000000000e+00,
    4.1799701750e-02,    0.0000000000e+00,    4.1799701750e-02,    0.0000000000e+00,    4.1799701750e-02,    0.0000000000e+00,
    4.2899999768e-02,    0.0000000000e+00,    4.2899999768e-02,    0.0000000000e+00,    4.2899999768e-02,    0.0000000000e+00,
    4.3999701738e-02,    0.0000000000e+00,    4.3999701738e-02,    0.0000000000e+00,    4.3999701738e-02,    0.0000000000e+00,
    4.5099899173e-02,    0.0000000000e+00,    4.5099899173e-02,    0.0000000000e+00,    4.5099899173e-02,    0.0000000000e+00,
    4.6199999750e-02,    0.0000000000e+00,    4.6199999750e-02,    0.0000000000e+00,    4.6199999750e-02,    0.0000000000e+00,
    4.7299999744e-02,    0.0000000000e+00,    4.7299999744e-02,    0.0000000000e+00,    4.7299999744e-02,    0.0000000000e+00,
    4.8399899155e-02,    0.0000000000e+00,    4.8399899155e-02,    0.0000000000e+00,    4.8399899155e-02,    0.0000000000e+00,
    4.9499899149e-02,    0.0000000000e+00,    4.9499899149e-02,    0.0000000000e+00,    4.9499899149e-02,    0.0000000000e+00,
    5.0599899143e-02,    0.0000000000e+00,    5.0599899143e-02,    0.0000000000e+00,    5.0599899143e-02,    0.0000000000e+00,
    5.1699999720e-02,    0.0000000000e+00,    5.1699999720e-02,    0.0000000000e+00,    5.1699999720e-02,    0.0000000000e+00,
    5.2799798548e-02,    0.0000000000e+00,    5.2799798548e-02,    0.0000000000e+00,    5.2799798548e-02,    0.0000000000e+00,
    5.3899999708e-02,    0.0000000000e+00,    5.3899999708e-02,    0.0000000000e+00,    5.3899999708e-02,    0.0000000000e+00,
    5.4999899119e-02,    0.0000000000e+00,    5.4999899119e-02,    0.0000000000e+00,    5.4999899119e-02,    0.0000000000e+00,
    5.6099701673e-02,    0.0000000000e+00,    5.6099701673e-02,    0.0000000000e+00,    5.6099701673e-02,    0.0000000000e+00,
    5.7199899107e-02,    0.0000000000e+00,    5.7199899107e-02,    0.0000000000e+00,    5.7199899107e-02,    0.0000000000e+00,
    5.8299798518e-02,    0.0000000000e+00,    5.8299798518e-02,    0.0000000000e+00,    5.8299798518e-02,    0.0000000000e+00,
    5.9399899095e-02,    0.0000000000e+00,    5.9399899095e-02,    0.0000000000e+00,    5.9399899095e-02,    0.0000000000e+00,
    6.0499999672e-02,    0.0000000000e+00,    6.0499999672e-02,    0.0000000000e+00,    6.0499999672e-02,    0.0000000000e+00,
    6.1599999666e-02,    0.0000000000e+00,    6.1599999666e-02,    0.0000000000e+00,    6.1599999666e-02,    0.0000000000e+00,
    6.2700003386e-02,    0.0000000000e+00,    6.2700003386e-02,    0.0000000000e+00,    6.2700003386e-02,    0.0000000000e+00,
    6.3799798489e-02,    0.0000000000e+00,    6.3799798489e-02,    0.0000000000e+00,    6.3799798489e-02,    0.0000000000e+00,
    6.4899697900e-02,    0.0000000000e+00,    6.4899697900e-02,    0.0000000000e+00,    6.4899697900e-02,    0.0000000000e+00,
    6.5999798477e-02,    0.0000000000e+00,    6.5999798477e-02,    0.0000000000e+00,    6.5999798477e-02,    0.0000000000e+00,
    6.7099802196e-02,    0.0000000000e+00,    6.7099802196e-02,    0.0000000000e+00,    6.7099802196e-02,    0.0000000000e+00,
    6.8199798465e-02,    0.0000000000e+00,    6.8199798465e-02,    0.0000000000e+00,    6.8199798465e-02,    0.0000000000e+00,
    6.9299802184e-02,    0.0000000000e+00,    6.9299802184e-02,    0.0000000000e+00,    6.9299802184e-02,    0.0000000000e+00,
    7.0399902761e-02,    0.0000000000e+00,    7.0399902761e-02,    0.0000000000e+00,    7.0399902761e-02,    0.0000000000e+00,
    7.1499802172e-02,    0.0000000000e+00,    7.1499802172e-02,    0.0000000000e+00,    7.1499802172e-02,    0.0000000000e+00,
    7.2599999607e-02,    0.0000000000e+00,    7.2599999607e-02,    0.0000000000e+00,    7.2599999607e-02,    0.0000000000e+00,
    7.3699899018e-02,    0.0000000000e+00,    7.3699899018e-02,    0.0000000000e+00,    7.3699899018e-02,    0.0000000000e+00,
    7.4799798429e-02,    0.0000000000e+00,    7.4799798429e-02,    0.0000000000e+00,    7.4799798429e-02,    0.0000000000e+00,
    7.5899899006e-02,    0.0000000000e+00,    7.5899899006e-02,    0.0000000000e+00,    7.5899899006e-02,    0.0000000000e+00,
    7.6999902725e-02,    0.0000000000e+00,    7.6999902725e-02,    0.0000000000e+00,    7.6999902725e-02,    0.0000000000e+00,
    7.8099802136e-02,    0.0000000000e+00,    7.8099802136e-02,    0.0000000000e+00,    7.8099802136e-02,    0.0000000000e+00,
    7.9199701548e-02,    0.0000000000e+00,    7.9199701548e-02,    0.0000000000e+00,    7.9199701548e-02,    0.0000000000e+00,
    8.0299697816e-02,    0.0000000000e+00,    8.0299697816e-02,    0.0000000000e+00,    8.0299697816e-02,    0.0000000000e+00,
    8.1399798393e-02,    0.0000000000e+00,    8.1399798393e-02,    0.0000000000e+00,    8.1399798393e-02,    0.0000000000e+00,
    8.2499898970e-02,    0.0000000000e+00,    8.2499898970e-02,    0.0000000000e+00,    8.2499898970e-02,    0.0000000000e+00,
    8.3599701524e-02,    0.0000000000e+00,    8.3599701524e-02,    0.0000000000e+00,    8.3599701524e-02,    0.0000000000e+00,
    8.4700003266e-02,    0.0000000000e+00,    8.4700003266e-02,    0.0000000000e+00,    8.4700003266e-02,    0.0000000000e+00,
    8.5799902678e-02,    0.0000000000e+00,    8.5799902678e-02,    0.0000000000e+00,    8.5799902678e-02,    0.0000000000e+00,
    8.6899802089e-02,    0.0000000000e+00,    8.6899802089e-02,    0.0000000000e+00,    8.6899802089e-02,    0.0000000000e+00,
    8.7999701500e-02,    0.0000000000e+00,    8.7999701500e-02,    0.0000000000e+00,    8.7999701500e-02,    0.0000000000e+00,
    8.9099697769e-02,    0.0000000000e+00,    8.9099697769e-02,    0.0000000000e+00,    8.9099697769e-02,    0.0000000000e+00,
    9.0199798346e-02,    0.0000000000e+00,    9.0199798346e-02,    0.0000000000e+00,    9.0199798346e-02,    0.0000000000e+00,
    9.1299898922e-02,    0.0000000000e+00,    9.1299898922e-02,    0.0000000000e+00,    9.1299898922e-02,    0.0000000000e+00,
    9.2399798334e-02,    0.0000000000e+00,    9.2399798334e-02,    0.0000000000e+00,    9.2399798334e-02,    0.0000000000e+00,
    9.3499802053e-02,    0.0000000000e+00,    9.3499802053e-02,    0.0000000000e+00,    9.3499802053e-02,    0.0000000000e+00,
    9.4599902630e-02,    0.0000000000e+00,    9.4599902630e-02,    0.0000000000e+00,    9.4599902630e-02,    0.0000000000e+00,
    9.5699898899e-02,    0.0000000000e+00,    9.5699898899e-02,    0.0000000000e+00,    9.5699898899e-02,    0.0000000000e+00,
    9.6799999475e-02,    0.0000000000e+00,    9.6799999475e-02,    0.0000000000e+00,    9.6799999475e-02,    0.0000000000e+00,
    9.7899697721e-02,    0.0000000000e+00,    9.7899697721e-02,    0.0000000000e+00,    9.7899697721e-02,    0.0000000000e+00,
    9.8999798298e-02,    0.0000000000e+00,    9.8999798298e-02,    0.0000000000e+00,    9.8999798298e-02,    0.0000000000e+00,
    1.0010000318e-01,    0.0000000000e+00,    1.0010000318e-01,    0.0000000000e+00,    1.0010000318e-01,    0.0000000000e+00,
    1.0119999945e-01,    0.0000000000e+00,    1.0119999945e-01,    0.0000000000e+00,    1.0119999945e-01,    0.0000000000e+00,
    1.0230000317e-01,    0.0000000000e+00,    1.0230000317e-01,    0.0000000000e+00,    1.0230000317e-01,    0.0000000000e+00,
    1.0339999944e-01,    0.0000000000e+00,    1.0339999944e-01,    0.0000000000e+00,    1.0339999944e-01,    0.0000000000e+00,
    1.0450000316e-01,    0.0000000000e+00,    1.0450000316e-01,    0.0000000000e+00,    1.0450000316e-01,    0.0000000000e+00,
    1.0559999943e-01,    0.0000000000e+00,    1.0559999943e-01,    0.0000000000e+00,    1.0559999943e-01,    0.0000000000e+00,
    1.0670000315e-01,    0.0000000000e+00,    1.0670000315e-01,    0.0000000000e+00,    1.0670000315e-01,    0.0000000000e+00,
    1.0779999942e-01,    0.0000000000e+00,    1.0779999942e-01,    0.0000000000e+00,    1.0779999942e-01,    0.0000000000e+00,
    1.0890000314e-01,    0.0000000000e+00,    1.0890000314e-01,    0.0000000000e+00,    1.0890000314e-01,    0.0000000000e+00,
    1.0999999940e-01,    0.0000000000e+00,    1.0999999940e-01,    0.0000000000e+00,    1.0999999940e-01,    0.0000000000e+00,
    1.1110000312e-01,    0.0000000000e+00,    1.1110000312e-01,    0.0000000000e+00,    1.1110000312e-01,    0.0000000000e+00,
    1.1219999939e-01,    0.0000000000e+00,    1.1219999939e-01,    0.0000000000e+00,    1.1219999939e-01,    0.0000000000e+00,
    1.1330000311e-01,    0.0000000000e+00,    1.1330000311e-01,    0.0000000000e+00,    1.1330000311e-01,    0.0000000000e+00,
    1.1439999938e-01,    0.0000000000e+00,    1.1439999938e-01,    0.0000000000e+00,    1.1439999938e-01,    0.0000000000e+00,
    1.1550000310e-01,    0.0000000000e+00,    1.1550000310e-01,    0.0000000000e+00,    1.1550000310e-01,    0.0000000000e+00,
    1.1659999937e-01,    0.0000000000e+00,    1.1659999937e-01,    0.0000000000e+00,    1.1659999937e-01,    0.0000000000e+00,
    1.1770000309e-01,    0.0000000000e+00,    1.1770000309e-01,    0.0000000000e+00,    1.1770000309e-01,    0.0000000000e+00,
    1.1879999936e-01,    0.0000000000e+00,    1.1879999936e-01,    0.0000000000e+00,    1.1879999936e-01,    0.0000000000e+00,
    1.1990000308e-01,    0.0000000000e+00,    1.1990000308e-01,    0.0000000000e+00,    1.1990000308e-01,    0.0000000000e+00,
    1.2099999934e-01,    0.0000000000e+00,    1.2099999934e-01,    0.0000000000e+00,    1.2099999934e-01,    0.0000000000e+00,
    1.2210000306e-01,    0.0000000000e+00,    1.2210000306e-01,    0.0000000000e+00,    1.2210000306e-01,    0.0000000000e+00,
    1.2319999933e-01,    0.0000000000e+00,    1.2319999933e-01,    0.0000000000e+00,    1.2319999933e-01,    0.0000000000e+00,
    1.2430000305e-01,    0.0000000000e+00,    1.2430000305e-01,    0.0000000000e+00,    1.2430000305e-01,    0.0000000000e+00,
    1.2540000677e-01,    0.0000000000e+00,    1.2540000677e-01,    0.0000000000e+00,    1.2540000677e-01,    0.0000000000e+00,
    1.2649999559e-01,    0.0000000000e+00,    1.2649999559e-01,    0.0000000000e+00,    1.2649999559e-01,    0.0000000000e+00,
    1.2759999931e-01,    0.0000000000e+00,    1.2759999931e-01,    0.0000000000e+00,    1.2759999931e-01,    0.0000000000e+00,
    1.2870000303e-01,    0.0000000000e+00,    1.2870000303e-01,    0.0000000000e+00,    1.2870000303e-01,    0.0000000000e+00,
    1.2980000675e-01,    0.0000000000e+00,    1.2980000675e-01,    0.0000000000e+00,    1.2980000675e-01,    0.0000000000e+00,
    1.3089999557e-01,    0.0000000000e+00,    1.3089999557e-01,    0.0000000000e+00,    1.3089999557e-01,    0.0000000000e+00,
    1.3199999928e-01,    0.0000000000e+00,    1.3199999928e-01,    0.0000000000e+00,    1.3199999928e-01,    0.0000000000e+00,
    1.3310000300e-01,    0.0000000000e+00,    1.3310000300e-01,    0.0000000000e+00,    1.3310000300e-01,    0.0000000000e+00,
    1.3420000672e-01,    0.0000000000e+00,    1.3420000672e-01,    0.0000000000e+00,    1.3420000672e-01,    0.0000000000e+00,
    1.3529999554e-01,    0.0000000000e+00,    1.3529999554e-01,    0.0000000000e+00,    1.3529999554e-01,    0.0000000000e+00,
    1.3639999926e-01,    0.0000000000e+00,    1.3639999926e-01,    0.0000000000e+00,    1.3639999926e-01,    0.0000000000e+00,
    1.3750000298e-01,    0.0000000000e+00,    1.3750000298e-01,    0.0000000000e+00,    1.3750000298e-01,    0.0000000000e+00,
    1.3860000670e-01,    0.0000000000e+00,    1.3860000670e-01,    0.0000000000e+00,    1.3860000670e-01,    0.0000000000e+00,
    1.3969999552e-01,    0.0000000000e+00,    1.3969999552e-01,    0.0000000000e+00,    1.3969999552e-01,    0.0000000000e+00,
    1.4079999924e-01,    0.0000000000e+00,    1.4079999924e-01,    0.0000000000e+00,    1.4079999924e-01,    0.0000000000e+00,
    1.4190000296e-01,    0.0000000000e+00,    1.4190000296e-01,    0.0000000000e+00,    1.4190000296e-01,    0.0000000000e+00,
    1.4300000668e-01,    0.0000000000e+00,    1.4300000668e-01,    0.0000000000e+00,    1.4300000668e-01,    0.0000000000e+00,
    1.4409999549e-01,    0.0000000000e+00,    1.4409999549e-01,    0.0000000000e+00,    1.4409999549e-01,    0.0000000000e+00,
    1.4519999921e-01,    0.0000000000e+00,    1.4519999921e-01,    0.0000000000e+00,    1.4519999921e-01,    0.0000000000e+00,
    1.4630000293e-01,    0.0000000000e+00,    1.4630000293e-01,    0.0000000000e+00,    1.4630000293e-01,    0.0000000000e+00,
    1.4740000665e-01,    0.0000000000e+00,    1.4740000665e-01,    0.0000000000e+00,    1.4740000665e-01,    0.0000000000e+00,
    1.4849999547e-01,    0.0000000000e+00,    1.4849999547e-01,    0.0000000000e+00,    1.4849999547e-01,    0.0000000000e+00,
    1.4959999919e-01,    0.0000000000e+00,    1.4959999919e-01,    0.0000000000e+00,    1.4959999919e-01,    0.0000000000e+00,
    1.5070000291e-01,    0.0000000000e+00,    1.5070000291e-01,    0.0000000000e+00,    1.5070000291e-01,    0.0000000000e+00,
    1.5180000663e-01,    0.0000000000e+00,    1.5180000663e-01,    0.0000000000e+00,    1.5180000663e-01,    0.0000000000e+00,
    1.5289999545e-01,    0.0000000000e+00,    1.5289999545e-01,    0.0000000000e+00,    1.5289999545e-01,    0.0000000000e+00,
    1.5399999917e-01,    0.0000000000e+00,    1.5399999917e-01,    0.0000000000e+00,    1.5399999917e-01,    0.0000000000e+00,
    1.5510000288e-01,    0.0000000000e+00,    1.5510000288e-01,    0.0000000000e+00,    1.5510000288e-01,    0.0000000000e+00,
    1.5620000660e-01,    0.0000000000e+00,    1.5620000660e-01,    0.0000000000e+00,    1.5620000660e-01,    0.0000000000e+00,
    1.5729999542e-01,    0.0000000000e+00,    1.5729999542e-01,    0.0000000000e+00,    1.5729999542e-01,    0.0000000000e+00,
    1.5839999914e-01,    0.0000000000e+00,    1.5839999914e-01,    0.0000000000e+00,    1.5839999914e-01,    0.0000000000e+00,
    1.5950000286e-01,    0.0000000000e+00,    1.5950000286e-01,    0.0000000000e+00,    1.5950000286e-01,    0.0000000000e+00,
    1.6060000658e-01,    0.0000000000e+00,    1.6060000658e-01,    0.0000000000e+00,    1.6060000658e-01,    0.0000000000e+00,
    1.6169999540e-01,    0.0000000000e+00,    1.6169999540e-01,    0.0000000000e+00,    1.6169999540e-01,    0.0000000000e+00,
    1.6279999912e-01,    0.0000000000e+00,    1.6279999912e-01,    0.0000000000e+00,    1.6279999912e-01,    0.0000000000e+00,
    1.6390000284e-01,    0.0000000000e+00,    1.6390000284e-01,    0.0000000000e+00,    1.6390000284e-01,    0.0000000000e+00,
    1.6500000656e-01,    0.0000000000e+00,    1.6500000656e-01,    0.0000000000e+00,    1.6500000656e-01,    0.0000000000e+00,
    1.6609999537e-01,    0.0000000000e+00,    1.6609999537e-01,    0.0000000000e+00,    1.6609999537e-01,    0.0000000000e+00,
    1.6719999909e-01,    0.0000000000e+00,    1.6719999909e-01,    0.0000000000e+00,    1.6719999909e-01,    0.0000000000e+00,
    1.6830000281e-01,    0.0000000000e+00,    1.6830000281e-01,    0.0000000000e+00,    1.6830000281e-01,    0.0000000000e+00,
    1.6940000653e-01,    0.0000000000e+00,    1.6940000653e-01,    0.0000000000e+00,    1.6940000653e-01,    0.0000000000e+00,
    1.7049999535e-01,    0.0000000000e+00,    1.7049999535e-01,    0.0000000000e+00,    1.7049999535e-01,    0.0000000000e+00,
    1.7159999907e-01,    0.0000000000e+00,    1.7159999907e-01,    0.0000000000e+00,    1.7159999907e-01,    0.0000000000e+00,
    1.7270000279e-01,    0.0000000000e+00,    1.7270000279e-01,    0.0000000000e+00,    1.7270000279e-01,    0.0000000000e+00,
    1.7380000651e-01,    0.0000000000e+00,    1.7380000651e-01,    0.0000000000e+00,    1.7380000651e-01,    0.0000000000e+00,
    1.7489999533e-01,    0.0000000000e+00,    1.7489999533e-01,    0.0000000000e+00,    1.7489999533e-01,    0.0000000000e+00,
    1.7599999905e-01,    0.0000000000e+00,    1.7599999905e-01,    0.0000000000e+00,    1.7599999905e-01,    0.0000000000e+00,
    1.7710000277e-01,    0.0000000000e+00,    1.7710000277e-01,    0.0000000000e+00,    1.7710000277e-01,    0.0000000000e+00,
    1.7820000648e-01,    0.0000000000e+00,    1.7820000648e-01,    0.0000000000e+00,    1.7820000648e-01,    0.0000000000e+00,
    1.7929999530e-01,    0.0000000000e+00,    1.7929999530e-01,    0.0000000000e+00,    1.7929999530e-01,    0.0000000000e+00,
    1.8039999902e-01,    0.0000000000e+00,    1.8039999902e-01,    0.0000000000e+00,    1.8039999902e-01,    0.0000000000e+00,
    1.8150000274e-01,    0.0000000000e+00,    1.8150000274e-01,    0.0000000000e+00,    1.8150000274e-01,    0.0000000000e+00,
    1.8260000646e-01,    0.0000000000e+00,    1.8260000646e-01,    0.0000000000e+00,    1.8260000646e-01,    0.0000000000e+00,
    1.8369999528e-01,    0.0000000000e+00,    1.8369999528e-01,    0.0000000000e+00,    1.8369999528e-01,    0.0000000000e+00,
    1.8479999900e-01,    0.0000000000e+00,    1.8479999900e-01,    0.0000000000e+00,    1.8479999900e-01,    0.0000000000e+00,
    1.8590000272e-01,    0.0000000000e+00,    1.8590000272e-01,    0.0000000000e+00,    1.8590000272e-01,    0.0000000000e+00,
    1.8700000644e-01,    0.0000000000e+00,    1.8700000644e-01,    0.0000000000e+00,    1.8700000644e-01,    0.0000000000e+00,
    1.8809999526e-01,    0.0000000000e+00,    1.8809999526e-01,    0.0000000000e+00,    1.8809999526e-01,    0.0000000000e+00,
    1.8919999897e-01,    0.0000000000e+00,    1.8919999897e-01,    0.0000000000e+00,    1.8919999897e-01,    0.0000000000e+00,
    1.9030000269e-01,    0.0000000000e+00,    1.9030000269e-01,    0.0000000000e+00,    1.9030000269e-01,    0.0000000000e+00,
    1.9140000641e-01,    0.0000000000e+00,    1.9140000641e-01,    0.0000000000e+00,    1.9140000641e-01,    0.0000000000e+00,
    1.9249999523e-01,    0.0000000000e+00,    1.9249999523e-01,    0.0000000000e+00,    1.9249999523e-01,    0.0000000000e+00,
    1.9359999895e-01,    0.0000000000e+00,    1.9359999895e-01,    0.0000000000e+00,    1.9359999895e-01,    0.0000000000e+00,
    1.9470000267e-01,    0.0000000000e+00,    1.9470000267e-01,    0.0000000000e+00,    1.9470000267e-01,    0.0000000000e+00,
    1.9580000639e-01,    0.0000000000e+00,    1.9580000639e-01,    0.0000000000e+00,    1.9580000639e-01,    0.0000000000e+00,
    1.9689999521e-01,    0.0000000000e+00,    1.9689999521e-01,    0.0000000000e+00,    1.9689999521e-01,    0.0000000000e+00,
    1.9799999893e-01,    0.0000000000e+00,    1.9799999893e-01,    0.0000000000e+00,    1.9799999893e-01,    0.0000000000e+00,
    1.9910000265e-01,    0.0000000000e+00,    1.9910000265e-01,    0.0000000000e+00,    1.9910000265e-01,    0.0000000000e+00,
    2.0020000637e-01,    0.0000000000e+00,    2.0020000637e-01,    0.0000000000e+00,    2.0020000637e-01,    0.0000000000e+00,
    2.0129999518e-01,    0.0000000000e+00,    2.0129999518e-01,    0.0000000000e+00,    2.0129999518e-01,    0.0000000000e+00,
    2.0239999890e-01,    0.0000000000e+00,    2.0239999890e-01,    0.0000000000e+00,    2.0239999890e-01,    0.0000000000e+00,
    2.0350000262e-01,    0.0000000000e+00,    2.0350000262e-01,    0.0000000000e+00,    2.0350000262e-01,    0.0000000000e+00,
    2.0460000634e-01,    0.0000000000e+00,    2.0460000634e-01,    0.0000000000e+00,    2.0460000634e-01,    0.0000000000e+00,
    2.0569999516e-01,    0.0000000000e+00,    2.0569999516e-01,    0.0000000000e+00,    2.0569999516e-01,    0.0000000000e+00,
    2.0679999888e-01,    0.0000000000e+00,    2.0679999888e-01,    0.0000000000e+00,    2.0679999888e-01,    0.0000000000e+00,
    2.0790000260e-01,    0.0000000000e+00,    2.0790000260e-01,    0.0000000000e+00,    2.0790000260e-01,    0.0000000000e+00,
    2.0900000632e-01,    0.0000000000e+00,    2.0900000632e-01,    0.0000000000e+00,    2.0900000632e-01,    0.0000000000e+00,
    2.1009999514e-01,    0.0000000000e+00,    2.1009999514e-01,    0.0000000000e+00,    2.1009999514e-01,    0.0000000000e+00,
    2.1119999886e-01,    0.0000000000e+00,    2.1119999886e-01,    0.0000000000e+00,    2.1119999886e-01,    0.0000000000e+00,
    2.1230000257e-01,    0.0000000000e+00,    2.1230000257e-01,    0.0000000000e+00,    2.1230000257e-01,    0.0000000000e+00,
    2.1340000629e-01,    0.0000000000e+00,    2.1340000629e-01,    0.0000000000e+00,    2.1340000629e-01,    0.0000000000e+00,
    2.1449999511e-01,    0.0000000000e+00,    2.1449999511e-01,    0.0000000000e+00,    2.1449999511e-01,    0.0000000000e+00,
    2.1559999883e-01,    0.0000000000e+00,    2.1559999883e-01,    0.0000000000e+00,    2.1559999883e-01,    0.0000000000e+00,
    2.1670000255e-01,    0.0000000000e+00,    2.1670000255e-01,    0.0000000000e+00,    2.1670000255e-01,    0.0000000000e+00,
    2.1780000627e-01,    0.0000000000e+00,    2.1780000627e-01,    0.0000000000e+00,    2.1780000627e-01,    0.0000000000e+00,
    2.1889999509e-01,    0.0000000000e+00,    2.1889999509e-01,    0.0000000000e+00,    2.1889999509e-01,    0.0000000000e+00,
    2.1999999881e-01,    0.0000000000e+00,    2.1999999881e-01,    0.0000000000e+00,    2.1999999881e-01,    0.0000000000e+00,
    2.2110000253e-01,    0.0000000000e+00,    2.2110000253e-01,    0.0000000000e+00,    2.2110000253e-01,    0.0000000000e+00,
    2.2220000625e-01,    0.0000000000e+00,    2.2220000625e-01,    0.0000000000e+00,    2.2220000625e-01,    0.0000000000e+00,
    2.2329999506e-01,    0.0000000000e+00,    2.2329999506e-01,    0.0000000000e+00,    2.2329999506e-01,    0.0000000000e+00,
    2.2439999878e-01,    0.0000000000e+00,    2.2439999878e-01,    0.0000000000e+00,    2.2439999878e-01,    0.0000000000e+00,
    2.2550000250e-01,    0.0000000000e+00,    2.2550000250e-01,    0.0000000000e+00,    2.2550000250e-01,    0.0000000000e+00,
    2.2660000622e-01,    0.0000000000e+00,    2.2660000622e-01,    0.0000000000e+00,    2.2660000622e-01,    0.0000000000e+00,
    2.2769999504e-01,    0.0000000000e+00,    2.2769999504e-01,    0.0000000000e+00,    2.2769999504e-01,    0.0000000000e+00,
    2.2879999876e-01,    0.0000000000e+00,    2.2879999876e-01,    0.0000000000e+00,    2.2879999876e-01,    0.0000000000e+00,
    2.2990000248e-01,    0.0000000000e+00,    2.2990000248e-01,    0.0000000000e+00,    2.2990000248e-01,    0.0000000000e+00,
    2.3100000620e-01,    1.2318900190e-05,    2.3100000620e-01,    3.9998698048e-03,    2.3100000620e-01,    2.0724000933e-06,
    2.3209999502e-01,    1.7796299289e-05,    2.3209999502e-01,    2.0221300423e-02,    2.3209999502e-01,    6.2572697061e-05,
    2.3319999874e-01,    1.8521199308e-05,    2.3319999874e-01,    4.2966801673e-02,    2.3319999874e-01,    1.6946700634e-04,
    2.3430000246e-01,    2.0515399228e-05,    2.3430000246e-01,    7.5524598360e-02,    2.3430000246e-01,    7.2298396844e-05,
    2.3540000618e-01,    1.8493699827e-05,    2.3540000618e-01,    1.1150600016e-01,    2.3540000618e-01,    1.1926399748e-04,
    2.3649999499e-01,    1.3370599845e-05,    2.3649999499e-01,    1.5273599327e-01,    2.3649999499e-01,    1.1101499695e-04,
    2.3759999871e-01,    1.0134799595e-05,    2.3759999871e-01,    1.9737699628e-01,    2.3759999871e-01,    1.7563899746e-04,
    2.3870000243e-01,    2.1338200895e-06,    2.3870000243e-01,    2.4753600359e-01,    2.3870000243e-01,    1.7423799727e-04,
    2.3980000615e-01,   -6.9052802587e-08,    2.3980000615e-01,    3.0065000057e-01,    2.3980000615e-01,    2.3767299717e-04,
    2.4089999497e-01,   -9.5105697255e-06,    2.4089999497e-01,    3.5420799255e-01,    2.4089999497e-01,    1.9119599892e-04,
    2.4199999869e-01,   -1.7996400857e-05,    2.4199999869e-01,    4.1396498680e-01,    2.4199999869e-01,    1.7327199748e-04,
    2.4310000241e-01,   -2.2383999749e-05,    2.4310000241e-01,    4.7226598859e-01,    2.4310000241e-01,    2.0670999947e-04,
    2.4420000613e-01,   -9.5210496511e-05,    2.4420000613e-01,    5.3236901760e-01,    2.4420000613e-01,    1.4487000590e-04,
    2.4529999495e-01,   -2.0165300521e-04,    2.4529999495e-01,    5.9914398193e-01,    2.4529999495e-01,    9.8258999060e-05,
    2.4639999866e-01,   -1.9764600438e-04,    2.4639999866e-01,    6.7136198282e-01,    2.4639999866e-01,   -4.9163099902e-05,
    2.4750000238e-01,   -2.3575499654e-04,    2.4750000238e-01,    7.4543201923e-01,    2.4750000238e-01,    1.6345499898e-04,
    2.4860000610e-01,   -3.4870399395e-04,    2.4860000610e-01,    8.2781201601e-01,    2.4860000610e-01,    3.6859599641e-04,
    2.4969999492e-01,   -3.4679399687e-04,    2.4969999492e-01,    9.1293597221e-01,    2.4969999492e-01,    3.1562801450e-04,
    2.5080001354e-01,   -4.4946398702e-04,    2.5080001354e-01,    1.0013400316e+00,    2.5080001354e-01,    1.0938399646e-04,
    2.5189998746e-01,   -4.5274000149e-04,    2.5189998746e-01,    1.1015100479e+00,    2.5189998746e-01,   -4.9103598576e-04,
    2.5299999118e-01,   -6.0165097238e-04,    2.5299999118e-01,    1.2043600082e+00,    2.5299999118e-01,   -6.4145500073e-04,
    2.5409999490e-01,   -5.6469300762e-04,    2.5409999490e-01,    1.3083399534e+00,    2.5409999490e-01,   -6.6610099748e-04,
    2.5519999862e-01,   -6.1367702438e-04,    2.5519999862e-01,    1.4048000574e+00,    2.5519999862e-01,   -9.5947802765e-04,
    2.5630000234e-01,   -1.0039199842e-03,    2.5630000234e-01,    1.5100300312e+00,    2.5630000234e-01,   -1.3538700296e-03,
    2.5740000606e-01,   -9.5983000938e-04,    2.5740000606e-01,    1.6198999882e+00,    2.5740000606e-01,   -1.6472500283e-03,
    2.5850000978e-01,   -1.2009600177e-03,    2.5850000978e-01,    1.7299799919e+00,    2.5850000978e-01,   -1.2257900089e-03,
    2.5960001349e-01,   -1.6401299508e-03,    2.5960001349e-01,    1.8534400463e+00,    2.5960001349e-01,   -1.5450899955e-03,
    2.6069998741e-01,   -1.5869899653e-03,    2.6069998741e-01,    1.9972499609e+00,    2.6069998741e-01,   -2.3119300604e-03,
    2.6179999113e-01,   -1.7197000561e-03,    2.6179999113e-01,    2.1413300037e+00,    2.6179999113e-01,   -2.2793000098e-03,
    2.6289999485e-01,   -1.7678800505e-03,    2.6289999485e-01,    2.2820799351e+00,    2.6289999485e-01,   -2.3563599680e-03,
    2.6399999857e-01,   -2.0392099395e-03,    2.6399999857e-01,    2.4246499538e+00,    2.6399999857e-01,   -2.3072999902e-03,
    2.6510000229e-01,   -1.9684699364e-03,    2.6510000229e-01,    2.5785300732e+00,    2.6510000229e-01,   -1.8610700499e-03,
    2.6620000601e-01,   -2.0650499500e-03,    2.6620000601e-01,    2.7327699661e+00,    2.6620000601e-01,   -2.0297500305e-03,
    2.6730000973e-01,   -2.1379000973e-03,    2.6730000973e-01,    2.8891599178e+00,    2.6730000973e-01,   -2.4388099555e-03,
    2.6840001345e-01,   -2.0276100840e-03,    2.6840001345e-01,    3.0431299210e+00,    2.6840001345e-01,   -2.1780999377e-03,
    2.6949998736e-01,   -2.3570999037e-03,    2.6949998736e-01,    3.1897099018e+00,    2.6949998736e-01,   -1.9709500484e-03,
    2.7059999108e-01,   -2.6235100813e-03,    2.7059999108e-01,    3.3442199230e+00,    2.7059999108e-01,   -1.6092599835e-03,
    2.7169999480e-01,   -2.3835299071e-03,    2.7169999480e-01,    3.5069999695e+00,    2.7169999480e-01,   -1.9827201031e-03,
    2.7279999852e-01,   -8.5535598919e-04,    2.7279999852e-01,    3.6558399200e+00,    2.7279999852e-01,   -2.1721899975e-03,
    2.7390000224e-01,   -6.6381198121e-04,    2.7390000224e-01,    3.7966399193e+00,    2.7390000224e-01,   -2.4372600019e-03,
    2.7500000596e-01,   -3.6379799712e-03,    2.7500000596e-01,    3.9251399040e+00,    2.7500000596e-01,   -1.3853299897e-03,
    2.7610000968e-01,   -4.4751199894e-03,    2.7610000968e-01,    4.0703902245e+00,    2.7610000968e-01,   -1.2336500222e-03,
    2.7720001340e-01,   -1.4856499620e-03,    2.7720001340e-01,    4.2073998451e+00,    2.7720001340e-01,   -3.4972900175e-04,
    2.7829998732e-01,   -3.7909399252e-03,    2.7829998732e-01,    4.3350200653e+00,    2.7829998732e-01,    7.7563500963e-04,
    2.7939999104e-01,   -1.6040899791e-03,    2.7939999104e-01,    4.4398498535e+00,    2.7939999104e-01,    2.4237399921e-03,
    2.8049999475e-01,   -3.8952000905e-03,    2.8049999475e-01,    4.5380702019e+00,    2.8049999475e-01,    4.9350000918e-03,
    2.8159999847e-01,   -3.0278600752e-03,    2.8159999847e-01,    4.6426301003e+00,    2.8159999847e-01,    7.4950000271e-03,
    2.8270000219e-01,   -4.0903599001e-03,    2.8270000219e-01,    4.7544398308e+00,    2.8270000219e-01,    9.7831096500e-03,
    2.8380000591e-01,   -5.5636200123e-03,    2.8380000591e-01,    4.8865299225e+00,    2.8380000591e-01,    1.0460199788e-02,
    2.8490000963e-01,   -4.1669798084e-03,    2.8490000963e-01,    5.0433201790e+00,    2.8490000963e-01,    1.1636300012e-02,
    2.8600001335e-01,   -4.6880599111e-03,    2.8600001335e-01,    5.1925601959e+00,    2.8600001335e-01,    1.2355499901e-02,
    2.8709998727e-01,   -6.7631402053e-03,    2.8709998727e-01,    5.3426499367e+00,    2.8709998727e-01,    1.2512699701e-02,
    2.8819999099e-01,   -6.2727001496e-03,    2.8819999099e-01,    5.4959998131e+00,    2.8819999099e-01,    1.0320999660e-02,
    2.8929999471e-01,   -4.8163798638e-03,    2.8929999471e-01,    5.6343197823e+00,    2.8929999471e-01,    8.3921495825e-03,
    2.9039999843e-01,   -6.0863001272e-03,    2.9039999843e-01,    5.7487201691e+00,    2.9039999843e-01,    6.1882799491e-03,
    2.9150000215e-01,   -8.3095300943e-03,    2.9150000215e-01,    5.8597598076e+00,    2.9150000215e-01,    3.5974599887e-03,
    2.9260000587e-01,   -8.6274296045e-03,    2.9260000587e-01,    5.9688801765e+00,    2.9260000587e-01,   -5.4377701599e-04,
    2.9370000958e-01,   -9.2051904649e-03,    2.9370000958e-01,    6.0552601814e+00,    2.9370000958e-01,   -4.5546698384e-03,
    2.9480001330e-01,   -1.3308900408e-02,    2.9480001330e-01,    6.1139001846e+00,    2.9480001330e-01,   -8.2581304014e-03,
    2.9589998722e-01,   -1.3774399646e-02,    2.9589998722e-01,    6.1813502312e+00,    2.9589998722e-01,   -9.1492403299e-03,
    2.9699999094e-01,   -1.2695100158e-02,    2.9699999094e-01,    6.2222299576e+00,    2.9699999094e-01,   -9.6692796797e-03,
    2.9809999466e-01,   -1.3060100377e-02,    2.9809999466e-01,    6.2286300659e+00,    2.9809999466e-01,   -1.1267700233e-02,
    2.9919999838e-01,   -1.2620699592e-02,    2.9919999838e-01,    6.2167201042e+00,    2.9919999838e-01,   -1.1785799637e-02,
    3.0030000210e-01,   -1.4676299877e-02,    3.0030000210e-01,    6.2071800232e+00,    3.0030000210e-01,   -1.3105100021e-02,
    3.0140000582e-01,   -1.1550799944e-02,    3.0140000582e-01,    6.1742601395e+00,    3.0140000582e-01,   -1.1616799980e-02,
    3.0250000954e-01,   -9.4669302925e-03,    3.0250000954e-01,    6.1451101303e+00,    3.0250000954e-01,   -1.0352700017e-02,
    3.0360001326e-01,   -6.8624299020e-03,    3.0360001326e-01,    6.1279702187e+00,    3.0360001326e-01,   -8.5008097813e-03,
    3.0469998717e-01,   -5.6950100698e-03,    3.0469998717e-01,    6.1327900887e+00,    3.0469998717e-01,   -9.5760496333e-03,
    3.0579999089e-01,   -6.0906298459e-03,    3.0579999089e-01,    6.1540398598e+00,    3.0579999089e-01,   -1.2548799627e-02,
    3.0689999461e-01,   -6.1758100055e-03,    3.0689999461e-01,    6.2100200653e+00,    3.0689999461e-01,   -1.1892899871e-02,
    3.0799999833e-01,   -4.4802101329e-03,    3.0799999833e-01,    6.2764902115e+00,    3.0799999833e-01,   -1.1120099574e-02,
    3.0910000205e-01,   -4.6662800014e-03,    3.0910000205e-01,    6.3431401253e+00,    3.0910000205e-01,   -1.0203200392e-02,
    3.1020000577e-01,   -7.1833300171e-04,    3.1020000577e-01,    6.4063601494e+00,    3.1020000577e-01,   -1.2922599912e-02,
    3.1130000949e-01,   -1.1151200160e-03,    3.1130000949e-01,    6.4667801857e+00,    3.1130000949e-01,   -1.1595900171e-02,
    3.1240001321e-01,   -1.2253100285e-03,    3.1240001321e-01,    6.5357999802e+00,    3.1240001321e-01,   -1.2175000273e-02,
    3.1349998713e-01,   -1.2385300361e-03,    3.1349998713e-01,    6.5956401825e+00,    3.1349998713e-01,   -1.1709599756e-02,
    3.1459999084e-01,   -1.6982000088e-03,    3.1459999084e-01,    6.6710000038e+00,    3.1459999084e-01,   -1.1085200123e-02,
    3.1569999456e-01,   -1.5812700149e-03,    3.1569999456e-01,    6.7803201675e+00,    3.1569999456e-01,   -1.3126400299e-02,
    3.1679999828e-01,   -2.0616299007e-03,    3.1679999828e-01,    6.8990201950e+00,    3.1679999828e-01,   -1.3675100170e-02,
    3.1790000200e-01,   -6.6139997216e-04,    3.1790000200e-01,    7.0299401283e+00,    3.1790000200e-01,   -1.0313799605e-02,
    3.1900000572e-01,   -4.2616198771e-03,    3.1900000572e-01,    7.1615099907e+00,    3.1900000572e-01,   -1.0124900378e-02,
    3.2010000944e-01,   -2.0759298932e-03,    3.2010000944e-01,    7.3649201393e+00,    3.2010000944e-01,   -1.1493500322e-02,
    3.2120001316e-01,   -3.2468698919e-03,    3.2120001316e-01,    7.5415501595e+00,    3.2120001316e-01,   -1.1471100152e-02,
    3.2229998708e-01,   -3.3716799226e-03,    3.2229998708e-01,    7.6982598305e+00,    3.2229998708e-01,   -7.1077798493e-03,
    3.2339999080e-01,   -2.9679299332e-03,    3.2339999080e-01,    7.8537697792e+00,    3.2339999080e-01,   -7.0525901392e-03,
    3.2449999452e-01,   -2.3567599710e-03,    3.2449999452e-01,    7.9943199158e+00,    3.2449999452e-01,   -6.3852500170e-03,
    3.2559999824e-01,   -3.0267799739e-03,    3.2559999824e-01,    8.1404104233e+00,    3.2559999824e-01,   -6.5349601209e-03,
    3.2670000196e-01,   -2.2957599722e-03,    3.2670000196e-01,    8.2705602646e+00,    3.2670000196e-01,   -5.3923898377e-03,
    3.2780000567e-01,   -2.3577900138e-03,    3.2780000567e-01,    8.3912200928e+00,    3.2780000567e-01,   -4.7819400206e-03,
    3.2890000939e-01,   -2.7284000535e-03,    3.2890000939e-01,    8.4982004166e+00,    3.2890000939e-01,   -3.2486999407e-03,
    3.3000001311e-01,   -7.5811101124e-04,    3.3000001311e-01,    8.5891895294e+00,    3.3000001311e-01,    1.1752500432e-03,
    3.3109998703e-01,    1.7079499958e-04,    3.3109998703e-01,    8.5750398636e+00,    3.3109998703e-01,    1.5173500404e-02,
    3.3219999075e-01,   -5.3604799323e-03,    3.3219999075e-01,    8.4637498856e+00,    3.3219999075e-01,    2.4629900232e-02,
    3.3329999447e-01,    3.2411699649e-03,    3.3329999447e-01,    8.3992795944e+00,    3.3329999447e-01,    2.8617599979e-02,
    3.3439999819e-01,   -7.1708201431e-03,    3.3439999819e-01,    8.3682203293e+00,    3.3439999819e-01,    2.8357500210e-02,
    3.3550000191e-01,   -3.4513201099e-03,    3.3550000191e-01,    8.3590497971e+00,    3.3550000191e-01,    2.6995100081e-02,
    3.3660000563e-01,   -1.6676800442e-04,    3.3660000563e-01,    8.3925504684e+00,    3.3660000563e-01,    1.8837699667e-02,
    3.3770000935e-01,   -1.5431100037e-03,    3.3770000935e-01,    8.4305095673e+00,    3.3770000935e-01,    1.5164400451e-02,
    3.3880001307e-01,    6.4985099016e-04,    3.3880001307e-01,    8.4518699646e+00,    3.3880001307e-01,    9.3167703599e-03,
    3.3989998698e-01,    3.3576501301e-04,    3.3989998698e-01,    8.5033798218e+00,    3.3989998698e-01,    8.1934398040e-03,
    3.4099999070e-01,    1.5328699956e-03,    3.4099999070e-01,    8.5908098221e+00,    3.4099999070e-01,    5.0563002005e-03,
    3.4209999442e-01,   -9.2008098727e-04,    3.4209999442e-01,    8.6873197556e+00,    3.4209999442e-01,    1.5901499428e-03,
    3.4319999814e-01,   -1.8748899456e-03,    3.4319999814e-01,    8.7929897308e+00,    3.4319999814e-01,   -1.8035200192e-03,
    3.4430000186e-01,   -6.3589499332e-03,    3.4430000186e-01,    8.9125900269e+00,    3.4430000186e-01,   -6.3902698457e-03,
    3.4540000558e-01,   -3.1579199713e-03,    3.4540000558e-01,    9.0253295898e+00,    3.4540000558e-01,   -5.0626401789e-03,
    3.4650000930e-01,   -6.7549399100e-03,    3.4650000930e-01,    9.1196603775e+00,    3.4650000930e-01,   -6.3565098681e-03,
    3.4760001302e-01,   -5.2389199845e-03,    3.4760001302e-01,    9.2200002670e+00,    3.4760001302e-01,   -9.1215800494e-03,
    3.4869998693e-01,   -7.8787198290e-03,    3.4869998693e-01,    9.3527402878e+00,    3.4869998693e-01,   -1.0099300183e-02,
    3.4979999065e-01,   -9.8668504506e-03,    3.4979999065e-01,    9.4663496017e+00,    3.4979999065e-01,   -8.4321200848e-03,
    3.5089999437e-01,   -1.1296999641e-02,    3.5089999437e-01,    9.5914897919e+00,    3.5089999437e-01,   -7.1213599294e-03,
    3.5199999809e-01,   -1.1616400443e-02,    3.5199999809e-01,    9.7180995941e+00,    3.5199999809e-01,   -5.3791999817e-03,
    3.5310000181e-01,   -1.2419999577e-02,    3.5310000181e-01,    9.8371400833e+00,    3.5310000181e-01,   -1.6430900432e-03,
    3.5420000553e-01,   -1.1930099688e-02,    3.5420000553e-01,    9.9636898041e+00,    3.5420000553e-01,   -3.0175400898e-03,
    3.5530000925e-01,   -1.5905300155e-02,    3.5530000925e-01,    1.0079700470e+01,    3.5530000925e-01,   -4.4824098586e-04,
    3.5640001297e-01,   -1.8450699747e-02,    3.5640001297e-01,    1.0180199623e+01,    3.5640001297e-01,   -1.7980299890e-03,
    3.5749998689e-01,   -2.0672399551e-02,    3.5749998689e-01,    1.0278100014e+01,    3.5749998689e-01,   -2.8106600512e-03,
    3.5859999061e-01,   -1.3959500007e-02,    3.5859999061e-01,    1.0393600464e+01,    3.5859999061e-01,   -3.2210301142e-03,
    3.5969999433e-01,   -2.1728500724e-02,    3.5969999433e-01,    1.0464500427e+01,    3.5969999433e-01,   -7.1241101250e-03,
    3.6079999804e-01,   -2.4347800761e-02,    3.6079999804e-01,    1.0513699532e+01,    3.6079999804e-01,   -3.6057999823e-03,
    3.6190000176e-01,   -2.9596099630e-02,    3.6190000176e-01,    1.0563599586e+01,    3.6190000176e-01,   -1.7434200272e-03,
    3.6300000548e-01,   -3.1737301499e-02,    3.6300000548e-01,    1.0635700226e+01,    3.6300000548e-01,    1.6043400392e-03,
    3.6410000920e-01,   -3.6406598985e-02,    3.6410000920e-01,    1.0676500320e+01,    3.6410000920e-01,   -9.4139698194e-04,
    3.6520001292e-01,   -3.7080898881e-02,    3.6520001292e-01,    1.0726400375e+01,    3.6520001292e-01,   -2.3238400172e-04,
    3.6629998684e-01,   -3.6058600992e-02,    3.6629998684e-01,    1.0787500381e+01,    3.6629998684e-01,    2.7880099879e-05,
    3.6739999056e-01,   -3.4025698900e-02,    3.6739999056e-01,    1.0898500443e+01,    3.6739999056e-01,    4.1054299800e-04,
    3.6849999428e-01,   -3.5545200109e-02,    3.6849999428e-01,    1.1015899658e+01,    3.6849999428e-01,    1.0891200509e-03,
    3.6959999800e-01,   -3.5265401006e-02,    3.6959999800e-01,    1.1104700089e+01,    3.6959999800e-01,    2.4174600840e-03,
    3.7070000172e-01,   -3.3746499568e-02,    3.7070000172e-01,    1.1171299934e+01,    3.7070000172e-01,    1.4193300158e-03,
    3.7180000544e-01,   -2.7382500470e-02,    3.7180000544e-01,    1.1249199867e+01,    3.7180000544e-01,    3.0104300822e-04,
    3.7290000916e-01,   -3.9055299014e-02,    3.7290000916e-01,    1.1306500435e+01,    3.7290000916e-01,   -3.9868298918e-03,
    3.7400001287e-01,   -4.8320099711e-02,    3.7400001287e-01,    1.1352299690e+01,    3.7400001287e-01,   -2.2234299686e-03,
    3.7509998679e-01,   -3.2907798886e-02,    3.7509998679e-01,    1.1438599586e+01,    3.7509998679e-01,    5.5549101671e-04,
    3.7619999051e-01,   -2.6145100594e-02,    3.7619999051e-01,    1.1577699661e+01,    3.7619999051e-01,   -4.5111500658e-03,
    3.7729999423e-01,   -3.7803001702e-02,    3.7729999423e-01,    1.1759699821e+01,    3.7729999423e-01,   -7.3631098494e-03,
    3.7839999795e-01,   -2.9685299844e-02,    3.7839999795e-01,    1.1923899651e+01,    3.7839999795e-01,   -1.3156499714e-02,
    3.7950000167e-01,   -3.1373698264e-02,    3.7950000167e-01,    1.2082300186e+01,    3.7950000167e-01,   -1.1598000303e-02,
    3.8060000539e-01,   -4.1709501296e-02,    3.8060000539e-01,    1.2239800453e+01,    3.8060000539e-01,   -7.5489399023e-03,
    3.8170000911e-01,   -4.9081601202e-02,    3.8170000911e-01,    1.2356699944e+01,    3.8170000911e-01,   -2.3595599923e-03,
    3.8280001283e-01,   -5.3046900779e-02,    3.8280001283e-01,    1.2469499588e+01,    3.8280001283e-01,   -2.5384300388e-03,
    3.8389998674e-01,   -4.3173398823e-02,    3.8389998674e-01,    1.2592100143e+01,    3.8389998674e-01,   -4.1561098769e-03,
    3.8499999046e-01,   -4.5759499073e-02,    3.8499999046e-01,    1.2717300415e+01,    3.8499999046e-01,   -9.8439501598e-03,
    3.8609999418e-01,   -3.8888100535e-02,    3.8609999418e-01,    1.2826399803e+01,    3.8609999418e-01,   -8.7452596053e-03,
    3.8719999790e-01,   -4.8211399466e-02,    3.8719999790e-01,    1.2973099709e+01,    3.8719999790e-01,   -8.6515499279e-03,
    3.8830000162e-01,   -4.9764998257e-02,    3.8830000162e-01,    1.3084199905e+01,    3.8830000162e-01,   -1.4495699666e-02,
    3.8940000534e-01,   -5.3394999355e-02,    3.8940000534e-01,    1.3190500259e+01,    3.8940000534e-01,   -1.8844999373e-02,
    3.9050000906e-01,   -6.0370899737e-02,    3.9050000906e-01,    1.3322199821e+01,    3.9050000906e-01,   -2.2143999115e-02,
    3.9160001278e-01,   -6.7991100252e-02,    3.9160001278e-01,    1.3445400238e+01,    3.9160001278e-01,   -2.3167500272e-02,
    3.9269998670e-01,   -6.8779602647e-02,    3.9269998670e-01,    1.3540699959e+01,    3.9269998670e-01,   -2.6354499161e-02,
    3.9379999042e-01,   -6.9672301412e-02,    3.9379999042e-01,    1.3682700157e+01,    3.9379999042e-01,   -2.8872400522e-02,
    3.9489999413e-01,   -6.7414000630e-02,    3.9489999413e-01,    1.3843999863e+01,    3.9489999413e-01,   -2.3635899648e-02,
    3.9599999785e-01,   -6.2361098826e-02,    3.9599999785e-01,    1.4019300461e+01,    3.9599999785e-01,   -2.8980499133e-02,
    3.9710000157e-01,   -6.2512800097e-02,    3.9710000157e-01,    1.4171199799e+01,    3.9710000157e-01,   -2.5116600096e-02,
    3.9820000529e-01,   -6.7066401243e-02,    3.9820000529e-01,    1.4309800148e+01,    3.9820000529e-01,   -2.1154899150e-02,
    3.9930000901e-01,   -6.2596701086e-02,    3.9930000901e-01,    1.4434399605e+01,    3.9930000901e-01,   -2.2479699925e-02,
    4.0040001273e-01,   -6.1262801290e-02,    4.0040001273e-01,    1.4593500137e+01,    4.0040001273e-01,   -2.0559199154e-02,
    4.0149998665e-01,   -1.0155999660e-01,    4.0149998665e-01,    1.4854599953e+01,    4.0149998665e-01,   -1.4064799994e-02,
    4.0259999037e-01,   -9.6867397428e-02,    4.0259999037e-01,    1.4965800285e+01,    4.0259999037e-01,   -1.7360499129e-02,
    4.0369999409e-01,   -8.1404797733e-02,    4.0369999409e-01,    1.5109700203e+01,    4.0369999409e-01,   -1.6263199970e-02,
    4.0479999781e-01,   -7.0693299174e-02,    4.0479999781e-01,    1.5324500084e+01,    4.0479999781e-01,   -1.6892800108e-02,
    4.0590000153e-01,   -8.5492499173e-02,    4.0590000153e-01,    1.5487000465e+01,    4.0590000153e-01,   -1.2469699606e-02,
    4.0700000525e-01,   -8.1775598228e-02,    4.0700000525e-01,    1.5602399826e+01,    4.0700000525e-01,   -1.7863400280e-02,
    4.0810000896e-01,   -8.7582603097e-02,    4.0810000896e-01,    1.5733799934e+01,    4.0810000896e-01,   -1.7335500568e-02,
    4.0920001268e-01,   -8.3069100976e-02,    4.0920001268e-01,    1.5854399681e+01,    4.0920001268e-01,   -1.7168300226e-02,
    4.1029998660e-01,   -9.0029202402e-02,    4.1029998660e-01,    1.5949299812e+01,    4.1029998660e-01,   -1.7351999879e-02,
    4.1139999032e-01,   -9.5494300127e-02,    4.1139999032e-01,    1.6011499405e+01,    4.1139999032e-01,   -2.0882500336e-02,
    4.1249999404e-01,   -1.0249199718e-01,    4.1249999404e-01,    1.6046499252e+01,    4.1249999404e-01,   -2.3816300556e-02,
    4.1359999776e-01,   -1.0233899951e-01,    4.1359999776e-01,    1.6123300552e+01,    4.1359999776e-01,   -1.7880300060e-02,
    4.1470000148e-01,   -1.0242500156e-01,    4.1470000148e-01,    1.6216600418e+01,    4.1470000148e-01,   -2.0720399916e-02,
    4.1580000520e-01,   -9.5455601811e-02,    4.1580000520e-01,    1.6291400909e+01,    4.1580000520e-01,   -1.3166200370e-03,
    4.1690000892e-01,   -8.5809297860e-02,    4.1690000892e-01,    1.6387199402e+01,    4.1690000892e-01,   -3.1423000619e-03,
    4.1800001264e-01,   -6.6319696605e-02,    4.1800001264e-01,    1.6526199341e+01,    4.1800001264e-01,   -1.6709100455e-02,
    4.1909998655e-01,   -8.2422800362e-02,    4.1909998655e-01,    1.6636499405e+01,    4.1909998655e-01,   -1.9702399150e-02,
    4.2019999027e-01,   -8.6162701249e-02,    4.2019999027e-01,    1.6725200653e+01,    4.2019999027e-01,   -1.7586499453e-02,
    4.2129999399e-01,   -1.2084700167e-01,    4.2129999399e-01,    1.6836500168e+01,    4.2129999399e-01,   -2.4979999289e-02,
    4.2239999771e-01,   -9.8033897579e-02,    4.2239999771e-01,    1.6923599243e+01,    4.2239999771e-01,   -1.2773299590e-02,
    4.2350000143e-01,   -8.3337299526e-02,    4.2350000143e-01,    1.7027500153e+01,    4.2350000143e-01,   -1.4309399761e-02,
    4.2460000515e-01,   -8.4439300001e-02,    4.2460000515e-01,    1.7095800400e+01,    4.2460000515e-01,   -7.0578600280e-03,
    4.2570000887e-01,   -8.8283799589e-02,    4.2570000887e-01,    1.7179000854e+01,    4.2570000887e-01,   -6.0516898520e-03,
    4.2680001259e-01,   -1.0629899800e-01,    4.2680001259e-01,    1.7256999969e+01,    4.2680001259e-01,   -1.0536099784e-02,
    4.2789998651e-01,   -1.1996699870e-01,    4.2789998651e-01,    1.7367000580e+01,    4.2789998651e-01,   -4.3260101229e-03,
    4.2899999022e-01,   -1.3028000295e-01,    4.2899999022e-01,    1.7452400208e+01,    4.2899999022e-01,   -3.0978799332e-03,
    4.3009999394e-01,   -1.3715100288e-01,    4.3009999394e-01,    1.7468399048e+01,    4.3009999394e-01,    2.7107999194e-03,
    4.3119999766e-01,   -1.4687900245e-01,    4.3119999766e-01,    1.7472799301e+01,    4.3119999766e-01,   -4.5421198010e-03,
    4.3230000138e-01,   -1.4764800668e-01,    4.3230000138e-01,    1.7484899521e+01,    4.3230000138e-01,    1.0893800063e-03,
    4.3340000510e-01,   -1.5083299577e-01,    4.3340000510e-01,    1.7466699600e+01,    4.3340000510e-01,    6.0533499345e-03,
    4.3450000882e-01,   -1.4697499573e-01,    4.3450000882e-01,    1.7480100632e+01,    4.3450000882e-01,    4.5623001643e-03,
    4.3560001254e-01,   -1.3042700291e-01,    4.3560001254e-01,    1.7534799576e+01,    4.3560001254e-01,    1.6446199734e-03,
    4.3669998646e-01,   -1.1423099786e-01,    4.3669998646e-01,    1.7579000473e+01,    4.3669998646e-01,   -4.7545600682e-03,
    4.3779999018e-01,   -1.0483399779e-01,    4.3779999018e-01,    1.7618799210e+01,    4.3779999018e-01,   -7.4194199406e-03,
    4.3889999390e-01,   -9.7655698657e-02,    4.3889999390e-01,    1.7654800415e+01,    4.3889999390e-01,   -7.4906400405e-03,
    4.3999999762e-01,   -8.7950602174e-02,    4.3999999762e-01,    1.7666400909e+01,    4.3999999762e-01,   -8.1296600401e-03,
    4.4110000134e-01,   -8.9561499655e-02,    4.4110000134e-01,    1.7705900192e+01,    4.4110000134e-01,   -2.3409700021e-02,
    4.4220000505e-01,   -8.3489499986e-02,    4.4220000505e-01,    1.7756000519e+01,    4.4220000505e-01,   -2.5210399181e-02,
    4.4330000877e-01,   -8.7351396680e-02,    4.4330000877e-01,    1.7817499161e+01,    4.4330000877e-01,   -2.5415999815e-02,
    4.4440001249e-01,   -8.5896700621e-02,    4.4440001249e-01,    1.7912099838e+01,    4.4440001249e-01,   -2.8724500909e-02,
    4.4549998641e-01,   -6.5035000443e-02,    4.4549998641e-01,    1.8138299942e+01,    4.4549998641e-01,   -2.8350900859e-02,
    4.4659999013e-01,   -5.1860701293e-02,    4.4659999013e-01,    1.8437599182e+01,    4.4659999013e-01,   -2.4160599336e-02,
    4.4769999385e-01,   -3.0668400228e-02,    4.4769999385e-01,    1.8713499069e+01,    4.4769999385e-01,   -1.7581000924e-02,
    4.4879999757e-01,   -2.5397999212e-02,    4.4879999757e-01,    1.8972499847e+01,    4.4879999757e-01,   -1.5382300131e-02,
    4.4990000129e-01,   -6.7526302300e-03,    4.4990000129e-01,    1.9183799744e+01,    4.4990000129e-01,   -9.2912800610e-03,
    4.5100000501e-01,    2.2136799525e-03,    4.5100000501e-01,    1.9347900391e+01,    4.5100000501e-01,   -3.1241399702e-03,
    4.5210000873e-01,    1.4047300443e-02,    4.5210000873e-01,    1.9539300919e+01,    4.5210000873e-01,    2.4868499167e-05,
    4.5320001245e-01,    1.1191800237e-02,    4.5320001245e-01,    1.9818700790e+01,    4.5320001245e-01,    4.5750401914e-03,
    4.5429998636e-01,    2.0351799205e-02,    4.5429998636e-01,    2.0118499756e+01,    4.5429998636e-01,    9.0903397650e-03,
    4.5539999008e-01,    2.1781299263e-02,    4.5539999008e-01,    2.0419300079e+01,    4.5539999008e-01,    1.4693499543e-02,
    4.5649999380e-01,    2.8065899387e-02,    4.5649999380e-01,    2.0713100433e+01,    4.5649999380e-01,    1.1971900240e-02,
    4.5759999752e-01,    2.3076800629e-02,    4.5759999752e-01,    2.0971500397e+01,    4.5759999752e-01,    5.6369202211e-03,
    4.5870000124e-01,    3.5094000399e-02,    4.5870000124e-01,    2.1191900253e+01,    4.5870000124e-01,    7.0636398159e-03,
    4.5980000496e-01,    2.5276800618e-02,    4.5980000496e-01,    2.1451400757e+01,    4.5980000496e-01,    9.8008196801e-03,
    4.6090000868e-01,    1.2324599549e-02,    4.6090000868e-01,    2.1725999832e+01,    4.6090000868e-01,    6.4158700407e-03,
    4.6200001240e-01,    1.5296599595e-03,    4.6200001240e-01,    2.2013099670e+01,    4.6200001240e-01,   -2.0037801005e-03,
    4.6309998631e-01,    1.2597800232e-02,    4.6309998631e-01,    2.2332000732e+01,    4.6309998631e-01,   -7.6181599870e-03,
    4.6419999003e-01,    4.0002400056e-03,    4.6419999003e-01,    2.2698099136e+01,    4.6419999003e-01,   -1.9136000425e-02,
    4.6529999375e-01,    9.9243503064e-03,    4.6529999375e-01,    2.3008100510e+01,    4.6529999375e-01,   -2.6112299412e-02,
    4.6639999747e-01,    5.8692800812e-03,    4.6639999747e-01,    2.3325799942e+01,    4.6639999747e-01,   -1.9422000274e-02,
    4.6750000119e-01,    4.6182097867e-03,    4.6750000119e-01,    2.3577299118e+01,    4.6750000119e-01,   -1.8441600725e-02,
    4.6860000491e-01,    6.1170998961e-03,    4.6860000491e-01,    2.3829700470e+01,    4.6860000491e-01,   -2.5173099712e-02,
    4.6970000863e-01,   -1.3663399732e-03,    4.6970000863e-01,    2.4063600540e+01,    4.6970000863e-01,   -1.6506200656e-02,
    4.7080001235e-01,    3.9434698410e-03,    4.7080001235e-01,    2.4318399429e+01,    4.7080001235e-01,   -3.7867100909e-03,
    4.7189998627e-01,    9.1985100880e-03,    4.7189998627e-01,    2.4602600098e+01,    4.7189998627e-01,    1.5512600075e-03,
    4.7299998999e-01,    3.3043399453e-03,    4.7299998999e-01,    2.4888999939e+01,    4.7299998999e-01,   -1.7046800349e-04,
    4.7409999371e-01,    5.6202597916e-03,    4.7409999371e-01,    2.5178800583e+01,    4.7409999371e-01,   -1.3583099935e-03,
    4.7519999743e-01,    1.5659900382e-02,    4.7519999743e-01,    2.5483299255e+01,    4.7519999743e-01,   -7.6508498751e-04,
    4.7630000114e-01,    1.3202300295e-02,    4.7630000114e-01,    2.5777700424e+01,    4.7630000114e-01,    7.9878000543e-03,
    4.7740000486e-01,    6.8805399351e-03,    4.7740000486e-01,    2.5986999512e+01,    4.7740000486e-01,    2.1419199184e-02,
    4.7850000858e-01,    1.1884099804e-02,    4.7850000858e-01,    2.6144300461e+01,    4.7850000858e-01,    3.0321899801e-02,
    4.7960001230e-01,    1.3709899969e-02,    4.7960001230e-01,    2.6290599823e+01,    4.7960001230e-01,    2.4925200269e-02,
    4.8069998622e-01,    6.3803498633e-03,    4.8069998622e-01,    2.6386299133e+01,    4.8069998622e-01,    2.6470299810e-02,
    4.8179998994e-01,    5.7839299552e-04,    4.8179998994e-01,    2.6438299179e+01,    4.8179998994e-01,    2.2483000532e-02,
    4.8289999366e-01,    3.8201101124e-03,    4.8289999366e-01,    2.6440799713e+01,    4.8289999366e-01,    2.6081200689e-02,
    4.8399999738e-01,   -2.3761599732e-04,    4.8399999738e-01,    2.6444700241e+01,    4.8399999738e-01,    1.8141299486e-02,
    4.8510000110e-01,   -6.0034999624e-03,    4.8510000110e-01,    2.6438600540e+01,    4.8510000110e-01,    1.7190199345e-02,
    4.8620000482e-01,   -1.4557999559e-02,    4.8620000482e-01,    2.6446599960e+01,    4.8620000482e-01,    7.3162200861e-03,
    4.8730000854e-01,   -1.2320799753e-02,    4.8730000854e-01,    2.6440099716e+01,    4.8730000854e-01,   -1.8482500454e-03,
    4.8840001225e-01,   -2.9448000714e-02,    4.8840001225e-01,    2.6389200211e+01,    4.8840001225e-01,   -5.8338600211e-03,
    4.8949998617e-01,   -4.1672300547e-02,    4.8949998617e-01,    2.6411899567e+01,    4.8949998617e-01,   -6.5310699865e-03,
    4.9059998989e-01,   -3.3360399306e-02,    4.9059998989e-01,    2.6448699951e+01,    4.9059998989e-01,   -8.0500999466e-03,
    4.9169999361e-01,   -4.3664898723e-02,    4.9169999361e-01,    2.6537900925e+01,    4.9169999361e-01,   -1.9630100578e-02,
    4.9279999733e-01,   -4.8628699034e-02,    4.9279999733e-01,    2.6630599976e+01,    4.9279999733e-01,   -2.0121499896e-02,
    4.9390000105e-01,   -5.2561100572e-02,    4.9390000105e-01,    2.6657300949e+01,    4.9390000105e-01,   -2.2983299568e-02,
    4.9500000477e-01,   -5.4143298417e-02,    4.9500000477e-01,    2.6683000565e+01,    4.9500000477e-01,   -2.0938299596e-02,
    4.9610000849e-01,   -5.6287299842e-02,    4.9610000849e-01,    2.6699600220e+01,    4.9610000849e-01,   -8.0238496885e-03,
    4.9720001221e-01,   -7.8181698918e-02,    4.9720001221e-01,    2.6740200043e+01,    4.9720001221e-01,   -2.0876799244e-03,
    4.9829998612e-01,   -9.3700602651e-02,    4.9829998612e-01,    2.6792100906e+01,    4.9829998612e-01,    3.6377699580e-03,
    4.9939998984e-01,   -9.4528399408e-02,    4.9939998984e-01,    2.6804899216e+01,    4.9939998984e-01,    1.0631299578e-02,
    5.0050002337e-01,   -8.2147203386e-02,    5.0050002337e-01,    2.6847299576e+01,    5.0050002337e-01,    3.4216601402e-02,
    5.0160002708e-01,   -1.2673400342e-01,    5.0160002708e-01,    2.6868400574e+01,    5.0160002708e-01,    5.1496498287e-02,
    5.0269997120e-01,   -1.3940699399e-01,    5.0269997120e-01,    2.6904800415e+01,    5.0269997120e-01,    6.0270700604e-02,
    5.0379997492e-01,   -1.4535799623e-01,    5.0379997492e-01,    2.6924699783e+01,    5.0379997492e-01,    5.9713799506e-02,
    5.0489997864e-01,   -1.6268099844e-01,    5.0489997864e-01,    2.6911100388e+01,    5.0489997864e-01,    6.5499797463e-02,
    5.0599998236e-01,   -1.7614500225e-01,    5.0599998236e-01,    2.6901899338e+01,    5.0599998236e-01,    6.2000099570e-02,
    5.0709998608e-01,   -1.7780500650e-01,    5.0709998608e-01,    2.6854999542e+01,    5.0709998608e-01,    7.2594597936e-02,
    5.0819998980e-01,   -1.8884700537e-01,    5.0819998980e-01,    2.6797300339e+01,    5.0819998980e-01,    5.7009201497e-02,
    5.0929999352e-01,   -2.2024099529e-01,    5.0929999352e-01,    2.6755399704e+01,    5.0929999352e-01,    5.2923098207e-02,
    5.1039999723e-01,   -2.1723100543e-01,    5.1039999723e-01,    2.6748500824e+01,    5.1039999723e-01,    5.4851800203e-02,
    5.1150000095e-01,   -2.2745800018e-01,    5.1150000095e-01,    2.6788700104e+01,    5.1150000095e-01,    5.8559201658e-02,
    5.1260000467e-01,   -2.2184899449e-01,    5.1260000467e-01,    2.6868900299e+01,    5.1260000467e-01,    6.7904703319e-02,
    5.1370000839e-01,   -2.3289099336e-01,    5.1370000839e-01,    2.6975299835e+01,    5.1370000839e-01,    7.1985699236e-02,
    5.1480001211e-01,   -2.4617199600e-01,    5.1480001211e-01,    2.7067300797e+01,    5.1480001211e-01,    7.4670396745e-02,
    5.1590001583e-01,   -2.3905099928e-01,    5.1590001583e-01,    2.7164400101e+01,    5.1590001583e-01,    7.1703799069e-02,
    5.1700001955e-01,   -2.3510700464e-01,    5.1700001955e-01,    2.7287500381e+01,    5.1700001955e-01,    8.1094302237e-02,
    5.1810002327e-01,   -2.2603000700e-01,    5.1810002327e-01,    2.7391399384e+01,    5.1810002327e-01,    7.2780400515e-02,
    5.1920002699e-01,   -2.4764500558e-01,    5.1920002699e-01,    2.7552799225e+01,    5.1920002699e-01,    7.2048597038e-02,
    5.2029997110e-01,   -2.4977600574e-01,    5.2029997110e-01,    2.7694900513e+01,    5.2029997110e-01,    7.0083096623e-02,
    5.2139997482e-01,   -2.6678198576e-01,    5.2139997482e-01,    2.7809400558e+01,    5.2139997482e-01,    6.1469800770e-02,
    5.2249997854e-01,   -2.1519899368e-01,    5.2249997854e-01,    2.8000600815e+01,    5.2249997854e-01,    5.8068998158e-02,
    5.2359998226e-01,   -2.2028000653e-01,    5.2359998226e-01,    2.8185699463e+01,    5.2359998226e-01,    5.5678501725e-02,
    5.2469998598e-01,   -2.1081799269e-01,    5.2469998598e-01,    2.8398700714e+01,    5.2469998598e-01,    5.7763300836e-02,
    5.2579998970e-01,   -2.0030100644e-01,    5.2579998970e-01,    2.8605699539e+01,    5.2579998970e-01,    6.2431998551e-02,
    5.2689999342e-01,   -2.0236399770e-01,    5.2689999342e-01,    2.8785200119e+01,    5.2689999342e-01,    5.5868800730e-02,
    5.2799999714e-01,   -1.9831800461e-01,    5.2799999714e-01,    2.8969999313e+01,    5.2799999714e-01,    4.9740500748e-02,
    5.2910000086e-01,   -1.8555200100e-01,    5.2910000086e-01,    2.9090900421e+01,    5.2910000086e-01,    4.0190998465e-02,
    5.3020000458e-01,   -1.6558499634e-01,    5.3020000458e-01,    2.9250999451e+01,    5.3020000458e-01,    2.9924599454e-02,
    5.3130000830e-01,   -1.9715300202e-01,    5.3130000830e-01,    2.9404899597e+01,    5.3130000830e-01,    2.3704100400e-02,
    5.3240001202e-01,   -2.0197600126e-01,    5.3240001202e-01,    2.9584999084e+01,    5.3240001202e-01,    6.1195702292e-03,
    5.3350001574e-01,   -1.9704100490e-01,    5.3350001574e-01,    2.9735099792e+01,    5.3350001574e-01,    1.7885999754e-02,
    5.3460001945e-01,   -1.9565699995e-01,    5.3460001945e-01,    2.9834899902e+01,    5.3460001945e-01,    8.0628199503e-03,
    5.3570002317e-01,   -2.0259499550e-01,    5.3570002317e-01,    3.0063899994e+01,    5.3570002317e-01,   -8.8497297838e-03,
    5.3680002689e-01,   -1.8819500506e-01,    5.3680002689e-01,    3.0240699768e+01,    5.3680002689e-01,   -2.1412599832e-02,
    5.3789997101e-01,   -1.8640400469e-01,    5.3789997101e-01,    3.0496200562e+01,    5.3789997101e-01,   -3.1354799867e-02,
    5.3899997473e-01,   -1.8989300728e-01,    5.3899997473e-01,    3.0667699814e+01,    5.3899997473e-01,   -3.5423200577e-02,
    5.4009997845e-01,   -1.4124999940e-01,    5.4009997845e-01,    3.0836399078e+01,    5.4009997845e-01,   -2.8594799340e-02,
    5.4119998217e-01,   -1.0210199654e-01,    5.4119998217e-01,    3.1154399872e+01,    5.4119998217e-01,   -3.8005001843e-02,
    5.4229998589e-01,   -8.7848201394e-02,    5.4229998589e-01,    3.1407600403e+01,    5.4229998589e-01,   -4.4957000762e-02,
    5.4339998960e-01,   -1.1961700022e-01,    5.4339998960e-01,    3.1787700653e+01,    5.4339998960e-01,   -5.4320801049e-02,
    5.4449999332e-01,   -1.3150599599e-01,    5.4449999332e-01,    3.2149398804e+01,    5.4449999332e-01,   -2.9283799231e-02,
    5.4559999704e-01,   -1.1484300345e-01,    5.4559999704e-01,    3.2510799408e+01,    5.4559999704e-01,   -4.1570801288e-02,
    5.4670000076e-01,   -8.0306597054e-02,    5.4670000076e-01,    3.2812500000e+01,    5.4670000076e-01,   -2.8743000701e-02,
    5.4780000448e-01,   -6.1671700329e-02,    5.4780000448e-01,    3.3074298859e+01,    5.4780000448e-01,   -2.1604500711e-02,
    5.4890000820e-01,   -7.7792502940e-02,    5.4890000820e-01,    3.3256500244e+01,    5.4890000820e-01,   -5.9792702086e-03,
    5.5000001192e-01,   -4.5389398932e-02,    5.5000001192e-01,    3.3475700378e+01,    5.5000001192e-01,    1.4206799679e-02,
    5.5110001564e-01,   -4.2170099914e-02,    5.5110001564e-01,    3.3661899567e+01,    5.5110001564e-01,    1.3215200044e-02,
    5.5220001936e-01,   -2.5586800650e-02,    5.5220001936e-01,    3.3958698273e+01,    5.5220001936e-01,    9.9122896791e-03,
    5.5330002308e-01,   -3.8953300100e-03,    5.5330002308e-01,    3.4223701477e+01,    5.5330002308e-01,    4.2098998092e-03,
    5.5440002680e-01,    3.5778298974e-02,    5.5440002680e-01,    3.4413398743e+01,    5.5440002680e-01,   -9.7400799859e-04,
    5.5549997091e-01,    5.1509000361e-02,    5.5549997091e-01,    3.4557701111e+01,    5.5549997091e-01,    1.6135400161e-02,
    5.5659997463e-01,    5.8285500854e-02,    5.5659997463e-01,    3.4614299774e+01,    5.5659997463e-01,    1.4281899668e-02,
    5.5769997835e-01,    6.0680501163e-02,    5.5769997835e-01,    3.4626098633e+01,    5.5769997835e-01,    1.5487300232e-02,
    5.5879998207e-01,    2.4247499183e-02,    5.5879998207e-01,    3.4557498932e+01,    5.5879998207e-01,    3.0108399689e-02,
    5.5989998579e-01,   -3.1035900116e-02,    5.5989998579e-01,    3.4993198395e+01,    5.5989998579e-01,    1.8980300054e-02,
    5.6099998951e-01,   -5.0104100257e-02,    5.6099998951e-01,    3.5361198425e+01,    5.6099998951e-01,    8.1587601453e-03,
    5.6209999323e-01,   -9.7027502954e-02,    5.6209999323e-01,    3.5797901154e+01,    5.6209999323e-01,    4.3042399921e-03,
    5.6319999695e-01,   -7.1463897824e-02,    5.6319999695e-01,    3.6146598816e+01,    5.6319999695e-01,    1.7281999812e-02,
    5.6430000067e-01,   -8.7519302964e-02,    5.6430000067e-01,    3.6516799927e+01,    5.6430000067e-01,    2.0148899406e-02,
    5.6540000439e-01,   -9.3230701983e-02,    5.6540000439e-01,    3.6811798096e+01,    5.6540000439e-01,    2.4604000151e-02,
    5.6650000811e-01,   -1.2725900114e-01,    5.6650000811e-01,    3.7021099091e+01,    5.6650000811e-01,    2.5283500552e-02,
    5.6760001183e-01,   -1.2755599618e-01,    5.6760001183e-01,    3.7192501068e+01,    5.6760001183e-01,    3.1781200320e-02,
    5.6870001554e-01,   -1.4740499854e-01,    5.6870001554e-01,    3.7346500397e+01,    5.6870001554e-01,    2.9560999945e-02,
    5.6980001926e-01,   -1.8768000603e-01,    5.6980001926e-01,    3.7521598816e+01,    5.6980001926e-01,    2.0468899980e-02,
    5.7090002298e-01,   -1.3733500242e-01,    5.7090002298e-01,    3.7769699097e+01,    5.7090002298e-01,    5.8180798078e-04,
    5.7200002670e-01,   -1.1863800138e-01,    5.7200002670e-01,    3.8268901825e+01,    5.7200002670e-01,    2.7807600796e-02,
    5.7309997082e-01,   -1.1184400320e-01,    5.7309997082e-01,    3.8643600464e+01,    5.7309997082e-01,    3.6076098680e-02,
    5.7419997454e-01,   -1.2571200728e-01,    5.7419997454e-01,    3.9145301819e+01,    5.7419997454e-01,    2.8018400073e-02,
    5.7529997826e-01,   -1.0819999874e-01,    5.7529997826e-01,    3.9522399902e+01,    5.7529997826e-01,    2.5814199820e-02,
    5.7639998198e-01,   -1.0879699886e-01,    5.7639998198e-01,    4.0120098114e+01,    5.7639998198e-01,    2.9334699735e-02,
    5.7749998569e-01,   -1.1120299995e-01,    5.7749998569e-01,    4.0615398407e+01,    5.7749998569e-01,    4.3666500598e-02,
    5.7859998941e-01,   -1.2503500283e-01,    5.7859998941e-01,    4.0941200256e+01,    5.7859998941e-01,    5.0702400506e-02,
    5.7969999313e-01,   -1.4983500540e-01,    5.7969999313e-01,    4.1176601410e+01,    5.7969999313e-01,    6.6455498338e-02,
    5.8079999685e-01,   -1.7560599744e-01,    5.8079999685e-01,    4.1502799988e+01,    5.8079999685e-01,    8.1987299025e-02,
    5.8190000057e-01,   -1.8029400706e-01,    5.8190000057e-01,    4.1910701752e+01,    5.8190000057e-01,    5.1849901676e-02,
    5.8300000429e-01,   -2.0500800014e-01,    5.8300000429e-01,    4.2235099792e+01,    5.8300000429e-01,    6.1183199286e-02,
    5.8410000801e-01,   -1.9644400477e-01,    5.8410000801e-01,    4.2465698242e+01,    5.8410000801e-01,    6.5557301044e-02,
    5.8520001173e-01,   -2.2717300057e-01,    5.8520001173e-01,    4.2713699341e+01,    5.8520001173e-01,    5.4024100304e-02,
    5.8630001545e-01,   -2.6118099689e-01,    5.8630001545e-01,    4.2772098541e+01,    5.8630001545e-01,    5.0054799765e-02,
    5.8740001917e-01,   -2.7462700009e-01,    5.8740001917e-01,    4.2871700287e+01,    5.8740001917e-01,    4.3155200779e-02,
    5.8850002289e-01,   -2.8303799033e-01,    5.8850002289e-01,    4.2903400421e+01,    5.8850002289e-01,    3.8380399346e-02,
    5.8960002661e-01,   -2.7218499780e-01,    5.8960002661e-01,    4.3084499359e+01,    5.8960002661e-01,    2.7407100424e-02,
    5.9069997072e-01,   -2.7690801024e-01,    5.9069997072e-01,    4.3070899963e+01,    5.9069997072e-01,    2.4293199182e-02,
    5.9179997444e-01,   -2.5638198853e-01,    5.9179997444e-01,    4.2992500305e+01,    5.9179997444e-01,    1.3553899713e-02,
    5.9289997816e-01,   -2.7787899971e-01,    5.9289997816e-01,    4.2979301453e+01,    5.9289997816e-01,    1.2409799732e-02,
    5.9399998188e-01,   -3.1387698650e-01,    5.9399998188e-01,    4.3012401581e+01,    5.9399998188e-01,    6.7175901495e-03,
    5.9509998560e-01,   -3.3602100611e-01,    5.9509998560e-01,    4.2900600433e+01,    5.9509998560e-01,    5.4273400456e-03,
    5.9619998932e-01,   -4.0170198679e-01,    5.9619998932e-01,    4.2865398407e+01,    5.9619998932e-01,    2.6600700803e-03,
    5.9729999304e-01,   -4.0343698859e-01,    5.9729999304e-01,    4.2737400055e+01,    5.9729999304e-01,    1.0613800026e-02,
    5.9839999676e-01,   -3.9306199551e-01,    5.9839999676e-01,    4.2768100739e+01,    5.9839999676e-01,   -1.3520400040e-02,
    5.9950000048e-01,   -3.9262598753e-01,    5.9950000048e-01,    4.2754600525e+01,    5.9950000048e-01,   -2.6426799595e-02,
    6.0060000420e-01,   -3.9784100652e-01,    6.0060000420e-01,    4.2669601440e+01,    6.0060000420e-01,   -3.1184500083e-02,
    6.0170000792e-01,   -4.3222400546e-01,    6.0170000792e-01,    4.2780300140e+01,    6.0170000792e-01,   -5.0214000046e-02,
    6.0280001163e-01,   -4.3449300528e-01,    6.0280001163e-01,    4.2844898224e+01,    6.0280001163e-01,   -5.2624098957e-02,
    6.0390001535e-01,   -4.5691800117e-01,    6.0390001535e-01,    4.3159500122e+01,    6.0390001535e-01,   -8.8470399380e-02,
    6.0500001907e-01,   -4.8325398564e-01,    6.0500001907e-01,    4.3226200104e+01,    6.0500001907e-01,   -9.7656399012e-02,
    6.0610002279e-01,   -4.6371099353e-01,    6.0610002279e-01,    4.3459201813e+01,    6.0610002279e-01,   -1.0096400231e-01,
    6.0720002651e-01,   -4.8790499568e-01,    6.0720002651e-01,    4.3489101410e+01,    6.0720002651e-01,   -1.2023299932e-01,
    6.0829997063e-01,   -6.2302201986e-01,    6.0829997063e-01,    4.3561698914e+01,    6.0829997063e-01,   -1.2061499804e-01,
    6.0939997435e-01,   -5.8252602816e-01,    6.0939997435e-01,    4.3697200775e+01,    6.0939997435e-01,   -1.1524199694e-01,
    6.1049997807e-01,   -6.2561899424e-01,    6.1049997807e-01,    4.3701599121e+01,    6.1049997807e-01,   -1.1602400243e-01,
    6.1159998178e-01,   -6.3038200140e-01,    6.1159998178e-01,    4.3874500275e+01,    6.1159998178e-01,   -1.3189800084e-01,
    6.1269998550e-01,   -6.1904698610e-01,    6.1269998550e-01,    4.3878501892e+01,    6.1269998550e-01,   -1.2622599304e-01,
    6.1379998922e-01,   -5.3083902597e-01,    6.1379998922e-01,    4.4014198303e+01,    6.1379998922e-01,   -1.3787999749e-01,
    6.1489999294e-01,   -5.3852701187e-01,    6.1489999294e-01,    4.3861400604e+01,    6.1489999294e-01,   -1.4174400270e-01,
    6.1599999666e-01,   -5.0651901960e-01,    6.1599999666e-01,    4.3954700470e+01,    6.1599999666e-01,   -1.3975599408e-01,
    6.1710000038e-01,   -5.1750898361e-01,    6.1710000038e-01,    4.3700199127e+01,    6.1710000038e-01,   -1.3538199663e-01,
    6.1820000410e-01,   -4.7753301263e-01,    6.1820000410e-01,    4.3800998688e+01,    6.1820000410e-01,   -1.0650400072e-01,
    6.1930000782e-01,   -4.6437498927e-01,    6.1930000782e-01,    4.3629798889e+01,    6.1930000782e-01,   -1.1229199916e-01,
    6.2040001154e-01,   -4.4428199530e-01,    6.2040001154e-01,    4.3606399536e+01,    6.2040001154e-01,   -8.1651397049e-02,
    6.2150001526e-01,   -4.4703799486e-01,    6.2150001526e-01,    4.3558601379e+01,    6.2150001526e-01,   -7.4930697680e-02,
    6.2260001898e-01,   -4.4187301397e-01,    6.2260001898e-01,    4.3407600403e+01,    6.2260001898e-01,   -8.9399002492e-02,
    6.2370002270e-01,   -4.5058599114e-01,    6.2370002270e-01,    4.3397098541e+01,    6.2370002270e-01,   -6.7547701299e-02,
    6.2480002642e-01,   -4.3987199664e-01,    6.2480002642e-01,    4.3102001190e+01,    6.2480002642e-01,   -7.4642196298e-02,
    6.2589997053e-01,   -4.6142399311e-01,    6.2589997053e-01,    4.3342899323e+01,    6.2589997053e-01,   -3.4438099712e-02,
    6.2699997425e-01,   -4.5915201306e-01,    6.2699997425e-01,    4.3007400513e+01,    6.2699997425e-01,   -1.7840199172e-02,
    6.2809997797e-01,   -4.6168598533e-01,    6.2809997797e-01,    4.3304901123e+01,    6.2809997797e-01,   -1.4502700418e-02,
    6.2919998169e-01,   -4.8283401132e-01,    6.2919998169e-01,    4.3077598572e+01,    6.2919998169e-01,    1.0655200109e-02,
    6.3029998541e-01,   -4.7933900356e-01,    6.3029998541e-01,    4.3386398315e+01,    6.3029998541e-01,    4.5772502199e-03,
    6.3139998913e-01,   -4.5458000898e-01,    6.3139998913e-01,    4.3241199493e+01,    6.3139998913e-01,    3.8561001420e-02,
    6.3249999285e-01,   -4.4905200601e-01,    6.3249999285e-01,    4.3515201569e+01,    6.3249999285e-01,    1.5942299739e-02,
    6.3359999657e-01,   -3.9104300737e-01,    6.3359999657e-01,    4.3858798981e+01,    6.3359999657e-01,    3.1464900821e-02,
    6.3470000029e-01,   -4.0962699056e-01,    6.3470000029e-01,    4.3870998383e+01,    6.3470000029e-01,    1.4428700320e-02,
    6.3580000401e-01,   -3.7357100844e-01,    6.3580000401e-01,    4.4159099579e+01,    6.3580000401e-01,    1.3484399766e-02,
    6.3690000772e-01,   -3.8177201152e-01,    6.3690000772e-01,    4.3606399536e+01,    6.3690000772e-01,    3.0468100682e-02,
    6.3800001144e-01,   -3.5321500897e-01,    6.3800001144e-01,    4.3942100525e+01,    6.3800001144e-01,    9.3427300453e-03,
    6.3910001516e-01,   -3.0289700627e-01,    6.3910001516e-01,    4.3395198822e+01,    6.3910001516e-01,    3.6354698241e-02,
    6.4020001888e-01,   -2.7945700288e-01,    6.4020001888e-01,    4.3863201141e+01,    6.4020001888e-01,    2.5456899777e-02,
    6.4130002260e-01,   -2.3082900047e-01,    6.4130002260e-01,    4.3306198120e+01,    6.4130002260e-01,    4.1980601847e-02,
    6.4240002632e-01,   -2.5949698687e-01,    6.4240002632e-01,    4.3582000732e+01,    6.4240002632e-01,    4.9271900207e-02,
    6.4349997044e-01,   -2.3600600660e-01,    6.4349997044e-01,    4.3483299255e+01,    6.4349997044e-01,    8.5625700653e-02,
    6.4459997416e-01,   -1.9038799405e-01,    6.4459997416e-01,    4.3258399963e+01,    6.4459997416e-01,    7.3144398630e-02,
    6.4569997787e-01,   -2.3572400212e-01,    6.4569997787e-01,    4.3429100037e+01,    6.4569997787e-01,    7.0070698857e-02,
    6.4679998159e-01,   -2.0641399920e-01,    6.4679998159e-01,    4.2898998260e+01,    6.4679998159e-01,    7.0985503495e-02,
    6.4789998531e-01,   -2.7527800202e-01,    6.4789998531e-01,    4.2931098938e+01,    6.4789998531e-01,    6.1040900648e-02,
    6.4899998903e-01,   -2.4951699376e-01,    6.4899998903e-01,    4.2312698364e+01,    6.4899998903e-01,    7.8812301159e-02,
    6.5009999275e-01,   -3.0872899294e-01,    6.5009999275e-01,    4.3409900665e+01,    6.5009999275e-01,    6.9121502340e-02,
    6.5119999647e-01,   -2.5707799196e-01,    6.5119999647e-01,    4.2785499573e+01,    6.5119999647e-01,    7.0921301842e-02,
    6.5230000019e-01,   -2.8899300098e-01,    6.5230000019e-01,    4.3710300446e+01,    6.5230000019e-01,    5.6901898235e-02,
    6.5340000391e-01,   -2.6160401106e-01,    6.5340000391e-01,    4.3331100464e+01,    6.5340000391e-01,    6.2861897051e-02,
    6.5450000763e-01,   -2.4305500090e-01,    6.5450000763e-01,    4.4033298492e+01,    6.5450000763e-01,    3.9558801800e-02,
    6.5560001135e-01,   -2.2908200324e-01,    6.5560001135e-01,    4.4338100433e+01,    6.5560001135e-01,    4.9648199230e-02,
    6.5670001507e-01,   -1.5401299298e-01,    6.5670001507e-01,    4.4425598145e+01,    6.5670001507e-01,    2.9569899663e-02,
    6.5780001879e-01,   -1.8917900324e-01,    6.5780001879e-01,    4.5531600952e+01,    6.5780001879e-01,    4.5202597976e-03,
    6.5890002251e-01,   -1.2288799882e-01,    6.5890002251e-01,    4.4747501373e+01,    6.5890002251e-01,    2.6794100180e-02,
    6.6000002623e-01,   -1.5600199997e-01,    6.6000002623e-01,    4.6656501770e+01,    6.6000002623e-01,    1.2548499741e-02,
    6.6109997034e-01,   -3.9282999933e-02,    6.6109997034e-01,    4.5038799286e+01,    6.6109997034e-01,    1.1995100416e-02,
    6.6219997406e-01,   -1.2745399773e-01,    6.6219997406e-01,    4.7223201752e+01,    6.6219997406e-01,   -8.5785603151e-03,
    6.6329997778e-01,   -1.4016599953e-01,    6.6329997778e-01,    4.5703300476e+01,    6.6329997778e-01,   -4.3399300426e-02,
    6.6439998150e-01,   -2.1237699687e-01,    6.6439998150e-01,    4.7755100250e+01,    6.6439998150e-01,   -3.7351299077e-02,
    6.6549998522e-01,   -1.8304200470e-01,    6.6549998522e-01,    4.6838699341e+01,    6.6549998522e-01,   -5.7289399207e-02,
    6.6659998894e-01,   -1.7432600260e-01,    6.6659998894e-01,    4.7590198517e+01,    6.6659998894e-01,   -9.2470198870e-02,
    6.6769999266e-01,   -1.6895900667e-01,    6.6769999266e-01,    4.8253398895e+01,    6.6769999266e-01,   -7.2704300284e-02,
    6.6879999638e-01,   -1.1185500026e-01,    6.6879999638e-01,    4.7202899933e+01,    6.6879999638e-01,   -7.8438401222e-02,
    6.6990000010e-01,   -2.1178099513e-01,    6.6990000010e-01,    4.9416099548e+01,    6.6990000010e-01,   -1.0091900080e-01,
    6.7100000381e-01,   -1.3845899701e-01,    6.7100000381e-01,    4.6748100281e+01,    6.7100000381e-01,   -7.8281402588e-02,
    6.7210000753e-01,   -3.0370199680e-01,    6.7210000753e-01,    5.0852401733e+01,    6.7210000753e-01,   -1.1428099871e-01,
    6.7320001125e-01,   -1.7298099399e-01,    6.7320001125e-01,    4.6975799561e+01,    6.7320001125e-01,   -3.6409001797e-02,
    6.7430001497e-01,   -2.7138200402e-01,    6.7430001497e-01,    5.1716499329e+01,    6.7430001497e-01,   -1.2912799418e-01,
    6.7540001869e-01,   -1.8174399436e-01,    6.7540001869e-01,    4.7821800232e+01,    6.7540001869e-01,   -3.5820800811e-02,
    6.7650002241e-01,   -2.7037799358e-01,    6.7650002241e-01,    5.1704898834e+01,    6.7650002241e-01,   -1.2763400376e-01,
    6.7760002613e-01,   -2.6342898607e-01,    6.7760002613e-01,    4.9435699463e+01,    6.7760002613e-01,   -9.9125400186e-02,
    6.7869997025e-01,   -2.5336199999e-01,    6.7869997025e-01,    5.1106800079e+01,    6.7869997025e-01,   -1.5571899712e-01,
    6.7979997396e-01,   -3.2413101196e-01,    6.7979997396e-01,    5.1508598328e+01,    6.7979997396e-01,   -1.6890700161e-01,
    6.8089997768e-01,   -1.6581299901e-01,    6.8089997768e-01,    5.0083999634e+01,    6.8089997768e-01,   -1.2819799781e-01,
    6.8199998140e-01,   -3.7316200137e-01,    6.8199998140e-01,    5.3454200745e+01,    6.8199998140e-01,   -1.6365699470e-01,
    6.8309998512e-01,   -1.6995799541e-01,    6.8309998512e-01,    4.8887401581e+01,    6.8309998512e-01,   -1.2276300043e-01,
    6.8419998884e-01,   -4.6368399262e-01,    6.8419998884e-01,    5.4657600403e+01,    6.8419998884e-01,   -1.6719700396e-01,
    6.8529999256e-01,   -1.2556399405e-01,    6.8529999256e-01,    4.8301498413e+01,    6.8529999256e-01,   -7.9973399639e-02,
    6.8639999628e-01,   -4.9179300666e-01,    6.8639999628e-01,    5.5258998871e+01,    6.8639999628e-01,   -2.2353599966e-01,
    6.8750000000e-01,   -9.8398603499e-02,    6.8750000000e-01,    4.8133201599e+01,    6.8750000000e-01,   -6.4070098102e-02,
    6.8860000372e-01,   -4.6591699123e-01,    6.8860000372e-01,    5.4914001465e+01,    6.8860000372e-01,   -2.4101400375e-01,
    6.8970000744e-01,   -1.3844500482e-01,    6.8970000744e-01,    4.8377899170e+01,    6.8970000744e-01,   -1.4598500729e-01,
    6.9080001116e-01,   -4.1925901175e-01,    6.9080001116e-01,    5.3580799103e+01,    6.9080001116e-01,   -2.0328499377e-01,
    6.9190001488e-01,   -4.5137199759e-01,    6.9190001488e-01,    4.9154201508e+01,    6.9190001488e-01,   -1.5048900247e-01,
    6.9300001860e-01,   -2.8205400705e-01,    6.9300001860e-01,    5.2019199371e+01,    6.9300001860e-01,   -2.1910099685e-01,
    6.9410002232e-01,   -5.9217202663e-01,    6.9410002232e-01,    5.0921901703e+01,    6.9410002232e-01,   -2.2157000005e-01,
    6.9520002604e-01,   -1.1968600005e-01,    6.9520002604e-01,    5.0480400085e+01,    6.9520002604e-01,   -2.1323500574e-01,
    6.9630002975e-01,   -6.2881499529e-01,    6.9630002975e-01,    5.2325199127e+01,    6.9630002975e-01,   -2.5442299247e-01,
    6.9739997387e-01,   -2.3993700743e-02,    6.9739997387e-01,    4.8609298706e+01,    6.9739997387e-01,   -2.0402500033e-01,
    6.9849997759e-01,   -5.3104001284e-01,    6.9849997759e-01,    5.3257499695e+01,    6.9849997759e-01,   -2.3666200042e-01,
    6.9959998131e-01,    1.0325999931e-02,    6.9959998131e-01,    4.6861198425e+01,    6.9959998131e-01,   -1.6858600080e-01,
    7.0069998503e-01,   -4.3748900294e-01,    7.0069998503e-01,    5.3562698364e+01,    7.0069998503e-01,   -2.4357299507e-01,
    7.0179998875e-01,    2.6230700314e-02,    7.0179998875e-01,    4.5519699097e+01,    7.0179998875e-01,   -1.4756000042e-01,
    7.0289999247e-01,   -3.9872801304e-01,    7.0289999247e-01,    5.3051898956e+01,    7.0289999247e-01,   -2.1181699634e-01,
    7.0399999619e-01,    6.4388802275e-03,    7.0399999619e-01,    4.5184299469e+01,    7.0399999619e-01,   -1.4771899581e-01,
    7.0509999990e-01,   -3.3422699571e-01,    7.0509999990e-01,    5.2544399261e+01,    7.0509999990e-01,   -1.5847499669e-01,
    7.0620000362e-01,   -1.3984699547e-01,    7.0620000362e-01,    4.6086101532e+01,    7.0620000362e-01,   -1.4706400037e-01,
    7.0730000734e-01,   -3.6029899120e-01,    7.0730000734e-01,    5.1749099731e+01,    7.0730000734e-01,   -1.3767099380e-01,
    7.0840001106e-01,   -2.8175500035e-01,    7.0840001106e-01,    4.7835998535e+01,    7.0840001106e-01,   -8.4274798632e-02,
    7.0950001478e-01,   -4.0225800872e-01,    7.0950001478e-01,    5.0556598663e+01,    7.0950001478e-01,   -1.1688199639e-01,
    7.1060001850e-01,   -5.8554100990e-01,    7.1060001850e-01,    4.9740501404e+01,    7.1060001850e-01,    3.8524400443e-02,
    7.1170002222e-01,   -2.4220700562e-01,    7.1170002222e-01,    4.8977901459e+01,    7.1170002222e-01,   -6.3999101520e-02,
    7.1280002594e-01,   -5.8885800838e-01,    7.1280002594e-01,    5.1413799286e+01,    7.1280002594e-01,    1.9489299506e-02,
    7.1390002966e-01,   -1.0177899897e-01,    7.1390002966e-01,    4.7089698792e+01,    7.1390002966e-01,   -5.2577301860e-02,
    7.1499997377e-01,   -5.0043302774e-01,    7.1499997377e-01,    5.2498001099e+01,    7.1499997377e-01,    1.3054699637e-02,
    7.1609997749e-01,   -7.8567899764e-02,    7.1609997749e-01,    4.5675098419e+01,    7.1609997749e-01,   -4.0220901370e-02,
    7.1719998121e-01,   -3.3016699553e-01,    7.1719998121e-01,    5.3428398132e+01,    7.1719998121e-01,    1.7652800307e-02,
    7.1829998493e-01,   -2.7879598737e-01,    7.1829998493e-01,    4.5066299438e+01,    7.1829998493e-01,    4.0762700140e-02,
    7.1939998865e-01,   -1.8627199531e-01,    7.1939998865e-01,    5.3872299194e+01,    7.1939998865e-01,    4.0715299547e-02,
    7.2049999237e-01,   -3.7328800559e-01,    7.2049999237e-01,    4.5906700134e+01,    7.2049999237e-01,    1.8634699285e-02,
    7.2159999609e-01,   -1.5547800064e-01,    7.2159999609e-01,    5.4186199188e+01,    7.2159999609e-01,    5.5242502131e-03,
    7.2269999981e-01,   -4.8443499207e-01,    7.2269999981e-01,    4.7608299255e+01,    7.2269999981e-01,    2.9376100749e-02,
    7.2380000353e-01,   -1.5789699554e-01,    7.2380000353e-01,    5.3633800507e+01,    7.2380000353e-01,    1.8066400662e-02,
    7.2490000725e-01,   -6.2343299389e-01,    7.2490000725e-01,    4.9515300751e+01,    7.2490000725e-01,    2.1144400816e-03,
    7.2600001097e-01,   -6.8441197276e-02,    7.2600001097e-01,    5.2320301056e+01,    7.2600001097e-01,   -1.7587099865e-04,
    7.2710001469e-01,   -7.5735199451e-01,    7.2710001469e-01,    5.1714900970e+01,    7.2710001469e-01,    3.4874398261e-02,
    7.2820001841e-01,    2.5542199146e-03,    7.2820001841e-01,    5.0982498169e+01,    7.2820001841e-01,   -3.6226298660e-02,
    7.2930002213e-01,   -7.1795397997e-01,    7.2930002213e-01,    5.3991798401e+01,    7.2930002213e-01,    8.7372697890e-02,
    7.3040002584e-01,   -9.1073401272e-03,    7.3040002584e-01,    4.9639400482e+01,    7.3040002584e-01,    1.5487800352e-02,
    7.3150002956e-01,   -5.7202601433e-01,    7.3150002956e-01,    5.5782100677e+01,    7.3150002956e-01,    3.4525901079e-02,
    7.3259997368e-01,   -1.3810299337e-01,    7.3259997368e-01,    4.8468399048e+01,    7.3259997368e-01,    3.9256200194e-02,
    7.3369997740e-01,   -4.2833700776e-01,    7.3369997740e-01,    5.6964000702e+01,    7.3369997740e-01,   -2.9761800542e-02,
    7.3479998112e-01,   -3.2347398996e-01,    7.3479998112e-01,    4.7762500763e+01,    7.3479998112e-01,    6.2223099172e-02,
    7.3589998484e-01,   -3.0983999372e-01,    7.3589998484e-01,    5.7175201416e+01,    7.3589998484e-01,   -5.2371598780e-02,
    7.3699998856e-01,   -5.4854601622e-01,    7.3699998856e-01,    4.7816600800e+01,    7.3699998856e-01,    4.7655701637e-02,
    7.3809999228e-01,   -1.7666199803e-01,    7.3809999228e-01,    5.6712799072e+01,    7.3809999228e-01,   -2.8712000698e-02,
    7.3919999599e-01,   -8.3093601465e-01,    7.3919999599e-01,    4.8410099030e+01,    7.3919999599e-01,    6.2791801989e-02,
    7.4029999971e-01,   -2.1548999473e-02,    7.4029999971e-01,    5.4941898346e+01,    7.4029999971e-01,   -2.2143799812e-02,
    7.4140000343e-01,   -1.1885700226e+00,    7.4140000343e-01,    4.9816501617e+01,    7.4140000343e-01,    3.2629400492e-02,
    7.4250000715e-01,    3.1536200643e-01,    7.4250000715e-01,    5.3351799011e+01,    7.4250000715e-01,   -1.2685300410e-01,
    7.4360001087e-01,   -1.4353499413e+00,    7.4360001087e-01,    5.1845401764e+01,    7.4360001087e-01,   -5.4286997765e-03,
    7.4470001459e-01,    5.0584101677e-01,    7.4470001459e-01,    5.1445598602e+01,    7.4470001459e-01,   -1.7359399796e-01,
    7.4580001831e-01,   -1.4517400265e+00,    7.4580001831e-01,    5.3632499695e+01,    7.4580001831e-01,   -8.0122597516e-02,
    7.4690002203e-01,    3.4606900811e-01,    7.4690002203e-01,    4.9605400085e+01,    7.4690002203e-01,   -1.4577999711e-01,
    7.4800002575e-01,   -1.1674699783e+00,    7.4800002575e-01,    5.5750900269e+01,    7.4800002575e-01,   -1.3842000067e-01,
    7.4910002947e-01,    1.0507600009e-01,    7.4910002947e-01,    4.8945499420e+01,    7.4910002947e-01,   -1.0215599835e-01,
    7.5019997358e-01,   -9.9428498745e-01,    7.5019997358e-01,    5.8094001770e+01,    7.5019997358e-01,   -2.1483099461e-01,
    7.5129997730e-01,   -2.5207901001e-01,    7.5129997730e-01,    4.9301200867e+01,    7.5129997730e-01,   -1.0276100039e-01,
    7.5239998102e-01,   -7.0590597391e-01,    7.5239998102e-01,    6.0050498962e+01,    7.5239998102e-01,   -1.9642400742e-01,
    7.5349998474e-01,   -6.6639697552e-01,    7.5349998474e-01,    5.0290401459e+01,    7.5349998474e-01,   -6.4999900758e-02,
    7.5459998846e-01,   -4.2580300570e-01,    7.5459998846e-01,    6.0794200897e+01,    7.5459998846e-01,   -1.9032600522e-01,
    7.5569999218e-01,   -9.7658401728e-01,    7.5569999218e-01,    5.1838298798e+01,    7.5569999218e-01,   -6.2169000506e-02,
    7.5679999590e-01,   -1.4641700685e-01,    7.5679999590e-01,    6.0315299988e+01,    7.5679999590e-01,   -1.8519900739e-01,
    7.5789999962e-01,   -1.3847600222e+00,    7.5789999962e-01,    5.3996299744e+01,    7.5789999962e-01,   -4.3847300112e-02,
    7.5900000334e-01,    2.6268300414e-01,    7.5900000334e-01,    5.9000499725e+01,    7.5900000334e-01,   -1.6850200295e-01,
    7.6010000706e-01,   -1.7500400543e+00,    7.6010000706e-01,    5.6364700317e+01,    7.6010000706e-01,   -5.3050201386e-03,
    7.6120001078e-01,    6.3410902023e-01,    7.6120001078e-01,    5.6935699463e+01,    7.6120001078e-01,   -1.1478400230e-01,
    7.6230001450e-01,   -1.8948299885e+00,    7.6230001450e-01,    5.8272899628e+01,    7.6230001450e-01,    1.6526300460e-02,
    7.6340001822e-01,    7.1970301867e-01,    7.6340001822e-01,    5.4529399872e+01,    7.6340001822e-01,   -6.5901800990e-02,
    7.6450002193e-01,   -1.8522299528e+00,    7.6450002193e-01,    6.0055500031e+01,    7.6450002193e-01,    3.0096899718e-02,
    7.6560002565e-01,    3.9427998662e-01,    7.6560002565e-01,    5.2763301849e+01,    7.6560002565e-01,   -9.0081498027e-02,
    7.6670002937e-01,   -1.5771600008e+00,    7.6670002937e-01,    6.1688400269e+01,    7.6670002937e-01,   -1.4239399694e-02,
    7.6779997349e-01,    5.4921801202e-03,    7.6779997349e-01,    5.1761199951e+01,    7.6779997349e-01,   -1.1201000214e-01,
    7.6889997721e-01,   -1.1763000488e+00,    7.6889997721e-01,    6.2738601685e+01,    7.6889997721e-01,   -1.3945400715e-01,
    7.6999998093e-01,   -5.9170901775e-01,    7.6999998093e-01,    5.1685001373e+01,    7.6999998093e-01,   -1.1129099876e-01,
    7.7109998465e-01,   -8.4695798159e-01,    7.7109998465e-01,    6.3172401428e+01,    7.7109998465e-01,   -2.4784499407e-01,
    7.7219998837e-01,   -1.1663000584e+00,    7.7219998837e-01,    5.2796699524e+01,    7.7219998837e-01,   -1.0122100264e-01,
    7.7329999208e-01,   -5.0682002306e-01,    7.7329999208e-01,    6.2859500885e+01,    7.7329999208e-01,   -2.4079799652e-01,
    7.7439999580e-01,   -1.6360299587e+00,    7.7439999580e-01,    5.5120098114e+01,    7.7439999580e-01,   -8.3910301328e-02,
    7.7549999952e-01,   -1.3300299644e-01,    7.7549999952e-01,    6.1837001801e+01,    7.7549999952e-01,   -2.0653100312e-01,
    7.7660000324e-01,   -1.9554599524e+00,    7.7660000324e-01,    5.7710498810e+01,    7.7660000324e-01,   -4.7827098519e-02,
    7.7770000696e-01,    2.2409200668e-01,    7.7770000696e-01,    5.9967800140e+01,    7.7770000696e-01,   -1.8176299334e-01,
    7.7880001068e-01,   -2.1123199463e+00,    7.7880001068e-01,    6.0440898895e+01,    7.7880001068e-01,   -4.3284799904e-02,
    7.7990001440e-01,    4.3122699857e-01,    7.7990001440e-01,    5.8341300964e+01,    7.7990001440e-01,   -1.7959700525e-01,
    7.8100001812e-01,   -2.0014998913e+00,    7.8100001812e-01,    6.3613601685e+01,    7.8100001812e-01,   -7.3806501925e-02,
    7.8210002184e-01,    2.2197300196e-01,    7.8210002184e-01,    5.7193401337e+01,    7.8210002184e-01,   -2.2661499679e-01,
    7.8320002556e-01,   -1.7274700403e+00,    7.8320002556e-01,    6.6251296997e+01,    7.8320002556e-01,   -8.8737301528e-02,
    7.8430002928e-01,   -3.1691899896e-01,    7.8430002928e-01,    5.6236698151e+01,    7.8430002928e-01,   -2.2236199677e-01,
    7.8539997339e-01,   -1.3494299650e+00,    7.8539997339e-01,    6.7723396301e+01,    7.8539997339e-01,   -2.0732100308e-01,
    7.8649997711e-01,   -7.4952501059e-01,    7.8649997711e-01,    5.5800498962e+01,    7.8649997711e-01,   -1.8103200197e-01,
    7.8759998083e-01,   -8.2409101725e-01,    7.8759998083e-01,    6.8209297180e+01,    7.8759998083e-01,   -2.1901899576e-01,
    7.8869998455e-01,   -1.2069699764e+00,    7.8869998455e-01,    5.6765499115e+01,    7.8869998455e-01,   -1.1672899872e-01,
    7.8979998827e-01,   -5.0001102686e-01,    7.8979998827e-01,    6.7923500061e+01,    7.8979998827e-01,   -1.8171100318e-01,
    7.9089999199e-01,   -1.8055000305e+00,    7.9089999199e-01,    5.8417499542e+01,    7.9089999199e-01,   -9.6362598240e-02,
    7.9199999571e-01,   -2.7098700404e-02,    7.9199999571e-01,    6.6494796753e+01,    7.9199999571e-01,   -1.8561899662e-01,
    7.9309999943e-01,   -2.2776999474e+00,    7.9309999943e-01,    6.1057498932e+01,    7.9309999943e-01,    6.1691399664e-02,
    7.9420000315e-01,    4.7638899088e-01,    7.9420000315e-01,    6.4678398132e+01,    7.9420000315e-01,   -7.8486502171e-02,
    7.9530000687e-01,   -2.4766800404e+00,    7.9530000687e-01,    6.4097801208e+01,    7.9530000687e-01,    7.0407502353e-02,
    7.9640001059e-01,    7.8663700819e-01,    7.9640001059e-01,    6.2722198486e+01,    7.9640001059e-01,   -1.0034099966e-01,
    7.9750001431e-01,   -2.3375101089e+00,    7.9750001431e-01,    6.6901100159e+01,    7.9750001431e-01,    7.6768301427e-02,
    7.9860001802e-01,    6.2079697847e-01,    7.9860001802e-01,    6.0380199432e+01,    7.9860001802e-01,   -9.9664896727e-02,
    7.9970002174e-01,   -1.9728000164e+00,    7.9970002174e-01,    6.8871597290e+01,    7.9970002174e-01,    8.6717702448e-02,
    8.0080002546e-01,    1.4707799256e-01,    8.0080002546e-01,    5.8502399445e+01,    8.0080002546e-01,   -1.0174799711e-01,
    8.0190002918e-01,   -1.3906300068e+00,    8.0190002918e-01,    7.0143402100e+01,    8.0190002918e-01,   -4.1755899787e-02,
    8.0299997330e-01,   -4.6428701282e-01,    8.0299997330e-01,    5.7392299652e+01,    8.0299997330e-01,   -1.4985199273e-01,
    8.0409997702e-01,   -9.8804897070e-01,    8.0409997702e-01,    7.0394096375e+01,    8.0409997702e-01,   -1.3294300437e-01,
    8.0519998074e-01,   -1.0371799469e+00,    8.0519998074e-01,    5.7038600922e+01,    8.0519998074e-01,   -1.4184600115e-01,
    8.0629998446e-01,   -4.1904601455e-01,    8.0629998446e-01,    6.9350196838e+01,    8.0629998446e-01,   -1.3338600099e-01,
    8.0739998817e-01,   -1.7187999487e+00,    8.0739998817e-01,    5.7938598633e+01,    8.0739998817e-01,    4.6063400805e-02,
    8.0849999189e-01,    3.9453399181e-01,    8.0849999189e-01,    6.7733901978e+01,    8.0849999189e-01,   -6.5922796726e-02,
    8.0959999561e-01,   -2.4991500378e+00,    8.0959999561e-01,    5.9689701080e+01,    8.0959999561e-01,    8.6947999895e-02,
    8.1069999933e-01,    1.3251800537e+00,    8.1069999933e-01,    6.4955703735e+01,    8.1069999933e-01,   -1.2824900448e-01,
    8.1180000305e-01,   -3.1468598843e+00,    8.1180000305e-01,    6.1395999908e+01,    8.1180000305e-01,    1.8595400453e-01,
    8.1290000677e-01,    1.9744999409e+00,    8.1290000677e-01,    6.1613899231e+01,    8.1290000677e-01,   -6.0829799622e-02,
    8.1400001049e-01,   -3.3477299213e+00,    8.1400001049e-01,    6.3399898529e+01,    8.1400001049e-01,    1.7966100574e-01,
    8.1510001421e-01,    2.0304999352e+00,    8.1510001421e-01,    5.8717899323e+01,    8.1510001421e-01,    6.6485400312e-03,
    8.1620001793e-01,   -3.0372500420e+00,    8.1620001793e-01,    6.5246200562e+01,    8.1620001793e-01,    1.2713700533e-01,
    8.1730002165e-01,    1.7065199614e+00,    8.1730002165e-01,    5.6254299164e+01,    8.1730002165e-01,   -6.7649900913e-02,
    8.1840002537e-01,   -2.6127099991e+00,    8.1840002537e-01,    6.6640502930e+01,    8.1840002537e-01,    3.5990301520e-02,
    8.1950002909e-01,    9.0524601936e-01,    8.1950002909e-01,    5.4572200775e+01,    8.1950002909e-01,   -1.0477499664e-01,
    8.2059997320e-01,   -1.8342900276e+00,    8.2059997320e-01,    6.7445899963e+01,    8.2059997320e-01,   -4.9356698990e-02,
    8.2169997692e-01,   -3.0922099948e-01,    8.2169997692e-01,    5.3612998962e+01,    8.2169997692e-01,   -7.5990602374e-02,
    8.2279998064e-01,   -8.9616602659e-01,    8.2279998064e-01,    6.6464897156e+01,    8.2279998064e-01,   -7.6218098402e-02,
    8.2389998436e-01,   -1.7035499811e+00,    8.2389998436e-01,    5.3394298553e+01,    8.2389998436e-01,    7.7663599513e-03,
    8.2499998808e-01,    3.7729400396e-01,    8.2499998808e-01,    6.4456100464e+01,    8.2499998808e-01,   -1.1979900301e-01,
    8.2609999180e-01,   -3.5366098881e+00,    8.2609999180e-01,    5.4721000671e+01,    8.2609999180e-01,    1.3516199589e-01,
    8.2719999552e-01,    1.6975400448e+00,    8.2719999552e-01,    6.2280399323e+01,    8.2719999552e-01,   -1.0539200157e-01,
    8.2829999924e-01,   -5.0700402260e+00,    8.2829999924e-01,    5.7129501343e+01,    8.2829999924e-01,    2.0204000175e-01,
    8.2940000296e-01,    2.9801399708e+00,    8.2940000296e-01,    5.9539001465e+01,    8.2940000296e-01,   -9.0851202607e-02,
    8.3050000668e-01,   -6.0745501518e+00,    8.3050000668e-01,    5.9295101166e+01,    8.3050000668e-01,    2.5945401192e-01,
    8.3160001040e-01,    3.6727399826e+00,    8.3160001040e-01,    5.6535598755e+01,    8.3160001040e-01,   -9.4027798623e-03,
    8.3270001411e-01,   -6.3303699493e+00,    8.3270001411e-01,    6.1758701324e+01,    8.3270001411e-01,    2.1497100592e-01,
    8.3380001783e-01,    3.6160399914e+00,    8.3380001783e-01,    5.4305900574e+01,    8.3380001783e-01,   -7.1579702199e-02,
    8.3490002155e-01,   -5.7877798080e+00,    8.3490002155e-01,    6.4095703125e+01,    8.3490002155e-01,    8.9977502823e-02,
    8.3600002527e-01,    2.6836099625e+00,    8.3600002527e-01,    5.3108501434e+01,    8.3600002527e-01,   -8.4023699164e-02,
    8.3710002899e-01,   -4.4799900055e+00,    8.3710002899e-01,    6.6099899292e+01,    8.3710002899e-01,    1.1632400006e-01,
    8.3819997311e-01,    7.0418202877e-01,    8.3819997311e-01,    5.3030200958e+01,    8.3819997311e-01,   -6.1911601573e-02,
    8.3929997683e-01,   -2.7052099705e+00,    8.3929997683e-01,    6.6603698730e+01,    8.3929997683e-01,    1.1792499572e-02,
    8.4039998055e-01,   -2.1258099079e+00,    8.4039998055e-01,    5.4014099121e+01,    8.4039998055e-01,    1.2843200564e-01,
    8.4149998426e-01,   -2.3901699483e-01,    8.4149998426e-01,    6.5847801208e+01,    8.4149998426e-01,   -7.2265001945e-03,
    8.4259998798e-01,   -5.2694401741e+00,    8.4259998798e-01,    5.5774600983e+01,    8.4259998798e-01,    1.9822500646e-01,
    8.4369999170e-01,    2.5634899139e+00,    8.4369999170e-01,    6.3822799683e+01,    8.4369999170e-01,   -6.3228099607e-03,
    8.4479999542e-01,   -8.1836395264e+00,    8.4479999542e-01,    5.8216300964e+01,    8.4479999542e-01,    3.0419498682e-01,
    8.4589999914e-01,    5.4010701180e+00,    8.4589999914e-01,    6.1200298309e+01,    8.4589999914e-01,    8.5552101955e-03,
    8.4700000286e-01,   -1.0089500427e+01,    8.4700000286e-01,    6.1103000641e+01,    8.4700000286e-01,    3.6117398739e-01,
    8.4810000658e-01,    7.2909297943e+00,    8.4810000658e-01,    5.8686798096e+01,    8.4810000658e-01,   -4.6791401692e-03,
    8.4920001030e-01,   -1.0588000298e+01,    8.4920001030e-01,    6.3426898956e+01,    8.4920001030e-01,    2.9805099964e-01,
    8.5030001402e-01,    7.5386099815e+00,    8.5030001402e-01,    5.6182098389e+01,    8.5030001402e-01,    2.0089600235e-02,
    8.5140001774e-01,   -9.6024799347e+00,    8.5140001774e-01,    6.5217903137e+01,    8.5140001774e-01,    1.8534100056e-01,
    8.5250002146e-01,    5.8209800720e+00,    8.5250002146e-01,    5.4485401154e+01,    8.5250002146e-01,   -2.5951899588e-02,
    8.5360002518e-01,   -7.3988299370e+00,    8.5360002518e-01,    6.6402801514e+01,    8.5360002518e-01,   -8.5546895862e-03,
    8.5470002890e-01,    2.1613800526e+00,    8.5470002890e-01,    5.3936901093e+01,    8.5470002890e-01,   -8.3084799349e-02,
    8.5579997301e-01,   -4.1069002151e+00,    8.5579997301e-01,    6.5826301575e+01,    8.5579997301e-01,   -1.5153299272e-01,
    8.5689997673e-01,   -2.6558399200e+00,    8.5689997673e-01,    5.4053699493e+01,    8.5689997673e-01,    4.0557198226e-02,
    8.5799998045e-01,    2.8900800273e-02,    8.5799998045e-01,    6.3911800385e+01,    8.5799998045e-01,   -3.2034298778e-01,
    8.5909998417e-01,   -7.8205599785e+00,    8.5909998417e-01,    5.5495498657e+01,    8.5909998417e-01,    1.4158199728e-01,
    8.6019998789e-01,    4.7646999359e+00,    8.6019998789e-01,    6.2004798889e+01,    8.6019998789e-01,   -3.0075800419e-01,
    8.6129999161e-01,   -1.2100899696e+01,    8.6129999161e-01,    5.7851200104e+01,    8.6129999161e-01,    1.0651700199e-01,
    8.6239999533e-01,    8.9272804260e+00,    8.6239999533e-01,    5.9395099640e+01,    8.6239999533e-01,   -2.6828199625e-01,
    8.6349999905e-01,   -1.4335000038e+01,    8.6349999905e-01,    6.0235698700e+01,    8.6349999905e-01,    8.9640699327e-02,
    8.6460000277e-01,    1.1262399673e+01,    8.6460000277e-01,    5.6840900421e+01,    8.6460000277e-01,   -2.8835999966e-01,
    8.6570000648e-01,   -1.4389599800e+01,    8.6570000648e-01,    6.2331501007e+01,    8.6570000648e-01,    9.0847797692e-03,
    8.6680001020e-01,    1.0898799896e+01,    8.6680001020e-01,    5.4992401123e+01,    8.6680001020e-01,   -2.8001201153e-01,
    8.6790001392e-01,   -1.2293700218e+01,    8.6790001392e-01,    6.3223800659e+01,    8.6790001392e-01,   -8.3149001002e-02,
    8.6900001764e-01,    7.6586298943e+00,    8.6900001764e-01,    5.3255100250e+01,    8.6900001764e-01,   -3.3734700084e-01,
    8.7010002136e-01,   -8.3952102661e+00,    8.7010002136e-01,    6.3654098511e+01,    8.7010002136e-01,   -5.5125899613e-02,
    8.7120002508e-01,    1.6641600132e+00,    8.7120002508e-01,    5.3835800171e+01,    8.7120002508e-01,   -2.0576499403e-01,
    8.7230002880e-01,   -2.9119200706e+00,    8.7230002880e-01,    6.4069999695e+01,    8.7230002880e-01,   -1.9071400166e-01,
    8.7339997292e-01,   -5.8752799034e+00,    8.7339997292e-01,    5.5859401703e+01,    8.7339997292e-01,    5.9939399362e-02,
    8.7449997663e-01,    3.5770199299e+00,    8.7449997663e-01,    6.3261699677e+01,    8.7449997663e-01,   -3.3375400305e-01,
    8.7559998035e-01,   -1.2756299973e+01,    8.7559998035e-01,    5.8357101440e+01,    8.7559998035e-01,    1.6497200727e-01,
    8.7669998407e-01,    9.7412004471e+00,    8.7669998407e-01,    6.1823200226e+01,    8.7669998407e-01,   -2.0464800298e-01,
    8.7779998779e-01,   -1.7523799896e+01,    8.7779998779e-01,    6.1494598389e+01,    8.7779998779e-01,   -2.8503699228e-02,
    8.7889999151e-01,    1.4077400208e+01,    8.7889999151e-01,    6.0868198395e+01,    8.7889999151e-01,   -9.5848999918e-02,
    8.7999999523e-01,   -1.9020200729e+01,    8.7999999523e-01,    6.4796997070e+01,    8.7999999523e-01,   -1.0095000267e-01,
    8.8109999895e-01,    1.5190699577e+01,    8.8109999895e-01,    5.9914100647e+01,    8.8109999895e-01,   -2.6351499557e-01,
    8.8220000267e-01,   -1.7194299698e+01,    8.8220000267e-01,    6.7431198120e+01,    8.8220000267e-01,   -7.1877598763e-02,
    8.8330000639e-01,    1.2036000252e+01,    8.8330000639e-01,    5.9950698853e+01,    8.8330000639e-01,   -4.2844200134e-01,
    8.8440001011e-01,   -1.2397500038e+01,    8.8440001011e-01,    6.8958801270e+01,    8.8440001011e-01,   -1.8957300484e-01,
    8.8550001383e-01,    5.1567301750e+00,    8.8550001383e-01,    6.0842300415e+01,    8.8550001383e-01,   -5.1742798090e-01,
    8.8660001755e-01,   -5.2649102211e+00,    8.8660001755e-01,    6.8998901367e+01,    8.8660001755e-01,   -2.6064899564e-01,
    8.8770002127e-01,   -4.1080298424e+00,    8.8770002127e-01,    6.2427101135e+01,    8.8770002127e-01,   -5.7985997200e-01,
    8.8880002499e-01,    3.1774899960e+00,    8.8880002499e-01,    6.8987197876e+01,    8.8880002499e-01,   -3.4924298525e-01,
    8.8990002871e-01,   -1.3173399925e+01,    8.8990002871e-01,    6.4508697510e+01,    8.8990002871e-01,   -4.0509301424e-01,
    8.9099997282e-01,    1.1281999588e+01,    8.9099997282e-01,    6.8443099976e+01,    8.9099997282e-01,   -4.2229199409e-01,
    8.9209997654e-01,   -1.9669700623e+01,    8.9209997654e-01,    6.6866096497e+01,    8.9209997654e-01,   -4.2054501176e-01,
    8.9319998026e-01,    1.6988899231e+01,    8.9319998026e-01,    6.6927001953e+01,    8.9319998026e-01,   -2.9918000102e-01,
    8.9429998398e-01,   -2.2324899673e+01,    8.9429998398e-01,    6.9096199036e+01,    8.9429998398e-01,   -5.0546997786e-01,
    8.9539998770e-01,    1.8842500687e+01,    8.9539998770e-01,    6.5706199646e+01,    8.9539998770e-01,   -1.4142200351e-01,
    8.9649999142e-01,   -2.0942199707e+01,    8.9649999142e-01,    7.1045799255e+01,    8.9649999142e-01,   -3.2812198997e-01,
    8.9759999514e-01,    1.5782400131e+01,    8.9759999514e-01,    6.5470497131e+01,    8.9759999514e-01,   -3.0694100261e-01,
    8.9869999886e-01,   -1.5711999893e+01,    8.9869999886e-01,    7.2310501099e+01,    8.9869999886e-01,   -7.5240902603e-02,
    8.9980000257e-01,    8.3180198669e+00,    8.9980000257e-01,    6.6345001221e+01,    8.9980000257e-01,   -3.3478099108e-01,
    9.0090000629e-01,   -7.6137599945e+00,    9.0090000629e-01,    7.3050102234e+01,    9.0090000629e-01,   -1.0281899944e-02,
    9.0200001001e-01,   -1.9612699747e+00,    9.0200001001e-01,    6.7635398865e+01,    9.0200001001e-01,   -2.9167801142e-01,
    9.0310001373e-01,    1.9487099648e+00,    9.0310001373e-01,    7.3032699585e+01,    9.0310001373e-01,    1.8641200662e-01,
    9.0420001745e-01,   -1.2432600021e+01,    9.0420001745e-01,    6.9090499878e+01,    9.0420001745e-01,   -3.0054500699e-01,
    9.0530002117e-01,    1.1075599670e+01,    9.0530002117e-01,    7.2671699524e+01,    9.0530002117e-01,    8.0297701061e-02,
    9.0640002489e-01,   -2.0696500778e+01,    9.0640002489e-01,    7.0484497070e+01,    9.0640002489e-01,   -2.1188800037e-01,
    9.0750002861e-01,    1.8146400452e+01,    9.0750002861e-01,    7.1344596863e+01,    9.0750002861e-01,    1.4792500436e-01,
    9.0859997272e-01,   -2.4832700729e+01,    9.0859997272e-01,    7.2321098328e+01,    9.0859997272e-01,   -1.3321599364e-01,
    9.0969997644e-01,    2.1063699722e+01,    9.0969997644e-01,    7.0275001526e+01,    9.0969997644e-01,    8.8601298630e-02,
    9.1079998016e-01,   -2.4547000885e+01,    9.1079998016e-01,    7.3993896484e+01,    9.1079998016e-01,   -5.0963800400e-02,
    9.1189998388e-01,    1.8884000778e+01,    9.1189998388e-01,    7.0193199158e+01,    9.1189998388e-01,    1.2430099770e-02,
    9.1299998760e-01,   -1.9644699097e+01,    9.1299998760e-01,    7.5023498535e+01,    9.1299998760e-01,    3.5318799317e-02,
    9.1409999132e-01,    1.1519599915e+01,    9.1409999132e-01,    7.0823898315e+01,    9.1409999132e-01,   -1.4645600319e-01,
    9.1519999504e-01,   -1.1277199745e+01,    9.1519999504e-01,    7.5866798401e+01,    9.1519999504e-01,    6.8159900606e-02,
    9.1629999876e-01,    7.5980901718e-01,    9.1629999876e-01,    7.2122200012e+01,    9.1629999876e-01,   -7.2179198265e-02,
    9.1740000248e-01,   -8.6515802145e-01,    9.1740000248e-01,    7.6617897034e+01,    9.1740000248e-01,   -7.8976802528e-02,
    9.1850000620e-01,   -1.0761899948e+01,    9.1850000620e-01,    7.3630599976e+01,    9.1850000620e-01,    5.3322199732e-02,
    9.1960000992e-01,    9.9004497528e+00,    9.1960000992e-01,    7.5997596741e+01,    9.1960000992e-01,   -1.0102200322e-03,
    9.2070001364e-01,   -2.0393600464e+01,    9.2070001364e-01,    7.4829002380e+01,    9.2070001364e-01,   -1.6024400294e-01,
    9.2180001736e-01,    1.8272199631e+01,    9.2180001736e-01,    7.5825897217e+01,    9.2180001736e-01,   -4.5104399323e-02,
    9.2290002108e-01,   -2.6025400162e+01,    9.2290002108e-01,    7.7474998474e+01,    9.2290002108e-01,   -3.6297801137e-01,
    9.2400002480e-01,    2.2487400055e+01,    9.2400002480e-01,    7.5754096985e+01,    9.2400002480e-01,    4.7734301537e-02,
    9.2510002851e-01,   -2.6642700195e+01,    9.2510002851e-01,    7.8791198730e+01,    9.2510002851e-01,   -5.1186501980e-01,
    9.2619997263e-01,    2.0806900024e+01,    9.2619997263e-01,    7.5392700195e+01,    9.2619997263e-01,   -6.7256301641e-02,
    9.2729997635e-01,   -2.2285999298e+01,    9.2729997635e-01,    7.8996597290e+01,    9.2729997635e-01,   -3.9743798971e-01,
    9.2839998007e-01,    1.4048899651e+01,    9.2839998007e-01,    7.4782699585e+01,    9.2839998007e-01,   -1.6688799858e-01,
    9.2949998379e-01,   -1.3872500420e+01,    9.2949998379e-01,    7.8829299927e+01,    9.2949998379e-01,   -2.8547200561e-01,
    9.3059998751e-01,    3.3934700489e+00,    9.3059998751e-01,    7.5131698608e+01,    9.3059998751e-01,   -8.6132600904e-02,
    9.3169999123e-01,   -2.5367999077e+00,    9.3169999123e-01,    7.8061599731e+01,    9.3169999123e-01,   -6.3330203295e-02,
    9.3279999495e-01,   -8.6663599014e+00,    9.3279999495e-01,    7.5360198975e+01,    9.3279999495e-01,   -1.7627400160e-01,
    9.3389999866e-01,    8.9338703156e+00,    9.3389999866e-01,    7.7150001526e+01,    9.3389999866e-01,   -9.1583698988e-02,
    9.3500000238e-01,   -1.9260200500e+01,    9.3500000238e-01,    7.5717697144e+01,    9.3500000238e-01,   -1.6644400358e-01,
    9.3610000610e-01,    1.8240600586e+01,    9.3610000610e-01,    7.6148597717e+01,    9.3610000610e-01,    6.9758102298e-02,
    9.3720000982e-01,   -2.5884000778e+01,    9.3720000982e-01,    7.6331802368e+01,    9.3720000982e-01,   -4.2702499032e-01,
    9.3830001354e-01,    2.3162099838e+01,    9.3830001354e-01,    7.5127799988e+01,    9.3830001354e-01,    8.5003100336e-02,
    9.3940001726e-01,   -2.7746000290e+01,    9.3940001726e-01,    7.6551498413e+01,    9.3940001726e-01,   -5.9103500843e-01,
    9.4050002098e-01,    2.2951400757e+01,    9.4050002098e-01,    7.3686096191e+01,    9.4050002098e-01,    2.9964899644e-02,
    9.4160002470e-01,   -2.4453399658e+01,    9.4160002470e-01,    7.6144203186e+01,    9.4160002470e-01,   -4.6997600794e-01,
    9.4270002842e-01,    1.7148899078e+01,    9.4270002842e-01,    7.2985198975e+01,    9.4270002842e-01,   -1.6862699389e-01,
    9.4379997253e-01,   -1.6964899063e+01,    9.4379997253e-01,    7.5436203003e+01,    9.4379997253e-01,   -3.6477500200e-01,
    9.4489997625e-01,    7.1326398849e+00,    9.4489997625e-01,    7.2516799927e+01,    9.4489997625e-01,   -1.6897299886e-01,
    9.4599997997e-01,   -6.1677398682e+00,    9.4599997997e-01,    7.4060203552e+01,    9.4599997997e-01,   -1.9198900461e-01,
    9.4709998369e-01,   -5.0074501038e+00,    9.4709998369e-01,    7.1622901917e+01,    9.4709998369e-01,   -1.3620500267e-01,
    9.4819998741e-01,    5.7213401794e+00,    9.4819998741e-01,    7.2336601257e+01,    9.4819998741e-01,   -3.4696999937e-02,
    9.4929999113e-01,   -1.6485500336e+01,    9.4929999113e-01,    7.0379600525e+01,    9.4929999113e-01,   -2.5920298696e-01,
    9.5039999485e-01,    1.5812999725e+01,    9.5039999485e-01,    6.9922798157e+01,    9.5039999485e-01,    2.4573700503e-03,
    9.5149999857e-01,   -2.5028499603e+01,    9.5149999857e-01,    6.8517997742e+01,    9.5149999857e-01,   -4.0975698829e-01,
    9.5260000229e-01,    2.1987400055e+01,    9.5260000229e-01,    6.7435302734e+01,    9.5260000229e-01,   -1.0669799894e-01,
    9.5370000601e-01,   -2.8455799103e+01,    9.5370000601e-01,    6.7791801453e+01,    9.5370000601e-01,   -3.5257199407e-01,
    9.5480000973e-01,    2.3452100754e+01,    9.5480000973e-01,    6.5797698975e+01,    9.5480000973e-01,   -8.2194000483e-02,
    9.5590001345e-01,   -2.6977399826e+01,    9.5590001345e-01,    6.7175102234e+01,    9.5590001345e-01,   -3.5664701462e-01,
    9.5700001717e-01,    1.9765699387e+01,    9.5700001717e-01,    6.4949798584e+01,    9.5700001717e-01,   -7.0577800274e-02,
    9.5810002089e-01,   -2.0742399216e+01,    9.5810002089e-01,    6.6164299011e+01,    9.5810002089e-01,   -1.8764199317e-01,
    9.5920002460e-01,    1.1414299965e+01,    9.5920002460e-01,    6.4438400269e+01,    9.5920002460e-01,   -1.2026800215e-01,
    9.6030002832e-01,   -1.0693900108e+01,    9.6030002832e-01,    6.5384696960e+01,    9.6030002832e-01,   -1.5304300189e-01,
    9.6139997244e-01,    2.7502301335e-01,    9.6139997244e-01,    6.4244400024e+01,    9.6139997244e-01,    4.4290401042e-02,
    9.6249997616e-01,    9.6080499887e-01,    9.6249997616e-01,    6.4826103210e+01,    9.6249997616e-01,   -6.1934001744e-02,
    9.6359997988e-01,   -1.1049799919e+01,    9.6359997988e-01,    6.3698001862e+01,    9.6359997988e-01,    2.1680299193e-02,
    9.6469998360e-01,    1.1945799828e+01,    9.6469998360e-01,    6.4378402710e+01,    9.6469998360e-01,    1.1641000211e-01,
    9.6579998732e-01,   -2.0313600540e+01,    9.6579998732e-01,    6.3405998230e+01,    9.6579998732e-01,   -7.9479701817e-02,
    9.6689999104e-01,    2.0000400543e+01,    9.6689999104e-01,    6.4008300781e+01,    9.6689999104e-01,    1.7887599766e-01,
    9.6799999475e-01,   -2.5939399719e+01,    9.6799999475e-01,    6.3666198730e+01,    9.6799999475e-01,   -1.0990999639e-01,
    9.6909999847e-01,    2.3856199265e+01,    9.6909999847e-01,    6.3832901001e+01,    9.6909999847e-01,    1.0982699692e-01,
    9.7020000219e-01,   -2.6908199310e+01,    9.7020000219e-01,    6.3913398743e+01,    9.7020000219e-01,   -1.0027999990e-02,
    9.7130000591e-01,    2.2824100494e+01,    9.7130000591e-01,    6.3784500122e+01,    9.7130000591e-01,    2.0397700369e-01,
    9.7240000963e-01,   -2.3098300934e+01,    9.7240000963e-01,    6.3877700806e+01,    9.7240000963e-01,    2.7934599668e-02,
    9.7350001335e-01,    1.6752500534e+01,    9.7350001335e-01,    6.3642398834e+01,    9.7350001335e-01,    2.4715599418e-01,
    9.7460001707e-01,   -1.4877400398e+01,    9.7460001707e-01,    6.3086700439e+01,    9.7460001707e-01,    1.8177600205e-01,
    9.7570002079e-01,    6.8598899841e+00,    9.7570002079e-01,    6.3546199799e+01,    9.7570002079e-01,    2.9308098555e-01,
    9.7680002451e-01,   -3.9047501087e+00,    9.7680002451e-01,    6.2566101074e+01,    9.7680002451e-01,    3.7387999892e-01,
    9.7790002823e-01,   -4.3262701035e+00,    9.7790002823e-01,    6.2892398834e+01,    9.7790002823e-01,    3.5954898596e-01,
    9.7899997234e-01,    7.4865798950e+00,    9.7899997234e-01,    6.2437099457e+01,    9.7899997234e-01,    4.6316400170e-01,
    9.8009997606e-01,   -1.4721699715e+01,    9.8009997606e-01,    6.2202201843e+01,    9.8009997606e-01,    3.5860198736e-01,
    9.8119997978e-01,    1.7138500214e+01,    9.8119997978e-01,    6.2373500824e+01,    9.8119997978e-01,    3.1412199140e-01,
    9.8229998350e-01,   -2.2500099182e+01,    9.8229998350e-01,    6.1754699707e+01,    9.8229998350e-01,    2.9281601310e-01,
    9.8339998722e-01,    2.3499799728e+01,    9.8339998722e-01,    6.2656299591e+01,    9.8339998722e-01,    3.8774698973e-01,
    9.8449999094e-01,   -2.6509099960e+01,    9.8449999094e-01,    6.2641201019e+01,    9.8449999094e-01,    5.7910401374e-02,
    9.8559999466e-01,    2.5048000336e+01,    9.8559999466e-01,    6.3161499023e+01,    9.8559999466e-01,    3.6452999711e-01,
    9.8669999838e-01,   -2.5587200165e+01,    9.8669999838e-01,    6.2942199707e+01,    9.8669999838e-01,   -1.6329500824e-02,
    9.8780000210e-01,    2.1455099106e+01,    9.8780000210e-01,    6.3613399506e+01,    9.8780000210e-01,    4.0814399719e-01,
    9.8890000582e-01,   -1.9647300720e+01,    9.8890000582e-01,    6.2614299774e+01,    9.8890000582e-01,    5.1017701626e-02,
    9.9000000954e-01,    1.3567299843e+01,    9.9000000954e-01,    6.3980098724e+01,    9.9000000954e-01,    2.2428700328e-01,
    9.9110001326e-01,   -1.0096699715e+01,    9.9110001326e-01,    6.2233699799e+01,    9.9110001326e-01,    1.8948100507e-01,
    9.9220001698e-01,    2.7493000031e+00,    9.9220001698e-01,    6.3996101379e+01,    9.9220001698e-01,    2.7027699351e-01,
    9.9330002069e-01,    1.8613699675e+00,    9.9330002069e-01,    6.2659801483e+01,    9.9330002069e-01,    2.3214599490e-01,
    9.9440002441e-01,   -8.6801204681e+00,    9.9440002441e-01,    6.4231399536e+01,    9.9440002441e-01,    2.2994899750e-01,
    9.9550002813e-01,    1.3335100174e+01,    9.9550002813e-01,    6.2336498260e+01,    9.9550002813e-01,    2.1679200232e-01,
    9.9659997225e-01,   -1.8664699554e+01,    9.9659997225e-01,    6.2590999603e+01,    9.9659997225e-01,    1.2809899449e-01,
    9.9769997597e-01,    2.1882900238e+01,    9.9769997597e-01,    6.2248699188e+01,    9.9769997597e-01,    1.3861399889e-01,
    9.9879997969e-01,   -2.5369800568e+01,    9.9879997969e-01,    6.1887699127e+01,    9.9879997969e-01,   -1.9258100539e-02,
    9.9989998341e-01,    2.6511100769e+01,    9.9989998341e-01,    6.2347000122e+01,    9.9989998341e-01,    2.5744500756e-01,
    1.0010000467e+00,   -2.7702899933e+01,    1.0010000467e+00,    6.1750198364e+01,    1.0010000467e+00,   -1.7555500567e-01,
    1.0020999908e+00,    2.5889400482e+01,    1.0020999908e+00,    6.2949798584e+01,    1.0020999908e+00,    3.2355400920e-01,
    1.0032000542e+00,   -2.4842899323e+01,    1.0032000542e+00,    6.1744499207e+01,    1.0032000542e+00,   -2.2048600018e-01,
    1.0042999983e+00,    2.0550600052e+01,    1.0042999983e+00,    6.3812301636e+01,    1.0042999983e+00,    2.3021799326e-01,
    1.0053999424e+00,   -1.7393199921e+01,    1.0053999424e+00,    6.1236900330e+01,    1.0053999424e+00,    3.2078001648e-02,
    1.0065000057e+00,    1.1157899857e+01,    1.0065000057e+00,    6.4195098877e+01,    1.0065000057e+00,    1.4200599492e-01,
    1.0075999498e+00,   -6.2241401672e+00,    1.0075999498e+00,    6.1306499481e+01,    1.0075999498e+00,    4.9318399280e-02,
    1.0087000132e+00,   -1.5089400113e-01,    1.0087000132e+00,    6.3557800293e+01,    1.0087000132e+00,    1.6744600236e-01,
    1.0097999573e+00,    6.3399000168e+00,    1.0097999573e+00,    6.0270000458e+01,    1.0097999573e+00,    2.0274600387e-01,
    1.0109000206e+00,   -1.1231399536e+01,    1.0109000206e+00,    6.2443099976e+01,    1.0109000206e+00,    1.6526300460e-02,
    1.0119999647e+00,    1.7569799423e+01,    1.0119999647e+00,    6.0448699951e+01,    1.0119999647e+00,    2.9758900404e-01,
    1.0131000280e+00,   -2.0918600082e+01,    1.0131000280e+00,    6.1353698730e+01,    1.0131000280e+00,   -3.4145299345e-02,
    1.0141999722e+00,    2.5732599258e+01,    1.0141999722e+00,    6.1414398193e+01,    1.0141999722e+00,    1.9982300699e-01,
    1.0153000355e+00,   -2.6703500748e+01,    1.0153000355e+00,    6.0597599030e+01,    1.0153000355e+00,   -1.4219899476e-01,
    1.0163999796e+00,    2.9143199921e+01,    1.0163999796e+00,    6.2006698608e+01,    1.0163999796e+00,    2.2771699727e-01,
    1.0175000429e+00,   -2.7914899826e+01,    1.0175000429e+00,    6.0009799957e+01,    1.0175000429e+00,   -1.9753499329e-01,
    1.0185999870e+00,    2.7244699478e+01,    1.0185999870e+00,    6.2873500824e+01,    1.0185999870e+00,    2.4046899378e-01,
    1.0197000504e+00,   -2.3864400864e+01,    1.0197000504e+00,    6.0083301544e+01,    1.0197000504e+00,   -2.2007800639e-01,
    1.0207999945e+00,    2.0585100174e+01,    1.0207999945e+00,    6.4195899963e+01,    1.0207999945e+00,    3.0023899674e-01,
    1.0219000578e+00,   -1.5411100388e+01,    1.0219000578e+00,    6.0138401031e+01,    1.0219000578e+00,   -5.2988499403e-02,
    1.0230000019e+00,    1.0674500465e+01,    1.0230000019e+00,    6.5165603638e+01,    1.0230000019e+00,    9.9719099700e-02,
    1.0240999460e+00,   -3.7514700890e+00,    1.0240999460e+00,    6.0544101715e+01,    1.0240999460e+00,    1.9870999455e-01,
    1.0252000093e+00,   -1.1917300224e+00,    1.0252000093e+00,    6.5539299011e+01,    1.0252000093e+00,    4.7459598631e-02,
    1.0262999535e+00,    8.7241601944e+00,    1.0262999535e+00,    6.1340400696e+01,    1.0262999535e+00,    2.0949299634e-01,
    1.0274000168e+00,   -1.2756299973e+01,    1.0274000168e+00,    6.5063400269e+01,    1.0274000168e+00,   -4.7464899719e-02,
    1.0284999609e+00,    1.9453199387e+01,    1.0284999609e+00,    6.2534999847e+01,    1.0284999609e+00,    1.3336899877e-01,
    1.0296000242e+00,   -2.2223400116e+01,    1.0296000242e+00,    6.4661102295e+01,    1.0296000242e+00,    6.8834400736e-03,
    1.0306999683e+00,    2.7096599579e+01,    1.0306999683e+00,    6.4150802612e+01,    1.0306999683e+00,    4.3853700161e-02,
    1.0318000317e+00,   -2.8221200943e+01,    1.0318000317e+00,    6.4196098328e+01,    1.0318000317e+00,   -2.2480399907e-01,
    1.0328999758e+00,    3.0156700134e+01,    1.0328999758e+00,    6.5314102173e+01,    1.0328999758e+00,    1.4251199365e-01,
    1.0340000391e+00,   -2.9358100891e+01,    1.0340000391e+00,    6.3262901306e+01,    1.0340000391e+00,   -2.1585500240e-01,
    1.0350999832e+00,    2.8281400681e+01,    1.0350999832e+00,    6.6351402283e+01,    1.0350999832e+00,    2.5618401170e-01,
    1.0362000465e+00,   -2.5084299088e+01,    1.0362000465e+00,    6.2948898315e+01,    1.0362000465e+00,   -1.8457600474e-01,
    1.0372999907e+00,    2.1750799179e+01,    1.0372999907e+00,    6.7240997314e+01,    1.0372999907e+00,    2.7530199289e-01,
    1.0384000540e+00,   -1.6473300934e+01,    1.0384000540e+00,    6.1726398468e+01,    1.0384000540e+00,   -6.6742897034e-02,
    1.0394999981e+00,    1.1875300407e+01,    1.0394999981e+00,    6.6995903015e+01,    1.0394999981e+00,    1.2022499740e-01,
    1.0405999422e+00,   -5.0612201691e+00,    1.0405999422e+00,    6.1672100067e+01,    1.0405999422e+00,    2.1878099442e-01,
    1.0417000055e+00,   -2.3066200316e-02,    1.0417000055e+00,    6.7007003784e+01,    1.0417000055e+00,    6.0169000179e-02,
    1.0427999496e+00,    7.5069699287e+00,    1.0427999496e+00,    6.2098800659e+01,    1.0427999496e+00,    3.3553099632e-01,
    1.0439000130e+00,   -1.1671099663e+01,    1.0439000130e+00,    6.6137603760e+01,    1.0439000130e+00,    3.5772498697e-02,
    1.0449999571e+00,    1.8458299637e+01,    1.0449999571e+00,    6.2767799377e+01,    1.0449999571e+00,    1.6696600616e-01,
    1.0461000204e+00,   -2.1594699860e+01,    1.0461000204e+00,    6.4988601685e+01,    1.0461000204e+00,    4.2813301086e-02,
    1.0471999645e+00,    2.6687999725e+01,    1.0471999645e+00,    6.3547100067e+01,    1.0471999645e+00,    1.0951399803e-01,
    1.0483000278e+00,   -2.8594299316e+01,    1.0483000278e+00,    6.3761901855e+01,    1.0483000278e+00,   -1.1326500028e-01,
    1.0493999720e+00,    3.0325199127e+01,    1.0493999720e+00,    6.4101600647e+01,    1.0493999720e+00,    7.9036101699e-02,
    1.0505000353e+00,   -3.1484199524e+01,    1.0505000353e+00,    6.2536098480e+01,    1.0505000353e+00,   -1.3252599537e-01,
    1.0515999794e+00,    3.0018100739e+01,    1.0515999794e+00,    6.4647697449e+01,    1.0515999794e+00,    2.2272799909e-01,
    1.0527000427e+00,   -2.9782800674e+01,    1.0527000427e+00,    6.2096099854e+01,    1.0527000427e+00,   -8.4620900452e-02,
    1.0537999868e+00,    2.6284299850e+01,    1.0537999868e+00,    6.5325698853e+01,    1.0537999868e+00,    1.1635699868e-01,
    1.0549000502e+00,   -2.3588199615e+01,    1.0549000502e+00,    6.1102401733e+01,    1.0549000502e+00,   -3.2099399716e-02,
    1.0559999943e+00,    1.8974800110e+01,    1.0559999943e+00,    6.5375000000e+01,    1.0559999943e+00,    1.2892200053e-01,
    1.0571000576e+00,   -1.4285900116e+01,    1.0571000576e+00,    6.0422401428e+01,    1.0571000576e+00,    1.2997499667e-02,
    1.0582000017e+00,    9.0922403336e+00,    1.0582000017e+00,    6.5202201843e+01,    1.0582000017e+00,    5.9511000291e-03,
    1.0592999458e+00,   -2.9049201012e+00,    1.0592999458e+00,    6.0576400757e+01,    1.0592999458e+00,    8.6062900722e-02,
    1.0604000092e+00,   -2.2560899258e+00,    1.0604000092e+00,    6.4517700195e+01,    1.0604000092e+00,   -2.1747900546e-01,
    1.0614999533e+00,    8.6373701096e+00,    1.0614999533e+00,    6.1275199890e+01,    1.0614999533e+00,    1.7803700175e-03,
    1.0626000166e+00,   -1.3442999840e+01,    1.0626000166e+00,    6.4134597778e+01,    1.0626000166e+00,   -2.6107901335e-01,
    1.0636999607e+00,    1.9081100464e+01,    1.0636999607e+00,    6.2627700806e+01,    1.0636999607e+00,   -3.2688200474e-02,
    1.0648000240e+00,   -2.2351699829e+01,    1.0648000240e+00,    6.3724498749e+01,    1.0648000240e+00,   -2.3106999695e-01,
    1.0658999681e+00,    2.6659200668e+01,    1.0658999681e+00,    6.3599700928e+01,    1.0658999681e+00,   -8.6548201740e-02,
    1.0670000315e+00,   -2.8648300171e+01,    1.0670000315e+00,    6.3436298370e+01,    1.0670000315e+00,   -2.1607999504e-01,
    1.0680999756e+00,    3.1437200546e+01,    1.0680999756e+00,    6.4700302124e+01,    1.0680999756e+00,   -9.4204299152e-02,
    1.0692000389e+00,   -3.1467399597e+01,    1.0692000389e+00,    6.3896598816e+01,    1.0692000389e+00,   -8.3508402109e-02,
    1.0702999830e+00,    3.1919300079e+01,    1.0702999830e+00,    6.6174697876e+01,    1.0702999830e+00,   -2.2617200017e-01,
    1.0714000463e+00,   -3.0774799347e+01,    1.0714000463e+00,    6.4806098938e+01,    1.0714000463e+00,   -1.8141100183e-02,
    1.0724999905e+00,    2.9245800018e+01,    1.0724999905e+00,    6.7179298401e+01,    1.0724999905e+00,   -1.4852799475e-01,
    1.0736000538e+00,   -2.5856000900e+01,    1.0736000538e+00,    6.5418403625e+01,    1.0736000538e+00,   -5.0252798945e-02,
    1.0746999979e+00,    2.3324899673e+01,    1.0746999979e+00,    6.8234497070e+01,    1.0746999979e+00,   -7.9062700272e-02,
    1.0757999420e+00,   -1.8480100632e+01,    1.0757999420e+00,    6.6032997131e+01,    1.0757999420e+00,    1.4590799809e-02,
    1.0769000053e+00,    1.5454999924e+01,    1.0769000053e+00,    6.8716400146e+01,    1.0769000053e+00,   -1.0477299988e-01,
    1.0779999495e+00,   -8.7895202637e+00,    1.0779999495e+00,    6.6835899353e+01,    1.0779999495e+00,    7.6315701008e-02,
    1.0791000128e+00,    5.4802498817e+00,    1.0791000128e+00,    6.9352996826e+01,    1.0791000128e+00,   -2.5233501196e-01,
    1.0801999569e+00,    1.4508299828e+00,    1.0801999569e+00,    6.7640197754e+01,    1.0801999569e+00,    1.0497500002e-01,
    1.0813000202e+00,   -4.7431697845e+00,    1.0813000202e+00,    6.9905502319e+01,    1.0813000202e+00,   -2.8871899843e-01,
    1.0823999643e+00,    1.1612199783e+01,    1.0823999643e+00,    6.8407203674e+01,    1.0823999643e+00,   -1.7127599567e-02,
    1.0835000277e+00,   -1.4611900330e+01,    1.0835000277e+00,    6.9899597168e+01,    1.0835000277e+00,   -1.1662700027e-01,
    1.0845999718e+00,    2.0359399796e+01,    1.0845999718e+00,    6.8997100830e+01,    1.0845999718e+00,   -3.1010299921e-01,
    1.0857000351e+00,   -2.2790700912e+01,    1.0857000351e+00,    6.9937599182e+01,    1.0857000351e+00,   -9.4803199172e-02,
    1.0867999792e+00,    2.7585199356e+01,    1.0867999792e+00,    6.9592597961e+01,    1.0867999792e+00,   -2.2136700153e-01,
    1.0879000425e+00,   -2.8536899567e+01,    1.0879000425e+00,    6.9963699341e+01,    1.0879000425e+00,   -1.5116199851e-01,
    1.0889999866e+00,    3.2099399567e+01,    1.0889999866e+00,    6.9998497009e+01,    1.0889999866e+00,   -3.0564698577e-01,
    1.0901000500e+00,   -3.1962200165e+01,    1.0901000500e+00,    6.8528602600e+01,    1.0901000500e+00,   -1.8632699549e-01,
    1.0911999941e+00,    3.4822700500e+01,    1.0911999941e+00,    6.8720802307e+01,    1.0911999941e+00,   -4.9657601118e-01,
    1.0923000574e+00,   -3.3512599945e+01,    1.0923000574e+00,    6.7835601807e+01,    1.0923000574e+00,   -1.7996500432e-01,
    1.0934000015e+00,    3.4870201111e+01,    1.0934000015e+00,    6.8565299988e+01,    1.0934000015e+00,   -2.4122600257e-01,
    1.0944999456e+00,   -3.2598800659e+01,    1.0944999456e+00,    6.7472999573e+01,    1.0944999456e+00,   -1.5922200680e-01,
    1.0956000090e+00,    3.2761600494e+01,    1.0956000090e+00,    6.8140998840e+01,    1.0956000090e+00,   -2.1787899733e-01,
    1.0966999531e+00,   -2.9056699753e+01,    1.0966999531e+00,    6.7434700012e+01,    1.0966999531e+00,   -2.1974900365e-01,
    1.0978000164e+00,    2.8137800217e+01,    1.0978000164e+00,    6.8158203125e+01,    1.0978000164e+00,   -9.5467798412e-02,
    1.0988999605e+00,   -2.3774700165e+01,    1.0988999605e+00,    6.7418296814e+01,    1.0988999605e+00,   -1.3152299821e-01,
    1.1000000238e+00,    2.2077100754e+01,    1.1000000238e+00,    6.8400802612e+01,    1.1000000238e+00,   -1.0117600113e-01,
    1.1010999680e+00,   -1.6848600388e+01,    1.1010999680e+00,    6.8192596436e+01,    1.1010999680e+00,   -2.0776299760e-02,
    1.1022000313e+00,    1.4455100060e+01,    1.1022000313e+00,    6.8813301086e+01,    1.1022000313e+00,   -1.0339199565e-02,
    1.1032999754e+00,   -8.8638401031e+00,    1.1032999754e+00,    6.7805603027e+01,    1.1032999754e+00,    7.7157102525e-02,
    1.1044000387e+00,    5.6992301941e+00,    1.1044000387e+00,    6.8135200500e+01,    1.1044000387e+00,   -1.2550400198e-01,
    1.1054999828e+00,   -7.6478099823e-01,    1.1054999828e+00,    6.7020301819e+01,    1.1054999828e+00,   -4.3756801635e-02,
    1.1066000462e+00,   -2.2233400345e+00,    1.1066000462e+00,    6.7116401672e+01,    1.1066000462e+00,    1.3478900492e-01,
    1.1076999903e+00,    7.4479799271e+00,    1.1076999903e+00,    6.6978797913e+01,    1.1076999903e+00,    7.4967900291e-03,
    1.1088000536e+00,   -1.0486300468e+01,    1.1088000536e+00,    6.7416099548e+01,    1.1088000536e+00,    1.5971599519e-01,
    1.1098999977e+00,    1.4811300278e+01,    1.1098999977e+00,    6.7489501953e+01,    1.1098999977e+00,   -1.2834399939e-01,
    1.1109999418e+00,   -1.6962999344e+01,    1.1109999418e+00,    6.7459602356e+01,    1.1109999418e+00,    3.1854701042e-01,
    1.1121000051e+00,    2.0636199951e+01,    1.1121000051e+00,    6.7821701050e+01,    1.1121000051e+00,   -1.4892700315e-01,
    1.1131999493e+00,   -2.2667900085e+01,    1.1131999493e+00,    6.7592002869e+01,    1.1131999493e+00,    4.0518900752e-01,
    1.1143000126e+00,    2.5904699326e+01,    1.1143000126e+00,    6.8045700073e+01,    1.1143000126e+00,   -3.9375698566e-01,
    1.1153999567e+00,   -2.7631700516e+01,    1.1153999567e+00,    6.7504501343e+01,    1.1153999567e+00,    3.8008600473e-01,
    1.1165000200e+00,    2.9392700195e+01,    1.1165000200e+00,    6.8069602966e+01,    1.1165000200e+00,   -2.5675898790e-01,
    1.1175999641e+00,   -3.0631900787e+01,    1.1175999641e+00,    6.7962402344e+01,    1.1175999641e+00,    3.3472800255e-01,
    1.1187000275e+00,    3.2265899658e+01,    1.1187000275e+00,    6.8410697937e+01,    1.1187000275e+00,   -1.8411099911e-01,
    1.1197999716e+00,   -3.3098999023e+01,    1.1197999716e+00,    6.7995399475e+01,    1.1197999716e+00,    1.9849400222e-01,
    1.1209000349e+00,    3.4365898132e+01,    1.1209000349e+00,    6.8091697693e+01,    1.1209000349e+00,   -1.3377599418e-01,
    1.1219999790e+00,   -3.4422100067e+01,    1.1219999790e+00,    6.8312797546e+01,    1.1219999790e+00,    2.4049599469e-01,
    1.1231000423e+00,    3.5441001892e+01,    1.1231000423e+00,    6.7926200867e+01,    1.1231000423e+00,   -2.8607899323e-02,
    1.1241999865e+00,   -3.4709499359e+01,    1.1241999865e+00,    6.9091697693e+01,    1.1241999865e+00,    2.1792200208e-01,
    1.1253000498e+00,    3.5494499207e+01,    1.1253000498e+00,    6.7603996277e+01,    1.1253000498e+00,    1.0335999727e-01,
    1.1263999939e+00,   -3.4392700195e+01,    1.1263999939e+00,    6.9496902466e+01,    1.1263999939e+00,    2.8512701392e-01,
    1.1275000572e+00,    3.4886299133e+01,    1.1275000572e+00,    6.7309997559e+01,    1.1275000572e+00,    1.1929000169e-01,
    1.1286000013e+00,   -3.3273300171e+01,    1.1286000013e+00,    6.9465400696e+01,    1.1286000013e+00,    3.3885499835e-01,
    1.1296999454e+00,    3.3492500305e+01,    1.1296999454e+00,    6.7219100952e+01,    1.1296999454e+00,    9.5030002296e-02,
    1.1308000088e+00,   -3.1366100311e+01,    1.1308000088e+00,    6.9978103638e+01,    1.1308000088e+00,    1.0755699873e-01,
    1.1318999529e+00,    3.1514400482e+01,    1.1318999529e+00,    6.7051498413e+01,    1.1318999529e+00,    2.7056500316e-01,
    1.1330000162e+00,   -2.8435499191e+01,    1.1330000162e+00,    6.9739097595e+01,    1.1330000162e+00,   -1.1306100339e-01,
    1.1340999603e+00,    2.8870800018e+01,    1.1340999603e+00,    6.6309700012e+01,    1.1340999603e+00,    3.4915599227e-01,
    1.1352000237e+00,   -2.5252799988e+01,    1.1352000237e+00,    6.8992797852e+01,    1.1352000237e+00,   -1.8523199856e-01,
    1.1362999678e+00,    2.5942800522e+01,    1.1362999678e+00,    6.5846603394e+01,    1.1362999678e+00,    3.5159298778e-01,
    1.1374000311e+00,   -2.1728900909e+01,    1.1374000311e+00,    6.8878501892e+01,    1.1374000311e+00,   -2.1100500226e-01,
    1.1384999752e+00,    2.2797500610e+01,    1.1384999752e+00,    6.5022102356e+01,    1.1384999752e+00,    1.8181000650e-01,
    1.1396000385e+00,   -1.8401800156e+01,    1.1396000385e+00,    6.8386802673e+01,    1.1396000385e+00,    5.3609302267e-03,
    1.1406999826e+00,    1.8949100494e+01,    1.1406999826e+00,    6.4973602295e+01,    1.1406999826e+00,    2.0055599511e-01,
    1.1418000460e+00,   -1.4122300148e+01,    1.1418000460e+00,    6.9457397461e+01,    1.1418000460e+00,    9.5710396767e-02,
    1.1428999901e+00,    1.5234700203e+01,    1.1428999901e+00,    6.5988502502e+01,    1.1428999901e+00,    1.7576499283e-01,
    1.1440000534e+00,   -1.0287699699e+01,    1.1440000534e+00,    7.0474502563e+01,    1.1440000534e+00,    3.2770198584e-01,
    1.1450999975e+00,    1.1476599693e+01,    1.1450999975e+00,    6.6292098999e+01,    1.1450999975e+00,    1.9308200479e-01,
    1.1461999416e+00,   -6.6806001663e+00,    1.1461999416e+00,    7.0532302856e+01,    1.1461999416e+00,    2.8472301364e-01,
    1.1473000050e+00,    8.1436595917e+00,    1.1473000050e+00,    6.6662101746e+01,    1.1473000050e+00,    1.7211399972e-01,
    1.1483999491e+00,   -3.4487400055e+00,    1.1483999491e+00,    7.1319198608e+01,    1.1483999491e+00,    2.9254901409e-01,
    1.1495000124e+00,    5.3819298744e+00,    1.1495000124e+00,    6.7753501892e+01,    1.1495000124e+00,    1.2364599854e-01,
    1.1505999565e+00,   -4.2653501034e-01,    1.1505999565e+00,    7.1925796509e+01,    1.1505999565e+00,    4.4647198915e-01,
    1.1517000198e+00,    3.8682200909e+00,    1.1517000198e+00,    6.7615501404e+01,    1.1517000198e+00,    1.7984400690e-01,
    1.1527999640e+00,   -4.6883800626e-01,    1.1527999640e+00,    7.1687896729e+01,    1.1527999640e+00,    1.6498500109e-01,
    1.1539000273e+00,    4.7353901863e+00,    1.1539000273e+00,    6.6753196716e+01,    1.1539000273e+00,    1.6570000350e-01,
    1.1549999714e+00,   -1.5586800575e+00,    1.1549999714e+00,    7.1119598389e+01,    1.1549999714e+00,    2.0052400231e-01,
    1.1561000347e+00,    5.7120399475e+00,    1.1561000347e+00,    6.6690498352e+01,    1.1561000347e+00,    2.6213599369e-02,
    1.1571999788e+00,   -2.7843399048e+00,    1.1571999788e+00,    7.1278999329e+01,    1.1571999788e+00,    4.7618899494e-02,
    1.1583000422e+00,    6.6826500893e+00,    1.1583000422e+00,    6.6433998108e+01,    1.1583000422e+00,    2.0190200210e-01,
    1.1593999863e+00,   -5.2605299950e+00,    1.1593999863e+00,    7.1356101990e+01,    1.1593999863e+00,    1.1379999667e-01,
    1.1605000496e+00,    8.3056402206e+00,    1.1605000496e+00,    6.6203697205e+01,    1.1605000496e+00,   -2.9650200158e-03,
    1.1615999937e+00,   -7.3647899628e+00,    1.1615999937e+00,    7.1739799500e+01,    1.1615999937e+00,   -4.1718799621e-02,
    1.1627000570e+00,    9.9184598923e+00,    1.1627000570e+00,    6.7028701782e+01,    1.1627000570e+00,    2.6087900996e-01,
    1.1638000011e+00,   -9.3276395798e+00,    1.1638000011e+00,    7.2443801880e+01,    1.1638000011e+00,   -1.0426499695e-01,
    1.1648999453e+00,    1.2230999947e+01,    1.1648999453e+00,    6.7868797302e+01,    1.1648999453e+00,    2.5884601474e-01,
    1.1660000086e+00,   -1.1798399925e+01,    1.1660000086e+00,    7.3064498901e+01,    1.1660000086e+00,   -1.9475699961e-01,
    1.1670999527e+00,    1.4451199532e+01,    1.1670999527e+00,    6.8663597107e+01,    1.1670999527e+00,    3.1780201197e-01,
    1.1682000160e+00,   -1.3961799622e+01,    1.1682000160e+00,    7.3837196350e+01,    1.1682000160e+00,   -8.3590000868e-02,
    1.1692999601e+00,    1.7073400497e+01,    1.1692999601e+00,    6.9033500671e+01,    1.1692999601e+00,    3.2924500108e-01,
    1.1704000235e+00,   -1.5976900101e+01,    1.1704000235e+00,    7.4546302795e+01,    1.1704000235e+00,   -5.6921601295e-02,
    1.1714999676e+00,    1.8997499466e+01,    1.1714999676e+00,    6.9853698730e+01,    1.1714999676e+00,    1.2148399651e-01,
    1.1726000309e+00,   -1.7797500610e+01,    1.1726000309e+00,    7.4583702087e+01,    1.1726000309e+00,    8.5477598011e-02,
    1.1736999750e+00,    2.1577899933e+01,    1.1736999750e+00,    6.7928398132e+01,    1.1736999750e+00,   -2.8703799471e-02,
    1.1748000383e+00,   -2.0023799896e+01,    1.1748000383e+00,    7.3194099426e+01,    1.1748000383e+00,    1.2916600704e-01,
    1.1758999825e+00,    2.3441699982e+01,    1.1758999825e+00,    6.7704803467e+01,    1.1758999825e+00,    2.5312599540e-01,
    1.1770000458e+00,   -2.2177900314e+01,    1.1770000458e+00,    7.3164299011e+01,    1.1770000458e+00,    5.6257698685e-02,
    1.1780999899e+00,    2.5988100052e+01,    1.1780999899e+00,    6.5934799194e+01,    1.1780999899e+00,    1.0929299891e-01,
    1.1792000532e+00,   -2.5047199249e+01,    1.1792000532e+00,    7.1132301331e+01,    1.1792000532e+00,   -9.0763099492e-02,
    1.1802999973e+00,    2.8882200241e+01,    1.1802999973e+00,    6.4930801392e+01,    1.1802999973e+00,    3.0511501431e-01,
    1.1813999414e+00,   -2.6971500397e+01,    1.1813999414e+00,    7.0433502197e+01,    1.1813999414e+00,   -3.3202201128e-01,
    1.1825000048e+00,    3.0831399918e+01,    1.1825000048e+00,    6.5101501465e+01,    1.1825000048e+00,    2.8497099876e-01,
    1.1835999489e+00,   -2.9295400620e+01,    1.1835999489e+00,    7.0387802124e+01,    1.1835999489e+00,   -2.7960699797e-01,
    1.1847000122e+00,    3.2860000610e+01,    1.1847000122e+00,    6.5741996765e+01,    1.1847000122e+00,    1.5457199514e-01,
    1.1857999563e+00,   -3.1073499680e+01,    1.1857999563e+00,    7.0062103271e+01,    1.1857999563e+00,   -1.1234399676e-01,
    1.1869000196e+00,    3.4084598541e+01,    1.1869000196e+00,    6.6019996643e+01,    1.1869000196e+00,   -4.6724598855e-02,
    1.1879999638e+00,   -3.2172500610e+01,    1.1879999638e+00,    6.9355300903e+01,    1.1879999638e+00,   -2.1132299304e-01,
    1.1891000271e+00,    3.4654701233e+01,    1.1891000271e+00,    6.6677200317e+01,    1.1891000271e+00,   -1.7622600496e-01,
    1.1901999712e+00,   -3.2117599487e+01,    1.1901999712e+00,    6.9069999695e+01,    1.1901999712e+00,   -2.6911899447e-01,
    1.1913000345e+00,    3.4684398651e+01,    1.1913000345e+00,    6.7245697021e+01,    1.1913000345e+00,   -4.6435600519e-01,
    1.1923999786e+00,   -3.1239900589e+01,    1.1923999786e+00,    6.8373100281e+01,    1.1923999786e+00,   -2.1402199566e-01,
    1.1935000420e+00,    3.2805500031e+01,    1.1935000420e+00,    6.7598098755e+01,    1.1935000420e+00,   -3.9685800672e-01,
    1.1945999861e+00,   -2.9477600098e+01,    1.1945999861e+00,    6.7726799011e+01,    1.1945999861e+00,   -1.2926299870e-01,
    1.1957000494e+00,    2.9759599686e+01,    1.1957000494e+00,    6.7978302002e+01,    1.1957000494e+00,   -4.6460399032e-01,
    1.1967999935e+00,   -2.6146799088e+01,    1.1967999935e+00,    6.7048896790e+01,    1.1967999935e+00,   -1.5914300084e-01,
    1.1979000568e+00,    2.5677299500e+01,    1.1979000568e+00,    6.8695999146e+01,    1.1979000568e+00,   -2.0003099740e-01,
    1.1990000010e+00,   -2.0218599319e+01,    1.1990000010e+00,    6.6636199951e+01,    1.1990000010e+00,   -9.8132498562e-02,
    1.2000999451e+00,    1.9883300781e+01,    1.2000999451e+00,    6.9016197205e+01,    1.2000999451e+00,   -1.5706700087e-01,
    1.2012000084e+00,   -1.3638799667e+01,    1.2012000084e+00,    6.7450202942e+01,    1.2012000084e+00,   -1.7574299872e-01,
    1.2022999525e+00,    1.3142800331e+01,    1.2022999525e+00,    6.9913398743e+01,    1.2022999525e+00,   -3.2329601049e-01,
    1.2034000158e+00,   -5.8301801682e+00,    1.2034000158e+00,    6.7202102661e+01,    1.2034000158e+00,   -6.6150002182e-02,
    1.2044999599e+00,    6.0953698158e+00,    1.2044999599e+00,    7.0191299438e+01,    1.2044999599e+00,   -1.8187899888e-01,
    1.2056000233e+00,    2.0633800030e+00,    1.2056000233e+00,    6.6375801086e+01,    1.2056000233e+00,    4.0858101100e-02,
    1.2066999674e+00,   -2.5680000782e+00,    1.2066999674e+00,    6.8932701111e+01,    1.2066999674e+00,   -1.8932999671e-01,
    1.2078000307e+00,    9.9372596741e+00,    1.2078000307e+00,    6.4869201660e+01,    1.2078000307e+00,   -5.1864299923e-02,
    1.2088999748e+00,   -1.0218000412e+01,    1.2088999748e+00,    6.7542602539e+01,    1.2088999748e+00,   -2.4922500551e-01,
    1.2100000381e+00,    1.7582000732e+01,    1.2100000381e+00,    6.3729198456e+01,    1.2100000381e+00,   -2.1227000654e-01,
    1.2110999823e+00,   -1.7046300888e+01,    1.2110999823e+00,    6.6533302307e+01,    1.2110999823e+00,   -3.3120799065e-01,
    1.2122000456e+00,    2.4117799759e+01,    1.2122000456e+00,    6.3257801056e+01,    1.2122000456e+00,   -3.2195299864e-01,
    1.2132999897e+00,   -2.2792100906e+01,    1.2132999897e+00,    6.5521697998e+01,    1.2132999897e+00,   -5.2509498596e-01,
    1.2144000530e+00,    2.8988599777e+01,    1.2144000530e+00,    6.3017200470e+01,    1.2144000530e+00,   -2.7601999044e-01,
    1.2154999971e+00,   -2.6810400009e+01,    1.2154999971e+00,    6.4981498718e+01,    1.2154999971e+00,   -1.6317899525e-01,
    1.2165999413e+00,    3.1132999420e+01,    1.2165999413e+00,    6.3248199463e+01,    1.2165999413e+00,   -2.5311300159e-01,
    1.2177000046e+00,   -2.8356300354e+01,    1.2177000046e+00,    6.5101799011e+01,    1.2177000046e+00,   -1.7018400133e-01,
    1.2187999487e+00,    3.0569599152e+01,    1.2187999487e+00,    6.4637100220e+01,    1.2187999487e+00,   -1.6297499835e-01,
    1.2199000120e+00,   -2.7194099426e+01,    1.2199000120e+00,    6.5667800903e+01,    1.2199000120e+00,   -2.9789300635e-02,
    1.2209999561e+00,    2.7530599594e+01,    1.2209999561e+00,    6.5860702515e+01,    1.2209999561e+00,   -1.6132299602e-01,
    1.2221000195e+00,   -2.3027700424e+01,    1.2221000195e+00,    6.5702102661e+01,    1.2221000195e+00,   -4.9684401602e-02,
