material,process,mat_k_thermal,mat_E_GPa,mat_cte,power_W,speed_mm_s,beam_radius_um,blade_W_um,cut_depth_um,peak_T_C,groove_depth_um,haz_depth_um,haz_excess_um,haz_width_um,haz_volume_um3,haz_volume_frac,ablated_volume_um3,max_grad_C_per_um,max_thermal_stress_MPa,crack_risk_volume_um3,crack_risk_frac,n_steps
Si,laser,148.0,130.0,2.6e-06,13.279019805409945,342.8968009429088,5.50588527320421,23.0,60.0,1817.57,0.0,15.0,15.0,35.0,8500.0,0.005366,0.0,148.639,841.51,20625.0,0.013021,5901
Si,laser,148.0,130.0,2.6e-06,31.563282120129216,165.28318677351024,6.874153696187902,23.0,60.0,2000.0,5.0,15.0,10.0,25.0,4500.0,0.002841,125.0,395.0,927.15,8250.0,0.005208,801
Si,laser,148.0,130.0,2.6e-06,23.465311292842912,265.33326086308966,4.427755428012179,23.0,60.0,2000.0,5.0,10.0,5.0,15.0,2000.0,0.001263,125.0,395.0,927.15,4125.0,0.002604,501
Si,laser,148.0,130.0,2.6e-06,30.04136561706437,90.75622820081458,6.545283953008954,23.0,60.0,2000.0,5.0,15.0,10.0,25.0,3750.0,0.002367,125.0,395.0,927.15,7125.0,0.004498,1301
Si,laser,148.0,130.0,2.6e-06,36.03396225917911,267.70151128475874,5.919287312435624,23.0,60.0,2000.0,5.0,15.0,10.0,25.0,3000.0,0.001894,125.0,395.0,927.15,5875.0,0.003709,351
Si,laser,148.0,130.0,2.6e-06,22.74902863005847,289.5433560088627,6.400118704385047,23.0,60.0,2000.0,5.0,15.0,10.0,25.0,5625.0,0.003551,125.0,273.844,927.15,10500.0,0.006629,901
Si,laser,148.0,130.0,2.6e-06,38.077132679534046,153.41149909385805,5.707580945546946,23.0,60.0,2000.0,5.0,10.0,5.0,25.0,2375.0,0.001499,125.0,395.0,927.15,4375.0,0.002762,351
Si,laser,148.0,130.0,2.6e-06,19.543554868535352,118.23442993468569,7.386670100077771,23.0,60.0,1925.87,0.0,15.0,15.0,35.0,8625.0,0.005445,0.0,162.539,892.35,17625.0,0.011127,3651
Si,laser,148.0,130.0,2.6e-06,32.19850152702597,336.25025374248884,7.73804140128908,23.0,60.0,2000.0,5.0,15.0,10.0,35.0,6875.0,0.00434,125.0,353.081,927.15,12500.0,0.007891,601
Si,laser,148.0,130.0,2.6e-06,37.584980737394446,202.1816559225891,4.19629761991624,23.0,60.0,2000.0,5.0,10.0,5.0,15.0,1625.0,0.001026,250.0,395.0,927.15,2750.0,0.001736,351
Si,laser,148.0,130.0,2.6e-06,9.295307807090019,105.82811195861518,6.6166331824881714,23.0,60.0,1114.77,0.0,10.0,10.0,25.0,3250.0,0.002052,0.0,83.58,511.58,7250.0,0.004577,6551
Si,laser,148.0,130.0,2.6e-06,17.610802856316916,116.19074621527936,6.520230630782483,23.0,60.0,2000.0,5.0,15.0,10.0,35.0,8750.0,0.005524,125.0,162.494,927.15,17875.0,0.011285,4501
Si,laser,148.0,130.0,2.6e-06,27.67091123139703,257.57298674218924,5.1542771696108245,23.0,60.0,2000.0,5.0,10.0,5.0,25.0,2500.0,0.001578,125.0,395.0,927.15,4375.0,0.002762,451
Si,laser,148.0,130.0,2.6e-06,25.916668724194075,148.32056920537434,7.242748217590433,23.0,60.0,2000.0,5.0,15.0,10.0,25.0,5625.0,0.003551,125.0,310.05,927.15,11375.0,0.007181,1501
Si,laser,148.0,130.0,2.6e-06,18.758482661014433,211.77435743298992,6.689225415984589,23.0,60.0,2000.0,5.0,15.0,10.0,35.0,7875.0,0.004972,125.0,172.291,927.15,15250.0,0.009628,2001
Si,laser,148.0,130.0,2.6e-06,35.12306315309807,128.40074524505292,5.086609584881902,23.0,60.0,2000.0,5.0,10.0,5.0,15.0,1625.0,0.001026,125.0,395.0,927.15,3000.0,0.001894,451
Si,laser,148.0,130.0,2.6e-06,17.874230764030273,339.93644523524534,6.634388685078153,23.0,60.0,2000.0,5.0,15.0,10.0,35.0,9375.0,0.005919,125.0,156.733,927.15,18250.0,0.011521,1651
Si,laser,148.0,130.0,2.6e-06,28.824732126806236,230.6952173481164,7.440183867546692,23.0,60.0,2000.0,5.0,15.0,10.0,35.0,6375.0,0.004025,125.0,335.155,927.15,11625.0,0.007339,901
Si,laser,148.0,130.0,2.6e-06,28.656094754364617,361.9363293624906,5.076241832719921,23.0,60.0,2000.0,5.0,10.0,5.0,25.0,2750.0,0.001736,125.0,395.0,927.15,5125.0,0.003235,351
Si,laser,148.0,130.0,2.6e-06,11.891813341386586,182.70068992869886,4.755189779409804,23.0,60.0,1937.29,0.0,15.0,15.0,25.0,6875.0,0.00434,0.0,160.923,897.72,16500.0,0.010417,9000
Si,laser,148.0,130.0,2.6e-06,35.341909459593154,380.15156130681066,3.197068976934581,23.0,60.0,2000.0,5.0,15.0,10.0,15.0,1750.0,0.001105,250.0,395.0,927.15,3125.0,0.001973,351
Si,laser,148.0,130.0,2.6e-06,31.28594312659729,90.17560947765742,4.622046009199876,23.0,60.0,2000.0,5.0,10.0,5.0,15.0,1375.0,0.000868,125.0,395.0,927.15,2625.0,0.001657,701
Si,laser,148.0,130.0,2.6e-06,25.86087085702404,354.1686509209712,3.7107736681168833,23.0,60.0,2000.0,5.0,10.0,5.0,15.0,1625.0,0.001026,125.0,395.0,927.15,3000.0,0.001894,351
Si,laser,148.0,130.0,2.6e-06,26.287383438004763,286.6865862947854,6.41938626735047,23.0,60.0,2000.0,5.0,15.0,10.0,25.0,5375.0,0.003393,125.0,345.876,927.15,9375.0,0.005919,751
Si,laser,148.0,130.0,2.6e-06,20.908402756466167,385.72278672951023,4.238708963211513,23.0,60.0,2000.0,5.0,10.0,5.0,15.0,2000.0,0.001263,125.0,395.0,927.15,4125.0,0.002604,401
Si,laser,148.0,130.0,2.6e-06,8.695102873537914,240.6590579741923,7.016307517762694,23.0,60.0,1007.45,0.0,10.0,10.0,25.0,2875.0,0.001815,0.0,73.051,461.21,8250.0,0.005208,8301
Si,laser,148.0,130.0,2.6e-06,10.661556090340328,150.56012037149094,3.001707230164008,23.0,60.0,2000.0,5.0,10.0,5.0,15.0,1375.0,0.000868,125.0,210.609,927.15,3125.0,0.001973,1701
Si,laser,148.0,130.0,2.6e-06,36.66253305129233,232.84251612098052,7.357849171226217,23.0,60.0,2000.0,5.0,15.0,10.0,25.0,4500.0,0.002841,125.0,395.0,927.15,9000.0,0.005682,451
Si,laser,148.0,130.0,2.6e-06,39.24053544067267,373.8647955751453,7.555412326353913,23.0,60.0,2000.0,5.0,15.0,10.0,35.0,5875.0,0.003709,250.0,395.0,927.15,10000.0,0.006313,351
Si,laser,148.0,130.0,2.6e-06,25.485705493454873,355.12272384005513,3.1059843746443927,23.0,60.0,2000.0,5.0,10.0,5.0,15.0,1250.0,0.000789,250.0,395.0,927.15,2250.0,0.00142,351
Si,laser,148.0,130.0,2.6e-06,29.382118219913522,124.88705106040906,7.6618091139013975,23.0,60.0,2000.0,5.0,15.0,10.0,35.0,6125.0,0.003867,125.0,342.501,927.15,11500.0,0.00726,1501
Si,laser,148.0,130.0,2.6e-06,38.28206602203235,87.27865749595733,5.974795487848248,23.0,60.0,2000.0,5.0,10.0,5.0,25.0,2500.0,0.001578,125.0,395.0,927.15,4375.0,0.002762,501
Si,laser,148.0,130.0,2.6e-06,38.686324382033206,97.12716592319376,7.675935558166307,23.0,60.0,2000.0,5.0,15.0,10.0,25.0,3875.0,0.002446,125.0,395.0,927.15,8250.0,0.005208,701
Si,laser,148.0,130.0,2.6e-06,28.169085327825986,100.45499843918302,6.366704876525359,23.0,60.0,2000.0,5.0,15.0,10.0,25.0,3750.0,0.002367,125.0,395.0,927.15,7125.0,0.004498,1351
Si,laser,148.0,130.0,2.6e-06,22.118347047184557,376.4356482430319,4.497125721499215,23.0,60.0,2000.0,5.0,10.0,5.0,25.0,2250.0,0.00142,125.0,395.0,927.15,4375.0,0.002762,401
Si,laser,148.0,130.0,2.6e-06,24.445349826483984,306.08317467220365,4.525598885289542,23.0,60.0,2000.0,5.0,10.0,5.0,25.0,2250.0,0.00142,125.0,395.0,927.15,4375.0,0.002762,451
Si,laser,148.0,130.0,2.6e-06,15.186384979983405,203.65174509624447,4.845350883934634,23.0,60.0,2000.0,5.0,15.0,10.0,25.0,3500.0,0.00221,125.0,213.675,927.15,6875.0,0.00434,1451
Si,laser,148.0,130.0,2.6e-06,12.59716518479812,198.8279358720165,3.4021024698444924,23.0,60.0,2000.0,5.0,10.0,5.0,15.0,1875.0,0.001184,125.0,214.824,927.15,3500.0,0.00221,1301
Si,laser,148.0,130.0,2.6e-06,30.665073805655993,309.0067437489915,5.7633200681784444,23.0,60.0,2000.0,5.0,15.0,10.0,25.0,3250.0,0.002052,125.0,395.0,927.15,6125.0,0.003867,401
Si,laser,148.0,130.0,2.6e-06,15.57724155982818,226.6038995251628,6.471897734004196,23.0,60.0,1894.56,0.0,20.0,20.0,35.0,12000.0,0.007576,0.0,144.351,877.66,28000.0,0.017677,8851
Si,laser,148.0,130.0,2.6e-06,34.64900504265516,143.01095507077255,4.93969214627172,23.0,60.0,2000.0,5.0,10.0,5.0,15.0,1625.0,0.001026,125.0,395.0,927.15,3000.0,0.001894,451
Si,laser,148.0,130.0,2.6e-06,8.271074036140941,110.7342781932686,3.7687641402770535,23.0,60.0,1518.85,0.0,10.0,10.0,25.0,2625.0,0.001657,0.0,140.901,701.28,6625.0,0.004182,9000
Si,laser,148.0,130.0,2.6e-06,13.91987078505819,277.5208700095179,5.0017944536903425,23.0,60.0,2000.0,5.0,15.0,10.0,25.0,5875.0,0.003709,125.0,173.917,927.15,12375.0,0.007812,2051
Si,laser,148.0,130.0,2.6e-06,29.728336132420072,398.24464706721636,7.946496576955229,23.0,60.0,2000.0,5.0,15.0,10.0,35.0,7375.0,0.004656,125.0,306.84,927.15,13750.0,0.008681,601
Si,laser,148.0,130.0,2.6e-06,20.11010569138157,277.107530560298,3.1251141041737562,23.0,60.0,2000.0,5.0,10.0,5.0,15.0,1000.0,0.000631,125.0,395.0,927.15,2125.0,0.001342,451
Si,laser,148.0,130.0,2.6e-06,37.24661297332461,244.57231609774598,3.0796981490532382,23.0,60.0,2000.0,5.0,10.0,5.0,15.0,1250.0,0.000789,250.0,395.0,927.15,2125.0,0.001342,351
Si,laser,148.0,130.0,2.6e-06,39.50307824381357,146.54557464984197,7.291542095544687,23.0,60.0,2000.0,5.0,15.0,10.0,25.0,3750.0,0.002367,125.0,395.0,927.15,6500.0,0.004104,401
Si,laser,148.0,130.0,2.6e-06,17.280501487658213,80.71943123670366,5.740527050051058,23.0,60.0,1945.47,0.0,15.0,15.0,25.0,4375.0,0.002762,0.0,212.8,901.56,8250.0,0.005208,3601
Si,laser,148.0,130.0,2.6e-06,17.01929968734482,192.60231847577953,6.332862305556992,23.0,60.0,2000.0,5.0,15.0,10.0,35.0,8500.0,0.005366,125.0,159.637,927.15,17375.0,0.010969,2851
Si,laser,148.0,130.0,2.6e-06,35.560147949698106,314.1243711539895,7.0884454441740035,23.0,60.0,2000.0,5.0,15.0,10.0,25.0,4750.0,0.002999,250.0,395.0,927.15,9000.0,0.005682,401
Si,laser,148.0,130.0,2.6e-06,16.496970690732155,141.17896829468398,7.90400896275431,23.0,60.0,1742.09,0.0,20.0,20.0,35.0,12375.0,0.007812,0.0,118.378,806.08,27500.0,0.017361,6851
Si,laser,148.0,130.0,2.6e-06,26.713927130793245,114.371967558264,4.5423329887301485,23.0,60.0,2000.0,5.0,10.0,5.0,15.0,1625.0,0.001026,125.0,395.0,927.15,3000.0,0.001894,751
Si,laser,148.0,130.0,2.6e-06,23.70135949901442,387.3237492508026,6.046975125377038,23.0,60.0,2000.0,5.0,15.0,10.0,25.0,5375.0,0.003393,125.0,295.435,927.15,10125.0,0.006392,651
Si,laser,148.0,130.0,2.6e-06,17.477049175365917,222.3487213554957,6.708345862087788,23.0,60.0,2000.0,5.0,20.0,15.0,35.0,11125.0,0.007023,125.0,151.032,927.15,22125.0,0.013968,3051
Si,laser,148.0,130.0,2.6e-06,11.329556095688478,227.38623142800213,3.5550778912948306,23.0,60.0,2000.0,5.0,10.0,5.0,15.0,1750.0,0.001105,125.0,211.343,927.15,4125.0,0.002604,1301
Si,laser,148.0,130.0,2.6e-06,12.88963121614551,260.4600710237783,5.327630008507889,23.0,60.0,1805.82,0.0,15.0,15.0,35.0,8000.0,0.005051,0.0,149.825,836.0,19000.0,0.011995,7701
Si,laser,148.0,130.0,2.6e-06,36.985641186757576,334.1171313492655,5.873434295546849,23.0,60.0,2000.0,5.0,15.0,10.0,25.0,3750.0,0.002367,125.0,395.0,927.15,6500.0,0.004104,351
Si,laser,148.0,130.0,2.6e-06,11.125730224051754,248.51767939437548,7.507308739582712,23.0,60.0,1218.68,0.0,15.0,15.0,25.0,5250.0,0.003314,0.0,85.895,560.37,14125.0,0.008917,8051
Si,laser,148.0,130.0,2.6e-06,14.161465407885395,219.00484560603,4.114905368554512,23.0,60.0,2000.0,5.0,10.0,5.0,25.0,2625.0,0.001657,125.0,219.916,927.15,5125.0,0.003235,1201
Si,laser,148.0,130.0,2.6e-06,11.562078719122418,95.63514379293304,4.331550424150457,23.0,60.0,2000.0,5.0,15.0,10.0,25.0,5375.0,0.003393,125.0,175.677,927.15,12875.0,0.008128,8601
Si,laser,148.0,130.0,2.6e-06,13.754755302929826,391.9787286095505,3.7938342208776836,23.0,60.0,2000.0,5.0,10.0,5.0,25.0,2625.0,0.001657,125.0,208.482,927.15,5375.0,0.003393,751
Si,laser,148.0,130.0,2.6e-06,14.51743390792421,157.63982035541574,3.902999786581515,23.0,60.0,2000.0,5.0,10.0,5.0,25.0,2375.0,0.001499,125.0,241.188,927.15,4750.0,0.002999,1551
Si,laser,148.0,130.0,2.6e-06,10.297436029728335,173.1294137594226,5.444495391898807,23.0,60.0,1414.89,0.0,15.0,15.0,25.0,5000.0,0.003157,0.0,116.585,652.48,12750.0,0.008049,9000
Si,laser,148.0,130.0,2.6e-06,36.317498016107734,301.1031753672197,3.2511799862977275,23.0,60.0,2000.0,5.0,15.0,10.0,15.0,1500.0,0.000947,250.0,395.0,927.15,2750.0,0.001736,351
Si,laser,148.0,130.0,2.6e-06,27.752950108088168,364.9678666628885,4.020828992236986,23.0,60.0,2000.0,5.0,10.0,5.0,15.0,1875.0,0.001184,125.0,395.0,927.15,3625.0,0.002289,351
Si,laser,148.0,130.0,2.6e-06,33.05972917462729,186.24351274563304,4.083129021051472,23.0,60.0,2000.0,5.0,10.0,5.0,15.0,1375.0,0.000868,250.0,395.0,927.15,2625.0,0.001657,401
Si,laser,148.0,130.0,2.6e-06,33.31035671137951,358.5046104849555,7.159324223266365,23.0,60.0,2000.0,5.0,15.0,10.0,30.0,5375.0,0.003393,250.0,395.0,927.15,9750.0,0.006155,451
Si,laser,148.0,130.0,2.6e-06,30.355996854388906,329.34313861120154,6.952657760045712,23.0,60.0,2000.0,5.0,15.0,10.0,35.0,5875.0,0.003709,250.0,372.913,927.15,10750.0,0.006787,601
Si,laser,148.0,130.0,2.6e-06,27.12690156367354,283.51471303425546,4.370413981488355,23.0,60.0,2000.0,5.0,10.0,5.0,15.0,1875.0,0.001184,125.0,395.0,927.15,3375.0,0.002131,401
Si,laser,148.0,130.0,2.6e-06,22.53035987915559,322.27166909929133,7.96828932132047,23.0,60.0,2000.0,5.0,15.0,10.0,35.0,10875.0,0.006866,125.0,166.443,927.15,19875.0,0.012547,1351
Si,laser,148.0,130.0,2.6e-06,39.97362882491276,167.92701017019454,3.3186328963155938,23.0,60.0,2000.0,5.0,10.0,5.0,15.0,1250.0,0.000789,250.0,395.0,927.15,2000.0,0.001263,401
Si,laser,148.0,130.0,2.6e-06,10.850252461485583,348.22218679179593,5.282320466170909,23.0,60.0,1533.36,0.0,15.0,15.0,25.0,5750.0,0.00363,0.0,127.346,708.09,13375.0,0.008444,5801
Si,laser,148.0,130.0,2.6e-06,12.237406493867944,196.2296615061673,4.964394730757772,23.0,60.0,1926.19,0.0,15.0,15.0,30.0,7125.0,0.004498,0.0,157.224,892.5,18250.0,0.011521,9000
Si,laser,148.0,130.0,2.6e-06,24.954222910647008,318.4185274683715,5.347678988790097,23.0,60.0,2000.0,5.0,15.0,10.0,25.0,3250.0,0.002052,125.0,395.0,927.15,6000.0,0.003788,501
Si,laser,148.0,130.0,2.6e-06,9.049352646343404,395.50025505893643,7.168342425871025,23.0,60.0,1031.12,0.0,10.0,10.0,25.0,3250.0,0.002052,0.0,74.035,472.32,8500.0,0.005366,5151
Si,laser,148.0,130.0,2.6e-06,19.436831552175782,133.86270145202468,4.706919253366003,23.0,60.0,2000.0,5.0,10.0,5.0,25.0,2250.0,0.00142,125.0,395.0,927.15,4375.0,0.002762,1151
Si,laser,148.0,130.0,2.6e-06,33.52041828428317,239.80190553923845,4.25061276270689,23.0,60.0,2000.0,5.0,10.0,5.0,15.0,1625.0,0.001026,125.0,395.0,927.15,3000.0,0.001894,351
Si,laser,148.0,130.0,2.6e-06,15.981882583096901,210.42655723109948,3.9969647730444944,23.0,60.0,2000.0,5.0,10.0,5.0,15.0,2000.0,0.001263,125.0,395.0,927.15,3625.0,0.002289,801
Si,laser,148.0,130.0,2.6e-06,21.77403055368977,311.4377456632137,5.202699095641699,23.0,60.0,2000.0,5.0,15.0,10.0,25.0,3625.0,0.002289,250.0,368.928,927.15,6625.0,0.004182,651
Si,laser,148.0,130.0,2.6e-06,9.67992317080997,298.1694241711457,5.906004061636777,23.0,60.0,1267.55,0.0,15.0,15.0,25.0,3875.0,0.002446,0.0,99.819,583.31,10000.0,0.006313,6751
Si,laser,148.0,130.0,2.6e-06,35.934146663964185,281.32419118346365,3.3748837473245503,23.0,60.0,2000.0,5.0,15.0,10.0,15.0,1500.0,0.000947,250.0,395.0,927.15,2750.0,0.001736,351
Si,laser,148.0,130.0,2.6e-06,24.638815272827966,326.46428396118404,3.4712600781482896,23.0,60.0,2000.0,5.0,10.0,5.0,15.0,1250.0,0.000789,125.0,395.0,927.15,2750.0,0.001736,351
Si,laser,148.0,130.0,2.6e-06,18.33545360062838,295.9013843736647,6.755788819963342,23.0,60.0,2000.0,5.0,15.0,10.0,35.0,9750.0,0.006155,125.0,157.543,927.15,18875.0,0.011916,1851
Si,laser,148.0,130.0,2.6e-06,23.168348579396717,381.3657240696363,5.22624058588244,23.0,60.0,2000.0,5.0,15.0,10.0,25.0,3625.0,0.002289,250.0,395.0,927.15,6625.0,0.004182,501
Si,laser,148.0,130.0,2.6e-06,9.380174832160682,324.85627490238574,7.815599085337414,23.0,60.0,1000.6,0.0,10.0,10.0,25.0,3375.0,0.002131,0.0,68.804,457.99,9500.0,0.005997,6201
Si,laser,148.0,130.0,2.6e-06,15.332646052130032,216.73026426293214,3.699462429478695,23.0,60.0,2000.0,5.0,10.0,5.0,15.0,1375.0,0.000868,125.0,395.0,927.15,3000.0,0.001894,701
Si,laser,148.0,130.0,2.6e-06,38.59113351481699,371.63419186896783,7.871822723223966,23.0,60.0,2000.0,5.0,15.0,10.0,35.0,5875.0,0.003709,250.0,395.0,927.15,10500.0,0.006629,351
Si,laser,148.0,130.0,2.6e-06,34.24632998479212,269.56738103135865,3.5389184798315103,23.0,60.0,2000.0,5.0,10.0,5.0,15.0,1375.0,0.000868,250.0,395.0,927.15,2750.0,0.001736,351
Si,laser,148.0,130.0,2.6e-06,26.419270737474633,180.5845860608713,5.489510354304239,23.0,60.0,2000.0,5.0,10.0,5.0,25.0,2750.0,0.001736,125.0,395.0,927.15,5375.0,0.003393,701
Si,laser,148.0,130.0,2.6e-06,31.76336364414415,169.2799677968209,7.461917184835874,23.0,60.0,2000.0,5.0,15.0,10.0,35.0,5625.0,0.003551,125.0,377.262,927.15,11000.0,0.006944,1001
Si,laser,148.0,130.0,2.6e-06,21.335987882881945,236.83289439496335,3.6509661310285852,23.0,60.0,2000.0,5.0,10.0,5.0,15.0,1375.0,0.000868,125.0,395.0,927.15,2625.0,0.001657,501
Si,laser,148.0,130.0,2.6e-06,39.03844980427437,331.93639219191664,4.814753770923886,23.0,60.0,2000.0,5.0,15.0,10.0,25.0,3000.0,0.001894,125.0,395.0,927.15,5625.0,0.003551,351
Si,laser,148.0,130.0,2.6e-06,16.247313047633217,262.93930447034563,4.157741070863075,23.0,60.0,2000.0,5.0,15.0,10.0,25.0,2750.0,0.001736,125.0,248.599,927.15,5375.0,0.003393,951
Si,laser,148.0,130.0,2.6e-06,30.779367572379943,393.5732282470654,7.059522483672621,23.0,60.0,2000.0,5.0,15.0,10.0,35.0,6625.0,0.004182,125.0,357.35,927.15,11750.0,0.007418,551
Si,laser,148.0,130.0,2.6e-06,16.573003736595332,250.90382837399005,7.775472445178133,23.0,60.0,1755.18,0.0,20.0,20.0,35.0,14250.0,0.008996,0.0,122.359,812.23,31375.0,0.019807,8001
Si,laser,148.0,130.0,2.6e-06,9.899808873733217,273.2594675646667,3.83711471023413,23.0,60.0,1732.69,0.0,15.0,15.0,25.0,3875.0,0.002446,0.0,161.413,801.67,10375.0,0.00655,7351
Si,laser,148.0,130.0,2.6e-06,21.2860550080484,84.83538730453407,5.606725031981259,23.0,60.0,2000.0,5.0,15.0,10.0,25.0,3875.0,0.002446,125.0,342.802,927.15,7250.0,0.004577,2401
Si,laser,148.0,130.0,2.6e-06,28.44632891672727,187.81412995186088,4.627778750365296,23.0,60.0,2000.0,5.0,10.0,5.0,15.0,1875.0,0.001184,125.0,395.0,927.15,3125.0,0.001973,501
Si,laser,148.0,130.0,2.6e-06,20.522420704719316,107.70379046394427,6.196286660969414,23.0,60.0,2000.0,5.0,15.0,10.0,25.0,5125.0,0.003235,125.0,273.252,927.15,8875.0,0.005603,2301
Si,laser,148.0,130.0,2.6e-06,19.083261824594256,190.0236389151225,4.718403154753931,23.0,60.0,2000.0,5.0,15.0,10.0,25.0,3250.0,0.002052,250.0,332.809,927.15,5875.0,0.003709,1151
Si,laser,148.0,130.0,2.6e-06,33.88633093690608,247.76068204324278,5.799796141602367,23.0,60.0,2000.0,5.0,10.0,5.0,25.0,2500.0,0.001578,125.0,395.0,927.15,5125.0,0.003235,351
Si,laser,148.0,130.0,2.6e-06,25.206249260638646,214.30678975402205,3.5996507916886733,23.0,60.0,2000.0,5.0,10.0,5.0,15.0,1250.0,0.000789,125.0,395.0,927.15,2375.0,0.001499,451
Si,laser,148.0,130.0,2.6e-06,8.169856449952388,291.97025609634466,5.5486272053659285,23.0,60.0,1121.71,0.0,10.0,10.0,25.0,2875.0,0.001815,0.0,90.637,514.85,6625.0,0.004182,6901
Si,laser,148.0,130.0,2.6e-06,19.94925620691007,367.7301967073293,3.9318795903435344,23.0,60.0,2000.0,5.0,10.0,5.0,15.0,1875.0,0.001184,125.0,395.0,927.15,3125.0,0.001973,401
Si,laser,148.0,130.0,2.6e-06,32.45434287180448,207.59544322206682,7.307986449977246,23.0,60.0,2000.0,5.0,15.0,10.0,35.0,5625.0,0.003551,250.0,394.973,927.15,10000.0,0.006313,751
Si,laser,148.0,130.0,2.6e-06,14.78006096662642,345.82413452820003,6.119535595597805,23.0,60.0,1873.99,0.0,20.0,20.0,35.0,11000.0,0.006944,0.0,146.308,868.0,25375.0,0.01602,5851
Si,laser,148.0,130.0,2.6e-06,31.122245001843698,368.8746194393723,6.038025913901704,23.0,60.0,2000.0,5.0,15.0,10.0,25.0,3750.0,0.002367,125.0,395.0,927.15,6250.0,0.003946,351
Si,laser,148.0,130.0,2.6e-06,20.69171312043018,350.8507356113689,3.2308942175103788,23.0,60.0,2000.0,5.0,10.0,5.0,15.0,1375.0,0.000868,125.0,395.0,927.15,2500.0,0.001578,401
Si,laser,148.0,130.0,2.6e-06,33.75218260956254,136.79652302085046,6.90639360577433,23.0,60.0,2000.0,5.0,15.0,10.0,25.0,3750.0,0.002367,125.0,395.0,927.15,7125.0,0.004498,751
Si,laser,148.0,130.0,2.6e-06,23.98891030180745,127.6706246154952,6.832576180119657,23.0,60.0,2000.0,5.0,15.0,10.0,25.0,5375.0,0.003393,125.0,306.283,927.15,10125.0,0.006392,1751
Si,laser,148.0,130.0,2.6e-06,29.28216980048362,177.9520165217508,5.646917593692412,23.0,60.0,2000.0,5.0,10.0,5.0,25.0,2750.0,0.001736,125.0,395.0,927.15,5125.0,0.003235,601
Si,laser,148.0,130.0,2.6e-06,12.289070758288636,120.60575358275568,3.422295687709267,23.0,60.0,2000.0,5.0,10.0,5.0,15.0,1750.0,0.001105,125.0,220.263,927.15,3500.0,0.00221,2051
Si,laser,148.0,130.0,2.6e-06,24.229520375879382,156.62528952476995,6.241236072185828,23.0,60.0,2000.0,5.0,15.0,10.0,25.0,4750.0,0.002999,125.0,344.753,927.15,8500.0,0.005366,1301
Si,laser,148.0,130.0,2.6e-06,22.149190440426757,253.3504236871048,4.384682204984971,23.0,60.0,2000.0,5.0,10.0,5.0,15.0,1875.0,0.001184,125.0,395.0,927.15,3125.0,0.001973,501
Si,laser,148.0,130.0,2.6e-06,34.905813661937,302.35150607990994,5.382613015788607,23.0,60.0,2000.0,5.0,10.0,5.0,25.0,2750.0,0.001736,125.0,395.0,927.15,5625.0,0.003551,351
Si,laser,148.0,130.0,2.6e-06,18.41762199912642,315.779861632545,6.1318143090081865,23.0,60.0,2000.0,5.0,15.0,10.0,35.0,7000.0,0.004419,125.0,176.329,927.15,13250.0,0.008365,1301
Si,laser,148.0,130.0,2.6e-06,27.43293936829886,102.35647347803169,4.9011044359341565,23.0,60.0,2000.0,5.0,10.0,5.0,15.0,1875.0,0.001184,125.0,395.0,927.15,3125.0,0.001973,851
Si,laser,148.0,130.0,2.6e-06,32.75834414996499,174.51400754393208,6.258218122803995,23.0,60.0,2000.0,5.0,10.0,5.0,25.0,3125.0,0.001973,125.0,395.0,927.15,6125.0,0.003867,551
Si,laser,148.0,130.0,2.6e-06,37.60640352017903,162.58113650646573,6.990318844582644,23.0,60.0,2000.0,5.0,15.0,10.0,25.0,3750.0,0.002367,125.0,395.0,927.15,6500.0,0.004104,451
Si,laser,148.0,130.0,2.6e-06,13.441213823952406,131.28171255731667,7.604673902409905,23.0,60.0,1422.7,0.0,15.0,15.0,25.0,6500.0,0.004104,0.0,101.978,656.14,14375.0,0.009075,5301
Si,blade,148.0,130.0,2.6e-06,21.014475407475402,112.94874856289864,5.0,28.91549168158993,77.88859064986008,199.87,0.0,0.0,0.0,0.0,0.0,0.0,0.0,6.986,82.09,0.0,0.0,8551
Si,blade,148.0,130.0,2.6e-06,39.93585583932388,60.228190125187595,5.0,18.896590503185024,66.64071366503273,389.57,0.0,0.0,0.0,0.0,0.0,0.0,0.0,23.96,171.15,14125.0,0.008917,9000
Si,blade,148.0,130.0,2.6e-06,27.876370890836956,109.05299022893438,5.0,23.46278838757575,49.126785753862194,361.79,0.0,0.0,0.0,0.0,0.0,0.0,0.0,13.495,158.1,3000.0,0.001894,8851
Si,blade,148.0,130.0,2.6e-06,32.544494201154116,40.10731539411274,5.0,19.45512158696692,70.92531916704833,258.57,0.0,0.0,0.0,0.0,0.0,0.0,0.0,21.524,109.65,0.0,0.0,9000
Si,blade,148.0,130.0,2.6e-06,13.672404420129185,66.3587325493155,5.0,28.093130670539885,41.08506077273497,174.28,0.0,0.0,0.0,0.0,0.0,0.0,0.0,8.686,70.08,0.0,0.0,9000
Si,blade,148.0,130.0,2.6e-06,30.4770796302283,65.74911632004185,5.0,19.58668087913547,40.15336664236011,444.23,0.0,0.0,0.0,0.0,0.0,0.0,0.0,25.001,196.8,18125.0,0.011443,9000
Si,blade,148.0,130.0,2.6e-06,46.62104850462056,47.540507085929136,5.0,24.03620708232945,80.53287928162814,284.73,0.0,0.0,0.0,0.0,0.0,0.0,0.0,21.044,121.93,0.0,0.0,9000
Si,blade,148.0,130.0,2.6e-06,42.555699394796996,93.25885290871345,5.0,22.2097921904219,89.63383915611011,328.39,0.0,0.0,0.0,0.0,0.0,0.0,0.0,14.068,142.43,0.0,0.0,9000
Si,blade,148.0,130.0,2.6e-06,13.551096271625578,79.58639046852436,5.0,29.15218119162745,49.35652981861876,172.43,0.0,0.0,0.0,0.0,0.0,0.0,0.0,6.775,69.21,0.0,0.0,9000
Si,blade,148.0,130.0,2.6e-06,49.807954326365625,116.06431579462067,5.0,21.641019978850736,82.99521493530827,418.74,0.0,0.0,0.0,0.0,0.0,0.0,0.0,16.236,184.84,42875.0,0.027068,8401
Si,blade,148.0,130.0,2.6e-06,48.684523256223095,72.6432012688422,5.0,21.033559388343917,84.8180732334068,354.52,0.0,0.0,0.0,0.0,0.0,0.0,0.0,17.109,154.69,4000.0,0.002525,9000
Si,blade,148.0,130.0,2.6e-06,20.8023478039516,116.70168722115787,5.0,16.69350562781359,81.9000131545621,225.27,0.0,0.0,0.0,0.0,0.0,0.0,0.0,7.227,94.02,0.0,0.0,8301
Si,blade,148.0,130.0,2.6e-06,31.14141674087037,63.33520228351075,5.0,23.770449500158943,43.32961067585058,357.43,0.0,0.0,0.0,0.0,0.0,0.0,0.0,20.479,156.06,1875.0,0.001184,9000
Si,blade,148.0,130.0,2.6e-06,28.52778723915484,81.24312647860572,5.0,27.366261153091834,88.91382885229093,218.95,0.0,0.0,0.0,0.0,0.0,0.0,0.0,9.089,91.05,0.0,0.0,9000
Si,blade,148.0,130.0,2.6e-06,43.17015683534174,103.33434450240401,5.0,21.603412412058233,72.65572027275783,401.65,0.0,0.0,0.0,0.0,0.0,0.0,0.0,14.943,176.82,27375.0,0.017282,9000
Si,blade,148.0,130.0,2.6e-06,19.56708508731395,102.49408635347152,5.0,15.06971806842071,54.563267094900475,284.73,0.0,0.0,0.0,0.0,0.0,0.0,0.0,10.114,121.93,0.0,0.0,8151
Si,blade,148.0,130.0,2.6e-06,47.71826428788994,75.89470447215096,5.0,26.444200469705407,54.78889008529556,495.02,0.0,0.0,0.0,0.0,0.0,0.0,0.0,23.191,220.65,54125.0,0.03417,9000
Si,blade,148.0,130.0,2.6e-06,40.68663395083946,95.8058913828719,5.0,29.83852700133475,43.949662843197125,529.14,0.0,30.0,30.0,25.0,3000.0,0.001894,0.0,21.117,236.67,58250.0,0.036774,8751
Si,blade,148.0,130.0,2.6e-06,41.51686457629398,82.51514426246567,5.0,19.86153202696662,75.97595710436099,412.2,0.0,0.0,0.0,0.0,0.0,0.0,0.0,17.063,181.77,25500.0,0.016098,9000
Si,blade,148.0,130.0,2.6e-06,29.469912116777476,47.028160184725884,5.0,15.800145756812492,82.13921455800929,228.05,0.0,0.0,0.0,0.0,0.0,0.0,0.0,16.635,95.32,0.0,0.0,9000
Si,blade,148.0,130.0,2.6e-06,37.361657122275865,91.96181328451338,5.0,21.259877241224462,74.33625307668979,335.29,0.0,0.0,0.0,0.0,0.0,0.0,0.0,12.758,145.66,0.0,0.0,9000
Si,blade,148.0,130.0,2.6e-06,32.12329802604014,101.81534441845844,5.0,26.33574016864564,61.46459611353909,338.78,0.0,0.0,0.0,0.0,0.0,0.0,0.0,12.403,147.3,0.0,0.0,9000
Si,blade,148.0,130.0,2.6e-06,31.775623083042777,90.85002744213642,5.0,28.632213297679556,72.15618878443156,288.29,0.0,0.0,0.0,0.0,0.0,0.0,0.0,10.832,123.6,0.0,0.0,9000
Si,blade,148.0,130.0,2.6e-06,45.073526831672666,94.91053099141936,5.0,15.695875452028412,85.2129759233107,416.05,0.0,0.0,0.0,0.0,0.0,0.0,0.0,15.371,183.58,31250.0,0.019729,8801
Si,blade,148.0,130.0,2.6e-06,38.375056881901884,86.88901671772037,5.0,20.06536521028047,51.31696696426349,428.41,0.0,0.0,0.0,0.0,0.0,0.0,0.0,16.674,189.38,33750.0,0.021307,9000
Si,blade,148.0,130.0,2.6e-06,13.17153585773793,56.77075222170641,5.0,15.178520562386701,59.74379301396931,157.92,0.0,0.0,0.0,0.0,0.0,0.0,0.0,9.374,62.4,0.0,0.0,9000
Si,blade,148.0,130.0,2.6e-06,25.9910537770863,119.32062029567358,5.0,28.365924451950224,73.38366405067308,253.52,0.0,0.0,0.0,0.0,0.0,0.0,0.0,9.052,107.28,0.0,0.0,8151
Si,blade,148.0,130.0,2.6e-06,26.472845254595775,70.22236002479619,5.0,27.404817402121367,85.68697541489752,193.35,0.0,0.0,0.0,0.0,0.0,0.0,0.0,9.094,79.03,0.0,0.0,9000
Si,blade,148.0,130.0,2.6e-06,14.674018557009333,99.08318174229437,5.0,29.111953036191796,83.35378370128709,138.4,0.0,0.0,0.0,0.0,0.0,0.0,0.0,4.692,53.24,0.0,0.0,9000
Si,blade,148.0,130.0,2.6e-06,22.5280016503769,109.72475446852009,5.0,24.95016291488307,81.29556849344581,202.95,0.0,0.0,0.0,0.0,0.0,0.0,0.0,7.342,83.54,0.0,0.0,8801
Si,blade,148.0,130.0,2.6e-06,10.2816915975993,57.94950087894663,5.0,23.583873489086464,64.38338479755859,103.41,0.0,0.0,0.0,0.0,0.0,0.0,0.0,5.337,36.81,0.0,0.0,9000
Si,blade,148.0,130.0,2.6e-06,43.492041137371004,68.46328910232856,5.0,26.89795905333311,43.60842771287318,506.31,0.0,20.0,20.0,25.0,875.0,0.000552,0.0,26.957,225.95,47625.0,0.030066,9000
Si,blade,148.0,130.0,2.6e-06,27.57006770658084,105.26988981777623,5.0,23.92073341844128,59.352197647983175,314.39,0.0,0.0,0.0,0.0,0.0,0.0,0.0,11.465,135.85,0.0,0.0,9000
Si,blade,148.0,130.0,2.6e-06,35.57307315972303,69.609180402871,5.0,24.190085159658246,68.64862858628805,305.04,0.0,0.0,0.0,0.0,0.0,0.0,0.0,15.301,131.46,0.0,0.0,9000
Si,blade,148.0,130.0,2.6e-06,21.879030536939265,90.25234741631633,5.0,29.335407143229602,44.54530751075561,294.73,0.0,0.0,0.0,0.0,0.0,0.0,0.0,11.308,126.62,0.0,0.0,9000
Si,blade,148.0,130.0,2.6e-06,17.47942119522631,73.30845339594305,5.0,26.517686893118892,78.59888246970962,150.07,0.0,0.0,0.0,0.0,0.0,0.0,0.0,6.427,58.72,0.0,0.0,9000
Si,blade,148.0,130.0,2.6e-06,39.13075356096942,98.2514975372808,5.0,19.90748456500646,88.3013500808778,373.95,0.0,0.0,0.0,0.0,0.0,0.0,0.0,13.411,163.81,11375.0,0.007181,9000
Si,blade,148.0,130.0,2.6e-06,38.7584722467262,83.53931898546692,5.0,21.442418892515928,80.04583174065151,305.69,0.0,0.0,0.0,0.0,0.0,0.0,0.0,12.043,131.77,0.0,0.0,9000
Si,blade,148.0,130.0,2.6e-06,33.066858838163,68.76562895631872,5.0,25.971433214245113,59.05720408167282,318.89,0.0,0.0,0.0,0.0,0.0,0.0,0.0,16.314,137.96,0.0,0.0,9000
Si,blade,148.0,130.0,2.6e-06,33.77060201732327,94.46528852862593,5.0,28.382904418538594,62.66638237390313,341.1,0.0,0.0,0.0,0.0,0.0,0.0,0.0,12.954,148.39,0.0,0.0,8851
Si,blade,148.0,130.0,2.6e-06,36.47378213781118,59.012612808155886,5.0,29.68108228708835,40.671392961874574,399.54,0.0,0.0,0.0,0.0,0.0,0.0,0.0,25.139,175.82,15375.0,0.009706,9000
Si,blade,148.0,130.0,2.6e-06,18.624756438542278,77.44670729856426,5.0,20.975089069615258,87.67958830016585,148.4,0.0,0.0,0.0,0.0,0.0,0.0,0.0,5.913,57.93,0.0,0.0,9000
Si,blade,148.0,130.0,2.6e-06,10.404980654520589,96.90605514070356,5.0,27.53065243622867,79.8303306186988,106.87,0.0,0.0,0.0,0.0,0.0,0.0,0.0,3.391,38.43,0.0,0.0,8601
Si,blade,148.0,130.0,2.6e-06,20.253958761438966,74.79957374220275,5.0,24.723574969774074,65.85319857722156,188.25,0.0,0.0,0.0,0.0,0.0,0.0,0.0,8.2,76.64,0.0,0.0,9000
Si,blade,148.0,130.0,2.6e-06,19.138255291875886,73.84451387013772,5.0,18.509719756472066,60.899587341346766,228.43,0.0,0.0,0.0,0.0,0.0,0.0,0.0,10.488,95.5,0.0,0.0,9000
Si,blade,148.0,130.0,2.6e-06,34.27022796959348,87.65021544093163,5.0,19.651343592716028,46.51950982282906,510.16,0.0,20.0,20.0,15.0,875.0,0.000552,0.0,20.044,227.76,35250.0,0.022254,9000
Si,blade,148.0,130.0,2.6e-06,49.34801118426412,71.72475823249411,5.0,17.34127803129944,60.13910795164095,545.05,0.0,45.0,45.0,25.0,7250.0,0.004577,0.0,27.755,244.14,55250.0,0.03488,9000
Si,blade,148.0,130.0,2.6e-06,15.614573532340486,112.29725960643911,5.0,25.294644434927108,41.265323899028054,228.45,0.0,0.0,0.0,0.0,0.0,0.0,0.0,8.229,95.51,0.0,0.0,8601
Si,blade,148.0,130.0,2.6e-06,49.00144773006717,40.923882691726135,5.0,20.760508037261342,60.669521795778536,345.29,0.0,0.0,0.0,0.0,0.0,0.0,0.0,29.177,150.36,375.0,0.000237,9000
Si,blade,148.0,130.0,2.6e-06,12.306591893369422,96.4929831241443,5.0,15.500865822439284,82.73603530886719,137.39,0.0,0.0,0.0,0.0,0.0,0.0,0.0,4.402,52.76,0.0,0.0,8601
Si,blade,148.0,130.0,2.6e-06,15.74357569760872,45.491230568818885,5.0,22.739933791634744,58.007962002748386,140.56,0.0,0.0,0.0,0.0,0.0,0.0,0.0,9.729,54.25,0.0,0.0,9000
Si,blade,148.0,130.0,2.6e-06,14.20583824487497,92.20509110937415,5.0,17.18153590530852,73.05212997587971,170.14,0.0,0.0,0.0,0.0,0.0,0.0,0.0,5.685,68.13,0.0,0.0,9000
Si,blade,148.0,130.0,2.6e-06,32.93993588586306,63.04976586975945,5.0,21.772368149100373,53.37641860875025,326.19,0.0,0.0,0.0,0.0,0.0,0.0,0.0,18.587,141.39,0.0,0.0,9000
Si,blade,148.0,130.0,2.6e-06,36.75337376485551,52.46621470502855,5.0,20.505745119884168,55.15212672478093,311.64,0.0,0.0,0.0,0.0,0.0,0.0,0.0,21.471,134.56,0.0,0.0,9000
Si,blade,148.0,130.0,2.6e-06,42.298916526084454,111.09830247703457,5.0,16.203739774604312,64.5910859343284,539.41,0.0,40.0,40.0,15.0,6125.0,0.003867,0.0,18.389,241.49,57625.0,0.036379,8701
Si,blade,148.0,130.0,2.6e-06,37.81188521616472,102.7215003838862,5.0,17.943122193756675,74.82822100139275,428.41,0.0,0.0,0.0,0.0,0.0,0.0,0.0,14.327,189.38,30250.0,0.019097,9000
Si,blade,148.0,130.0,2.6e-06,40.428465146287564,88.57858428277554,5.0,16.760457154497182,86.90016159756863,372.51,0.0,0.0,0.0,0.0,0.0,0.0,0.0,14.165,163.14,10000.0,0.006313,9000
Si,blade,148.0,130.0,2.6e-06,44.02238779833262,43.641305273022574,5.0,29.47347711401688,47.92129679361879,391.5,0.0,0.0,0.0,0.0,0.0,0.0,0.0,31.972,172.05,11625.0,0.007339,9000
Si,blade,148.0,130.0,2.6e-06,38.24237825915523,48.89863380308583,5.0,19.048134680354472,57.43579369643577,390.57,0.0,0.0,0.0,0.0,0.0,0.0,0.0,29.176,171.62,10250.0,0.006471,9000
Si,blade,148.0,130.0,2.6e-06,48.088657068101746,78.73794119575744,5.0,24.459029063452498,67.97859716912895,424.04,0.0,0.0,0.0,0.0,0.0,0.0,0.0,18.577,187.32,38875.0,0.024542,9000
Si,blade,148.0,130.0,2.6e-06,16.41476297050425,67.30601170059447,5.0,29.607302291251806,89.5620791756792,127.58,0.0,0.0,0.0,0.0,0.0,0.0,0.0,5.827,48.16,0.0,0.0,9000
Si,blade,148.0,130.0,2.6e-06,34.99557184339069,54.84030268515097,5.0,17.857835620191384,88.37821595549813,267.96,0.0,0.0,0.0,0.0,0.0,0.0,0.0,17.576,114.06,0.0,0.0,9000
Si,blade,148.0,130.0,2.6e-06,17.18296752844202,48.36722488407122,5.0,18.47646512795822,87.26444028249142,138.65,0.0,0.0,0.0,0.0,0.0,0.0,0.0,9.106,53.35,0.0,0.0,9000
Si,blade,148.0,130.0,2.6e-06,25.20765647750669,85.3683188737798,5.0,17.43920698089937,44.72627082189197,408.6,0.0,0.0,0.0,0.0,0.0,0.0,0.0,16.302,180.08,12375.0,0.007812,9000
Si,blade,148.0,130.0,2.6e-06,10.91212862350443,93.92997043835182,5.0,23.08360892176216,66.94521244111141,121.06,0.0,0.0,0.0,0.0,0.0,0.0,0.0,3.937,45.09,0.0,0.0,8851
Si,blade,148.0,130.0,2.6e-06,15.002195934061717,64.23941976617846,5.0,19.173857073911627,77.27011543034656,150.77,0.0,0.0,0.0,0.0,0.0,0.0,0.0,7.645,59.04,0.0,0.0,9000
Si,blade,148.0,130.0,2.6e-06,19.81626736660085,89.77208989733786,5.0,23.719712283024947,61.67697818339249,209.3,0.0,0.0,0.0,0.0,0.0,0.0,0.0,7.563,86.52,0.0,0.0,9000
Si,blade,148.0,130.0,2.6e-06,28.091155733882225,61.64378759652098,5.0,28.529147392401338,75.54601769813542,211.32,0.0,0.0,0.0,0.0,0.0,0.0,0.0,11.761,87.47,0.0,0.0,9000
Si,blade,148.0,130.0,2.6e-06,46.96274067585264,110.65750453259346,5.0,22.53856981986851,46.88323556127799,592.55,0.0,50.0,50.0,35.0,23375.0,0.014757,0.0,22.74,266.43,82375.0,0.052004,8751
Si,blade,148.0,130.0,2.6e-06,43.98243439322806,45.24135669082491,5.0,25.211293111220023,73.98715141539256,292.15,0.0,0.0,0.0,0.0,0.0,0.0,0.0,22.529,125.41,0.0,0.0,9000
Si,blade,148.0,130.0,2.6e-06,22.68793225568107,76.69264216557191,5.0,25.375007471049845,65.11318370931268,210.44,0.0,0.0,0.0,0.0,0.0,0.0,0.0,8.982,87.05,0.0,0.0,9000
Si,blade,148.0,130.0,2.6e-06,29.839104731612967,84.63878864028878,5.0,22.316014114399685,41.741284947463846,385.77,0.0,0.0,0.0,0.0,0.0,0.0,0.0,15.324,169.36,9500.0,0.005997,9000
Si,blade,148.0,130.0,2.6e-06,11.02791223156238,84.75308437400601,5.0,15.479043265562588,70.26105048192358,135.14,0.0,0.0,0.0,0.0,0.0,0.0,0.0,4.695,51.7,0.0,0.0,9000
Si,blade,148.0,130.0,2.6e-06,47.06904908163991,60.93510115945958,5.0,23.178641636154317,42.27162884326548,517.21,0.0,30.0,30.0,25.0,2250.0,0.00142,0.0,31.783,231.07,47625.0,0.030066,9000
Si,blade,148.0,130.0,2.6e-06,42.67530920097431,52.961135687659564,5.0,22.834276866560643,63.3498697218765,337.76,0.0,0.0,0.0,0.0,0.0,0.0,0.0,23.221,146.82,0.0,0.0,9000
Si,blade,148.0,130.0,2.6e-06,16.197759127159664,106.66332146392935,5.0,27.246641329463518,70.55537428108902,167.27,0.0,0.0,0.0,0.0,0.0,0.0,0.0,5.638,66.79,0.0,0.0,9000
Si,blade,148.0,130.0,2.6e-06,23.05669128731504,97.48921750342468,5.0,16.589511909889513,45.203939055801165,355.01,0.0,0.0,0.0,0.0,0.0,0.0,0.0,12.878,154.92,2000.0,0.001263,8551
Si,blade,148.0,130.0,2.6e-06,18.23797593754974,115.23907325414059,5.0,22.924351898982522,58.71180889282724,216.99,0.0,0.0,0.0,0.0,0.0,0.0,0.0,7.602,90.13,0.0,0.0,8401
Si,blade,148.0,130.0,2.6e-06,23.334173685507785,59.62923536919189,5.0,20.658072484494532,64.03676258363072,205.96,0.0,0.0,0.0,0.0,0.0,0.0,0.0,11.909,84.95,0.0,0.0,9000
Si,blade,148.0,130.0,2.6e-06,20.584127331560822,58.450519331023045,5.0,18.658443626116767,50.61410139854298,251.89,0.0,0.0,0.0,0.0,0.0,0.0,0.0,15.525,106.51,0.0,0.0,9000
Si,blade,148.0,130.0,2.6e-06,11.721640737842131,88.85198493846346,5.0,19.358029240403,62.23356533673332,159.51,0.0,0.0,0.0,0.0,0.0,0.0,0.0,5.472,63.15,0.0,0.0,9000
Si,blade,148.0,130.0,2.6e-06,17.875116177604276,107.40885859564214,5.0,29.92586021893841,55.55012953078125,213.08,0.0,0.0,0.0,0.0,0.0,0.0,0.0,7.448,88.29,0.0,0.0,8951
Si,blade,148.0,130.0,2.6e-06,29.08163516872712,54.059655724915295,5.0,26.167359752099472,52.92069668160515,270.96,0.0,0.0,0.0,0.0,0.0,0.0,0.0,17.978,115.46,0.0,0.0,9000
Si,blade,148.0,130.0,2.6e-06,36.26529326266362,44.54328280457944,5.0,18.35164424871122,56.0814470467059,357.83,0.0,0.0,0.0,0.0,0.0,0.0,0.0,28.557,156.25,1750.0,0.001105,9000
Si,blade,148.0,130.0,2.6e-06,27.263761527332626,53.57284552659283,5.0,16.0823371631314,69.92554089101397,260.98,0.0,0.0,0.0,0.0,0.0,0.0,0.0,17.441,110.78,0.0,0.0,9000
Si,blade,148.0,130.0,2.6e-06,21.610979480235798,50.9436600673716,5.0,25.823133934715184,76.90628029625051,155.76,0.0,0.0,0.0,0.0,0.0,0.0,0.0,10.014,61.38,0.0,0.0,9000
Si,blade,148.0,130.0,2.6e-06,45.874855877111685,49.4853192898902,5.0,22.408710291753664,45.62684970449825,429.0,0.0,0.0,0.0,0.0,0.0,0.0,0.0,31.872,189.65,26375.0,0.016651,9000
Si,blade,148.0,130.0,2.6e-06,41.17251095822708,107.26799518972138,5.0,26.639815215243793,77.93455043633466,367.7,0.0,0.0,0.0,0.0,0.0,0.0,0.0,13.689,160.88,6125.0,0.003867,9000
Si,blade,148.0,130.0,2.6e-06,22.26357236164708,115.5943720138148,5.0,20.366439225112032,50.88913879880945,275.65,0.0,0.0,0.0,0.0,0.0,0.0,0.0,9.972,117.67,0.0,0.0,8401
Si,blade,148.0,130.0,2.6e-06,35.211361633948115,99.60536608817665,5.0,28.798980063898682,83.9496920517946,297.7,0.0,0.0,0.0,0.0,0.0,0.0,0.0,11.282,128.02,0.0,0.0,9000
Si,blade,148.0,130.0,2.6e-06,48.571777840015436,76.51769287915911,5.0,24.78969805371425,69.562900855593,421.45,0.0,0.0,0.0,0.0,0.0,0.0,0.0,19.268,186.11,38125.0,0.024069,9000
Si,blade,148.0,130.0,2.6e-06,16.76516818636221,74.6301987312514,5.0,26.033205160036083,62.99001953473278,168.58,0.0,0.0,0.0,0.0,0.0,0.0,0.0,7.233,67.4,0.0,0.0,9000
Si,blade,148.0,130.0,2.6e-06,46.16748720970266,62.585081396106425,5.0,24.365290789064353,86.05194126876248,303.41,0.0,0.0,0.0,0.0,0.0,0.0,0.0,17.25,130.7,0.0,0.0,9000
Si,blade,148.0,130.0,2.6e-06,11.522513271049482,117.80628303799028,5.0,23.32414559971245,51.8831071308649,154.64,0.0,0.0,0.0,0.0,0.0,0.0,0.0,5.159,60.86,0.0,0.0,8201
Si,blade,148.0,130.0,2.6e-06,26.858431943878852,100.50715816155687,5.0,21.133387764913383,56.40980121462498,303.28,0.0,0.0,0.0,0.0,0.0,0.0,0.0,11.025,130.63,0.0,0.0,9000
Si,blade,148.0,130.0,2.6e-06,30.043324334234697,105.65769961284161,5.0,27.893771813336386,81.09127405080429,261.76,0.0,0.0,0.0,0.0,0.0,0.0,0.0,9.777,111.15,0.0,0.0,9000
Si,blade,148.0,130.0,2.6e-06,26.291616414262705,104.63308081744367,5.0,27.74353343048412,75.0505469710432,242.87,0.0,0.0,0.0,0.0,0.0,0.0,0.0,8.714,102.28,0.0,0.0,9000
Si,blade,148.0,130.0,2.6e-06,24.22454894945886,67.4211815871819,5.0,25.661073622977803,45.93700824619256,271.19,0.0,0.0,0.0,0.0,0.0,0.0,0.0,14.027,115.57,0.0,0.0,9000
Si,blade,148.0,130.0,2.6e-06,31.407434555702594,64.96778929202813,5.0,15.28175511422408,54.11150261981094,391.12,0.0,0.0,0.0,0.0,0.0,0.0,0.0,22.068,171.87,10250.0,0.006471,9000
Si,blade,148.0,130.0,2.6e-06,34.337037391768376,108.25087092746377,5.0,18.052290735265,86.54348369356359,338.73,0.0,0.0,0.0,0.0,0.0,0.0,0.0,12.027,147.28,0.0,0.0,8901
Si,blade,148.0,130.0,2.6e-06,41.989716311416856,42.66517578728198,5.0,20.40368340265211,67.37132499155933,288.13,0.0,0.0,0.0,0.0,0.0,0.0,0.0,23.223,123.53,0.0,0.0,9000
Si,blade,148.0,130.0,2.6e-06,44.34583379753005,83.18406597209581,5.0,16.396420445178386,76.48571207418433,440.04,0.0,0.0,0.0,0.0,0.0,0.0,0.0,18.09,194.84,34375.0,0.021701,9000
Si,blade,148.0,130.0,2.6e-06,37.312101201900724,119.79222487954394,5.0,28.241941188461098,57.78180569572335,418.04,0.0,0.0,0.0,0.0,0.0,0.0,0.0,15.557,184.51,33625.0,0.021228,8151
Si,blade,148.0,130.0,2.6e-06,24.681211645132418,80.09352748750598,5.0,22.0487575166778,52.23550466408115,275.63,0.0,0.0,0.0,0.0,0.0,0.0,0.0,11.406,117.66,0.0,0.0,9000
Si,blade,148.0,130.0,2.6e-06,39.54454454509073,101.08021448786738,5.0,26.8709822886589,56.90479657861367,435.54,0.0,0.0,0.0,0.0,0.0,0.0,0.0,16.267,192.72,40125.0,0.025331,9000
Si,blade,148.0,130.0,2.6e-06,23.698236847463892,111.67407723701241,5.0,16.9217359066203,52.79252613044598,339.73,0.0,0.0,0.0,0.0,0.0,0.0,0.0,12.188,147.75,0.0,0.0,7551
Si,blade,148.0,130.0,2.6e-06,40.088745197485736,86.07966351983502,5.0,17.501292545878503,48.567569751217896,589.37,0.0,40.0,40.0,25.0,12750.0,0.008049,0.0,23.757,264.94,50750.0,0.032039,9000
Si,blade,148.0,130.0,2.6e-06,47.49671161053677,78.14375971569757,5.0,17.656153936887215,67.68273590412491,509.94,0.0,30.0,30.0,15.0,2250.0,0.00142,0.0,23.13,227.65,50875.0,0.032118,9000
Si,blade,148.0,130.0,2.6e-06,28.75600705653047,71.32989013873474,5.0,18.85735504061522,65.57935483602674,308.65,0.0,0.0,0.0,0.0,0.0,0.0,0.0,15.229,133.16,0.0,0.0,9000
Si,blade,148.0,130.0,2.6e-06,35.86099790223858,81.95806591386258,5.0,27.04926610897976,49.6489633432024,420.89,0.0,0.0,0.0,0.0,0.0,0.0,0.0,17.473,185.85,27000.0,0.017045,9000
Si,blade,148.0,130.0,2.6e-06,33.50098461131593,41.34352643773114,5.0,25.508967347377048,68.87069911847377,231.79,0.0,0.0,0.0,0.0,0.0,0.0,0.0,18.68,97.08,0.0,0.0,9000
Si,blade,148.0,130.0,2.6e-06,30.855124377199413,55.93590062498458,5.0,27.85517128422359,71.56008420993682,229.34,0.0,0.0,0.0,0.0,0.0,0.0,0.0,14.462,95.93,0.0,0.0,9000
Si,blade,148.0,130.0,2.6e-06,12.855256279835853,56.62367176544703,5.0,15.918601944322866,79.2210968640436,125.51,0.0,0.0,0.0,0.0,0.0,0.0,0.0,7.083,47.18,0.0,0.0,9000
Si,blade,148.0,130.0,2.6e-06,18.85086282260275,43.07289342469674,5.0,25.00466106126701,47.75886053803496,180.97,0.0,0.0,0.0,0.0,0.0,0.0,0.0,13.743,73.22,0.0,0.0,9000
Si,blade,148.0,130.0,2.6e-06,14.613832666036162,118.15071072147525,5.0,24.60955016742292,42.584650648525766,215.43,0.0,0.0,0.0,0.0,0.0,0.0,0.0,7.702,89.39,0.0,0.0,8201
Si,blade,148.0,130.0,2.6e-06,45.624887266168514,51.46595003495612,5.0,21.9219265798931,50.275726195046914,403.79,0.0,0.0,0.0,0.0,0.0,0.0,0.0,28.873,177.82,19875.0,0.012547,9000
Si,blade,148.0,130.0,2.6e-06,25.632780981016396,50.19547219522625,5.0,17.078958560318434,84.3829551149091,206.54,0.0,0.0,0.0,0.0,0.0,0.0,0.0,14.127,85.22,0.0,0.0,9000
Si,blade,148.0,130.0,2.6e-06,12.452775179505121,46.1860619811061,5.0,20.23527447243964,71.82389729766268,101.36,0.0,0.0,0.0,0.0,0.0,0.0,0.0,6.336,35.85,0.0,0.0,9000
Si,blade,148.0,130.0,2.6e-06,24.533836387147993,114.63693665107091,5.0,16.265151393102855,79.00757294856996,274.41,0.0,0.0,0.0,0.0,0.0,0.0,0.0,8.838,117.09,0.0,0.0,8451
Si,blade,148.0,130.0,2.6e-06,44.93100551624289,113.63742480464536,5.0,18.22280754863161,47.414318102215574,699.17,0.0,50.0,50.0,35.0,30875.0,0.019492,0.0,24.551,316.48,77375.0,0.048848,8501
SiC,laser,370.0,448.0,4.2e-06,26.36982536068218,381.8951080486562,4.970694693286299,23.0,60.0,1554.68,0.0,15.0,15.0,25.0,5125.0,0.003235,0.0,132.493,3643.34,55000.0,0.034722,8851
SiC,laser,370.0,448.0,4.2e-06,9.965582854056082,340.58403133619237,7.2706452300794755,23.0,60.0,471.37,0.0,0.0,0.0,0.0,0.0,0.0,0.0,32.043,1063.14,8125.0,0.005129,9000
SiC,laser,370.0,448.0,4.2e-06,28.461683837631412,378.4782045337548,5.091563965965953,23.0,60.0,1648.57,0.0,15.0,15.0,25.0,6000.0,0.003788,0.0,139.256,3866.96,64250.0,0.040562,8951
SiC,laser,370.0,448.0,4.2e-06,14.043143558321374,223.53000302497935,6.553288557479103,23.0,60.0,705.2,0.0,5.0,5.0,15.0,875.0,0.000552,0.0,51.139,1620.08,16750.0,0.010574,9000
SiC,laser,370.0,448.0,4.2e-06,32.62776206280306,217.9579008862896,5.263355576604473,23.0,60.0,1788.38,0.0,15.0,15.0,35.0,8250.0,0.005208,0.0,153.337,4199.97,77750.0,0.049085,9000
SiC,laser,370.0,448.0,4.2e-06,36.432945138617605,305.3324800429101,6.82156516964904,23.0,60.0,1771.04,0.0,20.0,20.0,35.0,11375.0,0.007181,0.0,126.205,4158.67,100375.0,0.063368,9000
SiC,laser,370.0,448.0,4.2e-06,9.48630200635058,320.0500766167993,4.915771484414655,23.0,60.0,563.97,0.0,5.0,5.0,5.0,250.0,0.000158,0.0,48.032,1283.72,7250.0,0.004577,9000
SiC,laser,370.0,448.0,4.2e-06,32.028263422494675,262.60319414100564,3.8358943996458956,23.0,60.0,2000.0,5.0,10.0,5.0,15.0,2125.0,0.001342,125.0,216.452,4704.0,14375.0,0.009075,1701
SiC,laser,370.0,448.0,4.2e-06,21.638099702999085,171.07776052631456,7.84006381768526,23.0,60.0,725.88,0.0,5.0,5.0,15.0,750.0,0.000473,0.0,84.171,1669.34,10375.0,0.00655,3001
SiC,laser,370.0,448.0,4.2e-06,39.323436285921254,153.4447949254574,3.545512908586294,23.0,60.0,2000.0,5.0,10.0,5.0,15.0,1000.0,0.000631,125.0,395.0,4704.0,6250.0,0.003946,1301
SiC,laser,370.0,448.0,4.2e-06,36.10252606367315,301.62194496512694,4.441965248023807,23.0,60.0,2000.0,5.0,15.0,10.0,25.0,3125.0,0.001973,125.0,216.823,4704.0,19250.0,0.012153,1551
SiC,laser,370.0,448.0,4.2e-06,19.56824254181361,180.57418127873217,6.896768437677824,23.0,60.0,837.59,0.0,10.0,10.0,15.0,1000.0,0.000631,0.0,70.422,1935.41,13250.0,0.008365,4001
SiC,laser,370.0,448.0,4.2e-06,26.465372503593436,242.08661649579457,5.590801127919377,23.0,60.0,1421.34,0.0,15.0,15.0,25.0,5250.0,0.003314,0.0,116.449,3325.77,58125.0,0.036695,9000
SiC,laser,370.0,448.0,4.2e-06,29.779829293096277,380.0495926776641,7.112183753302904,23.0,60.0,1357.02,0.0,15.0,15.0,25.0,6500.0,0.004104,0.0,98.409,3172.56,68875.0,0.043482,8901
SiC,laser,370.0,448.0,4.2e-06,17.9666266475585,83.45154282985848,4.252707065090484,23.0,60.0,872.87,0.0,5.0,5.0,5.0,250.0,0.000158,0.0,169.574,2019.43,3125.0,0.001973,3201
SiC,laser,370.0,448.0,4.2e-06,16.57678710822596,276.62443577276497,4.307555789287538,23.0,60.0,1160.71,0.0,10.0,10.0,15.0,1625.0,0.001026,0.0,100.286,2704.99,25250.0,0.015941,9000
SiC,laser,370.0,448.0,4.2e-06,19.281994062657546,336.9686553596436,5.218098115861406,23.0,60.0,1165.28,0.0,10.0,10.0,25.0,2375.0,0.001499,0.0,92.844,2715.9,33625.0,0.021228,9000
SiC,laser,370.0,448.0,4.2e-06,11.864542655414198,350.37840076423373,7.477415122336717,23.0,60.0,541.24,0.0,5.0,5.0,5.0,250.0,0.000158,0.0,36.739,1229.56,11875.0,0.007497,9000
SiC,laser,370.0,448.0,4.2e-06,27.996443920799113,210.94328077375633,6.253858320947147,23.0,60.0,1435.01,0.0,15.0,15.0,25.0,5625.0,0.003551,0.0,108.129,3358.33,59375.0,0.037484,9000
SiC,laser,370.0,448.0,4.2e-06,11.572836779603577,330.9859607569835,7.950654937399435,23.0,60.0,513.8,0.0,5.0,5.0,5.0,125.0,7.9e-05,0.0,32.98,1164.21,12000.0,0.007576,9000
SiC,laser,370.0,448.0,4.2e-06,29.484843097443562,161.24069958125347,7.073500884751856,23.0,60.0,1086.2,0.0,10.0,10.0,25.0,2500.0,0.001578,0.0,124.195,2527.53,16500.0,0.010417,3151
SiC,laser,370.0,448.0,4.2e-06,8.42434084939451,227.9066005728701,3.302100383347071,23.0,60.0,759.35,0.0,5.0,5.0,5.0,125.0,7.9e-05,0.0,70.514,1749.05,5375.0,0.003393,9000
SiC,laser,370.0,448.0,4.2e-06,38.569167331205264,371.94057228929137,5.939615984300344,23.0,60.0,2000.0,5.0,15.0,10.0,35.0,9500.0,0.005997,250.0,153.455,4704.0,75000.0,0.047348,3751
SiC,laser,370.0,448.0,4.2e-06,27.46269090847526,126.55519959500228,3.1238823672763707,23.0,60.0,2000.0,5.0,10.0,5.0,15.0,1750.0,0.001105,125.0,218.019,4704.0,11750.0,0.007418,3251
SiC,laser,370.0,448.0,4.2e-06,31.476605936334224,394.7654041282913,6.465803326360568,23.0,60.0,1537.23,0.0,15.0,15.0,35.0,7875.0,0.004972,0.0,116.807,3601.79,75125.0,0.047427,8601
SiC,laser,370.0,448.0,4.2e-06,21.9591278309055,174.4092156153276,5.871566897435378,23.0,60.0,1134.63,0.0,10.0,10.0,15.0,2125.0,0.001342,0.0,91.547,2642.89,22000.0,0.013889,5401
SiC,laser,370.0,448.0,4.2e-06,24.97263200822645,151.65436034483312,5.8200767969049485,23.0,60.0,1238.01,0.0,10.0,10.0,25.0,2625.0,0.001657,0.0,107.649,2889.12,19375.0,0.012232,4701
SiC,laser,370.0,448.0,4.2e-06,33.7446513395855,298.61893766856554,7.606757481192595,23.0,60.0,1475.05,0.0,15.0,15.0,35.0,9125.0,0.005761,0.0,102.124,3453.68,89625.0,0.056581,9000
SiC,laser,370.0,448.0,4.2e-06,24.060443954160828,354.10825852593126,6.177005277085929,23.0,60.0,1262.2,0.0,15.0,15.0,25.0,4000.0,0.002525,0.0,94.449,2946.74,49875.0,0.031487,9000
SiC,laser,370.0,448.0,4.2e-06,9.773859471856108,157.63582688589986,4.128826684023681,23.0,60.0,713.32,0.0,5.0,5.0,5.0,250.0,0.000158,0.0,62.604,1639.42,6500.0,0.004104,9000
SiC,laser,370.0,448.0,4.2e-06,12.791004113810843,208.94994541398015,6.864819076008903,23.0,60.0,626.98,0.0,5.0,5.0,15.0,500.0,0.000316,0.0,43.966,1433.77,13250.0,0.008365,9000
SiC,laser,370.0,448.0,4.2e-06,33.081624198759314,163.64460755605887,4.4619929576783335,23.0,60.0,2000.0,5.0,15.0,10.0,25.0,3750.0,0.002367,125.0,183.997,4704.0,27500.0,0.017361,4051
SiC,laser,370.0,448.0,4.2e-06,39.57305114378046,148.9396595223626,7.799943964784361,23.0,60.0,1314.43,0.0,10.0,10.0,25.0,3500.0,0.00221,0.0,156.191,3071.13,26375.0,0.016651,3401
SiC,laser,370.0,448.0,4.2e-06,33.063447414902434,284.8917745390931,7.749878111773605,23.0,60.0,1451.14,0.0,15.0,15.0,35.0,8750.0,0.005524,0.0,97.397,3396.75,86875.0,0.054845,9000
SiC,laser,370.0,448.0,4.2e-06,13.079302078648517,108.18012557169921,7.220664757561493,23.0,60.0,486.55,0.0,0.0,0.0,0.0,0.0,0.0,0.0,55.372,1099.3,4250.0,0.002683,4601
SiC,laser,370.0,448.0,4.2e-06,38.11566193284912,129.71895098315116,3.587213834498137,23.0,60.0,2000.0,5.0,10.0,5.0,15.0,1000.0,0.000631,125.0,395.0,4704.0,6250.0,0.003946,1551
SiC,laser,370.0,448.0,4.2e-06,19.86004006684066,235.6395874662767,6.930283101602265,23.0,60.0,954.34,0.0,10.0,10.0,25.0,2500.0,0.001578,0.0,67.457,2213.48,34375.0,0.021701,9000
SiC,laser,370.0,448.0,4.2e-06,16.961185450739308,90.74881458813603,3.798157431866761,23.0,60.0,945.48,0.0,5.0,5.0,5.0,250.0,0.000158,0.0,184.096,2192.38,3000.0,0.001894,2851
SiC,laser,370.0,448.0,4.2e-06,25.8546281931169,190.052659631107,5.18027286786782,23.0,60.0,1460.93,0.0,15.0,15.0,25.0,4500.0,0.002841,0.0,124.399,3420.06,49625.0,0.031329,9000
SiC,laser,370.0,448.0,4.2e-06,13.63591910831703,98.81387427719255,4.224218677295573,23.0,60.0,673.7,0.0,5.0,5.0,5.0,250.0,0.000158,0.0,129.739,1545.05,2000.0,0.001263,2701
SiC,laser,370.0,448.0,4.2e-06,37.1925400830199,330.0487676985046,3.7406053046327585,23.0,60.0,2000.0,5.0,10.0,5.0,15.0,1375.0,0.000868,125.0,395.0,4704.0,8500.0,0.005366,801
SiC,laser,370.0,448.0,4.2e-06,39.75305408829375,133.08706619027032,7.893506651537206,23.0,60.0,1304.86,0.0,10.0,10.0,25.0,3500.0,0.00221,0.0,155.687,3048.34,26500.0,0.01673,3801
SiC,laser,370.0,448.0,4.2e-06,38.815053621196824,269.40937735945903,7.961845800706866,23.0,60.0,1602.85,0.0,20.0,20.0,35.0,12750.0,0.008049,0.0,110.855,3758.08,108875.0,0.068734,9000
SiC,laser,370.0,448.0,4.2e-06,17.16894369200194,311.4120733787383,5.384898642534763,23.0,60.0,1015.61,0.0,10.0,10.0,15.0,1625.0,0.001026,0.0,79.577,2359.42,27250.0,0.017203,9000
SiC,laser,370.0,448.0,4.2e-06,15.930415224247017,259.12492383458743,5.164123544316513,23.0,60.0,978.18,0.0,10.0,10.0,15.0,1375.0,0.000868,0.0,77.828,2270.26,22875.0,0.014441,9000
SiC,laser,370.0,448.0,4.2e-06,10.357590143522094,106.58625198057506,5.42033971862452,23.0,60.0,390.42,0.0,0.0,0.0,0.0,0.0,0.0,0.0,73.084,870.34,1375.0,0.000868,2651
SiC,laser,370.0,448.0,4.2e-06,35.00799233968421,218.9333320600073,7.571347944184778,23.0,60.0,1438.45,0.0,15.0,15.0,25.0,6000.0,0.003788,0.0,108.672,3366.51,46250.0,0.029198,4351
SiC,laser,370.0,448.0,4.2e-06,30.50301802702678,391.4975821069424,6.751274560226259,23.0,60.0,1444.09,0.0,15.0,15.0,25.0,6750.0,0.004261,0.0,107.456,3379.96,71750.0,0.045297,8651
SiC,laser,370.0,448.0,4.2e-06,19.117304117531553,246.0039123515449,5.648877452585152,23.0,60.0,1040.21,0.0,10.0,10.0,15.0,2250.0,0.00142,0.0,83.268,2418.0,32375.0,0.020439,9000
SiC,laser,370.0,448.0,4.2e-06,27.50957174488235,142.61831609287776,3.20394992512845,23.0,60.0,2000.0,5.0,10.0,5.0,15.0,1750.0,0.001105,125.0,215.93,4704.0,11750.0,0.007418,2951
SiC,laser,370.0,448.0,4.2e-06,24.54463418951206,233.62251484536674,4.753220132128981,23.0,60.0,1592.92,0.0,15.0,15.0,25.0,4375.0,0.002762,0.0,132.744,3734.42,50500.0,0.031881,9000
SiC,laser,370.0,448.0,4.2e-06,28.84156371148693,385.2015398689972,7.01599559816537,23.0,60.0,1328.4,0.0,15.0,15.0,25.0,6125.0,0.003867,0.0,96.926,3104.4,65625.0,0.04143,8801
SiC,laser,370.0,448.0,4.2e-06,23.683215017207964,140.39855157889704,4.634783420465093,23.0,60.0,1531.4,0.0,10.0,10.0,25.0,3000.0,0.001894,0.0,132.395,3587.9,31500.0,0.019886,8301
SiC,laser,370.0,448.0,4.2e-06,25.961777049141812,80.95845608891086,4.407540660764914,23.0,60.0,1198.03,0.0,10.0,10.0,15.0,1000.0,0.000631,0.0,234.606,2793.89,5875.0,0.003709,3301
SiC,laser,370.0,448.0,4.2e-06,31.04162481221044,117.94405963684426,4.08299523848057,23.0,60.0,2000.0,5.0,15.0,10.0,25.0,3375.0,0.002131,125.0,188.554,4704.0,25375.0,0.01602,5501
SiC,laser,370.0,448.0,4.2e-06,14.91344665358084,290.43816417606877,3.3611385594264944,23.0,60.0,1194.34,0.0,10.0,10.0,15.0,1125.0,0.00071,0.0,111.972,2785.1,20500.0,0.012942,9000
SiC,laser,370.0,448.0,4.2e-06,38.26837472202322,165.82376612146675,7.637972497890982,23.0,60.0,1298.12,0.0,10.0,10.0,25.0,3500.0,0.00221,0.0,151.482,3032.27,25250.0,0.015941,3101
SiC,laser,370.0,448.0,4.2e-06,12.809305152175288,324.289465818393,7.139254317117827,23.0,60.0,602.95,0.0,5.0,5.0,15.0,500.0,0.000316,0.0,42.047,1376.54,14500.0,0.009154,9000
SiC,laser,370.0,448.0,4.2e-06,33.3695917430519,138.40352788870922,6.244851074819563,23.0,60.0,1388.12,0.0,10.0,10.0,25.0,2875.0,0.001815,0.0,154.149,3246.65,19875.0,0.012547,3601
SiC,laser,370.0,448.0,4.2e-06,35.52984775669607,393.71408219795296,7.789176984007169,23.0,60.0,1506.69,0.0,15.0,15.0,35.0,10000.0,0.006313,0.0,104.693,3529.05,90750.0,0.057292,8601
SiC,laser,370.0,448.0,4.2e-06,22.441305395121375,308.09865176784587,3.0801135702676214,23.0,60.0,2000.0,5.0,15.0,10.0,25.0,2500.0,0.001578,250.0,195.717,4704.0,28125.0,0.017756,3801
SiC,laser,370.0,448.0,4.2e-06,37.04285952582628,357.3747354556338,3.271149162839549,23.0,60.0,2000.0,5.0,10.0,5.0,15.0,1000.0,0.000631,125.0,395.0,4704.0,6000.0,0.003788,651
SiC,laser,370.0,448.0,4.2e-06,14.52112109269201,182.23587013007523,5.493119028108023,23.0,60.0,840.77,0.0,10.0,10.0,15.0,1000.0,0.000631,0.0,65.795,1942.97,16750.0,0.010574,9000
SiC,laser,370.0,448.0,4.2e-06,27.02752217465051,278.1649441565238,5.914797463960846,23.0,60.0,1472.25,0.0,15.0,15.0,25.0,5375.0,0.003393,0.0,111.816,3447.02,62250.0,0.039299,9000
SiC,laser,370.0,448.0,4.2e-06,36.66068642275898,94.3741553537418,5.973951191585734,23.0,60.0,1592.48,0.0,10.0,10.0,25.0,3250.0,0.002052,0.0,178.241,3733.37,22000.0,0.013889,5151
SiC,laser,370.0,448.0,4.2e-06,22.356732185473668,355.979834338032,4.103207931595154,23.0,60.0,1646.9,0.0,15.0,15.0,25.0,3375.0,0.002131,0.0,145.162,3863.0,43625.0,0.027541,9000
SiC,laser,370.0,448.0,4.2e-06,9.192282805660186,292.8314442640505,5.749578126361227,23.0,60.0,504.9,0.0,5.0,5.0,5.0,125.0,7.9e-05,0.0,39.124,1143.02,6625.0,0.004182,9000
SiC,laser,370.0,448.0,4.2e-06,32.267371199896004,335.03319316142904,3.5297623144005854,23.0,60.0,2000.0,5.0,10.0,5.0,15.0,1875.0,0.001184,125.0,216.874,4704.0,13000.0,0.008207,1301
SiC,laser,370.0,448.0,4.2e-06,23.45920691854686,193.85419747549733,3.6541302662905757,23.0,60.0,1651.05,0.0,15.0,15.0,25.0,3500.0,0.00221,0.0,157.901,3872.88,43125.0,0.027225,9000
SiC,laser,370.0,448.0,4.2e-06,15.335835230453547,244.57329828908004,3.032700225498749,23.0,60.0,1181.52,0.0,10.0,10.0,15.0,1250.0,0.000789,0.0,116.293,2754.58,21250.0,0.013415,9000
SiC,laser,370.0,448.0,4.2e-06,24.49056840653832,206.88707899185164,6.591269723426372,23.0,60.0,1220.99,0.0,10.0,10.0,25.0,3875.0,0.002446,0.0,88.53,2848.57,47125.0,0.029751,9000
SiC,laser,370.0,448.0,4.2e-06,18.922375497873553,176.13849630965416,6.066262232147573,23.0,60.0,954.45,0.0,10.0,10.0,15.0,1375.0,0.000868,0.0,75.766,2213.75,17250.0,0.01089,5351
SiC,laser,370.0,448.0,4.2e-06,34.4351750434695,373.4911211606951,3.4100108647491503,23.0,60.0,2000.0,5.0,10.0,5.0,15.0,1125.0,0.00071,125.0,395.0,4704.0,7500.0,0.004735,701
SiC,laser,370.0,448.0,4.2e-06,12.314448859978894,86.30436913677472,4.723674572061181,23.0,60.0,536.43,0.0,5.0,5.0,5.0,125.0,7.9e-05,0.0,102.286,1218.11,1875.0,0.001184,3151
SiC,laser,370.0,448.0,4.2e-06,31.282400760001444,145.9917959299428,4.928708216769271,23.0,60.0,1862.06,0.0,15.0,15.0,25.0,6125.0,0.003867,0.0,159.416,4375.45,54500.0,0.034407,9000
SiC,laser,370.0,448.0,4.2e-06,37.62311491452521,229.92696858712537,6.502232603600514,23.0,60.0,1893.34,0.0,20.0,20.0,35.0,11625.0,0.007339,0.0,138.306,4449.97,98625.0,0.062263,9000
SiC,laser,370.0,448.0,4.2e-06,37.46056018638123,197.3260347786873,5.768666985111677,23.0,60.0,2000.0,5.0,15.0,10.0,35.0,8875.0,0.005603,250.0,155.976,4704.0,72500.0,0.04577,6901
SiC,laser,370.0,448.0,4.2e-06,11.14283135055831,312.7362437899659,6.0336323205866105,23.0,60.0,609.16,0.0,5.0,5.0,5.0,250.0,0.000158,0.0,44.907,1391.34,10875.0,0.006866,9000
SiC,laser,370.0,448.0,4.2e-06,23.774323421113905,187.66890138274795,3.1533706763033686,23.0,60.0,2000.0,5.0,10.0,5.0,15.0,1875.0,0.001184,125.0,202.014,4704.0,17750.0,0.011206,3651
SiC,laser,370.0,448.0,4.2e-06,16.178540439001374,368.7982528042802,6.419961807314972,23.0,60.0,808.13,0.0,10.0,10.0,15.0,1250.0,0.000789,0.0,60.693,1865.24,23125.0,0.014599,9000
SiC,laser,370.0,448.0,4.2e-06,22.893509648411687,398.48732145436736,3.907620372446372,23.0,60.0,1586.15,0.0,15.0,15.0,25.0,3500.0,0.00221,0.0,146.858,3718.3,44625.0,0.028172,8501
SiC,laser,370.0,448.0,4.2e-06,20.24253165931227,362.24701676709634,5.0279456427523535,23.0,60.0,1257.96,0.0,10.0,10.0,25.0,2625.0,0.001657,0.0,101.999,2936.63,35375.0,0.022333,9000
SiC,laser,370.0,448.0,4.2e-06,30.315255858975778,264.71221737079793,4.81837299200203,23.0,60.0,1865.21,0.0,15.0,15.0,25.0,7125.0,0.004498,0.0,158.713,4382.95,75125.0,0.047427,9000
SiC,laser,370.0,448.0,4.2e-06,34.21841347502813,249.25610488548904,5.545344560273014,23.0,60.0,1917.87,0.0,15.0,15.0,35.0,9125.0,0.005761,0.0,152.826,4508.38,89375.0,0.056424,9000
SiC,laser,370.0,448.0,4.2e-06,14.27416140989111,110.31826741261838,7.392817579116328,23.0,60.0,516.67,0.0,5.0,5.0,5.0,125.0,7.9e-05,0.0,59.548,1171.05,4625.0,0.00292,4501
SiC,laser,370.0,448.0,4.2e-06,21.534167990754803,257.27899992719654,3.223111626550621,23.0,60.0,1957.87,0.0,15.0,15.0,25.0,2875.0,0.001815,0.0,186.574,4603.65,41625.0,0.026278,9000
SiC,laser,370.0,448.0,4.2e-06,17.712241359853266,225.32129765999662,7.420037596931088,23.0,60.0,802.96,0.0,10.0,10.0,15.0,1250.0,0.000789,0.0,55.127,1852.93,23500.0,0.014836,7251
SiC,laser,370.0,448.0,4.2e-06,16.432603186488194,198.10452171715508,3.9979631185562345,23.0,60.0,1189.35,0.0,10.0,10.0,15.0,1375.0,0.000868,0.0,106.757,2773.21,21500.0,0.013573,9000
SiC,laser,370.0,448.0,4.2e-06,10.732017989667614,90.14798898114167,6.687858780862369,23.0,60.0,434.42,0.0,0.0,0.0,0.0,0.0,0.0,0.0,48.781,975.14,2875.0,0.001815,5401
SiC,laser,370.0,448.0,4.2e-06,10.525490024292822,268.03302507114995,7.336983721657122,23.0,60.0,482.12,0.0,0.0,0.0,0.0,0.0,0.0,0.0,33.382,1088.76,9375.0,0.005919,9000
SiC,laser,370.0,448.0,4.2e-06,13.51339965544151,387.750038722223,6.7092471607634305,23.0,60.0,656.6,0.0,5.0,5.0,15.0,750.0,0.000473,0.0,47.967,1504.32,15625.0,0.009864,8751
SiC,laser,370.0,448.0,4.2e-06,18.25070516871064,281.9663439843088,6.102771778405415,23.0,60.0,983.69,0.0,10.0,10.0,15.0,1750.0,0.001105,0.0,72.621,2283.39,30625.0,0.019334,9000
SiC,laser,370.0,448.0,4.2e-06,8.251608668162815,342.33697381315955,3.4779134860808893,23.0,60.0,646.98,0.0,5.0,5.0,5.0,250.0,0.000158,0.0,59.394,1481.41,5500.0,0.003472,9000
SiC,laser,370.0,448.0,4.2e-06,31.820531698509402,114.40504907118773,7.323185816401138,23.0,60.0,1131.71,0.0,10.0,10.0,25.0,2750.0,0.001736,0.0,133.372,2635.93,19250.0,0.012153,4351
SiC,laser,370.0,448.0,4.2e-06,25.142715998978918,294.71424673260117,5.080370238174702,23.0,60.0,1420.0,0.0,15.0,15.0,25.0,4750.0,0.002999,0.0,122.967,3322.57,56125.0,0.035432,9000
SiC,laser,370.0,448.0,4.2e-06,23.04812607339116,133.4007411233318,5.3011153315990445,23.0,60.0,858.53,0.0,5.0,5.0,15.0,750.0,0.000473,0.0,166.706,1985.28,5375.0,0.003393,2151
SiC,laser,370.0,448.0,4.2e-06,17.441289288170747,319.6812769435937,4.68177067423232,23.0,60.0,1052.19,0.0,10.0,10.0,15.0,1750.0,0.001105,0.0,92.676,2446.53,27625.0,0.01744,9000
SiC,laser,370.0,448.0,4.2e-06,14.993878034302035,327.8080038424408,4.83427817109335,23.0,60.0,960.23,0.0,10.0,10.0,15.0,1000.0,0.000631,0.0,79.161,2227.51,20375.0,0.012863,9000
SiC,laser,370.0,448.0,4.2e-06,15.701620737130511,204.24877783288952,4.014943878931817,23.0,60.0,1189.02,0.0,10.0,10.0,15.0,1250.0,0.000789,0.0,105.197,2772.42,20250.0,0.012784,9000
SiC,laser,370.0,448.0,4.2e-06,8.765155078580952,364.1716547692085,4.171054438215334,23.0,60.0,638.5,0.0,5.0,5.0,5.0,125.0,7.9e-05,0.0,54.823,1461.21,5875.0,0.003709,9000
SiC,laser,370.0,448.0,4.2e-06,20.7542394312776,115.89877693245003,7.540727284284622,23.0,60.0,725.48,0.0,5.0,5.0,15.0,750.0,0.000473,0.0,85.072,1668.38,9500.0,0.005997,4301
SiC,laser,370.0,448.0,4.2e-06,33.88774370195696,120.57553455873908,4.584664205852279,23.0,60.0,1912.67,0.0,10.0,10.0,25.0,3000.0,0.001894,0.0,205.122,4496.01,19875.0,0.012547,4001
SiC,laser,370.0,448.0,4.2e-06,25.51011684973673,124.18236575547783,6.370241878322348,23.0,60.0,1046.86,0.0,10.0,10.0,15.0,1250.0,0.000789,0.0,116.99,2433.85,12750.0,0.008049,4001
SiC,laser,370.0,448.0,4.2e-06,12.024340485377262,254.75071258659253,5.670921856541886,23.0,60.0,693.73,0.0,5.0,5.0,15.0,625.0,0.000395,0.0,52.398,1592.76,12750.0,0.008049,9000
SiC,laser,370.0,448.0,4.2e-06,39.02232230992658,169.5664662276975,7.179658008540287,23.0,60.0,1408.14,0.0,10.0,10.0,25.0,3500.0,0.00221,0.0,162.548,3294.33,25750.0,0.016256,3001
SiC,laser,370.0,448.0,4.2e-06,29.076554786111735,184.26521221027406,6.635372355948696,23.0,60.0,1385.87,0.0,15.0,15.0,25.0,4750.0,0.002999,0.0,104.162,3241.28,43875.0,0.027699,6351
SiC,laser,370.0,448.0,4.2e-06,20.878682435495797,103.51507843900092,6.127855528977795,23.0,60.0,895.05,0.0,10.0,10.0,15.0,1000.0,0.000631,0.0,100.029,2072.26,9500.0,0.005997,4701
SiC,laser,370.0,448.0,4.2e-06,30.774853416338868,215.47966955674465,6.403397223793784,23.0,60.0,1505.61,0.0,15.0,15.0,25.0,7000.0,0.004419,0.0,115.518,3526.48,70875.0,0.044744,9000
SiC,laser,370.0,448.0,4.2e-06,28.62895486294402,286.2546841278714,5.362662222198712,23.0,60.0,1678.61,0.0,15.0,15.0,25.0,6500.0,0.004104,0.0,133.334,3938.53,69625.0,0.043955,9000
SiC,laser,370.0,448.0,4.2e-06,20.39452757801088,366.4843705285015,3.691775794111722,23.0,60.0,1544.37,0.0,10.0,10.0,25.0,2375.0,0.001499,0.0,142.139,3618.8,35375.0,0.022333,9000
SiC,laser,370.0,448.0,4.2e-06,26.911852279455076,317.21798250846325,4.3747120418696674,23.0,60.0,1747.5,0.0,15.0,15.0,25.0,5750.0,0.00363,0.0,155.165,4102.61,62375.0,0.039378,9000
SiC,laser,370.0,448.0,4.2e-06,35.87881092376229,156.27838675270488,7.6992213535543135,23.0,60.0,1209.56,0.0,10.0,10.0,25.0,3125.0,0.001973,0.0,142.625,2821.36,21375.0,0.013494,3251
SiC,laser,370.0,448.0,4.2e-06,8.8598731548627,301.16645484628316,3.7908459720534,23.0,60.0,689.75,0.0,5.0,5.0,5.0,250.0,0.000158,0.0,61.457,1583.28,6250.0,0.003946,9000
SiC,laser,370.0,448.0,4.2e-06,28.07242003696588,238.32235052409283,5.503431786100191,23.0,60.0,1576.01,0.0,15.0,15.0,25.0,6000.0,0.003788,0.0,126.376,3694.16,63625.0,0.040167,9000
SiC,laser,370.0,448.0,4.2e-06,18.574558219070035,273.3551195038234,3.9289067060961114,23.0,60.0,1334.1,0.0,10.0,10.0,15.0,2125.0,0.001342,0.0,121.133,3117.98,32000.0,0.020202,9000
SiC,laser,370.0,448.0,4.2e-06,29.955809755947442,96.92540913230047,4.5375815384052585,23.0,60.0,1330.53,0.0,10.0,10.0,15.0,1125.0,0.00071,0.0,261.107,3109.48,7500.0,0.004735,2801
SiC,laser,370.0,448.0,4.2e-06,34.85345237097505,202.4554741159572,3.456497968636127,23.0,60.0,2000.0,5.0,10.0,5.0,15.0,1000.0,0.000631,125.0,395.0,4704.0,6375.0,0.004025,1151
SiC,laser,370.0,448.0,4.2e-06,11.338087153942627,348.3613438046441,4.566180410818159,23.0,60.0,721.86,0.0,5.0,5.0,15.0,500.0,0.000316,0.0,62.661,1659.77,10750.0,0.006787,9000
SiC,laser,370.0,448.0,4.2e-06,21.27188531606771,345.63885141307077,6.961229268508152,23.0,60.0,980.32,0.0,10.0,10.0,25.0,3000.0,0.001894,0.0,72.256,2275.35,39625.0,0.025016,9000
SiC,laser,370.0,448.0,4.2e-06,35.402387813938375,253.27564705008143,6.2943897812873075,23.0,60.0,1829.34,0.0,15.0,15.0,35.0,10250.0,0.006471,0.0,135.571,4297.52,93250.0,0.05887,9000
SiC,blade,370.0,448.0,4.2e-06,19.566455058225678,94.66267814980822,5.0,15.209080703630164,76.21843117211378,85.94,0.0,0.0,0.0,0.0,0.0,0.0,0.0,4.342,145.15,0.0,0.0,9000
SiC,blade,370.0,448.0,4.2e-06,10.812575037597458,81.34627495794251,5.0,26.272231944010162,60.23146212775458,55.45,0.0,0.0,0.0,0.0,0.0,0.0,0.0,2.453,72.54,0.0,0.0,9000
SiC,blade,370.0,448.0,4.2e-06,27.95581033852427,64.67494105026412,5.0,22.0661229235987,70.42082582710272,87.62,0.0,0.0,0.0,0.0,0.0,0.0,0.0,5.978,149.14,0.0,0.0,9000
SiC,blade,370.0,448.0,4.2e-06,20.967306774271186,58.896086526899154,5.0,27.74274646482425,77.55734642626936,67.43,0.0,0.0,0.0,0.0,0.0,0.0,0.0,4.305,101.06,0.0,0.0,9000
SiC,blade,370.0,448.0,4.2e-06,40.16768656510948,61.88090578111386,5.0,16.51801222853703,40.80338678060913,195.57,0.0,0.0,0.0,0.0,0.0,0.0,0.0,16.952,406.26,9625.0,0.006076,9000
SiC,blade,370.0,448.0,4.2e-06,36.61342566656514,119.57116230278112,5.0,23.592882342887087,79.05683281305829,128.48,0.0,0.0,0.0,0.0,0.0,0.0,0.0,5.556,246.46,0.0,0.0,9000
SiC,blade,370.0,448.0,4.2e-06,31.264346617301815,79.67164658232005,5.0,25.317595651586657,47.53407124846585,132.75,0.0,0.0,0.0,0.0,0.0,0.0,0.0,8.861,256.64,0.0,0.0,9000
SiC,blade,370.0,448.0,4.2e-06,45.159835258252336,93.50778351412805,5.0,16.408297292125578,62.16312834212593,193.62,0.0,0.0,0.0,0.0,0.0,0.0,0.0,12.163,401.62,14500.0,0.009154,9000
SiC,blade,370.0,448.0,4.2e-06,42.22950427397863,43.91026458806488,5.0,22.390218101168557,73.31285271560927,107.49,0.0,0.0,0.0,0.0,0.0,0.0,0.0,9.402,196.47,0.0,0.0,9000
SiC,blade,370.0,448.0,4.2e-06,46.29191688902607,62.394174623518,5.0,23.145325928975016,56.65310929892814,147.83,0.0,0.0,0.0,0.0,0.0,0.0,0.0,12.053,292.56,0.0,0.0,9000
SiC,blade,370.0,448.0,4.2e-06,11.226396830875942,64.2004292927598,5.0,25.566626737630344,76.44340667736952,40.34,0.0,0.0,0.0,0.0,0.0,0.0,0.0,2.283,36.54,0.0,0.0,1051
SiC,blade,370.0,448.0,4.2e-06,13.310926217423903,55.49625163353652,5.0,21.557625029842217,79.8495461666165,43.03,0.0,0.0,0.0,0.0,0.0,0.0,0.0,2.699,42.95,0.0,0.0,1001
SiC,blade,370.0,448.0,4.2e-06,11.501164849111065,52.44219292921179,5.0,25.93926721437568,61.02871870320379,43.57,0.0,0.0,0.0,0.0,0.0,0.0,0.0,2.808,44.23,0.0,0.0,951
SiC,blade,370.0,448.0,4.2e-06,29.84426452453347,96.43361765676518,5.0,16.106178039319385,41.16775057036831,177.83,0.0,0.0,0.0,0.0,0.0,0.0,0.0,10.802,364.0,2250.0,0.00142,9000
SiC,blade,370.0,448.0,4.2e-06,16.914335654831817,40.69111812472587,5.0,17.346501744278203,87.28924800043922,50.25,0.0,0.0,0.0,0.0,0.0,0.0,0.0,3.727,60.13,0.0,0.0,901
SiC,blade,370.0,448.0,4.2e-06,34.634496546464916,53.15693423503214,5.0,29.043788505522727,70.40954218090495,96.7,0.0,0.0,0.0,0.0,0.0,0.0,0.0,7.616,170.78,0.0,0.0,9000
SiC,blade,370.0,448.0,4.2e-06,12.20543856137094,113.95681655451075,5.0,18.16142767639621,49.00771230778368,87.45,0.0,0.0,0.0,0.0,0.0,0.0,0.0,3.613,148.75,0.0,0.0,9000
SiC,blade,370.0,448.0,4.2e-06,27.2133044224274,89.1280745729843,5.0,21.893796178128202,87.81619338284591,85.14,0.0,0.0,0.0,0.0,0.0,0.0,0.0,4.48,143.23,0.0,0.0,9000
SiC,blade,370.0,448.0,4.2e-06,23.23380143051088,116.05725549264949,5.0,27.815361688641083,80.41444353047486,86.56,0.0,0.0,0.0,0.0,0.0,0.0,0.0,3.424,146.62,0.0,0.0,9000
SiC,blade,370.0,448.0,4.2e-06,26.130822050336093,51.80706835051874,5.0,15.693305367976041,87.04292827045138,81.96,0.0,0.0,0.0,0.0,0.0,0.0,0.0,6.05,135.67,0.0,0.0,9000
SiC,blade,370.0,448.0,4.2e-06,15.526120302704944,63.39818638928965,5.0,26.054086291721532,67.31774066091566,61.53,0.0,0.0,0.0,0.0,0.0,0.0,0.0,3.538,86.99,0.0,0.0,9000
SiC,blade,370.0,448.0,4.2e-06,17.91339605655437,48.90176126620196,5.0,28.617341985585412,66.96514471911715,52.39,0.0,0.0,0.0,0.0,0.0,0.0,0.0,4.11,65.25,0.0,0.0,1251
SiC,blade,370.0,448.0,4.2e-06,41.16322361532248,72.35086208030525,5.0,27.947780624828603,82.80337179774965,112.3,0.0,0.0,0.0,0.0,0.0,0.0,0.0,7.685,207.93,0.0,0.0,9000
SiC,blade,370.0,448.0,4.2e-06,22.810117001751046,117.67925508015426,5.0,28.80260277682475,68.8759129650534,96.78,0.0,0.0,0.0,0.0,0.0,0.0,0.0,3.93,170.95,0.0,0.0,9000
SiC,blade,370.0,448.0,4.2e-06,31.333526145872817,98.34434249384947,5.0,19.231990323881362,89.52751636566288,114.29,0.0,0.0,0.0,0.0,0.0,0.0,0.0,6.107,212.67,0.0,0.0,9000
SiC,blade,370.0,448.0,4.2e-06,49.4744378419115,105.97902545109156,5.0,25.07835677861246,43.21550752543961,234.93,0.0,0.0,0.0,0.0,0.0,0.0,0.0,13.125,500.01,39125.0,0.0247,9000
SiC,blade,370.0,448.0,4.2e-06,15.178931963981704,53.82505085382792,5.0,20.125336031006647,83.83336624684108,44.46,0.0,0.0,0.0,0.0,0.0,0.0,0.0,2.909,46.36,0.0,0.0,1001
SiC,blade,370.0,448.0,4.2e-06,18.205287855451502,119.05457345159601,5.0,27.255333572407444,88.20020794129461,71.33,0.0,0.0,0.0,0.0,0.0,0.0,0.0,2.499,110.34,0.0,0.0,9000
SiC,blade,370.0,448.0,4.2e-06,25.080805610602745,78.44667442138183,5.0,23.03765056135621,53.97211627663371,104.64,0.0,0.0,0.0,0.0,0.0,0.0,0.0,6.619,189.68,0.0,0.0,9000
SiC,blade,370.0,448.0,4.2e-06,20.522376997336277,100.85923404937088,5.0,24.28420973282026,65.37543292815648,84.82,0.0,0.0,0.0,0.0,0.0,0.0,0.0,3.939,142.49,0.0,0.0,9000
SiC,blade,370.0,448.0,4.2e-06,23.54353890188902,107.56143341714389,5.0,15.259134744200207,52.14799273986821,133.58,0.0,0.0,0.0,0.0,0.0,0.0,0.0,6.727,258.6,0.0,0.0,9000
SiC,blade,370.0,448.0,4.2e-06,47.04640071847333,114.3369899211816,5.0,24.191318863661884,63.62217219735784,180.53,0.0,0.0,0.0,0.0,0.0,0.0,0.0,8.82,370.44,3750.0,0.002367,9000
SiC,blade,370.0,448.0,4.2e-06,40.67170434414165,99.90280077786824,5.0,19.55704892036073,86.62526967593604,141.97,0.0,0.0,0.0,0.0,0.0,0.0,0.0,7.855,278.59,0.0,0.0,9000
SiC,blade,370.0,448.0,4.2e-06,39.58057416206461,95.84242392867267,5.0,27.489836752019247,47.03966390990628,171.52,0.0,0.0,0.0,0.0,0.0,0.0,0.0,10.308,348.98,0.0,0.0,9000
SiC,blade,370.0,448.0,4.2e-06,24.367594565375956,83.33190669957696,5.0,21.183000722418733,71.18787776555234,86.46,0.0,0.0,0.0,0.0,0.0,0.0,0.0,4.846,146.38,0.0,0.0,9000
SiC,blade,370.0,448.0,4.2e-06,13.78970918061162,100.49319319669208,5.0,25.47051906305176,88.51478173056671,57.29,0.0,0.0,0.0,0.0,0.0,0.0,0.0,2.131,76.9,0.0,0.0,9000
SiC,blade,370.0,448.0,4.2e-06,41.878909068447555,113.28803173802841,5.0,24.568885316653898,47.99169427844702,194.65,0.0,0.0,0.0,0.0,0.0,0.0,0.0,9.759,404.07,13875.0,0.008759,9000
SiC,blade,370.0,448.0,4.2e-06,37.40701829212405,77.01965309559966,5.0,28.952445015772312,68.24540197943064,121.62,0.0,0.0,0.0,0.0,0.0,0.0,0.0,8.12,230.12,0.0,0.0,9000
SiC,blade,370.0,448.0,4.2e-06,19.05064776512631,106.4533210701241,5.0,18.74844234667286,58.69131458041219,106.28,0.0,0.0,0.0,0.0,0.0,0.0,0.0,5.091,193.59,0.0,0.0,9000
SiC,blade,370.0,448.0,4.2e-06,25.44901947037596,117.25642554295972,5.0,28.487447586653325,81.373310277035,92.71,0.0,0.0,0.0,0.0,0.0,0.0,0.0,3.72,161.28,0.0,0.0,9000
SiC,blade,370.0,448.0,4.2e-06,37.744196296450866,90.14843782695773,5.0,17.599001699907095,71.66061247504139,147.57,0.0,0.0,0.0,0.0,0.0,0.0,0.0,9.102,291.94,0.0,0.0,9000
SiC,blade,370.0,448.0,4.2e-06,35.949325483617024,54.91179317573913,5.0,20.968196119934063,51.27947700278229,122.48,0.0,0.0,0.0,0.0,0.0,0.0,0.0,10.246,232.17,0.0,0.0,9000
SiC,blade,370.0,448.0,4.2e-06,38.612375013879706,88.60393086583137,5.0,26.547187894363077,45.03237234102006,164.08,0.0,0.0,0.0,0.0,0.0,0.0,0.0,10.47,331.26,0.0,0.0,9000
SiC,blade,370.0,448.0,4.2e-06,15.899433378537747,97.2690395062769,5.0,28.357999145657935,73.85745050609069,67.8,0.0,0.0,0.0,0.0,0.0,0.0,0.0,2.938,101.93,0.0,0.0,9000
SiC,blade,370.0,448.0,4.2e-06,29.493507685149144,74.90521680416276,5.0,18.75199868438132,40.089780119193065,161.99,0.0,0.0,0.0,0.0,0.0,0.0,0.0,11.911,326.29,0.0,0.0,9000
SiC,blade,370.0,448.0,4.2e-06,28.351201889283765,111.69212242594278,5.0,17.704369167791207,42.78003252200551,181.21,0.0,0.0,0.0,0.0,0.0,0.0,0.0,9.281,372.04,2750.0,0.001736,9000
SiC,blade,370.0,448.0,4.2e-06,48.37357230980423,47.34061205172195,5.0,15.603215634383956,69.19267856718672,154.3,0.0,0.0,0.0,0.0,0.0,0.0,0.0,14.21,307.97,0.0,0.0,9000
SiC,blade,370.0,448.0,4.2e-06,30.094497888187604,50.988705567290616,5.0,24.801889034025738,86.04390329157125,77.4,0.0,0.0,0.0,0.0,0.0,0.0,0.0,5.653,124.8,0.0,0.0,9000
SiC,blade,370.0,448.0,4.2e-06,47.96005475572761,101.64964786281548,5.0,24.6659220815811,75.69353271090161,150.35,0.0,0.0,0.0,0.0,0.0,0.0,0.0,8.167,298.55,0.0,0.0,9000
SiC,blade,370.0,448.0,4.2e-06,37.17624608170776,77.98511202626435,5.0,18.060740802505478,82.98488815083633,126.51,0.0,0.0,0.0,0.0,0.0,0.0,0.0,8.452,241.77,0.0,0.0,9000
SiC,blade,370.0,448.0,4.2e-06,14.925678242944398,45.08984602259622,5.0,29.199861057702837,44.401268958409325,57.8,0.0,0.0,0.0,0.0,0.0,0.0,0.0,4.983,78.12,0.0,0.0,1251
SiC,blade,370.0,448.0,4.2e-06,45.99393861949298,87.27389983818784,5.0,17.155683731960913,49.631982832286724,234.26,0.0,0.0,0.0,0.0,0.0,0.0,0.0,16.064,498.42,24250.0,0.015309,9000
SiC,blade,370.0,448.0,4.2e-06,41.57458285517665,43.06864895526454,5.0,19.87161239010458,55.47308979335329,148.95,0.0,0.0,0.0,0.0,0.0,0.0,0.0,14.083,295.23,0.0,0.0,9000
SiC,blade,370.0,448.0,4.2e-06,33.43254228986674,84.56724447056865,5.0,26.412218361012968,72.5058418662691,109.85,0.0,0.0,0.0,0.0,0.0,0.0,0.0,6.61,202.09,0.0,0.0,9000
SiC,blade,370.0,448.0,4.2e-06,36.03558380739154,74.51933160438529,5.0,29.306378776716933,44.00130564298279,155.6,0.0,0.0,0.0,0.0,0.0,0.0,0.0,11.349,311.06,0.0,0.0,9000
SiC,blade,370.0,448.0,4.2e-06,14.665863864532323,86.63747678403668,5.0,15.817051212372936,57.33117546340069,82.1,0.0,0.0,0.0,0.0,0.0,0.0,0.0,4.394,136.01,0.0,0.0,9000
SiC,blade,370.0,448.0,4.2e-06,35.07186546066382,83.56137330785756,5.0,25.12758478658909,59.74553439100535,131.73,0.0,0.0,0.0,0.0,0.0,0.0,0.0,8.417,254.21,0.0,0.0,9000
SiC,blade,370.0,448.0,4.2e-06,22.410945821448394,84.83702324284988,5.0,20.513616705917993,44.84006097329921,111.0,0.0,0.0,0.0,0.0,0.0,0.0,0.0,6.73,204.84,0.0,0.0,9000
SiC,blade,370.0,448.0,4.2e-06,19.846551266070875,50.24200323210226,5.0,20.465279443431523,80.56491367901288,50.63,0.0,0.0,0.0,0.0,0.0,0.0,0.0,3.815,61.06,0.0,0.0,1251
SiC,blade,370.0,448.0,4.2e-06,33.99900667804362,42.28443411818518,5.0,22.549955704315174,60.80873347963331,99.2,0.0,0.0,0.0,0.0,0.0,0.0,0.0,8.574,176.74,0.0,0.0,9000
SiC,blade,370.0,448.0,4.2e-06,40.57077530858953,69.6067390252501,5.0,25.702857860512026,56.95820509922399,138.54,0.0,0.0,0.0,0.0,0.0,0.0,0.0,10.323,270.42,0.0,0.0,9000
SiC,blade,370.0,448.0,4.2e-06,39.95928307370189,57.58551311195262,5.0,29.624387318380784,69.95429126361435,114.93,0.0,0.0,0.0,0.0,0.0,0.0,0.0,9.243,214.19,0.0,0.0,9000
SiC,blade,370.0,448.0,4.2e-06,35.62579039013,110.84126834556994,5.0,29.959234666597013,77.23941873510762,122.48,0.0,0.0,0.0,0.0,0.0,0.0,0.0,5.728,232.17,0.0,0.0,9000
SiC,blade,370.0,448.0,4.2e-06,18.4891416308641,103.4632411702053,5.0,18.437502477201697,51.0238573453714,108.56,0.0,0.0,0.0,0.0,0.0,0.0,0.0,5.425,199.02,0.0,0.0,9000
SiC,blade,370.0,448.0,4.2e-06,21.953251874232762,56.79741192781631,5.0,28.708068940297665,64.08490809702027,77.39,0.0,0.0,0.0,0.0,0.0,0.0,0.0,5.419,124.78,0.0,0.0,9000
SiC,blade,370.0,448.0,4.2e-06,34.861231549986115,60.64324786755927,5.0,20.83766648048291,48.616507924640175,130.52,0.0,0.0,0.0,0.0,0.0,0.0,0.0,10.591,251.32,0.0,0.0,9000
SiC,blade,370.0,448.0,4.2e-06,12.802756971698228,56.136398358899186,5.0,27.195337194004992,78.49346697781999,42.31,0.0,0.0,0.0,0.0,0.0,0.0,0.0,2.594,41.23,0.0,0.0,951
SiC,blade,370.0,448.0,4.2e-06,48.76691101291375,68.16921531130008,5.0,16.361703802017743,54.78560341331884,208.91,0.0,0.0,0.0,0.0,0.0,0.0,0.0,17.015,438.04,16625.0,0.010496,9000
SiC,blade,370.0,448.0,4.2e-06,13.489502132784573,114.85330596873531,5.0,26.75882695235955,81.8109110435443,60.58,0.0,0.0,0.0,0.0,0.0,0.0,0.0,2.004,84.75,0.0,0.0,9000
SiC,blade,370.0,448.0,4.2e-06,47.622049002088005,72.89589016279169,5.0,23.422675099401165,72.13378594117759,138.03,0.0,0.0,0.0,0.0,0.0,0.0,0.0,9.903,269.2,0.0,0.0,9000
SiC,blade,370.0,448.0,4.2e-06,30.79237775822174,99.04725287678517,5.0,22.68571485781766,74.78916975365661,108.79,0.0,0.0,0.0,0.0,0.0,0.0,0.0,5.632,199.57,0.0,0.0,9000
SiC,blade,370.0,448.0,4.2e-06,17.015695928952574,46.144950908731396,5.0,17.381303778096058,56.20027967555664,76.77,0.0,0.0,0.0,0.0,0.0,0.0,0.0,5.751,123.31,0.0,0.0,9000
SiC,blade,370.0,448.0,4.2e-06,32.23323697643668,54.604507226081616,5.0,19.066363270986663,59.33500348741478,128.12,0.0,0.0,0.0,0.0,0.0,0.0,0.0,10.775,245.62,0.0,0.0,9000
SiC,blade,370.0,448.0,4.2e-06,26.991237921864325,79.18411464788733,5.0,28.121034116197997,65.59504131224296,95.6,0.0,0.0,0.0,0.0,0.0,0.0,0.0,5.805,168.15,0.0,0.0,9000
SiC,blade,370.0,448.0,4.2e-06,43.32273423635235,109.29318498524904,5.0,21.702490531176313,89.79243095854707,131.16,0.0,0.0,0.0,0.0,0.0,0.0,0.0,6.342,252.86,0.0,0.0,9000
SiC,blade,370.0,448.0,4.2e-06,48.25530532932781,87.93055770745306,5.0,17.051815400054615,66.10008097376688,190.15,0.0,0.0,0.0,0.0,0.0,0.0,0.0,12.527,393.35,11000.0,0.006944,9000
SiC,blade,370.0,448.0,4.2e-06,21.372514889537104,82.43661126905383,5.0,19.998207600620976,61.381846257341564,101.09,0.0,0.0,0.0,0.0,0.0,0.0,0.0,6.087,181.24,0.0,0.0,9000
SiC,blade,370.0,448.0,4.2e-06,18.75322492799458,94.86300095466586,5.0,29.70834399057083,61.90356604132744,81.07,0.0,0.0,0.0,0.0,0.0,0.0,0.0,3.968,133.55,0.0,0.0,9000
SiC,blade,370.0,448.0,4.2e-06,44.327788683272104,107.31276160843774,5.0,21.873734758727668,41.50391699629556,214.32,0.0,0.0,0.0,0.0,0.0,0.0,0.0,11.657,450.91,27375.0,0.017282,9000
SiC,blade,370.0,448.0,4.2e-06,42.502117662521,85.5381293555555,5.0,24.053442744762975,76.96344740772857,127.5,0.0,0.0,0.0,0.0,0.0,0.0,0.0,7.907,244.13,0.0,0.0,9000
SiC,blade,370.0,448.0,4.2e-06,16.29919104936493,40.62504127786796,5.0,16.97915795704799,62.80001780354488,57.97,0.0,0.0,0.0,0.0,0.0,0.0,0.0,4.865,78.53,0.0,0.0,1001
SiC,blade,370.0,448.0,4.2e-06,28.72251261458882,109.48278046212566,5.0,19.337104939866222,85.76071716328096,111.73,0.0,0.0,0.0,0.0,0.0,0.0,0.0,5.228,206.57,0.0,0.0,9000
SiC,blade,370.0,448.0,4.2e-06,12.384924958207431,91.25198264589558,5.0,15.034694278625517,43.53185238390899,87.33,0.0,0.0,0.0,0.0,0.0,0.0,0.0,4.62,148.45,0.0,0.0,9000
SiC,blade,370.0,448.0,4.2e-06,33.20365611445794,67.95008278503613,5.0,23.798327907946145,64.9144176410478,110.98,0.0,0.0,0.0,0.0,0.0,0.0,0.0,7.945,204.79,0.0,0.0,9000
SiC,blade,370.0,448.0,4.2e-06,38.067764024273245,66.13325964979074,5.0,26.87916453572729,52.90041879658395,136.48,0.0,0.0,0.0,0.0,0.0,0.0,0.0,10.531,265.52,0.0,0.0,9000
SiC,blade,370.0,448.0,4.2e-06,31.686951882383504,73.67813228864608,5.0,22.29740812160285,55.39642491076613,116.12,0.0,0.0,0.0,0.0,0.0,0.0,0.0,7.941,217.02,0.0,0.0,9000
SiC,blade,370.0,448.0,4.2e-06,25.88617872235147,76.44688173622646,5.0,28.198073426539395,67.89603881843244,91.63,0.0,0.0,0.0,0.0,0.0,0.0,0.0,5.633,158.7,0.0,0.0,9000
SiC,blade,370.0,448.0,4.2e-06,14.320920431424994,46.7155347868187,5.0,22.154037495861054,59.00968217062333,49.69,0.0,0.0,0.0,0.0,0.0,0.0,0.0,3.746,58.81,0.0,0.0,1001
SiC,blade,370.0,448.0,4.2e-06,26.522861696973294,45.897710754464946,5.0,21.028202941912856,88.94047353399458,57.6,0.0,0.0,0.0,0.0,0.0,0.0,0.0,4.847,77.64,0.0,0.0,1401
SiC,blade,370.0,448.0,4.2e-06,24.952199863558292,48.20654268330315,5.0,17.95777500698322,75.34560352547436,84.38,0.0,0.0,0.0,0.0,0.0,0.0,0.0,6.477,141.42,0.0,0.0,9000
SiC,blade,370.0,448.0,4.2e-06,10.510128066077325,92.11117429615177,5.0,29.75243394664355,53.66591774789063,60.63,0.0,0.0,0.0,0.0,0.0,0.0,0.0,2.591,84.87,0.0,0.0,9000
SiC,blade,370.0,448.0,4.2e-06,49.203327141291545,71.26862441663698,5.0,27.087468751934765,82.15364293875038,128.6,0.0,0.0,0.0,0.0,0.0,0.0,0.0,9.223,246.76,0.0,0.0,9000
SiC,blade,370.0,448.0,4.2e-06,45.509955102714606,110.24879084437465,5.0,19.696483827792967,85.27689213577375,162.88,0.0,0.0,0.0,0.0,0.0,0.0,0.0,8.243,328.4,0.0,0.0,9000
SiC,blade,370.0,448.0,4.2e-06,49.96727211303204,92.69200150292669,5.0,25.866283075440144,79.31770570370938,149.27,0.0,0.0,0.0,0.0,0.0,0.0,0.0,8.958,295.98,0.0,0.0,9000
SiC,blade,370.0,448.0,4.2e-06,20.107698681270342,44.174907981035105,5.0,21.354524690615776,73.59335278487393,53.64,0.0,0.0,0.0,0.0,0.0,0.0,0.0,4.319,68.22,0.0,0.0,1051
SiC,blade,370.0,448.0,4.2e-06,11.99777038833769,71.40262623078374,5.0,24.958738107322418,84.40603628797489,50.29,0.0,0.0,0.0,0.0,0.0,0.0,0.0,2.248,60.22,0.0,0.0,9000
SiC,blade,370.0,448.0,4.2e-06,32.37557708867577,97.75115236655512,5.0,23.746932707145206,66.32082184454237,117.65,0.0,0.0,0.0,0.0,0.0,0.0,0.0,6.33,220.67,0.0,0.0,9000
SiC,blade,370.0,448.0,4.2e-06,21.024163638052237,103.09957463344762,5.0,22.825778977809556,81.10272449735623,77.54,0.0,0.0,0.0,0.0,0.0,0.0,0.0,3.365,125.14,0.0,0.0,9000
SiC,blade,370.0,448.0,4.2e-06,27.498338558693135,118.27450156337848,5.0,26.71836730119112,57.53184290738075,123.36,0.0,0.0,0.0,0.0,0.0,0.0,0.0,5.36,234.26,0.0,0.0,9000
SiC,blade,370.0,448.0,4.2e-06,16.609338165210414,65.48004142572873,5.0,18.998556980183622,54.178532784022885,86.45,0.0,0.0,0.0,0.0,0.0,0.0,0.0,5.844,146.36,0.0,0.0,9000
SiC,blade,370.0,448.0,4.2e-06,24.094768994957015,80.13904029669037,5.0,20.122459332313433,78.18173911468656,81.5,0.0,0.0,0.0,0.0,0.0,0.0,0.0,4.597,134.58,0.0,0.0,9000
SiC,blade,370.0,448.0,4.2e-06,46.44524336148767,61.07274908233311,5.0,18.591275360357802,49.254027912072836,204.96,0.0,0.0,0.0,0.0,0.0,0.0,0.0,17.962,428.62,14875.0,0.009391,9000
SiC,blade,370.0,448.0,4.2e-06,22.17013268098402,59.649445402919696,5.0,18.284778227163443,45.432326914362335,110.1,0.0,0.0,0.0,0.0,0.0,0.0,0.0,8.604,202.69,0.0,0.0,9000
SiC,blade,370.0,448.0,4.2e-06,39.29813716500027,104.73031525401332,5.0,17.809203547366863,42.13763395751104,234.82,0.0,0.0,0.0,0.0,0.0,0.0,0.0,13.494,499.75,23750.0,0.014994,9000
SiC,blade,370.0,448.0,4.2e-06,43.81873346709807,70.48429537503796,5.0,20.296666940664565,50.692779556308786,157.34,0.0,0.0,0.0,0.0,0.0,0.0,0.0,11.942,315.21,0.0,0.0,9000
SiC,blade,370.0,448.0,4.2e-06,38.74670801587212,102.16317686952692,5.0,19.458618941860006,64.4148861488525,176.04,0.0,0.0,0.0,0.0,0.0,0.0,0.0,9.921,359.75,2500.0,0.001578,9000
SiC,blade,370.0,448.0,4.2e-06,17.571069334177817,63.080824606111484,5.0,21.410007028770984,45.97539601548817,79.21,0.0,0.0,0.0,0.0,0.0,0.0,0.0,5.301,129.12,0.0,0.0,9000
SiC,blade,370.0,448.0,4.2e-06,42.711673180369274,108.53535045262657,5.0,24.385060938923296,83.44538550389281,134.71,0.0,0.0,0.0,0.0,0.0,0.0,0.0,6.609,261.3,0.0,0.0,9000
SiC,blade,370.0,448.0,4.2e-06,32.7816918317902,112.4829146012856,5.0,23.26606383534199,74.48531641154699,120.46,0.0,0.0,0.0,0.0,0.0,0.0,0.0,5.514,227.36,0.0,0.0,9000
SiC,blade,370.0,448.0,4.2e-06,34.036324242286426,89.65642387699084,5.0,15.43463169444638,51.90671901966194,169.53,0.0,0.0,0.0,0.0,0.0,0.0,0.0,10.828,344.24,0.0,0.0,9000
SiC,blade,370.0,448.0,4.2e-06,44.776881052227615,75.69072177652441,5.0,22.94318757903162,63.18916595878477,147.08,0.0,0.0,0.0,0.0,0.0,0.0,0.0,10.409,290.76,0.0,0.0,9000
SiC,blade,370.0,448.0,4.2e-06,10.310229881541723,49.45037886385431,5.0,15.913972306436243,41.93887439043826,54.55,0.0,0.0,0.0,0.0,0.0,0.0,0.0,4.315,70.37,0.0,0.0,1501
SiC,blade,370.0,448.0,4.2e-06,28.220897770092893,104.47765875639568,5.0,29.420768659461395,47.3541897444345,134.82,0.0,0.0,0.0,0.0,0.0,0.0,0.0,6.971,261.56,0.0,0.0,9000
SiC,blade,370.0,448.0,4.2e-06,43.38805756209778,41.91776186827815,5.0,16.220805832758458,68.59309416987537,136.89,0.0,0.0,0.0,0.0,0.0,0.0,0.0,12.791,266.49,0.0,0.0,9000
SiC,blade,370.0,448.0,4.2e-06,36.9662070642622,58.146627121792775,5.0,16.740268087470234,46.29720899429388,165.87,0.0,0.0,0.0,0.0,0.0,0.0,0.0,14.396,335.51,0.0,0.0,9000
SiC,blade,370.0,448.0,4.2e-06,29.162210107342702,69.24005789096465,5.0,23.957945799951617,50.32527670445327,112.32,0.0,0.0,0.0,0.0,0.0,0.0,0.0,7.983,207.99,0.0,0.0,9000
SiC,blade,370.0,448.0,4.2e-06,46.8013540857502,91.82296359904996,5.0,20.709067834258487,84.831211357752,135.01,0.0,0.0,0.0,0.0,0.0,0.0,0.0,7.992,262.02,0.0,0.0,9000
SiC,blade,370.0,448.0,4.2e-06,44.58847958070447,66.69146373321394,5.0,26.24727634401647,58.28618038634558,147.22,0.0,0.0,0.0,0.0,0.0,0.0,0.0,11.459,291.09,0.0,0.0,9000
SiC,blade,370.0,448.0,4.2e-06,23.781541736337818,115.7064609943527,5.0,16.80032686194084,53.27937993611356,138.35,0.0,0.0,0.0,0.0,0.0,0.0,0.0,6.427,269.98,0.0,0.0,9000
SiC,blade,370.0,448.0,4.2e-06,30.361910908497812,81.1839045598212,5.0,27.59891017731625,72.02392695160808,100.72,0.0,0.0,0.0,0.0,0.0,0.0,0.0,6.099,180.34,0.0,0.0,9000
GaN,laser,130.0,295.0,5.6e-06,31.3046371464939,314.81558254657796,4.44962734935538,23.0,60.0,2000.0,5.0,15.0,10.0,25.0,5125.0,0.003235,250.0,395.0,4237.27,41625.0,0.026278,351
GaN,laser,130.0,295.0,5.6e-06,39.61593108524691,159.6847651360888,4.552231712487343,23.0,60.0,2000.0,5.0,15.0,10.0,25.0,3125.0,0.001973,250.0,395.0,4237.27,29000.0,0.018308,351
GaN,laser,130.0,295.0,5.6e-06,34.298466645412475,245.75499636488658,4.713788608766322,23.0,60.0,2000.0,5.0,15.0,10.0,25.0,4625.0,0.00292,250.0,395.0,4237.27,39375.0,0.024858,351
GaN,laser,130.0,295.0,5.6e-06,21.354714277603364,313.1863878994562,6.866644269154458,23.0,60.0,2000.0,5.0,15.0,10.0,35.0,7750.0,0.004893,250.0,219.898,4237.27,65250.0,0.041193,501
GaN,laser,130.0,295.0,5.6e-06,29.230822692251536,307.33911602053007,5.637739792730029,23.0,60.0,2000.0,5.0,15.0,10.0,25.0,5500.0,0.003472,250.0,395.0,4237.27,47625.0,0.030066,351
GaN,laser,130.0,295.0,5.6e-06,16.736427453652443,396.92679327809606,3.3917738915198656,23.0,60.0,2000.0,5.0,15.0,10.0,25.0,2875.0,0.001815,250.0,206.731,4237.27,27250.0,0.017203,351
GaN,laser,130.0,295.0,5.6e-06,20.493011562491997,367.9254886182257,7.680297332879063,23.0,60.0,2000.0,5.0,15.0,10.0,35.0,10625.0,0.006708,250.0,165.4,4237.27,93750.0,0.059186,601
GaN,laser,130.0,295.0,5.6e-06,18.729038180132797,236.1755636949862,6.781983609347513,23.0,60.0,2000.0,5.0,15.0,10.0,35.0,8750.0,0.005524,250.0,172.308,4237.27,84500.0,0.053346,851
GaN,laser,130.0,295.0,5.6e-06,14.046022371270974,140.10584528431224,6.3383583851075755,23.0,60.0,2000.0,5.0,20.0,15.0,35.0,12000.0,0.007576,250.0,149.771,4237.27,160375.0,0.101247,3301
GaN,laser,130.0,295.0,5.6e-06,21.774420173168654,277.6805721823205,6.503725391792929,23.0,60.0,2000.0,5.0,15.0,10.0,35.0,6875.0,0.00434,125.0,254.613,4237.27,57750.0,0.036458,501
GaN,laser,130.0,295.0,5.6e-06,11.738594133847538,118.6756262612804,5.440079740784755,23.0,60.0,1844.13,0.0,15.0,15.0,35.0,8750.0,0.005524,0.0,151.677,3902.87,154875.0,0.097775,8051
GaN,laser,130.0,295.0,5.6e-06,9.043867405312962,305.9788839639016,3.092183283558656,23.0,60.0,1998.01,5.0,15.0,10.0,25.0,3500.0,0.00221,625.0,199.1,4233.01,69875.0,0.044113,1351
GaN,laser,130.0,295.0,5.6e-06,16.398853614034692,213.93416287811647,7.967463356710048,23.0,60.0,1937.9,0.0,20.0,20.0,45.0,18000.0,0.011364,0.0,133.595,4104.03,226375.0,0.142914,4551
GaN,laser,130.0,295.0,5.6e-06,27.71533957862566,362.2065428227597,3.033989797232352,23.0,60.0,2000.0,5.0,15.0,10.0,25.0,3000.0,0.001894,375.0,222.072,4237.27,30500.0,0.019255,351
GaN,laser,130.0,295.0,5.6e-06,39.80843164088633,390.2002497710349,7.647953274128284,23.0,60.0,2000.0,5.0,20.0,15.0,35.0,11500.0,0.00726,875.0,348.207,4237.27,82875.0,0.05232,351
GaN,laser,130.0,295.0,5.6e-06,32.72509482906088,198.2028891379074,7.4672274680924575,23.0,60.0,2000.0,5.0,15.0,10.0,35.0,6000.0,0.003788,250.0,395.0,4237.27,50500.0,0.031881,351
GaN,laser,130.0,295.0,5.6e-06,28.749895161323842,371.0443062213373,3.3122891596817237,23.0,60.0,2000.0,5.0,15.0,10.0,25.0,3750.0,0.002367,375.0,236.812,4237.27,35375.0,0.022333,351
GaN,laser,130.0,295.0,5.6e-06,15.661394946557607,311.28690772421146,6.470484818116972,23.0,60.0,2000.0,5.0,15.0,10.0,35.0,9625.0,0.006076,250.0,164.786,4237.27,106500.0,0.067235,951
GaN,laser,130.0,295.0,5.6e-06,23.764303615961293,150.61723928974743,6.255091179474512,23.0,60.0,2000.0,5.0,15.0,10.0,25.0,4750.0,0.002999,250.0,382.379,4237.27,45000.0,0.028409,601
GaN,laser,130.0,295.0,5.6e-06,18.1135906282126,258.0272301953522,3.1574273670583524,23.0,60.0,2000.0,5.0,15.0,10.0,15.0,2125.0,0.001342,250.0,395.0,4237.27,19375.0,0.012232,351
GaN,laser,130.0,295.0,5.6e-06,32.28329734144229,233.20533931229147,6.401863578644528,23.0,60.0,2000.0,5.0,15.0,10.0,25.0,5625.0,0.003551,250.0,395.0,4237.27,46625.0,0.029435,351
GaN,laser,130.0,295.0,5.6e-06,20.781809398828052,204.7368908269124,3.2549980157439546,23.0,60.0,2000.0,5.0,10.0,5.0,15.0,1625.0,0.001026,125.0,395.0,4237.27,16500.0,0.010417,351
GaN,laser,130.0,295.0,5.6e-06,10.999165979927275,337.30954422184476,6.6034674487926965,23.0,60.0,1506.69,0.0,15.0,15.0,35.0,7750.0,0.004893,0.0,113.292,3178.89,143625.0,0.090672,2951
GaN,laser,130.0,295.0,5.6e-06,8.449997781542264,126.48833903036972,3.226978439189039,23.0,60.0,2000.0,5.0,15.0,10.0,25.0,2500.0,0.001578,250.0,195.907,4237.27,47875.0,0.030224,2101
GaN,laser,130.0,295.0,5.6e-06,23.504807353682338,345.3866275188821,5.287800311990955,23.0,60.0,2000.0,5.0,15.0,10.0,25.0,5375.0,0.003393,250.0,326.018,4237.27,43250.0,0.027304,351
GaN,laser,130.0,295.0,5.6e-06,34.7213411191191,335.79861729847227,5.492039342407727,23.0,60.0,2000.0,5.0,15.0,10.0,35.0,7000.0,0.004419,625.0,395.0,4237.27,55625.0,0.035117,351
GaN,laser,130.0,295.0,5.6e-06,35.98977205760728,211.94044148942012,6.028384754026892,23.0,60.0,2000.0,5.0,15.0,10.0,25.0,5625.0,0.003551,250.0,395.0,4237.27,45375.0,0.028646,351
GaN,laser,130.0,295.0,5.6e-06,33.4556700282432,217.52789666846098,3.734996874775264,23.0,60.0,2000.0,5.0,15.0,10.0,25.0,3125.0,0.001973,375.0,395.0,4237.27,27875.0,0.017598,351
GaN,laser,130.0,295.0,5.6e-06,17.3866556670294,137.05425961573792,5.728245526057086,23.0,60.0,2000.0,5.0,15.0,10.0,25.0,5125.0,0.003235,125.0,245.58,4237.27,48750.0,0.030777,951
GaN,laser,130.0,295.0,5.6e-06,33.634481510675286,100.53170056591934,3.881435430754702,23.0,60.0,2000.0,5.0,10.0,5.0,15.0,1375.0,0.000868,250.0,395.0,4237.27,15375.0,0.009706,351
GaN,laser,130.0,295.0,5.6e-06,9.462897688923489,88.84107854208267,6.149377114398444,23.0,60.0,1386.53,0.0,15.0,15.0,25.0,5500.0,0.003472,0.0,105.912,2921.1,125750.0,0.079388,9000
GaN,laser,130.0,295.0,5.6e-06,22.846160489768998,81.18308242126508,5.876400028673697,23.0,60.0,2000.0,5.0,15.0,10.0,25.0,3500.0,0.00221,125.0,395.0,4237.27,35750.0,0.022569,851
GaN,laser,130.0,295.0,5.6e-06,24.05623238996053,280.96012798202275,6.950988313164386,23.0,60.0,2000.0,5.0,15.0,10.0,35.0,7125.0,0.004498,125.0,291.075,4237.27,58250.0,0.036774,451
GaN,laser,130.0,295.0,5.6e-06,25.6891100813218,318.2608228083845,7.338680602188623,23.0,60.0,2000.0,5.0,15.0,10.0,35.0,7375.0,0.004656,125.0,294.562,4237.27,60750.0,0.038352,401
GaN,laser,130.0,295.0,5.6e-06,20.894613261973877,255.47402613263543,6.044912747769919,23.0,60.0,2000.0,5.0,15.0,10.0,25.0,5625.0,0.003551,125.0,276.067,4237.27,50000.0,0.031566,501
GaN,laser,130.0,295.0,5.6e-06,13.37954042608279,91.59711123438565,5.676151828674425,23.0,60.0,2000.0,5.0,15.0,10.0,35.0,8125.0,0.005129,250.0,157.742,4237.27,112375.0,0.070944,3501
GaN,laser,130.0,295.0,5.6e-06,36.97249207096034,105.01412468888284,7.957851373550929,23.0,60.0,2000.0,5.0,15.0,10.0,35.0,5500.0,0.003472,125.0,395.0,4237.27,47625.0,0.030066,351
GaN,laser,130.0,295.0,5.6e-06,9.847424803456628,153.83047603661416,3.6468399952914856,23.0,60.0,2000.0,5.0,15.0,10.0,25.0,3125.0,0.001973,125.0,197.925,4237.27,43500.0,0.027462,1351
GaN,laser,130.0,295.0,5.6e-06,19.552815884169455,109.18417202754748,4.852232222826712,23.0,60.0,2000.0,5.0,10.0,5.0,25.0,2250.0,0.00142,125.0,395.0,4237.27,26000.0,0.016414,651
GaN,laser,130.0,295.0,5.6e-06,34.07280291750833,123.24133183635311,3.9443394935224965,23.0,60.0,2000.0,5.0,10.0,5.0,15.0,1625.0,0.001026,250.0,395.0,4237.27,18125.0,0.011443,351
GaN,laser,130.0,295.0,5.6e-06,11.614074055381757,113.56855664520975,7.160025407268161,23.0,60.0,1495.92,0.0,15.0,15.0,35.0,8250.0,0.005208,0.0,108.325,3155.78,152625.0,0.096354,8401
GaN,laser,130.0,295.0,5.6e-06,19.828538501362043,148.4559959920382,3.4238527359558772,23.0,60.0,2000.0,5.0,10.0,5.0,15.0,1375.0,0.000868,125.0,395.0,4237.27,14125.0,0.008917,401
GaN,laser,130.0,295.0,5.6e-06,17.156293148553406,368.31163795699973,4.338684769257052,23.0,60.0,2000.0,5.0,15.0,10.0,25.0,3250.0,0.002052,250.0,235.726,4237.27,32750.0,0.020676,351
GaN,laser,130.0,295.0,5.6e-06,18.407255567589942,93.73992386874474,7.5011598005777325,23.0,60.0,2000.0,5.0,15.0,10.0,35.0,9250.0,0.00584,125.0,170.045,4237.27,96750.0,0.06108,2101
GaN,laser,130.0,295.0,5.6e-06,14.62503452985121,283.94429028836623,5.623943206027968,23.0,60.0,2000.0,5.0,15.0,10.0,35.0,8250.0,0.005208,250.0,171.955,4237.27,92875.0,0.058633,1001
GaN,laser,130.0,295.0,5.6e-06,31.512157579399105,132.17742032898383,7.5594973746730885,23.0,60.0,2000.0,5.0,15.0,10.0,35.0,5500.0,0.003472,250.0,395.0,4237.27,49875.0,0.031487,451
GaN,laser,130.0,295.0,5.6e-06,14.834290234450904,161.315430179167,5.0120759448612215,23.0,60.0,2000.0,5.0,15.0,10.0,25.0,3500.0,0.00221,125.0,217.258,4237.27,42125.0,0.026594,851
GaN,laser,130.0,295.0,5.6e-06,37.498794547053606,329.4371993305382,3.060005905740347,23.0,60.0,2000.0,5.0,15.0,10.0,25.0,4125.0,0.002604,375.0,395.0,4237.27,34875.0,0.022017,351
GaN,laser,130.0,295.0,5.6e-06,26.268002559051602,251.52602294914618,6.646449986234172,23.0,60.0,2000.0,5.0,15.0,10.0,25.0,5375.0,0.003393,250.0,370.701,4237.27,49625.0,0.031329,401
GaN,laser,130.0,295.0,5.6e-06,10.54472231058978,261.11358612766406,7.716732390558429,23.0,60.0,1286.45,0.0,15.0,15.0,25.0,6500.0,0.004104,0.0,89.506,2706.38,134625.0,0.084991,3751
GaN,laser,130.0,295.0,5.6e-06,11.383433908711904,226.19909956133364,3.826608750755235,23.0,60.0,2000.0,5.0,10.0,5.0,25.0,2875.0,0.001815,125.0,211.962,4237.27,29875.0,0.01886,651
GaN,laser,130.0,295.0,5.6e-06,35.024969165934074,196.25621909896108,7.44002155405516,23.0,60.0,2000.0,5.0,15.0,10.0,35.0,6250.0,0.003946,250.0,395.0,4237.27,52250.0,0.032986,351
GaN,laser,130.0,295.0,5.6e-06,15.873083646000524,229.05445005511407,3.3450976456562844,23.0,60.0,2000.0,5.0,10.0,5.0,15.0,1625.0,0.001026,125.0,395.0,4237.27,16250.0,0.010259,351
GaN,laser,130.0,295.0,5.6e-06,10.141173551896422,394.02541847844253,4.466963559050029,23.0,60.0,1827.38,0.0,15.0,15.0,25.0,6000.0,0.003788,0.0,162.488,3866.93,129750.0,0.081913,2551
GaN,laser,130.0,295.0,5.6e-06,13.80796099840246,102.81151784691409,4.32636250852586,23.0,60.0,2000.0,5.0,15.0,10.0,25.0,2750.0,0.001736,125.0,247.934,4237.27,32750.0,0.020676,1151
GaN,laser,130.0,295.0,5.6e-06,31.777896443411276,193.72167863534787,5.391821945611998,23.0,60.0,2000.0,5.0,15.0,10.0,25.0,4125.0,0.002604,250.0,395.0,4237.27,35750.0,0.022569,351
GaN,laser,130.0,295.0,5.6e-06,38.26475383287898,379.039540646517,6.820056039751778,23.0,60.0,2000.0,5.0,20.0,15.0,35.0,10125.0,0.006392,625.0,364.557,4237.27,73375.0,0.046323,351
GaN,laser,130.0,295.0,5.6e-06,36.026807667711005,300.1532814753461,3.5050930556853386,23.0,60.0,2000.0,5.0,15.0,10.0,25.0,4375.0,0.002762,375.0,395.0,4237.27,35500.0,0.022412,351
GaN,laser,130.0,295.0,5.6e-06,30.69695710779668,114.7817668448285,4.129966103224811,23.0,60.0,2000.0,5.0,10.0,5.0,15.0,1625.0,0.001026,250.0,395.0,4237.27,17250.0,0.01089,351
GaN,laser,130.0,295.0,5.6e-06,22.062805795474624,222.53913364024842,4.0601102875409065,23.0,60.0,2000.0,5.0,15.0,10.0,25.0,2625.0,0.001657,125.0,395.0,4237.27,23625.0,0.014915,351
GaN,laser,130.0,295.0,5.6e-06,8.683602884864873,387.141483573544,7.263767910029147,23.0,60.0,1113.63,0.0,10.0,10.0,25.0,3875.0,0.002446,0.0,79.566,2335.6,104625.0,0.066051,2601
GaN,laser,130.0,295.0,5.6e-06,39.087343085127685,327.0842754489306,5.1108434100989575,23.0,60.0,2000.0,5.0,15.0,10.0,35.0,7250.0,0.004577,500.0,395.0,4237.27,55000.0,0.034722,351
GaN,laser,130.0,295.0,5.6e-06,23.261052449302365,359.7618568265434,4.539581888276202,23.0,60.0,2000.0,5.0,15.0,10.0,25.0,4750.0,0.002999,250.0,298.567,4237.27,39875.0,0.025174,351
GaN,laser,130.0,295.0,5.6e-06,37.703600714754415,374.98997511435397,4.950139330186168,23.0,60.0,2000.0,5.0,15.0,10.0,35.0,7500.0,0.004735,625.0,373.545,4237.27,58250.0,0.036774,351
GaN,laser,130.0,295.0,5.6e-06,39.216525508773984,190.4171506814619,5.830173739324252,23.0,60.0,2000.0,5.0,15.0,10.0,25.0,5375.0,0.003393,250.0,395.0,4237.27,43250.0,0.027304,351
GaN,laser,130.0,295.0,5.6e-06,26.921676193792138,156.02532885269443,3.5870504956648155,23.0,60.0,2000.0,5.0,10.0,5.0,15.0,1625.0,0.001026,250.0,395.0,4237.27,16750.0,0.010574,351
GaN,laser,130.0,295.0,5.6e-06,10.053722871185697,202.57619560789558,5.92884550880134,23.0,60.0,1490.29,0.0,15.0,15.0,25.0,6000.0,0.003788,0.0,117.511,3143.71,126250.0,0.079703,4801
GaN,laser,130.0,295.0,5.6e-06,35.25807350610934,269.51400923356215,4.807739617009709,23.0,60.0,2000.0,5.0,15.0,10.0,25.0,5125.0,0.003235,250.0,395.0,4237.27,42500.0,0.026831,351
GaN,laser,130.0,295.0,5.6e-06,38.73508619925626,242.83655673292628,5.324431812856162,23.0,60.0,2000.0,5.0,15.0,10.0,25.0,5625.0,0.003551,250.0,395.0,4237.27,46000.0,0.02904,351
GaN,laser,130.0,295.0,5.6e-06,30.641717216110063,120.25778033397174,4.618176862728946,23.0,60.0,2000.0,5.0,10.0,5.0,15.0,1875.0,0.001184,125.0,395.0,4237.27,19625.0,0.01239,351
GaN,laser,130.0,295.0,5.6e-06,36.6445369586829,241.77245143352928,3.189887648394253,23.0,60.0,2000.0,5.0,15.0,10.0,25.0,2875.0,0.001815,375.0,395.0,4237.27,27625.0,0.01744,351
GaN,laser,130.0,295.0,5.6e-06,34.63747389354923,128.5466716308622,3.971734784050183,23.0,60.0,2000.0,5.0,15.0,10.0,15.0,1750.0,0.001105,250.0,395.0,4237.27,18875.0,0.011916,351
GaN,laser,130.0,295.0,5.6e-06,27.78373401368528,321.60682776345107,6.577945986299822,23.0,60.0,2000.0,5.0,15.0,10.0,35.0,6625.0,0.004182,250.0,360.497,4237.27,52625.0,0.033223,351
GaN,laser,130.0,295.0,5.6e-06,28.184683671714886,377.9051231588147,7.892349313118666,23.0,60.0,2000.0,5.0,15.0,10.0,35.0,8375.0,0.005287,250.0,293.173,4237.27,67750.0,0.042771,351
GaN,laser,130.0,295.0,5.6e-06,27.39396909642129,173.7891970830206,7.088631997445168,23.0,60.0,2000.0,5.0,15.0,10.0,35.0,6125.0,0.003867,250.0,371.35,4237.27,56375.0,0.03559,551
GaN,laser,130.0,295.0,5.6e-06,36.525294568027824,249.9529888802873,7.8189418298713385,23.0,60.0,2000.0,5.0,15.0,10.0,35.0,8000.0,0.005051,500.0,395.0,4237.27,63250.0,0.039931,351
GaN,laser,130.0,295.0,5.6e-06,38.41246907317489,180.14921910937008,7.861320675978788,23.0,60.0,2000.0,5.0,15.0,10.0,35.0,6750.0,0.004261,250.0,395.0,4237.27,57500.0,0.036301,351
GaN,laser,130.0,295.0,5.6e-06,12.581844576847724,292.33900344780545,7.213266410110775,23.0,60.0,1610.8,0.0,15.0,15.0,35.0,10125.0,0.006392,0.0,116.297,3402.26,170750.0,0.107797,3351
GaN,laser,130.0,295.0,5.6e-06,37.99436131380635,237.84538910346618,3.8425266163362046,23.0,60.0,2000.0,5.0,15.0,10.0,25.0,4250.0,0.002683,375.0,395.0,4237.27,34875.0,0.022017,351
GaN,laser,130.0,295.0,5.6e-06,9.206597852250887,349.36793369612565,6.1847293438604485,23.0,60.0,1326.73,0.0,15.0,15.0,25.0,5250.0,0.003314,0.0,102.494,2792.8,113875.0,0.071891,2851
GaN,laser,130.0,295.0,5.6e-06,30.080889473632944,262.44980885001127,7.325070766800099,23.0,60.0,2000.0,5.0,15.0,10.0,35.0,6625.0,0.004182,250.0,390.514,4237.27,52875.0,0.033381,351
GaN,laser,130.0,295.0,5.6e-06,32.898745650394225,187.41778069265553,6.74004682993824,23.0,60.0,2000.0,5.0,15.0,10.0,25.0,5125.0,0.003235,250.0,395.0,4237.27,43875.0,0.027699,351
GaN,laser,130.0,295.0,5.6e-06,17.016563881297124,342.3981360898102,5.577826708833961,23.0,60.0,2000.0,5.0,15.0,10.0,25.0,6125.0,0.003867,250.0,198.463,4237.27,54875.0,0.034643,501
GaN,laser,130.0,295.0,5.6e-06,24.32259756566816,323.1710522325525,6.995740496333342,23.0,60.0,2000.0,5.0,15.0,10.0,35.0,8000.0,0.005051,250.0,254.929,4237.27,66375.0,0.041903,451
GaN,laser,130.0,295.0,5.6e-06,19.324420950299174,162.9478549368838,5.24570800946401,23.0,60.0,2000.0,5.0,15.0,10.0,25.0,3875.0,0.002446,250.0,364.802,4237.27,37000.0,0.023359,601
GaN,laser,130.0,295.0,5.6e-06,29.576050767509006,186.63108545121514,4.882961131095164,23.0,60.0,2000.0,5.0,15.0,10.0,25.0,3375.0,0.002131,125.0,395.0,4237.27,28750.0,0.01815,351
GaN,laser,130.0,295.0,5.6e-06,25.943865540710526,170.65938034636824,7.614518475389784,23.0,60.0,2000.0,5.0,15.0,10.0,35.0,7125.0,0.004498,125.0,317.832,4237.27,64625.0,0.040799,651
GaN,laser,130.0,295.0,5.6e-06,26.57100028257552,277.06587573599177,7.381908147128275,23.0,60.0,2000.0,5.0,15.0,10.0,35.0,7375.0,0.004656,125.0,304.864,4237.27,64500.0,0.04072,451
GaN,laser,130.0,295.0,5.6e-06,24.7573362243704,265.4783970843797,5.99733176157865,23.0,60.0,2000.0,5.0,15.0,10.0,25.0,4750.0,0.002999,250.0,395.0,4237.27,39875.0,0.025174,351
GaN,laser,130.0,295.0,5.6e-06,12.966427213159061,273.7535779235774,4.028703384530879,23.0,60.0,2000.0,5.0,15.0,10.0,25.0,3125.0,0.001973,125.0,211.451,4237.27,33750.0,0.021307,551
GaN,laser,130.0,295.0,5.6e-06,12.435334451385248,144.77386118237945,5.337695541918989,23.0,60.0,2000.0,5.0,15.0,10.0,35.0,8125.0,0.005129,250.0,162.187,4237.27,121125.0,0.076468,2751
GaN,laser,130.0,295.0,5.6e-06,15.333075231268385,166.54002738228417,5.532969211990618,23.0,60.0,2000.0,5.0,15.0,10.0,25.0,5875.0,0.003709,250.0,180.08,4237.27,67375.0,0.042535,1151
GaN,laser,130.0,295.0,5.6e-06,28.429505089419656,171.76169660959283,3.758201812058421,23.0,60.0,2000.0,5.0,15.0,10.0,15.0,2125.0,0.001342,250.0,395.0,4237.27,19250.0,0.012153,351
GaN,laser,130.0,295.0,5.6e-06,13.135075040508303,183.61086382583017,4.3964088564112105,23.0,60.0,2000.0,5.0,15.0,10.0,25.0,3125.0,0.001973,125.0,213.102,4237.27,35000.0,0.022096,751
GaN,laser,130.0,295.0,5.6e-06,15.134721363492192,295.034883999273,7.02311376008366,23.0,60.0,1971.04,5.0,20.0,15.0,35.0,15500.0,0.009785,875.0,144.596,4175.14,209375.0,0.132181,3351
GaN,laser,130.0,295.0,5.6e-06,14.191485890447787,87.56463683796703,7.0785563802430955,23.0,60.0,1895.15,0.0,20.0,20.0,35.0,13875.0,0.008759,0.0,133.563,4012.33,206875.0,0.130603,9000
GaN,laser,130.0,295.0,5.6e-06,8.092343333312998,134.6343421893864,4.250150772805172,23.0,60.0,1511.32,0.0,15.0,15.0,25.0,3500.0,0.00221,0.0,136.353,3188.84,93000.0,0.058712,7101
GaN,laser,130.0,295.0,5.6e-06,30.355791653092066,348.33872352645255,5.148136735923449,23.0,60.0,2000.0,5.0,15.0,10.0,25.0,6250.0,0.003946,500.0,382.087,4237.27,50625.0,0.03196,351
GaN,laser,130.0,295.0,5.6e-06,23.137473342386684,83.46780264322932,4.7057357489200315,23.0,60.0,2000.0,5.0,10.0,5.0,15.0,1875.0,0.001184,125.0,395.0,4237.27,20750.0,0.0131,601
GaN,laser,130.0,295.0,5.6e-06,16.035744004902426,302.1642969795332,3.7047950818185353,23.0,60.0,2000.0,5.0,15.0,10.0,25.0,2750.0,0.001736,250.0,337.716,4237.27,24375.0,0.015388,351
GaN,laser,130.0,295.0,5.6e-06,28.936888134443056,298.37493007867636,5.841640477691092,23.0,60.0,2000.0,5.0,15.0,10.0,25.0,5500.0,0.003472,250.0,395.0,4237.27,47625.0,0.030066,351
GaN,laser,130.0,295.0,5.6e-06,37.178898212240455,97.7551442105491,7.785844696919359,23.0,60.0,2000.0,5.0,15.0,10.0,25.0,4750.0,0.002999,125.0,395.0,4237.27,44875.0,0.02833,351
GaN,laser,130.0,295.0,5.6e-06,27.072337545047336,332.31856629837586,5.06622183528515,23.0,60.0,2000.0,5.0,15.0,10.0,25.0,5375.0,0.003393,250.0,382.964,4237.27,44375.0,0.028015,351
GaN,laser,130.0,295.0,5.6e-06,35.6534072437722,266.90703170749606,4.643615744634034,23.0,60.0,2000.0,5.0,15.0,10.0,25.0,5125.0,0.003235,375.0,395.0,4237.27,41750.0,0.026357,351
GaN,laser,130.0,295.0,5.6e-06,22.50531300894125,210.66579435204955,6.436464052269168,23.0,60.0,2000.0,5.0,15.0,10.0,25.0,5625.0,0.003551,125.0,310.937,4237.27,52125.0,0.032907,551
GaN,laser,130.0,295.0,5.6e-06,10.916669968775821,353.2935769638234,5.17703186762136,23.0,60.0,1778.17,0.0,15.0,15.0,30.0,7375.0,0.004656,0.0,149.202,3761.36,143750.0,0.090751,2801
GaN,laser,130.0,295.0,5.6e-06,33.19357690606992,356.0553874454363,7.199526333092413,23.0,60.0,2000.0,5.0,15.0,10.0,35.0,8875.0,0.005603,625.0,352.111,4237.27,68125.0,0.043008,351
GaN,laser,130.0,295.0,5.6e-06,18.30385222982771,205.88570141773454,6.707942838065053,23.0,60.0,2000.0,5.0,15.0,10.0,35.0,8125.0,0.005129,125.0,174.296,4237.27,82875.0,0.05232,951
GaN,laser,130.0,295.0,5.6e-06,21.13942916007899,397.9859727989847,3.481499468483948,23.0,60.0,2000.0,5.0,15.0,10.0,25.0,3250.0,0.002052,250.0,207.608,4237.27,33000.0,0.020833,351
GaN,laser,130.0,295.0,5.6e-06,29.836687686208688,142.03962160541755,6.239507177147321,23.0,60.0,2000.0,5.0,15.0,10.0,25.0,3500.0,0.00221,125.0,395.0,4237.27,31875.0,0.020123,351
GaN,laser,130.0,295.0,5.6e-06,22.275543609673313,382.8175115150581,6.095447467393993,23.0,60.0,2000.0,5.0,15.0,10.0,35.0,7125.0,0.004498,250.0,225.713,4237.27,57875.0,0.036537,401
GaN,laser,130.0,295.0,5.6e-06,19.014169482651564,177.96062585001044,4.094135869200204,23.0,60.0,2000.0,5.0,10.0,5.0,15.0,2000.0,0.001263,125.0,395.0,4237.27,19375.0,0.012232,401
GaN,laser,130.0,295.0,5.6e-06,20.12120134473969,365.0408416917509,4.999272302471754,23.0,60.0,2000.0,5.0,15.0,10.0,25.0,4500.0,0.002841,250.0,271.989,4237.27,39250.0,0.024779,351
GaN,laser,130.0,295.0,5.6e-06,32.08132330323961,221.0767415192182,4.76956504136683,23.0,60.0,2000.0,5.0,15.0,10.0,25.0,4125.0,0.002604,250.0,395.0,4237.27,35125.0,0.022175,351
GaN,laser,130.0,295.0,5.6e-06,25.155951897963583,111.95861438050706,6.296347290492347,23.0,60.0,2000.0,5.0,15.0,10.0,25.0,4125.0,0.002604,250.0,395.0,4237.27,40625.0,0.025647,651
GaN,laser,130.0,295.0,5.6e-06,31.120763438060617,229.75704279199994,5.770327262965164,23.0,60.0,2000.0,5.0,15.0,10.0,25.0,4875.0,0.003078,250.0,395.0,4237.27,41250.0,0.026042,351
GaN,laser,130.0,295.0,5.6e-06,25.01822473437919,288.363472719793,6.887692717950445,23.0,60.0,2000.0,5.0,15.0,10.0,35.0,7375.0,0.004656,125.0,292.097,4237.27,60625.0,0.038273,451
GaN,laser,130.0,295.0,5.6e-06,12.009364034777533,339.19667395964706,4.2043368804182375,23.0,60.0,2000.0,5.0,15.0,10.0,25.0,3875.0,0.002446,250.0,202.012,4237.27,50000.0,0.031566,651
GaN,laser,130.0,295.0,5.6e-06,25.483718275028032,386.0304580140025,4.2157616883022175,23.0,60.0,2000.0,5.0,15.0,10.0,25.0,5125.0,0.003235,250.0,256.697,4237.27,42875.0,0.027068,351
GaN,laser,130.0,295.0,5.6e-06,17.827369755678816,287.7565042682206,3.5417095675747543,23.0,60.0,2000.0,5.0,15.0,10.0,25.0,2625.0,0.001657,250.0,395.0,4237.27,24250.0,0.015309,351
GaN,blade,130.0,295.0,5.6e-06,21.03495287565231,64.62319680844419,5.0,20.067032933627768,71.13051631935133,235.5,0.0,0.0,0.0,0.0,0.0,0.0,0.0,8.339,451.61,183250.0,0.115688,7201
GaN,blade,130.0,295.0,5.6e-06,16.205989804603774,112.49427842011158,5.0,16.580521012689807,74.63055772571009,229.92,0.0,0.0,0.0,0.0,0.0,0.0,0.0,7.112,439.64,134500.0,0.084912,4801
GaN,blade,130.0,295.0,5.6e-06,34.24605601033939,95.74911072002357,5.0,15.101546433006249,59.66152573913281,530.52,0.0,35.0,35.0,15.0,4625.0,0.00292,0.0,18.207,1084.58,334625.0,0.211253,4951
GaN,blade,130.0,295.0,5.6e-06,14.710279063891303,62.64314706513148,5.0,21.120316447617896,72.57732919761558,172.19,0.0,0.0,0.0,0.0,0.0,0.0,0.0,5.832,315.79,95000.0,0.059975,7401
GaN,blade,130.0,295.0,5.6e-06,27.410660254537703,63.34703557968992,5.0,18.199172766465935,41.851790224027596,531.61,0.0,25.0,25.0,15.0,3000.0,0.001894,0.0,18.643,1086.9,258750.0,0.163352,7301
GaN,blade,130.0,295.0,5.6e-06,30.736786772228093,41.210702263605604,5.0,27.071765224937756,63.01465585068168,347.17,0.0,0.0,0.0,0.0,0.0,0.0,0.0,13.324,691.2,262000.0,0.165404,9000
GaN,blade,130.0,295.0,5.6e-06,47.55221421637101,65.61470730002804,5.0,27.34300998077026,49.829468244532535,679.07,0.0,55.0,55.0,40.0,44875.0,0.02833,0.0,26.21,1403.27,434625.0,0.274384,7101
GaN,blade,130.0,295.0,5.6e-06,45.78617957595591,94.95192394971752,5.0,22.864317634691474,66.37746312950857,528.04,0.0,45.0,45.0,25.0,4250.0,0.002683,0.0,19.361,1079.25,470500.0,0.297033,5651
GaN,blade,130.0,295.0,5.6e-06,25.564598646082928,102.99786411732975,5.0,20.203528438865266,83.39427490494367,263.37,0.0,0.0,0.0,0.0,0.0,0.0,0.0,9.619,511.4,250875.0,0.158381,5251
GaN,blade,130.0,295.0,5.6e-06,23.53572284718185,40.19564685018702,5.0,21.857339999218013,55.4873612300799,285.61,0.0,0.0,0.0,0.0,0.0,0.0,0.0,11.053,559.13,189375.0,0.119555,9000
GaN,blade,130.0,295.0,5.6e-06,38.25211815703848,61.98579331119146,5.0,29.456271213307033,84.8983393545513,369.09,0.0,0.0,0.0,0.0,0.0,0.0,0.0,14.191,738.22,368250.0,0.232481,7501
GaN,blade,130.0,295.0,5.6e-06,27.94184749025429,88.53185063992714,5.0,15.957637613765451,60.37733867276941,411.44,0.0,0.0,0.0,0.0,0.0,0.0,0.0,13.844,829.1,273875.0,0.172901,5351
GaN,blade,130.0,295.0,5.6e-06,38.9986839067985,114.03200888066118,5.0,18.584740456502324,68.49786020048585,548.05,0.0,45.0,45.0,25.0,11125.0,0.007023,0.0,18.212,1122.17,408500.0,0.257891,4751
GaN,blade,130.0,295.0,5.6e-06,40.50952127077202,108.71757398421722,5.0,24.043611768254483,43.95724515860835,645.36,0.0,50.0,50.0,35.0,33250.0,0.020991,0.0,24.508,1330.95,400750.0,0.252999,4951
GaN,blade,130.0,295.0,5.6e-06,23.776871149737957,46.19287189413173,5.0,24.202081111281238,83.82322300464921,232.39,0.0,0.0,0.0,0.0,0.0,0.0,0.0,8.592,444.94,191875.0,0.121133,9000
GaN,blade,130.0,295.0,5.6e-06,24.24580242877959,69.8689895771951,5.0,16.761118871473307,88.31190121110792,277.21,0.0,0.0,0.0,0.0,0.0,0.0,0.0,9.659,541.1,209375.0,0.132181,6701
GaN,blade,130.0,295.0,5.6e-06,43.586531196145195,118.94599400554499,5.0,26.484198948055585,71.82006420049683,488.43,0.0,0.0,0.0,0.0,0.0,0.0,0.0,17.583,994.27,467125.0,0.294902,5101
GaN,blade,130.0,295.0,5.6e-06,32.74638632600662,85.30861406063562,5.0,15.763784868216145,53.75245214994161,543.65,0.0,35.0,35.0,25.0,6750.0,0.004261,0.0,18.792,1112.74,318125.0,0.200836,5551
GaN,blade,130.0,295.0,5.6e-06,37.30173380110439,117.48640260418648,5.0,17.660523386174784,48.695071044809026,680.43,0.0,50.0,50.0,30.0,28875.0,0.018229,0.0,23.38,1406.19,377625.0,0.2384,4601
GaN,blade,130.0,295.0,5.6e-06,31.712873550878342,53.53233144156347,5.0,24.458639873907316,54.96947356606712,431.41,0.0,0.0,0.0,0.0,0.0,0.0,0.0,16.17,871.94,311125.0,0.196417,8601
GaN,blade,130.0,295.0,5.6e-06,13.227436725012751,63.2822667400342,5.0,24.306582886705996,40.84336737578507,221.25,0.0,0.0,0.0,0.0,0.0,0.0,0.0,7.937,421.05,99500.0,0.062816,7351
GaN,blade,130.0,295.0,5.6e-06,12.96767525964038,90.83001211314553,5.0,17.103651848204684,84.26247345121294,172.09,0.0,0.0,0.0,0.0,0.0,0.0,0.0,5.205,315.57,73625.0,0.04648,5901
GaN,blade,130.0,295.0,5.6e-06,35.00217947776322,96.63319079913029,5.0,21.59301002425221,46.774547571016996,522.96,0.0,30.0,30.0,25.0,2875.0,0.001815,0.0,19.474,1068.36,362250.0,0.228693,5551
GaN,blade,130.0,295.0,5.6e-06,26.70718959139577,51.2583624237315,5.0,28.958512025384856,56.98109162934655,345.08,0.0,0.0,0.0,0.0,0.0,0.0,0.0,12.673,686.72,259250.0,0.163668,8951
GaN,blade,130.0,295.0,5.6e-06,36.095523723995186,87.0107861461743,5.0,18.022782668436484,69.67699076331313,510.36,0.0,25.0,25.0,15.0,2250.0,0.00142,0.0,16.882,1041.31,380875.0,0.240451,6151
GaN,blade,130.0,295.0,5.6e-06,18.002803750995554,59.18218255599726,5.0,29.886534817290723,77.85168590710136,195.67,0.0,0.0,0.0,0.0,0.0,0.0,0.0,6.815,366.16,139000.0,0.087753,7851
GaN,blade,130.0,295.0,5.6e-06,39.149243045264676,47.18864691221932,5.0,23.563862536397025,66.73787181036161,431.19,0.0,0.0,0.0,0.0,0.0,0.0,0.0,16.054,871.46,366125.0,0.23114,9000
GaN,blade,130.0,295.0,5.6e-06,44.61702608039961,89.64261333985667,5.0,16.33197751965999,54.238982511899266,755.38,0.0,60.0,60.0,35.0,44375.0,0.028015,0.0,25.813,1566.99,443000.0,0.279672,5951
GaN,blade,130.0,295.0,5.6e-06,48.95313140965414,54.93735806952925,5.0,20.92377192299589,50.52393583830284,652.42,0.0,60.0,60.0,35.0,41125.0,0.025963,0.0,24.963,1346.11,449250.0,0.283617,8401
GaN,blade,130.0,295.0,5.6e-06,15.586663452247791,44.73121696995727,5.0,21.6830246263349,48.2885283520274,228.45,0.0,0.0,0.0,0.0,0.0,0.0,0.0,8.453,436.5,114375.0,0.072206,8851
GaN,blade,130.0,295.0,5.6e-06,34.376788872452906,77.94480620421086,5.0,20.406777130291456,48.83718043050995,497.5,0.0,0.0,0.0,0.0,0.0,0.0,0.0,18.932,1013.74,333375.0,0.210464,6051
GaN,blade,130.0,295.0,5.6e-06,11.975154725194166,58.381510322039354,5.0,27.760118935906394,40.41144589393657,202.63,0.0,0.0,0.0,0.0,0.0,0.0,0.0,7.185,381.11,87250.0,0.055082,7901
GaN,blade,130.0,295.0,5.6e-06,29.515776471581344,94.05106011489602,5.0,26.936417802559802,83.26788504749736,300.48,0.0,0.0,0.0,0.0,0.0,0.0,0.0,11.123,591.03,297000.0,0.1875,5701
GaN,blade,130.0,295.0,5.6e-06,21.58899890447742,112.89031979656163,5.0,23.7072003438531,66.07188157666027,261.75,0.0,0.0,0.0,0.0,0.0,0.0,0.0,9.109,507.94,212375.0,0.134075,4801
GaN,blade,130.0,295.0,5.6e-06,19.309116986586666,100.53852609691313,5.0,25.649637585868362,47.76153634343808,299.6,0.0,0.0,0.0,0.0,0.0,0.0,0.0,10.738,589.13,189500.0,0.119634,5351
GaN,blade,130.0,295.0,5.6e-06,17.398032325928767,76.88623237871707,5.0,23.03266023374944,78.94996843178495,196.29,0.0,0.0,0.0,0.0,0.0,0.0,0.0,6.674,367.49,141125.0,0.089094,6901
GaN,blade,130.0,295.0,5.6e-06,48.64057955399991,118.19837991079625,5.0,27.940403428132548,65.10868339039449,572.58,0.0,60.0,60.0,35.0,22125.0,0.013968,0.0,20.719,1174.8,511625.0,0.322996,5101
GaN,blade,130.0,295.0,5.6e-06,41.213478937861886,101.051386766761,5.0,25.22312679034811,76.15390175556792,429.88,0.0,0.0,0.0,0.0,0.0,0.0,0.0,15.762,868.66,426125.0,0.269018,5351
GaN,blade,130.0,295.0,5.6e-06,29.102132702532362,42.56341195546336,5.0,18.35605318810531,51.830747983568635,462.29,0.0,0.0,0.0,0.0,0.0,0.0,0.0,17.666,938.2,246625.0,0.155698,9000
GaN,blade,130.0,295.0,5.6e-06,35.91138997842495,50.158780279769346,5.0,17.57301169042292,81.45319660413526,417.66,0.0,0.0,0.0,0.0,0.0,0.0,0.0,14.168,842.44,342500.0,0.216225,9000
GaN,blade,130.0,295.0,5.6e-06,30.3093787751202,92.9963100764795,5.0,21.396093848326323,70.16431571668139,339.67,0.0,0.0,0.0,0.0,0.0,0.0,0.0,12.157,675.11,318875.0,0.20131,5751
GaN,blade,130.0,295.0,5.6e-06,28.729151865850746,84.48952942255497,5.0,19.345765125629224,42.82106342019595,555.33,0.0,30.0,30.0,25.0,7250.0,0.004577,0.0,19.548,1137.8,274625.0,0.173374,5601
GaN,blade,130.0,295.0,5.6e-06,10.229364390418946,119.9177925258966,5.0,28.53483620252288,46.19420816658604,170.24,0.0,0.0,0.0,0.0,0.0,0.0,0.0,5.682,311.6,64375.0,0.040641,4501
GaN,blade,130.0,295.0,5.6e-06,38.63071283177188,104.00458472782047,5.0,16.936627109766164,86.22169119969323,440.44,0.0,0.0,0.0,0.0,0.0,0.0,0.0,15.617,891.3,389625.0,0.245975,5201
GaN,blade,130.0,295.0,5.6e-06,11.381452884332203,42.699749198693645,5.0,28.213211104237935,77.1537053464015,126.36,0.0,0.0,0.0,0.0,0.0,0.0,0.0,4.205,217.47,9250.0,0.00584,9000
GaN,blade,130.0,295.0,5.6e-06,25.704894320904742,74.3889917996869,5.0,17.863145764611076,53.30545047088296,432.49,0.0,0.0,0.0,0.0,0.0,0.0,0.0,14.752,874.25,249000.0,0.157197,6301
GaN,blade,130.0,295.0,5.6e-06,15.908802528054611,87.36360958913943,5.0,28.073828022379228,43.50030426456575,260.63,0.0,0.0,0.0,0.0,0.0,0.0,0.0,9.533,505.52,136250.0,0.086016,5401
GaN,blade,130.0,295.0,5.6e-06,11.156826857941546,48.30881488735497,5.0,26.183992681675573,59.0740057160521,157.1,0.0,0.0,0.0,0.0,0.0,0.0,0.0,5.235,283.41,56875.0,0.035906,9000
GaN,blade,130.0,295.0,5.6e-06,39.45679586384283,66.23951126387522,5.0,22.314216796545125,86.32021541952034,362.52,0.0,0.0,0.0,0.0,0.0,0.0,0.0,15.236,724.12,370875.0,0.234138,7051
GaN,blade,130.0,295.0,5.6e-06,17.77074932421911,78.37433682872312,5.0,24.51407746934255,76.88366967537445,193.26,0.0,0.0,0.0,0.0,0.0,0.0,0.0,6.719,360.99,136500.0,0.086174,6001
GaN,blade,130.0,295.0,5.6e-06,14.281170448763291,82.81290015188758,5.0,20.646632752936185,89.06648023454375,151.88,0.0,0.0,0.0,0.0,0.0,0.0,0.0,5.612,272.21,70250.0,0.04435,6401
GaN,blade,130.0,295.0,5.6e-06,40.69723514852928,55.38679504325754,5.0,23.16830659834295,80.70153664028891,391.17,0.0,0.0,0.0,0.0,0.0,0.0,0.0,15.102,785.6,390500.0,0.246528,8351
GaN,blade,130.0,295.0,5.6e-06,47.99331132114672,99.57410901610058,5.0,25.260675635425287,45.21906808092224,707.57,0.0,55.0,55.0,45.0,52625.0,0.033223,0.0,26.691,1464.43,465500.0,0.293876,5401
GaN,blade,130.0,295.0,5.6e-06,46.774220619005725,69.12804021617457,5.0,25.10321742556888,45.43376020201481,668.2,0.0,55.0,55.0,35.0,40750.0,0.025726,0.0,25.778,1379.97,427750.0,0.270044,6751
GaN,blade,130.0,295.0,5.6e-06,16.34113635674896,108.48720851351138,5.0,22.039845704142834,59.44336521485394,227.6,0.0,0.0,0.0,0.0,0.0,0.0,0.0,7.815,434.66,147250.0,0.092961,5001
GaN,blade,130.0,295.0,5.6e-06,42.297587139447025,105.71864688908528,5.0,26.72496613948952,56.183646426327535,549.61,0.0,50.0,50.0,35.0,11750.0,0.007418,0.0,20.251,1125.54,435250.0,0.274779,5101
GaN,blade,130.0,295.0,5.6e-06,48.20439239788493,92.59980293568951,5.0,18.41052809944766,85.39315132555697,544.02,0.0,60.0,60.0,25.0,11875.0,0.007497,0.0,19.518,1113.54,476250.0,0.300663,5801
GaN,blade,130.0,295.0,5.6e-06,29.672339553941363,114.70261677341888,5.0,25.769959327813268,62.46197083249244,379.53,0.0,0.0,0.0,0.0,0.0,0.0,0.0,13.416,760.64,330875.0,0.208886,5251
GaN,blade,130.0,295.0,5.6e-06,20.191745824216873,97.53828247147247,5.0,25.430603124315972,64.01298426795515,260.41,0.0,0.0,0.0,0.0,0.0,0.0,0.0,9.062,505.06,196375.0,0.123974,5501
GaN,blade,130.0,295.0,5.6e-06,15.271527286000552,60.01367489693391,5.0,17.8868736842288,61.93724280898999,236.4,0.0,0.0,0.0,0.0,0.0,0.0,0.0,7.562,453.56,118375.0,0.074732,7701
GaN,blade,130.0,295.0,5.6e-06,26.583330167136165,98.21448950498763,5.0,19.004959008792202,78.30832836636763,343.11,0.0,0.0,0.0,0.0,0.0,0.0,0.0,11.01,682.48,269500.0,0.170139,5451
GaN,blade,130.0,295.0,5.6e-06,25.03811690112194,110.19672729886751,5.0,25.91400649558542,42.35077645137627,408.32,0.0,0.0,0.0,0.0,0.0,0.0,0.0,15.139,822.4,255625.0,0.161379,4901
GaN,blade,130.0,295.0,5.6e-06,47.3157326128935,113.4460180113504,5.0,22.933128704425425,82.56802139075019,477.95,0.0,0.0,0.0,0.0,0.0,0.0,0.0,18.028,971.78,490625.0,0.309738,5301
GaN,blade,130.0,295.0,5.6e-06,22.56463672070345,116.38669380434212,5.0,26.29680033160119,65.4183387479896,272.39,0.0,0.0,0.0,0.0,0.0,0.0,0.0,9.522,530.77,224000.0,0.141414,4651
GaN,blade,130.0,295.0,5.6e-06,24.74006882953735,45.95580258981344,5.0,26.57433510084758,73.18380893736327,264.56,0.0,0.0,0.0,0.0,0.0,0.0,0.0,9.626,513.96,213375.0,0.134706,9000
GaN,blade,130.0,295.0,5.6e-06,32.6233734993976,90.65262693383569,5.0,29.296691300550172,44.30522229447719,525.35,0.0,30.0,30.0,25.0,2750.0,0.001736,0.0,19.763,1073.48,336625.0,0.212516,5901
GaN,blade,130.0,295.0,5.6e-06,24.503064460518015,78.88756665513506,5.0,29.180097780643482,73.42962055821278,279.68,0.0,0.0,0.0,0.0,0.0,0.0,0.0,9.836,546.41,245625.0,0.155066,6751
GaN,blade,130.0,295.0,5.6e-06,43.2846816937794,56.1235353642664,5.0,16.166016851331896,76.27329960340025,526.15,0.0,45.0,45.0,15.0,5375.0,0.003393,0.0,17.765,1075.19,414875.0,0.261916,8251
GaN,blade,130.0,295.0,5.6e-06,46.1527434831616,117.29308741197772,5.0,18.978833867570966,79.70206668126622,589.99,0.0,65.0,65.0,25.0,24625.0,0.015546,0.0,19.255,1212.15,488625.0,0.308475,5151
GaN,blade,130.0,295.0,5.6e-06,22.93207214605207,57.10492571426896,5.0,16.484346108763283,86.69130772109929,263.66,0.0,0.0,0.0,0.0,0.0,0.0,0.0,9.144,512.03,192000.0,0.121212,8101
GaN,blade,130.0,295.0,5.6e-06,42.932021199754736,59.43622291166264,5.0,27.405685818071667,42.973357004573295,662.06,0.0,50.0,50.0,35.0,34875.0,0.022017,0.0,25.765,1366.78,393750.0,0.24858,7801
GaN,blade,130.0,295.0,5.6e-06,44.050434808720766,106.43404009893958,5.0,27.14597798166803,47.31728416400622,651.18,0.0,55.0,55.0,35.0,38000.0,0.02399,0.0,24.494,1343.44,435375.0,0.274858,5051
GaN,blade,130.0,295.0,5.6e-06,10.906692097180652,41.50430242440134,5.0,20.818853026634375,71.37298790457821,126.8,0.0,0.0,0.0,0.0,0.0,0.0,0.0,4.194,218.41,9500.0,0.005997,9000
GaN,blade,130.0,295.0,5.6e-06,19.50693509811107,103.3948541917581,5.0,22.65120023305691,82.46212430690169,206.91,0.0,0.0,0.0,0.0,0.0,0.0,0.0,7.346,390.28,162500.0,0.102588,5201
GaN,blade,130.0,295.0,5.6e-06,42.522214785247165,96.81672269584021,5.0,23.35814579682882,50.98580806538217,588.94,0.0,55.0,55.0,35.0,24750.0,0.015625,0.0,21.884,1209.92,432250.0,0.272885,5551
GaN,blade,130.0,295.0,5.6e-06,16.835291275993466,75.7643963232645,5.0,22.466307857891856,60.58815357284972,214.3,0.0,0.0,0.0,0.0,0.0,0.0,0.0,7.474,406.13,136625.0,0.086253,6201
GaN,blade,130.0,295.0,5.6e-06,28.307983267354324,43.480350940361575,5.0,18.71944912727804,41.330142912199356,524.15,0.0,25.0,25.0,15.0,2500.0,0.001578,0.0,19.735,1070.9,239500.0,0.151199,9000
GaN,blade,130.0,295.0,5.6e-06,37.73490745628345,106.88605311619854,5.0,17.33041984677033,57.540083168672666,600.47,0.0,50.0,50.0,25.0,19625.0,0.01239,0.0,20.219,1234.64,392625.0,0.247869,5051
GaN,blade,130.0,295.0,5.6e-06,20.604589600250915,66.79711663731624,5.0,25.5421552542254,72.40204139043456,231.22,0.0,0.0,0.0,0.0,0.0,0.0,0.0,8.167,442.43,176875.0,0.111664,7001
GaN,blade,130.0,295.0,5.6e-06,20.86467339397592,54.40576096732303,5.0,22.609333739293895,79.25126321216868,222.82,0.0,0.0,0.0,0.0,0.0,0.0,0.0,7.899,424.41,172625.0,0.10898,8501
GaN,blade,130.0,295.0,5.6e-06,13.684738631835344,52.070324343759225,5.0,29.506990724148295,46.34789063075064,213.19,0.0,0.0,0.0,0.0,0.0,0.0,0.0,7.541,403.75,104125.0,0.065735,8801
GaN,blade,130.0,295.0,5.6e-06,49.023096779769446,53.19602430482057,5.0,28.26842767057196,75.08928472082216,489.89,0.0,0.0,0.0,0.0,0.0,0.0,0.0,18.561,997.4,461000.0,0.291035,8701
GaN,blade,130.0,295.0,5.6e-06,12.414476177897452,49.74927452127993,5.0,21.927508107986853,80.88529928716731,136.16,0.0,0.0,0.0,0.0,0.0,0.0,0.0,4.592,238.49,32625.0,0.020597,9000
GaN,blade,130.0,295.0,5.6e-06,13.429258718770422,73.18987687092688,5.0,29.72482486202273,67.70497833169807,167.22,0.0,0.0,0.0,0.0,0.0,0.0,0.0,5.615,305.13,85125.0,0.053741,6401
GaN,blade,130.0,295.0,5.6e-06,27.079674462472916,48.761863537266244,5.0,24.801234998204876,61.12722028174361,326.82,0.0,0.0,0.0,0.0,0.0,0.0,0.0,11.931,647.54,253625.0,0.160117,9000
GaN,blade,130.0,295.0,5.6e-06,36.377070237139364,85.52469633766489,5.0,19.75238283379359,64.49987665382253,545.6,0.0,45.0,45.0,25.0,8250.0,0.005208,0.0,18.182,1116.92,382000.0,0.241162,6251
GaN,blade,130.0,295.0,5.6e-06,19.942262458420082,74.98767647174765,5.0,28.47607075536785,55.14408943196524,263.86,0.0,0.0,0.0,0.0,0.0,0.0,0.0,9.458,512.46,182125.0,0.114978,6251
GaN,blade,130.0,295.0,5.6e-06,41.43523201515056,86.15623614282927,5.0,21.174022432999557,63.56041082390753,508.55,0.0,25.0,25.0,25.0,1875.0,0.001184,0.0,18.612,1037.43,432375.0,0.272964,6201
GaN,blade,130.0,295.0,5.6e-06,28.599605660743773,82.06786353729952,5.0,19.543436927654483,87.76451740851124,322.24,0.0,0.0,0.0,0.0,0.0,0.0,0.0,11.381,637.71,259000.0,0.16351,5751
GaN,blade,130.0,295.0,5.6e-06,39.99466206887471,70.50019126593291,5.0,23.994875495523214,68.9739155920401,448.71,0.0,0.0,0.0,0.0,0.0,0.0,0.0,16.725,909.05,394875.0,0.24929,6651
GaN,blade,130.0,295.0,5.6e-06,22.324931221991875,83.55628793266312,5.0,24.629051746801238,85.42487559654178,223.38,0.0,0.0,0.0,0.0,0.0,0.0,0.0,8.765,425.61,196625.0,0.124132,6401
GaN,blade,130.0,295.0,5.6e-06,36.853194389772156,80.90992071055567,5.0,22.135756261823165,52.57248319901059,514.36,0.0,25.0,25.0,25.0,2125.0,0.001342,0.0,18.998,1049.9,382875.0,0.241714,6551
GaN,blade,130.0,295.0,5.6e-06,35.398233643114274,60.847437672374284,5.0,23.444553487019114,74.03135321877832,379.39,0.0,0.0,0.0,0.0,0.0,0.0,0.0,14.035,760.33,349875.0,0.220881,7651
GaN,blade,130.0,295.0,5.6e-06,10.408018728872195,102.51338637993005,5.0,16.097861230131848,50.35977624550867,195.17,0.0,0.0,0.0,0.0,0.0,0.0,0.0,6.018,365.1,67625.0,0.042693,5251
GaN,blade,130.0,295.0,5.6e-06,18.547508306329945,81.4866462675279,5.0,15.382691341116818,62.866397196263534,281.49,0.0,0.0,0.0,0.0,0.0,0.0,0.0,9.192,550.3,161875.0,0.102194,5801
GaN,blade,130.0,295.0,5.6e-06,30.594943929722348,107.85104004844459,5.0,23.835393135798142,58.70448833000803,404.4,0.0,0.0,0.0,0.0,0.0,0.0,0.0,14.646,813.98,320875.0,0.202573,5001
GaN,blade,130.0,295.0,5.6e-06,17.01056791217601,110.8926291618843,5.0,15.130106074425932,89.29780929459314,207.91,0.0,0.0,0.0,0.0,0.0,0.0,0.0,6.868,392.43,126125.0,0.079624,4901
GaN,blade,130.0,295.0,5.6e-06,43.832697848782026,104.90050525478144,5.0,19.734985345954932,89.80083843297413,496.38,0.0,0.0,0.0,0.0,0.0,0.0,0.0,17.723,1011.32,438625.0,0.27691,5151
GaN,blade,130.0,295.0,5.6e-06,49.543209357125214,101.93950492570272,5.0,28.77506084844301,88.52022306934401,464.45,0.0,0.0,0.0,0.0,0.0,0.0,0.0,19.411,942.81,484250.0,0.305713,5301
GaN,blade,130.0,295.0,5.6e-06,34.84766067716926,71.31547334799497,5.0,28.64067933050834,44.97289198635863,541.76,0.0,35.0,35.0,35.0,5375.0,0.003393,0.0,20.904,1108.68,331875.0,0.209517,6551
GaN,blade,130.0,295.0,5.6e-06,12.292527578063059,115.81917217676747,5.0,15.725224535727273,87.10062939892191,157.23,0.0,0.0,0.0,0.0,0.0,0.0,0.0,4.96,283.69,56750.0,0.035827,4701
GaN,blade,130.0,295.0,5.6e-06,23.01101726054394,51.989777485786355,5.0,27.5165203989934,70.42169676289534,255.33,0.0,0.0,0.0,0.0,0.0,0.0,0.0,9.124,494.16,210500.0,0.132891,8851
GaN,blade,130.0,295.0,5.6e-06,46.52122982789331,89.06894604513005,5.0,27.650307062776093,51.52166877354306,642.41,0.0,60.0,60.0,35.0,39375.0,0.024858,0.0,23.963,1324.63,461375.0,0.291272,6001
GaN,blade,130.0,295.0,5.6e-06,21.917354642084625,93.90893570305668,5.0,19.487651210299045,82.04562338057808,273.55,0.0,0.0,0.0,0.0,0.0,0.0,0.0,8.796,533.24,201750.0,0.127367,5701
GaN,blade,130.0,295.0,5.6e-06,45.48593767356395,80.20800087347428,5.0,26.027684061188033,64.61082073465967,556.08,0.0,55.0,55.0,35.0,14250.0,0.008996,0.0,20.439,1139.4,463500.0,0.292614,6651
GaN,blade,130.0,295.0,5.6e-06,40.07564086352784,47.80742315332165,5.0,29.11130594916521,61.498845063797546,468.78,0.0,0.0,0.0,0.0,0.0,0.0,0.0,17.54,952.11,374000.0,0.236111,9000
GaN,blade,130.0,295.0,5.6e-06,41.82738505974948,57.51767396436441,5.0,18.865519123234424,40.48813960570114,763.83,0.0,50.0,50.0,35.0,35625.0,0.022491,0.0,28.629,1585.12,355250.0,0.224274,7001
GaN,blade,130.0,295.0,5.6e-06,26.18850644026441,111.38196636977722,5.0,17.190859015000505,53.71823564436688,452.83,0.0,0.0,0.0,0.0,0.0,0.0,0.0,15.133,917.89,272000.0,0.171717,4851
GaN,blade,130.0,295.0,5.6e-06,45.0637235795289,109.88538404303061,5.0,17.484214181113796,58.092572218865925,712.19,0.0,60.0,60.0,35.0,40625.0,0.025647,0.0,24.146,1474.34,451500.0,0.285038,4901
GaN,blade,130.0,295.0,5.6e-06,49.90936535151821,98.80456265103034,5.0,29.86077008795462,49.57785936077618,734.82,0.0,55.0,55.0,45.0,58750.0,0.03709,0.0,27.752,1522.89,479500.0,0.302715,5451
GaN,blade,130.0,295.0,5.6e-06,14.499176060509264,44.127774033183684,5.0,26.853198328975466,80.36070574449316,148.21,0.0,0.0,0.0,0.0,0.0,0.0,0.0,5.24,264.34,59125.0,0.037326,8951
GaN,blade,130.0,295.0,5.6e-06,37.342261087785005,71.626288750908,5.0,19.91652274465288,52.284573284288896,617.13,0.0,50.0,50.0,25.0,20000.0,0.012626,0.0,21.435,1270.39,357875.0,0.225931,6551
GaN,blade,130.0,295.0,5.6e-06,32.25209262509519,76.36117449210286,5.0,20.31936269821111,57.1204556222052,411.28,0.0,0.0,0.0,0.0,0.0,0.0,0.0,15.295,828.75,318125.0,0.200836,6151
GaN,blade,130.0,295.0,5.6e-06,33.055004299337526,65.15082417322365,5.0,15.502086821009925,68.10303907170687,454.8,0.0,0.0,0.0,0.0,0.0,0.0,0.0,15.326,922.12,324875.0,0.205098,7151
GaN,blade,130.0,295.0,5.6e-06,33.83126540985905,67.54934142644204,5.0,24.89463962846009,75.75049297787331,345.66,0.0,0.0,0.0,0.0,0.0,0.0,0.0,12.799,687.96,327500.0,0.206755,6951
GaN,blade,130.0,295.0,5.6e-06,31.231167514417415,73.55967985612834,5.0,15.310844285971836,56.33518481899295,486.64,0.0,0.0,0.0,0.0,0.0,0.0,0.0,16.609,990.42,304625.0,0.192314,6351
GaN,blade,130.0,295.0,5.6e-06,18.91917197663313,91.4365960762525,5.0,20.59743155126492,74.21415510525921,221.44,0.0,0.0,0.0,0.0,0.0,0.0,0.0,7.588,421.46,169625.0,0.107086,5851
GaN,blade,130.0,295.0,5.6e-06,33.524508838746456,79.51479707914118,5.0,21.274819526918392,78.71866126127821,355.02,0.0,0.0,0.0,0.0,0.0,0.0,0.0,12.856,708.04,347750.0,0.219539,6701
GaN,blade,130.0,295.0,5.6e-06,44.678574705082646,68.163918458684,5.0,16.640034612164378,67.26693172529508,605.85,0.0,60.0,60.0,25.0,24250.0,0.015309,0.0,20.716,1246.18,425250.0,0.268466,6851
GaN,blade,130.0,295.0,5.6e-06,31.492564401573624,72.59254992172112,5.0,19.136246734209813,69.51219487519234,434.3,0.0,0.0,0.0,0.0,0.0,0.0,0.0,14.603,878.13,311375.0,0.196575,6451
