cut_depth_um,feed_mm_s,chipping_um,chip_std_um,mrr
60.0,0.3,1.0749361757169655,2.0307707554608068,414.0
63.63636363636363,0.3,1.0969142413974655,2.0146337324453594,439.09090909090907
67.27272727272727,0.3,1.1199841855839416,1.9989518993191042,464.18181818181813
70.9090909090909,0.3,1.1441477797138297,1.983717314696576,489.2727272727272
74.54545454545455,0.3,1.169406570063833,1.968921619595503,514.3636363636364
78.18181818181819,0.3,1.1957618763589917,1.9545560528583374,539.4545454545455
81.81818181818181,0.3,1.2232147904454678,1.9406114681757836,564.5454545454545
85.45454545454545,0.3,1.2517661750292994,1.927078352647861,589.6363636363636
89.0909090909091,0.3,1.2814166624807939,1.9139468468066876,614.7272727272727
92.72727272727272,0.3,1.3121666537056154,1.9012067660142313,639.8181818181818
96.36363636363636,0.3,1.344016317082815,1.8888476231387876,664.9090909090909
100.0,0.3,1.3769655874712203,1.8768586524054347,690.0
103.63636363636363,0.3,1.4110141652841364,1.8652288343087788,715.090909090909
107.27272727272728,0.3,1.446161515633099,1.8539469214699495,740.1818181818181
110.9090909090909,0.3,1.482406867541334,1.8430014653164593,765.2727272727273
114.54545454545455,0.3,1.5197492132274242,1.83238084345988,790.3636363636363
118.18181818181819,0.3,1.5581873074594288,1.8220732876456367,815.4545454545454
121.81818181818181,0.3,1.5977196669807912,1.812066912148803,840.5454545454544
125.45454545454545,0.3,1.6383445700069448,1.8023497424922637,865.6363636363635
129.0909090909091,0.3,1.6800600557948906,1.7929097443654438,890.7272727272727
132.72727272727272,0.3,1.7228639242845025,1.783734852627278,915.8181818181818
136.36363636363637,0.3,1.7667537358129115,1.774813000281529,940.909090909091
140.0,0.3,1.8117268109021216,1.7661321473193834,966.0
143.63636363636363,0.3,1.8577802301199338,1.75768030933166,991.090909090909
147.27272727272725,0.3,1.9049108340145082,1.7494455858008873,1016.181818181818
150.9090909090909,0.3,1.9531152231231141,1.7414161879917422,1041.2727272727273
154.54545454545456,0.3,2.0023897580551733,1.733580466368471,1066.3636363636365
158.1818181818182,0.3,2.052730559649099,1.7259269374759991,1091.4545454545455
161.8181818181818,0.3,2.1041335092045204,1.7184443102319658,1116.5454545454545
165.45454545454544,0.3,2.156594248788463,1.7111215115856298,1141.6363636363635
169.0909090909091,0.3,2.2101081816169987,1.7039477115097874,1166.7272727272727
172.72727272727272,0.3,2.2646704725110887,1.6969123473003245,1191.8181818181818
176.36363636363637,0.3,2.32027604842804,1.6900051471671356,1216.909090909091
180.0,0.3,2.3769195990671044,1.6832161531084988,1242.0
183.63636363636363,0.3,2.434595577550927,1.676535743068778,1267.090909090909
187.27272727272725,0.3,2.493298201180819,1.6699546523867677,1292.181818181818
190.9090909090909,0.3,2.5530214522679158,1.6634639945482075,1317.2727272727273
194.54545454545453,0.3,2.613759079038047,1.657055281262456,1342.3636363636363
198.1818181818182,0.3,2.6755045966118676,1.6507204418880863,1367.4545454545455
201.8181818181818,0.3,2.738251288058798,1.6444518422367538,1392.5454545454545
205.45454545454544,0.3,2.8019922055256634,1.6382423027884472,1417.6363636363635
209.0909090909091,0.3,2.866720171439037,1.6320851163537566,1442.7272727272727
212.72727272727272,0.3,2.9324277797811975,1.6259740652212908,1467.8181818181818
216.36363636363635,0.3,2.9991073974396274,1.6199034378294093,1492.9090909090908
220.0,0.3,3.066751165629479,1.6138680450015481,1518.0
223.63636363636363,0.3,3.1353510013889068,1.6078632357846065,1543.0909090909088
227.27272727272728,0.3,3.204898599146932,1.6018849129282549,1568.1818181818182
230.9090909090909,0.3,3.275385432362639,1.595929548040878,1593.272727272727
234.54545454545453,0.3,3.3468027552362845,1.5899941964552016,1618.3636363636363
238.1818181818182,0.3,3.4191416044917577,1.5840765118327782,1643.4545454545455
241.8181818181818,0.3,3.4923928012290553,1.578174760531534,1668.5454545454545
245.45454545454544,0.3,3.5665469528466867,1.5722878357557553,1693.6363636363635
249.0909090909091,0.3,3.6415944550342854,1.5664152715003563,1718.7272727272725
252.72727272727272,0.3,3.717525493833162,1.5605572562948793,1743.8181818181818
256.3636363636364,0.3,3.7943300477658175,1.5547146467434014,1768.9090909090908
260.0,0.3,3.871997890032633,1.5488889808477446,1794.0
263.6363636363636,0.3,3.9505185907756175,1.5430824910903687,1819.0909090909088
267.27272727272725,0.3,4.029881519408591,1.5372981172420694,1844.181818181818
270.9090909090909,0.3,4.110075847012741,1.5315395188470855,1869.272727272727
274.5454545454545,0.3,4.191090548796473,1.5258110873238027,1894.363636363636
278.1818181818182,0.3,4.272914406620393,1.5201179576054098,1919.4545454545455
281.8181818181818,0.3,4.355536011583904,1.5144660192276709,1944.5454545454545
285.45454545454544,0.3,4.438943766675495,1.5088619267548204,1969.6363636363635
289.0909090909091,0.3,4.523125889483921,1.503313109416313,1994.727272727273
292.72727272727275,0.3,4.608070414969881,1.49782777980759,2019.818181818182
296.3636363636364,0.3,4.693765198297227,1.4924149414893102,2044.9090909090908
300.0,0.3,4.780197917723825,1.4870843952979578,2070.0
303.6363636363636,0.3,4.867356077548842,1.4818467441608945,2095.090909090909
307.27272727272725,0.3,4.955227011117894,1.4767133961879038,2120.181818181818
310.9090909090909,0.3,5.043797883883603,1.4716965657903538,2145.272727272727
314.5454545454545,0.3,5.133055696520386,1.466809272560303,2170.363636363636
318.1818181818182,0.3,5.222987288094122,1.462065337622882,2195.4545454545455
321.8181818181818,0.3,5.313579339283135,1.457479377159322,2220.5454545454545
325.45454545454544,0.3,5.404818375651555,1.4530667927840513,2245.6363636363635
329.09090909090907,0.3,5.496690770972684,1.448843758449513,2270.7272727272725
332.7272727272727,0.3,5.589182750601783,1.4448272035466958,2295.8181818181815
336.3636363636364,0.3,5.682280394896751,1.4410347918685449,2320.909090909091
340.0,0.3,5.775969642685748,1.4374848961099511,2346.0
343.6363636363636,0.3,5.870236294780893,1.43419656759191,2371.090909090909
347.27272727272725,0.3,5.965066017535589,1.4311895009183224,2396.181818181818
350.9090909090909,0.3,6.060444346446184,1.428483993306232,2421.272727272727
354.54545454545456,0.3,6.156356689794604,1.4261008983718433,2446.3636363636365
358.1818181818182,0.3,6.252788332332294,1.424061574206278,2471.4545454545455
361.8181818181818,0.3,6.3497244390032375,1.4223878256400688,2496.5454545454545
365.45454545454544,0.3,6.447150058705656,1.421101840669509,2521.6363636363635
369.09090909090907,0.3,6.545050128089361,1.4202261211046965,2546.7272727272725
372.7272727272727,0.3,6.643409475390089,1.419783407595787,2571.8181818181815
376.3636363636364,0.3,6.7422128242963115,1.419796599299597,2596.909090909091
380.0,0.3,6.841444797849993,1.4202886685610283,2622.0
383.6363636363636,0.3,6.941089922378268,1.421282571102809,2647.090909090909
387.27272727272725,0.3,7.04113263145478,1.4228011523356803,2672.181818181818
390.9090909090909,0.3,7.1415572698900665,1.4248670505200924,2697.272727272727
394.54545454545456,0.3,7.242348097749015,1.427502597623614,2722.3636363636365
398.1818181818182,0.3,7.343489294393327,1.4307297188215344,2747.4545454545455
401.8181818181818,0.3,7.444964962549296,1.4345698316785842,2772.545454545454
405.45454545454544,0.3,7.546759132397929,1.439043746122129,2797.6363636363635
409.09090909090907,0.3,7.648855765686085,1.4441715663676986,2822.7272727272725
412.7272727272727,0.3,7.751238759858416,1.44997259598366,2847.8181818181815
416.3636363636364,0.3,7.853891952206652,1.4564652472804633,2872.909090909091
420.0,0.3,7.956799124037035,1.463666956179067,2898.0
60.0,0.3292929292929293,1.1122568409840436,1.978430935372871,454.42424242424244
63.63636363636363,0.3292929292929293,1.1349698641301824,1.9623526415198114,481.9651056014692
67.27272727272727,0.3292929292929293,1.1587789401418078,1.9467426997322168,509.50596877869606
70.9090909090909,0.3292929292929293,1.18368576942067,1.9315930742688647,537.0468319559228
74.54545454545455,0.3292929292929293,1.209691825954204,1.9168952804671957,564.5876951331497
78.18181818181819,0.3292929292929293,1.2367983559345976,1.9026404003492994,592.1285583103765
81.81818181818181,0.3292929292929293,1.2650063764421091,1.8888191000183325,619.6694214876034
85.45454545454545,0.3292929292929293,1.2943166741949117,1.8754216487779354,647.2102846648302
89.0909090909091,0.3292929292929293,1.3247298043644236,1.8624379398939415,674.751147842057
92.72727272727272,0.3292929292929293,1.3562460894584998,1.8498575129048784,702.2920110192837
96.36363636363636,0.3292929292929293,1.388865618271172,1.8376695773756981,729.8328741965106
100.0,0.3292929292929293,1.4225882449022542,1.825863037979436,757.3737373737373
103.63636363636363,0.3292929292929293,1.4574135878442398,1.8144265207818946,784.9146005509642
107.27272727272728,0.3292929292929293,1.4933410291400993,1.8033484005983198,812.455463728191
110.9090909090909,0.3292929292929293,1.5303697136100887,1.7926168292846685,839.9963269054178
114.54545454545455,0.3292929292929293,1.5684985481495506,1.7822197648226596,867.5371900826448
118.18181818181819,0.3292929292929293,1.6077262010980977,1.7721450010560584,895.0780532598715
121.81818181818181,0.3292929292929293,1.6480511016795552,1.7623801979353726,922.6189164370983
125.45454545454545,0.3292929292929293,1.6894714395151142,1.7529129121294473,950.1597796143251
129.0909090909091,0.3292929292929293,1.7319851642074644,1.7437306278659546,977.700642791552
132.72727272727272,0.3292929292929293,1.7755899849990415,1.7348207878672894,1005.2415059687787
136.36363636363637,0.3292929292929293,1.8202833705024766,1.7261708242544094,1032.7823691460057
140.0,0.3292929292929293,1.866062548505159,1.7177681892985917,1060.3232323232323
143.63636363636363,0.3292929292929293,1.9129245058474567,1.7096003859092521,1087.8640955004591
147.27272727272725,0.3292929292929293,1.9608659883749402,1.7016549977554338,1115.4049586776857
150.9090909090909,0.3292929292929293,2.0098835009649676,1.6939197189283801,1142.9458218549128
154.54545454545456,0.3292929292929293,2.059973307627902,1.686382383063094,1170.4866850321398
158.1818181818182,0.3292929292929293,2.111131431682983,1.679030991847711,1198.0275482093664
161.8181818181818,0.3292929292929293,2.1633536560093845,1.671853742860427,1225.5684113865932
165.45454545454544,0.3292929292929293,2.216635523371715,1.664839056684668,1253.1092745638198
169.0909090909091,0.3292929292929293,2.2709723368212726,1.6579756032642363,1280.6501377410468
172.72727272727272,0.3292929292929293,2.326359160172358,1.6512523274705817,1308.1910009182736
176.36363636363637,0.3292929292929293,2.3827908185533495,1.6446584738644643,1335.7318640955007
180.0,0.3292929292929293,2.4402618990339793,1.6381836106441952,1363.2727272727273
183.63636363636363,0.3292929292929293,2.4987667513265626,1.6318176527811727,1390.813590449954
187.27272727272725,0.3292929292929293,2.558299488563792,1.6255508843524211,1418.3544536271809
190.9090909090909,0.3292929292929293,2.6188539881505424,1.6193739800868556,1445.8953168044077
194.54545454545453,0.3292929292929293,2.680423892691177,1.6132780261489865,1473.4361799816345
198.1818181818182,0.3292929292929293,2.7430026109916197,1.607254540189807,1500.9770431588613
201.8181818181818,0.3292929292929293,2.8065833191360214,1.6012954906996737,1528.5179063360883
205.45454545454544,0.3292929292929293,2.8711589616379802,1.5953933157016373,1556.0587695133147
209.0909090909091,0.3292929292929293,2.9367222526657946,1.5895409408280552,1583.599632690542
212.72727272727272,0.3292929292929293,3.0032656773418163,1.5837317968243216,1611.1404958677685
216.36363636363635,0.3292929292929293,3.070781493115743,1.5779598365263425,1638.6813590449954
220.0,0.3292929292929293,3.1392617312104285,1.5722195513575679,1666.2222222222222
223.63636363636363,0.3292929292929293,3.2086981981417635,1.5665059873926068,1693.763085399449
227.27272727272728,0.3292929292929293,3.2790824773101503,1.5608147610314582,1721.3039485766758
230.9090909090909,0.3292929292929293,3.350405930664758,1.5551420743278377,1748.8448117539028
234.54545454545453,0.3292929292929293,3.4226597004394037,1.549484730010687,1776.3856749311296
238.1818181818182,0.3292929292929293,3.495834710959392,1.5438401462348101,1803.9265381083565
241.8181818181818,0.3292929292929293,3.5699216705194967,1.5382063710911382,1831.467401285583
245.45454545454544,0.3292929292929293,3.644911073331886,1.532582096901471,1859.0082644628098
249.0909090909091,0.3292929292929293,3.7207932015436604,1.5269666743154917,1886.5491276400367
252.72727272727272,0.3292929292929293,3.7975581273239483,1.5213601262199672,1914.0899908172635
256.3636363636364,0.3292929292929293,3.875195715018383,1.5157631614612816,1941.6308539944903
260.0,0.3292929292929293,3.9536956233725515,1.5101771883721191,1969.1717171717173
263.6363636363636,0.3292929292929293,4.033047307821663,1.5046043280822643,1996.7125803489441
267.27272727272725,0.3292929292929293,4.1132400228470365,1.4990474275809575,2024.2534435261707
270.9090909090909,0.3292929292929293,4.19426282439809,1.493510072485114,2051.7943067033975
274.5454545454545,0.3292929292929293,4.276104572379182,1.4879965994526858,2079.3351698806246
278.1818181818182,0.3292929292929293,4.358753933200761,1.482512108164736,2106.876033057851
281.8181818181818,0.3292929292929293,4.442199382393332,1.4770624727831265,2134.416896235078
285.45454545454544,0.3292929292929293,4.526429207284602,1.471654352771451,2161.9577594123048
289.0909090909091,0.3292929292929293,4.611431509737254,1.4662952029486804,2189.4986225895323
292.72727272727275,0.3292929292929293,4.697194208948415,1.4609932826238732,2217.0394857667584
296.3636363636364,0.3292929292929293,4.783705044307749,1.4557576636389762,2244.5803489439854
300.0,0.3292929292929293,4.870951578315554,1.4505982371251511,2272.1212121212125
303.6363636363636,0.3292929292929293,4.95892119955758,1.445525718755262,2299.662075298439
307.27272727272725,0.3292929292929293,5.047601125737526,1.440551652252755,2327.2029384756656
310.9090909090909,0.3292929292929293,5.1369784067648485,1.4356884108947765,2354.7438016528927
314.5454545454545,0.3292929292929293,5.227039927897425,1.4309491967256551,2382.2846648301193
318.1818181818182,0.3292929292929293,5.317772412938366,1.4263480371771,2409.8255280073463
321.8181818181818,0.3292929292929293,5.409162427484612,1.4218997787725065,2437.3663911845733
325.45454545454544,0.3292929292929293,5.501196382227834,1.4176200775785117,2464.9072543617995
329.09090909090907,0.3292929292929293,5.593860536305463,1.4135253860540382,2492.4481175390265
332.7272727272727,0.3292929292929293,5.687141000700713,1.4096329359412025,2519.9889807162535
336.3636363636364,0.3292929292929293,5.781023741690884,1.4059607168404682,2547.5298438934806
340.0,0.3292929292929293,5.875494584342478,1.4025274501189475,2575.070707070707
343.6363636363636,0.3292929292929293,5.970539216052165,1.3993525578134285,2602.6115702479337
347.27272727272725,0.3292929292929293,6.066143190131701,1.3964561262140192,2630.152433425161
350.9090909090909,0.3292929292929293,6.162291929436677,1.3938588638459926,2657.6932966023874
354.54545454545456,0.3292929292929293,6.258970730036387,1.39158205361293,2685.2341597796144
358.1818181818182,0.3292929292929293,6.356164764925089,1.389647498919939,2712.7750229568414
361.8181818181818,0.3292929292929293,6.45385908777223,1.3880774636644078,2740.315886134068
365.45454545454544,0.3292929292929293,6.55203863671031,1.3868946060631435,2767.8567493112946
369.09090909090907,0.3292929292929293,6.65068823816039,1.3861219063781012,2795.3976124885216
372.7272727272727,0.3292929292929293,6.749792610691916,1.3857825887074382,2822.9384756657482
376.3636363636364,0.3292929292929293,6.849336368917058,1.3859000371236128,2850.4793388429753
380.0,0.3292929292929293,6.949304027417617,1.3864977065625328,2878.0202020202023
383.6363636363636,0.3292929292929293,7.049680004702967,1.3875990289963593,2905.561065197429
387.27272727272725,0.3292929292929293,7.150448627197851,1.3892273155515038,2933.1019283746555
390.9090909090909,0.3292929292929293,7.251594133258724,1.3914056553624556,2960.6427915518825
394.54545454545456,0.3292929292929293,7.353100677216796,1.394156812073589,2988.1836547291095
398.1818181818182,0.3292929292929293,7.454952333446887,1.3975031190123473,3015.724517906336
401.8181818181818,0.3292929292929293,7.557133100460057,1.4014663741535904,3043.265381083563
405.45454545454544,0.3292929292929293,7.659626905019278,1.4060677360706646,3070.8062442607898
409.09090909090907,0.3292929292929293,7.762417606276008,1.411327622120205,3098.3471074380163
412.7272727272727,0.3292929292929293,7.865488999926514,1.4172656101324095,3125.8879706152434
416.3636363636364,0.3292929292929293,7.968824822386298,1.4239003448716137,3153.428833792471
420.0,0.3292929292929293,8.072408754981653,1.4312494504933373,3180.969696969697
60.0,0.35858585858585856,1.1502434096222967,1.9277099135736122,494.8484848484849
63.63636363636363,0.35858585858585856,1.1736962681236633,1.9116875430818832,524.8393021120294
67.27272727272727,0.35858585858585856,1.19824930307467,1.8961469178666595,554.8301193755738
70.9090909090909,0.35858585858585856,1.2239041429066297,1.8810799214696756,584.8209366391184
74.54545454545455,0.35858585858585856,1.2506621883910114,1.8664779553531121,614.811753902663
78.18181818181819,0.35858585858585856,1.278524611269379,1.8523319546199744,644.8025711662076
81.81818181818181,0.35858585858585856,1.3074923529472358,1.8386324057339498,674.793388429752
85.45454545454545,0.35858585858585856,1.3375661232548577,1.8253693661693915,704.7842056932965
89.0909090909091,0.35858585858585856,1.3687463992746896,1.812532485906438,734.7750229568411
92.72727272727272,0.35858585858585856,1.4010334242360294,1.800111030670212,764.7658402203856
96.36363636363636,0.35858585858585856,1.4344272064776984,1.7880939067991561,794.7566574839301
100.0,0.35858585858585856,1.4689275184797452,1.7764696876154653,824.7474747474746
103.63636363636363,0.35858585858585856,1.504533895964416,1.765226641158883,854.7382920110192
107.27272727272728,0.35858585858585856,1.5412456370667336,1.7543527591373038,884.7291092745638
110.9090909090909,0.35858585858585856,1.5790618015757962,1.7438357869396655,914.7199265381083
114.54545454545455,0.35858585858585856,1.617981210246965,1.7336632545523412,944.7107438016528
118.18181818181819,0.35858585858585856,1.6580024441857635,1.723822508217811,974.7015610651974
121.81818181818181,0.35858585858585856,1.699123844303191,1.7143007426725956,1004.6923783287418
125.45454545454545,0.35858585858585856,1.7413435108438282,1.7050850338044046,1034.6831955922864
129.0909090909091,0.35858585858585856,1.784659302986837,1.6961623715701566,1064.674012855831
132.72727272727272,0.35858585858585856,1.8290688385197118,1.687519693023386,1094.6648301193754
136.36363636363637,0.35858585858585856,1.8745694935861357,1.6791439153046608,1124.65564738292
140.0,0.35858585858585856,1.9211584025072233,1.671021968458308,1154.6464646464647
143.63636363636363,0.35858585858585856,1.968832457677248,1.6631408279475095,1184.637281910009
147.27272727272725,0.35858585858585856,2.0175883095335454,1.6554875467508665,1214.6280991735534
150.9090909090909,0.35858585858585856,2.067422366601849,1.6480492869348207,1244.618916437098
154.54545454545456,0.35858585858585856,2.11833079561515,1.640813350608551,1274.609733700643
158.1818181818182,0.35858585858585856,2.1703095217092905,1.6337672101803207,1304.6005509641873
161.8181818181818,0.35858585858585856,2.223354228692541,1.626898537847242,1334.591368227732
165.45454545454544,0.35858585858585856,2.277460359391265,1.6201952342629027,1364.5821854912763
169.0909090909091,0.35858585858585856,2.332623116070642,1.6136454563399651,1394.573002754821
172.72727272727272,0.35858585858585856,2.3888374609311205,1.6072376441569969,1424.5638200183653
176.36363636363637,0.35858585858585856,2.446098116680705,1.6009605469505415,1454.5546372819101
180.0,0.35858585858585856,2.504399567182082,1.5948032481844991,1484.5454545454545
183.63636363636363,0.35858585858585856,2.563736058175988,1.5887551896993617,1514.536271808999
187.27272727272725,0.35858585858585856,2.62410159807966,1.5828061949530807,1544.5270890725433
190.9090909090909,0.35858585858585856,2.6854899588611127,1.5769464913743274,1574.517906336088
194.54545454545453,0.35858585858585856,2.747894676987965,1.5711667318567717,1604.5087235996325
198.1818181818182,0.35858585858585856,2.811309054452056,1.5654580154288706,1634.4995408631771
201.8181818181818,0.35858585858585856,2.875726159868865,1.5598119071408336,1664.4903581267215
205.45454545454544,0.35858585858585856,2.941138829651373,1.5542204572136065,1694.4811753902661
209.0909090909091,0.35858585858585856,3.007539669258774,1.5486762194996744,1724.4719926538107
212.72727272727272,0.35858585858585856,3.0749210545190353,1.5431722693074579,1754.4628099173553
216.36363636363635,0.35858585858585856,3.143275133025819,1.5377022206428526,1784.4536271808995
220.0,0.35858585858585856,3.2125938256083773,1.5322602429223837,1814.4444444444443
223.63636363636363,0.35858585858585856,3.2828688278756664,1.526841077211915,1844.435261707989
227.27272727272728,0.35858585858585856,3.354091611831735,1.5214400520432065,1874.4260789715336
230.9090909090909,0.35858585858585856,3.426253427565392,1.5160530988592449,1904.416896235078
234.54545454545453,0.35858585858585856,3.4993453050099435,1.5106767671347254,1934.4077134986223
238.1818181818182,0.35858585858585856,3.573358055775877,1.5053082392147978,1964.3985307621672
241.8181818181818,0.35858585858585856,3.648282275053792,1.4999453449093538,1994.3893480257113
245.45454545454544,0.35858585858585856,3.724108343587541,1.4945865758739807,2024.380165289256
249.0909090909091,0.35858585858585856,3.800826429717624,1.4892310998015512,2054.3709825528003
252.72727272727272,0.35858585858585856,3.878426491494011,1.4838787744394588,2084.361799816345
256.3636363636364,0.35858585858585856,3.9568982788565483,1.4785301614387747,2114.3526170798896
260.0,0.35858585858585856,4.036231335884591,1.47318654003033,2144.343434343434
263.6363636363636,0.35858585858585856,4.1164150031126425,1.467849920511291,2174.334251606979
267.27272727272725,0.35858585858585856,4.197438419913758,1.4625230575125074,2204.325068870523
270.9090909090909,0.35858585858585856,4.279290526947509,1.4572094630027643,2234.3158861340676
274.5454545454545,0.35858585858585856,4.361960068674051,1.4519134189706855,2264.306703397612
278.1818181818182,0.35858585858585856,4.4454355959313565,1.4466399897075848,2294.297520661157
281.8181818181818,0.35858585858585856,4.52970546857688,1.441395033597294,2324.2883379247014
285.45454545454544,0.35858585858585856,4.6147578581910595,1.4361852142985991,2354.2791551882456
289.0909090909091,0.35858585858585856,4.700580750842377,1.4310180111857638,2384.2699724517906
292.72727272727275,0.35858585858585856,4.787161949913948,1.4259017288910227,2414.2607897153352
296.3636363636364,0.35858585858585856,4.874489078989211,1.4208455057691327,2444.25160697888
300.0,0.35858585858585856,4.962549584796531,1.415859321081639,2474.242424242424
303.6363636363636,0.35858585858585856,5.051330740212266,1.410954000673237,2504.2332415059686
307.27272727272725,0.35858585858585856,5.1408196473198835,1.4061412208886808,2534.2240587695132
310.9090909090909,0.35858585858585856,5.231003240525698,1.401433510454475,2564.2148760330574
314.5454545454545,0.35858585858585856,5.3218682897288465,1.3968442500255718,2594.205693296602
318.1818181818182,0.35858585858585856,5.413401403545515,1.3923876690756787,2624.1965105601466
321.8181818181818,0.35858585858585856,5.505589032585238,1.388078839789171,2654.1873278236912
325.45454545454544,0.35858585858585856,5.59841747277887,1.3839336675958203,2684.178145087236
329.09090909090907,0.35858585858585856,5.691872868757535,1.3799688779757568,2714.16896235078
332.7272727272727,0.35858585858585856,5.785941217279753,1.3762019991544858,2744.1597796143246
336.3636363636364,0.35858585858585856,5.880608370707597,1.3726513403050702,2774.1505968778697
340.0,0.35858585858585856,5.975860040528719,1.3693359648801133,2804.1414141414143
343.6363636363636,0.35858585858585856,6.071681800924978,1.3662756587099885,2834.1322314049585
347.27272727272725,0.35858585858585856,6.168059092384665,1.3634908925278988,2864.123048668503
350.9090909090909,0.35858585858585856,6.264977225358205,1.3610027786167818,2894.1138659320472
354.54545454545456,0.35858585858585856,6.362421383955546,1.3588330213209774,2924.1046831955923
358.1818181818182,0.35858585858585856,6.460376629684095,1.357003861224818,2954.095500459137
361.8181818181818,0.35858585858585856,6.558827905226333,1.3555380128747785,2984.0863177226815
365.45454545454544,0.35858585858585856,6.657760038254354,1.354458596009114,3014.0771349862252
369.09090909090907,0.35858585858585856,6.757157745282017,1.3537890603590532,3044.06795224977
372.7272727272727,0.35858585858585856,6.857005635551591,1.3535531041999225,3074.0587695133145
376.3636363636364,0.35858585858585856,6.957288214954846,1.3537745869535949,3104.0495867768595
380.0,0.35858585858585856,7.05798988998569,1.354477436277346,3134.0404040404037
383.6363636363636,0.35858585858585856,7.159094971725073,1.3556855502116691,3164.0312213039483
387.27272727272725,0.35858585858585856,7.260587679854421,1.3574226951013553,3194.0220385674925
390.9090909090909,0.35858585858585856,7.362452146697851,1.3597124001408845,3224.012855831037
394.54545454545456,0.35858585858585856,7.464672421291448,1.3625778495274607,3254.0036730945817
398.1818181818182,0.35858585858585856,7.567232473477167,1.3660417733240005,3283.9944903581263
401.8181818181818,0.35858585858585856,7.670116198021192,1.3701263382352613,3313.985307621671
405.45454545454544,0.35858585858585856,7.773307418754609,1.3748530395812437,3343.9761248852155
409.09090909090907,0.35858585858585856,7.876789892734818,1.3802425958030156,3373.96694214876
412.7272727272727,0.35858585858585856,7.980547314426977,1.3863148468586675,3403.9577594123048
416.3636363636364,0.35858585858585856,8.084563319902722,1.3930886578546022,3433.948576675849
420.0,0.35858585858585856,8.188821491056057,1.4005818292099028,3463.9393939393935
60.0,0.3878787878787879,1.1888652728420617,1.878676804050161,535.2727272727273
63.63636363636363,0.3878787878787879,1.2130626496864636,1.8627073920710377,567.7134986225894
67.27272727272727,0.3878787878787879,1.238364275889408,1.8472333170142492,600.1542699724517
70.9090909090909,0.3878787878787879,1.2647717069962763,1.8322463964462665,632.5950413223139
74.54545454545455,0.3878787878787879,1.2922862696566764,1.8177379308598107,665.0358126721763
78.18181818181819,0.3878787878787879,1.3209090602636078,1.8036987194249874,697.4765840220385
81.81818181818181,0.3878787878787879,1.350640943659327,1.7901190779714862,729.9173553719007
85.45454545454545,0.3878787878787879,1.3814825519073146,1.776988859131765,762.3581267217631
89.0909090909091,0.3878787878787879,1.4134342831310853,1.7642974745555653,794.7988980716253
92.72727272727272,0.3878787878787879,1.4464963004217406,1.7520339190879668,827.2396694214874
96.36363636363636,0.3878787878787879,1.4806685308132561,1.7401867967857865,859.6804407713499
100.0,0.3878787878787879,1.515950664326649,1.728744348632515,892.1212121212121
103.63636363636363,0.3878787878787879,1.552342153084929,1.7176944817984174,924.5619834710742
107.27272727272728,0.3878787878787879,1.5898422104974514,1.7070248002813744,957.0027548209366
110.9090909090909,0.3878787878787879,1.6284498105154386,1.6967226367556976,989.4435261707989
114.54545454545455,0.3878787878787879,1.6681636869588052,1.6867750854494221,1021.8842975206612
118.18181818181819,0.3878787878787879,1.708982332914947,1.6771690358672646,1054.3250688705234
121.81818181818181,0.3878787878787879,1.7509040002097818,1.6678912071748648,1086.7658402203856
125.45454545454545,0.3878787878787879,1.7939266989514664,1.6589281830614595,1119.206611570248
129.0909090909091,0.3878787878787879,1.8380481971475167,1.6502664469010664,1151.6473829201102
132.72727272727272,0.3878787878787879,1.883266020395486,1.6418924170387195,1184.0881542699724
136.36363636363637,0.3878787878787879,1.929577451647221,1.6337924820351062,1216.5289256198348
140.0,0.3878787878787879,1.9769795310477232,1.6259530357131327,1248.969696969697
143.63636363636363,0.3878787878787879,2.0254690558485633,1.6183605118605449,1281.4104683195592
147.27272727272725,0.3878787878787879,2.075042580395861,1.6110014184548593,1313.8512396694214
150.9090909090909,0.3878787878787879,2.1256964161934517,1.6038623712906013,1346.2920110192838
154.54545454545456,0.3878787878787879,2.177426632041424,1.5969301269024236,1378.7327823691462
158.1818181818182,0.3878787878787879,2.230229054249885,1.5901916146921504,1411.1735537190084
161.8181818181818,0.3878787878787879,2.2840992669284708,1.583633968183111,1443.6143250688704
165.45454545454544,0.3878787878787879,2.339032612351523,1.5772445553388192,1476.0550964187328
169.0909090909091,0.3878787878787879,2.3950241913989796,1.5710110078986759,1508.495867768595
172.72727272727272,0.3878787878787879,2.452068864073399,1.564921249696442,1540.9366391184572
176.36363636363637,0.3878787878787879,2.510161250092322,1.558963523941462,1573.3774104683198
180.0,0.3878787878787879,2.5692957295573127,1.5531264194547987,1605.8181818181818
183.63636363636363,0.3878787878787879,2.6294664436980195,1.5473988958648188,1638.258953168044
187.27272727272725,0.3878787878787879,2.6906672956925064,1.5417703077771017,1670.6997245179061
190.9090909090909,0.3878787878787879,2.752891951563356,1.5362304279438364,1703.1404958677685
194.54545454545453,0.3878787878787879,2.816133841148803,1.5307694694666159,1735.5812672176307
198.1818181818182,0.3878787878787879,2.8803861591498743,1.525378107073777,1768.022038567493
201.8181818181818,0.3878787878787879,2.945641866252309,1.5200474975205118,1800.4628099173553
205.45454545454544,0.3878787878787879,3.0118936903239364,1.5147692991645556,1832.9035812672175
209.0909090909091,0.3878787878787879,3.079134127685995,1.50953569077518,1865.3443526170797
212.72727272727272,0.3878787878787879,3.147355444460085,1.50433938963544,1897.7851239669421
216.36363636363635,0.3878787878787879,3.216549677988316,1.4991736690002633,1930.2258953168043
220.0,0.3878787878787879,3.2867086383273083,1.4940323749728244,1962.6666666666665
223.63636363636363,0.3878787878787879,3.3578239098166263,1.488909942862215,1995.1074380165287
227.27272727272728,0.3878787878787879,3.429886852718864,1.483801413083229,2027.5482093663913
230.9090909090909,0.3878787878787879,3.5028886049336503,1.4787024466569332,2059.9889807162535
234.54545454545453,0.3878787878787879,3.5768200837827786,1.4736093403672827,2092.4297520661157
238.1818181818182,0.3878787878787879,3.6516719878674877,1.4685190416238552,2124.870523415978
241.8181818181818,0.3878787878787879,3.727434798997101,1.4634291630757919,2157.31129476584
245.45454545454544,0.3878787878787879,3.804098784187489,1.458337997014837,2189.7520661157023
249.0909090909091,0.3878787878787879,3.881653997730366,1.45324452959766,2222.1928374655645
252.72727272727272,0.3878787878787879,3.9600902833315708,1.4481484549087975,2254.6336088154267
256.3636363636364,0.3878787878787879,4.039397276317934,1.4430501888752154,2287.0743801652893
260.0,0.3878787878787879,4.119564405912721,1.4379508830326544,2319.5151515151515
263.6363636363636,0.3878787878787879,4.200580897577995,1.432852438130525,2351.9559228650137
267.27272727272725,0.3878787878787879,4.282435775423859,1.4277575175497113,2384.396694214876
270.9090909090909,0.3878787878787879,4.3651178646836515,1.4226695604907886,2416.837465564738
274.5454545454545,0.3878787878787879,4.448615794254336,1.4175927948752978,2449.2782369146003
278.1818181818182,0.3878787878787879,4.532917999300622,1.4125322498835575,2481.719008264463
281.8181818181818,0.3878787878787879,4.618012723923493,1.4074937680341195,2514.159779614325
285.45454545454544,0.3878787878787879,4.703888023890853,1.4024840166887793,2546.6005509641873
289.0909090909091,0.3878787878787879,4.790531769429818,1.3975104988451235,2579.04132231405
292.72727272727275,0.3878787878787879,4.877931648079915,1.3925815630554468,2611.482093663912
296.3636363636364,0.3878787878787879,4.966075167606467,1.3877064122865532,2643.9228650137743
300.0,0.3878787878787879,5.054949658972534,1.3828951115089916,2676.3636363636365
303.6363636363636,0.3878787878787879,5.144542279368967,1.3781585937790635,2708.8044077134987
307.27272727272725,0.3878787878787879,5.2348400153013355,1.373508664550248,2741.245179063361
310.9090909090909,0.3878787878787879,5.32582968573256,1.3689580039237625,2773.6859504132226
314.5454545454545,0.3878787878787879,5.417497945280988,1.364520166523917,2806.126721763085
318.1818181818182,0.3878787878787879,5.5098312874713375,1.3602095786578847,2838.5674931129474
321.8181818181818,0.3878787878787879,5.602816048039031,1.3560415323990127,2871.0082644628096
325.45454545454544,0.3878787878787879,5.696438408285411,1.3520321762123055,2903.4490358126723
329.09090909090907,0.3878787878787879,5.790684398483956,1.3481985017269802,2935.8898071625345
332.7272727272727,0.3878787878787879,5.885539901335218,1.3445583262503449,2968.3305785123966
336.3636363636364,0.3878787878787879,5.980990655469664,1.3411302706144979,3000.7713498622593
340.0,0.3878787878787879,6.077022258998122,1.3379337319523463,3033.212121212121
343.6363636363636,0.3878787878787879,6.173620173106409,1.3349888510128265,3065.652892561983
347.27272727272725,0.3878787878787879,6.270769725695732,1.3323164736506077,3098.093663911846
350.9090909090909,0.3878787878787879,6.368456115065267,1.3299381061619981,3130.5344352617076
354.54545454545456,0.3878787878787879,6.466664413636426,1.3278758641888806,3162.9752066115702
358.1818181818182,0.3878787878787879,6.5653795717181,1.3261524149764292,3195.415977961433
361.8181818181818,0.3878787878787879,6.664586421310716,1.3247909128496917,3227.8567493112946
365.45454545454544,0.3878787878787879,6.764269679948166,1.323814927867323,3260.297520661157
369.09090909090907,0.3878787878787879,6.864413954576113,1.3232483677197882,3292.7382920110194
372.7272727272727,0.3878787878787879,6.965003745465346,1.3231153930608364,3325.179063360881
376.3636363636364,0.3878787878787879,7.066023450159279,1.3234403265950216,3357.619834710744
380.0,0.3878787878787879,7.167457367452963,1.3242475563875895,3390.0606060606065
383.6363636363636,0.3878787878787879,7.2692897014040465,1.3255614340115383,3422.501377410468
387.27272727272725,0.3878787878787879,7.3715045653717945,1.327406168298777,3454.9421487603304
390.9090909090909,0.3878787878787879,7.474085986085962,1.329805715610276,3487.3829201101926
394.54545454545456,0.3878787878787879,7.577017907740753,1.3327836676809255,3519.823691460055
398.1818181818182,0.3878787878787879,7.680284196114564,1.3363631382217076,3552.2644628099174
401.8181818181818,0.3878787878787879,7.783868642713767,1.3405666495693045,3584.70523415978
405.45454545454544,0.3878787878787879,7.887754968937923,1.3454160207557577,3617.146005509642
409.09090909090907,0.3878787878787879,7.991926830266433,1.3509322584239152,3649.5867768595035
412.7272727272727,0.3878787878787879,8.096367820464437,1.357135452032414,3682.027548209366
416.3636363636364,0.3878787878787879,8.20106147580575,1.364044674776275,3714.468319559229
420.0,0.3878787878787879,8.305991279313162,1.3716778915914938,3746.909090909091
60.0,0.4171717171717172,1.2280914533497782,1.8314021378749683,575.6969696969697
63.63636363636363,0.4171717171717172,1.2530378331416756,1.8154825948831708,610.5876951331497
67.27272727272727,0.4171717171717172,1.2790924846382108,1.8000721397348756,645.4784205693296
70.9090909090909,0.4171717171717172,1.3062568896049829,1.785162539758731,680.3691460055097
74.54545454545455,0.4171717171717172,1.3345322996834792,1.7707450084057756,715.2598714416896
78.18181818181819,0.4171717171717172,1.3639197350416978,1.756810220933878,750.1505968778697
81.81818181818181,0.4171717171717172,1.394419983090982,1.7433483325790269,785.0413223140497
85.45454545454545,0.4171717171717172,1.426033597269683,1.7303489991432501,819.9320477502296
89.0909090909091,0.4171717171717172,1.4587608958942404,1.7178013999058146,854.8227731864096
92.72727272727272,0.4171717171717172,1.4926019610791013,1.7056942627430016,889.7134986225896
96.36363636363636,0.4171717171717172,1.527556637724727,1.694015891320985,924.6042240587695
100.0,0.4171717171717172,1.563624532575675,1.6827541942081896,959.4949494949494
103.63636363636363,0.4171717171717172,1.6008050133485536,1.671896715737666,994.3856749311294
107.27272727272728,0.4171717171717172,1.6390972079308321,1.6614306684358537,1029.2764003673096
110.9090909090909,0.4171717171717172,1.6785000036509077,1.6513429668240467,1064.1671258034896
114.54545454545455,0.4171717171717172,1.7190120466196737,1.6416202623902458,1099.0578512396694
118.18181818181819,0.4171717171717172,1.7606317411445191,1.6322489795245887,1133.9485766758494
121.81818181818181,0.4171717171717172,1.8033572492162904,1.6232153522090278,1168.8393021120294
125.45454545454545,0.4171717171717172,1.8471864900686805,1.614505461253407,1203.7300275482094
129.0909090909091,0.4171717171717172,1.8921171398122798,1.6061052718729898,1238.6207529843896
132.72727272727272,0.4171717171717172,1.9381466311412074,1.5980006714094126,1273.5114784205693
136.36363636363637,0.4171717171717172,1.9852721531155124,1.5901775070051158,1308.4022038567493
140.0,0.4171717171717172,2.033490651016793,1.5826216230524048,1343.2929292929293
143.63636363636363,0.4171717171717172,2.0827988262797597,1.5753188982508697,1378.183654729109
147.27272727272725,0.4171717171717172,2.1331931364985044,1.5682552821206968,1413.074380165289
150.9090909090909,0.4171717171717172,2.1846697955081478,1.5614168308350806,1447.9651056014693
154.54545454545456,0.4171717171717172,2.2372247735422865,1.5547897422509893,1482.8558310376493
158.1818181818182,0.4171717171717172,2.2908537974659895,1.5483603900341356,1517.7465564738293
161.8181818181818,0.4171717171717172,2.345552351085173,1.5421153567914498,1552.6372819100093
165.45454545454544,0.4171717171717172,2.4013156755313085,1.53604146614097,1587.528007346189
169.0909090909091,0.4171717171717172,2.458138769722992,1.5301258136656892,1622.4187327823693
172.72727272727272,0.4171717171717172,2.5160163909030153,1.5243557967149286,1657.3094582185493
176.36363636363637,0.4171717171717172,2.574943055252164,1.518719143030807,1692.2001836547292
180.0,0.4171717171717172,2.63491303857918,1.5132039381938187,1727.0909090909092
183.63636363636363,0.4171717171717172,2.6959203770861695,1.5077986518932174,1761.9816345270892
187.27272727272725,0.4171717171717172,2.757958868211089,1.5024921630418544,1796.872359963269
190.9090909090909,0.4171717171717172,2.821022071545607,1.4972737837652628,1831.763085399449
194.54545454545453,0.4171717171717172,2.8851033098288266,1.492133282305477,1866.653810835629
198.1818181818182,0.4171717171717172,2.950195670016944,1.4870609048877783,1901.5445362718092
201.8181818181818,0.4171717171717172,3.016292004428074,1.4820473966065575,1936.435261707989
205.45454545454544,0.4171717171717172,3.0833849319628595,1.477084021392214,1971.325987144169
209.0909090909091,0.4171717171717172,3.151466839399246,1.4721625811252093,2006.2167125803492
212.72727272727272,0.4171717171717172,3.220529882762942,1.467275433967057,2041.1074380165287
216.36363636363635,0.4171717171717172,3.290565988771479,1.4624155119800941,2075.998163452709
220.0,0.4171717171717172,3.361566856352958,1.457576338108068,2110.888888888889
223.63636363636363,0.4171717171717172,3.4335239582378962,1.4527520425902414,2145.779614325069
227.27272727272728,0.4171717171717172,3.5064285426246924,1.4479373788787497,2180.670339761249
230.9090909090909,0.4171717171717172,3.5802716349180486,1.4431277391271993,2215.561065197429
234.54545454545453,0.4171717171717172,3.655044039539252,1.4383191693144703,2250.451790633609
238.1818181818182,0.4171717171717172,3.7307363418087025,1.4335083840621072,2285.342516069789
241.8181818181818,0.4171717171717172,3.807338909899766,1.4286927811982648,2320.2332415059686
245.45454545454544,0.4171717171717172,3.8848418968631675,1.4238704561135571,2355.123966942149
249.0909090909091,0.4171717171717172,3.9632352427217103,1.4190402159458104,2390.0146923783286
252.72727272727272,0.4171717171717172,4.042508676634534,1.4142015936212682,2424.905417814509
256.3636363636364,0.4171717171717172,4.1226517191302925,1.409354861769148,2459.796143250689
260.0,0.4171717171717172,4.203653684408473,1.4045010465142034,2494.686868686869
263.6363636363636,0.4171717171717172,4.2855036827085655,1.3996419411387804,2529.5775941230486
267.27272727272725,0.4171717171717172,4.368190622745191,1.3947801195914806,2564.468319559229
270.9090909090909,0.4171717171717172,4.451703214210792,1.3899189498032698,2599.3590449954086
274.5454545454545,0.4171717171717172,4.536029970341583,1.3850626067543697,2634.2497704315883
278.1818181818182,0.4171717171717172,4.621159210549785,1.3802160852167562,2669.140495867769
281.8181818181818,0.4171717171717172,4.7070790631182575,1.3753852120761736,2704.0312213039488
285.45454545454544,0.4171717171717172,4.793777467958127,1.3705766581162402,2738.9219467401285
289.0909090909091,0.4171717171717172,4.881242179428852,1.3657979491230647,2773.812672176309
292.72727272727275,0.4171717171717172,4.9694607692179025,1.3610574761452048,2808.703397612489
296.3636363636364,0.4171717171717172,5.058420629281882,1.356364504716504,2843.5941230486687
300.0,0.4171717171717172,5.148108974845382,1.3517291828233184,2878.4848484848485
303.6363636363636,0.4171717171717172,5.238512847458538,1.3471625473693143,2913.3755739210287
307.27272727272725,0.4171717171717172,5.329619118111414,1.342676528862765,2948.2662993572085
310.9090909090909,0.4171717171717172,5.421414490403982,1.3382839540230551,2983.1570247933887
314.5454545454545,0.4171717171717172,5.513885503771458,1.3339985459757375,3018.0477502295685
318.1818181818182,0.4171717171717172,5.607018536762682,1.3298349216784904,3052.9384756657482
321.8181818181818,0.4171717171717172,5.700799810371995,1.325808586196729,3087.8292011019284
325.45454545454544,0.4171717171717172,5.795215391421992,1.3219359234266792,3122.719926538108
329.09090909090907,0.4171717171717172,5.890251195996674,1.318234182846179,3157.6106519742884
332.7272727272727,0.4171717171717172,5.985892992924171,1.3147214618634477,3192.501377410468
336.3636363636364,0.4171717171717172,6.082126407306674,1.311416683328703,3227.392102846649
340.0,0.4171717171717172,6.1789369240981316,1.3083395677785354,3262.282828282828
343.6363636363636,0.4171717171717172,6.2763098917264095,1.3055105999965195,3297.173553719008
347.27272727272725,0.4171717171717172,6.374230525760305,1.3029509894995015,3332.064279155188
350.9090909090909,0.4171717171717172,6.47268391261948,1.300682624597413,3366.955004591368
354.54545454545456,0.4171717171717172,6.571655013325934,1.2987280197271636,3401.8457300275486
358.1818181818182,0.4171717171717172,6.671128667295799,1.2971102558297163,3436.736455463729
361.8181818181818,0.4171717171717172,6.771089596170312,1.2958529136230188,3471.6271808999086
365.45454545454544,0.4171717171717172,6.8715224076842745,1.294979999724274,3506.517906336088
369.09090909090907,0.4171717171717172,6.972411599571243,1.2945158656909774,3541.4086317722677
372.7272727272727,0.4171717171717172,7.073741563503247,1.2944851201810714,3576.299357208448
376.3636363636364,0.4171717171717172,7.17549658906389,1.2949125345762642,3611.1900826446285
380.0,0.4171717171717172,7.277660867754815,1.2958229425665746,3646.0808080808083
383.6363636363636,0.4171717171717172,7.380218497031242,1.2972411343543038,3680.9715335169885
387.27272727272725,0.4171717171717172,7.483153484368097,1.2991917462979934,3715.8622589531683
390.9090909090909,0.4171717171717172,7.586449751353319,1.301699146975862,3750.7529843893476
394.54545454545456,0.4171717171717172,7.6900911378082855,1.3047873207983933,3785.6437098255283
398.1818181818182,0.4171717171717172,7.794061405932135,1.3084797504343717,3820.534435261708
401.8181818181818,0.4171717171717172,7.898344244471214,1.3127992994277027,3855.4251606978883
405.45454545454544,0.4171717171717172,8.002923272908571,1.3177680964679377,3890.315886134068
409.09090909090907,0.4171717171717172,8.107782045675878,1.3234074228302912,3925.2066115702482
412.7272727272727,0.4171717171717172,8.212904056383056,1.3297376045154996,3960.097337006428
416.3636363636364,0.4171717171717172,8.318272742066087,1.3367779105951614,3994.988062442608
420.0,0.4171717171717172,8.423871487450768,1.3445464592001828,4029.878787878788
60.0,0.44646464646464645,1.2678906339732148,1.7859574899728663,616.1212121212121
63.63636363636363,0.44646464646464645,1.293590299549395,1.7700846402539654,653.4618916437098
67.27272727272727,0.44646464646464645,1.3204022087391944,1.7547347423561326,690.8025711662075
70.9090909090909,0.44646464646464645,1.3483277686549702,1.7398995299458946,728.1432506887053
74.54545454545455,0.44646464646464645,1.377368155065641,1.7255701442595728,765.483930211203
78.18181818181819,0.44646464646464645,1.4075243110587987,1.711737149610176,802.8246097337006
81.81818181818181,0.44646464646464645,1.438796945768603,1.6983905516615119,840.1652892561983
85.45454545454545,0.44646464646464645,1.4711865331717338,1.6855198184009976,877.505968778696
89.0909090909091,0.44646464646464645,1.5046933109509322,1.673113903715064,914.8466483011938
92.72727272727272,0.44646464646464645,1.539317279427153,1.6611612734455,952.1873278236912
96.36363636363636,0.44646464646464645,1.5750582005611795,1.649649933780874,989.5280073461892
100.0,0.44646464646464645,1.6119155970252104,1.6385674618152841,1026.8686868686868
103.63636363636363,0.44646464646464645,1.6498887513443998,1.627901038086417,1064.2093663911844
107.27272727272728,0.44646464646464645,1.6889767051106563,1.6176374808894598,1101.5500459136822
110.9090909090909,0.44646464646464645,1.7291782582667388,1.6077632821492822,1138.89072543618
114.54545454545455,0.44646464646464645,1.77049196846328,1.5982646446232551,1176.2314049586776
118.18181818181819,0.44646464646464645,1.8129161504885785,1.5891275202011104,1213.5720844811754
121.81818181818181,0.44646464646464645,1.8564488757705249,1.580337649064435,1250.912764003673
125.45454545454545,0.44646464646464645,1.901087971953623,1.5718805994696254,1288.2534435261707
129.0909090909091,0.44646464646464645,1.9468310225480918,1.563741807921206,1325.5941230486685
132.72727272727272,0.44646464646464645,1.9936753666549523,1.5559066195095903,1362.934802571166
136.36363636363637,0.44646464646464645,2.041618098764724,1.5483603281971667,1400.2754820936639
140.0,0.44646464646464645,2.090656068631323,1.5410882168482485,1437.6161616161617
143.63636363636363,0.44646464646464645,2.1407858812215874,1.534075596813998,1474.9568411386592
147.27272727272725,0.44646464646464645,2.192003896739882,1.527307846898315,1512.2975206611566
150.9090909090909,0.44646464646464645,2.244306230728534,1.5207704515493674,1549.6382001836546
154.54545454545456,0.44646464646464645,2.2976887542445246,1.5144490381399522,1586.9788797061526
158.1818181818182,0.44646464646464645,2.352147094111884,1.508329413218814,1624.3195592286502
161.8181818181818,0.44646464646464645,2.4076766332506665,1.5023975976353705,1661.6602387511475
165.45454545454544,0.44646464646464645,2.4642725110820987,1.4966398604595228,1699.0009182736453
169.0909090909091,0.44646464646464645,2.5219296240102347,1.4910427516374127,1736.3415977961433
172.72727272727272,0.44646464646464645,2.5806426259800315,1.4855931333430796,1773.682277318641
176.36363636363637,0.44646464646464645,2.6404059291122612,1.4802782100031482,1811.0229568411387
180.0,0.44646464646464645,2.7012137044142355,1.4750855569888988,1848.3636363636363
183.63636363636363,0.44646464646464645,2.763059882567835,1.4700031479850817,1885.7043158861338
187.27272727272725,0.44646464646464645,2.8259381547931257,1.4650193810592016,1923.0449954086316
190.9090909090909,0.44646464646464645,2.8898419737888164,1.460123103467442,1960.3856749311292
194.54545454545453,0.44646464646464645,2.954764554748288,1.4553036352448616,1997.726354453627
198.1818181818182,0.44646464646464645,3.020698876452296,1.450550791636557,2035.067033976125
201.8181818181818,0.44646464646464645,3.087637682436756,1.4458549044348668,2072.407713498623
205.45454545454544,0.44646464646464645,3.155573482236475,1.4412068422946833,2109.74839302112
209.0909090909091,0.44646464646464645,3.224498552703599,1.436598030102383,2147.089072543618
212.72727272727272,0.44646464646464645,3.2944049394019217,1.432020467479588,2184.4297520661157
216.36363636363635,0.44646464646464645,3.365284458074999,1.4274667465031743,2221.770431588613
220.0,0.44646464646464645,3.437128696188929,1.422930068724996,2259.111111111111
223.63636363636363,0.44646464646464645,3.509929014549038,1.418404261573338,2296.4517906336087
227.27272727272728,0.44646464646464645,3.5836765489897395,1.4138837942169369,2333.7924701561064
230.9090909090909,0.44646464646464645,3.658362212137904,1.4093637929689484,2371.1331496786042
234.54545454545453,0.44646464646464645,3.7339766952485913,1.4048400563039942,2408.4738292011016
238.1818181818182,0.44646464646464645,3.8105104701122103,1.4003090695561566,2445.8145087235994
241.8181818181818,0.44646464646464645,3.8879537910347546,1.3957680193590336,2483.155188246097
245.45454545454544,0.44646464646464645,3.9662966968868467,1.3912148078807511,2520.495867768595
249.0909090909091,0.44646464646464645,4.045529013225118,1.3866480668990533,2557.8365472910928
252.72727272727272,0.44646464646464645,4.125640354481947,1.382067171749895,2595.17722681359
256.3636363636364,0.44646464646464645,4.206620126225096,1.377472255172426,2632.5179063360883
260.0,0.44646464646464645,4.288457527485075,1.3728642210607949,2669.8585858585857
263.6363636363636,0.44646464646464645,4.37114155315058,1.3682447581181312,2707.199265381083
267.27272727272725,0.44646464646464645,4.454660996430969,1.363616353393626,2744.539944903581
270.9090909090909,0.44646464646464645,4.539004451384222,1.358982305666374,2781.8806244260786
274.5454545454545,0.44646464646464645,4.624160315511234,1.3543467386208896,2819.2213039485764
278.1818181818182,0.44646464646464645,4.710116792413555,1.3497146137400338,2856.561983471074
281.8181818181818,0.44646464646464645,4.796861894515746,1.3450917428188083,2893.902662993572
285.45454545454544,0.44646464646464645,4.88438344585015,1.3404847999797853,2931.24334251607
289.0909090909091,0.44646464646464645,4.972669084903182,1.3359013330463414,2968.584022038568
292.72727272727275,0.44646464646464645,5.061706267523339,1.3313497741029594,3005.9247015610654
296.3636363636364,0.44646464646464645,5.15148226988864,1.3268394490454958,3043.265381083563
300.0,0.44646464646464645,5.241984191533173,1.3223805858944362,3080.6060606060605
303.6363636363636,0.44646464646464645,5.333198958432097,1.3179843216151617,3117.946740128558
307.27272727272725,0.44646464646464645,5.4251133261429985,1.3136627071587266,3155.287419651056
310.9090909090909,0.44646464646464645,5.517713883003411,1.3094287104067683,3192.6280991735534
314.5454545454545,0.44646464646464645,5.610987053383477,1.3052962166739392,3229.9687786960512
318.1818181818182,0.44646464646464645,5.704919100991944,1.301280026393203,3267.309458218549
321.8181818181818,0.44646464646464645,5.799496132235309,1.2973958495830054,3304.6501377410464
325.45454545454544,0.44646464646464645,5.894704099627492,1.2936602966720474,3341.9908172635446
329.09090909090907,0.44646464646464645,5.990528805251014,1.2900908652396723,3379.331496786042
332.7272727272727,0.44646464646464645,6.086955904266362,1.2867059222157937,3416.6721763085393
336.3636363636364,0.44646464646464645,6.183970908469873,1.283524681080511,3454.012855831038
340.0,0.44646464646464645,6.281559189897768,1.2805671736056943,3491.3535353535353
343.6363636363636,0.44646464646464645,6.379705984476321,1.2778542156959707,3528.6942148760327
347.27272727272725,0.44646464646464645,6.478396395715423,1.2754073669122798,3566.0348943985305
350.9090909090909,0.44646464646464645,6.577615398445415,1.2732488833020525,3603.375573921028
354.54545454545456,0.44646464646464645,6.677347842595795,1.2714016632153686,3640.7162534435265
358.1818181818182,0.44646464646464645,6.777578457013739,1.269889185858358,3678.056932966024
361.8181818181818,0.44646464646464645,6.878291853321462,1.2687354424252641,3715.397612488521
365.45454545454544,0.44646464646464645,6.979472529811595,1.2679648597567181,3752.7382920110194
369.09090909090907,0.44646464646464645,7.0811048753787915,1.2676022165959882,3790.078971533517
372.7272727272727,0.44646464646464645,7.1831731734852315,1.2676725526552284,3827.4196510560146
376.3636363636364,0.44646464646464645,7.285661606161067,1.2682010708571203,3864.7603305785124
380.0,0.44646464646464645,7.388554258035374,1.2692130332819196,3902.1010101010097
383.6363636363636,0.44646464646464645,7.491835120398642,1.2707336515215013,3939.441689623508
387.27272727272725,0.44646464646464645,7.5954880952942965,1.2727879723156295,3976.7823691460053
390.9090909090909,0.44646464646464645,7.699496999637585,1.27540075951449,4014.1230486685026
394.54545454545456,0.44646464646464645,7.803845569360787,1.278596373571765,4051.4637281910013
398.1818181818182,0.44646464646464645,7.908517463583619,1.2823986499143123,4088.8044077134987
401.8181818181818,0.44646464646464645,8.013496268806646,1.2868307776533083,4126.145087235996
405.45454545454544,0.44646464646464645,8.118765503126289,1.2919151801900295,4163.485766758494
409.09090909090907,0.44646464646464645,8.224308620470401,1.2976733993210265,4200.826446280991
412.7272727272727,0.44646464646464645,8.330109014852908,1.3041259844590123,4238.167125803489
416.3636363636364,0.44646464646464645,8.436150024645265,1.3112923885529812,4275.507805325988
420.0,0.44646464646464645,8.542414936864112,1.319190872212226,4312.848484848484
60.0,0.47575757575757577,1.3082311868915664,1.742415000341989,656.5454545454546
63.63636363636363,0.47575757575757577,1.3346882160382432,1.7265856238544555,696.33608815427
67.27272727272727,0.47575757575757577,1.3622614104074238,1.7112931225392929,736.1267217630854
70.9090909090909,0.47575757575757577,1.3909521016062705,1.6965292136020882,775.9173553719008
74.54545454545455,0.47575757575757577,1.420761388688618,1.6822849816189756,815.7079889807162
78.18181818181819,0.47575757575757577,1.4516901368275548,1.668550893741679,855.4986225895318
81.81818181818181,0.47575757575757577,1.4837389760562765,1.6553168179758428,895.2892561983472
85.45454545454545,0.47575757575757577,1.516908300075241,1.6425720444671963,935.0798898071625
89.0909090909091,0.47575757575757577,1.5511982651286376,1.6303053096981566,974.870523415978
92.72727272727272,0.47575757575757577,1.586608788949854,1.618504823466794,1014.6611570247934
96.36363636363636,0.47575757575757577,1.6231395497760044,1.6071582984919133,1054.4517906336087
100.0,0.47575757575757577,1.660789985433487,1.5962529824606537,1094.2424242424242
103.63636363636363,0.47575757575757577,1.6995592924940688,1.5857756923126822,1134.0330578512396
107.27272727272728,0.47575757575757577,1.7394464255023063,1.5757128505337432,1173.8236914600552
110.9090909090909,0.47575757575757577,1.7804500962757999,1.5660505232158974,1213.6143250688706
114.54545454545455,0.47575757575757577,1.8225687732767861,1.556774459628496,1253.404958677686
118.18181818181819,0.47575757575757577,1.8658006810576273,1.5478701330360265,1293.1955922865016
121.81818181818181,0.47575757575757577,1.9101437997795134,1.5393227824946039,1332.986225895317
125.45454545454545,0.47575757575757577,1.9555958648049092,1.5311174553584153,1372.7768595041323
129.0909090909091,0.47575757575757577,2.002154366364622,1.5232390502320146,1412.5674931129477
132.72727272727272,0.47575757575757577,2.0498165492993916,1.515672360110695,1452.358126721763
136.36363636363637,0.47575757575757577,2.098579412876182,1.508402115463221,1492.1487603305786
140.0,0.47575757575757577,2.148439710680372,1.5014130270248078,1531.939393939394
143.63636363636363,0.47575757575757577,2.1993939505831426,1.4946898280840395,1571.7300275482094
147.27272727272725,0.47575757575757577,2.2514383947849765,1.4882173160675638,1611.5206611570247
150.9090909090909,0.47575757575757577,2.3045690599351527,1.4819803932454727,1651.31129476584
154.54545454545456,0.47575757575757577,2.358781717327302,1.4759641064027214,1691.101928374656
158.1818181818182,0.47575757575757577,2.414071893171907,1.4701536853442005,1730.8925619834713
161.8181818181818,0.47575757575757577,2.470434868944965,1.4645345801232723,1770.6831955922867
165.45454545454544,0.47575757575757577,2.5278656818134833,1.4590924969070311,1810.473829201102
169.0909090909091,0.47575757575757577,2.5863591251377462,1.453813432413128,1850.2644628099174
172.72727272727272,0.47575757575757577,2.645909749050534,1.4486837068744796,1890.0550964187328
176.36363636363637,0.47575757575757577,2.706511861112636,1.4436899955085951,1929.8457300275484
180.0,0.47575757575757577,2.7681595270459383,1.4388193584873292,1969.6363636363637
183.63636363636363,0.47575757575757577,2.830846571542404,1.4340592694200835,2009.426997245179
187.27272727272725,0.47575757575757577,2.894566579150429,1.429397642380042,2049.2176308539943
190.9090909090909,0.47575757575757577,2.959312895237253,1.4248228575162818,2089.0082644628096
194.54545454545453,0.47575757575757577,3.0250786270281065,1.4203237853081823,2128.798898071625
198.1818181818182,0.47575757575757577,3.0918566447213083,1.4158898095281995,2168.589531680441
201.8181818181818,0.47575757575757577,3.1596395826793886,1.411510848988609,2208.380165289256
205.45454545454544,0.47575757575757577,3.228419840696411,1.4071773781545969,2248.1707988980716
209.0909090909091,0.47575757575757577,3.2981895853401193,1.4028804467116425,2287.961432506887
212.72727272727272,0.47575757575757577,3.3689407513698697,1.3986116981788623,2327.7520661157023
216.36363636363635,0.47575757575757577,3.4406650432290524,1.3943633876620882,2367.5426997245177
220.0,0.47575757575757577,3.513353936612279,1.390128398841089,2407.3333333333335
223.63636363636363,0.47575757575757577,3.5869986801065945,1.3859002602848465,2447.123966942149
227.27272727272728,0.47575757575757577,3.6615902969062004,1.3816731611860553,2486.914600550964
230.9090909090909,0.47575757575757577,3.7371195866007287,1.3774419666033602,2526.7052341597796
234.54545454545453,0.47575757575757577,3.8135771270362246,1.3732022322939696,2566.495867768595
238.1818181818182,0.47575757575757577,3.890953276247659,1.3689502192145249,2606.286501377411
241.8181818181818,0.47575757575757577,3.9692381744645315,1.3646829077598848,2646.077134986226
245.45454545454544,0.47575757575757577,4.048421746186248,1.3603980118013914,2685.8677685950415
249.0909090909091,0.47575757575757577,4.128493702328608,1.356093992576962,2725.658402203857
252.72727272727272,0.47575757575757577,4.20944354244008,1.35177007247362,2765.4490358126723
256.3636363636364,0.47575757575757577,4.291260556987424,1.3474262487316169,2805.2396694214876
260.0,0.47575757575757577,4.373933829709529,1.3430633070856366,2845.030303030303
263.6363636363636,0.47575757575757577,4.45745224003926,1.3386828353434264,2884.8209366391184
267.27272727272725,0.47575757575757577,4.5418044655922465,1.3342872368864613,2924.6115702479337
270.9090909090909,0.47575757575757577,4.626978984722022,1.3298797440588963,2964.402203856749
274.5454545454545,0.47575757575757577,4.712964079140595,1.3254644313922106,3004.1928374655645
278.1818181818182,0.47575757575757577,4.799747836603502,1.3210462285915812,3043.9834710743803
281.8181818181818,0.47575757575757577,4.887318153658846,1.3166309331874868,3083.7741046831957
285.45454545454544,0.47575757575757577,4.975662738459016,1.3122252227320528,3123.564738292011
289.0909090909091,0.47575757575757577,5.064769113634744,1.3078366663930119,3163.355371900827
292.72727272727275,0.47575757575757577,5.154624619229332,1.3034737357712767,3203.1460055096422
296.3636363636364,0.47575757575757577,5.245216415693992,1.2991458147382875,3242.936639118457
300.0,0.47575757575757577,5.336531486941608,1.2948632080597666,3282.7272727272725
303.6363636363636,0.47575757575757577,5.428556643458645,1.29063714854001,3322.517906336088
307.27272727272725,0.47575757575757577,5.521278525474148,1.2864798023898825,3362.3085399449033
310.9090909090909,0.47575757575757577,5.614683606184716,1.2824042724885163,3402.0991735537186
314.5454545454545,0.47575757575757577,5.708758195034017,1.2784245991774312,3441.889807162534
318.1818181818182,0.47575757575757577,5.803488441046701,1.2745557581952798,3481.68044077135
321.8181818181818,0.47575757575757577,5.898860336214145,1.270813655332739,3521.471074380165
325.45454545454544,0.47575757575757577,5.994859718932352,1.2672151173624542,3561.2617079889806
329.09090909090907,0.47575757575757577,6.091472277489602,1.2637778787786578,3601.052341597796
332.7272727272727,0.47575757575757577,6.1886835536034415,1.2605205638663148,3640.8429752066113
336.3636363636364,0.47575757575757577,6.286478946005538,1.2574626636136774,3680.6336088154267
340.0,0.47575757575757577,6.384843714073234,1.2546245069843347,3720.424242424242
343.6363636363636,0.47575757575757577,6.4837629815061675,1.2520272260800085,3760.2148760330574
347.27272727272725,0.47575757575757577,6.583221740047158,1.2496927147511556,3800.005509641873
350.9090909090909,0.47575757575757577,6.683204853246212,1.2476435802556636,3839.796143250688
354.54545454545456,0.47575757575757577,6.783697060265483,1.2459030876235293,3879.5867768595044
358.1818181818182,0.47575757575757577,6.884682979724619,1.2444950964619934,3919.37741046832
361.8181818181818,0.47575757575757577,6.986147113585001,1.2434439900297842,3959.168044077135
365.45454545454544,0.47575757575757577,7.0880738510715044,1.2427745965227621,3998.9586776859505
369.09090909090907,0.47575757575757577,7.19044747262976,1.2425121026453645,4038.749311294766
372.7272727272727,0.47575757575757577,7.293252153919111,1.242681959690137,4078.5399449035813
376.3636363636364,0.47575757575757577,7.39647196983784,1.2433097825128985,4118.330578512397
380.0,0.47575757575757577,7.500090898580797,1.2444212419649583,4158.121212121212
383.6363636363636,0.47575757575757577,7.604092825727361,1.246041951527535,4197.911845730027
387.27272727272725,0.47575757575757577,7.708461548358442,1.2481973490768672,4237.702479338843
390.9090909090909,0.47575757575757577,7.8131807792006285,1.2509125748897796,4277.493112947658
394.54545454545456,0.47575757575757577,7.918234150797155,1.2542123471667859,4317.283746556474
398.1818181818182,0.47575757575757577,8.023605219702477,1.2581208365005985,4357.07438016529
401.8181818181818,0.47575757575757577,8.12927747070093,1.2626615408414554,4396.865013774105
405.45454545454544,0.47575757575757577,8.235234321046052,1.267857162600775,4436.6556473829205
409.09090909090907,0.47575757575757577,8.341459124720863,1.2737294895863256,4476.446280991736
412.7272727272727,0.47575757575757577,8.447935176715976,1.280299281468503,4516.236914600551
416.3636363636364,0.47575757575757577,8.55464571732545,1.2875861634364731,4556.027548209367
420.0,0.47575757575757577,8.661573936457716,1.2956085286139951,4595.818181818182
60.0,0.5050505050505051,1.3490812034455946,1.7008467784147834,696.969696969697
63.63636363636363,0.5050505050505051,1.376299465719562,1.6850576549024785,739.21028466483
67.27272727272727,0.5050505050505051,1.404637764672465,1.669819327877101,781.4508723599633
70.9090909090909,0.5050505050505051,1.434097355576867,1.6551235156384831,823.6914600550964
74.54545454545455,0.5050505050505051,1.4646792599503993,1.6409612621600556,865.9320477502296
78.18181818181819,0.5050505050505051,1.4963842642408505,1.627322951855954,908.1726354453629
81.81818181818181,0.5050505050505051,1.5292129185781969,1.6141983277529275,950.4132231404959
85.45454545454545,0.5050505050505051,1.563165535594889,1.6015765130072623,992.653810835629
89.0909090909091,0.5050505050505051,1.5982421893148517,1.5894460356688849,1034.8943985307621
92.72727272727272,0.5050505050505051,1.6344427141121374,1.5777948565595152,1077.1349862258953
96.36363636363636,0.5050505050505051,1.6717667037392046,1.5666104000977463,1119.3755739210285
100.0,0.5050505050505051,1.7102135104264589,1.5558795878717742,1161.6161616161617
103.63636363636363,0.5050505050505051,1.7497822440526143,1.5455888747334987,1203.8567493112946
107.27272727272728,0.5050505050505051,1.7904717713875353,1.5357242871623729,1246.097337006428
110.9090909090909,0.5050505050505051,1.832280715406573,1.5262714636276276,1288.3379247015612
114.54545454545455,0.5050505050505051,1.875207454678769,1.5172156966625046,1330.5785123966944
118.18181818181819,0.5050505050505051,1.919250122827754,1.5085419763527592,1372.8191000918275
121.81818181818181,0.5050505050505051,1.9644066080668727,1.5002350349362372,1415.0596877869605
125.45454545454545,0.5050505050505051,2.0106745528084344,1.492279392210153,1457.3002754820939
129.0909090909091,0.5050505050505051,2.0580513533476292,1.4846594014449475,1499.5408631772268
132.72727272727272,0.5050505050505051,2.106534159621728,1.477359295513591,1541.78145087236
136.36363636363637,0.5050505050505051,2.15611987504385,1.4703632329563243,1584.0220385674934
140.0,0.5050505050505051,2.206805156413836,1.4636553437170563,1626.2626262626263
143.63636363636363,0.5050505050505051,2.258586413903523,1.4572197743067095,1668.5032139577595
147.27272727272725,0.5050505050505051,2.3114598111192626,1.4510407321704653,1710.7438016528924
150.9090909090909,0.5050505050505051,2.365421265240742,1.4451025290588966,1752.9843893480258
154.54545454545456,0.5050505050505051,2.4204664472357376,1.4393896232286105,1795.224977043159
158.1818181818182,0.5050505050505051,2.476590782152857,1.4338866603234226,1837.4655647382922
161.8181818181818,0.5050505050505051,2.53378944948963,1.4285785128130761,1879.7061524334251
165.45454545454544,0.5050505050505051,2.5920573836393057,1.423450317893296,1921.9467401285583
169.0909090909091,0.5050505050505051,2.6513892744133507,1.4184875137757802,1964.1873278236917
172.72727272727272,0.5050505050505051,2.711779567641633,1.4136758743209332,2006.4279155188246
176.36363636363637,0.5050505050505051,2.773222465850001,1.4090015419905346,2048.668503213958
180.0,0.5050505050505051,2.83571192901415,1.404451059117546,2090.909090909091
183.63636363636363,0.5050505050505051,2.8992416753911607,1.4000113975115704,2133.149678604224
187.27272727272725,0.5050505050505051,2.9638051824280547,1.3956699864353446,2175.390266299357
190.9090909090909,0.5050505050505051,3.029395687746468,1.3914147390041394,2217.6308539944903
194.54545454545453,0.5050505050505051,3.0960061902045446,1.3872340770736873,2259.8714416896237
198.1818181818182,0.5050505050505051,3.1636294510354945,1.3831169546937152,2302.112029384757
201.8181818181818,0.5050505050505051,3.2322579950616737,1.3790528802143887,2344.35261707989
205.45454545454544,0.5050505050505051,3.301884111985542,1.375031937140231,2386.593204775023
209.0909090909091,0.5050505050505051,3.3724998577554537,1.3710448038318892,2428.8337924701564
212.72727272727272,0.5050505050505051,3.444097056007916,1.3670827721605134,2471.0743801652893
216.36363636363635,0.5050505050505051,3.5166672995839514,1.3631377652206658,2513.3149678604223
220.0,0.5050505050505051,3.590201952121041,1.3592023542093508,2555.5555555555557
223.63636363636363,0.5050505050505051,3.664692149718828,1.3552697745766626,2597.7961432506886
227.27272727272728,0.5050505050505051,3.7401288026785595,1.3513339415514016,2640.036730945822
230.9090909090909,0.5050505050505051,3.8165025973169664,1.3473894651411127,2682.277318640955
234.54545454545453,0.5050505050505051,3.893803997851861,1.3434316647002589,2724.5179063360883
238.1818181818182,0.5050505050505051,3.9720232483607587,1.339456583153941,2766.7584940312217
241.8181818181818,0.5050505050505051,4.05115037481149,1.3354610009566041,2808.9990817263547
245.45454545454544,0.5050505050505051,4.1311751871638265,1.331442449855902,2851.2396694214876
249.0909090909091,0.5050505050505051,4.212087281541598,1.327399226521454,2893.480257116621
252.72727272727272,0.5050505050505051,4.2938760424753655,1.32333040608725,2935.720844811754
256.3636363636364,0.5050505050505051,4.376530645214031,1.3192358556421482,2977.961432506888
260.0,0.5050505050505051,4.4600400581050135,1.3151162476902358,3020.2020202020203
263.6363636363636,0.5050505050505051,4.544393045042747,1.310973073586048,3062.4426078971533
267.27272727272725,0.5050505050505051,4.6295781679841665,1.3068086569326456,3104.6831955922867
270.9090909090909,0.5050505050505051,4.715583789530204,1.3026261669125698,3146.923783287419
274.5454545454545,0.5050505050505051,4.8023980755733415,1.2984296315001573,3189.1643709825526
278.1818181818182,0.5050505050505051,4.890008998009728,1.2942239504831186,3231.404958677686
281.8181818181818,0.5050505050505051,4.978404337515113,1.290014908196269,3273.6455463728194
285.45454545454544,0.5050505050505051,5.0675716863832765,1.2858091858456604,3315.8861340679523
289.0909090909091,0.5050505050505051,5.157498451427546,1.281614373273876,3358.126721763086
292.72727272727275,0.5050505050505051,5.248171856942187,1.2774389799878048,3400.367309458219
296.3636363636364,0.5050505050505051,5.3395789477249025,1.2732924452406293,3442.6078971533516
300.0,0.5050505050505051,5.431706592157833,1.2691851469266247,3484.848484848485
303.6363636363636,0.5050505050505051,5.5245414853464405,1.2651284090150348,3527.089072543618
307.27272727272725,0.5050505050505051,5.618070152316397,1.2611345072149838,3569.3296602387513
310.9090909090909,0.5050505050505051,5.712278951265157,1.257216672529141,3611.5702479338843
314.5454545454545,0.5050505050505051,5.8071540768695105,1.253389092320494,3653.8108356290177
318.1818181818182,0.5050505050505051,5.902681563646204,1.2496669084834016,3696.051423324151
321.8181818181818,0.5050505050505051,5.998847289365223,1.2460662122803206,3738.2920110192836
325.45454545454544,0.5050505050505051,6.095636978514758,1.2426040353782548,3780.532598714417
329.09090909090907,0.5050505050505051,6.193036205816298,1.23929833659721,3822.77318640955
332.7272727272727,0.5050505050505051,6.291030399788618,1.2361679838664754,3865.0137741046833
336.3636363636364,0.5050505050505051,6.389604846359706,1.2332327308776392,3907.2543617998167
340.0,0.5050505050505051,6.488744692525568,1.2305131879246167,3949.49494949495
343.6363636363636,0.5050505050505051,6.588434950053459,1.2280307864355293,3991.7355371900826
347.27272727272725,0.5050505050505051,6.688660499230133,1.225807736728898,4033.976124885216
350.9090909090909,0.5050505050505051,6.789406092652234,1.223866978570212,4076.216712580349
354.54545454545456,0.5050505050505051,6.890656359057959,1.2222321241662475,4118.457300275482
358.1818181818182,0.5050505050505051,6.992395807199459,1.2209273933139595,4160.697887970616
361.8181818181818,0.5050505050505051,7.094608829752967,1.219977540521041,4202.938475665748
365.45454545454544,0.5050505050505051,7.197279707267084,1.2194077740345644,4245.179063360882
369.09090909090907,0.5050505050505051,7.300392612146702,1.2192436668536635,4287.419651056014
372.7272727272727,0.5050505050505051,7.403931612671274,1.2195110599605268,4329.6602387511475
376.3636363636364,0.5050505050505051,7.507880677046398,1.2202359581765734,4371.900826446281
380.0,0.5050505050505051,7.612223677487165,1.221444419237676,4414.141414141414
383.6363636363636,0.5050505050505051,7.71694439433166,1.2231624368750318,4456.382001836548
387.27272727272725,0.5050505050505051,7.822026520183215,1.2254158188838973,4498.62258953168
390.9090909090909,0.5050505050505051,7.927453664080057,1.2282300613525818,4540.863177226814
394.54545454545456,0.5050505050505051,8.033209355690948,1.2316302204018268,4583.103764921947
398.1818181818182,0.5050505050505051,8.139277049534831,1.2356407829415472,4625.34435261708
401.8181818181818,0.5050505050505051,8.245640129223897,1.2402855380808375,4667.584940312213
405.45454545454544,0.5050505050505051,8.35228191172762,1.245587450919569,4709.825528007346
409.09090909090907,0.5050505050505051,8.45918565165668,1.2515685404996133,4752.06611570248
412.7272727272727,0.5050505050505051,8.56633454556544,1.2582497636959797,4794.306703397612
416.3636363636364,0.5050505050505051,8.673711736271116,1.2656509067792023,4836.5472910927465
420.0,0.5050505050505051,8.781300317188311,1.2737904862793026,4878.787878787879
60.0,0.5343434343434343,1.3904085245013214,1.6613241816221151,737.3939393939395
63.63636363636363,0.5343434343434343,1.418391678158379,1.6455721354308497,782.0844811753902
67.27272727272727,0.5343434343434343,1.4474986899562605,1.6303847357908063,826.775022956841
70.9090909090909,0.5343434343434343,1.4777307380254499,1.6157537196747598,871.465564738292
74.54545454545455,0.5343434343434343,1.5090887655497074,1.6016701067360737,916.1561065197428
78.18181818181819,0.5343434343434343,1.5415734794627056,1.588124213491764,960.8466483011938
81.81818181818181,0.5343434343434343,1.5751853492125347,1.5751056712674938,1005.5371900826445
85.45454545454545,0.5343434343434343,1.6099246055947223,1.5626034478519408,1050.2277318640954
89.0909090909091,0.5343434343434343,1.6457912396540646,1.550605872764653,1094.9182736455464
92.72727272727272,0.5343434343434343,1.6827850016569572,1.5391006660000195,1139.6088154269971
96.36363636363636,0.5343434343434343,1.7209054001335202,1.5280749700694092,1184.299357208448
100.0,0.5343434343434343,1.7601517009915089,1.5175153851265766,1228.9898989898988
103.63636363636363,0.5343434343434343,1.8005229267007223,1.5074080069280074,1273.6804407713498
107.27272727272728,0.5343434343434343,1.8420178555518296,1.4977384673502052,1318.3709825528008
110.9090909090909,0.5343434343434343,1.884635020985387,1.4884919771624472,1363.0615243342515
114.54545454545455,0.5343434343434343,1.9283727109959843,1.4796533707332382,1407.7520661157025
118.18181818181819,0.5343434343434343,1.9732289676095984,1.4712071523372594,1452.4426078971535
121.81818181818181,0.5343434343434343,2.0192015864347956,1.4631375437203906,1497.1331496786042
125.45454545454545,0.5343434343434343,2.066288116289247,1.455428532579552,1541.823691460055
129.0909090909091,0.5343434343434343,2.1144858589008395,1.4480639216178026,1586.5142332415062
132.72727272727272,0.5343434343434343,2.163791868684041,1.441027377843652,1631.2047750229565
136.36363636363637,0.5343434343434343,2.21420295259258,1.434302481798261,1675.8953168044077
140.0,0.5343434343434343,2.265715670047542,1.4278727764112094,1720.5858585858584
143.63636363636363,0.5343434343434343,2.3183263329422896,1.4217218152082354,1765.2764003673092
147.27272727272725,0.5343434343434343,2.372031005723122,1.4158332096184663,1809.96694214876
150.9090909090909,0.5343434343434343,2.426825505548033,1.410190675156299,1854.6574839302111
154.54545454545456,0.5343434343434343,2.4827054025210957,1.4047780762811228,1899.348025711662
158.1818181818182,0.5343434343434343,2.5396660200048258,1.3995794697687198,1944.038567493113
161.8181818181818,0.5343434343434343,2.597702435008924,1.39457914645748,1988.7291092745638
165.45454545454544,0.5343434343434343,2.656809478657336,1.3897616712628205,2033.4196510560146
169.0909090909091,0.5343434343434343,2.7169817367322784,1.3851119213822654,2078.1101928374655
172.72727272727272,0.5343434343434343,2.7782135502951224,1.3806151226414225,2122.8007346189165
176.36363636363637,0.5343434343434343,2.84049901638548,1.3762568839578186,2167.4912764003675
180.0,0.5343434343434343,2.9038319887972994,1.3720232299233164,2212.1818181818185
183.63636363636363,0.5343434343434343,2.9682060789322824,1.3679006315289393,2256.872359963269
187.27272727272725,0.5343434343434343,3.033614656730715,1.363876035075764,2301.5629017447195
190.9090909090909,0.5343434343434343,3.1000508516788683,1.359936889332938,2346.2534435261705
194.54545454545453,0.5343434343434343,3.1675075538940236,1.3560711710197122,2390.9439853076215
198.1818181818182,0.5343434343434343,3.235977415285766,1.3522674087007558,2435.6345270890724
201.8181818181818,0.5343434343434343,3.305452850793719,1.3485147051951039,2480.3250688705234
205.45454545454544,0.5343434343434343,3.3759260397022297,1.3448027586069686,2525.015610651974
209.0909090909091,0.5343434343434343,3.447388927030085,1.3411218820922992,2569.7061524334254
212.72727272727272,0.5343434343434343,3.5198332249965247,1.337463022480206,2614.396694214876
216.36363636363635,0.5343434343434343,3.5932504145625614,1.3338177778687508,2659.087235996327
220.0,0.5343434343434343,3.66763174704687,1.330178414316123,2703.777777777778
223.63636363636363,0.5343434343434343,3.7429682458164484,1.326537881745822,2748.468319559229
227.27272727272728,0.5343434343434343,3.8192507080515963,1.3228898291818614,2793.15886134068
230.9090909090909,0.5343434343434343,3.8964697065839777,1.3192286194250096,2837.8494031221303
234.54545454545453,0.5343434343434343,3.9746155918082167,1.3155493432754262,2882.5399449035813
238.1818181818182,0.5343434343434343,4.053678493665974,1.3118478333992454,2927.2304866850322
241.8181818181818,0.5343434343434343,4.133648323702029,1.3081206779283643,2971.9210284664828
245.45454545454544,0.5343434343434343,4.214514777191716,1.304365233872519,3016.6115702479337
249.0909090909091,0.5343434343434343,4.2962673353396195,1.3005796404117258,3061.302112029385
252.72727272727272,0.5343434343434343,4.378895267547485,1.2967628321244216,3105.9926538108357
256.3636363636364,0.5343434343434343,4.4623876337527815,1.2929145521933036,3150.6831955922867
260.0,0.5343434343434343,4.546733286835088,1.2890353656152214,3195.373737373737
263.6363636363636,0.5343434343434343,4.631920875091099,1.2851266724254307,3240.064279155188
267.27272727272725,0.5343434343434343,4.717938844776465,1.2811907209282116,3284.7548209366387
270.9090909090909,0.5343434343434343,4.804775442714656,1.2772306209063466,3329.4453627180897
274.5454545454545,0.5343434343434343,4.892418718970742,1.2732503567604816,3374.1359044995406
278.1818181818182,0.5343434343434343,4.9808565295905645,1.26925480050714,3418.826446280992
281.8181818181818,0.5343434343434343,5.0700765394037015,1.265249724538197,3463.5169880624426
285.45454545454544,0.5343434343434343,5.160066224889204,1.2612418140191164,3508.2075298438936
289.0909090909091,0.5343434343434343,5.250812877103675,1.2572386787740002,3552.898071625345
292.72727272727275,0.5343434343434343,5.342303604670271,1.2532488644757307,3597.5886134067955
296.3636363636364,0.5343434343434343,5.434525336828094,1.2492818629270142,3642.2791551882465
300.0,0.5343434343434343,5.527464826540475,1.2453481211850086,3686.969696969697
303.6363636363636,0.5343434343434343,5.621108653661311,1.2414590492469695,3731.660238751148
307.27272727272725,0.5343434343434343,5.71544322815897,1.2376270259790492,3776.350780532599
310.9090909090909,0.5343434343434343,5.810454793395111,1.2338654029341896,3821.0413223140495
314.5454545454545,0.5343434343434343,5.906129429459687,1.2301885056690944,3865.7318640955004
318.1818181818182,0.5343434343434343,6.0024530565586,1.226611632136166,3910.422405876952
321.8181818181818,0.5343434343434343,6.099411438454315,1.2231510476935492,3955.112947658402
325.45454545454544,0.5343434343434343,6.196990185957924,1.2198239762478449,3999.8034894398525
329.09090909090907,0.5343434343434343,6.295174760471421,1.2166485870199721,4044.4940312213034
332.7272727272727,0.5343434343434343,6.393950477578837,1.2136439764073068,4089.184573002754
336.3636363636364,0.5343434343434343,6.4933025106852025,1.2108301444064637,4133.875114784206
340.0,0.5343434343434343,6.593215894701828,1.2082279650619616,4178.565656565656
343.6363636363636,0.5343434343434343,6.693675529777261,1.2058591504207528,4223.256198347107
347.27272727272725,0.5343434343434343,6.794666185071724,1.20374620750018,4267.946740128558
350.9090909090909,0.5343434343434343,6.896172502574251,1.2019123878227451,4312.637281910009
354.54545454545456,0.5343434343434343,6.998179000961207,1.2003816291344094,4357.32782369146
358.1818181818182,0.5343434343434343,7.100670079494936,1.1991784890063197,4402.018365472911
361.8181818181818,0.5343434343434343,7.20363002196034,1.198328070125365,4446.708907254361
365.45454545454544,0.5343434343434343,7.307043000639364,1.1978559372041713,4491.399449035813
369.09090909090907,0.5343434343434343,7.410893080320949,1.1977880255880946,4536.089990817263
372.7272727272727,0.5343434343434343,7.515164222345239,1.1981505418037806,4580.780532598714
376.3636363636364,0.5343434343434343,7.6198402886810275,1.1989698564763187,4625.471074380165
380.0,0.5343434343434343,7.724905046034747,1.2002723902383987,4670.161616161617
383.6363636363636,0.5343434343434343,7.830342169989256,1.2020844934595667,4714.852157943067
387.27272727272725,0.5343434343434343,7.936135249171315,1.2044323208284253,4759.542699724518
390.9090909090909,0.5343434343434343,8.04226778944647,1.207341702021815,4804.233241505968
394.54545454545456,0.5343434343434343,8.148723218139342,1.210838009880723,4848.92378328742
398.1818181818182,0.5343434343434343,8.255484888278275,1.2149460276767126,4893.614325068871
401.8181818181818,0.5343434343434343,8.36253608286231,1.2196898171862884,4938.304866850322
405.45454545454544,0.5343434343434343,8.469860019149735,1.2250925893841766,4982.995408631772
409.09090909090907,0.5343434343434343,8.57743985296606,1.2311765796156187,5027.685950413223
412.7272727272727,0.5343434343434343,8.685258683030026,1.237962929104339,5072.376492194674
416.3636363636364,0.5343434343434343,8.793299555296347,1.2454715745960396,5117.0670339761255
420.0,0.5343434343434343,8.901545467313362,1.2537211478246706,5161.757575757576
60.0,0.5636363636363637,1.4321807713404926,1.6239169630280277,777.8181818181819
63.63636363636363,0.5636363636363637,1.4609322603742712,1.6081989066429252,824.9586776859505
67.27272727272727,0.5636363636363637,1.4908113791828228,1.5930591987725375,872.099173553719
70.9090909090909,0.5636363636363637,1.5218192279703215,1.5784896122794776,919.2396694214876
74.54545454545455,0.5636363636363637,1.5539566708117318,1.5644811586761593,966.3801652892563
78.18181818181819,0.5636363636363637,1.5872243343615073,1.5510241015717379,1013.5206611570251
81.81818181818181,0.5636363636363637,1.6216226066302912,1.538107974261607,1060.6611570247933
85.45454545454545,0.5636363636363637,1.6571516358311493,1.5257216014174622,1107.8016528925623
89.0909090909091,0.5636363636363637,1.693811329294694,1.513853124785841,1154.9421487603308
92.72727272727272,0.5636363636363637,1.731601352455117,1.5024900327544422,1202.0826446280994
96.36363636363636,0.5636363636363637,1.7705211279062674,1.49161919359857,1249.223140495868
100.0,0.5636363636363637,1.8105698345299697,1.4812268921765583,1296.3636363636365
103.63636363636363,0.5636363636363637,1.8517464066961855,1.4712988698024596,1343.504132231405
107.27272727272728,0.5636363636363637,1.894049533535525,1.4618203669907786,1390.6446280991738
110.9090909090909,0.5636363636363637,1.9374776582852773,1.4527761687372975,1437.7851239669424
114.54545454545455,0.5636363636363637,1.9820289777089224,1.4441506519783693,1484.925619834711
118.18181818181819,0.5636363636363637,2.0277014415898424,1.4359278348542623,1532.0661157024797
121.81818181818181,0.5636363636363637,2.0744927522996495,1.4280914273917449,1579.2066115702482
125.45454545454545,0.5636363636363637,2.122400364441268,1.4206248832199593,1626.3471074380166
129.0909090909091,0.5636363636363637,2.1714214845678663,1.413511451935318,1673.4876033057853
132.72727272727272,0.5636363636363637,2.221553070977116,1.4067342317428075,1720.628099173554
136.36363636363637,0.5636363636363637,2.2727918335816106,1.4002762220151372,1767.7685950413227
140.0,0.5636363636363637,2.3251342338558523,1.3941203754329923,1814.9090909090912
143.63636363636363,0.5636363636363637,2.37857648485988,1.3882496493935679,1862.0495867768595
147.27272727272725,0.5636363636363637,2.433114551339255,1.3826470564037063,1909.190082644628
150.9090909090909,0.5636363636363637,2.4887441499030603,1.3772957132046193,1956.3305785123969
154.54545454545456,0.5636363636363637,2.5454607492783206,1.3721788884081911,2003.4710743801656
158.1818181818182,0.5636363636363637,2.6032595706423294,1.3672800484596925,2050.611570247934
161.8181818181818,0.5636363636363637,2.6621355880323163,1.3625829017751472,2097.7520661157027
165.45454545454544,0.5636363636363637,2.722083528832961,1.3580714409364296,2144.8925619834713
169.0909090909091,0.5636363636363637,2.7830978743410855,1.3537299828606089,2192.03305785124
172.72727272727272,0.5636363636363637,2.845172860408864,1.3495432068906739,2239.1735537190084
176.36363636363637,0.5636363636363637,2.9083024781640123,1.3454961907861491,2286.3140495867774
180.0,0.5636363636363637,2.9724804748077798,1.341574444618185,2333.454545454546
183.63636363636363,0.5636363636363637,3.037700354490762,1.3377639425999421,2380.595041322314
187.27272727272725,0.5636363636363637,3.103955379266244,1.3340511529047834,2427.7355371900826
190.9090909090909,0.5636363636363637,3.171238570120501,1.330423065544691,2474.8760330578516
194.54545454545453,0.5636363636363637,3.239542708080502,1.3268672183980277,2522.01652892562
198.1818181818182,0.5636363636363637,3.3088603353987205,1.3233717214900083,2569.1570247933887
201.8181818181818,0.5636363636363637,3.3791837568146876,1.3199252796401622,2616.2975206611573
205.45454545454544,0.5636363636363637,3.4505050408927502,1.3165172136000867,2663.438016528926
209.0909090909091,0.5636363636363637,3.5228160214363307,1.3131374798111681,2710.5785123966944
212.72727272727272,0.5636363636363637,3.5961082989782156,1.3097766889151596,2757.719008264463
216.36363636363635,0.5636363636363637,3.6703732423457422,1.3064261231533023,2804.8595041322315
220.0,0.5636363636363637,3.745601990301962,1.3030777527885382,2852.0000000000005
223.63636363636363,0.5636363636363637,3.821785453261012,1.299724251683583,2899.140495867769
227.27272727272728,0.5636363636363637,3.898914315077695,1.2963590121642345,2946.2809917355376
230.9090909090909,0.5636363636363637,3.976979034911384,1.2929761592911204,2993.4214876033066
234.54545454545453,0.5636363636363637,4.055969849162635,1.2895705646569509,3040.5619834710747
238.1818181818182,0.5636363636363637,4.135876773482922,1.286137859817839,3087.702479338843
241.8181818181818,0.5636363636363637,4.21668960485667,1.2826744494576652,3134.842975206612
245.45454545454544,0.5636363636363637,4.298397923754398,1.2791775243738295,3181.9834710743803
249.0909090909091,0.5636363636363637,4.380991096357263,1.2756450743603873,3229.1239669421493
252.72727272727272,0.5636363636363637,4.464458276851573,1.2720759010518212,3276.264462809918
256.3636363636364,0.5636363636363637,4.548788409793348,1.2684696307750307,3323.404958677687
260.0,0.5636363636363637,4.633970232541398,1.2648267274424736,3370.545454545455
263.6363636363636,0.5636363636363637,4.719992277758453,1.2611485055006313,3417.6859504132235
267.27272727272725,0.5636363636363637,4.806842875980239,1.2574371429301687,3464.826446280992
270.9090909090909,0.5636363636363637,4.89451015825027,1.2536956942730781,3511.9669421487606
274.5454545454545,0.5636363636363637,4.98298205882147,1.2499281036399061,3559.1074380165287
278.1818181818182,0.5636363636363637,5.07224631792147,1.2461392176265675,3606.247933884298
281.8181818181818,0.5636363636363637,5.16229048458263,1.2423347980442934,3653.3884297520663
285.45454545454544,0.5636363636363637,5.2531019195354185,1.2385215343382014,3700.5289256198353
289.0909090909091,0.5636363636363637,5.3446677981627,1.2347070555409643,3747.6694214876043
292.72727272727275,0.5636363636363637,5.436975113516549,1.2308999415759259,3794.809917355373
296.3636363636364,0.5636363636363637,5.5300106793945005,1.2271097336912584,3841.950413223141
300.0,0.5636363636363637,5.623761133474989,1.223346943770935,3889.09090909091
303.6363636363636,0.5636363636363637,5.718212940511173,1.2196230622326552,3936.231404958678
307.27272727272725,0.5636363636363637,5.81335239558156,1.215950564185373,3983.3719008264466
310.9090909090909,0.5636363636363637,5.909165627396887,1.2123429134806076,4030.512396694215
314.5454545454545,0.5636363636363637,6.005638601661154,1.208814564255289,4077.6528925619837
318.1818181818182,0.5636363636363637,6.102757124487324,1.2053809595260598,4124.793388429753
321.8181818181818,0.5636363636363637,6.200506845864876,1.2020585263623873,4171.933884297521
325.45454545454544,0.5636363636363637,6.29887326317901,1.1988646671334098,4219.07438016529
329.09090909090907,0.5636363636363637,6.39784172477964,1.1958177462991195,4266.214876033058
332.7272727272727,0.5636363636363637,6.497397433599989,1.1929370721969699,4313.355371900827
336.3636363636364,0.5636363636363637,6.597525450822291,1.1902428732651067,4360.495867768596
340.0,0.5636363636363637,6.6982106995899535,1.187756268143619,4407.636363636364
343.6363636363636,0.5636363636363637,6.79943796876533,1.185499229109857,4454.7768595041325
347.27272727272725,0.5636363636363637,6.901191916730692,1.1834945383317341,4501.917355371901
350.9090909090909,0.5636363636363637,7.003457075232206,1.181765736470518,4549.05785123967
354.54545454545456,0.5636363636363637,7.106217853264884,1.1803370632295984,4596.198347107438
358.1818181818182,0.5636363636363637,7.209458540997219,1.1792333895336362,4643.338842975208
361.8181818181818,0.5636363636363637,7.313163313734645,1.1784801411307813,4690.479338842975
365.45454545454544,0.5636363636363637,7.417316235919491,1.17810321354387,4737.619834710745
369.09090909090907,0.5636363636363637,7.521901265167241,1.1781288784486839,4784.760330578512
372.7272727272727,0.5636363636363637,7.626902256336604,1.178583681733809,4831.900826446281
376.3636363636364,0.5636363636363637,7.732302965632396,1.1794943336874701,4879.04132231405
380.0,0.5636363636363637,7.838087054739924,1.1808875919636546,4926.181818181819
383.6363636363636,0.5636363636363637,7.94423809498909,1.1827901381937433,4973.3223140495875
387.27272727272725,0.5636363636363637,8.050739571547362,1.1852284493256924,5020.462809917356
390.9090909090909,0.5636363636363637,8.157574887639027,1.1882286649828049,5067.603305785124
394.54545454545456,0.5636363636363637,8.264727368790483,1.1918164523279247,5114.743801652893
398.1818181818182,0.5636363636363637,8.372180267099056,1.1960168700903633,5161.884297520662
401.8181818181818,0.5636363636363637,8.479916765524758,1.2008542335493653,5209.02479338843
405.45454545454544,0.5636363636363637,8.587919982202274,1.2063519823643725,5256.165289256199
409.09090909090907,0.5636363636363637,8.696172974773129,1.2125325531885756,5303.305785123967
412.7272727272727,0.5636363636363637,8.804658744735038,1.2194172589946717,5350.446280991736
416.3636363636364,0.5636363636363637,8.913360241808062,1.2270261769767326,5397.586776859505
420.0,0.5636363636363637,9.022260368315164,1.2353780467674074,5444.727272727273
60.0,0.592929292929293,1.474365377050665,1.5886922883245,818.2424242424242
63.63636363636363,0.592929292929293,1.5038884283443856,1.5730052622353907,867.8328741965106
67.27272727272727,0.592929292929293,1.5345428313936722,1.5579100544945368,917.4233241505968
70.9090909090909,0.592929292929293,1.566329607715839,1.5433984902781235,967.0137741046832
74.54545454545455,0.592929292929293,1.5992495415256132,1.5294615886619698,1016.6042240587697
78.18181818181819,0.592929292929293,1.6333031784565577,1.516089575178301,1066.194674012856
81.81818181818181,0.592929292929293,1.668490824350184,1.5032718989170863,1115.7851239669421
85.45454545454545,0.592929292929293,1.7048125441157929,1.4909972541439405,1165.3755739210285
89.0909090909091,0.592929292929293,1.742268160658667,1.479253606348202,1214.9660238751148
92.72727272727272,0.592929292929293,1.7808572538801037,1.468028222579013,1264.556473829201
96.36363636363636,0.592929292929293,1.8205791597482675,1.4573077058729131,1314.1469237832873
100.0,0.592929292929293,1.8614329694407958,1.4470780335245268,1363.7373737373737
103.63636363636363,0.592929292929293,1.9034175285599062,1.4373245989059775,1413.32782369146
107.27272727272728,0.592929292929293,1.9465314364209378,1.428032256498854,1462.9182736455466
110.9090909090909,0.592929292929293,1.9907730454137482,1.4191853697680032,1512.5087235996327
114.54545454545455,0.592929292929293,2.036140460438591,1.4107678614790011,1562.099173553719
118.18181818181819,0.592929292929293,2.0826315384164706,1.4027632660408964,1611.6896235078054
121.81818181818181,0.592929292929293,2.1302438878742453,1.395154783443961,1661.2800734618918
125.45454545454545,0.592929292929293,2.178974868605275,1.3879253343579814,1710.8705234159781
129.0909090909091,0.592929292929293,2.2288215914056755,1.381057615960155,1760.4609733700643
132.72727272727272,0.592929292929293,2.27978091788685,1.3745341580725265,1810.0514233241506
136.36363636363637,0.592929292929293,2.3318494603641824,1.3683373792061388,1859.641873278237
140.0,0.592929292929293,2.38502358182272,1.3624496421326762,1909.2323232323233
143.63636363636363,0.592929292929293,2.439299395959587,1.3568533086326053,1958.8227731864094
147.27272727272725,0.592929292929293,2.4946727673038893,1.3515307931015184,2008.4132231404956
150.9090909090909,0.592929292929293,2.551139311413885,1.3464646147318002,2058.0036730945826
154.54545454545456,0.592929292929293,2.6086943951515114,1.3416374480246407,2107.5941230486687
158.1818181818182,0.592929292929293,2.6673331370354294,1.3370321714268747,2157.1845730027553
161.8181818181818,0.592929292929293,2.7270504076707534,1.332631913925526,2206.7750229568414
165.45454545454544,0.592929292929293,2.787840830257716,1.3284200994728503,2256.3654729109276
169.0909090909091,0.592929292929293,2.8496987811781063,1.324380489151871,2305.955922865014
172.72727272727272,0.592929292929293,2.9126183906589818,1.320497221028212,2355.5463728191003
176.36363636363637,0.592929292929293,2.976593543515513,1.3167548476679627,2405.136822773187
180.0,0.592929292929293,3.0416178799709366,1.3131383713320308,2454.727272727273
183.63636363636363,0.592929292929293,3.107684796554456,1.3096332768854597,2504.317722681359
187.27272727272725,0.592929292929293,3.1747874470773203,1.3062255624849863,2553.908172635445
190.9090909090909,0.592929292929293,3.2429187436861477,1.3029017681296653,2603.498622589532
194.54545454545453,0.592929292929293,3.312071357993868,1.2996490021779055,2653.089072543618
198.1818181818182,0.592929292929293,3.3822377222875595,1.2964549659490818,2702.6795224977045
201.8181818181818,0.592929292929293,3.453410030813939,1.29330797654012,2752.2699724517906
205.45454545454544,0.592929292929293,3.52558024114098,1.2901969879967319,2801.8604224058768
209.0909090909091,0.592929292929293,3.598740075596189,1.2871116109847425,2851.450872359964
212.72727272727272,0.592929292929293,3.6728810227810875,1.2840421311113581,2901.04132231405
216.36363636363635,0.592929292929293,3.7479943391613864,1.2809795260472037,2950.6317722681356
220.0,0.592929292929293,3.8240710507323294,1.2779154815993428,3000.2222222222226
223.63636363636363,0.592929292929293,3.9011019547592536,1.2748424068822937,3049.8126721763088
227.27272727272728,0.592929292929293,3.979077621592361,1.271753448730401,3099.403122130395
230.9090909090909,0.592929292929293,4.057988396555764,1.2686425054874957,3148.993572084481
234.54545454545453,0.592929292929293,4.137824401909752,1.2655042403031398,3198.584022038567
238.1818181818182,0.592929292929293,4.218575538885982,1.2623340940545642,3248.174471992654
241.8181818181818,0.592929292929293,4.300231489795357,1.259128298003934,3297.7649219467403
245.45454545454544,0.592929292929293,4.38278172020718,1.2558838862879294,3347.3553719008264
249.0909090909091,0.592929292929293,4.466215481199586,1.252598708324243,3396.9458218549134
252.72727272727272,0.592929292929293,4.550521811680676,1.2492714412050459,3446.5362718089996
256.3636363636364,0.592929292929293,4.635689540778973,1.2459016021318394,3496.1267217630857
260.0,0.592929292929293,4.721707290303108,1.2424895609296467,3545.717171717172
263.6363636363636,0.592929292929293,4.808563477269691,1.239036552659787,3595.307621671258
267.27272727272725,0.592929292929293,4.8962463164987104,1.2355446903307596,3644.898071625344
270.9090909090909,0.592929292929293,4.984743823275585,1.2320169776858714,3694.48852157943
274.5454545454545,0.592929292929293,5.074043816078941,1.2284573220222956,3744.078971533517
278.1818181818182,0.592929292929293,5.164133919373271,1.2248705469724568,3793.6694214876034
281.8181818181818,0.592929292929293,5.255001566466001,1.2212624051506735,3843.2598714416895
285.45454545454544,0.592929292929293,5.346634002427317,1.2176395905405206,3892.8503213957756
289.0909090909091,0.592929292929293,5.439018287072382,1.2140097504665546,3942.440771349863
292.72727272727275,0.592929292929293,5.532141298004394,1.210381496962137,3992.031221303949
296.3636363636364,0.592929292929293,5.625989733718529,1.2067644173098315,4041.621671258036
300.0,0.592929292929293,5.7205501167644535,1.2031690834952264,4091.212121212122
303.6363636363636,0.592929292929293,5.8158087969670245,1.199607060276408,4140.802571166208
307.27272727272725,0.592929292929293,5.9117519547044655,1.1960909115330336,4190.393021120294
310.9090909090909,0.592929292929293,6.008365604241863,1.192634204519112,4239.983471074381
314.5454545454545,0.592929292929293,6.105635597120136,1.1892515116045541,4289.573921028466
318.1818181818182,0.592929292929293,6.203547625598146,1.1859584090520916,4339.164370982553
321.8181818181818,0.592929292929293,6.302087226147694,1.1827714723405256,4388.75482093664
325.45454545454544,0.592929292929293,6.401239782999443,1.179708267512359,4438.345270890726
329.09090909090907,0.592929292929293,6.500990531739571,1.1767873379970353,4487.935720844812
332.7272727272727,0.592929292929293,6.601324562954216,1.1740281863404491,4537.526170798898
336.3636363636364,0.592929292929293,6.702226825923146,1.1714512502601049,4587.116620752985
340.0,0.592929292929293,6.80368213235791,1.1690778724452728,4636.707070707071
343.6363636363636,0.592929292929293,6.90567516018668,1.1669302635350296,4686.297520661157
347.27272727272725,0.592929292929293,7.008190457381653,1.1650314577365481,4735.887970615244
350.9090909090909,0.592929292929293,7.111212445829609,1.1634052605934082,4785.4784205693295
354.54545454545456,0.592929292929293,7.214725425243165,1.1620761884824888,4835.068870523416
358.1818181818182,0.592929292929293,7.318713577111593,1.161069399507558,4884.659320477503
361.8181818181818,0.592929292929293,7.423160968690455,1.160410615571465,4934.249770431589
365.45454545454544,0.592929292929293,7.528051557027696,1.1601260355466376,4983.840220385675
369.09090909090907,0.592929292929293,7.633369193025477,1.1602422396232959,5033.4306703397615
372.7272727272727,0.592929292929293,7.7390976255356945,1.1607860850981064,5083.021120293847
376.3636363636364,0.592929292929293,7.845220505489098,1.1617845940658516,5132.611570247935
380.0,0.592929292929293,7.951721390054016,1.1632648336932199,5182.20202020202
383.6363636363636,0.592929292929293,8.058583746826626,1.165253789976008,5231.792470156107
387.27272727272725,0.592929292929293,8.165790958047943,1.1677782361084117,5281.382920110193
390.9090909090909,0.592929292929293,8.273326324848338,1.1708645968093643,5330.973370064279
394.54545454545456,0.592929292929293,8.381173071517189,1.1745388101549472,5380.563820018366
398.1818181818182,0.592929292929293,8.489314349795986,1.1788261886412097,5430.154269972452
401.8181818181818,0.592929292929293,8.597733243194263,1.1837512813438646,5479.744719926538
405.45454545454544,0.592929292929293,8.706412771325365,1.1893377391375881,5529.335169880625
409.09090909090907,0.592929292929293,8.815335894262308,1.1956081849833016,5578.92561983471
412.7272727272727,0.592929292929293,8.924485516910156,1.2025840912788546,5628.516069788797
416.3636363636364,0.592929292929293,9.033844493395739,1.210285666195497,5678.106519742884
420.0,0.592929292929293,9.143395631470927,1.2187317507875208,5727.69696969697
60.0,0.6222222222222222,1.516929618384899,1.5557136295964293,858.6666666666667
63.63636363636363,0.6222222222222222,1.5472272389794064,1.5400548357673376,910.7070707070706
67.27272727272727,0.6222222222222222,1.5786598838392578,1.5250010075793736,962.7474747474746
70.9090909090909,0.6222222222222222,1.6112284950578903,1.510544037690532,1014.7878787878788
74.54545454545455,0.6222222222222222,1.6449337762626914,1.4966749675684672,1066.828282828283
78.18181818181819,0.6222222222222222,1.6797761913486173,1.4833839990060422,1118.868686868687
81.81818181818181,0.6222222222222222,1.7157559632810395,1.4706605106027066,1170.9090909090908
85.45454545454545,0.6222222222222222,1.7528730729679287,1.4584930791991788,1222.949494949495
89.0909090909091,0.6222222222222222,1.7911272582027857,1.446869506188561,1274.989898989899
92.72727272727272,0.6222222222222222,1.8305180126784082,1.4357768485613442,1327.030303030303
96.36363636363636,0.6222222222222222,1.8710445850719735,1.4252014544797056,1379.0707070707072
100.0,0.6222222222222222,1.9127059782032525,1.415129003116434,1431.111111111111
103.63636363636363,0.6222222222222222,1.9555009482645431,1.4055445484397044,1483.1515151515152
107.27272727272728,0.6222222222222222,1.9994280041250088,1.3964325665757713,1535.1919191919194
110.9090909090909,0.6222222222222222,2.044485406708178,1.3877770063419352,1587.2323232323233
114.54545454545455,0.6222222222222222,2.090671168444157,1.3795613425074502,1639.2727272727275
118.18181818181819,0.6222222222222222,2.1379830527968506,1.3717686313181205,1691.3131313131314
121.81818181818181,0.6222222222222222,2.186418573866119,1.364381567803665,1743.3535353535353
125.45454545454545,0.6222222222222222,2.2359749960659343,1.357382544382336,1795.3939393939395
129.0909090909091,0.6222222222222222,2.2866493338786604,1.350753710280599,1847.4343434343436
132.72727272727272,0.6222222222222222,2.338438351685343,1.3444770312966803,1899.4747474747476
136.36363636363637,0.6222222222222222,2.391338563673555,1.338534349457173,1951.5151515151517
140.0,0.6222222222222222,2.4453462338214376,1.3329074421420617,2003.5555555555557
143.63636363636363,0.6222222222222222,2.5004573759594972,1.3275780802858206,2055.5959595959594
147.27272727272725,0.6222222222222222,2.5566677539102267,1.3225280852990302,2107.6363636363635
150.9090909090909,0.6222222222222222,2.6139728817046803,1.3177393843963632,2159.6767676767677
154.54545454545456,0.6222222222222222,2.6723680238776977,1.313194064059185,2211.717171717172
158.1818181818182,0.6222222222222222,2.7318481958409606,1.3088744214056973,2263.7575757575755
161.8181818181818,0.6222222222222222,2.7924081643339047,1.3047630132866013,2315.79797979798
165.45454545454544,0.6222222222222222,2.854042447953402,1.3008427029676515,2367.838383838384
169.0909090909091,0.6222222222222222,2.9167453177610616,1.2970967043040376,2419.878787878788
172.72727272727272,0.6222222222222222,2.9805107979696164,1.2935086233507933,2471.9191919191917
176.36363636363637,0.6222222222222222,3.0453326667065834,1.2900624973922277,2523.9595959595963
180.0,0.6222222222222222,3.111204456857343,1.2867428314070086,2576.0
183.63636363636363,0.6222222222222222,3.178119456985165,1.2835346320168755,2628.0404040404037
187.27272727272725,0.6222222222222222,3.2460707123300505,1.2804234389945535,2680.080808080808
190.9090909090909,0.6222222222222222,3.3150510258850225,1.2773953544292203,2732.121212121212
194.54545454545453,0.6222222222222222,3.3850529595504604,1.274437069668867,2784.1616161616157
198.1818181818182,0.6222222222222222,3.456068835365495,1.2715358901738132,2836.2020202020203
201.8181818181818,0.6222222222222222,3.5280907368170693,1.2686797584293612,2888.2424242424245
205.45454545454544,0.6222222222222222,3.601110510225581,1.2658572750745192,2940.282828282828
209.0909090909091,0.6222222222222222,3.6751197662074766,1.263057718409713,2992.3232323232323
212.72727272727272,0.6222222222222222,3.7501098812139313,1.2602710624506563,3044.3636363636365
216.36363636363635,0.6222222222222222,3.8260719991458894,1.257487993695536,3096.40404040404
220.0,0.6222222222222222,3.9029970330439046,1.2546999267717027,3148.4444444444443
223.63636363636363,0.6222222222222222,3.9808756668540006,1.251899019124434,3200.4848484848485
227.27272727272728,0.6222222222222222,4.059698357267566,1.249078184904492,3252.5252525252527
230.9090909090909,0.6222222222222222,4.139455335635458,1.2462311082043291,3304.5656565656564
234.54545454545453,0.6222222222222222,4.220136609956212,1.2433522557836652,3356.6060606060605
238.1818181818182,0.6222222222222222,4.301731966936921,1.2404368894155977,3408.6464646464647
241.8181818181818,0.6222222222222222,4.384230974126343,1.237481077971805,3460.686868686869
245.45454545454544,0.6222222222222222,4.467622982120838,1.2344817093538534,3512.7272727272725
249.0909090909091,0.6222222222222222,4.551897126840431,1.2314365023627265,3564.7676767676767
252.72727272727272,0.6222222222222222,4.637042331876361,1.228344018583642,3616.808080808081
256.3636363636364,0.6222222222222222,4.723047310907702,1.2252036743474333,3668.848484848485
260.0,0.6222222222222222,4.809900570187987,1.2220157528105653,3720.8888888888887
263.6363636363636,0.6222222222222222,4.897590411099064,1.2187814161784694,3772.929292929293
267.27272727272725,0.6222222222222222,4.986104932773604,1.2155027180746254,3824.9696969696965
270.9090909090909,0.6222222222222222,5.075432034783556,1.2121826160367526,3877.0101010101007
274.5454545454545,0.6222222222222222,5.165559419895114,1.208824984096926,3929.0505050505044
278.1818181818182,0.6222222222222222,5.256474596888034,1.2054346253768327,3981.090909090909
281.8181818181818,0.6222222222222222,5.348164883439806,1.2020172846019261,4033.131313131313
285.45454545454544,0.6222222222222222,5.440617409072363,1.1985796604084538,4085.171717171717
289.0909090909091,0.6222222222222222,5.533819118161175,1.1951294172852205,4137.212121212122
292.72727272727275,0.6222222222222222,5.6277567730059035,1.191675196959007,4189.252525252526
296.3636363636364,0.6222222222222222,5.722416956960869,1.1882266289961423,4241.292929292929
300.0,0.6222222222222222,5.817786077624989,1.1847943403553387,4293.333333333333
303.6363636363636,0.6222222222222222,5.913850370089598,1.1813899635878367,4345.373737373738
307.27272727272725,0.6222222222222222,6.010595900243582,1.1780261433403707,4397.414141414141
310.9090909090909,0.6222222222222222,6.108008568134119,1.1747165407759477,4449.454545454545
314.5454545454545,0.6222222222222222,6.206074111382704,1.1714758354858423,4501.494949494949
318.1818181818182,0.6222222222222222,6.304778108654185,1.1683197244271346,4553.535353535353
321.8181818181818,0.6222222222222222,6.404105983178852,1.1652649173818779,4605.575757575758
325.45454545454544,0.6222222222222222,6.5040430063254515,1.162329128400579,4657.616161616162
329.09090909090907,0.6222222222222222,6.604574301224277,1.159531062662821,4709.656565656565
332.7272727272727,0.6222222222222222,6.705684846439318,1.1568903981676004,4761.696969696969
336.3636363636364,0.6222222222222222,6.807359479687581,1.1544277616523235,4813.737373737374
340.0,0.6222222222222222,6.9095829016049155,1.1521646981391713,4865.777777777778
343.6363636363636,0.6222222222222222,7.0123396795567405,1.1501236335209195,4917.818181818182
347.27272727272725,0.6222222222222222,7.115614251492248,1.148327829627513,4969.858585858586
350.9090909090909,0.6222222222222222,7.21939092984143,1.1468013312644882,5021.898989898989
354.54545454545456,0.6222222222222222,7.3236539054519305,1.14556890478321,5073.939393939394
358.1818181818182,0.6222222222222222,7.428387251567175,1.1446559678369534,5125.979797979798
361.8181818181818,0.6222222222222222,7.533574927840631,1.1440885100940894,5178.020202020202
365.45454545454544,0.6222222222222222,7.639200784388763,1.143893004821633,5230.060606060606
369.09090909090907,0.6222222222222222,7.7452485658778585,1.144096311419791,5282.10101010101
372.7272727272727,0.6222222222222222,7.851701915645777,1.1447255691768858,5334.141414141413
376.3636363636364,0.6222222222222222,7.958544379855419,1.145808082723239,5386.181818181818
380.0,0.6222222222222222,8.065759411679748,1.1473711998861802,5438.222222222223
383.6363636363636,0.6222222222222222,8.173330375516011,1.149442182881266,5490.262626262626
387.27272727272725,0.6222222222222222,8.281240551228269,1.152048074008661,5542.30303030303
390.9090909090909,0.6222222222222222,8.38947313841597,1.1552155572499856,5594.343434343434
394.54545454545456,0.6222222222222222,8.498011260708235,1.1589708173710427,5646.383838383838
398.1818181818182,0.6222222222222222,8.606837970081196,1.163339398317077,5698.424242424242
401.8181818181818,0.6222222222222222,8.715936251197187,1.168346062832735,5750.464646464647
405.45454545454544,0.6222222222222222,8.825289025765136,1.1740146553361666,5802.50505050505
409.09090909090907,0.6222222222222222,8.934879156918894,1.1803679701210068,5854.545454545454
412.7272727272727,0.6222222222222222,9.044689453613707,1.1874276269420039,5906.585858585858
416.3636363636364,0.6222222222222222,9.154702675037855,1.1952139559597874,5958.626262626263
420.0,0.6222222222222222,9.264901535039378,1.2037458938754177,6010.666666666666
60.0,0.6515151515151516,1.559840648062642,1.5250395519827324,899.0909090909091
63.63636363636363,0.6515151515151516,1.5909156225433616,1.5094063780152869,953.5812672176309
67.27272727272727,0.6515151515151516,1.623129244516286,1.494390898817823,1008.0716253443527
70.9090909090909,0.6515151515151516,1.656482375938487,1.4799850879719585,1062.5619834710744
74.54545454545455,0.6515151515151516,1.690975639147167,1.466180022877057,1117.0523415977964
78.18181818181819,0.6515151515151516,1.7266094156059655,1.452965895084331,1171.5426997245181
81.81818181818181,0.6515151515151516,1.7633838447209431,1.4403320260312584,1226.0330578512398
85.45454545454545,0.6515151515151516,1.8012988227268902,1.4282668881842817,1280.5234159779616
89.0909090909091,0.6515151515151516,1.8403540016436315,1.4167581315230726,1335.0137741046835
92.72727272727272,0.6515151515151516,1.880548788304388,1.4057926152268363,1389.504132231405
96.36363636363636,0.6515151515151516,1.9218823434558594,1.3953564443505655,1443.9944903581268
100.0,0.6515151515151516,1.9643535809312782,1.3854350112104903,1498.4848484848485
103.63636363636363,0.6515151515151516,2.0079611668959974,1.3760130411352065,1552.9752066115702
107.27272727272728,0.6515151515151516,2.052703519167637,1.3670746421822952,1607.4655647382924
110.9090909090909,0.6515151515151516,2.09857880660985,1.3586033583723336,1661.955922865014
114.54545454545455,0.6515151515151516,2.145584948601268,1.3505822259535625,1716.4462809917359
118.18181818181819,0.6515151515151516,2.1937196145795657,1.3429938321818435,1770.9366391184576
121.81818181818181,0.6515151515151516,2.2429802236610845,1.3358203760828131,1825.426997245179
125.45454545454545,0.6515151515151516,2.293363944336307,1.3290437306553695,1879.917355371901
129.0909090909091,0.6515151515151516,2.3448676942428976,1.3226455059792592,1934.407713498623
132.72727272727272,0.6515151515151516,2.3974881400136354,1.3166071127016803,1988.8980716253445
136.36363636363637,0.6515151515151516,2.451221697203244,1.3109098254005527,2043.3884297520665
140.0,0.6515151515151516,2.506064530291555,1.305534845351185,2097.878787878788
143.63636363636363,0.6515151515151516,2.562012552764802,1.3004633622602078,2152.3691460055097
147.27272727272725,0.6515151515151516,2.619061427274496,1.295676614572346,2206.8595041322315
150.9090909090909,0.6515151515151516,2.6772065658744593,1.2911559480023138,2261.3498622589536
154.54545454545456,0.6515151515151516,2.736443130336161,1.2868828719922607,2315.8402203856754
158.1818181818182,0.6515151515151516,2.7967660325424513,1.282839113846183,2370.330578512397
161.8181818181818,0.6515151515151516,2.8581699349595038,1.2790066703430816,2424.820936639119
165.45454545454544,0.6515151515151516,2.9206492511874913,1.2753678566801925,2479.3112947658406
169.0909090909091,0.6515151515151516,2.984198146589706,1.2719053526456334,2533.8016528925623
172.72727272727272,0.6515151515151516,3.0488105390005478,1.2686022459649973,2588.292011019284
176.36363636363637,0.6515151515151516,3.114480099511421,1.265442072808332,2642.7823691460057
180.0,0.6515151515151516,3.181200253336047,1.262408855482099,2697.272727272728
183.63636363636363,0.6515151515151516,3.248964180753098,1.2594871373651573,2751.763085399449
187.27272727272725,0.6515151515151516,3.3177648181280954,1.2566620151771655,2806.253443526171
190.9090909090909,0.6515151515151516,3.3875948590125766,1.2539191686939868,2860.7438016528927
194.54545454545453,0.6515151515151516,3.458446755321967,1.2512448880455547,2915.2341597796144
198.1818181818182,0.6515151515151516,3.5303127185906327,1.248626098748838,2969.7245179063366
201.8181818181818,0.6515151515151516,3.6031847213046104,1.2460503846421622,3024.2148760330583
205.45454545454544,0.6515151515151516,3.6770544983114313,1.243506008896138,3078.70523415978
209.0909090909091,0.6515151515151516,3.7519135483070594,1.240981933282893,3133.1955922865022
212.72727272727272,0.6515151515151516,3.8277531353988765,1.2384678358883718,3187.6859504132235
216.36363636363635,0.6515151515151516,3.9045642907454186,1.2359541274521066,3242.1763085399452
220.0,0.6515151515151516,3.982337814271509,1.2334319665174986,3296.666666666667
223.63636363636363,0.6515151515151516,4.0610642764585645,1.2308932735698999,3351.1570247933887
227.27272727272728,0.6515151515151516,4.14073402021006,1.2283307443342175,3405.647382920111
230.9090909090909,0.6515151515151516,4.221337162791303,1.2257378623948174,3460.137741046832
234.54545454545453,0.6515151515151516,4.30286359784274,1.2231089112908813,3514.628099173554
238.1818181818182,0.6515151515151516,4.385302997466622,1.2204389862288998,3569.118457300276
241.8181818181818,0.6515151515151516,4.468644814386645,1.2177240055414302,3623.608815426998
245.45454545454544,0.6515151515151516,4.55287828417894,1.2149607220074576,3678.099173553719
249.0909090909091,0.6515151515151516,4.637992427574978,1.2121467341342274,3732.5895316804417
252.72727272727272,0.6515151515151516,4.723976052835181,1.2092804974851017,3787.079889807163
256.3636363636364,0.6515151515151516,4.8108177581919325,1.206361336119321,3841.5702479338847
260.0,0.6515151515151516,4.898505934362371,1.2033894541922299,3896.0606060606065
263.6363636363636,0.6515151515151516,4.987028767129607,1.200365947743147,3950.5509641873277
267.27272727272725,0.6515151515151516,5.0763742399909955,1.197292816677874,4005.0413223140495
270.9090909090909,0.6515151515151516,5.166530136874136,1.194172976928678,4059.5316804407717
274.5454545454545,0.6515151515151516,5.25748404491806,1.1910102727507692,4114.022038567493
278.1818181818182,0.6515151515151516,5.349223357319682,1.1878094890870503,4168.512396694216
281.8181818181818,0.6515151515151516,5.441735276244931,1.1845763639050129,4223.002754820937
285.45454545454544,0.6515151515151516,5.535006815802301,1.181317600378407,4277.493112947659
289.0909090909091,0.6515151515151516,5.629024805079345,1.1780408787550283,4331.983471074381
292.72727272727275,0.6515151515151516,5.723775891239537,1.1747548677152135,4386.4738292011025
296.3636363636364,0.6515151515151516,5.8192465426808795,1.171469234991087,4440.964187327824
300.0,0.6515151515151516,5.915423052252049,1.1681946569763562,4495.454545454546
303.6363636363636,0.6515151515151516,6.01229154052769,1.1649428270166307,4549.944903581268
307.27272727272725,0.6515151515151516,6.10983795914048,1.1617264620288161,4604.435261707989
310.9090909090909,0.6515151515151516,6.208048094169014,1.1585593070556923,4658.925619834711
314.5454545454545,0.6515151515151516,6.306907569580408,1.1554561373192964,4713.415977961433
318.1818181818182,0.6515151515151516,6.406401850727286,1.1524327572957842,4767.906336088155
321.8181818181818,0.6515151515151516,6.506516247895592,1.1495059962949965,4822.396694214876
325.45454545454544,0.6515151515151516,6.607235919905369,1.1466936999928479,4876.887052341598
329.09090909090907,0.6515151515151516,6.70854587776026,1.14401471733392,4931.37741046832
332.7272727272727,0.6515151515151516,6.810430988346608,1.1414888821991944,4985.8677685950415
336.3636363636364,0.6515151515151516,6.9128759781790245,1.1391369892202048,5040.358126721763
340.0,0.6515151515151516,7.01586543719338,1.1369807631195248,5094.848484848486
343.6363636363636,0.6515151515151516,7.1193838225835675,1.1350428209702592,5149.338842975208
347.27272727272725,0.6515151515151516,7.2234154626822304,1.1333466267975807,5203.829201101929
350.9090909090909,0.6515151515151516,7.327944560883962,1.1319164379949251,5258.31955922865
354.54545454545456,0.6515151515151516,7.432955199608456,1.130777243099047,5312.809917355373
358.1818181818182,0.6515151515151516,7.538431344304231,1.1299546905642195,5367.300275482095
361.8181818181818,0.6515151515151516,7.64435684748935,1.1294750082964722,5421.790633608816
365.45454545454544,0.6515151515151516,7.750715452829386,1.1293649138560071,5476.280991735538
369.09090909090907,0.6515151515151516,7.857490799250334,1.1296515154074196,5530.771349862259
372.7272727272727,0.6515151515151516,7.964666425085329,1.130362203694065,5585.261707988981
376.3636363636364,0.6515151515151516,8.072225772253741,1.1315245355278802,5639.752066115704
380.0,0.6515151515151516,8.180152190470592,1.1331661095180643,5694.242424242425
383.6363636363636,0.6515151515151516,8.28842894148628,1.1353144350028572,5748.732782369147
387.27272727272725,0.6515151515151516,8.397039203353158,1.1379967953895422,5803.223140495868
390.9090909090909,0.6515151515151516,8.50596607471873,1.141240107343279,5857.71349862259
394.54545454545456,0.6515151515151516,8.615192579144264,1.1450707774797266,5912.203856749313
398.1818181818182,0.6515151515151516,8.724701669445691,1.1495145584046458,5966.694214876034
401.8181818181818,0.6515151515151516,8.834476232056973,1.1545964060909004,6021.184573002756
405.45454545454544,0.6515151515151516,8.94449909141364,1.1603403406825512,6075.674931129477
409.09090909090907,0.6515151515151516,9.054753014354523,1.1667693128574583,6130.1652892562
412.7272727272727,0.6515151515151516,9.16522071454093,1.173905077858469,6184.6556473829205
416.3636363636364,0.6515151515151516,9.27588485689149,1.18176807921575,6239.146005509642
420.0,0.6515151515151516,9.386728062030667,1.1903773440293206,6293.636363636365
60.0,0.6808080808080809,1.6030655274812347,1.496722419327409,939.5151515151516
63.63636363636363,0.6808080808080809,1.634920415486195,1.4811124504300404,996.455463728191
67.27272727272727,0.6808080808080809,1.667917525120986,1.4661323879903687,1053.3957759412306
70.9090909090909,0.6808080808080809,1.7020576375184637,1.451774297775648,1110.3360881542699
74.54545454545455,0.6808080808080809,1.7373412930475087,1.4380293049693924,1167.2764003673096
78.18181818181819,0.6808080808080809,1.773768790072661,1.424887603200497,1224.2167125803492
81.81818181818181,0.6808080808080809,1.8113401837831349,1.4123384694159353,1281.1570247933885
85.45454545454545,0.6808080808080809,1.850055285093159,1.400370284628187,1338.097337006428
89.0909090909091,0.6808080808080809,1.8899136596125397,1.3889705604839366,1395.0376492194675
92.72727272727272,0.6808080808080809,1.930914626689689,1.3781259715188765,1451.9779614325068
96.36363636363636,0.6808080808080809,1.9730572585263886,1.3678223928806847,1508.9182736455464
100.0,0.6808080808080809,2.0163403793663806,1.3580449432239237,1565.858585858586
103.63636363636363,0.6808080808080809,2.060762564756706,1.3487780324084933,1622.7988980716252
107.27272727272728,0.6808080808080809,2.1063221408838233,1.3400054135680608,1679.7392102846652
110.9090909090909,0.6808080808080809,2.153017183984044,1.331710239058951,1736.6795224977045
114.54545454545455,0.6808080808080809,2.200845519829058,1.3238751197557945,1793.619834710744
118.18181818181819,0.6808080808080809,2.249804723287186,1.3164821871258028,1850.5601469237836
121.81818181818181,0.6808080808080809,2.2998921179606056,1.3095131574924068,1907.5004591368229
125.45454545454545,0.6808080808080809,2.3511047758988317,1.3029493978904962,1964.4407713498622
129.0909090909091,0.6808080808080809,2.403439517389642,1.2967719929169461,2021.381083562902
132.72727272727272,0.6808080808080809,2.456892910825787,1.2909618119952513,2078.3213957759413
136.36363636363637,0.6808080808080809,2.5114612726507897,1.2854995764970998,2135.261707988981
140.0,0.6808080808080809,2.567140667381069,1.2803659261968767,2192.2020202020203
143.63636363636363,0.6808080808080809,2.623926907707032,1.275541484577468,2249.1423324150596
147.27272727272725,0.6808080808080809,2.681815554671436,1.2710069225516771,2306.082644628099
150.9090909090909,0.6808080808080809,2.740801917927226,1.2667430202172407,2363.022956841139
154.54545454545456,0.6808080808080809,2.800881056072722,1.2627307263176042,2419.9632690541785
158.1818181818182,0.6808080808080809,2.8620477770663815,1.2589512151372986,2476.9035812672178
161.8181818181818,0.6808080808080809,2.924296638719973,1.255385940618401,2533.843893480257
165.45454545454544,0.6808080808080809,2.9876219492703413,1.2520166875390042,2590.7842056932964
169.0909090909091,0.6808080808080809,3.0520177680306526,1.248825619649122,2647.7245179063366
172.72727272727272,0.6808080808080809,3.1174779061195466,1.2457953247086915,2704.6648301193754
176.36363636363637,0.6808080808080809,3.1839959272700877,1.2429088564200486,2761.605142332415
180.0,0.6808080808080809,3.2515651487168924,1.2401497732876123,2818.545454545455
183.63636363636363,0.6808080808080809,3.3201786421620163,1.2375021744765142,2875.4857667584943
187.27272727272725,0.6808080808080809,3.3898292348194694,1.2349507327733205,2932.4260789715336
190.9090909090909,0.6808080808080809,3.4605095105378103,1.2324807247798937,2989.3663911845733
194.54545454545453,0.6808080808080809,3.532211811001365,1.2300780584939999,3046.3067033976126
198.1818181818182,0.6808080808080809,3.6049282370091102,1.2277292984485795,3103.2470156106524
201.8181818181818,0.6808080808080809,3.6786506498313125,1.2254216885948055,3160.1873278236912
205.45454545454544,0.6808080808080809,3.7533706726435847,1.223143173123937,3217.127640036731
209.0909090909091,0.6808080808080809,3.8290796920376797,1.2208824154285831,3274.0679522497703
212.72727272727272,0.6808080808080809,3.9057688596100073,1.218628815406627,3331.00826446281
216.36363636363635,0.6808080808080809,3.9834290936251326,1.216372525309816,3387.948576675849
220.0,0.6808080808080809,4.062051080756431,1.214104464336748,3444.8888888888896
223.63636363636363,0.6808080808080809,4.141625277901431,1.211816332162947,3501.8292011019284
227.27272727272728,0.6808080808080809,4.222141914072537,1.2095006215945918,3558.769513314968
230.9090909090909,0.6808080808080809,4.303590992362252,1.2071506305210773,3615.7098255280075
234.54545454545453,0.6808080808080809,4.385962291982119,1.2047604733323813,3672.6501377410473
238.1818181818182,0.6808080808080809,4.46924537037525,1.2023250919530162,3729.590449954087
241.8181818181818,0.6808080808080809,4.553429565401659,1.199840266631646,3786.530762167126
245.45454545454544,0.6808080808080809,4.638503997595628,1.1973026266099003,3843.471074380165
249.0909090909091,0.6808080808080809,4.724457572494549,1.1947096607781833,3900.411386593205
252.72727272727272,0.6808080808080809,4.811278983038714,1.1920597284085515,3957.3516988062447
256.3636363636364,0.6808080808080809,4.898956712041142,1.1893520700370526,4014.2920110192845
260.0,0.6808080808080809,4.987479034726536,1.1865868185475372,4071.2323232323233
263.6363636363636,0.6808080808080809,5.076834021338979,1.183765010488855,4128.172635445363
267.27272727272725,0.6808080808080809,5.167009539817375,1.1808885976345387,4185.112947658403
270.9090909090909,0.6808080808080809,5.257993258537562,1.1779604587704529,4242.053259871442
274.5454545454545,0.6808080808080809,5.349772649120733,1.1749844116706216,4298.9935720844815
278.1818181818182,0.6808080808080809,5.44233498930692,1.1719652251937889,4355.933884297521
281.8181818181818,0.6808080808080809,5.535667365892156,1.168908631404251,4412.87419651056
285.45454545454544,0.6808080808080809,5.629756677730121,1.165821337589311,4469.8145087236
289.0909090909091,0.6808080808080809,5.724589638794555,1.162711038012335,4526.7548209366405
292.72727272727275,0.6808080808080809,5.820152781304246,1.1595864252043313,4583.695133149679
296.3636363636364,0.6808080808080809,5.91643245890745,1.1564572005601637,4640.635445362719
300.0,0.6808080808080809,6.013414849925882,1.15333408396513,4697.575757575758
303.6363636363636,0.6808080808080809,6.111085960656762,1.1502288221368115,4754.516069788798
307.27272727272725,0.6808080808080809,6.209431628731723,1.1471541953237763,4811.456382001837
310.9090909090909,0.6808080808080809,6.308437526531977,1.144124021960252,4868.396694214876
314.5454545454545,0.6808080808080809,6.408089164657955,1.1411531608311865,4925.337006427915
318.1818181818182,0.6808080808080809,6.508371895452031,1.1382575102603802,4982.277318640955
321.8181818181818,0.6808080808080809,6.609270916575086,1.135454003793629,5039.217630853995
325.45454545454544,0.6808080808080809,6.710771274632483,1.1327606018118714,5096.1579430670345
329.09090909090907,0.6808080808080809,6.812857868851081,1.1301962784783832,5153.098255280073
332.7272727272727,0.6808080808080809,6.915515454804651,1.1277810033992453,5210.038567493113
336.3636363636364,0.6808080808080809,7.018728648186272,1.1255357173628429,5266.978879706153
340.0,0.6808080808080809,7.122481928627387,1.123482301521236,5323.919191919193
343.6363636363636,0.6808080808080809,7.226759643561341,1.1216435393895092,5380.859504132231
347.27272727272725,0.6808080808080809,7.331546012130219,1.1200430710688678,5437.799816345271
350.9090909090909,0.6808080808080809,7.436825129133861,1.1187053391505795,5494.74012855831
354.54545454545456,0.6808080808080809,7.542580969019579,1.1176555258297831,5551.680440771351
358.1818181818182,0.6808080808080809,7.648797389911158,1.11691948085762,5608.62075298439
361.8181818181818,0.6808080808080809,7.755458137675745,1.1165236400824983,5665.561065197429
365.45454545454544,0.6808080808080809,7.8625468500269555,1.1164949344835942,5722.501377410468
369.09090909090907,0.6808080808080809,7.970047060663776,1.1168606897754005,5779.441689623508
372.7272727272727,0.6808080808080809,8.07794220344163,1.1176485168641317,5836.382001836548
376.3636363636364,0.6808080808080809,8.186215616577213,1.1188861936588617,5893.3223140495875
380.0,0.6808080808080809,8.294850546882628,1.1206015389782025,5950.262626262626
383.6363636363636,0.6808080808080809,8.403830154029453,1.122822279541891,6007.202938475666
387.27272727272725,0.6808080808080809,8.513137514840018,1.1255759112843293,6064.143250688706
390.9090909090909,0.6808080808080809,8.622755627604853,1.1288895564687795,6121.083562901745
394.54545454545456,0.6808080808080809,8.732667416424977,1.1327898183015912,6178.023875114785
398.1818181818182,0.6808080808080809,8.8428557355771,1.1373026349377895,6234.964187327824
401.8181818181818,0.6808080808080809,8.953303373900116,1.142453134920054,6291.904499540863
405.45454545454544,0.6808080808080809,9.063993059201751,1.1482654961927963,6348.844811753904
409.09090909090907,0.6808080808080809,9.174907462684104,1.1547628108735148,6405.785123966943
412.7272727272727,0.6808080808080809,9.28602920338464,1.1619669579385024,6462.725436179981
416.3636363636364,0.6808080808080809,9.397340852634422,1.1698984858868506,6519.665748393021
420.0,0.6808080808080809,9.508824938528024,1.1785765072843482,6576.606060606061
60.0,0.7101010101010101,1.6465712598064002,1.4708070554935466,979.939393939394
63.63636363636363,0.7101010101010101,1.679208393658727,1.4552180716652017,1039.329660238751
67.27272727272727,0.7101010101010101,1.7129912743871527,1.4402705875492197,1098.7199265381082
70.9090909090909,0.7101010101010101,1.7479206016375475,1.4259567697779465,1158.1101928374655
74.54545454545455,0.7101010101010101,1.7839968331577554,1.4122678011263485,1217.5004591368229
78.18181818181819,0.7101010101010101,1.8212201835704658,1.399193888136921,1276.8907254361802
81.81818181818181,0.7101010101010101,1.859590623216163,1.3867242750341173,1336.280991735537
85.45454545454545,0.7101010101010101,1.8991078770668421,1.3748472639842833,1395.6712580348944
89.0909090909091,0.7101010101010101,1.9397714237117079,1.36355024166425,1455.0615243342518
92.72727272727272,0.7101010101010101,1.981580494414514,1.3528197120090395,1514.4517906336087
96.36363636363636,0.7101010101010101,2.0245340722439433,1.342641334916645,1573.842056932966
100.0,0.7101010101010101,2.0686308912771656,1.3329999705988453,1633.2323232323233
103.63636363636363,0.7101010101010101,2.113869435877869,1.3238797291851225,1692.6225895316802
107.27272727272728,0.7101010101010101,2.16024794004774,1.315264025112045,1752.012855831038
110.9090909090909,0.7101010101010101,2.2077643868544836,1.3071356357670771,1811.4031221303949
114.54545454545455,0.7101010101010101,2.2564165079337,1.299476763803671,1870.7933884297522
118.18181818181819,0.7101010101010101,2.306201783067567,1.2922691025057003,1930.1836547291095
121.81818181818181,0.7101010101010101,2.357117439840298,1.2854939035542694,1989.5739210284664
125.45454545454545,0.7101010101010101,2.4091604533689734,1.27913204653842,2048.9641873278238
129.0909090909091,0.7101010101010101,2.462327546113194,1.273164109554151,2108.354453627181
132.72727272727272,0.7101010101010101,2.5166151877607144,1.2675704402510362,2167.744719926538
136.36363636363637,0.7101010101010101,2.572019595191759,1.262331226712702,2227.1349862258953
140.0,0.7101010101010101,2.6285367325210487,1.2574265675956218,2286.5252525252527
143.63636363636363,0.7101010101010101,2.686162311218337,1.252836540996315,2345.91551882461
147.27272727272725,0.7101010101010101,2.744891790306971,1.2485412715702835,2405.305785123967
150.9090909090909,0.7101010101010101,2.8047203766415434,1.244520995485292,2464.696051423324
154.54545454545456,0.7101010101010101,2.8656430252645695,1.2407561228517878,2524.0863177226815
158.1818181818182,0.7101010101010101,2.927654439841505,1.237227297338698,2583.476584022039
161.8181818181818,0.7101010101010101,2.9907490731752437,1.2339154527440928,2642.8668503213958
165.45454545454544,0.7101010101010101,3.054921127799635,1.230801866353533,2702.2571166207526
169.0909090909091,0.7101010101010101,3.120164556652248,1.2278682089772335,2761.6473829201104
172.72727272727272,0.7101010101010101,3.186473063825775,1.2250965916132417,2821.0376492194673
176.36363636363637,0.7101010101010101,3.2538401053992754,1.2224696087342433,2880.4279155188246
180.0,0.7101010101010101,3.322258890347956,1.2199703782420857,2939.818181818182
183.63636363636363,0.7101010101010101,3.391722381531573,1.2175825781739995,2999.208448117539
187.27272727272725,0.7101010101010101,3.462223296762379,1.215290480280274,3058.5987144168957
190.9090909090909,0.7101010101010101,3.5337541099510634,1.2130789806219269,3117.9889807162535
194.54545454545453,0.7101010101010101,3.6063070523314726,1.2109336273610039,3177.3792470156104
198.1818181818182,0.7101010101010101,3.679874113763206,1.2088406459351295,3236.769513314968
201.8181818181818,0.7101010101010101,3.754447044112201,1.2067869618216494,3296.159779614325
205.45454545454544,0.7101010101010101,3.8300173547092067,1.204760221106125,3355.550045913682
209.0909090909091,0.7101010101010101,3.906576319885165,1.2027488090754128,3414.9403122130398
212.72727272727272,0.7101010101010101,3.984114978583997,1.200741867056774,3474.3305785123966
216.36363636363635,0.7101010101010101,4.06262413605119,1.1987293077235412,3533.7208448117535
220.0,0.7101010101010101,4.142094365599159,1.1967018290827909,3593.1111111111113
223.63636363636363,0.7101010101010101,4.222516010448212,1.194650927354066,3652.501377410468
227.27272727272728,0.7101010101010101,4.303879185642454,1.192568908938905,3711.891643709826
230.9090909090909,0.7101010101010101,4.386173780040199,1.1904489016701583,3771.281910009183
234.54545454545453,0.7101010101010101,4.469389458379037,1.1882848655178047,3830.6721763085397
238.1818181818182,0.7101010101010101,4.553515663413973,1.1860716029140526,3890.0624426078975
241.8181818181818,0.7101010101010101,4.638541618128667,1.1838047688455153,3949.4527089072544
245.45454545454544,0.7101010101010101,4.724456328018928,1.18148088084407,4008.8429752066113
249.0909090909091,0.7101010101010101,4.811248583447803,1.1790973289913302,4068.233241505969
252.72727272727272,0.7101010101010101,4.89890696207152,1.1766523860323423,4127.623507805326
256.3636363636364,0.7101010101010101,4.987419831335905,1.1741452176760803,4187.013774104683
260.0,0.7101010101010101,5.076775351041597,1.1715758931390254,4246.404040404041
263.6363636363636,0.7101010101010101,5.166961475978623,1.1689453959666143,4305.7943067033975
267.27272727272725,0.7101010101010101,5.257965958628175,1.1662556351446236,4365.184573002754
270.9090909090909,0.7101010101010101,5.349776351931705,1.1635094564876043,4424.574839302112
274.5454545454545,0.7101010101010101,5.442380012126077,1.1607106542656926,4483.965105601469
278.1818181818182,0.7101010101010101,5.53576410164365,1.1578639830030304,4543.355371900827
281.8181818181818,0.7101010101010101,5.629915592076911,1.154975169351124,4602.745638200184
285.45454545454544,0.7101010101010101,5.724821267206232,1.1520509239086385,4662.135904499541
289.0909090909091,0.7101010101010101,5.820467726089882,1.1490989528251268,4721.526170798898
292.72727272727275,0.7101010101010101,5.916841386215692,1.146127968989588,4780.916437098255
296.3636363636364,0.7101010101010101,6.013928486712363,1.1431477025668992,4840.306703397613
300.0,0.7101010101010101,6.111715091620506,1.1401689106039121,4899.69696969697
303.6363636363636,0.7101010101010101,6.210187093221828,1.137203385386091,4959.087235996327
307.27272727272725,0.7101010101010101,6.3093302154245325,1.1342639611802348,5018.477502295684
310.9090909090909,0.7101010101010101,6.409130017205893,1.131364518955899,5077.867768595041
314.5454545454545,0.7101010101010101,6.509571896108106,1.1285199886326667,5137.2580348943975
318.1818181818182,0.7101010101010101,6.610641091788703,1.1257463483570693,5196.648301193756
321.8181818181818,0.7101010101010101,6.71232268962294,1.1230606202712274,5256.038567493113
325.45454545454544,0.7101010101010101,6.814601624357138,1.1204808621974547,5315.42883379247
329.09090909090907,0.7101010101010101,6.917462683812111,1.118026154630878,5374.819100091827
332.7272727272727,0.7101010101010101,7.02089051263488,1.1157165824060213,5434.209366391184
336.3636363636364,0.7101010101010101,7.124869616097962,1.1135732103896572,5493.599632690542
340.0,0.7101010101010101,7.22938436394433,1.111618052548282,5552.989898989899
343.6363636363636,0.7101010101010101,7.334418994277629,1.1098740337512252,5612.380165289256
347.27272727272725,0.7101010101010101,7.4399576174946525,1.1083649437010914,5671.770431588613
350.9090909090909,0.7101010101010101,7.545984220260816,1.1071153824341369,5731.16069788797
354.54545454545456,0.7101010101010101,7.6524826695254,1.1061506969068764,5790.550964187329
358.1818181818182,0.7101010101010101,7.7594367165764595,1.105496908286186,5849.9412304866855
361.8181818181818,0.7101010101010101,7.866830001133127,1.105180629685346,5909.3314967860415
365.45454545454544,0.7101010101010101,7.974646055474378,1.105228974243375,5968.721763085399
369.09090909090907,0.7101010101010101,8.082868308602706,1.1056694536256044,6028.112029384756
372.7272727272727,0.7101010101010101,8.191480090440724,1.106529867229482,6087.502295684113
376.3636363636364,0.7101010101010101,8.300464636060662,1.107838182607223,6146.892561983471
380.0,0.7101010101010101,8.40980508994337,1.1096224078609567,6206.282828282829
383.6363636363636,0.7101010101010101,8.51948451026633,1.1119104570196965,6265.6730945821855
387.27272727272725,0.7101010101010101,8.629485873219839,1.114730009662449,6325.063360881542
390.9090909090909,0.7101010101010101,8.739792077348088,1.118108366297842,6384.453627180899
394.54545454545456,0.7101010101010101,8.850385947915518,1.1220723012367169,6443.843893480257
398.1818181818182,0.7101010101010101,8.96125024129534,1.1266479148902655,6503.234159779615
401.8181818181818,0.7101010101010101,9.07236764937966,1.1318604875788605,6562.624426078972
405.45454545454544,0.7101010101010101,9.183720804009143,1.137734337037459,6622.014692378329
409.09090909090907,0.7101010101010101,9.295292281421007,1.1442926818426369,6681.4049586776855
412.7272727272727,0.7101010101010101,9.407064606713474,1.1515575129589417,6740.795224977042
416.3636363636364,0.7101010101010101,9.519020258325025,1.159549475502261,6800.185491276401
420.0,0.7101010101010101,9.631141672527601,1.1682877626507688,6859.575757575758
60.0,0.7393939393939395,1.6903248234100667,1.4473294082706973,1020.3636363636365
63.63636363636363,0.7393939393939395,1.7237463058771132,1.431759364716523,1082.2038567493114
67.27272727272727,0.7393939393939395,1.7583170117761542,1.4168416952718128,1144.0440771349863
70.9090909090909,0.7393939393939395,1.7940375586290225,1.4025686732121425,1205.8842975206614
74.54545454545455,0.7393939393939395,1.830908320935463,1.3889315463800251,1267.7245179063361
78.18181818181819,0.7393939393939395,1.8689294289595413,1.3759205433381592,1329.5647382920113
81.81818181818181,0.7393939393939395,1.908100767586431,1.3635248862527323,1391.4049586776862
85.45454545454545,0.7393939393939395,1.948421975250585,1.3517328105899598,1453.245179063361
89.0909090909091,0.7393939393939395,1.9898924429359441,1.3405315916077598,1515.0853994490362
92.72727272727272,0.7393939393939395,2.0325113132482135,1.3299075775202178,1576.925619834711
96.36363636363636,0.7393939393939395,2.0762774795606704,1.3198462291101873,1638.7658402203858
100.0,0.7393939393939395,2.121189585233756,1.310332165465271,1700.606060606061
103.63636363636363,0.7393939393939395,2.1672460229084756,1.3013492154201691,1762.4462809917356
107.27272727272728,0.7393939393939395,2.214444933875403,1.292880474204216,1824.286501377411
110.9090909090909,0.7393939393939395,2.262784207518571,1.2849083647207633,1886.1267217630857
114.54545454545455,0.7393939393939395,2.3122614808351383,1.277414702825825,1947.9669421487606
118.18181818181819,0.7393939393939395,2.3628741380314846,1.270380765929233,2009.8071625344357
121.81818181818181,0.7393939393939395,2.414619310196281,1.2637873642121427,2071.6473829201104
125.45454545454545,0.7393939393939395,2.4674938750498736,1.2576149137415549,2133.4876033057853
129.0909090909091,0.7393939393939395,2.5214944567725306,1.2518435107649792,2195.3278236914603
132.72727272727272,0.7393939393939395,2.5766174259085215,1.2464530064838084,2257.168044077135
136.36363636363637,0.7393939393939395,2.6328588993501105,1.2414230816355354,2319.0082644628105
140.0,0.7393939393939395,2.6902147403990764,1.2367333202549766,2380.848484848485
143.63636363636363,0.7393939393939395,2.7486805589067504,1.2323632820373875,2442.68870523416
147.27272727272725,0.7393939393939395,2.808251711493085,1.2282925727850988,2504.528925619835
150.9090909090909,0.7393939393939395,2.868923301844953,1.2245009124840114,2566.3691460055097
154.54545454545456,0.7393939393939395,2.930690181092797,1.2209682006259874,2628.209366391185
158.1818181818182,0.7393939393939395,2.9935469482676442,1.2176745784620777,2690.04958677686
161.8181818181818,0.7393939393939395,3.057487950836501,1.214600487942686,2751.8898071625345
165.45454545454544,0.7393939393939395,3.122507285317318,1.2117267271682952,2813.7300275482094
169.0909090909091,0.7393939393939395,3.188598797974201,1.209034502239785,2875.5702479338847
172.72727272727272,0.7393939393939395,3.2557560855907033,1.2065054754579116,2937.4104683195596
176.36363636363637,0.7393939393939395,3.3239724963233384,1.2041218098772501,2999.250688705235
180.0,0.7393939393939395,3.3932411306341983,1.2018662102691788,3061.09090909091
183.63636363636363,0.7393939393939395,3.463554842302665,1.1997219605932583,3122.9311294765844
187.27272727272725,0.7393939393939395,3.5349062395159976,1.1976729581121308,3184.7713498622593
190.9090909090909,0.7393939393939395,3.6072876860390535,1.1957037443179594,3246.611570247934
194.54545454545453,0.7393939393939395,3.6806913024624306,1.193799532862214,3308.451790633609
198.1818181818182,0.7393939393939395,3.755108967529199,1.191946234700547,3370.2920110192845
201.8181818181818,0.7393939393939395,3.83053231953959,1.1901304806787687,3432.1322314049594
205.45454545454544,0.7393939393939395,3.9069527578334737,1.188339641794331,3493.972451790634
209.0909090909091,0.7393939393939395,3.9843614443504887,1.1865618473730561,3555.812672176309
212.72727272727272,0.7393939393939395,4.062749305267452,1.1847860014015565,3617.6528925619837
216.36363636363635,0.7393939393939395,4.1421070327118965,1.1830017972526308,3679.4931129476586
220.0,0.7393939393939395,4.222425086552565,1.181199731036028,3741.333333333334
223.63636363636363,0.7393939393939395,4.303693696265421,1.1793711137982315,3803.173553719009
227.27272727272728,0.7393939393939395,4.385902862874876,1.1775080827848017,3865.0137741046838
230.9090909090909,0.7393939393939395,4.469042360970243,1.1756036119668183,3926.8539944903587
234.54545454545453,0.7393939393939395,4.553101740795914,1.1736515220186323,3988.694214876033
238.1818181818182,0.7393939393939395,4.6380703304157285,1.1716464899199892,4050.534435261709
241.8181818181818,0.7393939393939395,4.723937237950069,1.169584058338529,4112.374655647383
245.45454545454544,0.7393939393939395,4.810691353885275,1.1674606449318077,4174.214876033058
249.0909090909091,0.7393939393939395,4.8983213534552865,1.1652735516898243,4236.055096418733
252.72727272727272,0.7393939393939395,4.986815699093694,1.16302097441965,4297.895316804408
256.3636363636364,0.7393939393939395,5.07616264295626,1.1607020124532335,4359.735537190083
260.0,0.7393939393939395,5.16635022951325,1.158316678639106,4421.575757575758
263.6363636363636,0.7393939393939395,5.2573662982101945,1.155865909655368,4483.415977961433
267.27272727272725,0.7393939393939395,5.349198486196336,1.1533515766579252,4545.256198347108
270.9090909090909,0.7393939393939395,5.441834231120496,1.1507764962529858,4607.096418732782
274.5454545454545,0.7393939393939395,5.5352607739929525,1.1481444417559705,4668.936639118458
278.1818181818182,0.7393939393939395,5.629465162112416,1.1454601546701786,4730.7768595041325
281.8181818181818,0.7393939393939395,5.724434252057266,1.1427293562887737,4792.617079889807
285.45454545454544,0.7393939393939395,5.820154712740519,1.1399587592903364,4854.457300275482
289.0909090909091,0.7393939393939395,5.916613028526578,1.1371560791645028,4916.297520661158
292.72727272727275,0.7393939393939395,6.0137955024095175,1.1343300452665783,4978.137741046833
296.3636363636364,0.7393939393939395,6.111688259251905,1.1314904112614188,5039.977961432508
300.0,0.7393939393939395,6.210277249082193,1.1286479646758982,5101.818181818182
303.6363636363636,0.7393939393939395,6.309548250450903,1.1258145352357873,5163.658402203858
307.27272727272725,0.7393939393939395,6.409486873843337,1.123003001619132,5225.498622589532
310.9090909090909,0.7393939393939395,6.510078565148027,1.1202272962126814,5287.338842975207
314.5454545454545,0.7393939393939395,6.611308609180406,1.1175024074121784,5349.179063360882
318.1818181818182,0.7393939393939395,6.713162133259212,1.1148443789633204,5411.019283746557
321.8181818181818,0.7393939393939395,6.815624110835856,1.1122703057972783,5472.859504132231
325.45454545454544,0.7393939393939395,6.918679365174353,1.1097983257759725,5534.699724517907
329.09090909090907,0.7393939393939395,7.022312573081102,1.10744760672877,5596.539944903582
332.7272727272727,0.7393939393939395,7.126508268683147,1.1052383281365434,5658.380165289256
336.3636363636364,0.7393939393939395,7.231250847253895,1.1031916568031468,5720.220385674932
340.0,0.7393939393939395,7.33652456908425,1.1013297158506539,5782.060606060607
343.6363636363636,0.7393939393939395,7.442313563398598,1.0996755463875088,5843.900826446281
347.27272727272725,0.7393939393939395,7.548601832313853,1.098253061228315,5905.741046831956
350.9090909090909,0.7393939393939395,7.655373254840336,1.097086990096191,5967.581267217631
354.54545454545456,0.7393939393939395,7.762611590923039,1.0962028158129429,6029.4214876033075
358.1818181818182,0.7393939393939395,7.87030048552184,1.0956267010844831,6091.261707988982
361.8181818181818,0.7393939393939395,7.978423472729563,1.0953854056163361,6153.1019283746555
365.45454545454544,0.7393939393939395,8.086963979925587,1.0955061934516064,6214.94214876033
369.09090909090907,0.7393939393939395,8.195905331964882,1.0960167306075501,6276.782369146006
372.7272727272727,0.7393939393939395,8.30523075539975,1.0969449732965733,6338.622589531681
376.3636363636364,0.7393939393939395,8.414923382733246,1.0983190472500814,6400.462809917356
380.0,0.7393939393939395,8.524966256703326,1.100167118911635,6462.303030303031
383.6363636363636,0.7393939393939395,8.635342334595077,1.102517259525111,6524.143250688706
387.27272727272725,0.7393939393939395,8.746034492580868,1.1053973034032207,6585.983471074381
390.9090909090909,0.7393939393939395,8.857025530085286,1.108834701912296,6647.823691460056
394.54545454545456,0.7393939393939395,8.968298174175375,1.1128563749400657,6709.6639118457315
398.1818181818182,0.7393939393939395,9.079835083971991,1.1174885618117725,6771.504132231406
401.8181818181818,0.7393939393939395,9.191618855083727,1.1227566737752508,6833.344352617081
405.45454545454544,0.7393939393939395,9.303632024058999,1.1286851502763509,6895.184573002756
409.09090909090907,0.7393939393939395,9.415857072857033,1.1352973212858577,6957.02479338843
412.7272727272727,0.7393939393939395,9.52827643333423,1.1426152779069436,7018.865013774105
416.3636363636364,0.7393939393939395,9.640872491746183,1.1506597533907275,7080.705234159781
420.0,0.7393939393939395,9.753627593261808,1.1594500165127792,7142.545454545455
60.0,0.7686868686868688,1.7342932056235316,1.4263152715448038,1060.787878787879
63.63636363636363,0.7686868686868688,1.7685009078044418,1.4107622612744477,1125.0780532598715
67.27272727272727,0.7686868686868688,1.803861261486806,1.3958716833490423,1189.3682277318642
70.9090909090909,0.7686868686868688,1.8403748014567372,1.3816359203620374,1253.658402203857
74.54545454545455,0.7686868686868688,1.8780418183649292,1.3680462901833759,1317.9485766758496
78.18181818181819,0.7686868686868688,1.9168623575258907,1.3550930506109842,1382.2387511478423
81.81818181818181,0.7686868686868688,1.9568362177896246,1.3427654111793856,1446.5289256198348
85.45454545454545,0.7686868686868688,1.9979629504839131,1.3310515522375534,1510.8191000918273
89.0909090909091,0.7686868686868688,2.040241858429039,1.3199386512977114,1575.10927456382
92.72727272727272,0.7686868686868688,2.0836719950258793,1.3094129165418813,1639.3994490358127
96.36363636363636,0.7686868686868688,2.128252163416964,1.2994596272601417,1703.6896235078054
100.0,0.7686868686868688,2.1739809157217858,1.2900631808830703,1767.9797979797981
103.63636363636363,0.7686868686868688,2.2208565523472297,1.2812071461689234,1832.2699724517906
107.27272727272728,0.7686868686868688,2.2688771213724594,1.2728743220106624,1896.5601469237836
110.9090909090909,0.7686868686868688,2.3180404180103293,1.2650468012490237,1960.850321395776
114.54545454545455,0.7686868686868688,2.368343984143971,1.2577060388089438,2025.1404958677688
118.18181818181819,0.7686868686868688,2.4197851079412356,1.2508329234285058,2089.4306703397615
121.81818181818181,0.7686868686868688,2.4723608235452357,1.2444078522154793,2153.720844811754
125.45454545454545,0.7686868686868688,2.52606791084264,1.2384108072509503,2218.0110192837465
129.0909090909091,0.7686868686868688,2.580902895309798,1.2328214334617547,2282.3011937557394
132.72727272727272,0.7686868686868688,2.6368620479370453,1.2276191170011248,2346.591368227732
136.36363636363637,0.7686868686868688,2.6939413852312475,1.2227830634096242,2410.881542699725
140.0,0.7686868686868688,2.752136669297106,1.2182923748745733,2475.1717171717173
143.63636363636363,0.7686868686868688,2.8114434079975243,1.2141261259631329,2539.46189164371
147.27272727272725,0.7686868686868688,2.87185685519262,1.210263437269319,2603.7520661157023
150.9090909090909,0.7686868686868688,2.933372011058892,1.2066835464872754,2668.0422405876952
154.54545454545456,0.7686868686868688,2.995983622486822,1.2033658764985073,2732.332415059688
158.1818181818182,0.7686868686868688,3.0596861835587728,1.2002901001382336,2796.622589531681
161.8181818181818,0.7686868686868688,3.1244739361059546,1.1974362013825066,2860.912764003673
165.45454545454544,0.7686868686868688,3.190340870345759,1.194784532772741,2925.2029384756656
169.0909090909091,0.7686868686868688,3.257280725597944,1.192315868964886,2989.4931129476586
172.72727272727272,0.7686868686868688,3.3252869910809473,1.1900114563565016,3053.783287419651
176.36363636363637,0.7686868686868688,3.394352906787928,1.1878530588049798,3118.073461891644
180.0,0.7686868686868688,3.4644714644419485,1.1858229995038094,3182.3636363636365
183.63636363636363,0.7686868686868688,3.535635408530667,1.183904199130295,3246.653810835629
187.27272727272725,0.7686868686868688,3.6078372374205623,1.1820802104177586,3310.9439853076215
190.9090909090909,0.7686868686868688,3.6810692045501208,1.1803352493384933,3375.2341597796144
194.54545454545453,0.7686868686868688,3.7553233197012315,1.178654223109057,3439.524334251607
198.1818181818182,0.7686868686868688,3.830591350350545,1.177022755250031,3503.8145087236
201.8181818181818,0.7686868686868688,3.906864823097888,1.1754272079460475,3568.1046831955923
205.45454545454544,0.7686868686868688,3.9841350251734085,1.1738547019605783,3632.394857667585
209.0909090909091,0.7686868686868688,4.062393006022031,1.1722931343640761,3696.6850321395777
212.72727272727272,0.7686868686868688,4.1416295789657145,1.170731194333821,3760.9752066115702
216.36363636363635,0.7686868686868688,4.221835322942153,1.1691583772800018,3825.265381083563
220.0,0.7686868686868688,4.303000584319828,1.167564997545771,3889.5555555555557
223.63636363636363,0.7686868686868688,4.385115478790119,1.1659421999194097,3953.8457300275486
227.27272727272728,0.7686868686868688,4.4681698933331475,1.1642819701850178,4018.135904499541
230.9090909090909,0.7686868686868688,4.552153488260317,1.162577144924699,4082.426078971534
234.54545454545453,0.7686868686868688,4.637055699330076,1.1608214207702088,4146.7162534435265
238.1818181818182,0.7686868686868688,4.722865739938182,1.1590093632854146,4211.006427915519
241.8181818181818,0.7686868686868688,4.809572603380555,1.1571364156440707,4275.296602387512
245.45454545454544,0.7686868686868688,4.897165065189346,1.1551989072482691,4339.586776859504
249.0909090909091,0.7686868686868688,4.985631685540056,1.1531940624144836,4403.876951331497
252.72727272727272,0.7686868686868688,5.074960811730445,1.1511200092333114,4468.167125803489
256.3636363636364,0.7686868686868688,5.165140580729353,1.148975788688285,4532.457300275483
260.0,0.7686868686868688,5.256158921795347,1.1467613640970122,4596.747474747475
263.6363636363636,0.7686868686868688,5.348003559164073,1.1444776309148716,4661.037649219467
267.27272727272725,0.7686868686868688,5.440662014803486,1.1421264269167681,4725.32782369146
270.9090909090909,0.7686868686868688,5.534121611236392,1.1397105427476315,4789.617998163452
274.5454545454545,0.7686868686868688,5.628369474428773,1.137233732803565,4853.908172635445
278.1818181818182,0.7686868686868688,5.723392536743799,1.1347007263784177,4918.198347107438
281.8181818181818,0.7686868686868688,5.819177539959892,1.1321172389778915,4982.488521579431
285.45454545454544,0.7686868686868688,5.915711038352313,1.1294899836716916,5046.778696051423
289.0909090909091,0.7686868686868688,6.0129794018369385,1.1268266823183353,5111.068870523417
292.72727272727275,0.7686868686868688,6.110968819175387,1.124136076460365,5175.35904499541
296.3636363636364,0.7686868686868688,6.2096653012403475,1.1214279376480292,5239.649219467402
300.0,0.7686868686868688,6.3090546843403,1.1187130769079983,5303.939393939394
303.6363636363636,0.7686868686868688,6.4091226336021725,1.1160033530298894,5368.229568411387
307.27272727272725,0.7686868686868688,6.509854646410881,1.1133116792991267,5432.519742883379
310.9090909090909,0.7686868686868688,6.611236055904605,1.1106520282578762,5496.809917355372
314.5454545454545,0.7686868686868688,6.713252034525141,1.1080394340303579,5561.100091827365
318.1818181818182,0.7686868686868688,6.815887597620768,1.1054899917032808,5625.390266299358
321.8181818181818,0.7686868686868688,6.91912760710238,1.1030208532088284,5689.68044077135
325.45454545454544,0.7686868686868688,7.022956775149907,1.1006502191183285,5753.970615243343
329.09090909090907,0.7686868686868688,7.12735966796822,1.0983973257200792,5818.260789715336
332.7272727272727,0.7686868686868688,7.232320709592155,1.0962824267290248,5882.550964187328
336.3636363636364,0.7686868686868688,7.337824185738015,1.0943267689586338,5946.841138659321
340.0,0.7686868686868688,7.443854247701015,1.0925525612819482,6011.131313131314
343.6363636363636,0.7686868686868688,7.550394916297308,1.0909829362210284,6075.421487603306
347.27272727272725,0.7686868686868688,7.657430085848837,1.0896419035329885,6139.711662075299
350.9090909090909,0.7686868686868688,7.764943528209912,1.0885542952142961,6204.001836547291
354.54545454545456,0.7686868686868688,7.8729188968339425,1.08774570141921,6268.2920110192845
358.1818181818182,0.7686868686868688,7.981339730879438,1.0872423968913898,6332.5821854912765
361.8181818181818,0.7686868686868688,8.090189459352809,1.0870712576373216,6396.872359963269
365.45454545454544,0.7686868686868688,8.199451405287618,1.0872596677287807,6461.1625344352615
369.09090909090907,0.7686868686868688,8.30910878995816,1.0878354163084196,6525.452708907254
372.7272727272727,0.7686868686868688,8.419144737125874,1.0888265850855041,6589.742883379246
376.3636363636364,0.7686868686868688,8.529542277317894,1.09026142684347,6654.03305785124
380.0,0.7686868686868688,8.640284352134705,1.0921682357344806,6718.323232323232
383.6363636363636,0.7686868686868688,8.751353818587223,1.0945752103977622,6782.613406795225
387.27272727272725,0.7686868686868688,8.862733453460333,1.097510311203224,6846.903581267217
390.9090909090909,0.7686868686868688,8.974405957701903,1.1010011131751376,6911.19375573921
394.54545454545456,0.7686868686868688,9.086353960835973,1.1050746563856981,6975.483930211203
398.1818181818182,0.7686868686868688,9.198560025397882,1.1097572958087827,7039.774104683196
401.8181818181818,0.7686868686868688,9.311006651390818,1.1150745527815398,7104.064279155188
405.45454545454544,0.7686868686868688,9.423676280760624,1.121050970323518,7168.354453627181
409.09090909090907,0.7686868686868688,9.536551301889157,1.1277099746008956,7232.644628099174
412.7272727272727,0.7686868686868688,9.649614054102965,1.13507374479106,7296.934802571166
416.3636363636364,0.7686868686868688,9.762846832197207,1.1431630934970585,7361.224977043159
420.0,0.7686868686868688,9.876231890971098,1.1519973596834086,7425.515151515152
60.0,0.797979797979798,1.7784434367707656,1.4077791272984455,1101.2121212121212
63.63636363636363,0.797979797979798,1.81343899611631,1.392241326074342,1167.9522497704315
67.27272727272727,0.797979797979798,1.8495905867508196,1.377375107804529,1234.6923783287418
70.9090909090909,0.797979797979798,1.8868986601398507,1.3631729639131422,1301.4325068870523
74.54545454545455,0.797979797979798,1.9253634225098217,1.3496262846810156,1368.1726354453629
78.18181818181819,0.797979797979798,1.9649848336620126,1.3367253624070272,1434.9127640036734
81.81818181818181,0.797979797979798,2.00576260585749,1.3244594021315939,1501.6528925619834
85.45454545454545,0.797979797979798,2.0476962027746817,1.3128165400642728,1568.3930211202937
89.0909090909091,0.797979797979798,2.0907848385391388,1.3017838697372361,1635.1331496786042
92.72727272727272,0.797979797979798,2.1350274768267896,1.2913474757824623,1701.8732782369148
96.36363636363636,0.797979797979798,2.180422830040837,1.2814924751054928,1768.613406795225
100.0,0.797979797979798,2.2269693585634904,1.2722030651080756,1835.3535353535356
103.63636363636363,0.797979797979798,2.274665270082287,1.2634625784977251,1902.0936639118456
107.27272727272728,0.797979797979798,2.323508518992533,1.25525354411904,1968.8337924701564
110.9090909090909,0.797979797979798,2.373496805875214,1.2475577531516202,2035.5739210284664
114.54545454545455,0.797979797979798,2.4246275770519015,1.2403563299458014,2102.314049586777
118.18181818181819,0.797979797979798,2.476898024216336,1.233629806711166,2169.0541781450875
121.81818181818181,0.797979797979798,2.530305084143632,1.2273582012361224,2235.7943067033975
125.45454545454545,0.797979797979798,2.5848454384768624,1.2215210967987242,2302.534435261708
129.0909090909091,0.797979797979798,2.6405155135925993,1.216097723430481,2369.2745638200186
132.72727272727272,0.797979797979798,2.697311480543714,1.2110670397144794,2436.0146923783286
136.36363636363637,0.797979797979798,2.755229255081848,1.2064078143341588,2502.7548209366396
140.0,0.797979797979798,2.814264497758667,1.2020987066402753,2569.4949494949497
143.63636363636363,0.797979797979798,2.8744126141059905,1.1981183455647462,2636.2350780532597
147.27272727272725,0.797979797979798,2.9356687548956995,1.194445406282465,2702.97520661157
150.9090909090909,0.797979797979798,2.9980278164792225,1.1910586841002666,2769.7153351698807
154.54545454545456,0.797979797979798,3.061484441206466,1.1879371651344954,2836.4554637281913
158.1818181818182,0.797979797979798,3.1260330179249634,1.1850600934230464,2903.1955922865013
161.8181818181818,0.797979797979798,3.1916676825585,1.182407034201223,2969.935720844812
165.45454545454544,0.797979797979798,3.25838231876625,1.179957933151372,3036.675849403122
169.0909090909091,0.797979797979798,3.3261705586808485,1.1776931715129173,3103.415977961433
172.72727272727272,0.797979797979798,3.395025783727749,1.1755936170105088,3170.1561065197434
176.36363636363637,0.797979797979798,3.464941125523339,1.1736406706218798,3236.8962350780535
180.0,0.797979797979798,3.5359094668532087,1.171816309264797,3303.636363636364
183.63636363636363,0.797979797979798,3.607923442730093,1.1701031245310785,3370.376492194674
187.27272727272725,0.797979797979798,3.680975441531533,1.1684843576381272,3437.116620752984
190.9090909090909,0.797979797979798,3.755057606216032,1.1669439308025435,3503.8567493112946
194.54545454545453,0.797979797979798,3.830161835619541,1.1654664752666115,3570.596877869605
198.1818181818182,0.797979797979798,3.906279785829433,1.164037356229664,3637.3370064279156
201.8181818181818,0.797979797979798,3.983402871638069,1.1626426949494546,3704.077134986226
205.45454545454544,0.797979797979798,4.061522268074125,1.1612693882868144,3770.817263544536
209.0909090909091,0.797979797979798,4.140628912011742,1.1599051259709197,3837.5573921028467
212.72727272727272,0.797979797979798,4.220713503857514,1.1585384058597912,3904.2975206611573
216.36363636363635,0.797979797979798,4.301766509314014,1.1571585474675357,3971.037649219467
220.0,0.797979797979798,4.383778161220693,1.155755704019795,4037.7777777777783
223.63636363636363,0.797979797979798,4.466738461470184,1.1543208732896106,4104.517906336088
227.27272727272728,0.797979797979798,4.550637183000706,1.1528459074514699,4171.258034894399
230.9090909090909,0.797979797979798,4.635463871863615,1.1513235221779057,4237.9981634527085
234.54545454545453,0.797979797979798,4.721207849364998,1.1497473051850524,4304.738292011019
238.1818181818182,0.797979797979798,4.8078582142819934,1.148111724417528,4371.4784205693295
241.8181818181818,0.797979797979798,4.895403845151401,1.1464121360435515,4438.2185491276405
245.45454545454544,0.797979797979798,4.98383340263198,1.1446447924118401,4504.9586776859505
249.0909090909091,0.797979797979798,5.073135331937964,1.1428068501021447,4571.698806244261
252.72727272727272,0.797979797979798,5.163297865343893,1.140896378179527,4638.438934802572
256.3636363636364,0.797979797979798,5.254309024760113,1.1389123667412144,4705.179063360882
260.0,0.797979797979798,5.346156624377769,1.1368547358217018,4771.919191919193
263.6363636363636,0.797979797979798,5.438828273382717,1.1347243446984607,4838.659320477502
267.27272727272725,0.797979797979798,5.532311378737431,1.132523001615274,4905.399449035813
270.9090909090909,0.797979797979798,5.626593148029922,1.1302534739141534,4972.139577594123
274.5454545454545,0.797979797979798,5.721660592389304,1.1279194985394922,5038.879706152433
278.1818181818182,0.797979797979798,5.817500529465915,1.125525792847767,5105.619834710745
281.8181818181818,0.797979797979798,5.9140995864766595,1.1230780656259811,5172.359963269054
285.45454545454544,0.797979797979798,6.011444203312841,1.1205830281877547,5239.100091827365
289.0909090909091,0.797979797979798,6.109520635711136,1.1180484053812572,5305.840220385676
292.72727272727275,0.797979797979798,6.20831495848533,1.1154829463051619,5372.580348943986
296.3636363636364,0.797979797979798,6.307813068818658,1.112896434489019,5439.320477502296
300.0,0.797979797979798,6.408000689614804,1.110299697252596,5506.060606060606
303.6363636363636,0.797979797979798,6.508863372907754,1.1077046139146904,5572.800734618917
307.27272727272725,0.797979797979798,6.610386503327687,1.105124122476928,5639.540863177226
310.9090909090909,0.797979797979798,6.712555301623192,1.1025722243608407,5706.280991735537
314.5454545454545,0.797979797979798,6.8153548282378065,1.1000639867312698,5773.021120293847
318.1818181818182,0.797979797979798,6.9187699869400525,1.0976155418918507,5839.761248852158
321.8181818181818,0.797979797979798,7.022785528505492,1.095244083195765,5906.501377410468
325.45454545454544,0.797979797979798,7.127386054449362,1.0929678568742176,5973.241505968778
329.09090909090907,0.797979797979798,7.232556020809588,1.0908061491501706,6039.981634527089
332.7272727272727,0.797979797979798,7.338279741977294,1.0887792679786572,6106.721763085399
336.3636363636364,0.797979797979798,7.444541394574561,1.086908518736943,6173.46189164371
340.0,0.797979797979798,7.551325021378135,1.0852161731844892,6240.202020202021
343.6363636363636,0.797979797979798,7.65861453528689,1.083725431023701,6306.94214876033
347.27272727272725,0.797979797979798,7.766393723332634,1.0824603734228133,6373.68227731864
350.9090909090909,0.797979797979798,7.874646250732058,1.0814459079141117,6440.4224058769505
354.54545454545456,0.797979797979798,7.983355664979527,1.0807077041567597,6507.162534435262
358.1818181818182,0.797979797979798,8.0925053999774,1.0802721201562488,6573.902662993572
361.8181818181818,0.797979797979798,8.202078780204694,1.0801661186638534,6640.6427915518825
365.45454545454544,0.797979797979798,8.312059024920972,1.080417173638683,6707.3829201101935
369.09090909090907,0.797979797979798,8.422429252404712,1.0810531668445533,6774.1230486685035
372.7272727272727,0.797979797979798,8.533172484224334,1.0821022748673566,6840.863177226813
376.3636363636364,0.797979797979798,8.644271649541036,1.0835928470774971,6907.603305785124
380.0,0.797979797979798,8.755709589440613,1.0855532753166268,6974.343434343436
383.6363636363636,0.797979797979798,8.86746906129452,1.0880118563534138,7041.083562901745
387.27272727272725,0.797979797979798,8.979532743147157,1.0909966484195812,7107.823691460055
390.9090909090909,0.797979797979798,9.091883238128311,1.0945353233946886,7174.563820018366
394.54545454545456,0.797979797979798,9.204503078889609,1.0986550164449116,7241.303948576677
398.1818181818182,0.797979797979798,9.317374732062731,1.1033821751233917,7308.044077134987
401.8181818181818,0.797979797979798,9.430480602738463,1.108742410099533,7374.784205693297
405.45454545454544,0.797979797979798,9.543803038964352,1.1147603497859566,7441.524334251608
409.09090909090907,0.797979797979798,9.657324336260052,1.121459501170722,7508.264462809917
412.7272727272727,0.797979797979798,9.771026742148004,1.1288621191282577,7575.004591368227
416.3636363636364,0.797979797979798,9.88489246069877,1.1369890863751022,7641.744719926538
420.0,0.797979797979798,9.998903657088515,1.145859806055192,7708.484848484849
60.0,0.8272727272727274,1.8227426244507612,1.391723170791877,1141.6363636363637
63.63636363636363,0.8272727272727274,1.858527442915829,1.3761987660058406,1210.8264462809918
67.27272727272727,0.8272727272727274,1.8954716243805771,1.3613541042829362,1280.01652892562
70.9090909090909,0.8272727272727274,1.9335755364315874,1.3471817823320806,1349.2066115702482
74.54545454545455,0.8272727272727274,1.9728393003231508,1.3336732627321077,1418.3966942148763
78.18181818181819,0.8272727272727274,2.0132627898054603,1.3208188756586232,1487.5867768595044
81.81818181818181,0.8272727272727274,2.054845630024303,1.3086078285471587,1556.7768595041323
85.45454545454545,0.8272727272727274,2.0975871964931967,1.2970282238640578,1625.9669421487606
89.0909090909091,0.8272727272727274,2.141486614138853,1.2860670850275173,1695.1570247933887
92.72727272727272,0.8272727272727274,2.186542756419292,1.2757103903875955,1764.3471074380166
96.36363636363636,0.8272727272727274,2.232754244517455,1.2659431150387268,1833.5371900826447
100.0,0.8272727272727274,2.2801194466087615,1.2567492801076507,1902.727272727273
103.63636363636363,0.8272727272727274,2.328636477204319,1.248112009035112,1971.917355371901
107.27272727272728,0.8272727272727274,2.378303196570241,1.2400135902566936,2041.1074380165294
110.9090909090909,0.8272727272727274,2.429117210223139,1.2324355455907419,2110.2975206611573
114.54545454545455,0.8272727272727274,2.481075868502505,1.2253587035592757,2179.4876033057853
118.18181818181819,0.8272727272727274,2.534176266220567,1.2187632768070071,2248.6776859504134
121.81818181818181,0.8272727272727274,2.5884152423897016,1.2126289427422163,2317.8677685950415
125.45454545454545,0.8272727272727274,2.643789380027922,1.2069349265038274,2387.0578512396696
129.0909090909091,0.8272727272727274,2.700295006043296,1.2016600853594825,2456.247933884298
132.72727272727272,0.8272727272727274,2.757928191196153,1.1967829936609418,2525.438016528926
136.36363636363637,0.8272727272727274,2.816684750141131,1.1922820275205515,2594.6280991735543
140.0,0.8272727272727274,2.876560241548651,1.188135448428147,2663.818181818182
143.63636363636363,0.8272727272727274,2.9375499683052855,1.184321485094007,2733.00826446281
147.27272727272725,0.8272727272727274,2.9996489777939024,1.180818412881598,2802.198347107438
150.9090909090909,0.8272727272727274,3.0628520622545308,1.1776046302786614,2871.3884297520663
154.54545454545456,0.8272727272727274,3.1271537592241874,1.1746587319438673,2940.578512396695
158.1818181818182,0.8272727272727274,3.1925483520574245,1.1719595779574195,3009.768595041323
161.8181818181818,0.8272727272727274,3.259029870526758,1.1694863589935278,3078.9586776859505
165.45454545454544,0.8272727272727274,3.326592091503718,1.1672186572196181,3148.148760330578
169.0909090909091,0.8272727272727274,3.3952285397195014,1.1651365028087337,3217.3388429752067
172.72727272727272,0.8272727272727274,3.464932488606249,1.1632204260276742,3286.5289256198353
176.36363636363637,0.8272727272727274,3.5356969612183695,1.161451504931332,3355.719008264464
180.0,0.8272727272727274,3.607514731233749,1.1598114087541544,3424.9090909090914
183.63636363636363,0.8272727272727274,3.6803783240348276,1.1582824371420455,3494.099173553719
187.27272727272725,0.8272727272727274,3.754280017869543,1.1568475554107427,3563.289256198347
190.9090909090909,0.8272727272727274,3.8292118450916686,1.155490426053338,3632.4793388429757
194.54545454545453,0.8272727272727274,3.905165593480672,1.1541954367463079,3701.6694214876034
198.1818181818182,0.8272727272727274,3.9821328076399958,1.152947725123882,3770.859504132232
201.8181818181818,0.8272727272727274,4.060104790475285,1.1517332006048333,3840.0495867768595
205.45454545454544,0.8272727272727274,4.139072604749536,1.1505385635624121,3909.239669421488
209.0909090909091,0.8272727272727274,4.219027074717392,1.1493513221313802,3978.4297520661166
212.72727272727272,0.8272727272727274,4.299958787836861,1.1481598069433523,4047.6198347107443
216.36363636363635,0.8272727272727274,4.3818580965580045,1.14695318407553,4116.809917355372
220.0,0.8272727272727274,4.464715120188708,1.145721466488846,4186.000000000001
223.63636363636363,0.8272727272727274,4.548519746836713,1.1444555242188215,4255.190082644628
227.27272727272728,0.8272727272727274,4.6332616354273695,1.143147093568589,4324.380165289257
230.9090909090909,0.8272727272727274,4.718930217796491,1.141788785537298,4393.570247933885
234.54545454545453,0.8272727272727274,4.805514700858544,1.1403740936989393,4462.760330578512
238.1818181818182,0.8272727272727274,4.893004068847814,1.1388974017293625,4531.950413223141
241.8181818181818,0.8272727272727274,4.981387085634027,1.1373539907578831,4601.140495867769
245.45454545454544,0.8272727272727274,5.07065229710975,1.1357400467008283,4670.330578512398
249.0909090909091,0.8272727272727274,5.160788033650995,1.134052667712672,4739.520661157026
252.72727272727272,0.8272727272727274,5.251782412647893,1.1322898718685,4808.710743801654
256.3636363636364,0.8272727272727274,5.3436233411064915,1.1304506051692982,4877.900826446282
260.0,0.8272727272727274,5.43629851832062,1.128534749937966,4947.09090909091
263.6363636363636,0.8272727272727274,5.529795438611859,1.1265431336498462,5016.280991735538
267.27272727272725,0.8272727272727274,5.624101394138287,1.1244775382158354,5085.471074380165
270.9090909090909,0.8272727272727274,5.719203477770022,1.1223407097100933,5154.661157024793
274.5454545454545,0.8272727272727274,5.815088586031044,1.120136368505647,5223.851239669421
278.1818181818182,0.8272727272727274,5.91174342210679,1.1178692197519005,5293.04132231405
281.8181818181818,0.8272727272727274,6.009154498915058,1.1155449640963802,5362.2314049586785
285.45454545454544,0.8272727272727274,6.107308142241884,1.1131703085195048,5431.421487603307
289.0909090909091,0.8272727272727274,6.2061904939381565,1.1107529771155544,5500.611570247935
292.72727272727275,0.8272727272727274,6.305787515178683,1.108301721614914,5569.801652892564
296.3636363636364,0.8272727272727274,6.406084989780679,1.1058263314032284,5638.991735537191
300.0,0.8272727272727274,6.50706852758216,1.1033376427498804,5708.181818181819
303.6363636363636,0.8272727272727274,6.6087235678778935,1.1008475469152412,5777.371900826447
307.27272727272725,0.8272727272727274,6.711035382911982,1.098368996759551,5846.561983471074
310.9090909090909,0.8272727272727274,6.813989081426831,1.095916011430324,5915.752066115703
314.5454545454545,0.8272727272727274,6.9175696122660835,1.093503678657649,5984.94214876033
318.1818181818182,0.8272727272727274,7.021761768030785,1.091148154141475,6054.13223140496
321.8181818181818,0.8272727272727274,7.1265501887883715,1.08886665746977,6123.3223140495875
325.45454545454544,0.8272727272727274,7.231919365831153,1.086677463966886,6192.512396694216
329.09090909090907,0.8272727272727274,7.337853645485643,1.0845998918358826,6261.702479338844
332.7272727272727,0.8272727272727274,7.444337232968966,1.082654283931021,6330.892561983471
336.3636363636364,0.8272727272727274,7.551354196292975,1.0808619834798163,6400.082644628101
340.0,0.8272727272727274,7.658888470213293,1.0792453030689833,6469.272727272728
343.6363636363636,0.8272727272727274,7.7669238602229065,1.07782748622023,6538.462809917356
347.27272727272725,0.8272727272727274,7.875444046588323,1.0766326609118688,6607.652892561984
350.9090909090909,0.8272727272727274,7.984432588427238,1.075685784453811,6676.842975206611
354.54545454545456,0.8272727272727274,8.093872927825977,1.0750125792001026,6746.03305785124
358.1818181818182,0.8272727272727274,8.203748393995793,1.074639458685922,6815.223140495868
361.8181818181818,0.8272727272727274,8.314042207465759,1.0745934439079012,6884.4132231404965
365.45454545454544,0.8272727272727274,8.42473748431182,1.0749020696270093,6953.603305785124
369.09090909090907,0.8272727272727274,8.53581724041955,1.0755932807628619,7022.793388429752
372.7272727272727,0.8272727272727274,8.647264395779882,1.0766953191644435,7091.983471074381
376.3636363636364,0.8272727272727274,8.759061778815528,1.0782366012815119,7161.173553719009
380.0,0.8272727272727274,8.871192130737485,1.080245587517333,7230.363636363638
383.6363636363636,0.8272727272727274,8.983638109929423,1.0827506443116504,7299.553719008266
387.27272727272725,0.8272727272727274,9.096382296358414,1.085779900269853,7368.743801652893
390.9090909090909,0.8272727272727274,9.209407196011066,1.089361097914454,7437.933884297521
394.54545454545456,0.8272727272727274,9.322695245352817,1.0935214428726867,7507.12396694215
398.1818181818182,0.8272727272727274,9.436228815808912,1.0982874525182558,7576.314049586778
401.8181818181818,0.8272727272727274,9.549990218265817,1.1036848062459186,7645.504132231406
405.45454545454544,0.8272727272727274,9.663961707591799,1.1097381996597462,7714.694214876034
409.09090909090907,0.8272727272727274,9.778125487173387,1.1164712049946532,7783.884297520662
412.7272727272727,0.8272727272727274,9.892463713468606,1.1239061400563348,7853.07438016529
416.3636363636364,0.8272727272727274,10.00695850057319,1.1320639478562218,7922.264462809919
420.0,0.8272727272727274,10.121591924799489,1.1409640889354884,7991.454545454546
60.0,0.8565656565656568,1.8671579880311118,1.3781365789619622,1182.0606060606062
63.63636363636363,0.8565656565656568,1.9037332303628265,1.3626236854833296,1253.7006427915521
67.27272727272727,0.8565656565656568,1.9414711195332108,1.3477976330194972,1325.3406795224978
70.9090909090909,0.8565656565656568,1.9803719387176777,1.3336511172281111,1396.980716253444
74.54545454545455,0.8565656565656568,2.020435723677183,1.320175670601166,1468.6207529843896
78.18181818181819,0.8565656565656568,2.0616622616007687,1.3073616628558022,1540.2607897153355
81.81818181818181,0.8565656565656568,2.104051090019416,1.2951983095966735,1611.9008264462814
85.45454545454545,0.8565656565656568,2.1476014957939533,1.2836736894492162,1683.5408631772273
89.0909090909091,0.8565656565656568,2.1923125141749997,1.2727747697260179,1755.180899908173
92.72727272727272,0.8565656565656568,2.2381829279378023,1.2624874405462994,1826.8209366391188
96.36363636363636,0.8565656565656568,2.285211266591335,1.2527965571835686,1898.4609733700647
100.0,0.8565656565656568,2.3333958056627004,1.2436859902765143,1970.1010101010106
103.63636363636363,0.8565656565656568,2.3827345660571178,1.235138683403867,2041.741046831956
107.27272727272728,0.8565656565656568,2.4332253134943356,1.227136717403221,2113.3810835629024
110.9090909090909,0.8565656565656568,2.4848655580217205,1.219661380706594,2185.021120293848
114.54545454545455,0.8565656565656568,2.537652553604593,1.212693244879012,2256.6611570247937
118.18181818181819,0.8565656565656568,2.591583297794134,1.2062122444786316,2328.30119375574
121.81818181818181,0.8565656565656568,2.6466545314735352,1.2001977603129281,2399.9412304866855
125.45454545454545,0.8565656565656568,2.7028627386823105,1.1946287051434827,2471.581267217631
129.0909090909091,0.8565656565656568,2.7602041465195315,1.1894836108927658,2543.2213039485773
132.72727272727272,0.8565656565656568,2.818674725126149,1.184740716428007,2614.861340679523
136.36363636363637,0.8565656565656568,2.8782701877467103,1.1803780550386322,2686.501377410469
140.0,0.8565656565656568,2.9389859908704272,1.1763735407819533,2758.1414141414148
143.63636363636363,0.8565656565656568,3.000817334452445,1.1727050529437735,2829.7814508723604
147.27272727272725,0.8565656565656568,3.063759162214847,1.169350517943914,2901.421487603306
150.9090909090909,0.8565656565656568,3.127806162027957,1.166287988107037,2973.061524334252
154.54545454545456,0.8565656565656568,3.192952766371863,1.1634957168147375,3044.701561065198
158.1818181818182,0.8565656565656568,3.259193152878507,1.1609522296513943,3116.341597796144
161.8181818181818,0.8565656565656568,3.326521244953879,1.1586363912519808,3187.9816345270897
165.45454545454544,0.8565656565656568,3.394930712480865,1.156527467652326,3259.621671258036
169.0909090909091,0.8565656565656568,3.4644149726028184,1.1546051840289742,3331.2617079889815
172.72727272727272,0.8565656565656568,3.5349671905870688,1.1528497777958278,3402.901744719927
176.36363636363637,0.8565656565656568,3.606580280769122,1.1512420470964386,3474.5417814508733
180.0,0.8565656565656568,3.679246907576985,1.1497633947944323,3546.181818181819
183.63636363636363,0.8565656565656568,3.75295948663545,1.148395868118601,3617.8218549127646
187.27272727272725,0.8565656565656568,3.8277101859510028,1.1471221941643857,3689.46189164371
190.9090909090909,0.8565656565656568,3.9034909271753397,1.1459258114902637,3761.1019283746564
194.54545454545453,0.8565656565656568,3.9802933869494783,1.1447908980755297,3832.7419651056025
198.1818181818182,0.8565656565656568,4.058108998326516,1.143702395925956,3904.382001836548
201.8181818181818,0.8565656565656568,4.136928952273179,1.1426460326279888,3976.022038567494
205.45454545454544,0.8565656565656568,4.2167441992509636,1.1416083401585662,4047.66207529844
209.0909090909091,0.8565656565656568,4.297545450873977,1.1405766712591134,4119.302112029386
212.72727272727272,0.8565656565656568,4.379323181646275,1.139539213679551,4190.942148760331
216.36363636363635,0.8565656565656568,4.462067630775002,1.1384850025902395,4262.5821854912765
220.0,0.8565656565656568,4.545768804062257,1.13740393144974,4334.2222222222235
223.63636363636363,0.8565656565656568,4.63041647587145,1.1362867616024714,4405.862258953169
227.27272727272728,0.8565656565656568,4.716000191171367,1.135125130865197,4477.502295684115
230.9090909090909,0.8565656565656568,4.802509267654434,1.1339115613433408,4549.142332415061
234.54545454545453,0.8565656565656568,4.8899327979304505,1.1326394667006427,4620.782369146006
238.1818181818182,0.8565656565656568,4.978259651794092,1.1313031590841878,4692.422405876952
241.8181818181818,0.8565656565656568,5.067478478566116,1.1298978558882347,4764.062442607898
245.45454545454544,0.8565656565656568,5.157577709507284,1.1284196865172933,4835.702479338844
249.0909090909091,0.8565656565656568,5.2485455603045175,1.126865699288136,4907.34251606979
252.72727272727272,0.8565656565656568,5.340370033628586,1.1252338685871321,4978.982552800736
256.3636363636364,0.8565656565656568,5.433038921761724,1.1235231023767571,5050.622589531681
260.0,0.8565656565656568,5.526539809296205,1.1217332501206003,5122.262626262627
263.6363636363636,0.8565656565656568,5.620860075900849,1.119865111172114,5193.902662993573
267.27272727272725,0.8565656565656568,5.71598689915574,1.117920443645787,5265.542699724519
270.9090909090909,0.8565656565656568,5.811907257455172,1.1159019737632958,5337.182736455465
274.5454545454545,0.8565656565656568,5.908607932975487,1.1138134056381261,5408.82277318641
278.1818181818182,0.8565656565656568,6.0060755147091465,1.1116594314325952,5480.462809917357
281.8181818181818,0.8565656565656568,6.104296401563278,1.109445741789354,5552.102846648302
285.45454545454544,0.8565656565656568,6.203256805521008,1.1071790364057423,5623.742883379248
289.0909090909091,0.8565656565656568,6.3029427548653345,1.1048670345836225,5695.382920110194
292.72727272727275,0.8565656565656568,6.403340097464712,1.102518485549069,5767.0229568411405
296.3636363636364,0.8565656565656568,6.504434504118457,1.1001431782966877,5838.662993572086
300.0,0.8565656565656568,6.60621147196108,1.0977519506702857,5910.303030303031
303.6363636363636,0.8565656565656568,6.708656327925337,1.0953566973478994,5981.943067033977
307.27272727272725,0.8565656565656568,6.811754232261089,1.0929703763534067,6053.583103764922
310.9090909090909,0.8565656565656568,6.915490182111093,1.0906070136698502,6125.223140495868
314.5454545454545,0.8565656565656568,7.0198490151394015,1.088281705482988,6196.8631772268145
318.1818181818182,0.8565656565656568,7.124815413215144,1.086010617536865,6268.503213957762
321.8181818181818,0.8565656565656568,7.230373906146497,1.083810981039246,6340.143250688706
325.45454545454544,0.8565656565656568,7.336508875466395,1.0817010845139718,6411.783287419652
329.09090909090907,0.8565656565656568,7.44320455826692,1.0797002609616781,6483.423324150597
332.7272727272727,0.8565656565656568,7.550445051082548,1.0778288696630933,6555.063360881543
336.3636363636364,0.8565656565656568,7.658214313819396,1.076108271941536,6626.70339761249
340.0,0.8565656565656568,7.766496173730592,1.0745608001959488,6698.3434343434365
343.6363636363636,0.8565656565656568,7.875274329434732,1.0732097195277261,6769.983471074381
347.27272727272725,0.8565656565656568,7.9845323549780645,1.072079181313839,6841.623507805327
350.9090909090909,0.8565656565656568,8.094253703937175,1.0711941681306467,6913.263544536273
354.54545454545456,0.8565656565656568,8.20442171356169,1.0705804295091808,6984.90358126722
358.1818181818182,0.8565656565656568,8.31501960895514,1.0702644081052346,7056.543617998165
361.8181818181818,0.8565656565656568,8.426030507293419,1.0702731560000176,7128.1836547291105
365.45454545454544,0.8565656565656568,8.537437422077579,1.0706342410075196,7199.823691460056
369.09090909090907,0.8565656565656568,8.649223267421505,1.0713756430546884,7271.463728191002
372.7272727272727,0.8565656565656568,8.76137086237173,1.0725256409172252,7343.103764921948
376.3636363636364,0.8565656565656568,8.873862935257867,1.0741126898332407,7414.743801652895
380.0,0.8565656565656568,8.986682128072852,1.0761652907754637,7486.383838383839
383.6363636363636,0.8565656565656568,9.099811000881038,1.0787118524293298,7558.023875114785
387.27272727272725,0.8565656565656568,9.213232036252164,1.081780547195077,7629.6639118457315
390.9090909090909,0.8565656565656568,9.326927643720436,1.0853991627908595,7701.303948576677
394.54545454545456,0.8565656565656568,9.440880164266941,1.0895949512733836,7772.943985307624
398.1818181818182,0.8565656565656568,9.55507187482305,1.094394477498025,7844.58402203857
401.8181818181818,0.8565656565656568,9.669484992794414,1.099823469200561,7916.224058769514
405.45454545454544,0.8565656565656568,9.784101680603147,1.1059066709869498,7987.86409550046
409.09090909090907,0.8565656565656568,9.898904050246491,1.1126677045548161,8059.504132231406
412.7272727272727,0.8565656565656568,10.013874167871533,1.1201289374381322,8131.144168962352
416.3636363636364,0.8565656565656568,10.12899405836237,1.1283113624558974,8202.784205693299
420.0,0.8565656565656568,10.244245709940158,1.137234489863562,8274.424242424246
60.0,0.8858585858585859,1.9116568933195737,1.3669950732152956,1222.4848484848485
63.63636363636363,0.8858585858585859,1.9490234854840676,1.3514916405987176,1296.574839302112
67.27272727272727,0.8858585858585859,1.987555960656473,1.3366810266937295,1370.6648301193754
70.9090909090909,0.8858585858585859,2.0272545170969822,1.3225560174050246,1444.7548209366391
74.54545454545455,0.8858585858585859,2.0681191045794307,1.3091082108388683,1518.8448117539028
78.18181818181819,0.8858585858585859,2.110149423248565,1.296328016496489,1592.9348025711663
81.81818181818181,0.8858585858585859,2.1533449225489347,1.2842046630271613,1667.0247933884298
85.45454545454545,0.8858585858585859,2.197704800227923,1.2727262147662517,1741.1147842056935
89.0909090909091,0.8858585858585859,2.243228001411241,1.261879597138579,1815.204775022957
92.72727272727272,0.8858585858585859,2.2899132177538846,1.2516506308577455,1889.2947658402204
96.36363636363636,0.8858585858585859,2.3377588866654317,1.2420240746987792,1963.384756657484
100.0,0.8858585858585859,2.3867631906111164,1.2329836764728568,2037.4747474747476
103.63636363636363,0.8858585858585859,2.4369240564888157,1.2245122316905601,2111.564738292011
107.27272727272728,0.8858585858585859,2.488239155082904,1.2165916492704878,2185.6547291092747
110.9090909090909,0.8858585858585859,2.540705900595057,1.209203023537668,2259.744719926538
114.54545454545455,0.8858585858585859,2.594321450252407,1.2023267116612633,2333.8347107438017
118.18181818181819,0.8858585858585859,2.649082703994268,1.1959424156107699,2407.9247015610654
121.81818181818181,0.8858585858585859,2.704986304236378,1.1900292676615398,2482.0146923783286
125.45454545454545,0.8858585858585859,2.7620286357147554,1.1845659184567865,2556.1046831955923
129.0909090909091,0.8858585858585859,2.8202058254080686,1.1795306266340992,2630.194674012856
132.72727272727272,0.8858585858585859,2.879513742539377,1.174901349046596,2704.2846648301193
136.36363636363637,0.8858585858585859,2.939947998658134,1.1706558306540447,2778.3746556473834
140.0,0.8858585858585859,3.0015039478015613,1.1667716932187588,2852.4646464646466
143.63636363636363,0.8858585858585859,3.0641766867359124,1.163226522019504,2926.55463728191
147.27272727272725,0.8858585858585859,3.127961055279018,1.159997949883136,3000.6446280991736
150.9090909090909,0.8858585858585859,3.1928516367020583,1.157063737930621,3074.7346189164373
154.54545454545456,0.8858585858585859,3.2588427582130866,1.1544018525342927,3148.8246097337014
158.1818181818182,0.8858585858585859,3.325928491520277,1.1519905380855617,3222.9146005509647
161.8181818181818,0.8858585858585859,3.394102653476282,1.1498083852728398,3297.004591368228
165.45454545454544,0.8858585858585859,3.4633588068033623,1.1478343946667493,3371.094582185491
169.0909090909091,0.8858585858585859,3.533690260899256,1.1460480355004956,3445.184573002755
172.72727272727272,0.8858585858585859,3.6050900727233914,1.1444292996170455,3519.2745638200186
176.36363636363637,0.8858585858585859,3.6775510477639406,1.142958750629674,3593.3645546372827
180.0,0.8858585858585859,3.7510657410854735,1.141617568408479,3667.454545454546
183.63636363636363,0.8858585858585859,3.825626458456771,1.1403875890613164,3741.544536271809
187.27272727272725,0.8858585858585859,3.9012252575587585,1.1392513406248228,3815.634527089072
190.9090909090909,0.8858585858585859,3.977853949272525,1.1381920747174938,3889.724517906336
194.54545454545453,0.8858585858585859,4.055504099046963,1.137193794436875,3963.8145087235994
198.1818181818182,0.8858585858585859,4.134167028345902,1.1362412788016747,4037.904499540864
201.8181818181818,0.8858585858585859,4.213833816174489,1.1353201040537955,4111.994490358127
205.45454545454544,0.8858585858585859,4.294495300683962,1.1344166621412932,4186.0844811753905
209.0909090909091,0.8858585858585859,4.37614208085526,1.1335181767041205,4260.174471992654
212.72727272727272,0.8858585858585859,4.458764518260693,1.132612716880367,4334.264462809917
216.36363636363635,0.8858585858585859,4.542352738902555,1.1316892092421111,4408.35445362718
220.0,0.8858585858585859,4.6268966351296825,1.1307374481591312,4482.444444444444
223.63636363636363,0.8858585858585859,4.712385867629976,1.1297481048733393,4556.5344352617085
227.27272727272728,0.8858585858585859,4.798809867499354,1.1287127355507887,4630.624426078972
230.9090909090909,0.8858585858585859,4.88615783838593,1.1276237885597606,4704.714416896235
234.54545454545453,0.8858585858585859,4.97441875870967,1.126474611203438,4778.804407713498
238.1818181818182,0.8858585858585859,5.063581383955387,1.1252594561153846,4852.894398530762
241.8181818181818,0.8858585858585859,5.153634249040262,1.1239734875046248,4926.984389348026
245.45454545454544,0.8858585858585859,5.244565670753808,1.1226127874148981,5001.07438016529
249.0909090909091,0.8858585858585859,5.336363750270212,1.121174362139994,5075.164370982553
252.72727272727272,0.8858585858585859,5.429016375732062,1.1196561489143766,5149.254361799816
256.3636363636364,0.8858585858585859,5.522511224904747,1.1180570229742115,5223.34435261708
260.0,0.8858585858585859,5.61683576790076,1.1163768050596374,5297.434343434344
263.6363636363636,0.8858585858585859,5.711977269973238,1.1146162694042585,5371.524334251607
267.27272727272725,0.8858585858585859,5.807922794377073,1.1127771522310905,5445.61432506887
270.9090909090909,0.8858585858585859,5.904659205297818,1.1108621607481146,5519.704315886134
274.5454545454545,0.8858585858585859,6.002173170846932,1.1088749826064865,5593.7943067033975
278.1818181818182,0.8858585858585859,6.100451166121953,1.1068202957558657,5667.884297520662
281.8181818181818,0.8858585858585859,6.199479476331435,1.1047037785982643,5741.974288337925
285.45454545454544,0.8858585858585859,6.299244199983159,1.1025321203089689,5816.064279155188
289.0909090909091,0.8858585858585859,6.39973125213478,1.1003130311563083,5890.154269972453
292.72727272727275,0.8858585858585859,6.5009263677053255,1.0980552526148801,5964.244260789716
296.3636363636364,0.8858585858585859,6.602815104847764,1.0957685670261434,6038.33425160698
300.0,0.8858585858585859,6.705382848379662,1.0934638065178786,6112.424242424242
303.6363636363636,0.8858585858585859,6.808614813272275,1.0911528608504242,6186.514233241506
307.27272727272725,0.8858585858585859,6.912496048196595,1.0888486838109832,6260.60422405877
310.9090909090909,0.8858585858585859,7.0170114391245555,1.0865652977314073,6334.694214876033
314.5454545454545,0.8858585858585859,7.122145712984789,1.0843177956571526,6408.784205693297
318.1818181818182,0.8858585858585859,7.227883441371548,1.0821223406491853,6482.87419651056
321.8181818181818,0.8858585858585859,7.334209044305588,1.0799961616561486,6556.964187327824
325.45454545454544,0.8858585858585859,7.441106794045378,1.0779575453535282,6631.054178145087
329.09090909090907,0.8858585858585859,7.548560818947806,1.0760258233107558,6705.144168962351
332.7272727272727,0.8858585858585859,7.656555107377034,1.0742213538202467,6779.234159779615
336.3636363636364,0.8858585858585859,7.765073511659394,1.0725654977039083,6853.324150596878
340.0,0.8858585858585859,7.874099752084318,1.0710805874080849,6927.414141414142
343.6363636363636,0.8858585858585859,7.983617420948483,1.0697898887093789,7001.504132231405
347.27272727272725,0.8858585858585859,8.093609986643003,1.068717554382165,7075.594123048669
350.9090909090909,0.8858585858585859,8.204060797781185,1.0678885692317925,7149.684113865931
354.54545454545456,0.8858585858585859,8.314953087366513,1.0673286859717661,7223.774104683196
358.1818181818182,0.8858585858585859,8.426269976998123,1.0670643515273126,7297.86409550046
361.8181818181818,0.8858585858585859,8.537994481113635,1.0671226234782902,7371.954086317723
365.45454545454544,0.8858585858585859,8.650109511266914,1.0675310765157138,7446.044077134987
369.09090909090907,0.8858585858585859,8.762597880439504,1.068317698975272,7520.134067952249
372.7272727272727,0.8858585858585859,8.875442307384722,1.0695107797273913,7594.224058769513
376.3636363636364,0.8858585858585859,8.988625421001693,1.0711387859440793,7668.314049586777
380.0,0.8858585858585859,9.102129764739637,1.0732302325184588,7742.404040404041
383.6363636363636,0.8858585858585859,9.215937801028634,1.0758135441826113,7816.494031221305
387.27272727272725,0.8858585858585859,9.330031915737399,1.078916911637485,7890.584022038567
390.9090909090909,0.8858585858585859,9.444394422655018,1.0825681432690586,7964.674012855831
394.54545454545456,0.8858585858585859,9.559007567995844,1.0867945142640387,8038.764003673095
398.1818181818182,0.8858585858585859,9.673853534925335,1.0916226151446078,8112.853994490359
401.8181818181818,0.8858585858585859,9.788914448106675,1.0970782019014453,8186.943985307621
405.45454545454544,0.8858585858585859,9.904172378263805,1.1031860500096817,8261.033976124885
409.09090909090907,0.8858585858585859,10.01960934676297,1.1099698146505494,8335.123966942148
412.7272727272727,0.8858585858585859,10.13520733020722,1.1174518994281626,8409.213957759412
416.3636363636364,0.8858585858585859,10.250948265046055,1.1256533357634044,8483.303948576677
420.0,0.8858585858585859,10.366814052195048,1.1345936749631689,8557.39393939394
60.0,0.9151515151515153,1.9562068873776246,1.3582608136467307,1262.909090909091
63.63636363636363,0.9151515151515153,1.9943655151249207,1.3427645301309175,1339.4490358126723
67.27272727272727,0.9151515151515153,2.0336932145802153,1.327965880131649,1415.9889807162535
70.9090909090909,0.9151515151515153,2.0741900986109423,1.3138577292865001,1492.5289256198348
74.54545454545455,0.9151515151515153,2.1158560305377554,1.300431735571791,1569.068870523416
78.18181818181819,0.9151515151515153,2.158690623005831,1.2876783474702462,1645.6088154269978
81.81818181818181,0.9151515151515153,2.202693236929554,1.2755868109336943,1722.1487603305786
85.45454545454545,0.9151515151515153,2.2478629805100345,1.264145185387747,1798.68870523416
89.0909090909091,0.9151515151515153,2.29419870832728,1.2533403688751454,1875.2286501377414
92.72727272727272,0.9151515151515153,2.3416990205067147,1.243158132277806,1951.7685950413224
96.36363636363636,0.9151515151515153,2.3903622619611395,1.233583162398115,2028.3085399449037
100.0,0.9151515151515153,2.4401865217087026,1.2245991135233019,2104.848484848485
103.63636363636363,0.9151515151515153,2.491169632267071,1.2161886669481832,2181.3884297520663
107.27272727272728,0.9151515151515153,2.5433091691245586,1.2083335977950926,2257.928374655648
110.9090909090909,0.9151515151515153,2.596602450289338,1.201014848350885,2334.468319559229
114.54545454545455,0.9151515151515153,2.6510465359150777,1.194212607041884,2411.00826446281
118.18181818181819,0.9151515151515153,2.70663822800669,1.187906392092433,2487.548209366392
121.81818181818181,0.9151515151515153,2.763374070203346,1.1820751388618405,2564.0881542699726
125.45454545454545,0.9151515151515153,2.8212503476411888,1.176697289829498,2640.628099173554
129.0909090909091,0.9151515151515153,2.8802630868955523,1.1717508861979107,2717.1680440771356
132.72727272727272,0.9151515151515153,2.940408056002412,1.1672136601074752,2793.7079889807164
136.36363636363637,0.9151515151515153,3.001680764560202,1.1630631265021227,2870.247933884298
140.0,0.9151515151515153,3.0640764639115092,1.1592766737494096,2946.787878787879
143.63636363636363,0.9151515151515153,3.1275901474058054,1.1558316521989467,3023.3278236914603
147.27272727272725,0.9151515151515153,3.192216550741814,1.1527054599545714,3099.8677685950415
150.9090909090909,0.9151515151515153,3.2579501523914827,1.1498756252367128,3176.4077134986233
154.54545454545456,0.9151515151515153,3.324785174104198,1.147319884816015,3252.9476584022045
158.1818181818182,0.9151515151515153,3.3927155814923813,1.1450162581063437,3329.487603305786
161.8181818181818,0.9151515151515153,3.46173508469775,1.1429431166101547,3406.027548209367
165.45454545454544,0.9151515151515153,3.5318371391384895,1.1410792485104155,3482.5674931129474
169.0909090909091,0.9151515151515153,3.6030149463378587,1.139403918297449,3559.1074380165296
172.72727272727272,0.9151515151515153,3.675261454833204,1.1378969214062995,3635.647382920111
176.36363636363637,0.9151515151515153,3.7485693611659485,1.136538633917635,3712.187327823692
180.0,0.9151515151515153,3.8229311109525916,1.1353100574428943,3788.727272727273
183.63636363636363,0.9151515151515153,3.898338900035715,1.134192859372543,3865.2672176308542
187.27272727272725,0.9151515151515153,3.974784675715763,1.1331694087139852,3941.807162534435
190.9090909090909,0.9151515151515153,4.052260138063041,1.1322228077832053,4018.347107438017
194.54545454545453,0.9151515151515153,4.1307567413093125,1.1313369200438423,4094.887052341598
198.1818181818182,0.9151515151515153,4.210265695319051,1.130496394407126,4171.426997245179
201.8181818181818,0.9151515151515153,4.290777967140644,1.1296866863193271,4247.966942148761
205.45454545454544,0.9151515151515153,4.372284282635583,1.1288940759690553,4324.506887052342
209.0909090909091,0.9151515151515153,4.454775128186811,1.128105683946807,4401.046831955924
212.72727272727272,0.9151515151515153,4.538240752485393,1.1273094846845204,4477.586776859504
216.36363636363635,0.9151515151515153,4.622671168394333,1.1264943179937223,4554.126721763086
220.0,0.9151515151515153,4.708056154890505,1.1256498990078172,4630.666666666668
223.63636363636363,0.9151515151515153,4.794385259082386,1.1247668268192634,4707.206611570248
227.27272727272728,0.9151515151515153,4.881647798304401,1.1238365920851283,4783.74655647383
230.9090909090909,0.9151515151515153,4.969832862287293,1.1228515838540951,4860.286501377412
234.54545454545453,0.9151515151515153,5.058929315402869,1.1218050958493913,4936.826446280992
238.1818181818182,0.9151515151515153,5.1489257989835435,1.120691332418914,5013.366391184573
241.8181818181818,0.9151515151515153,5.239810733715429,1.1195054143431742,5089.906336088155
245.45454545454544,0.9151515151515153,5.331572322104387,1.1182433846680397,5166.446280991736
249.0909090909091,0.9151515151515153,5.424198551014675,1.1169022147066394,5242.986225895317
252.72727272727272,0.9151515151515153,5.517677194278882,1.1154798103310752,5319.526170798898
256.3636363636364,0.9151515151515153,5.611995815378537,1.1139750186502972,5396.06611570248
260.0,0.9151515151515153,5.707141770194845,1.1123876351461643,5472.606060606061
263.6363636363636,0.9151515151515153,5.803102209828445,1.1107184113138717,5549.146005509642
267.27272727272725,0.9151515151515153,5.899864083487129,1.10896906282684,5625.6859504132235
270.9090909090909,0.9151515151515153,5.997414141441437,1.1071422782189089,5702.225895316804
274.5454545454545,0.9151515151515153,6.095738938045775,1.1052417280473916,5778.765840220385
278.1818181818182,0.9151515151515153,6.194824834825623,1.1032720744711064,5855.305785123968
281.8181818181818,0.9151515151515153,6.29465800362882,1.1012389811448948,5931.8457300275495
285.45454545454544,0.9151515151515153,6.395224429840197,1.0991491232990291,6008.38567493113
289.0909090909091,0.9151515151515153,6.496509915658749,1.0970101978350495,6084.925619834712
292.72727272727275,0.9151515151515153,6.598500083435951,1.0948309332329869,6161.465564738293
296.3636363636364,0.9151515151515153,6.701180379074084,1.0926210990233047,6238.005509641875
300.0,0.9151515151515153,6.804536075483721,1.09039151453606,6314.545454545455
303.6363636363636,0.9151515151515153,6.908552276099462,1.0881540565943608,6391.085399449037
307.27272727272725,0.9151515151515153,7.013213918451684,1.0859216657748707,6467.6253443526175
310.9090909090909,0.9151515151515153,7.118505777794161,1.0837083508103977,6544.165289256198
314.5454545454545,0.9151515151515153,7.224412470786323,1.081529190663465,6620.70523415978
318.1818181818182,0.9151515151515153,7.330918459228007,1.0794003337532507,6697.245179063362
321.8181818181818,0.9151515151515153,7.438008053846127,1.0773389937740472,6773.785123966943
325.45454545454544,0.9151515151515153,7.545665418132195,1.075363441503074,6850.325068870524
329.09090909090907,0.9151515151515153,7.653874572228607,1.0734929919601126,6926.865013774105
332.7272727272727,0.9151515151515153,7.762619396862961,1.071747986253386,7003.404958677686
336.3636363636364,0.9151515151515153,7.871883637328959,1.0701497674291032,7079.944903581269
340.0,0.9151515151515153,7.981650907512465,1.0687206496367134,7156.484848484849
343.6363636363636,0.9151515151515153,8.091904693960913,1.067483879933009,7233.02479338843
347.27272727272725,0.9151515151515153,8.20262835999556,1.0664635920774634,7309.5647382920115
350.9090909090909,0.9151515151515153,8.313805149864699,1.0656847517225332,7386.104683195592
354.54545454545456,0.9151515151515153,8.425418192935522,1.0651730924783906,7462.644628099174
358.1818181818182,0.9151515151515153,8.537450507925206,1.064955042433377,7539.184573002756
361.8181818181818,0.9151515151515153,8.649885007167574,1.0650576408430965,7615.724517906337
365.45454545454544,0.9151515151515153,8.762704500915252,1.0655084448601007,7692.264462809919
369.09090909090907,0.9151515151515153,8.875891701675144,1.0663354263657008,7768.804407713499
372.7272727272727,0.9151515151515153,8.989429228576425,1.0675668591803291,7845.3443526170795
376.3636363636364,0.9151515151515153,9.1032996117683,1.0692311971676811,7921.884297520663
380.0,0.9151515151515153,9.217485296847286,1.0713569440049546,7998.424242424244
383.6363636363636,0.9151515151515153,9.331968649311795,1.0739725156571154,8074.964187327824
387.27272727272725,0.9151515151515153,9.446731959042241,1.07710609686347,8151.504132231406
390.9090909090909,0.9151515151515153,9.561757444805673,1.0807854932023064,8228.044077134986
394.54545454545456,0.9151515151515153,9.677027258783314,1.0850379805393768,8304.584022038569
398.1818181818182,0.9151515151515153,9.792523491118473,1.0898901538709793,8381.12396694215
401.8181818181818,0.9151515151515153,9.908228174484602,1.095367777732779,8457.663911845731
405.45454545454544,0.9151515151515153,10.024123288671017,1.101495640450884,8534.203856749311
409.09090909090907,0.9151515151515153,10.140190765184471,1.1082974145505464,8610.743801652894
412.7272727272727,0.9151515151515153,10.25641249186602,1.1157955256056258,8687.283746556473
416.3636363636364,0.9151515151515153,10.372770317520285,1.1240110317055751,8763.823691460057
420.0,0.9151515151515153,10.489246056556363,1.1329635155347668,8840.363636363638
60.0,0.9444444444444446,2.0007757334390535,1.3518826433299396,1303.3333333333337
63.63636363636363,0.9444444444444446,2.039726841010162,1.3363908426450744,1382.3232323232326
67.27272727272727,0.9444444444444446,2.0798501617160055,1.3216003015445807,1461.3131313131314
70.9090909090909,0.9444444444444446,2.121145722582142,1.3075039537167445,1540.3030303030307
74.54545454545455,0.9444444444444446,2.1636133000374267,1.2940935103617175,1619.2929292929296
78.18181818181819,0.9444444444444446,2.2072524188004907,1.2813594575306242,1698.2828282828289
81.81818181818181,0.9444444444444446,2.2520623508392568,1.2692910624368658,1777.2727272727275
85.45454545454545,0.9444444444444446,2.2980421144045255,1.2578763890036755,1856.2626262626268
89.0909090909091,0.9444444444444446,2.345190473137798,1.247102322758012,1935.2525252525256
92.72727272727272,0.9444444444444446,2.3935059352540353,1.236954605019702,2014.2424242424247
96.36363636363636,0.9444444444444446,2.4429867528004534,1.2274178761686207,2093.232323232324
100.0,0.9444444444444446,2.4936309209916043,1.2184757276117768,2172.2222222222226
103.63636363636363,0.9444444444444446,2.545436177620485,1.210110761917436,2251.2121212121215
107.27272727272728,0.9444444444444446,2.5984000025477725,1.2023046604416854,2330.202020202021
110.9090909090909,0.9444444444444446,2.652519617268549,1.195038257649791,2409.1919191919196
114.54545454545455,0.9444444444444446,2.7077919845571135,1.1882916212307575,2488.1818181818185
118.18181818181819,0.9444444444444446,2.764213808190328,1.182044137026029,2567.171717171718
121.81818181818181,0.9444444444444446,2.8217815327503812,1.1762745977393738,2646.1616161616166
125.45454545454545,0.9444444444444446,2.8804913435065442,1.17096129436871,2725.151515151516
129.0909090909091,0.9444444444444446,2.940339166377039,1.1660821093012732,2804.1414141414148
132.72727272727272,0.9444444444444446,3.0013206679700994,1.1616146100364622,2883.1313131313136
136.36363636363637,0.9444444444444446,3.063431255706692,1.1575361425487714,2962.1212121212134
140.0,0.9444444444444446,3.1266660780218922,1.153823923369613,3041.1111111111118
143.63636363636363,0.9444444444444446,3.1910200246486786,1.1504551295492143,3120.1010101010106
147.27272727272725,0.9444444444444446,3.256487726981777,1.1474069857549871,3199.090909090909
150.9090909090909,0.9444444444444446,3.3230635585223984,1.1446568478672419,3278.0808080808083
154.54545454545456,0.9444444444444446,3.390741635404349,1.1421822825405306,3357.0707070707085
158.1818181818182,0.9444444444444446,3.459515817001339,1.1399611423104914,3436.060606060607
161.8181818181818,0.9444444444444446,3.52937970661549,1.1379716359333167,3515.0505050505058
165.45454545454544,0.9444444444444446,3.6003266522469826,1.136192393749512,3594.040404040404
169.0909090909091,0.9444444444444446,3.6723497474448576,1.1346025279609724,3673.030303030304
172.72727272727272,0.9444444444444446,3.745441832239334,1.1331816877993657,3752.0202020202028
176.36363636363637,0.9444444444444446,3.819595494154701,1.1319101096437465,3831.010101010102
180.0,0.9444444444444446,3.894803069303424,1.1307686622141453,3910.0000000000005
183.63636363636363,0.9444444444444446,3.971056643561008,1.1297388870281229,3988.9898989898993
187.27272727272725,0.9444444444444446,4.048348053821497,1.1288030343542854,4067.9797979797986
190.9090909090909,0.9444444444444446,4.126668889332916,1.127944094936845,4146.969696969698
194.54545454545453,0.9444444444444446,4.206010493113596,1.12714582779322,4225.959595959596
198.1818181818182,0.9444444444444446,4.286363963447712,1.1263927844078587,4304.949494949496
201.8181818181818,0.9444444444444446,4.36772015546006,1.1256703296573694,4383.939393939395
205.45454545454544,0.9444444444444446,4.450069682771274,1.124964659808277,4462.929292929293
209.0909090909091,0.9444444444444446,4.533402919230139,1.1242628179277558,4541.919191919193
212.72727272727272,0.9444444444444446,4.617710000725255,1.1235527070424853,4620.909090909092
216.36363636363635,0.9444444444444446,4.702980827074567,1.1228231013708199,4699.898989898991
220.0,0.9444444444444446,4.789205063991749,1.1220636559404298,4778.8888888888905
223.63636363636363,0.9444444444444446,4.876372145130105,1.1212649148875276,4857.878787878789
227.27272727272728,0.9444444444444446,4.964471274202185,1.1204183187151586,4936.868686868688
230.9090909090909,0.9444444444444446,5.053491427175479,1.1195162107691548,5015.858585858587
234.54545454545453,0.9444444444444446,5.143421354543685,1.1185518431681722,5094.848484848486
238.1818181818182,0.9444444444444446,5.234249583671131,1.1175193824034355,5173.838383838385
241.8181818181818,0.9444444444444446,5.325964421212703,1.116413914800068,5252.828282828284
245.45454545454544,0.9444444444444446,5.41855395560568,1.1152314520097222,5331.818181818182
249.0909090909091,0.9444444444444446,5.512006059634053,1.11396893668005,5410.808080808082
252.72727272727272,0.9444444444444446,5.60630839306536,1.1126242484227662,5489.797979797981
256.3636363636364,0.9444444444444446,5.701448405357047,1.1111962101779818,5568.78787878788
260.0,0.9444444444444446,5.797413338433714,1.1096845950466532,5647.777777777779
263.6363636363636,0.9444444444444446,5.894190229533182,1.1080901336386109,5726.767676767678
267.27272727272725,0.9444444444444446,5.991765914120644,1.1064145219559214,5805.757575757577
270.9090909090909,0.9444444444444446,6.090127028870375,1.1046604298046845,5884.747474747475
274.5454545454545,0.9444444444444446,6.189260014713943,1.1028315096989934,5963.737373737375
278.1818181818182,0.9444444444444446,6.2891511199528916,1.1009324061911623,6042.727272727275
281.8181818181818,0.9444444444444446,6.3897864034373955,1.0989687655297744,6121.717171717173
285.45454545454544,0.9444444444444446,6.4911517378067085,1.0969472455138343,6200.707070707072
289.0909090909091,0.9444444444444446,6.593232812793103,1.0948755253751197,6279.696969696972
292.72727272727275,0.9444444444444446,6.696015138586105,1.0927623154837471,6358.68686868687
296.3636363636364,0.9444444444444446,6.799484049257741,1.0906173666305912,6437.676767676769
300.0,0.9444444444444446,6.9036247062460045,1.0884514785998731,6516.666666666668
303.6363636363636,0.9444444444444446,7.0084221018968,1.0862765076997905,6595.656565656566
307.27272727272725,0.9444444444444446,7.113861063061917,1.0841053728747891,6674.6464646464665
310.9090909090909,0.9444444444444446,7.219926254753217,1.081952059976001,6753.636363636365
314.5454545454545,0.9444444444444446,7.32660218385002,1.079831623720175,6832.626262626263
318.1818181818182,0.9444444444444446,7.433873202860617,1.0777601868212159,6911.6161616161635
321.8181818181818,0.9444444444444446,7.541723513734621,1.0757549357348881,6990.606060606062
325.45454545454544,0.9444444444444446,7.650137171725934,1.0738341124164614,7069.59595959596
329.09090909090907,0.9444444444444446,7.759098089305079,1.0720170014564598,7148.585858585859
332.7272727272727,0.9444444444444446,7.868590040118654,1.0703239119319565,7227.575757575758
336.3636363636364,0.9444444444444446,7.978596662996224,1.0687761532932003,7306.565656565659
340.0,0.9444444444444446,8.089101466000772,1.067396004601152,7385.5555555555575
343.6363636363636,0.9444444444444446,8.2000878305241,1.066206676441469,7464.545454545456
347.27272727272725,0.9444444444444446,8.311539015423593,1.065232264870125,7543.535353535355
350.9090909090909,0.9444444444444446,8.423438161200018,1.064497696797418,7622.525252525254
354.54545454545456,0.9444444444444446,8.535768294214574,1.064028666290448,7701.515151515154
358.1818181818182,0.9444444444444446,8.648512330944175,1.0638515613781383,7780.505050505052
361.8181818181818,0.9444444444444446,8.761653082272,1.0639933810708904,7859.494949494951
365.45454545454544,0.9444444444444446,8.875173257814371,1.0644816424666421,7938.484848484849
369.09090909090907,0.9444444444444446,8.989055470279716,1.0653442780031126,8017.474747474749
372.7272727272727,0.9444444444444446,9.103282239860127,1.0666095231287465,8096.464646464648
376.3636363636364,0.9444444444444446,9.217835998652767,1.0683057949033707,8175.454545454548
380.0,0.9444444444444446,9.332699095110522,1.0704615622935225,8254.444444444447
383.6363636363636,0.9444444444444446,9.447853798518894,1.073105209193139,8333.434343434345
387.27272727272725,0.9444444444444446,9.5632823034995,1.0762648914670283,8412.424242424244
390.9090909090909,0.9444444444444446,9.678966734537186,1.0799683895727203,8491.414141414141
394.54545454545456,0.9444444444444446,9.794889150529082,1.0842429585533782,8570.404040404042
398.1818181818182,0.9444444444444446,9.91103154935526,1.0891151773996257,8649.39393939394
401.8181818181818,0.9444444444444446,10.027375872468301,1.0946107999378223,8728.383838383841
405.45454545454544,0.9444444444444446,10.143904009499803,1.10075460950805,8807.373737373739
409.09090909090907,0.9444444444444446,10.260597802884176,1.107570279734121,8886.363636363638
412.7272727272727,0.9444444444444446,10.37743905249534,1.1150802436577913,8965.353535353537
416.3636363636364,0.9444444444444446,10.4944095202971,1.123305573403768,9044.343434343436
420.0,0.9444444444444446,10.611490935004003,1.132265872363698,9123.333333333336
60.0,0.9737373737373738,2.0453314458965943,1.3477966804442627,1343.757575757576
63.63636363636363,0.9737373737373738,2.0850752348734023,1.3323062574733393,1425.1974288337926
67.27272727272727,0.9737373737373738,2.125994331329558,1.3175195230348395,1506.637281910009
70.9090909090909,0.9737373737373738,2.1680886760274465,1.3034294667047062,1588.077134986226
74.54545454545455,0.9737373737373738,2.2113579580939957,1.2900278459344425,1669.5169880624426
78.18181818181819,0.9737373737373738,2.2558016139221486,1.2773051827747155,1750.9568411386597
81.81818181818181,0.9737373737373738,2.3014188261459063,1.2652507696859867,1832.3966942148759
85.45454545454545,0.9737373737373738,2.3482085226898226,1.2538526847132285,1913.836547291093
89.0909090909091,0.9737373737373738,2.396169375892555,1.2430978161454482,1995.2764003673096
92.72727272727272,0.9737373737373738,2.4452998017065735,1.2329718966147076,2076.716253443526
96.36363636363636,0.9737373737373738,2.4955979589736907,1.2234595464216327,2158.156106519743
100.0,0.9737373737373738,2.5470617487765415,1.2145443257082118,2239.59595959596
103.63636363636363,0.9737373737373738,2.599688813868368,1.2062087949407942,2321.0358126721762
107.27272727272728,0.9737373737373738,2.653476538179337,1.1984345830206515,2402.4756657483936
110.9090909090909,0.9737373737373738,2.7084220464014948,1.1912024622135264,2483.91551882461
114.54545454545455,0.9737373737373738,2.7645222036522563,1.1844924289822285,2565.355371900827
118.18181818181819,0.9737373737373738,2.8217736152163706,1.1782837897267537,2646.7952249770433
121.81818181818181,0.9737373737373738,2.880172626367938,1.1725552503810188,2728.2350780532597
125.45454545454545,0.9737373737373738,2.939715322271409,1.1672850087877047,2809.6749311294766
129.0909090909091,0.9737373737373738,3.0003975279634103,1.1624508487727618,2891.1147842056935
132.72727272727272,0.9737373737373738,3.0622148084137333,1.1580302348649905,2972.55463728191
136.36363636363637,0.9737373737373738,3.125162468667991,1.154000406654174,3053.994490358127
140.0,0.9737373737373738,3.189235554070419,1.1503384718497518,3135.4343434343436
143.63636363636363,0.9737373737373738,3.254428850567975,1.1470214971852992,3216.87419651056
147.27272727272725,0.9737373737373738,3.320736885095222,1.144026596412348,3298.3140495867765
150.9090909090909,0.9737373737373738,3.3881539260408307,1.1413310147325382,3379.753902662994
154.54545454545456,0.9737373737373738,3.456673983795434,1.138912209128447,3461.1937557392107
158.1818181818182,0.9737373737373738,3.5262908113806732,1.1367479241654233,3542.6336088154276
161.8181818181818,0.9737373737373738,3.596997905159861,1.134816262947985,3624.0734618916435
165.45454545454544,0.9737373737373738,3.6687885056304115,1.1330957530200425,3705.5133149678604
169.0909090909091,0.9737373737373738,3.7416555982968758,1.1315654070974246,3786.9531680440773
172.72727272727272,0.9737373737373738,3.815591914626693,1.1302047786125187,3868.393021120294
176.36363636363637,0.9737373737373738,3.890589933085642,1.128994012130958,3949.8328741965106
180.0,0.9737373737373738,3.966641880256044,1.1279138887717786,4031.2727272727275
183.63636363636363,0.9737373737373738,4.043739732034468,1.1269458668221153,4112.712580348944
187.27272727272725,0.9737373737373738,4.121875214911288,1.126072117785936,4194.152433425161
190.9090909090909,0.9737373737373738,4.201039807330519,1.1252755581467502,4275.592286501377
194.54545454545453,0.9737373737373738,4.2812247411295505,1.124539877152203,4357.032139577594
198.1818181818182,0.9737373737373738,4.362421003059557,1.1238495609493628,4438.471992653811
201.8181818181818,0.9737373737373738,4.444619336384822,1.1231899134121517,4519.911845730027
205.45454545454544,0.9737373737373738,4.52781024256223,1.1225470740074766,4601.351698806244
209.0909090909091,0.9737373737373738,4.611983982998744,1.1219080330455884,4682.791551882461
212.72727272727272,0.9737373737373738,4.697130580888295,1.1212606446551767,4764.231404958678
216.36363636363635,0.9737373737373738,4.7832398231257915,1.120593637812556,4845.671258034894
220.0,0.9737373737373738,4.870301262299474,1.1198966257410166,4927.111111111111
223.63636363636363,0.9737373737373738,4.958304218759817,1.1191601139802518,5008.550964187328
227.27272727272728,0.9737373737373738,5.047237782764698,1.1183755074065693,5089.990817263545
230.9090909090909,0.9737373737373738,5.137090816701229,1.1175351164647174,5171.4306703397615
234.54545454545453,0.9737373737373738,5.227851957381807,1.116632162850586,5252.870523415978
238.1818181818182,0.9737373737373738,5.319509618415618,1.115660784861768,5334.310376492195
241.8181818181818,0.9737373737373738,5.412051992653393,1.1146160426098637,5415.750229568412
245.45454545454544,0.9737373737373738,5.505467054705585,1.1134939232652104,5497.190082644628
249.0909090909091,0.9737373737373738,5.5997425635336135,1.112291346480504,5578.629935720845
252.72727272727272,0.9737373737373738,5.6948660651114436,1.11100617011607,5660.069788797062
256.3636363636364,0.9737373737373738,5.790824895159205,1.1096371963644793,5741.509641873279
260.0,0.9737373737373738,5.887606181946211,1.1081841783475475,5822.949494949495
263.6363636363636,0.9737373737373738,5.985196849163456,1.1066478272323155,5904.389348025712
267.27272727272725,0.9737373737373738,6.083583618864155,1.105029819886905,5985.8292011019275
270.9090909090909,0.9737373737373738,6.1827530144716984,1.10333280706885,6067.269054178144
274.5454545454545,0.9737373737373738,6.282691363854088,1.1015604221101711,6148.708907254361
278.1818181818182,0.9737373737373738,6.383384802463377,1.0997172900328103,6230.148760330579
281.8181818181818,0.9737373737373738,6.48481927654007,1.0978090369968798,6311.588613406796
285.45454545454544,0.9737373737373738,6.58698054638065,1.0958422999496709,6393.028466483012
289.0909090909091,0.9737373737373738,6.689854189667072,1.0938247363083875,6474.468319559231
292.72727272727275,0.9737373737373738,6.793425604857887,1.0917650334717592,6555.908172635445
296.3636363636364,0.9737373737373738,6.897680014639274,1.0896729179154139,6637.348025711663
300.0,0.9737373737373738,7.002602469435299,1.0875591635850634,6718.787878787879
303.6363636363636,0.9737373737373738,7.108177850975213,1.0854355992566949,6800.227731864095
307.27272727272725,0.9737373737373738,7.2143908759181485,1.0833151144890916,6881.667584940312
310.9090909090909,0.9737373737373738,7.321226099532993,1.081211663747275,6963.107438016529
314.5454545454545,0.9737373737373738,7.428667919431785,1.079140268229131,7044.547291092746
318.1818181818182,0.9737373737373738,7.536700579357049,1.0771170148825235,7125.987144168964
321.8181818181818,0.9737373737373738,7.645308173019832,1.0751590520560572,7207.426997245178
325.45454545454544,0.9737373737373738,7.754474647988211,1.0732845811872747,7288.866850321396
329.09090909090907,0.9737373737373738,7.864183809625482,1.0715128438967283,7370.306703397612
332.7272727272727,0.9737373737373738,7.974419325074749,1.0698641038298426,7451.746556473829
336.3636363636364,0.9737373737373738,8.085164727290746,1.0683596225705587,7533.186409550047
340.0,0.9737373737373738,8.19640341911591,1.0670216289469812,7614.626262626263
343.6363636363636,0.9737373737373738,8.308118677400595,1.0658732810588534,7696.06611570248
347.27272727272725,0.9737373737373738,8.420293657164363,1.0649386203868425,7777.505968778697
350.9090909090909,0.9737373737373738,8.532911395798827,1.0642425173936205,7858.945821854912
354.54545454545456,0.9737373737373738,8.645954817308759,1.0638106081015883,7940.38567493113
358.1818181818182,0.9737373737373738,8.759406736591837,1.0636692212325685,8021.825528007346
361.8181818181818,0.9737373737373738,8.87324986375341,1.0638452956241444,8103.265381083564
365.45454545454544,0.9737373737373738,8.987466808456873,1.0643662877944893,8184.70523415978
369.09090909090907,0.9737373737373738,9.102040084306658,1.0652600697134964,8266.145087235996
372.7272727272727,0.9737373737373738,9.216952113263043,1.0665548170504513,8347.584940312214
376.3636363636364,0.9737373737373738,9.3321852300871,1.0682788884028764,8429.02479338843
380.0,0.9737373737373738,9.447721686813718,1.0704606962647722,8510.464646464647
383.6363636363636,0.9737373737373738,9.563543657251978,1.073128570754376,8591.904499540864
387.27272727272725,0.9737373737373738,9.679633241510842,1.0763106173874164,8673.34435261708
390.9090909090909,0.9737373737373738,9.795972470548312,1.080034570436567,8754.784205693297
394.54545454545456,0.9737373737373738,9.912543310743054,1.0843276436545295,8836.224058769514
398.1818181818182,0.9737373737373738,10.029327668486333,1.089216380340595,8917.663911845731
401.8181818181818,0.9737373737373738,10.146307394793062,1.0947265048912733,8999.103764921947
405.45454545454544,0.9737373737373738,10.263464289929894,1.1008827780787709,9080.543617998163
409.09090909090907,0.9737373737373738,10.380780108059344,1.1077088583437813,9161.98347107438
412.7272727272727,0.9737373737373738,10.498236561897697,1.1152271713573807,9243.423324150597
416.3636363636364,0.9737373737373738,10.61581532738516,1.1234587900063477,9324.863177226815
420.0,0.9737373737373738,10.733498048367222,1.1324233267777903,9406.303030303032
60.0,1.0030303030303032,2.089842325320893,1.3459272348122877,1384.1818181818182
63.63636363636363,1.0030303030303032,2.130378753619964,1.3304345756026825,1468.0716253443527
67.27272727272727,1.0030303030303032,2.172093536846628,1.3156468458029615,1551.961432506887
70.9090909090909,1.0030303030303032,2.214986529106686,1.3015570789120134,1635.8512396694216
74.54545454545455,1.0030303030303032,2.2590573318430387,1.2881570718972524,1719.741046831956
78.18181818181819,1.0030303030303032,2.3043052927525247,1.2754373815203317,1803.6308539944907
81.81818181818181,1.0030303030303032,2.350729504776349,1.2633873298015503,1887.5206611570252
85.45454545454545,1.0030303030303032,2.3983288051654563,1.2519950189080091,1971.4104683195594
89.0909090909091,1.0030303030303032,2.447101774620373,1.241247355592907,2055.300275482094
92.72727272727272,1.0030303030303032,2.4970467365078974,1.231130085145792,2139.190082644628
96.36363636363636,1.0030303030303032,2.548161756152851,1.2216278346442424,2223.079889807163
100.0,1.0030303030303032,2.6004446402077983,1.2127241651288319,2306.969696969697
103.63636363636363,1.0030303030303032,2.653892936099764,1.204401632164414,2390.8595041322315
107.27272727272728,1.0030303030303032,2.7085039315547013,1.1966418541025343,2474.7493112947664
110.9090909090909,1.0030303030303032,2.764274654201012,1.1894255872315458,2558.6391184573004
114.54545454545455,1.0030303030303032,2.821201871251173,1.182732806893561,2642.5289256198353
118.18181818181819,1.0030303030303032,2.8792820892630866,1.1765427935648307,2726.4187327823697
121.81818181818181,1.0030303030303032,2.9385115539810887,1.1708342228403326,2810.3085399449037
125.45454545454545,1.0030303030303032,2.9988862502565965,1.1655852582350907,2894.198347107438
129.0909090909091,1.0030303030303032,3.060401902049515,1.1607736457137856,2978.0881542699726
132.72727272727272,1.0030303030303032,3.1230539725098234,1.1563768088845476,3061.9779614325075
136.36363636363637,1.0030303030303032,3.1868376641403318,1.152371943840831,3145.867768595042
140.0,1.0030303030303032,3.2517479190402545,1.148736112703658,3229.757575757576
143.63636363636363,1.0030303030303032,3.317779419230215,1.145446335001985,3313.64738292011
147.27272727272725,1.0030303030303032,3.3849265870586507,1.1424796761263154,3397.537190082645
150.9090909090909,1.0030303030303032,3.4531835856896658,1.1398133321983703,3481.4269972451793
154.54545454545456,1.0030303030303032,3.5225443196725275,1.1374247108116573,3565.3168044077142
158.1818181818182,1.0030303030303032,3.5930024355930676,1.1352915072109608,3649.2066115702487
161.8181818181818,1.0030303030303032,3.6645513228064335,1.133391775591237,3733.0964187327827
165.45454545454544,1.0030303030303032,3.7371841142518702,1.1317039953026062,3816.9862258953167
169.0909090909091,1.0030303030303032,3.8108936873490817,1.1302071318493392,3900.8760330578516
172.72727272727272,1.0030303030303032,3.885672664976261,1.1288806926621007,3984.765840220386
176.36363636363637,1.0030303030303032,3.9615134165294217,1.1277047777038658,4068.655647382921
180.0,1.0030303030303032,4.038408059063286,1.1266601250423447,4152.545454545455
183.63636363636363,1.0030303030303032,4.116348458513369,1.1257281515811852,4236.435261707989
187.27272727272725,1.0030303030303032,4.195326230998908,1.1248909891923162,4320.325068870524
190.9090909090909,1.0030303030303032,4.27533274420675,1.1241315165308101,4404.214876033058
194.54545454545453,1.0030303030303032,4.356359118855442,1.1234333868434307,4488.104683195592
198.1818181818182,1.0030303030303032,4.438396230239824,1.1227810521019104,4571.994490358127
201.8181818181818,1.0030303030303032,4.52143470985516,1.1221597838052892,4655.884297520662
205.45454545454544,1.0030303030303032,4.605464947101064,1.1215556908000401,4739.774104683196
209.0909090909091,1.0030303030303032,4.690477091064063,1.1209557344664804,4823.6639118457315
212.72727272727272,1.0030303030303032,4.77646105237936,1.120347741613841,4907.553719008265
216.36363636363635,1.0030303030303032,4.8634065051701665,1.119720415415746,4991.4435261707995
220.0,1.0030303030303032,4.951302889065003,1.119063344703941,5075.333333333334
223.63636363636363,1.0030303030303032,5.040139411292401,1.1183670119219207,5159.223140495868
227.27272727272728,1.0030303030303032,5.129905048851451,1.117622800020786,5243.112947658403
230.9090909090909,1.0030303030303032,5.220588550759107,1.1168229985592073,5327.002754820937
234.54545454545453,1.0030303030303032,5.312178440372208,1.1159608092481241,5410.892561983471
238.1818181818182,1.0030303030303032,5.404663017784528,1.1150303511578123,5494.782369146006
241.8181818181818,1.0030303030303032,5.498030362297807,1.114026665782144,5578.672176308541
245.45454545454544,1.0030303030303032,5.592268334965814,1.11294572213093,5662.561983471074
249.0909090909091,1.0030303030303032,5.687364581210998,1.1117844219979014,5746.45179063361
252.72727272727272,1.0030303030303032,5.783306533513304,1.1105406055265268,5830.341597796144
256.3636363636364,1.0030303030303032,5.880081414168954,1.1092130571724697,5914.231404958679
260.0,1.0030303030303032,5.97767623812019,1.107801512135044,5998.121212121213
263.6363636363636,1.0030303030303032,6.076077815853813,1.1063066633051246,6082.011019283747
267.27272727272725,1.0030303030303032,6.175272756368183,1.1047301687499917,6165.900826446281
270.9090909090909,1.0030303030303032,6.275247470206978,1.1030746597279173,6249.790633608815
274.5454545454545,1.0030303030303032,6.375988172560378,1.1013437491970401,6333.68044077135
278.1818181818182,1.0030303030303032,6.477480886430634,1.0995420407524117,6417.570247933885
281.8181818181818,1.0030303030303032,6.579711445862633,1.0976751378935277,6501.46005509642
285.45454545454544,1.0030303030303032,6.682665499237654,1.0957496534913878,6585.349862258954
289.0909090909091,1.0030303030303032,6.786328512629251,1.093773219288271,6669.2396694214885
292.72727272727275,1.0030303030303032,6.890685773220623,1.0917544952262406,6753.129476584023
296.3636363636364,1.0030303030303032,6.9957223927813015,1.0897031783607403,6837.019283746558
300.0,1.0030303030303032,7.10142331120405,1.0876300110741013,6920.909090909092
303.6363636363636,1.0030303030303032,7.207773300097738,1.085546788260686,7004.798898071626
307.27272727272725,1.0030303030303032,7.314756966438569,1.0834663631105508,7088.688705234161
310.9090909090909,1.0030303030303032,7.422358756275026,1.0814026510727905,7172.578512396694
314.5454545454545,1.0030303030303032,7.5305629584877245,1.0793706315342857,7256.468319559229
318.1818181818182,1.0030303030303032,7.6393537086022265,1.0773863467041092,7340.358126721763
321.8181818181818,1.0030303030303032,7.748714992652513,1.075466897151052,7424.247933884299
325.45454545454544,1.0030303030303032,7.858630651095266,1.0736304334022908,7508.137741046833
329.09090909090907,1.0030303030303032,7.969084382773014,1.0718961429766174,7592.027548209367
332.7272727272727,1.0030303030303032,8.080059748924377,1.0702842321994446,7675.917355371901
336.3636363636364,1.0030303030303032,8.191540177240515,1.068815902129482,7759.807162534437
340.0,1.0030303030303032,8.303508965966653,1.0675133179225453,7843.69696969697
343.6363636363636,1.0030303030303032,8.415949288046615,1.0663995709689333,7927.586776859505
347.27272727272725,1.0030303030303032,8.528844195309086,1.06549863317007,8011.47658402204
350.9090909090909,1.0030303030303032,8.642176622694546,1.0648353027695803,8095.366391184573
354.54545454545456,1.0030303030303032,8.755929392521216,1.0644351412290203,8179.256198347109
358.1818181818182,1.0030303030303032,8.870085218788017,1.064324400737428,8263.146005509643
361.8181818181818,1.0030303030303032,8.98462671151422,1.0645299420721404,8347.035812672177
365.45454545454544,1.0030303030303032,9.099536381112753,1.0650791426839261,8430.925619834712
369.09090909090907,1.0030303030303032,9.214796642796982,1.0659997950638251,8514.815426997246
372.7272727272727,1.0030303030303032,9.330389821018997,1.0673199956583999,8598.70523415978
376.3636363636364,1.0030303030303032,9.446298153936866,1.069068024833289,8682.595041322316
380.0,1.0030303030303032,9.562503797911225,1.071272218634229,8766.48484848485
383.6363636363636,1.0030303030303032,9.678988832027988,1.07396083335539,8850.374655647383
387.27272727272725,1.0030303030303032,9.795735262646014,1.0771619041865879,8934.264462809919
390.9090909090909,1.0030303030303032,9.912725027968673,1.080903099463904,9018.154269972452
394.54545454545456,1.0030303030303032,10.029940002637275,1.0852115722820863,9102.044077134988
398.1818181818182,1.0030303030303032,10.147362002344218,1.090113811428291,9185.933884297521
401.8181818181818,1.0030303030303032,10.264972788465542,1.0956354937558281,9269.823691460057
405.45454545454544,1.0030303030303032,10.382754072710007,1.101801340220005,9353.71349862259
409.09090909090907,1.0030303030303032,10.500687521783556,1.1086349778405158,9437.603305785124
412.7272727272727,1.0030303030303032,10.618754762067892,1.1161588098262074,9521.493112947659
416.3636363636364,1.0030303030303032,10.736937384310744,1.124393895998079,9605.382920110194
420.0,1.0030303030303032,10.855216948326607,1.1333598454732319,9689.272727272728
60.0,1.0323232323232325,2.134276993471735,1.3461880062221552,1424.606060606061
63.63636363636363,1.0323232323232325,2.1756057744849864,1.3306889367787658,1510.945821854913
67.27272727272727,1.0323232323232325,2.218115911155828,1.3158948753148427,1597.285583103765
70.9090909090909,1.0323232323232325,2.261807170568627,1.3017988881092963,1683.6253443526175
74.54545454545455,1.0323232323232325,2.3066790661292433,1.2883928056549985,1769.9651056014698
78.18181818181819,1.0323232323232325,2.352730856496258,1.275667218799121,1856.3048668503218
81.81818181818181,1.0323232323232325,2.399961544587919,1.2636114840109565,1942.6446280991738
85.45454545454545,1.0323232323232325,2.448369876663186,1.2522137380654423,2028.9843893480258
89.0909090909091,1.0323232323232325,2.4979543414783416,1.241460922272828,2115.324150596878
92.72727272727272,1.0323232323232325,2.5487131695198695,1.2313388162178864,2201.6639118457306
96.36363636363636,1.0323232323232325,2.60064433231416,1.2218320808027752,2288.0036730945826
100.0,1.0323232323232325,2.6537455418140024,1.2129243102190101,2374.3434343434346
103.63636363636363,1.0323232323232325,2.7080142498633775,1.2045980923145372,2460.6831955922867
107.27272727272728,1.0323232323232325,2.763447647739895,1.196835076674597,2547.022956841139
110.9090909090909,1.0323232323232325,2.8200426657770183,1.1896160496052324,2633.362718089991
114.54545454545455,1.0323232323232325,2.877795973063984,1.1829210151012,2719.7024793388437
118.18181818181819,1.0323232323232325,2.936703977226739,1.1767292807968106,2806.0422405876957
121.81818181818181,1.0323232323232325,2.996762824287723,1.1710195478416148,2892.3820018365477
125.45454545454545,1.0323232323232325,3.0579683986067954,1.1657700036147065,2978.7217630854
129.0909090909091,1.0323232323232325,3.120316322902073,1.1609584161889859,3065.061524334252
132.72727272727272,1.0323232323232325,3.183801958352012,1.1565622294814286,3151.4012855831043
136.36363636363637,1.0323232323232325,3.2484204047787353,1.1525586580721503,3237.741046831957
140.0,1.0323232323232325,3.314166500912334,1.1489247807440601,3324.0808080808083
143.63636363636363,1.0323232323232325,3.3810348247369992,1.1456376318781747,3410.4205693296603
147.27272727272725,1.0323232323232325,3.449019693918479,1.142674289939189,3496.7603305785124
150.9090909090909,1.0323232323232325,3.5181151663141454,1.1400119623912068,3583.1000918273653
154.54545454545456,1.0323232323232325,3.5883150405638524,1.1376280664967449,3669.439853076218
158.1818181818182,1.0323232323232325,3.6596128567636326,1.1355003055646586,3755.77961432507
161.8181818181818,1.0323232323232325,3.732001897220785,1.133606740325094,3842.1193755739214
165.45454545454544,1.0323232323232325,3.8054751872912327,1.1319258552165292,3928.4591368227734
169.0909090909091,1.0323232323232325,3.880025496298906,1.1304366194702138,4014.7988980716264
172.72727272727272,1.0323232323232325,3.9556453385362422,1.1291185429692847,4101.138659320478
176.36363636363637,1.0323232323232325,4.032326974347553,1.1279517269419417,4187.478420569331
180.0,1.0323232323232325,4.11006241129283,1.1269169096189422,4273.818181818183
183.63636363636363,1.0323232323232325,4.188843405393645,1.1259955070470697,4360.1579430670345
187.27272727272725,1.0323232323232325,4.268661462460081,1.1251696492992298,4446.497704315886
190.9090909090909,1.0323232323232325,4.349507839498336,1.1244222123619538,4532.837465564739
194.54545454545453,1.0323232323232325,4.431373546199429,1.1237368460099322,4619.177226813591
198.1818181818182,1.0323232323232325,4.514249346508003,1.123097997998705,4705.5169880624435
201.8181818181818,1.0323232323232325,4.598125760271064,1.1224909349187866,4791.856749311295
205.45454545454544,1.0323232323232325,4.682993064966532,1.1219017600593642,4878.1965105601475
209.0909090909091,1.0323232323232325,4.768841297510773,1.1213174286303595,4964.536271809
212.72727272727272,1.0323232323232325,4.855660256145425,1.1207257606842043,5050.8760330578525
216.36363636363635,1.0323232323232325,4.943439502401729,1.1201154520692913,5137.215794306704
220.0,1.0323232323232325,5.032168363143452,1.1194760837329218,5223.555555555557
223.63636363636363,1.0323232323232325,5.121835932686278,1.1187981296749103,5309.895316804408
227.27272727272728,1.0323232323232325,5.212431074994712,1.1180729638343563,5396.235078053261
230.9090909090909,1.0323232323232325,5.303942425954434,1.1172928661713577,5482.574839302113
234.54545454545453,1.0323232323232325,5.396358395720197,1.11645102818411,5568.914600550966
238.1818181818182,1.0323232323232325,5.4896671711387395,1.1155415580792745,5655.254361799818
241.8181818181818,1.0323232323232325,5.583856718245345,1.1145594857899197,5741.59412304867
245.45454545454544,1.0323232323232325,5.6789147848344586,1.1135007680123907,5827.933884297521
249.0909090909091,1.0323232323232325,5.774828903101746,1.112362293409033,5914.273645546374
252.72727272727272,1.0323232323232325,5.871586392359051,1.1111418880996327,6000.613406795225
256.3636363636364,1.0323232323232325,5.969174361819688,1.109838321539531,6086.953168044078
260.0,1.0323232323232325,6.067579713454018,1.1084513128572724,6173.292929292931
263.6363636363636,1.0323232323232325,6.166789144913934,1.1069815376991892,6259.632690541783
267.27272727272725,1.0323232323232325,6.2667891525262736,1.1054306356012076,6345.972451790635
270.9090909090909,1.0323232323232325,6.36756603435307,1.1038012178810745,6432.312213039487
274.5454545454545,1.0323232323232325,6.469105893318179,1.1020968760156264,6518.651974288337
278.1818181818182,1.0323232323232325,6.571394640399788,1.1003221904370593,6604.991735537192
281.8181818181818,1.0323232323232325,6.674417997886772,1.0984827396516494,6691.331496786043
285.45454545454544,1.0323232323232325,6.77816150269846,1.096585109549757,6777.671258034896
289.0909090909091,1.0323232323232325,6.882610509767048,1.0946369027417373,6864.011019283748
292.72727272727275,1.0323232323232325,6.9877501954804995,1.0926467477166883,6950.3507805326
296.3636363636364,1.0323232323232325,7.093565561186092,1.0906243075817605,7036.690541781452
300.0,1.0323232323232325,7.200041436752173,1.088580288098598,7123.030303030304
303.6363636363636,1.0323232323232325,7.307162484187966,1.086526444690801,7209.370064279157
307.27272727272725,1.0323232323232325,7.414913201319774,1.084475588051799,7295.709825528008
310.9090909090909,1.0323232323232325,7.5232779255224145,1.082441587937471,7382.0495867768595
314.5454545454545,1.0323232323232325,7.632240837504232,1.0804393746826517,7468.389348025712
318.1818181818182,1.0323232323232325,7.741785965145607,1.0784849379359192,7554.729109274565
321.8181818181818,1.0323232323232325,7.851897187387832,1.076595322064879,7641.068870523418
325.45454545454544,1.0323232323232325,7.962558238172679,1.0747886176451988,7727.4086317722695
329.09090909090907,1.0323232323232325,8.073752710431137,1.0730839484126795,7813.748393021122
332.7272727272727,1.0323232323232325,8.18546406011779,1.071501453031761,7900.0881542699735
336.3636363636364,1.0323232323232325,8.297675610293519,1.0700622610171595,7986.427915518826
340.0,1.0323232323232325,8.41037055525055,1.068788462141374,8072.7676767676785
343.6363636363636,1.0323232323232325,8.523531964682206,1.0677030686715177,8159.10743801653
347.27272727272725,1.0323232323232325,8.63714278789361,1.0668299698081787,8245.447199265383
350.9090909090909,1.0323232323232325,8.751185858052805,1.0661938777490514,8331.786960514235
354.54545454545456,1.0323232323232325,8.865643896480702,1.0658202648728006,8418.126721763087
358.1818181818182,1.0323232323232325,8.980499516978224,1.0657352916386191,8504.46648301194
361.8181818181818,1.0323232323232325,9.095735230189046,1.0659657249221448,8590.806244260792
365.45454545454544,1.0323232323232325,9.21133344799723,1.0665388466635704,8677.146005509643
369.09090909090907,1.0323232323232325,9.327276487956745,1.0674823528849646,8763.485766758495
372.7272727272727,1.0323232323232325,9.443546577752496,1.0688242433414412,8849.825528007346
376.3636363636364,1.0323232323232325,9.560125859691468,1.0705927023003012,8936.165289256202
380.0,1.0323232323232325,9.67699639522082,1.072815971189324,9022.505050505051
383.6363636363636,1.0323232323232325,9.794140169473383,1.0755222141117946,9108.844811753905
387.27272727272725,1.0323232323232325,9.911539095837576,1.0787393774852363,9195.184573002756
390.9090909090909,1.0323232323232325,10.029175020550683,1.0824950453097997,9281.524334251608
394.54545454545456,1.0323232323232325,10.147029727313402,1.086816291804034,9367.864095500461
398.1818181818182,1.0323232323232325,10.265084941925164,1.0917295333444992,9454.203856749313
401.8181818181818,1.0323232323232325,10.38332233693685,1.0972603818027349,9540.543617998166
405.45454545454544,1.0323232323232325,10.501723536321043,1.103433501477174,9626.883379247018
409.09090909090907,1.0323232323232325,10.620270120157066,1.110272471859026,9713.22314049587
412.7272727272727,1.0323232323232325,10.7389436293292,1.1177996584452485,9799.56290174472
416.3636363636364,1.0323232323232325,10.857725570237008,1.126036093713164,9885.902662993574
420.0,1.0323232323232325,10.97659741951562,1.1350013702028945,9972.242424242426
60.0,1.0616161616161617,2.1786044282660946,1.3484835067038188,1465.0303030303032
63.63636363636363,1.0616161616161617,2.220725030147862,1.332973263554507,1553.8200183654728
67.27272727272727,1.0616161616161617,2.264029941869312,1.3181669857823697,1642.6097337006427
70.9090909090909,1.0616161616161617,2.308518843157655,1.304057762652604,1731.3994490358127
74.54545454545455,1.0616161616161617,2.3541911590564997,1.290637453357005,1820.1891643709828
78.18181818181819,1.0616161616161617,2.4010460588735683,1.2778966831673877,1908.9788797061526
81.81818181818181,1.0616161616161617,2.4490824552028325,1.2658248486444814,1997.7685950413224
85.45454545454545,1.0616161616161617,2.4982990030221233,1.2544101321894154,2086.558310376492
89.0909090909091,1.0616161616161617,2.5486940988659947,1.2436395260675313,2175.348025711662
92.72727272727272,1.0616161616161617,2.60026588007619,1.233498865870951,2264.137741046832
96.36363636363636,1.0616161616161617,2.653012224127888,1.2239728732166677,2352.9274563820018
100.0,1.0616161616161617,2.7069307480341385,1.2150452073123679,2441.717171717172
103.63636363636363,1.0616161616161617,2.762018807828527,1.2066985248625806,2530.5068870523414
107.27272727272728,1.0616161616161617,2.81827349812605,1.1989145476422516,2619.2966023875115
110.9090909090909,1.0616161616161617,2.8756916517633764,1.1916741369371289,2708.0863177226815
114.54545454545455,1.0616161616161617,2.93426983951822,1.184957373942093,2796.8760330578516
118.18181818181819,1.0616161616161617,2.9940043699088914,1.178743645127402,2885.665748393021
121.81818181818181,1.0616161616161617,3.054891289074238,1.1730117315254147,2974.455463728191
125.45454545454545,1.0616161616161617,3.1169263807335605,1.1677399008619582,3063.2451790633613
129.0909090909091,1.0616161616161617,3.180105166228138,1.1629060014535013,3152.0348943985314
132.72727272727272,1.0616161616161617,3.2444229046434554,1.1584875568152477,3240.8246097337005
136.36363636363637,1.0616161616161617,3.309874593012907,1.1544618599706233,3329.6143250688706
140.0,1.0616161616161617,3.37645496660339,1.150806066520183,3418.4040404040406
143.63636363636363,1.0616161616161617,3.4441584992823264,1.147497285610823,3507.1937557392102
147.27272727272725,1.0616161616161617,3.512979403966975,1.144512668042712,3595.98347107438
150.9090909090909,1.0616161616161617,3.5829116331554074,1.141829490856805,3684.7731864095504
154.54545454545456,1.0616161616161617,3.653948879540194,1.1394252378566607,3773.5629017447204
158.1818181818182,1.0616161616161617,3.726084576703573,1.1372776756300074,3862.35261707989
161.8181818181818,1.0616161616161617,3.7993118998954625,1.1353649247471107,3951.14233241506
165.45454545454544,1.0616161616161617,3.8736237668932256,1.133665525918231,4039.9320477502297
169.0909090909091,1.0616161616161617,3.949012838943898,1.1321585009930177,4128.721763085399
172.72727272727272,1.0616161616161617,4.025471521788049,1.1308234087751785,4217.51147842057
176.36363636363637,1.0616161616161617,4.1029919667660195,1.1296403957077406,4306.301193755739
180.0,1.0616161616161617,4.181566072005652,1.1285902415554232,4395.090909090909
183.63636363636363,1.0616161616161617,4.2611854836916265,1.1276544002704836,4483.8806244260795
187.27272727272725,1.0616161616161617,4.341841597416392,1.1268150362792768,4572.670339761249
190.9090909090909,1.0616161616161617,4.423525559612015,1.1260550564648983,4661.460055096419
194.54545454545453,1.0616161616161617,4.506228269062807,1.125358138152519,4750.249770431589
198.1818181818182,1.0616161616161617,4.589940378498689,1.124708753423509,4839.039485766759
201.8181818181818,1.0616161616161617,4.6746522962685715,1.124092190098615,4927.829201101928
205.45454545454544,1.0616161616161617,4.760354188093622,1.123494569735048,5016.618916437098
209.0909090909091,1.0616161616161617,4.84703597889962,1.1229028629825475,5105.408631772269
212.72727272727272,1.0616161616161617,4.934687354728772,1.1223049026377256,5194.198347107438
216.36363636363635,1.0616161616161617,5.023297764729309,1.1216893947260405,5282.988062442608
220.0,1.0616161616161617,5.112856423223389,1.1210459279267995,5371.777777777778
223.63636363636363,1.0616161616161617,5.203352311852488,1.1203649816408983,5460.567493112948
227.27272727272728,1.0616161616161617,5.294774181799034,1.1196379329819532,5549.357208448118
230.9090909090909,1.0616161616161617,5.387110556084607,1.1188570629514243,5638.146923783288
234.54545454545453,1.0616161616161617,5.480349731943847,1.1180155620369936,5726.936639118458
238.1818181818182,1.0616161616161617,5.57447978327261,1.1171075354509057,5815.726354453628
241.8181818181818,1.0616161616161617,5.669488563150895,1.116128008202199,5904.516069788797
245.45454545454544,1.0616161616161617,5.76536370643859,1.1150729301731026,5993.305785123967
249.0909090909091,1.0616161616161617,5.862092632444163,1.1139391813463884,6082.095500459137
252.72727272727272,1.0616161616161617,5.9596625476655145,1.1127245773058452,6170.8852157943065
256.3636363636364,1.0616161616161617,6.058060448600804,1.1114278751076236,6259.674931129477
260.0,1.0616161616161617,6.157273124630537,1.1100487795953213,6348.464646464647
263.6363636363636,1.0616161616161617,6.257287160968207,1.108587950205796,6437.254361799816
267.27272727272725,1.0616161616161617,6.358088941679441,1.10704700828612,6526.044077134987
270.9090909090909,1.0616161616161617,6.459664652768456,1.105428544915328,6614.833792470156
274.5454545454545,1.0616161616161617,6.562000285331217,1.1037361291950012,6703.623507805325
278.1818181818182,1.0616161616161617,6.665081638773248,1.1019743169442735,6792.4132231404965
281.8181818181818,1.0616161616161617,6.768894324092715,1.100148659702048,6881.202938475666
285.45454545454544,1.0616161616161617,6.87342376722609,1.09826571390681,6969.992653810835
289.0909090909091,1.0616161616161617,6.9786552124562675,1.0963330500895578,7058.782369146007
292.72727272727275,1.0616161616161617,7.084573725881796,1.0943592618778413,7147.572084481177
296.3636363636364,1.0616161616161617,7.191164198946073,1.0923539745704707,7236.361799816346
300.0,1.0616161616161617,7.298411352024976,1.0903278530014087,7325.151515151516
303.6363636363636,1.0616161616161617,7.40629973807275,1.0882926083692896,7413.941230486685
307.27272727272725,1.0616161616161617,7.514813746323441,1.086261003664546,7502.730945821854
310.9090909090909,1.0616161616161617,7.6239376060482,1.0842468572823916,7591.520661157025
314.5454545454545,1.0616161616161617,7.7336553903658,1.0822650443643183,7680.310376492194
318.1818181818182,1.0616161616161617,7.843951020106336,1.080331495367582,7769.100091827365
321.8181818181818,1.0616161616161617,7.954808267725733,1.0784631913199787,7857.889807162534
325.45454545454544,1.0616161616161617,8.066210761270257,1.0766781551788902,7946.679522497704
329.09090909090907,1.0616161616161617,8.178141988390113,1.0749954386810017,8035.469237832874
332.7272727272727,1.0616161616161617,8.290585300399247,1.0734351040425676,8124.258953168044
336.3636363636364,1.0616161616161617,8.403523916382222,1.072018199855484,8213.048668503216
340.0,1.0616161616161617,8.516940927344233,1.0707667305187394,8301.838383838385
343.6363636363636,1.0616161616161617,8.630819300405275,1.069703618558492,8390.628099173555
347.27272727272725,1.0616161616161617,8.745141883034883,1.0688526592166316,8479.417814508723
350.9090909090909,1.0616161616161617,8.859891407327433,1.0682384667391467,8568.207529843892
354.54545454545456,1.0616161616161617,8.975050494316283,1.067886411867332,8656.997245179065
358.1818181818182,1.0616161616161617,9.090601658323976,1.067822550133393,8745.786960514235
361.8181818181818,1.0616161616161617,9.206527311349284,1.068073540686444,8834.576675849403
365.45454545454544,1.0616161616161617,9.322809767487383,1.0686665555283283,8923.366391184572
369.09090909090907,1.0616161616161617,9.439431247382894,1.0696291792164458,9012.156106519742
372.7272727272727,1.0616161616161617,9.556373882713883,1.0709892992970973,9100.945821854912
376.3636363636364,1.0616161616161617,9.673619720704929,1.0727749879583048,9189.735537190085
380.0,1.0616161616161617,9.791150728668303,1.075014375634887,9278.525252525253
383.6363636363636,1.0616161616161617,9.90894879857144,1.0777355175514338,9367.314967860422
387.27272727272725,1.0616161616161617,10.026995751628297,1.0809662544440874,9456.104683195592
390.9090909090909,1.0616161616161617,10.145273342914786,1.08473406894851,9544.894398530761
394.54545454545456,1.0616161616161617,10.26376326600433,1.0890659393686803,9633.684113865933
398.1818181818182,1.0616161616161617,10.38244715762443,1.093988192738214,9722.473829201102
401.8181818181818,1.0616161616161617,10.501306602329933,1.0995263592408258,9811.263544536272
405.45454545454544,1.0616161616161617,10.620323137194003,1.105705030159744,9900.053259871442
409.09090909090907,1.0616161616161617,10.739478256513253,1.1125477215675383,9988.842975206611
412.7272727272727,1.0616161616161617,10.85875341652564,1.120076745943188,10077.63269054178
416.3636363636364,1.0616161616161617,10.978130040140915,1.1283130938077235,10166.422405876952
420.0,1.0616161616161617,11.09758952167969,1.1372763273045572,10255.212121212122
60.0,1.090909090909091,2.2227939986623513,1.3527106391264636,1505.4545454545457
63.63636363636363,1.090909090909091,2.265705643765239,1.3371838630165338,1596.6942148760331
67.27272727272727,1.090909090909091,2.3098045065034443,1.3223589431662537,1687.9338842975208
70.9090909090909,1.090909090909091,2.3550901789396654,1.3082289837853813,1779.1735537190084
74.54545454545455,1.090909090909091,2.4015619974598144,1.2947858694088028,1870.4132231404963
78.18181818181819,1.090909090909091,2.4492190417365762,1.2820202612397322,1961.6528925619837
81.81818181818181,1.090909090909091,2.4980601337675683,1.2699216024199356,2052.8925619834713
85.45454545454545,1.090909090909091,2.548083836989453,1.2584781325082368,2144.132231404959
89.0909090909091,1.090909090909091,2.5992884554676206,1.247676911294463,2235.3719008264466
92.72727272727272,1.090909090909091,2.6516720331634547,1.2375038519154473,2326.6115702479337
96.36363636363636,1.090909090909091,2.7052323532778564,1.227943763075087,2417.851239669422
100.0,1.090909090909091,2.7599669376741574,1.2189804000072397,2509.0909090909095
103.63636363636363,1.090909090909091,2.815873046377754,1.2105965236656246,2600.3305785123966
107.27272727272728,1.090909090909091,2.8729476771564304,1.2027739674814848,2691.5702479338847
110.9090909090909,1.090909090909091,2.9311875651783685,1.1954937109037789,2782.8099173553724
114.54545454545455,1.090909090909091,2.990589182751047,1.1887359588319972,2874.04958677686
118.18181818181819,1.090909090909091,3.0511487391401104,1.1824802259695062,2965.2892561983476
121.81818181818181,1.090909090909091,3.112862180468488,1.176705425070302,3056.5289256198353
125.45454545454545,1.090909090909091,3.175725189696533,1.1713899580223261,3147.768595041323
129.0909090909091,1.090909090909091,3.239733186683589,1.1665118087074706,3239.00826446281
132.72727272727272,1.090909090909091,3.3048813283306435,1.162048636600403,3330.2479338842977
136.36363636363637,1.090909090909091,3.3711645088048723,1.15797787011302,3421.487603305786
140.0,1.090909090909091,3.4385773598460414,1.1542767987552482,3512.727272727273
143.63636363636363,1.090909090909091,3.507114251155019,1.1509226632651688,3603.9669421487606
147.27272727272725,1.090909090909091,3.57676929086423,1.1478927429539503,3695.2066115702482
150.9090909090909,1.090909090909091,3.647536326090859,1.145164439615455,3786.4462809917363
154.54545454545456,1.090909090909091,3.7194089435721143,1.1427153574574325,3877.6859504132235
158.1818181818182,1.090909090909091,3.7923804703830637,1.1405233786218194,3968.925619834711
161.8181818181818,1.090909090909091,3.866443974736754,1.1385667339702672,4060.165289256199
165.45454545454544,1.090909090909091,3.941592266866845,1.1368240689153337,4151.404958677686
169.0909090909091,1.090909090909091,4.017817899992729,1.135274504175763,4242.644628099174
172.72727272727272,1.090909090909091,4.095113171366694,1.133897691424596,4333.884297520662
176.36363636363637,1.090909090909091,4.173470123403259,1.1326738638790323,4425.12396694215
180.0,1.090909090909091,4.252880544890547,1.1315838819515442,4516.363636363637
183.63636363636363,1.090909090909091,4.333335972283508,1.1306092741421045,4607.603305785124
187.27272727272725,1.090909090909091,4.414827691078561,1.1297322734004502,4698.842975206611
190.9090909090909,1.090909090909091,4.497346737269534,1.1289358492272497,4790.0826446281
194.54545454545453,1.090909090909091,4.580883898884697,1.1282037358126735,4881.3223140495875
198.1818181818182,1.090909090909091,4.665429717604462,1.1275204565323487,4972.561983471075
201.8181818181818,1.090909090909091,4.750974490459512,1.1268713451335837,5063.801652892563
205.45454545454544,1.090909090909091,4.83750827160846,1.1262425639512295,5155.04132231405
209.0909090909091,1.090909090909091,4.9250208741955275,1.1256211194924195,5246.280991735538
212.72727272727272,1.090909090909091,5.013501872286889,1.1249948757245332,5337.520661157025
216.36363636363635,1.090909090909091,5.102940602885688,1.1243525653909325,5428.760330578512
220.0,1.090909090909091,5.19332616802535,1.1236837996663303,5520.000000000001
223.63636363636363,1.090909090909091,5.284647436939656,1.1229790764477219,5611.2396694214885
227.27272727272728,1.090909090909091,5.376893048310546,1.1222297875585685,5702.479338842976
230.9090909090909,1.090909090909091,5.470051412591717,1.121428225124348,5793.719008264464
234.54545454545453,1.090909090909091,5.5641107144077555,1.1205675873565022,5884.958677685951
238.1818181818182,1.090909090909091,5.659058915028284,1.1196419839596703,5976.198347107438
241.8181818181818,1.090909090909091,5.754883754916819,1.1186464413546502,6067.438016528926
245.45454545454544,1.090909090909091,5.851572756351951,1.1175769078863125,6158.677685950413
249.0909090909091,1.090909090909091,5.949113226122325,1.1164302591621402,6249.917355371902
252.72727272727272,1.090909090909091,6.047492258292994,1.115204303642762,6341.157024793389
256.3636363636364,1.090909090909091,6.146696737042712,1.1138977885818955,6432.396694214877
260.0,1.090909090909091,6.246713339571519,1.1125104063882083,6523.636363636365
263.6363636363636,1.090909090909091,6.347528539077577,1.1110428014557243,6614.8760330578525
267.27272727272725,1.090909090909091,6.4491286078024945,1.109496577483298,6706.115702479339
270.9090909090909,1.090909090909091,6.551499620143648,1.10787430527674,6797.355371900827
274.5454545454545,1.090909090909091,6.654627455832966,1.1061795309985494,6888.5950413223145
278.1818181818182,1.090909090909091,6.758497803181592,1.1044167848001967,6979.834710743803
281.8181818181818,1.090909090909091,6.863096162388118,1.1025915897415237,7071.07438016529
285.45454545454544,1.090909090909091,6.968407848910539,1.1007104708681303,7162.314049586777
289.0909090909091,1.090909090909091,7.074417996900297,1.0987809642831041,7253.553719008266
292.72727272727275,1.090909090909091,7.1811115626971525,1.0968116260130645,7344.793388429754
296.3636363636364,1.090909090909091,7.288473328384293,1.094812040429484,7436.03305785124
300.0,1.090909090909091,7.3964879054017985,1.0927928279465673,7527.272727272728
303.6363636363636,1.090909090909091,7.5051397382177205,1.0907656516739712,7618.512396694216
307.27272727272725,1.090909090909091,7.614413108055672,1.0887432226604994,7709.752066115703
310.9090909090909,1.090909090909091,7.72429213667701,1.0867393033197452,7800.991735537191
314.5454545454545,1.090909090909091,7.834760790217066,1.0847687085856907,7892.231404958678
318.1818181818182,1.090909090909091,7.94580288307413,1.0828473043022493,7983.471074380167
321.8181818181818,1.090909090909091,8.057402081848785,1.0809920023096755,8074.710743801654
325.45454545454544,1.090909090909091,8.169541909333681,1.0792207516538166,8165.950413223141
329.09090909090907,1.090909090909091,8.282205748551883,1.0775525253111808,8257.190082644629
332.7272727272727,1.090909090909091,8.395376846841643,1.076007301798209,8348.429752066115
336.3636363636364,1.090909090909091,8.509038319987232,1.0746060410176077,8439.669421487604
340.0,1.090909090909091,8.623173156394245,1.0733706536912744,8530.909090909092
343.6363636363636,1.090909090909091,8.73776422130716,1.072323963741342,8622.14876033058
347.27272727272725,1.090909090909091,8.852794261068922,1.0714896630091895,8713.388429752067
350.9090909090909,1.090909090909091,8.968245907419679,1.070892257752401,8804.628099173555
354.54545454545456,1.090909090909091,9.084101681834404,1.07055700643167,8895.867768595042
358.1818181818182,1.090909090909091,9.200343999897532,1.0705098483963673,8987.10743801653
361.8181818181818,1.090909090909091,9.316955175712076,1.0707773232015732,9078.347107438018
365.45454545454544,1.090909090909091,9.433917426343909,1.071386480439455,9169.586776859505
369.09090909090907,1.090909090909091,9.551212876297118,1.0723647801448413,9260.826446280993
372.7272727272727,1.090909090909091,9.668823562020748,1.0737399840372983,9352.06611570248
376.3636363636364,1.090909090909091,9.786731436444436,1.0755400380840898,9443.305785123968
380.0,1.090909090909091,9.904918373541573,1.077792947109032,9534.545454545456
383.6363636363636,1.090909090909091,10.02336617291844,1.0805266424211284,9625.785123966944
387.27272727272725,1.090909090909091,10.142056564428051,1.083768843687715,9717.024793388431
390.9090909090909,1.090909090909091,10.260971212805792,1.0875469165197929,9808.264462809917
394.54545454545456,1.090909090909091,10.380091722327165,1.0918877274609589,9899.504132231406
398.1818181818182,1.090909090909091,10.499399641484324,1.096817498265141,9990.743801652894
401.8181818181818,1.090909090909091,10.618876467680547,1.1023616615015064,10081.983471074382
405.45454545454544,1.090909090909091,10.738503651941128,1.1085447196264517,10173.22314049587
409.09090909090907,1.090909090909091,10.858262603638302,1.1153901097044354,10264.462809917355
412.7272727272727,1.090909090909091,10.978134695229258,1.1229200759360467,10355.702479338843
416.3636363636364,1.090909090909091,11.098101267005399,1.131155552058685,10446.942148760332
420.0,1.090909090909091,11.218143631850861,1.1401160555237693,10538.18181818182
60.0,1.1202020202020204,2.2668154994238723,1.3587603606864525,1545.878787878788
63.63636363636363,1.1202020202020204,2.3105171638838344,1.3432111131298992,1639.5684113865934
67.27272727272727,1.1202020202020204,2.3554089075398323,1.3283606121506981,1733.2580348943986
70.9090909090909,1.1202020202020204,2.4014902345113143,1.3142019708781483,1826.947658402204
74.54545454545455,1.1202020202020204,2.448760392259958,1.3007270974890492,1920.6372819100097
78.18181818181819,1.1202020202020204,2.4972183705687785,1.2879266918908128,2014.3269054178152
81.81818181818181,1.1202020202020204,2.5468629005963725,1.275790251151989,2108.01652892562
85.45454545454545,1.1202020202020204,2.597692454007679,1.2643060839513804,2201.7061524334254
89.0909090909091,1.1202020202020204,2.6497052421805716,1.2534613341686691,2295.395775941231
92.72727272727272,1.1202020202020204,2.702899215490225,1.2432420135823443,2389.0853994490362
96.36363636363636,1.1202020202020204,2.757272062670557,1.2336330434819396,2482.7750229568414
100.0,1.1202020202020204,2.8128212102540857,1.2246183048430104,2576.464646464647
103.63636363636363,1.1202020202020204,2.8695438220909777,1.2161806965629498,2670.154269972452
107.27272727272728,1.1202020202020204,2.9274367989465064,1.2083022011169002,2763.843893480258
110.9090909090909,1.1202020202020204,2.9864967781791094,1.200963956870547,2857.5335169880627
114.54545454545455,1.1202020202020204,3.046720133497522,1.1941463361837217,2951.2231404958684
118.18181818181819,1.1202020202020204,3.1081029747995137,1.1878290283599728,3044.912764003674
121.81818181818181,1.1202020202020204,3.170641148090211,1.1819911264417713,3138.602387511479
125.45454545454545,1.1202020202020204,3.2343302354828856,1.176611216821968,3232.2920110192845
129.0909090909091,1.1202020202020204,3.299165555280114,1.1716674706384023,3325.9816345270897
132.72727272727272,1.1202020202020204,3.3651421621374755,1.1671377359387207,3419.6712580348944
136.36363636363637,1.1202020202020204,3.4322548473084282,1.1629996296445113,3513.3608815427006
140.0,1.1202020202020204,3.500498138972291,1.1592306284062044,3607.0505050505058
143.63636363636363,1.1202020202020204,3.5698663026437094,1.155808157517737,3700.740128558311
147.27272727272725,1.1202020202020204,3.640353341664774,1.1527096771501315,3794.4297520661157
150.9090909090909,1.1202020202020204,3.7119529977803305,1.149912765263944,3888.1193755739214
154.54545454545456,1.1202020202020204,3.7846587517947095,1.1473951966634626,3981.8089990817275
158.1818181818182,1.1202020202020204,3.8584638243125386,1.14513501776409,4075.4986225895323
161.8181818181818,1.1202020202020204,3.9333611765609318,1.1431106167489593,4169.1882460973375
165.45454545454544,1.1202020202020204,4.009343511295199,1.1413007888928268,4262.877869605143
169.0909090909091,1.1202020202020204,4.08640327378662,1.1396847969271842,4356.567493112949
172.72727272727272,1.1202020202020204,4.164532652893105,1.1382424264088624,4450.257116620754
176.36363636363637,1.1202020202020204,4.243723582211645,1.1369540361330617,4543.946740128559
180.0,1.1202020202020204,4.32396774131338,1.135800603701413,4637.636363636365
183.63636363636363,1.1202020202020204,4.405256557060642,1.1347637664149381,4731.32598714417
187.27272727272725,1.1202020202020204,4.487581205005281,1.1338258577112894,4825.015610651974
190.9090909090909,1.1202020202020204,4.570932610869085,1.1329699394041985,4918.705234159781
194.54545454545453,1.1202020202020204,4.655301452104738,1.13217983001444,5012.394857667586
198.1818181818182,1.1202020202020204,4.7406781595383665,1.1314401295018646,5106.084481175391
201.8181818181818,1.1202020202020204,4.827052919091576,1.1307362407227906,5199.774104683196
205.45454545454544,1.1202020202020204,4.914415673584719,1.1300543879431313,5293.463728191002
209.0909090909091,1.1202020202020204,5.0027561246186325,1.129381632738851,5387.1533516988075
212.72727272727272,1.1202020202020204,5.092063734536288,1.1287058876107297,5480.842975206612
216.36363636363635,1.1202020202020204,5.182327728463412,1.1280159276316575,5574.532598714418
220.0,1.1202020202020204,5.273537096425832,1.1273014004328354,5668.2222222222235
223.63636363636363,1.1202020202020204,5.3656805955460385,1.1265528348191534,5761.911845730028
227.27272727272728,1.1202020202020204,5.4587467523158235,1.125761648288043,5855.601469237834
230.9090909090909,1.1202020202020204,5.552723864945381,1.1249201537053164,5949.291092745639
234.54545454545453,1.1202020202020204,5.6476000057881866,1.1240215653724184,6042.980716253444
238.1818181818182,1.1202020202020204,5.74336302384088,1.1230600046974435,6136.67033976125
241.8181818181818,1.1202020202020204,5.840000547317439,1.1220305056597613,6230.359963269056
245.45454545454544,1.1202020202020204,5.937499986296515,1.120929020236264,6324.049586776861
249.0909090909091,1.1202020202020204,6.035848535442063,1.1197524239329288,6417.739210284666
252.72727272727272,1.1202020202020204,6.135033176795545,1.118498521542755,6511.428833792471
256.3636363636364,1.1202020202020204,6.2350406826391485,1.1171660532262373,6605.118457300277
260.0,1.1202020202020204,6.33585761842925,1.1157547009862965,6698.808080808081
263.6363636363636,1.1202020202020204,6.437470345799193,1.114265095584266,6792.497704315887
267.27272727272725,1.1202020202020204,6.539865025630357,1.1126988239174824,6886.187327823693
270.9090909090909,1.1202020202020204,6.643027621190721,1.1110584368516936,6979.8769513314965
274.5454545454545,1.1202020202020204,6.746943901339302,1.109347457473936,7073.566574839302
278.1818181818182,1.1202020202020204,6.851599443796774,1.1075703897013598,7167.256198347109
281.8181818181818,1.1202020202020204,6.956979638479368,1.1057327271509518,7260.945821854914
285.45454545454544,1.1202020202020204,7.063069690897023,1.1038409621424523,7354.635445362719
289.0909090909091,1.1202020202020204,7.169854625612894,1.1019025946717478,7448.325068870526
292.72727272727275,1.1202020202020204,7.27731928976405,1.0999261411564585,7542.014692378331
296.3636363636364,1.1202020202020204,7.385448356642216,1.0979211427166473,7635.704315886135
300.0,1.1202020202020204,7.494226329332544,1.0958981727141068,7729.393939393941
303.6363636363636,1.1202020202020204,7.603637544410845,1.0938688432315113,7823.0835629017465
307.27272727272725,1.1202020202020204,7.713666175695822,1.091845810131036,7916.77318640955
310.9090909090909,1.1202020202020204,7.824296238057121,1.0898427762870164,8010.462809917356
314.5454545454545,1.1202020202020204,7.935511591276573,1.087874492545926,8104.152433425162
318.1818181818182,1.1202020202020204,8.047295943961975,1.0859567559219836,8197.842056932968
321.8181818181818,1.1202020202020204,8.159632857512122,1.0841064044988193,8291.531680440772
325.45454545454544,1.1202020202020204,8.272505750130648,1.0823413084686802,8385.221303948578
329.09090909090907,1.1202020202020204,8.385897900889349,1.0806803567105525,8478.910927456383
332.7272727272727,1.1202020202020204,8.499792453837744,1.079143438283928,8572.600550964187
336.3636363636364,1.1202020202020204,8.614172422158028,1.077751418199798,8666.290174471995
340.0,1.1202020202020204,8.729020692364692,1.0765261068285052,8759.9797979798
343.6363636363636,1.1202020202020204,8.844320028546248,1.0754902223152671,8853.669421487606
347.27272727272725,1.1202020202020204,8.960053076648414,1.0746673454043634,8947.35904499541
350.9090909090909,1.1202020202020204,9.076202368796848,1.074081866120944,9041.048668503216
354.54545454545456,1.1202020202020204,9.192750327658182,1.0737589218329,9134.738292011021
358.1818181818182,1.1202020202020204,9.309679270837778,1.073724326309494,9228.427915518827
361.8181818181818,1.1202020202020204,9.426971415312366,1.0740044895170862,9322.11753902663
365.45454545454544,1.1202020202020204,9.544608881896764,1.0746263280401864,9415.807162534436
369.09090909090907,1.1202020202020204,9.662573699742026,1.0756171661904732,9509.49678604224
372.7272727272727,1.1202020202020204,9.780847810864636,1.0770046280660641,9603.186409550046
376.3636363636364,1.1202020202020204,9.89941307470442,1.0788165210420244,9696.876033057853
380.0,1.1202020202020204,10.018251272709373,1.0810807114097634,9790.565656565659
383.6363636363636,1.1202020202020204,10.137344112946868,1.083824993127623,9884.255280073463
387.27272727272725,1.1202020202020204,10.256673234738336,1.0870769508920022,9977.944903581269
390.9090909090909,1.1202020202020204,10.376220213316705,1.0908638189765707,10071.634527089074
394.54545454545456,1.1202020202020204,10.495966564504405,1.0952123375073797,10165.32415059688
398.1818181818182,1.1202020202020204,10.615893749410974,1.1001486080322094,10259.013774104686
401.8181818181818,1.1202020202020204,10.735983179147631,1.1056979503927575,10352.703397612491
405.45454545454544,1.1202020202020204,10.856216219558146,1.111884763008762,10446.393021120297
409.09090909090907,1.1202020202020204,10.976574195963353,1.1187323887244287,10540.0826446281
412.7272727272727,1.1202020202020204,11.097038397918983,1.1262629883448958,10633.772268135906
416.3636363636364,1.1202020202020204,11.21759008398353,1.1344974239008245,10727.461891643712
420.0,1.1202020202020204,11.3382104864957,1.1434551535194728,10821.151515151516
60.0,1.1494949494949496,2.3106391857218984,1.3665193618518798,1586.3030303030303
63.63636363636363,1.1494949494949496,2.355129599194072,1.3509411628159662,1682.4426078971535
67.27272727272727,1.1494949494949496,2.4008129073278583,1.336057674908213,1778.5821854912763
70.9090909090909,1.1494949494949496,2.447688526050543,1.3218620162938706,1874.7217630853995
74.54545454545455,1.1494949494949496,2.4957556136620065,1.3083461188080472,1970.8613406795228
78.18181818181819,1.1494949494949496,2.5450130698300297,1.295500725099452,2067.0009182736458
81.81818181818181,1.1494949494949496,2.59545953466118,1.283315394296531,2163.1404958677685
85.45454545454545,1.1494949494949496,2.6470933878475815,1.2717785164550655,2259.280073461892
89.0909090909091,1.1494949494949496,2.699912747891389,1.260877335902924,2355.419651056015
92.72727272727272,1.1494949494949496,2.753915471405314,1.2505979834476177,2451.559228650138
96.36363636363636,1.1494949494949496,2.809099152492787,1.2409255172582736,2547.698806244261
100.0,1.1494949494949496,2.8654611222054323,1.2318439720823695,2643.8383838383843
103.63636363636363,1.1494949494949496,2.9229984480801807,1.2233364163121137,2739.9779614325066
107.27272727272728,1.1494949494949496,2.9817079337557004,1.215385016282308,2836.1175390266303
110.9090909090909,1.1494949494949496,3.0415861186688584,1.2079711070629782,2932.257116620753
114.54545454545455,1.1494949494949496,3.1026292778317863,1.2010752689112685,3028.396694214877
118.18181818181819,1.1494949494949496,3.1648334216891314,1.194677408470226,3124.5362718089996
121.81818181818181,1.1494949494949496,3.2281942960571595,1.18875684374819,3220.6758494031224
125.45454545454545,1.1494949494949496,3.2927073821439006,1.1832923918837635,3316.815426997245
129.0909090909091,1.1494949494949496,3.3583678966512247,1.178262458696438,3412.955004591369
132.72727272727272,1.1494949494949496,3.425170791958294,1.173645129041341,3509.0945821854916
136.36363636363637,1.1494949494949496,3.4931107563885657,1.169418257026344,3605.2341597796153
140.0,1.1494949494949496,3.562182214557623,1.1655595552080549,3701.373737373737
143.63636363636363,1.1494949494949496,3.6323793278049745,1.1620466819570123,3797.5133149678604
147.27272727272725,1.1494949494949496,3.7036959947073846,1.1588573262696156,3893.652892561983
150.9090909090909,1.1494949494949496,3.7761258516762224,1.155969289398457,3989.7924701561064
154.54545454545456,1.1494949494949496,3.849662273636394,1.1533605627740477,4085.93204775023
158.1818181818182,1.1494949494949496,3.9242983747891156,1.151009401793445,4182.071625344353
161.8181818181818,1.1494949494949496,4.000027009457255,1.1488943951530666,4278.211202938476
165.45454545454544,1.1494949494949496,4.076840773013331,1.146994529501716,4374.350780532599
169.0909090909091,1.1494949494949496,4.154732002890643,1.1452892492825117,4470.490358126723
172.72727272727272,1.1494949494949496,4.233692779676877,1.1437585117181686,4566.629935720845
176.36363636363637,1.1494949494949496,4.31371492829028,1.1423828369715519,4662.769513314968
180.0,1.1494949494949496,4.394790019238088,1.141143353580986,4758.909090909092
183.63636363636363,1.1494949494949496,4.47690936995712,1.1400218393285144,4855.048668503214
187.27272727272725,1.1494949494949496,4.56006404623681,1.1390007577478705,4951.188246097337
190.9090909090909,1.1494949494949496,4.644244863722768,1.1380632905180725,5047.32782369146
194.54545454545453,1.1494949494949496,4.729442389502912,1.1371933660187348,5143.467401285583
198.1818181818182,1.1494949494949496,4.815646943773698,1.1363756843453596,5239.606978879707
201.8181818181818,1.1494949494949496,4.902848601587449,1.1355957390968758,5335.7465564738295
205.45454545454544,1.1494949494949496,4.991037194679509,1.134839836255145,5431.886134067952
209.0909090909091,1.1494949494949496,5.080202313375614,1.1340951104783954,5528.025711662076
212.72727272727272,1.1494949494949496,5.170333308578128,1.1333495391259816,5624.165289256199
216.36363636363635,1.1494949494949496,5.261419293831492,1.1325919543249727,5720.304866850322
220.0,1.1494949494949496,5.353449147465309,1.131812053377232,5816.444444444445
223.63636363636363,1.1494949494949496,5.44641151481596,1.1310004077915712,5912.584022038567
227.27272727272728,1.1494949494949496,5.5402948105242915,1.1301484712088674,6008.723599632691
230.9090909090909,1.1494949494949496,5.635087220910522,1.129248586469682,6104.8631772268145
234.54545454545453,1.1494949494949496,5.73077670642477,1.1282939920544435,6201.002754820936
238.1818181818182,1.1494949494949496,5.827351004171982,1.1272788281049702,6297.14233241506
241.8181818181818,1.1494949494949496,5.9247976305122245,1.1261981422149903,6393.281910009184
245.45454545454544,1.1494949494949496,6.02310388373381,1.125047895154896,6489.421487603306
249.0909090909091,1.1494949494949496,6.1222568467991305,1.1238249666728524,6585.561065197429
252.72727272727272,1.1494949494949496,6.222243390163003,1.1225271614920211,6681.700642791551
256.3636363636364,1.1494949494949496,6.323050174661776,1.121153215598964,6777.840220385675
260.0,1.1494949494949496,6.424663654472273,1.1197028028944491,6873.979797979799
263.6363636363636,1.1494949494949496,6.527070080140696,1.118176542252849,6970.1193755739205
267.27272727272725,1.1494949494949496,6.630255501679293,1.1165760050105353,7066.258953168044
270.9090909090909,1.1494949494949496,6.734205771730704,1.1149037228765297,7162.398530762166
274.5454545454545,1.1494949494949496,6.838906548798681,1.113163196231386,7258.53810835629
278.1818181818182,1.1494949494949496,6.9443433005436255,1.1113589027502373,7354.677685950413
281.8181818181818,1.1494949494949496,7.050501307143243,1.10949630625595,7450.817263544537
285.45454545454544,1.1494949494949496,7.157365664715274,1.1075818656752536,7546.956841138659
289.0909090909091,1.1494949494949496,7.264921288803459,1.1056230439368793,7643.0964187327845
292.72727272727275,1.1494949494949496,7.373152917923708,1.1036283166149938,7739.235996326906
296.3636363636364,1.1494949494949496,7.482045117169772,1.1016071800827372,7835.37557392103
300.0,1.1494949494949496,7.59158228187839,1.0995701589015787,7931.515151515152
303.6363636363636,1.1494949494949496,7.701748641350907,1.097528812131483,8027.654729109274
307.27272727272725,1.1494949494949496,7.81252826263151,1.0954957382038477,8123.7943067033975
310.9090909090909,1.1494949494949496,7.92390505433993,1.0934845779572582,8219.93388429752
314.5454545454545,1.1494949494949496,8.035862770557983,1.0915100153925652,8316.073461891643
318.1818181818182,1.1494949494949496,8.14838501476827,1.0895877756628112,8412.213039485767
321.8181818181818,1.1494949494949496,8.26145524384387,1.0877346197732292,8508.35261707989
325.45454545454544,1.1494949494949496,8.37505677208698,1.0859683354311347,8604.492194674012
329.09090909090907,1.1494949494949496,8.489172775316819,1.084307723454455,8700.631772268136
332.7272727272727,1.1494949494949496,8.60378629500324,1.0827725791243965,8796.771349862258
336.3636363636364,1.1494949494949496,8.718880242446282,1.0813836678537452,8892.910927456383
340.0,1.1494949494949496,8.834437402999605,1.080162694540154,8989.050505050505
343.6363636363636,1.1494949494949496,8.950440440336118,1.079132265986362,9085.190082644627
347.27272727272725,1.1494949494949496,9.066871900754874,1.0783158457984752,9181.32966023875
350.9090909090909,1.1494949494949496,9.183714217527402,1.0777377012230391,9277.469237832873
354.54545454545456,1.1494949494949496,9.300949715281883,1.0774228414547338,9373.608815426998
358.1818181818182,1.1494949494949496,9.418560614424031,1.0773969470418963,9469.74839302112
361.8181818181818,1.1494949494949496,9.536529035592771,1.0776862901376303,9565.887970615244
365.45454545454544,1.1494949494949496,9.654837004149368,1.0783176454916135,9662.027548209366
369.09090909090907,1.1494949494949496,9.773466454698204,1.0793181922492137,9758.16712580349
372.7272727272727,1.1494949494949496,9.892399235638058,1.0807154068207658,9854.306703397611
376.3636363636364,1.1494949494949496,10.011617113742034,1.0825369472998445,9950.446280991737
380.0,1.1494949494949496,10.131101778764043,1.0848105301418194,10046.585858585859
383.6363636363636,1.1494949494949496,10.25083484807148,1.0875638000540044,10142.725436179982
387.27272727272725,1.1494949494949496,10.370797871301122,1.0908241942917984,10238.865013774104
390.9090909090909,1.1494949494949496,10.490972335037506,1.0946188027889974,10335.004591368228
394.54545454545456,1.1494949494949496,10.611339667511354,1.098974225766361,10431.144168962352
398.1818181818182,1.1494949494949496,10.731881243317796,1.1039164306495743,10527.283746556473
401.8181818181818,1.1494949494949496,10.852578388150713,1.109470610275439,10623.423324150597
405.45454545454544,1.1494949494949496,10.97341238355375,1.1156610444629276,10719.562901744719
409.09090909090907,1.1494949494949496,11.094364471683862,1.1225109670678037,10815.702479338843
412.7272727272727,1.1494949494949496,11.215415860088584,1.1300424406163052,10911.842056932966
416.3636363636364,1.1494949494949496,11.336547726492647,1.1382762405257503,11007.98163452709
420.0,1.1494949494949496,11.457741223593803,1.1472317507655867,11104.121212121212
60.0,1.178787878787879,2.354235807539208,1.3758716982112567,1626.727272727273
63.63636363636363,1.178787878787879,2.3995134530844773,1.3602575820701603,1725.3168044077138
67.27272727272727,1.178787878787879,2.4459867627900884,1.3453332969708809,1823.9063360881544
70.9090909090909,1.178787878787879,2.493655064170868,1.3310919643683667,1922.4958677685952
74.54545454545455,1.178787878787879,2.5425174261570165,1.3175255414437494,2021.0853994490362
78.18181818181819,1.178787878787879,2.5925726581053476,1.3046248187988705,2119.674931129477
81.81818181818181,1.178787878787879,2.643819308886348,1.292379426410152,2218.2644628099174
85.45454545454545,1.178787878787879,2.6962556660486143,1.2807778480863075,2316.8539944903587
89.0909090909091,1.178787878787879,2.749879755059019,1.2698074445378058,2415.4435261707995
92.72727272727272,1.178787878787879,2.8046893386226364,1.2594544850223643,2514.03305785124
96.36363636363636,1.178787878787879,2.860681916078841,1.249704187384234,2612.6225895316807
100.0,1.178787878787879,2.917854722877874,1.2405407661601004,2711.2121212121215
103.63636363636363,1.178787878787879,2.9762047301360557,1.2319474882870094,2809.801652892562
107.27272727272728,1.178787878787879,3.0357286442710043,1.2239067358188498,2908.391184573003
110.9090909090909,1.178787878787879,3.096422906717251,1.2164000749460946,3006.980716253444
114.54545454545455,1.178787878787879,3.158283693722061,1.2094083305183052,3105.5702479338847
118.18181818181819,1.178787878787879,3.2213069162229875,1.2029116651942882,3204.1597796143255
121.81818181818181,1.178787878787879,3.285488219806332,1.1968896622938552,3302.749311294766
125.45454545454545,1.178787878787879,3.3508229847476265,1.191321411395152,3401.3388429752067
129.0909090909091,1.178787878787879,3.4173063261341223,1.186185595717188,3499.9283746556475
132.72727272727272,1.178787878787879,3.484933094069043,1.1814605803423133,3598.5179063360883
136.36363636363637,1.178787878787879,3.5536978739591785,1.1771245003710291,3697.1074380165296
140.0,1.178787878787879,3.6235949868845516,1.1731553481551897,3795.6969696969704
143.63636363636363,1.178787878787879,3.694618490051009,1.1695310588260652,3894.286501377411
147.27272727272725,1.178787878787879,3.766762177325803,1.1662295934150897,3992.8760330578516
150.9090909090909,1.178787878787879,3.8400195798563557,1.1632290189548686,4091.4655647382924
154.54545454545456,1.178787878787879,3.914383966771908,1.1605075850447948,4190.055096418734
158.1818181818182,1.178787878787879,3.989848345968378,1.1580437964625965,4288.644628099174
161.8181818181818,1.178787878787879,4.066405464976382,1.1558164815011072,4387.234159779615
165.45454545454544,1.178787878787879,4.144047811912103,1.1538048558044909,4485.823691460056
169.0909090909091,1.178787878787879,4.222767616511438,1.151988581566743,4584.4132231404965
172.72727272727272,1.178787878787879,4.302556851246679,1.1503478220391568,4683.002754820937
176.36363636363637,1.178787878787879,4.383407232526447,1.1488632913675147,4781.592286501378
180.0,1.178787878787879,4.465310221977426,1.1475162998466202,4880.181818181819
183.63636363636363,1.178787878787879,4.548257027809001,1.1462887947368807,4978.771349862259
187.27272727272725,1.178787878787879,4.6322386062599135,1.145163396834955,5077.3608815427
190.9090909090909,1.178787878787879,4.717245663126266,1.1441234330306411,5175.950413223141
194.54545454545453,1.178787878787879,4.803268655371762,1.1431529651109462,5274.539944903582
198.1818181818182,1.178787878787879,4.890297792818365,1.14223681509608,5373.129476584023
201.8181818181818,1.178787878787879,4.9783230399181,1.1413605874057395,5471.719008264464
205.45454545454544,1.178787878787879,5.067334117605331,1.1405106881634228,5570.308539944904
209.0909090909091,1.178787878787879,5.157320505228171,1.139674341947952,5668.8980716253445
212.72727272727272,1.178787878787879,5.248271442560591,1.1388396063000108,5767.487603305785
216.36363636363635,1.178787878787879,5.340175931891831,1.1379953842837376,5866.077134986226
220.0,1.178787878787879,5.433022740195819,1.1371314353939168,5964.666666666668
223.63636363636363,1.178787878787879,5.526800401376969,1.1362383850851494,6063.256198347108
227.27272727272728,1.178787878787879,5.621497218593786,1.1353077331849442,6161.8457300275495
230.9090909090909,1.178787878787879,5.717101266659138,1.1343318614341205,6260.435261707989
234.54545454545453,1.178787878787879,5.813600394515865,1.1333040403798977,6359.02479338843
238.1818181818182,1.178787878787879,5.910982227787768,1.1322184358262248,6457.614325068871
241.8181818181818,1.178787878787879,6.0092341714050255,1.1310701150260563,6556.203856749312
245.45454545454544,1.178787878787879,6.108343412303062,1.129855052777432,6654.793388429752
249.0909090909091,1.178787878787879,6.208296922194298,1.1285701375640376,6753.3829201101935
252.72727272727272,1.178787878787879,6.3090814604119245,1.1272131778577292,6851.972451790633
256.3636363636364,1.178787878787879,6.410683576824558,1.1257829086769384,6950.561983471075
260.0,1.178787878787879,6.513089614821357,1.1242789984717354,7049.151515151516
263.6363636363636,1.178787878787879,6.6162857143663345,1.1227020563804735,7147.741046831957
267.27272727272725,1.178787878787879,6.7202578151207755,1.1210536398786928,7246.330578512398
270.9090909090909,1.178787878787879,6.824991659633325,1.119336262813267,7344.9201101928375
274.5454545454545,1.178787878787879,6.930472796596263,1.1175534037880457,7443.509641873277
278.1818181818182,1.178787878787879,7.036686584166982,1.1157095148376086,7542.099173553721
281.8181818181818,1.178787878787879,7.1436181933538485,1.1138100302955027,7640.688705234161
285.45454545454544,1.178787878787879,7.251252611464913,1.111861375731157,7739.278236914601
289.0909090909091,1.178787878787879,7.3595746456190945,1.1098709767956347,7837.867768595042
292.72727272727275,1.178787878787879,7.468568926317692,1.1078472677813502,7936.457300275484
296.3636363636364,1.178787878787879,7.578219911075852,1.105799699662193,8035.046831955924
300.0,1.178787878787879,7.6885118881126,1.1037387473430715,8133.636363636365
303.6363636363636,1.178787878787879,7.799428980097776,1.1016759158057703,8232.225895316806
307.27272727272725,1.178787878787879,7.910955147955435,1.0996237447975097,8330.815426997246
310.9090909090909,1.178787878787879,8.023074194721454,1.0975958116660312,8429.404958677687
314.5454545454545,1.178787878787879,8.135769769455074,1.0956067319026523,8527.994490358127
318.1818181818182,1.178787878787879,8.249025371202292,1.0936721569145196,8626.584022038569
321.8181818181818,1.178787878787879,8.362824353009884,1.0918087685076339,8725.173553719009
325.45454545454544,1.178787878787879,8.477149925989341,1.090034269527966,8823.76308539945
329.09090909090907,1.178787878787879,8.59198516342792,1.0883673700776688,8922.35261707989
332.7272727272727,1.178787878787879,8.707313004947697,1.0868277687004435,9020.94214876033
336.3636363636364,1.178787878787879,8.823116260708087,1.085436127918335,9119.531680440772
340.0,1.178787878787879,8.939377615653886,1.0842140434989531,9218.121212121214
343.6363636363636,1.178787878787879,9.056079633804222,1.0831840068467344,9316.710743801654
347.27272727272725,1.178787878787879,9.17320476258295,1.0823693599408888,9415.300275482094
350.9090909090909,1.178787878787879,9.29073533718827,1.081794242291829,9513.889807162535
354.54545454545456,1.178787878787879,9.408653585000172,1.0814835294595642,9612.479338842977
358.1818181818182,1.178787878787879,9.526941630024062,1.081462762771128,9711.068870523417
361.8181818181818,1.178787878787879,9.645581497368926,1.0817580699948628,9809.658402203859
365.45454545454544,1.178787878787879,9.76455511775927,1.0823960768730672,9908.247933884299
369.09090909090907,1.178787878787879,9.883844332077873,1.0834038095852259,10006.837465564739
372.7272727272727,1.178787878787879,10.003430895939237,1.0848085884066645,10105.426997245178
376.3636363636364,1.178787878787879,10.123296484290819,1.0866379130402783,10204.016528925622
380.0,1.178787878787879,10.243422696041478,1.0889193403266166,10302.606060606062
383.6363636363636,1.178787878787879,10.363791058715178,1.0916803552748107,10401.195592286502
387.27272727272725,1.178787878787879,10.48438303312759,1.0949482365939285,10499.785123966942
390.9090909090909,1.178787878787879,10.605180018085305,1.098749918134334,10598.374655647383
394.54545454545456,1.178787878787879,10.726163355105061,1.1031118478601096,10696.964187327825
398.1818181818182,1.178787878787879,10.847314333151328,1.1080598461567768,10795.553719008265
401.8181818181818,1.178787878787879,10.96861419339111,1.1136189654228303,10894.143250688707
405.45454545454544,1.178787878787879,11.090044133963854,1.1198133529899261,10992.732782369147
409.09090909090907,1.178787878787879,11.211585314764802,1.1266661194568166,11091.322314049588
412.7272727272727,1.178787878787879,11.333218862240772,1.13419921449982,11189.911845730028
416.3636363636364,1.178787878787879,11.454925874195364,1.142433312137097,11288.50137741047
420.0,1.178787878787879,11.57668742460324,1.1513877072711665,11387.090909090912
60.0,1.2080808080808083,2.3975766438355173,1.3867003230906008,1667.1515151515155
63.63636363636363,1.2080808080808083,2.4436397579593407,1.3710429092201946,1768.1910009182739
67.27272727272727,1.2080808080808083,2.4909012598899674,1.3560696866814985,1869.2304866850322
70.9090909090909,1.2080808080808083,2.539360388539321,1.3417737804971264,1970.2699724517909
74.54545454545455,1.2080808080808083,2.5890161232891815,1.3281471764167336,2071.3094582185495
78.18181818181819,1.2080808080808083,2.639867183018958,1.3151807192232114,2172.3489439853083
81.81818181818181,1.2080808080808083,2.6919120252094615,1.3028641190044243,2273.3884297520663
85.45454545454545,1.2080808080808083,2.7451488451238983,1.2911859656185989,2374.427915518825
89.0909090909091,1.2080808080808083,2.799575575065786,1.2801337514532791,2475.4674012855835
92.72727272727272,1.2080808080808083,2.8551898837157,1.2696939024403282,2576.506887052342
96.36363636363636,1.2080808080808083,2.9119891755462195,1.2598518171515076,2677.5463728191007
100.0,1.2080808080808083,2.9699705903158966,1.2505919136621022,2778.585858585859
103.63636363636363,1.2080808080808083,3.0291310026434433,1.2418976837389837,2879.6253443526175
107.27272727272728,1.2080808080808083,3.089467021661564,1.2337517537885399,2980.6648301193763
110.9090909090909,1.2080808080808083,3.150974990751317,1.2261359518927555,3081.7043158861347
114.54545454545455,1.2080808080808083,3.2136509873583368,1.2190313801718904,3182.7438016528936
118.18181818181819,1.2080808080808083,3.2774908228889705,1.2124184916400391,3283.783287419652
121.81818181818181,1.2080808080808083,3.3424900426893833,1.2062771706712818,3384.82277318641
125.45454545454545,1.2080808080808083,3.4086439261058485,1.200586816164777,3485.8622589531683
129.0909090909091,1.2080808080808083,3.47594748662803,1.195326426490915,3586.901744719927
132.72727272727272,1.2080808080808083,3.5443954721140623,1.1904746853148365,3687.9412304866855
136.36363636363637,1.2080808080808083,3.6139823650987237,1.1860100474269935,3788.9807162534444
140.0,1.2080808080808083,3.6847023831848054,1.1819108237606903,3890.0202020202028
143.63636363636363,1.2080808080808083,3.7565494795170613,1.178155264841747,3991.059687786961
147.27272727272725,1.2080808080808083,3.829517343339546,1.1747216419913304,4092.099173553719
150.9090909090909,1.2080808080808083,3.903599400636474,1.1715883256886828,4193.138659320478
154.54545454545456,1.2080808080808083,3.978788814855955,1.168733860589411,4294.178145087237
158.1818181818182,1.2080808080808083,4.055078487717266,1.1661370367896604,4395.217630853996
161.8181818181818,1.2080808080808083,4.1324610601015355,1.163776957017352,4496.257116620754
165.45454545454544,1.2080808080808083,4.210928913025837,1.161633099523018,4597.296602387512
169.0909090909091,1.2080808080808083,4.290474168699828,1.1596853765281956,4698.336088154271
172.72727272727272,1.2080808080808083,4.371088691666121,1.1579141881685873,4799.375573921029
176.36363636363637,1.2080808080808083,4.452764090023229,1.1563004719419254,4900.415059687788
180.0,1.2080808080808083,4.535491716731428,1.1548257477348374,5001.454545454546
183.63636363636363,1.2080808080808083,4.619262671000806,1.153472158557997,5102.494031221305
187.27272727272725,1.2080808080808083,4.704067799761962,1.1522225071671912,5203.533516988063
190.9090909090909,1.2080808080808083,4.7898976992182725,1.1510602887851564,5304.573002754822
194.54545454545453,1.2080808080808083,4.876742716480068,1.1499697201700192,5405.61248852158
198.1818181818182,1.2080808080808083,4.964592951280151,1.1489357652990961,5506.651974288339
201.8181818181818,1.2080808080808083,5.053438257769753,1.1479441579513123,5607.691460055097
205.45454545454544,1.2080808080808083,5.143268246395379,1.1469814214819432,5708.730945821856
209.0909090909091,1.2080808080808083,5.2340722858556745,1.1460348860855578,5809.770431588615
212.72727272727272,1.2080808080808083,5.325839505137483,1.1450927038429914,5910.809917355372
216.36363636363635,1.2080808080808083,5.418558795631383,1.1441438618412534,6011.849403122131
220.0,1.2080808080808083,5.512218813324861,1.143178193647012,6112.8888888888905
223.63636363636363,1.2080808080808083,5.606807981074427,1.1421863894017696,6213.928374655648
227.27272727272728,1.2080808080808083,5.70231449095396,1.1411600047925292,6314.967860422408
230.9090909090909,1.2080808080808083,5.798726306680423,1.1400914691351474,6416.007346189165
234.54545454545453,1.2080808080808083,5.89603116611479,1.138974092790075,6517.046831955923
238.1818181818182,1.2080808080808083,5.994216583838465,1.1378020741103343,6618.086317722683
241.8181818181818,1.2080808080808083,6.093269853804648,1.1365705061023121,6719.125803489441
245.45454545454544,1.2080808080808083,6.193178052061897,1.1352753829582627,6820.1652892562
249.0909090909091,1.2080808080808083,6.293928039552286,1.1339136065987574,6921.2047750229585
252.72727272727272,1.2080808080808083,6.395506464980267,1.1324829933397862,7022.244260789716
256.3636363636364,1.2080808080808083,6.49789976775304,1.13098228077815,7123.283746556475
260.0,1.2080808080808083,6.601094180991575,1.1294111349633744,7224.323232323233
263.6363636363636,1.2080808080808083,6.7050757346098235,1.1277701579015893,7325.362718089992
267.27272727272725,1.2080808080808083,6.809830258463691,1.1260608954106557,7426.40220385675
270.9090909090909,1.2080808080808083,6.915343385565906,1.1242858453202165,7527.441689623509
274.5454545454545,1.2080808080808083,7.021600555368288,1.1224484659824352,7628.481175390267
278.1818181818182,1.2080808080808083,7.1285870171085515,1.1205531850307895,7729.520661157027
281.8181818181818,1.2080808080808083,7.236287833221705,1.1186054082939978,7830.5601469237845
285.45454545454544,1.2080808080808083,7.344687882814258,1.1166115287400733,7931.599632690543
289.0909090909091,1.2080808080808083,7.453771865200688,1.1145789352923299,8032.639118457302
292.72727272727275,1.2080808080808083,7.563524303500146,1.1125160213233074,8133.678604224061
296.3636363636364,1.2080808080808083,7.6739295482934065,1.1104321925961609,8234.71808999082
300.0,1.2080808080808083,7.7849717813377115,1.1083378743839691,8335.757575757578
303.6363636363636,1.2080808080808083,7.8966350193390795,1.1062445174574729,8436.797061524336
307.27272727272725,1.2080808080808083,8.008903117780305,1.1041646025909135,8537.836547291094
310.9090909090909,1.2080808080808083,8.121759774803662,1.1021116431938232,8638.876033057852
314.5454545454545,1.2080808080808083,8.235188535147053,1.100100185635438,8739.915518824611
318.1818181818182,1.2080808080808083,8.349172794131894,1.098145806788371,8840.95500459137
321.8181818181818,1.2080808080808083,8.463695801701713,1.0962651082798414,8941.994490358129
325.45454545454544,1.2080808080808083,8.57874066651025,1.0944757069049966,9043.033976124887
329.09090909090907,1.2080808080808083,8.694290360057124,1.0927962206276831,9144.073461891645
332.7272727272727,1.2080808080808083,8.810327720869845,1.0912462495724167,9245.112947658403
336.3636363636364,1.2080808080808083,8.926835458731498,1.0898463513990146,9346.152433425163
340.0,1.2080808080808083,9.043796158951464,1.088618010450954,9447.19191919192
343.6363636363636,1.2080808080808083,9.161192286677952,1.0875836000815136,9548.231404958678
347.27272727272725,1.2080808080808083,9.279006191252263,1.0867663375929622,9649.270890725438
350.9090909090909,1.2080808080808083,9.397220110600843,1.086190231272506,9750.310376492196
354.54545454545456,1.2080808080808083,9.515816175665938,1.0858800190800697,9851.349862258956
358.1818181818182,1.2080808080808083,9.634776414871684,1.0858610986367263,9952.389348025714
361.8181818181818,1.2080808080808083,9.754082758625124,1.08615944828107,10053.428833792472
365.45454545454544,1.2080808080808083,9.873717043849776,1.0868015391039996,10154.46831955923
369.09090909090907,1.2080808080808083,9.9936610185509,1.0878142380397637,10255.507805325988
372.7272727272727,1.2080808080808083,10.113896346410316,1.0892247022818853,10356.547291092747
376.3636363636364,1.2080808080808083,10.234404611409264,1.091060265500906,10457.586776859507
380.0,1.2080808080808083,10.355167322478342,1.0933483165654778,10558.626262626265
383.6363636363636,1.2080808080808083,10.476165918171409,1.09611617170071,10659.665748393023
387.27272727272725,1.2080808080808083,10.597381771363995,1.0993909412501992,10760.705234159781
390.9090909090909,1.2080808080808083,10.718796193972217,1.1031993924336354,10861.744719926539
394.54545454545456,1.2080808080808083,10.840390441692012,1.1075678096989117,10962.784205693299
398.1818181818182,1.2080808080808083,10.962145718757142,1.112521854446232,11063.823691460057
401.8181818181818,1.2080808080808083,11.08404318271308,1.1180864260435206,11164.863177226816
405.45454545454544,1.2080808080808083,11.206063949206476,1.1242855261454918,11265.902662993574
409.09090909090907,1.2080808080808083,11.328189096787339,1.1311421283680558,11366.942148760332
412.7272727272727,1.2080808080808083,11.450399671723357,1.1386780553471711,11467.98163452709
416.3636363636364,1.2080808080808083,11.57267669282357,1.1469138651274742,11569.02112029385
420.0,1.2080808080808083,11.695001156270498,1.1558687486759436,11670.060606060608
60.0,1.2373737373737375,2.4406335364348575,1.3988884812147206,1707.5757575757577
63.63636363636363,1.2373737373737375,2.4874801092780423,1.3831800552269196,1811.0651974288337
67.27272727272727,1.2373737373737375,2.5355277478231395,1.3681495078658286,1914.5546372819101
70.9090909090909,1.2373737373737375,2.5847756022176895,1.353789969825127,2018.0440771349863
74.54545454545455,1.2373737373737375,2.635222562146078,1.3400934599763317,2121.5335169880627
78.18181818181819,1.2373737373737375,2.6868672558737865,1.3270508843209086,2225.022956841139
81.81818181818181,1.2373737373737375,2.739708049367578,1.3146520425895774,2328.512396694215
85.45454545454545,1.2373737373737375,2.79374304549387,1.3028856427019426,2432.001836547291
89.0909090909091,1.2373737373737375,2.8489700832938647,1.2917393231755756,2535.4912764003675
92.72727272727272,1.2373737373737375,2.9053867373381594,1.2811996834474004,2638.9807162534435
96.36363636363636,1.2373737373737375,2.9629903171591394,1.271252321938327,2742.47015610652
100.0,1.2373737373737375,3.021777866764027,1.2618818815642248,2845.9595959595963
103.63636363636363,1.2373737373737375,3.081746164227023,1.2530721022728541,2949.4490358126723
107.27272727272728,1.2373737373737375,3.1428917213624024,1.2448058800721498,3052.938475665749
110.9090909090909,1.2373737373737375,3.205210783478071,1.2370653319148859,3156.4279155188246
114.54545454545455,1.2373737373737375,3.2686993292108815,1.2298318657182885,3259.917355371901
118.18181818181819,1.2373737373737375,3.3333530704428664,1.2230862547307533,3363.4067952249775
121.81818181818181,1.2373737373737375,3.3991674523005315,1.2168087154089018,3466.8962350780535
125.45454545454545,1.2373737373737375,3.466137653234947,1.2109789879408326,3570.38567493113
129.0909090909091,1.2373737373737375,3.5342585851861905,1.2055764185439088,3673.8751147842063
132.72727272727272,1.2373737373737375,3.6035248938284843,1.2005800426772633,3777.364554637282
136.36363636363637,1.2373737373737375,3.673930958900435,1.1959686683392798,3880.8539944903587
140.0,1.2373737373737375,3.745470894616896,1.1917209586663744,3984.3434343434346
143.63636363636363,1.2373737373737375,3.818138550164737,1.1878155131092538,4087.8328741965106
147.27272727272725,1.2373737373737375,3.8919275102824074,1.1842309465338454,4191.322314049587
150.9090909090909,1.2373737373737375,3.966831095922082,1.180945965673024,4294.811753902663
154.54545454545456,1.2373737373737375,4.042842364996147,1.1779394424401368,4398.301193755739
158.1818181818182,1.2373737373737375,4.119954113206951,1.1751904837020544,4501.790633608816
161.8181818181818,1.2373737373737375,4.1981588749601615,1.1726784971977553,4605.280073461891
165.45454545454544,1.2373737373737375,4.277448924361111,1.17038325337309,4708.769513314968
169.0909090909091,1.2373737373737375,4.357816276295553,1.1682849429843754,4812.258953168044
172.72727272727272,1.2373737373737375,4.439252687592516,1.1663642303996464,4915.74839302112
176.36363636363637,1.2373737373737375,4.521749658271002,1.1646023025953736,5019.237832874197
180.0,1.2373737373737375,4.605298432869459,1.1629809139090101,5122.727272727273
183.63636363636363,1.2373737373737375,4.689890001857425,1.1614824266615629,5226.216712580349
187.27272727272725,1.2373737373737375,4.775515103130508,1.1600898478106851,5329.706152433425
190.9090909090909,1.2373737373737375,4.862164223586404,1.1587868618322867,5433.195592286502
194.54545454545453,1.2373737373737375,4.949827600783595,1.1575578600597232,5536.685032139578
198.1818181818182,1.2373737373737375,5.038495224680895,1.1563879667315353,5640.174471992654
201.8181818181818,1.2373737373737375,5.1281568394583985,1.1552630620158362,5743.663911845731
205.45454545454544,1.2373737373737375,5.218801945418572,1.1541698022887434,5847.153351698806
209.0909090909091,1.2373737373737375,5.310419800968009,1.1530956379490926,5950.6427915518825
212.72727272727272,1.2373737373737375,5.40299942467831,1.152028829051305,6054.1322314049585
216.36363636363635,1.2373737373737375,5.496529597426466,1.1509584590337305,6157.621671258035
220.0,1.2373737373737375,5.590998864613347,1.1498744468122986,6261.111111111111
223.63636363636363,1.2373737373737375,5.686395538460705,1.1487675574976808,6364.600550964187
227.27272727272728,1.2373737373737375,5.782707700384771,1.1476294119814268,6468.089990817264
230.9090909090909,1.2373737373737375,5.879923203447249,1.1464524956212399,6571.57943067034
234.54545454545453,1.2373737373737375,5.978029674881711,1.145230166238241,6675.068870523416
238.1818181818182,1.2373737373737375,6.077014518695073,1.1439566616213719,6778.558310376493
241.8181818181818,1.2373737373737375,6.176864918344379,1.1426271067145808,6882.047750229569
245.45454545454544,1.2373737373737375,6.277567839486441,1.1412375206422856,6985.537190082644
249.0909090909091,1.2373737373737375,6.379110032800709,1.1397848237082226,7089.026629935722
252.72727272727272,1.2373737373737375,6.481478036884051,1.1382668444803437,7192.516069788797
256.3636363636364,1.2373737373737375,6.58465818121628,1.1366823270528699,7296.005509641875
260.0,1.2373737373737375,6.688636589197161,1.1350309385533648,7399.494949494951
263.6363636363636,1.2373737373737375,6.793399181250966,1.1333132769383534,7502.984389348026
267.27272727272725,1.2373737373737375,6.898931678000408,1.1315308790970076,7606.473829201102
270.9090909090909,1.2373737373737375,7.0052196035078405,1.129686229255597,7709.963269054178
274.5454545454545,1.2373737373737375,7.112248288582166,1.127782767648983,7813.4527089072535
278.1818181818182,1.2373737373737375,7.220002874151583,1.1258248993968574,7916.94214876033
281.8181818181818,1.2373737373737375,7.328468314700095,1.1238180034919187,8020.431588613407
285.45454545454544,1.2373737373737375,7.437629381766966,1.1217684417763853,8123.921028466483
289.0909090909091,1.2373737373737375,7.547470667508371,1.119683567749693,8227.410468319562
292.72727272727275,1.2373737373737375,7.657976588319429,1.1175717350147654,8330.899908172636
296.3636363636364,1.2373737373737375,7.7691313885160245,1.1154423051344966,8434.389348025712
300.0,1.2373737373737375,7.8809191440748725,1.1133056546311757,8537.878787878788
303.6363636363636,1.2373737373737375,7.99332376643043,1.1111731808222716,8641.368227731866
307.27272727272725,1.2373737373737375,8.106329006327705,1.1090573061457798,8744.85766758494
310.9090909090909,1.2373737373737375,8.219918457729811,1.1069714805868947,8848.347107438016
314.5454545454545,1.2373737373737375,8.334075561778475,1.104930181777758,8951.836547291092
318.1818181818182,1.2373737373737375,8.448783610806329,1.1029489123022729,9055.32598714417
321.8181818181818,1.2373737373737375,8.564025752399903,1.10104419370111,9158.815426997246
325.45454545454544,1.2373737373737375,8.679784993511582,1.0992335566384674,9262.304866850322
329.09090909090907,1.2373737373737375,8.796044204619342,1.0975355266647502,9365.794306703398
332.7272727272727,1.2373737373737375,8.912786123933005,1.0959696049879095,9469.283746556473
336.3636363636364,1.2373737373737375,9.029993361644877,1.094556243655303,9572.773186409551
340.0,1.2373737373737375,9.147648404223958,1.0933168145482728,9676.262626262627
343.6363636363636,1.2373737373737375,9.265733618752583,1.0922735716053684,9779.752066115703
347.27272727272725,1.2373737373737375,9.384231257302524,1.0914496057214202,9883.24150596878
350.9090909090909,1.2373737373737375,9.503123461350999,1.090868791819436,9986.730945821855
354.54545454545456,1.2373737373737375,9.622392266233295,1.0905557276622329,10090.220385674931
358.1818181818182,1.2373737373737375,9.74201960563149,1.0905356640649124,10193.709825528009
361.8181818181818,1.2373737373737375,9.861987316098,1.0908344262862713,10297.199265381085
365.45454545454544,1.2373737373737375,9.982277141610545,1.0914783265189847,10400.688705234159
369.09090909090907,1.2373737373737375,10.102870738159737,1.0924940675640222,10504.178145087237
372.7272727272727,1.2373737373737375,10.223749678364987,1.0939086379615193,10607.667584940313
376.3636363636364,1.2373737373737375,10.344895456118955,1.0957491990571189,10711.15702479339
380.0,1.2373737373737375,10.466289491258125,1.098042964701896,10814.646464646465
383.6363636363636,1.2373737373737375,10.587913134258008,1.1008170745129218,10918.13590449954
387.27272727272725,1.2373737373737375,10.709747670951103,1.1040984618489622,11021.625344352617
390.9090909090909,1.2373737373737375,10.83177432726687,1.1079137178768657,11125.114784205694
394.54545454545456,1.2373737373737375,10.9539742739905,1.1122889533063676,11228.604224058772
398.1818181818182,1.2373737373737375,11.076328631540436,1.1172496595453005,11332.093663911846
401.8181818181818,1.2373737373737375,11.19881847476168,1.122820571165593,11435.583103764922
405.45454545454544,1.2373737373737375,11.321424837734153,1.1290255316605777,11539.072543617998
409.09090909090907,1.2373737373737375,11.444128718593849,1.1358873645112102,11642.561983471074
412.7272727272727,1.2373737373737375,11.566911084365021,1.143427751557808,11746.05142332415
416.3636363636364,1.2373737373737375,11.68975287580253,1.151667120587891,11849.540863177228
420.0,1.2373737373737375,11.812635012241035,1.160624543906511,11953.030303030304
60.0,1.2666666666666668,2.4833789235962804,1.4123209366376166,1748.0000000000002
63.63636363636363,1.2666666666666668,2.531006699278999,1.3965535382329057,1853.939393939394
67.27272727272727,1.2666666666666668,2.5798381728927593,1.3814571189912348,1959.878787878788
70.9090909090909,1.2666666666666668,2.6298724056888156,1.3670248189488459,2065.818181818182
74.54545454545455,1.2666666666666668,2.681108197534898,1.3532486957363035,2171.757575757576
78.18181818181819,1.2666666666666668,2.733544085975458,1.3401197241863847,2277.69696969697
81.81818181818181,1.2666666666666668,2.787178345369143,1.3276278032554303,2383.6363636363635
85.45454545454545,1.2666666666666668,2.8420089861038047,1.3157617704531723,2489.575757575758
89.0909090909091,1.2666666666666668,2.8980337538899335,1.3045094238623796,2595.515151515152
92.72727272727272,1.2666666666666668,2.9552501291319686,1.2938575517096493,2701.4545454545455
96.36363636363636,1.2666666666666668,3.0136553263798973,1.2837919693265019,2807.39393939394
100.0,1.2666666666666668,3.0732462938597758,1.2742975632199676,2913.333333333334
103.63636363636363,1.2666666666666668,3.1340197130852365,1.2653583418560965,3019.2727272727275
107.27272727272728,1.2666666666666668,3.195971998548953,1.2569574926538865,3125.212121212122
110.9090909090909,1.2666666666666668,3.2590992974962125,1.2490774445915287,3231.1515151515155
114.54545454545455,1.2666666666666668,3.3233974897790945,1.2416999357468153,3337.09090909091
118.18181818181819,1.2666666666666668,3.388862187792994,1.2348060850297349,3443.0303030303035
121.81818181818181,1.2666666666666668,3.4554887364957336,1.2283764673190571,3548.969696969697
125.45454545454545,1.2666666666666668,3.523272213508484,1.222391191187732,3654.9090909090914
129.0909090909091,1.2666666666666668,3.5922074292998483,1.2168299783935645,3760.848484848485
132.72727272727272,1.2666666666666668,3.6622889274530968,1.2116722443211505,3866.787878787879
136.36363636363637,1.2666666666666668,3.7335109850167703,1.2068971785880411,3972.727272727274
140.0,1.2666666666666668,3.805867612938285,1.2024838250694136,4078.666666666667
143.63636363636363,1.2666666666666668,3.8793525565809768,1.1984111606504932,4184.606060606061
147.27272727272725,1.2666666666666668,3.9539592963257633,1.194658172081438,4290.545454545454
150.9090909090909,1.2666666666666668,4.02968104825528,1.191203930382122,4396.484848484849
154.54545454545456,1.2666666666666668,4.106510764922708,1.1880276623233685,4502.424242424244
158.1818181818182,1.2666666666666668,4.184441136203944,1.1851088185925454,4608.363636363637
161.8181818181818,1.2666666666666668,4.263464590233545,1.1824271383334841,4714.303030303031
165.45454545454544,1.2666666666666668,4.343573294424384,1.17996270983101,4820.242424242425
169.0909090909091,1.2666666666666668,4.424759156570881,1.177696027187887,4926.181818181819
172.72727272727272,1.2666666666666668,4.507013826035663,1.1756080429142663,5032.121212121213
176.36363636363637,1.2666666666666668,4.590328695019441,1.1736802164156033,5138.060606060607
180.0,1.2666666666666668,4.674694899914162,1.1718945584254636,5244.000000000001
183.63636363636363,1.2666666666666668,4.760103322738375,1.1702336714814605,5349.939393939394
187.27272727272725,1.2666666666666668,4.846544592656143,1.1686807865873516,5455.878787878788
190.9090909090909,1.2666666666666668,4.934009087577293,1.16721979624223,5561.818181818182
194.54545454545453,1.2666666666666668,5.022486935840196,1.1658352840472914,5667.757575757576
198.1818181818182,1.2666666666666668,5.111968017975533,1.164512551123921,5773.69696969697
201.8181818181818,1.2666666666666668,5.202441968551946,1.1632376395938802,5879.636363636364
205.45454545454544,1.2666666666666668,5.293898178101634,1.1619973533827763,5985.575757575758
209.0909090909091,1.2666666666666668,5.386325795126823,1.1607792766137706,6091.515151515152
212.72727272727272,1.2666666666666668,5.479713728185402,1.159571789859152,6197.454545454546
216.36363636363635,1.2666666666666668,5.574050648056209,1.1583640845145313,6303.393939393939
220.0,1.2666666666666668,5.669324989982517,1.1571461755532613,6409.333333333334
223.63636363636363,1.2666666666666668,5.765524955994106,1.1559089129095068,6515.272727272728
227.27272727272728,1.2666666666666668,5.862638517306049,1.1546439917258686,6621.212121212123
230.9090909090909,1.2666666666666668,5.960653416794673,1.1533439616879124,6727.151515151516
234.54545454545453,1.2666666666666668,6.059557171549255,1.152002235651456,6833.09090909091
238.1818181818182,1.2666666666666668,6.1593370754992645,1.1506130977519737,6939.030303030304
241.8181818181818,1.2666666666666668,6.259980202115697,1.1491717111667696,7044.969696969697
245.45454545454544,1.2666666666666668,6.361473407186569,1.1476741256814513,7150.909090909092
249.0909090909091,1.2666666666666668,6.463803331665181,1.1461172851920018,7256.848484848486
252.72727272727272,1.2666666666666668,6.56695640458977,1.1444990352531925,7362.787878787879
256.3636363636364,1.2666666666666668,6.670918846075411,1.142818130761353,7468.727272727275
260.0,1.2666666666666668,6.775676670375219,1.1410742438386647,7574.666666666668
263.6363636363636,1.2666666666666668,6.8812156890112295,1.1392679719607277,7680.606060606062
267.27272727272725,1.2666666666666668,6.987521513973247,1.137400846346153,7786.545454545455
270.9090909090909,1.2666666666666668,7.094579560985414,1.13547534060094,7892.484848484849
274.5454545454545,1.2666666666666668,7.202375052838601,1.1334948795832005,7998.424242424242
278.1818181818182,1.2666666666666668,7.310893022788061,1.1314638484262758,8104.363636363638
281.8181818181818,1.2666666666666668,7.420118318015483,1.1293876016282836,8210.303030303032
285.45454545454544,1.2666666666666668,7.5300356031534275,1.1272724720846725,8316.242424242426
289.0909090909091,1.2666666666666668,7.640629363871947,1.1251257799079133,8422.18181818182
292.72727272727275,1.2666666666666668,7.751883910525908,1.1229558408434308,8528.121212121214
296.3636363636364,1.2666666666666668,7.8637833818614205,1.1207719740547013,8634.060606060608
300.0,1.2666666666666668,7.976311748780672,1.118584509013008,8740.000000000002
303.6363636363636,1.2666666666666668,8.08945281816381,1.116404791187516,8845.939393939394
307.27272727272725,1.2666666666666668,8.203190236746218,1.1142451861926421,8951.878787878788
310.9090909090909,1.2666666666666668,8.3175074950505,1.1121190820081375,9057.818181818182
314.5454545454545,1.2666666666666668,8.432387931371409,1.1100408888485203,9163.757575757576
318.1818181818182,1.2666666666666668,8.547814735812148,1.1080260362194285,9269.696969696972
321.8181818181818,1.2666666666666668,8.663770954371856,1.106090966662106,9375.636363636364
325.45454545454544,1.2666666666666668,8.780239493081067,1.1042531256553747,9481.575757575758
329.09090909090907,1.2666666666666668,8.897203122185541,1.1025309471173008,9587.515151515152
332.7272727272727,1.2666666666666668,9.014644480375717,1.1009438339285806,9693.454545454546
336.3636363636364,1.2666666666666668,9.132546079061118,1.099512132890425,9799.39393939394
340.0,1.2666666666666668,9.250890306687783,1.0982571035293052,9905.333333333336
343.6363636363636,1.2666666666666668,9.369659433097665,1.0972008801778013,10011.272727272728
347.27272727272725,1.2666666666666668,9.488835613927943,1.0963664267902955,10117.212121212122
350.9090909090909,1.2666666666666668,9.608400895049405,1.095777484004132,10223.151515151516
354.54545454545456,1.2666666666666668,9.728337217041744,1.0954585080260315,10329.090909090912
358.1818181818182,1.2666666666666668,9.848626419704354,1.0954346010172802,10435.030303030304
361.8181818181818,1.2666666666666668,9.969250246601698,1.095731432767861,10540.969696969698
365.45454545454544,1.2666666666666668,10.090190349640615,1.0963751535895032,10646.909090909092
369.09090909090907,1.2666666666666668,10.211428293678564,1.0973922985213194,10752.848484848486
372.7272727272727,1.2666666666666668,10.332945561161685,1.098809683126459,10858.787878787878
376.3636363636364,1.2666666666666668,10.454723556789597,1.1006542913603286,10964.727272727274
380.0,1.2666666666666668,10.576743612207038,1.1029531562083943,11070.666666666668
383.6363636363636,1.2666666666666668,10.698986990719497,1.1057332340133803,11176.606060606062
387.27272727272725,1.2666666666666668,10.821434892031451,1.109021273637777,11282.545454545454
390.9090909090909,1.2666666666666668,10.944068457005997,1.1128436818208296,11388.48484848485
394.54545454545456,1.2666666666666668,11.06686877244365,1.1172263862883698,11494.424242424246
398.1818181818182,1.2666666666666668,11.189816875878856,1.1221946983435789,11600.363636363638
401.8181818181818,1.2666666666666668,11.312893760392626,1.127773176800199,11706.303030303032
405.45454545454544,1.2666666666666668,11.436080379439451,1.1339854952079573,11812.242424242426
409.09090909090907,1.2666666666666668,11.559357651686874,1.1408543143547287,11918.18181818182
412.7272727272727,1.2666666666666668,11.682706465865909,1.1484011620072416,12024.121212121212
416.3636363636364,1.2666666666666668,11.806107685630856,1.15664632176847,12130.060606060608
420.0,1.2666666666666668,11.929542154426686,1.1656087327858025,12236.000000000002
60.0,1.2959595959595962,2.525785873227645,1.4268850204356722,1788.424242424243
63.63636363636363,1.2959595959595962,2.5741923503463706,1.4110505341159798,1896.8135904499543
67.27272727272727,1.2959595959595962,2.623805112028471,1.395879624883973,2005.202938475666
70.9090909090909,1.2959595959595962,2.674623130526861,1.3813654470672596,2113.5922865013777
74.54545454545455,1.2959595959595962,2.7266451158026213,1.367500103507703,2221.981634527089
78.18181818181819,1.2959595959595962,2.779869514602135,1.3542746458163248,2330.3709825528013
81.81818181818181,1.2959595959595962,2.834294509611442,1.3416790815966988,2438.7603305785124
85.45454545454545,1.2959595959595962,2.889918018688662,1.3297023888157575,2547.1496786042244
89.0909090909091,1.2959595959595962,2.946737694174584,1.3183325373945094,2655.5390266299364
92.72727272727272,1.2959595959595962,3.004750922282332,1.307556517979555,2763.9283746556475
96.36363636363636,1.2959595959595962,3.0639548225668474,1.2973603777432041,2872.3177226813596
100.0,1.2959595959595962,3.1243462474742456,1.2877292629477168,2980.707070707071
103.63636363636363,1.2959595959595962,3.1859217819714045,1.2786474679018758,3089.0964187327827
107.27272727272728,1.2959595959595962,3.248677743257601,1.2700984898395349,3197.485766758495
110.9090909090909,1.2959595959595962,3.312610180556203,1.262065089160121,3305.8751147842063
114.54545454545455,1.2959595959595962,3.3777148749894375,1.254529354396237,3414.264462809918
118.18181818181819,1.2959595959595962,3.443987339534373,1.247472771213713,3522.65381083563
121.81818181818181,1.2959595959595962,3.5114228190621954,1.240876294704712,3631.0431588613415
125.45454545454545,1.2959595959595962,3.580016290459527,1.234720424208599,3739.432506887053
129.0909090909091,1.2959595959595962,3.6497624628338023,1.228985279886421,3847.8218549127646
132.72727272727272,1.2959595959595962,3.720655777800501,1.223650680281485,3956.2112029384757
136.36363636363637,1.2959595959595962,3.7926904098555756,1.2186962201229148,4064.600550964188
140.0,1.2959595959595962,3.865860266830052,1.214101347665224,4172.9898989899
143.63636363636363,1.2959595959595962,3.940158990429347,1.2098454409079256,4281.379247015611
147.27272727272725,1.2959595959595962,4.01557995685604,1.2059078820977467,4389.768595041322
150.9090909090909,1.2959595959595962,4.092116277516603,1.2022681299839728,4498.1579430670345
154.54545454545456,1.2959595959595962,4.169760799812611,1.1989057893695363,4606.5472910927465
158.1818181818182,1.2959595959595962,4.248506108014899,1.1958006775771517,4714.9366391184585
161.8181818181818,1.2959595959595962,4.32834452422266,1.192932887525101,4823.32598714417
165.45454545454544,1.2959595959595962,4.409268109405937,1.19028284718349,4931.715335169882
169.0909090909091,1.2959595959595962,4.491268664531741,1.187831375254399,5040.104683195594
172.72727272727272,1.2959595959595962,4.574337731774248,1.18555973298739,5148.494031221305
176.36363636363637,1.2959595959595962,4.658466595807845,1.1834496721056447,5256.883379247017
180.0,1.2959595959595962,4.743646285184209,1.1814834788742148,5365.272727272728
183.63636363636363,1.2959595959595962,4.829867573791066,1.1796440143934628,5473.66207529844
187.27272727272725,1.2959595959595962,4.917120982395242,1.177914751242979,5582.051423324151
190.9090909090909,1.2959595959595962,5.005396780266935,1.1762798066391642,5690.440771349863
194.54545454545453,1.2959595959595962,5.0946849868864525,1.1747239722984788,5798.830119375574
198.1818181818182,1.2959595959595962,5.184975373732809,1.1732327412222567,5907.219467401287
201.8181818181818,1.2959595959595962,5.276257466153248,1.1717923316358607,6015.608815426998
205.45454545454544,1.2959595959595962,5.368520545313639,1.1703897083268475,6123.998163452709
209.0909090909091,1.2959595959595962,5.461753650229571,1.1690126016329188,6232.387511478421
212.72727272727272,1.2959595959595962,5.5559455798767825,1.167649524332751,6340.7768595041325
216.36363636363635,1.2959595959595962,5.651084895381127,1.1662897866906414,6449.166207529844
220.0,1.2959595959595962,5.747159922287253,1.1649235099005473,6557.555555555557
223.63636363636363,1.2959595959595962,5.844158752905173,1.1635416381668433,6665.944903581269
227.27272727272728,1.2959595959595962,5.942069248734571,1.1621359496478392,6774.334251606981
230.9090909090909,1.2959595959595962,6.040879042965721,1.1606990664758936,6882.723599632692
234.54545454545453,1.2959595959595962,6.140575543056281,1.159224464052704,6991.112947658403
238.1818181818182,1.2959595959595962,6.241145933383649,1.157706479802633,7099.502295684116
241.8181818181818,1.2959595959595962,6.342577177971878,1.1561403215492232,7207.891643709827
245.45454545454544,1.2959595959595962,6.444856023291958,1.1545220756620806,7316.280991735538
249.0909090909091,1.2959595959595962,6.547969001135588,1.1528487151016966,7424.67033976125
252.72727272727272,1.2959595959595962,6.651902431560289,1.1511181074695485,7533.059687786961
256.3636363636364,1.2959595959595962,6.756642425906161,1.1493290231498023,7641.449035812673
260.0,1.2959595959595962,6.862174889882656,1.1474811436068357,7749.838383838386
263.6363636363636,1.2959595959595962,6.968485526724624,1.1455750698798781,7858.227731864097
267.27272727272725,1.2959595959595962,7.075559840416491,1.143612331292098,7966.617079889807
270.9090909090909,1.2959595959595962,7.183383138983709,1.1415953943658506,8075.0064279155185
274.5454545454545,1.2959595959595962,7.291940537850627,1.1395276719102623,8183.3957759412315
278.1818181818182,1.2959595959595962,7.401216963263304,1.1374135322181738,8291.785123966944
281.8181818181818,1.2959595959595962,7.5111971557761095,1.1352583082814578,8400.174471992656
285.45454545454544,1.2959595959595962,7.621865673801801,1.1330683069015761,8508.563820018368
289.0909090909091,1.2959595959595962,7.733206897222453,1.1308508175404497,8616.95316804408
292.72727272727275,1.2959595959595962,7.845205031061965,1.1286141207220561,8725.34251606979
296.3636363636364,1.2959595959595962,7.957844109217211,1.1263674957592165,8833.731864095504
300.0,1.2959595959595962,8.071107998247447,1.1241212275432255,8942.121212121214
303.6363636363636,1.2959595959595962,8.184980401220356,1.1218866120944953,9050.510560146926
307.27272727272725,1.2959595959595962,8.299444861614603,1.1196759605343893,9158.899908172636
310.9090909090909,1.2959595959595962,8.41448476727528,1.1175026010973952,9267.289256198348
314.5454545454545,1.2959595959595962,8.530083354423237,1.11538087876507,9375.67860422406
318.1818181818182,1.2959595959595962,8.646223711715754,1.1133261520640974,9484.067952249772
321.8181818181818,1.2959595959595962,8.762888784357335,1.111354786536668,9592.457300275484
325.45454545454544,1.2959595959595962,8.88006137825944,1.1094841443594552,9700.846648301194
329.09090909090907,1.2959595959595962,8.997724164247456,1.1077325695611417,9809.235996326906
332.7272727272727,1.2959595959595962,9.115859682313602,1.1061193682710293,9917.625344352617
336.3636363636364,1.2959595959595962,9.2344503459149,1.104664783420322,10026.01469237833
340.0,1.2959595959595962,9.353478446313122,1.1033899633211828,10134.404040404042
343.6363636363636,1.2959595959595962,9.472926156957469,1.1023169235638295,10242.793388429753
347.27272727272725,1.2959595959595962,9.592775537906137,1.101468501704291,10351.182736455465
350.9090909090909,1.2959595959595962,9.713008540287307,1.1008683042660212,10459.572084481177
354.54545454545456,1.2959595959595962,9.833607010796898,1.1005406456489328,10567.961432506889
358.1818181818182,1.2959595959595962,9.954552696230826,1.100510478633041,10676.3507805326
361.8181818181818,1.2959595959595962,10.075827248052533,1.1008033162786137,10784.740128558313
365.45454545454544,1.2959595959595962,10.197412226991455,1.101445145164753,10893.129476584023
369.09090909090907,1.2959595959595962,10.31928910767322,1.1024623300692442,11001.518824609735
372.7272727272727,1.2959595959595962,10.441439283277868,1.1038815103747555,11109.908172635447
376.3636363636364,1.2959595959595962,10.563844070225969,1.1057294886865323,11218.297520661159
380.0,1.2959595959595962,10.686484712890666,1.1080331123585692,11326.686868686871
383.6363636363636,1.2959595959595962,10.809342388333524,1.1108191488451764,11435.076216712583
387.27272727272725,1.2959595959595962,10.932398211062578,1.1141141560141623,11543.465564738293
390.9090909090909,1.2959595959595962,11.055633237811904,1.1179443487680636,11651.854912764005
394.54545454545456,1.2959595959595962,11.179028472339544,1.122335463512838,11760.24426078972
398.1818181818182,1.2959595959595962,11.302564870243177,1.127312622179519,11868.63360881543
401.8181818181818,1.2959595959595962,11.426223343791877,1.1329001976333255,11977.022956841141
405.45454545454544,1.2959595959595962,11.549984766770727,1.1391216823892947,12085.412304866852
409.09090909090907,1.2959595959595962,11.673829979339303,1.1459995625865276,12193.801652892564
412.7272727272727,1.2959595959595962,11.797739792899582,1.153555199148668,12302.191000918274
416.3636363636364,1.2959595959595962,11.921694994973459,1.1618087179752892,12410.58034894399
420.0,1.2959595959595962,12.045676354086824,1.170778910865696,12518.969696969698
60.0,1.3252525252525256,2.567828115704611,1.4424714943894963,1828.8484848484852
63.63636363636363,1.3252525252525256,2.6170105479820123,1.4265617397374326,1939.6877869605146
67.27272727272727,1.3252525252525256,2.667401805910653,1.4113077381804056,2050.527089072544
70.9090909090909,1.3252525252525256,2.7190007726722483,1.3967026642609084,2161.3663911845733
74.54545454545455,1.3252525252525256,2.7718060682612125,1.3827386730294486,2272.205693296603
78.18181818181819,1.3252525252525256,2.8258160485786954,1.3694069009219143,2383.0449954086325
81.81818181818181,1.3252525252525256,2.8810288046034698,1.3566974732557429,2493.8842975206617
85.45454545454545,1.3252525252525256,2.9374421616424993,1.344599518508314,2604.7235996326913
89.0909090909091,1.3252525252525256,2.9950536786584676,1.33310118944192,2715.5629017447204
92.72727272727272,1.3252525252525256,3.0538606476780004,1.3221896910364987,2826.4022038567496
96.36363636363636,1.3252525252525256,3.1138600932791496,1.3118513150861326,2937.241505968779
100.0,1.3252525252525256,3.175048772159081,1.302071481212171,3048.080808080809
103.63636363636363,1.3252525252525256,3.237423172783201,1.2928347839459753,3158.9201101928384
107.27272727272728,1.3252525252525256,3.3009795151151433,1.2841250454424902,3269.759412304868
110.9090909090909,1.3252525252525256,3.3657137504286423,1.2759253733034652,3380.598714416897
114.54545454545455,1.3252525252525256,3.4316215612013012,1.2682182229182652,3491.4380165289267
118.18181818181819,1.3252525252525256,3.498698361091048,1.260985463674724,3602.277318640956
121.81818181818181,1.3252525252525256,3.5669392949952785,1.2542084483493718,3713.116620752985
125.45454545454545,1.3252525252525256,3.6363392391932443,1.2478680849623833,3823.9559228650146
129.0909090909091,1.3252525252525256,3.7068928015710867,1.2419449103710658,3934.795224977044
132.72727272727272,1.3252525252525256,3.778594321931509,1.2364191648827023,4045.6345270890733
136.36363636363637,1.3252525252525256,3.8514378723859197,1.2312708671862185,4156.473829201103
140.0,1.3252525252525256,3.925417257831689,1.226479888936542,4267.3131313131325
143.63636363636363,1.3252525252525256,4.000526016512436,1.2220260283695181,4378.152433425162
147.27272727272725,1.3252525252525256,4.076757420662937,1.2178890823794282,4488.991735537191
150.9090909090909,1.3252525252525256,4.154104477238154,1.2140489165527397,4599.83103764922
154.54545454545456,1.3252525252525256,4.232559928726037,1.2104855327186885,4710.670339761251
158.1818181818182,1.3252525252525256,4.312116254045415,1.2071791336463285,4821.50964187328
161.8181818181818,1.3252525252525256,4.3927656695265265,1.20411018459014,4932.348943985309
165.45454545454544,1.3252525252525256,4.47450012997746,1.201259471454823,5043.1882460973375
169.0909090909091,1.3252525252525256,4.557311329832636,1.1986081554197354,5154.0275482093675
172.72727272727272,1.3252525252525256,4.6411907043866485,1.1961378239264815,5264.866850321397
176.36363636363637,1.3252525252525256,4.726129431110605,1.1938305379940781,5375.706152433427
180.0,1.3252525252525256,4.812118431052618,1.1916688758797795,5486.545454545456
183.63636363636363,1.3252525252525256,4.899148370320716,1.1896359731526078,5597.384756657485
187.27272727272725,1.3252525252525256,4.9872096616493895,1.1877155592882398,5708.224058769514
190.9090909090909,1.3252525252525256,5.0762924660480975,1.1858919909301515,5819.063360881544
194.54545454545453,1.3252525252525256,5.1663866945320756,1.1841502819909802,5929.902662993572
198.1818181818182,1.3252525252525256,5.2574820099350985,1.1824761307915337,6040.7419651056025
201.8181818181818,1.3252525252525256,5.349567828803475,1.1808559444524853,6151.581267217632
205.45454545454544,1.3252525252525256,5.442633323371134,1.1792768607660897,6262.420569329661
209.0909090909091,1.3252525252525256,5.536667423614832,1.1777267677827379,6373.259871441692
212.72727272727272,1.3252525252525256,5.631658819389712,1.1761943213498147,6484.099173553721
216.36363636363635,1.3252525252525256,5.727595962643775,1.1746689608403729,6594.93847566575
220.0,1.3252525252525256,5.824467069711515,1.173140923303782,6705.777777777779
223.63636363636363,1.3252525252525256,5.922260123685291,1.1716012562647187,6816.617079889807
227.27272727272728,1.3252525252525256,6.020962876864859,1.1700418293862225,6927.456382001838
230.9090909090909,1.3252525252525256,6.120562853282847,1.168455345201242,7038.2956841138675
234.54545454545453,1.3252525252525256,6.221047351306952,1.1668353491039387,7149.134986225897
238.1818181818182,1.3252525252525256,6.32240344631738,1.1651762387761502,7259.974288337927
241.8181818181818,1.3252525252525256,6.424617993458754,1.1634732732090938,7370.813590449956
245.45454545454544,1.3252525252525256,6.527677630465746,1.1617225814618979,7481.652892561985
249.0909090909091,1.3252525252525256,6.631568780561526,1.1599211712807809,7592.492194674014
252.72727272727272,1.3252525252525256,6.736277655428742,1.1580669376827517,7703.331496786043
256.3636363636364,1.3252525252525256,6.841790258250852,1.1561586715873229,7814.170798898073
260.0,1.3252525252525256,6.9480923868242686,1.154196068558561,7925.0101010101025
263.6363636363636,1.3252525252525256,7.0551696367394445,1.152179737696466,8035.849403122132
267.27272727272725,1.3252525252525256,7.163007404630212,1.1501112106944216,8146.688705234161
270.9090909090909,1.3252525252525256,7.271590891490524,1.1479929510530011,8257.52800734619
274.5454545454545,1.3252525252525256,7.380905106056647,1.1458283634161965,8368.36730945822
278.1818181818182,1.3252525252525256,7.490934868255629,1.1436218029663907,8479.206611570251
281.8181818181818,1.3252525252525256,7.601664812716491,1.141378584787558,8590.04591368228
285.45454545454544,1.3252525252525256,7.713079392344968,1.1391049930737456,8700.88521579431
289.0909090909091,1.3252525252525256,7.825162881959477,1.1368082900286487,8811.72451790634
292.72727272727275,1.3252525252525256,7.937899381988312,1.1344967242676638,8922.563820018368
296.3636363636364,1.3252525252525256,8.051272822224915,1.1321795384985904,9033.403122130398
300.0,1.3252525252525256,8.165266965642173,1.1298669762198914,9144.242424242426
303.6363636363636,1.3252525252525256,8.279865412262787,1.127570287137916,9255.081726354456
307.27272727272725,1.3252525252525256,8.395051603085621,1.1253017309652482,9365.921028466484
310.9090909090909,1.3252525252525256,8.510808824065855,1.1230745792238261,9476.760330578514
314.5454545454545,1.3252525252525256,8.627120210147922,1.1209031146376975,9587.599632690542
318.1818181818182,1.3252525252525256,8.743968749349934,1.1188026276638972,9698.438934802572
321.8181818181818,1.3252525252525256,8.861337286898404,1.1167894096746471,9809.278236914603
325.45454545454544,1.3252525252525256,8.979208529411387,1.1148807422751001,9920.11753902663
329.09090909090907,1.3252525252525256,9.097565049128734,1.1130948822143671,10030.95684113866
332.7272727272727,1.3252525252525256,9.216389288188317,1.1114510413312428,10141.796143250689
336.3636363636364,1.3252525252525256,9.335663562946705,1.109969360967176,10252.635445362721
340.0,1.3252525252525256,9.455370068342432,1.108670880282152,10363.474747474751
343.6363636363636,1.3252525252525256,9.575490882300567,1.1075774979267052,10474.31404958678
347.27272727272725,1.3252525252525256,9.69600797017766,1.106711926555386,10585.15335169881
350.9090909090909,1.3252525252525256,9.816903189243922,1.1060976397184976,10695.992653810838
354.54545454545456,1.3252525252525256,9.938158293203289,1.105758810740161,10806.831955922868
358.1818181818182,1.3252525252525256,10.059754936747915,1.105720243282782,10917.671258034898
361.8181818181818,1.3252525252525256,10.181674680146651,1.1060072934141445,11028.510560146926
365.45454545454544,1.3252525252525256,10.303898993865147,1.1066457831306575,11139.349862258956
369.09090909090907,1.3252525252525256,10.426409263216552,1.1076619054497767,11250.189164370984
372.7272727272727,1.3252525252525256,10.549186793041121,1.1090821213658284,11361.028466483014
376.3636363636364,1.3252525252525256,10.672212812412727,1.1109330491584821,11471.867768595044
380.0,1.3252525252525256,10.795468479370935,1.113241346753234,11582.707070707072
383.6363636363636,1.3252525252525256,10.918934885676626,1.116033588048109,11693.546372819103
387.27272727272725,1.3252525252525256,11.042593061590571,1.1193361343356085,11804.38567493113
390.9090909090909,1.3252525252525256,11.166423980671514,1.1231750021546554,11915.22497704316
394.54545454545456,1.3252525252525256,11.290408564593708,1.127575729095083,12026.064279155193
398.1818181818182,1.3252525252525256,11.41452768798139,1.1325632392390206,12136.90358126722
401.8181818181818,1.3252525252525256,11.538762183258635,1.1381617100471866,12247.742883379251
405.45454545454544,1.3252525252525256,11.663092845512958,1.1443944425804844,12358.582185491277
409.09090909090907,1.3252525252525256,11.787500437370818,1.1512837369765434,12469.421487603307
412.7272727272727,1.3252525252525256,11.911965693883841,1.1588507750750536,12580.260789715336
416.3636363636364,1.3252525252525256,12.036469327422818,1.1671155120026757,12691.10009182737
420.0,1.3252525252525256,12.160992032579372,1.1760965783864814,12801.939393939398
60.0,1.3545454545454547,2.609480076254073,1.4589752355731977,1869.2727272727275
63.63636363636363,1.3545454545454547,2.6594354733423664,1.442982054384134,1982.5619834710747
67.27272727272727,1.3545454545454547,2.7106021916594356,1.427636456588958,2095.851239669422
70.9090909090909,1.3545454545454547,2.762979025272572,1.4129316435474433,2209.140495867769
74.54545454545455,1.3545454545454547,2.8165645041790235,1.3988598298041761,2322.4297520661157
78.18181818181819,1.3545454545454547,2.871356893416996,1.3854122445519124,2435.7190082644634
81.81818181818181,1.3545454545454547,2.9273541922540502,1.3725791393649052,2549.00826446281
85.45454545454545,1.3545454545454547,2.9845541334540373,1.3603498023501717,2662.2975206611573
89.0909090909091,1.3545454545454547,3.0429541826237507,1.348712578773896,2775.586776859505
92.72727272727272,1.3545454545454547,3.1025515376382087,1.3376548981249785,2888.8760330578516
96.36363636363636,1.3545454545454547,3.163343128146799,1.3271633074801807,3002.165289256199
100.0,1.3545454545454547,3.22532561515989,1.3172235109409427,3115.454545454546
103.63636363636363,1.3545454545454547,3.2884953907166015,1.3078204148192965,3228.7438016528927
107.27272727272728,1.3545454545454547,3.352848577633951,1.2989381781656169,3342.0330578512408
110.9090909090909,1.3545454545454547,3.418381029338372,1.2905602681546542,3455.322314049587
114.54545454545455,1.3545454545454547,3.485088329779267,1.2826695197805604,3568.611570247934
118.18181818181819,1.3545454545454547,3.552965793425342,1.2752481992587146,3681.9008264462814
121.81818181818181,1.3545454545454547,3.622008465344371,1.2682780704929213,3795.1900826446285
125.45454545454545,1.3545454545454547,3.692211121365287,1.2617404639415652,3908.4793388429757
129.0909090909091,1.3545454545454547,3.763568268325181,1.2556163472056219,4021.768595041323
132.72727272727272,1.3545454545454547,3.836074144398922,1.2498863966652427,4135.05785123967
136.36363636363637,1.3545454545454547,3.9097227195132183,1.2445310695087974,4248.347107438018
140.0,1.3545454545454547,3.984507695845024,1.2395306755268571,4361.636363636364
143.63636363636363,1.3545454545454547,4.060422508403755,1.2348654480842476,4474.925619834711
147.27272727272725,1.3545454545454547,4.13746032569782,1.2305156137313387,4588.214876033057
150.9090909090909,1.3545454545454547,4.215614050486118,1.2264614599720733,4701.5041322314055
154.54545454545456,1.3545454545454547,4.294876320612998,1.2226834007670568,4814.793388429754
158.1818181818182,1.3545454545454547,4.375239509928391,1.2191620394139278,4928.0826446281
161.8181818181818,1.3545454545454547,4.4566957292919565,1.2158782285133931,5041.371900826447
165.45454545454544,1.3545454545454547,4.539236827660957,1.2128131267939388,5154.661157024794
169.0909090909091,1.3545454545454547,4.622854393263506,1.209948252632083,5267.950413223141
172.72727272727272,1.3545454545454547,4.707539754854211,1.2072655341655845,5381.2396694214885
176.36363636363637,1.3545454545454547,4.79328398305483,1.204747355953392,5494.528925619836
180.0,1.3545454545454547,4.880077891777777,1.2023766021876252,5607.818181818182
183.63636363636363,1.3545454545454547,4.967912039733144,1.2001366965095845,5721.107438016529
187.27272727272725,1.3545454545454547,5.056776732018844,1.1980116385217463,5834.396694214876
190.9090909090909,1.3545454545454547,5.146662021793036,1.1959860371232816,5947.685950413224
194.54545454545453,1.3545454545454547,5.237557712029201,1.1940451408246275,6060.97520661157
198.1818181818182,1.3545454545454547,5.3294533573531035,1.192174865220939,6174.264462809919
201.8181818181818,1.3545454545454547,5.422338265961019,1.1903618178210422,6287.553719008266
205.45454545454544,1.3545454545454547,5.516201501619286,1.1885933204425412,6400.842975206611
209.0909090909091,1.3545454545454547,5.611031885744122,1.1868574293909497,6514.13223140496
212.72727272727272,1.3545454545454547,5.706817999561484,1.1851429536456504,6627.421487603306
216.36363636363635,1.3545454545454547,5.80354818634679,1.1834394712749594,6740.710743801653
220.0,1.3545454545454547,5.901210553742644,1.1817373443006347,6854.000000000001
223.63636363636363,1.3545454545454547,5.999792976155616,1.1800277322250217,6967.289256198347
227.27272727272728,1.3545454545454547,6.099283097230055,1.178302604427057,7080.578512396695
230.9090909090909,1.3545454545454547,6.199668332398968,1.1765547516215826,7193.867768595042
234.54545454545453,1.3545454545454547,6.3009358715112285,1.1747777965649797,7307.157024793389
238.1818181818182,1.3545454545454547,6.403072681533667,1.1729662041757594,7420.446280991737
241.8181818181818,1.3545454545454547,6.506065509327861,1.1711152912233727,7533.735537190084
245.45454545454544,1.3545454545454547,6.609900884501244,1.1692212357220213,7647.02479338843
249.0909090909091,1.3545454545454547,6.7145651223306615,1.1672810861487568,7760.314049586778
252.72727272727272,1.3545454545454547,6.820044326757615,1.1652927705857523,7873.6033057851255
256.3636363636364,1.3545454545454547,6.926324393455458,1.1632551058675085,7986.892561983473
260.0,1.3545454545454547,7.033391012966154,1.161167806792523,8100.18181818182
263.6363636363636,1.3545454545454547,7.141229673906498,1.1590314954367207,8213.471074380166
267.27272727272725,1.3545454545454547,7.249825666242108,1.1568477105834651,8326.760330578512
270.9090909090909,1.3545454545454547,7.359164084629164,1.1546189172598733,8440.04958677686
274.5454545454545,1.3545454545454547,7.469229831821995,1.1523485163437095,8553.338842975207
278.1818181818182,1.3545454545454547,7.580007622145512,1.1500408541780267,8666.628099173555
281.8181818181818,1.3545454545454547,7.691481985031621,1.1477012321015583,8779.917355371903
285.45454545454544,1.3545454545454547,7.803637268618617,1.1453359157729799,8893.206611570247
289.0909090909091,1.3545454545454547,7.91645764341157,1.1429521441349773,9006.495867768597
292.72727272727275,1.3545454545454547,8.029927106004015,1.1405581378301284,9119.785123966944
296.3636363636364,1.3545454545454547,8.144029482857556,1.1381631068463272,9233.074380165292
300.0,1.3545454545454547,8.258748434140701,1.1357772571320468,9346.363636363638
303.6363636363636,1.3545454545454547,8.374067457623095,1.133411795884917,9459.652892561984
307.27272727272725,1.3545454545454547,8.489969892626192,1.1310789351788406,9572.94214876033
310.9090909090909,1.3545454545454547,8.606438924026738,1.1287918935558947,9686.231404958678
314.5454545454545,1.3545454545454547,8.723457586314348,1.1265648951728766,9799.520661157025
318.1818181818182,1.3545454545454547,8.841008767698838,1.1244131660550196,9912.809917355373
321.8181818181818,1.3545454545454547,8.959075214268811,1.1223529269767785,10026.09917355372
325.45454545454544,1.3545454545454547,9.077639534197688,1.1204013824599062,10139.388429752067
329.09090909090907,1.3545454545454547,9.196684201997604,1.1185767053550864,10252.677685950413
332.7272727272727,1.3545454545454547,9.316191562818293,1.1168980164572413,10365.966942148762
336.3636363636364,1.3545454545454547,9.436143836790563,1.115385358597604,10479.25619834711
340.0,1.3545454545454547,9.556523123412271,1.1140596646592504,10592.545454545456
343.6363636363636,1.3545454545454547,9.677311405975171,1.1129427189815562,10705.834710743804
347.27272727272725,1.3545454545454547,9.798490556031666,1.112057111652437,10819.123966942148
350.9090909090909,1.3545454545454547,9.920042337900009,1.1114261852391247,10932.413223140496
354.54545454545456,1.3545454545454547,10.041948413204924,1.1110739735795268,11045.702479338845
358.1818181818182,1.3545454545454547,10.164190345454351,1.1110251323492426,11158.991735537193
361.8181818181818,1.3545454545454547,10.286749604648728,1.1113048612337464,11272.280991735539
365.45454545454544,1.3545454545454547,10.409607571922608,1.1119388176728187,11385.570247933885
369.09090909090907,1.3545454545454547,10.532745544215716,1.1129530223018436,11498.859504132231
372.7272727272727,1.3545454545454547,10.656144738973483,1.1143737563931293,11612.14876033058
376.3636363636364,1.3545454545454547,10.779786298873338,1.1162274517936148,11725.438016528928
380.0,1.3545454545454547,10.903651296577051,1.1185405740609968,11838.727272727274
383.6363636363636,1.3545454545454547,11.02772073950644,1.1213394997120765,11952.016528925622
387.27272727272725,1.3545454545454547,11.151975574640561,1.124650388706685,12065.305785123968
390.9090909090909,1.3545454545454547,11.276396693333576,1.1284990534917756,12178.595041322316
394.54545454545456,1.3545454545454547,11.400964936151032,1.1329108261137664,12291.884297520664
398.1818181818182,1.3545454545454547,11.525661097722686,1.1379104250623504,12405.17355371901
401.8181818181818,1.3545454545454547,11.650465931610693,1.1435218236305966,12518.462809917355
405.45454545454544,1.3545454545454547,11.775360155191274,1.1497681216526405,12631.752066115705
409.09090909090907,1.3545454545454547,11.900324454547782,1.1566714225075556,12745.04132231405
412.7272727272727,1.3545454545454547,12.025339489374053,1.1642527172498842,12858.330578512396
416.3636363636364,1.3545454545454547,12.150385897885485,1.172531777643627,12971.619834710747
420.0,1.3545454545454547,12.275444301737593,1.1815270597351466,13084.909090909092
60.0,1.383838383838384,2.6507169068637637,1.4762957532575347,1909.69696969697
63.63636363636363,1.383838383838384,2.701442035301527,1.4602110914329292,2025.436179981635
67.27272727272727,1.383838383838384,2.7533809350499103,1.4447655685926881,2141.1753902662995
70.9090909090909,1.383838383838384,2.806532311048451,1.4299524199195366,2256.9146005509647
74.54545454545455,1.383838383838384,2.8608946032964617,1.4157639267922633,2372.6538108356294
78.18181818181819,1.383838383838384,2.91646598598175,1.4021914187912425,2488.3930211202946
81.81818181818181,1.383838383838384,2.973244366685565,1.3892252816288788,2604.132231404959
85.45454545454545,1.383838383838384,3.0312273856679486,1.3768549711398927,2719.871441689624
89.0909090909091,1.383838383838384,3.0904124152313166,1.3650690333815714,2835.610651974289
92.72727272727272,1.383838383838384,3.150796559164486,1.3538551308068238,2951.3498622589536
96.36363636363636,1.383838383838384,3.212376652267194,1.3432000743841916,3067.0890725436184
100.0,1.383838383838384,3.2751492599550787,1.3330898614507394,3182.828282828283
103.63636363636363,1.383838383838384,3.3391106779469126,1.3235097189997083,3298.5674931129483
107.27272727272728,1.383838383838384,3.4042569320327267,1.3144441520264196,3414.3067033976135
110.9090909090909,1.383838383838384,3.470583777924962,1.3058769964850223,3530.045913682278
114.54545454545455,1.383838383838384,3.5380867011918546,1.2977914763485727,3645.785123966943
118.18181818181819,1.383838383838384,3.6067609172737862,1.290170264214423,3761.5243342516073
121.81818181818181,1.383838383838384,3.6766013715833923,1.2829955448607835,3877.2635445362725
125.45454545454545,1.383838383838384,3.7476027396882907,1.2762490811356408,3993.0027548209373
129.0909090909091,1.383838383838384,3.8197594275787825,1.2699122815480337,4108.7419651056025
132.72727272727272,1.383838383838384,3.8930655720185676,1.2639662689342128,4224.481175390267
136.36363636363637,1.383838383838384,3.967515040980273,1.2583919495848765,4340.220385674932
140.0,1.383838383838384,4.0431014341647975,1.2531700822449847,4455.959595959597
143.63636363636363,1.383838383838384,4.1198180836059715,1.2482813464337488,4571.6988062442615
147.27272727272725,1.383838383838384,4.197658054358491,1.2437064095751253,4687.438016528926
150.9090909090909,1.383838383838384,4.276614145271877,1.2394259924800624,4803.177226813591
154.54545454545456,1.383838383838384,4.356678889847612,1.235420932777251,4918.916437098256
158.1818181818182,1.383838383838384,4.437844557181553,1.2316722459473668,5034.6556473829205
161.8181818181818,1.383838383838384,4.520103152991197,1.2281611836765616,5150.394857667586
165.45454545454544,1.383838383838384,4.603446420726443,1.2248692893049473,5266.134067952251
169.0909090909091,1.383838383838384,4.687865842765361,1.221778450204772,5381.873278236915
172.72727272727272,1.383838383838384,4.773352641693828,1.218870946979937,5497.61248852158
176.36363636363637,1.383838383838384,4.859897781668701,1.2161294994312575,5613.351698806246
180.0,1.383838383838384,4.947491969865679,1.2135373092807002,5729.09090909091
183.63636363636363,1.383838383838384,5.036125658009273,1.211078099692258,5844.830119375575
187.27272727272725,1.383838383838384,5.125789043987369,1.2087361516656974,5960.5693296602385
190.9090909090909,1.383838383838384,5.216472073546995,1.2064963374134547,6076.3085399449055
194.54545454545453,1.383838383838384,5.308164442073924,1.2043441508589974,6192.047750229569
198.1818181818182,1.383838383838384,5.4008555964535,1.202265735418224,6307.786960514234
201.8181818181818,1.383838383838384,5.494534737013289,1.2002479092436351,6423.526170798899
205.45454545454544,1.383838383838384,5.589190819546829,1.198278188124191,6539.265381083564
209.0909090909091,1.383838383838384,5.684812557418019,1.1963448062429944,6655.004591368228
212.72727272727272,1.383838383838384,5.7813884237455655,1.1944367349996128,6770.743801652893
216.36363636363635,1.383838383838384,5.878906653666972,1.1925437001056705,6886.483011937558
220.0,1.383838383838384,5.977355246681464,1.190656197159987,7002.2222222222235
223.63636363636363,1.383838383838384,6.076721969070926,1.1887655059054136,7117.961432506888
227.27272727272728,1.383838383838384,6.176994356399009,1.1868637033616423,7233.700642791553
230.9090909090909,1.383838383838384,6.27815971608646,1.1849436760197332,7349.439853076218
234.54545454545453,1.383838383838384,6.380205130063295,1.182999131272213,7465.179063360883
238.1818181818182,1.383838383838384,6.483117457495671,1.18102460823995,7580.918273645549
241.8181818181818,1.383838383838384,6.58688333758803,1.1790154881427746,7696.657483930212
245.45454545454544,1.383838383838384,6.691489192458436,1.1769680043448303,7812.396694214877
249.0909090909091,1.383838383838384,6.796921230087342,1.1748792521890932,7928.135904499542
252.72727272727272,1.383838383838384,6.903165447338067,1.1727471987171292,8043.875114784208
256.3636363636364,1.383838383838384,7.010207633048296,1.1705706923513333,8159.614325068873
260.0,1.383838383838384,7.118033371192048,1.1683494725961703,8275.353535353537
263.6363636363636,1.383838383838384,7.2266280441106066,1.1660841797939747,8391.092745638201
267.27272727272725,1.383838383838384,7.335976835811463,1.16377636494762,8506.831955922866
270.9090909090909,1.383838383838384,7.446064735334668,1.1614284995988688,8622.57116620753
274.5454545454545,1.383838383838384,7.556876540185128,1.1590439857254158,8738.310376492194
278.1818181818182,1.383838383838384,7.668396859829642,1.1566271655929508,8854.04958677686
281.8181818181818,1.383838383838384,7.780610119257899,1.1541833314699153,8969.788797061527
285.45454545454544,1.383838383838384,7.893500562606488,1.151718735083088,9085.52800734619
289.0909090909091,1.383838383838384,8.007052256843563,1.1492405966597383,9201.267217630857
292.72727272727275,1.383838383838384,8.12124909551467,1.1467571133693855,9317.006427915521
296.3636363636364,1.383838383838384,8.236074802546863,1.1442774669433724,9432.745638200186
300.0,1.383838383838384,8.351512936111265,1.1418118302142373,9548.48484848485
303.6363636363636,1.383838383838384,8.467546892541792,1.1393713722799694,9664.224058769514
307.27272727272725,1.383838383838384,8.584159910308992,1.1369682619607901,9779.96326905418
310.9090909090909,1.383838383838384,8.701335074047938,1.1346156691780094,9895.702479338843
314.5454545454545,1.383838383838384,8.819055318638679,1.132327763848332,10011.441689623509
318.1818181818182,1.383838383838384,8.93730343333757,1.1301197118508097,10127.180899908175
321.8181818181818,1.383838383838384,9.05606206595864,1.1280076675920951,10242.92011019284
325.45454545454544,1.383838383838384,9.175313727103191,1.126008762666709,10358.659320477504
329.09090909090907,1.383838383838384,9.29504079443618,1.1241410900863131,10474.398530762168
332.7272727272727,1.383838383838384,9.415225517008027,1.1224236835369932,10590.137741046832
336.3636363636364,1.383838383838384,9.535850019620673,1.120876491117558,10705.8769513315
340.0,1.383838383838384,9.656896307235737,1.1195203430171419,10821.616161616163
343.6363636363636,1.383838383838384,9.778346269423809,1.1183769126096017,10937.355371900829
347.27272727272725,1.383838383838384,9.900181684852953,1.1174686704772914,11053.094582185493
350.9090909090909,1.383838383838384,10.022384225815376,1.116818830928657,11168.833792470157
354.54545454545456,1.383838383838384,10.14493546279014,1.1164512906469963,11284.573002754823
358.1818181818182,1.383838383838384,10.267816869040631,1.1163905591999626,11400.312213039488
361.8181818181818,1.383838383838384,10.391009825245131,1.1166616812543781,11516.051423324152
365.45454545454544,1.383838383838384,10.514495624159276,1.1172901504768316,11631.790633608816
369.09090909090907,1.383838383838384,10.63825547530749,1.1183018152579562,11747.529843893482
372.7272727272727,1.383838383838384,10.7622705097036,1.1197227765734428,11863.269054178145
376.3636363636364,1.383838383838384,10.886521784597708,1.121579278486735,11979.008264462813
380.0,1.383838383838384,11.010990288247816,1.1238975919996932,12094.747474747475
383.6363636363636,1.383838383838384,11.135656944714945,1.1267038931659752,12210.486685032143
387.27272727272725,1.383838383838384,11.260502618679848,1.1300241365869699,12326.225895316806
390.9090909090909,1.383838383838384,11.385508120279507,1.133883925606219,12441.96510560147
394.54545454545456,1.383838383838384,11.51065420996198,1.138308380697039,12557.704315886136
398.1818181818182,1.383838383838384,11.635921603357716,1.143322007688534,12673.4435261708
401.8181818181818,1.383838383838384,11.761290976165526,1.1489485675913795,12789.182736455467
405.45454545454544,1.383838383838384,11.886742969052001,1.1552109498579652,12904.92194674013
409.09090909090907,1.383838383838384,12.01225819256183,1.1621310509343215,13020.661157024795
412.7272727272727,1.383838383838384,12.137817232038072,1.1697296599323024,13136.400367309458
416.3636363636364,1.383838383838384,12.2634006525506,1.1780263531641169,13252.139577594126
420.0,1.383838383838384,12.388989003829966,1.1870393991415198,13367.878787878792
60.0,1.4131313131313135,2.691514517680231,1.494337553894693,1950.1212121212127
63.63636363636363,1.4131313131313135,2.7430059020009985,1.4781535366115344,2068.3103764921952
67.27272727272727,1.4131313131313135,2.7957134622141897,1.4626000045395247,2186.4995408631776
70.9090909090909,1.4131313131313135,2.8496358141468185,1.447670233846877,2304.6887052341604
74.54545454545455,1.4131313131313135,2.904771307829699,1.4333565799394588,2422.877869605143
78.18181818181819,1.4131313131313135,2.961118026641998,1.4196504799591938,2541.0670339761255
81.81818181818181,1.4131313131313135,3.0186737865344107,1.4065424608709387,2659.256198347108
85.45454545454545,1.4131313131313135,3.0774361353314745,1.394022153259801,2777.4453627180906
89.0909090909091,1.4131313131313135,3.1374023521134706,1.3820783108829158,2895.6345270890733
92.72727272727272,1.4131313131313135,3.198569446678654,1.3706988359407173,3013.823691460055
96.36363636363636,1.4131313131313135,3.260934159086152,1.359870809949693,3132.0128558310385
100.0,1.4131313131313135,3.3244929592798824,1.3495805300198935,3250.2020202020212
103.63636363636363,1.4131313131313135,3.3892420467943953,1.3398135502613735,3368.391184573003
107.27272727272728,1.4131313131313135,3.4551773505431482,1.3305547279733634,3486.580348943986
110.9090909090909,1.4131313131313135,3.522294528688491,1.3217882742032963,3604.7695133149687
114.54545454545455,1.4131313131313135,3.5905889685953003,1.3134978082079143,3722.958677685951
118.18181818181819,1.4131313131313135,3.6600557868673915,1.3056664153016908,3841.147842056934
121.81818181818181,1.4131313131313135,3.730689829467731,1.2982767075430581,3959.337006427916
125.45454545454545,1.4131313131313135,3.802485671922372,1.2913108866857839,4077.526170798899
129.0909090909091,1.4131313131313135,3.875437619608343,1.2847508088110597,4195.715335169882
132.72727272727272,1.4131313131313135,3.949539708125668,1.2785780500566848,4313.904499540864
136.36363636363637,1.4131313131313135,4.024785703754273,1.27277397287103,4432.093663911847
140.0,1.4131313131313135,4.101169103995041,1.2673197922412394,4550.2828282828295
143.63636363636363,1.4131313131313135,4.178683138195679,1.2621966413767933,4668.471992653811
147.27272727272725,1.4131313131313135,4.257320768260984,1.2573856363673668,4786.661157024794
150.9090909090909,1.4131313131313135,4.337074689448743,1.252867939380705,4904.850321395777
154.54545454545456,1.4131313131313135,4.417937331249166,1.2486248200148924,5023.039485766761
158.1818181818182,1.4131313131313135,4.499900858350447,1.2446377144738354,5141.228650137742
161.8181818181818,1.4131313131313135,4.58295717168735,1.240888282289371,5259.417814508724
165.45454545454544,1.4131313131313135,4.667097909576525,1.2373584603693832,5377.606978879707
169.0909090909091,1.4131313131313135,4.752314448933842,1.2340305142052732,5495.79614325069
172.72727272727272,1.4131313131313135,4.838597906577999,1.2308870861258039,5613.985307621672
176.36363636363637,1.4131313131313135,4.925939140616895,1.2279112405330732,5732.1744719926555
180.0,1.4131313131313135,5.014328751919036,1.2250865061030678,5850.363636363638
183.63636363636363,1.4131313131313135,5.103757085666883,1.2223969149746223,5968.55280073462
187.27272727272725,1.4131313131313135,5.194214232995185,1.2198270389888424,6086.741965105602
190.9090909090909,1.4131313131313135,5.2856900327110194,1.2173620230721451,6204.931129476585
194.54545454545453,1.4131313131313135,5.378174073096948,1.2149876158848092,6323.120293847568
198.1818181818182,1.4131313131313135,5.471655693796005,1.2126901978796916,6441.309458218551
201.8181818181818,1.4131313131313135,5.566123987778733,1.210456806933065,6559.498622589533
205.45454545454544,1.4131313131313135,5.661567803390963,1.208275161724458,6677.687786960515
209.0909090909091,1.4131313131313135,5.757975746482961,1.2061336830510692,6795.876951331498
212.72727272727272,1.4131313131313135,5.855336182617753,1.20402151326874,6914.0661157024815
216.36363636363635,1.4131313131313135,5.953637239360081,1.2019285340534518,7032.255280073463
220.0,1.4131313131313135,6.052866808643698,1.19984538267661,7150.444444444446
223.63636363636363,1.4131313131313135,6.153012549217079,1.1977634669839619,7268.6336088154285
227.27272727272728,1.4131313131313135,6.2540618891670725,1.1956749792618557,7386.822773186412
230.9090909090909,1.4131313131313135,6.356002028518898,1.193572909165958,7505.011937557393
234.54545454545453,1.4131313131313135,6.458819941913072,1.191451055878205,7623.201101928376
238.1818181818182,1.4131313131313135,6.562502381357272,1.1893040396450687,7741.39026629936
241.8181818181818,1.4131313131313135,6.667035879052924,1.1871273128372417,7859.579430670341
245.45454545454544,1.4131313131313135,6.772406750295691,1.1849171706561235,7977.768595041323
249.0909090909091,1.4131313131313135,6.878601096448396,1.1826707615961722,8095.957759412307
252.72727272727272,1.4131313131313135,6.985604807987006,1.1803860977549387,8214.14692378329
256.3636363636364,1.4131313131313135,7.093403567616254,1.17806206506434,8332.336088154272
260.0,1.4131313131313135,7.201982853456936,1.1756984334966771,8450.525252525254
263.6363636363636,1.4131313131313135,7.311327942300725,1.173295867278167,8568.714416896237
267.27272727272725,1.4131313131313135,7.421423912934561,1.1708559351203494,8686.90358126722
270.9090909090909,1.4131313131313135,7.532255649531169,1.1683811204563508,8805.092745638201
274.5454545454545,1.4131313131313135,7.643807845105762,1.165874831643732,8923.281910009184
278.1818181818182,1.4131313131313135,7.756065005037882,1.1633414120690333,9041.471074380168
281.8181818181818,1.4131313131313135,7.86901145065675,1.1607861500613665,9159.66023875115
285.45454545454544,1.4131313131313135,7.9826313228890875,1.1582152884922938,9277.849403122133
289.0909090909091,1.4131313131313135,8.096908585968658,1.1556360339078238,9396.038567493117
292.72727272727275,1.4131313131313135,8.211827031205845,1.1530565650064086,9514.227731864099
296.3636363636364,1.4131313131313135,8.32737028081582,1.150486040240354,9632.41689623508
300.0,1.4131313131313135,8.443521791804969,1.1479346042853902,9750.606060606064
303.6363636363636,1.4131313131313135,8.560264859913516,1.1454133930836106,9868.795224977044
307.27272727272725,1.4131313131313135,8.677582623612802,1.1429345371304862,9986.984389348027
310.9090909090909,1.4131313131313135,8.795458068156833,1.1405111626376778,10105.17355371901
314.5454545454545,1.4131313131313135,8.913874029686076,1.138157390168684,10223.362718089991
318.1818181818182,1.4131313131313135,9.032813199381852,1.1358883303090745,10341.551882460977
321.8181818181818,1.4131313131313135,9.152258127670816,1.1337200759020447,10459.741046831958
325.45454545454544,1.4131313131313135,9.27219122847754,1.1316696903521246,10577.93021120294
329.09090909090907,1.4131313131313135,9.392594783523379,1.1297551914791835,10696.119375573922
332.7272727272727,1.4131313131313135,9.513450946671012,1.1279955303897669,10814.308539944905
336.3636363636364,1.4131313131313135,9.634741748312669,1.126410564828931,10932.497704315889
340.0,1.4131313131313135,9.756449099800188,1.1250210264821703,11050.686868686871
343.6363636363636,1.4131313131313135,9.878554797916802,1.123848481717086,11168.876033057853
347.27272727272725,1.4131313131313135,10.001040529386756,1.1229152852910362,11287.065197428836
350.9090909090909,1.4131313131313135,10.123887875423907,1.1222445266035366,11405.254361799818
354.54545454545456,1.4131313131313135,10.24707831631523,1.121859968145952,11523.443526170802
358.1818181818182,1.4131313131313135,10.370593236039811,1.1217859758932376,11641.632690541785
361.8181818181818,1.4131313131313135,10.494413926919774,1.1220474414980253,11759.821854912767
365.45454545454544,1.4131313131313135,10.618521594303267,1.1226696962820117,11878.01101928375
369.09090909090907,1.4131313131313135,10.742897361276674,1.1236784171762242,11996.20018365473
372.7272727272727,1.4131313131313135,10.867522273404717,1.1250995249352203,12114.389348025712
376.3636363636364,1.4131313131313135,10.992377303497175,1.1269590751390521,12232.578512396696
380.0,1.4131313131313135,11.117443356400127,1.1292831426959309,12350.767676767678
383.6363636363636,1.4131313131313135,11.242701273810216,1.132097700762649,12468.95684113866
387.27272727272725,1.4131313131313135,11.368131839110173,1.1354284952001932,12587.146005509645
390.9090909090909,1.4131313131313135,11.493715782224024,1.1393009158745788,12705.335169880627
394.54545454545456,1.4131313131313135,11.619433784490234,1.143739866285316,12823.524334251611
398.1818181818182,1.4131313131313135,11.745266483550925,1.1487696331501054,12941.713498622594
401.8181818181818,1.4131313131313135,11.871194478255727,1.1544137576858375,13059.902662993576
405.45454545454544,1.4131313131313135,11.997198333578442,1.160694910393825,13178.091827364557
409.09090909090907,1.4131313131313135,12.123258585544283,1.1676347711781476,13296.280991735539
412.7272727272727,1.4131313131313135,12.249355746167584,1.1752539165920033,13414.470156106521
416.3636363636364,1.4131313131313135,12.375470308395474,1.183571715921499,13532.659320477505
420.0,1.4131313131313135,12.501582751058761,1.1926062376739872,13650.848484848488
60.0,1.4424242424242426,2.731849607854265,1.5130103724363486,1990.545454545455
63.63636363636363,1.4424242424242426,2.7841035318486984,1.4967193716571483,2111.1845730027553
67.27272727272727,1.4424242424242426,2.837575990790933,1.481050052431367,2231.823691460055
70.9090909090909,1.4424242424242426,2.8922655114413462,1.465995739020109,2352.4628099173556
74.54545454545455,1.4424242424242426,2.9481703539203234,1.4515488677333244,2473.101928374656
78.18181818181819,1.4424242424242426,3.0052885108705265,1.4377009898698834,2593.7410468319563
81.81818181818181,1.4424242424242426,3.0636177066969923,1.4244427799204598,2714.380165289256
85.45454545454545,1.4424242424242426,3.1231553968876575,1.4117640491430183,2835.019283746557
89.0909090909091,1.4424242424242426,3.183898767412934,1.3996537645504155,2955.6584022038573
92.72727272727272,1.4424242424242426,3.245844734206237,1.388100073276189,3076.2975206611573
96.36363636363636,1.4424242424242426,3.3089899427255194,1.3770903322100416,3196.9366391184576
100.0,1.4424242424242426,3.3733307675960367,1.3666111427213514,3317.575757575758
103.63636363636363,1.4424242424242426,3.438863312335431,1.3566483902176447,3438.2148760330574
107.27272727272728,1.4424242424242426,3.505583409160974,1.3471872882193618,3558.8539944903587
110.9090909090909,1.4424242424242426,3.5734866188798122,1.3382124265722832,3679.4931129476586
114.54545454545455,1.4424242424242426,3.6425682308618583,1.3297078233666972,3800.1322314049594
118.18181818181819,1.4424242424242426,3.712823263096891,1.3216569800897715,3920.7713498622597
121.81818181818181,1.4424242424242426,3.7842464623349397,1.314042939504724,4041.4104683195596
125.45454545454545,1.4424242424242426,3.8568323043105837,1.3068483457273865,4162.04958677686
129.0909090909091,1.4424242424242426,3.9305749940522103,1.3000555059599814,4282.68870523416
132.72727272727272,1.4424242424242426,4.005468466274804,1.293646453339999,4403.32782369146
136.36363636363637,1.4424242424242426,4.081506385858317,1.2876030103720648,4523.9669421487615
140.0,1.4424242424242426,4.158682148409997,1.2819068524286978,4644.606060606061
143.63636363636363,1.4424242424242426,4.236988880912217,1.2765395708337164,4765.245179063361
147.27272727272725,1.4424242424242426,4.31641944245484,1.2714827350758318,4885.884297520661
150.9090909090909,1.4424242424242426,4.396966425052525,1.2667179537407838,5006.523415977962
154.54545454545456,1.4424242424242426,4.478622154547518,1.2622269337958687,5127.162534435262
158.1818181818182,1.4424242424242426,4.561378691596587,1.2579915379081288,5247.801652892563
161.8181818181818,1.4424242424242426,4.645227832743532,1.2539938395292485,5368.440771349862
165.45454545454544,1.4424242424242426,4.730161111575928,1.2502161755295818,5489.0798898071625
169.0909090909091,1.4424242424242426,4.816169799966623,1.2466411962155255,5609.719008264464
172.72727272727272,1.4424242424242426,4.903244909399897,1.2432519126122195,5730.358126721763
176.36363636363637,1.4424242424242426,4.991377192381476,1.2400317409408492,5850.9972451790645
180.0,1.4424242424242426,5.08055714393269,1.236964544262746,5971.636363636365
183.63636363636363,1.4424242424242426,5.170775003168446,1.2340346713017343,6092.275482093664
187.27272727272725,1.4424242424242426,5.262020754958312,1.231226992492627,6212.914600550965
190.9090909090909,1.4424242424242426,5.354284131670899,1.2285269333341369,6333.553719008266
194.54545454545453,1.4424242424242426,5.447554615000596,1.2259205051520166,6454.192837465565
198.1818181818182,1.4424242424242426,5.54182143787699,1.22339433339994,6574.831955922866
201.8181818181818,1.4424242424242426,5.637073586455616,1.220935683644812,6695.471074380165
205.45454545454544,1.4424242424242426,5.733299802190172,1.2185324853959818,6816.110192837466
209.0909090909091,1.4424242424242426,5.830488583985625,1.2161733539491888,6936.749311294767
212.72727272727272,1.4424242424242426,5.928628190431499,1.2138476104216156,7057.388429752066
216.36363636363635,1.4424242424242426,6.027706642114698,1.2115453001583207,7178.027548209367
220.0,1.4424242424242426,6.127711724011387,1.209257209689997,7298.666666666668
223.63636363636363,1.4424242424242426,6.22863098795742,1.2069748824198892,7419.305785123967
227.27272727272728,1.4424242424242426,6.3304517551962025,1.2046906332121774,7539.944903581269
230.9090909090909,1.4424242424242426,6.433161119003746,1.202397562047695,7660.584022038569
234.54545454545453,1.4424242424242426,6.5367459473899245,1.2000895669029659,7781.223140495868
238.1818181818182,1.4424242424242426,6.641192885874803,1.1977613559982514,7901.86225895317
241.8181818181818,1.4424242424242426,6.746488360340163,1.195408459547282,8022.50137741047
245.45454545454544,1.4424242424242426,6.852618579954589,1.1930272411283658,8143.1404958677695
249.0909090909091,1.4424242424242426,6.959569540170909,1.1906149087799516,8263.779614325069
252.72727272727272,1.4424242424242426,7.0673270257968985,1.1881695259085823,8384.418732782371
256.3636363636364,1.4424242424242426,7.175876614135374,1.1856900220780315,8505.05785123967
260.0,1.4424242424242426,7.2852036781961775,1.183176203730332,8625.69696969697
263.6363636363636,1.4424242424242426,7.395293389975473,1.180628764868335,8746.33608815427
267.27272727272725,1.4424242424242426,7.506130723804604,1.178049297707608,8866.97520661157
270.9090909090909,1.4424242424242426,7.617700459764902,1.1754403032830618,8987.61432506887
274.5454545454545,1.4424242424242426,7.7299871871692085,1.172805201969597,9108.25344352617
278.1818181818182,1.4424242424242426,7.842975308107269,1.1701483438517362,9228.892561983472
281.8181818181818,1.4424242424242426,7.95664904105592,1.1674750188471195,9349.531680440772
285.45454545454544,1.4424242424242426,8.070992424550772,1.1647914664617156,9470.170798898072
289.0909090909091,1.4424242424242426,8.185989320919704,1.1621048850215494,9590.809917355375
292.72727272727275,1.4424242424242426,8.301623420076567,1.1594234401943684,9711.449035812675
296.3636363636364,1.4424242424242426,8.41787824337284,1.15675627258032,9832.088154269975
300.0,1.4424242424242426,8.53473714750835,1.1541135041153219,9952.727272727274
303.6363636363636,1.4424242424242426,8.652183328496466,1.1515062429953566,10073.366391184574
307.27272727272725,1.4424242424242426,8.770199825685923,1.148946586792575,10194.005509641875
310.9090909090909,1.4424242424242426,8.888769525834961,1.146447623398562,10314.644628099175
314.5454545454545,1.4424242424242426,9.0078751672382,1.1440234293944995,10435.283746556473
318.1818181818182,1.4424242424242426,9.127499343904557,1.1416890654137686,10555.922865013776
321.8181818181818,1.4424242424242426,9.247624509784119,1.1394605680331649,10676.561983471076
325.45454545454544,1.4424242424242426,9.368232983043283,1.1373549377016186,10797.201101928375
329.09090909090907,1.4424242424242426,9.48930695038649,1.1353901221951568,10917.840220385675
332.7272727272727,1.4424242424242426,9.61082847142279,1.1335849950746142,11038.479338842975
336.3636363636364,1.4424242424242426,9.73277948307589,1.1319593286181504,11159.118457300277
340.0,1.4424242424242426,9.855141804036816,1.130533760709653,11279.757575757578
343.6363636363636,1.4424242424242426,9.977897139256592,1.1293297551852775,11400.396694214876
347.27272727272725,1.4424242424242426,10.101027084477693,1.1283695551772672,11521.035812672177
350.9090909090909,1.4424242424242426,10.224513130803974,1.1276761290493007,11641.674931129477
354.54545454545456,1.4424242424242426,10.348336669304791,1.1272731085906185,11762.314049586777
358.1818181818182,1.4424242424242426,10.472478995655043,1.1271847192300206,11882.95316804408
361.8181818181818,1.4424242424242426,10.596921314806753,1.1274357021459167,12003.59228650138
365.45454545454544,1.4424242424242426,10.72164474569188,1.128051228283156,12124.231404958678
369.09090909090907,1.4424242424242426,10.846630325954829,1.1290568044424565,12244.870523415979
372.7272727272727,1.4424242424242426,10.971859016712411,1.1304781717806962,12365.50964187328
376.3636363636364,1.4424242424242426,11.097311707339724,1.1323411972466928,12486.148760330581
380.0,1.4424242424242426,11.22296922028076,1.1346717586729926,12606.787878787882
383.6363636363636,1.4424242424242426,11.348812315881858,1.1374956244442431,12727.426997245182
387.27272727272725,1.4424242424242426,11.474821697245094,1.1408383288601487,12848.06611570248
390.9090909090909,1.4424242424242426,11.600978015102761,1.1447250444976154,12968.705234159781
394.54545454545456,1.4424242424242426,11.727261872708004,1.1491804530440846,13089.344352617081
398.1818181818182,1.4424242424242426,11.853653830741626,1.1542286162164588,13209.983471074382
401.8181818181818,1.4424242424242426,11.980134412233928,1.1598928484844164,13330.62258953168
405.45454545454544,1.4424242424242426,12.10668410749789,1.1661955933823152,13451.26170798898
409.09090909090907,1.4424242424242426,12.233283379073793,1.1731583052087882,13571.900826446281
412.7272727272727,1.4424242424242426,12.359912666682522,1.1808013378782565,13692.539944903581
416.3636363636364,1.4424242424242426,12.486552392186413,1.1891438425989753,13813.179063360883
420.0,1.4424242424242426,12.61318296455501,1.1982036759112582,13933.818181818184
60.0,1.471717171717172,2.7716996957976523,1.5322292891808915,2030.9696969696972
63.63636363636363,1.471717171717172,2.824712203926774,1.5158239830397204,2154.058769513315
67.27272727272727,1.471717171717172,2.878945560485434,1.5000314585063175,2277.147842056933
70.9090909090909,1.471717171717172,2.93439820324181,1.4848450948115586,2400.2369146005512
74.54545454545455,1.471717171717172,2.9910683024942317,1.4702574155968486,2523.3259871441696
78.18181818181819,1.471717171717172,3.048953760250069,1.4562600922449638,2646.4150596877876
81.81818181818181,1.471717171717172,3.108052209484022,1.4428439521602672,2769.5041322314055
85.45454545454545,1.471717171717172,3.168361013475929,1.4299989920978562,2892.5932047750234
89.0909090909091,1.471717171717172,3.2298772652285104,1.4177143965766243,3015.6822773186414
92.72727272727272,1.471717171717172,3.2925977869663337,1.4059785613443845,3138.7713498622593
96.36363636363636,1.471717171717172,3.3565191297159105,1.394779121795222,3261.860422405877
100.0,1.471717171717172,3.4216375729673345,1.3841029861720557,3384.9494949494956
103.63636363636363,1.471717171717172,3.487949124418696,1.373936373322986,3508.038567493113
107.27272727272728,1.471717171717172,3.555449519802461,1.3642648547188085,3631.1276400367315
110.9090909090909,1.471717171717172,3.6241342227957913,1.3550734003849996,3754.2167125803494
114.54545454545455,1.471717171717172,3.6939984250128646,1.3463464283524944,3877.3057851239673
118.18181818181819,1.471717171717172,3.7650370460827487,1.3380678571927973,4000.394857667586
121.81818181818181,1.471717171717172,3.837244733809613,1.3302211611708081,4123.483930211203
125.45454545454545,1.471717171717172,3.910615864418146,1.3227894275282188,4246.573002754822
129.0909090909091,1.471717171717172,3.9851445428832966,1.3157554153979962,4369.66207529844
132.72727272727272,1.471717171717172,4.0608246033447495,1.3091016158483075,4492.751147842057
136.36363636363637,1.471717171717172,4.137649609605785,1.302810312561489,4615.840220385677
140.0,1.471717171717172,4.215612855717848,1.2968636426696185,4738.929292929293
143.63636363636363,1.471717171717172,4.294707366649813,1.291243657291066,4862.018365472912
147.27272727272725,1.471717171717172,4.374925899042089,1.285932381343667,4985.107438016529
150.9090909090909,1.471717171717172,4.456260942046522,1.280911872245762,5108.196510560148
154.54545454545456,1.471717171717172,4.5387047182509725,1.2761642771566482,5231.285583103767
158.1818181818182,1.471717171717172,4.6222491846891005,1.2716718884524647,5354.374655647384
161.8181818181818,1.471717171717172,4.706886033935221,1.2674171971782893,5477.463728191002
165.45454545454544,1.471717171717172,4.792606695284151,1.2633829442647078,5600.552800734619
169.0909090909091,1.471717171717172,4.879402336015347,1.2595521693431242,5723.641873278238
172.72727272727272,1.471717171717172,4.967263862742344,1.2559082570390434,5846.730945821856
176.36363636363637,1.471717171717172,5.056181922846112,1.2524349806662447,5969.820018365475
180.0,1.471717171717172,5.146146905992353,1.2491165432851221,6092.909090909092
183.63636363636363,1.471717171717172,5.237148945733145,1.245937616125868,6215.998163452709
187.27272727272725,1.471717171717172,5.329177921191607,1.2428833744107546,6339.087235996328
190.9090909090909,1.471717171717172,5.422223458830034,1.239939530640325,6462.176308539947
194.54545454545453,1.471717171717172,5.516274934300538,1.2370923654334258,6585.265381083564
198.1818181818182,1.471717171717172,5.611321474378308,1.2343287560338254,6708.354453627182
201.8181818181818,1.471717171717172,5.707351958976168,1.231636202613586,6831.4435261708
205.45454545454544,1.471717171717172,5.804355023241476,1.2290028525177747,6954.532598714417
209.0909090909091,1.471717171717172,5.902319059733039,1.226417522605619,7077.621671258036
212.72727272727272,1.471717171717172,6.001232220678608,1.2238697198504678,7200.710743801654
216.36363636363635,1.471717171717172,6.101082420312052,1.2213496603644378,7323.799816345272
220.0,1.471717171717172,6.201857337289892,1.2188482870153863,7446.8888888888905
223.63636363636363,1.471717171717172,6.303544417185609,1.2163572858015008,7569.977961432508
227.27272727272728,1.471717171717172,6.406130875062509,1.2138691011451543,7693.0670339761255
230.9090909090909,1.471717171717172,6.509603698122803,1.2113769502617655,7816.156106519744
234.54545454545453,1.471717171717172,6.613949648433481,1.2088748367504851,7939.245179063362
238.1818181818182,1.471717171717172,6.719155265727441,1.2063575635444033,8062.334251606981
241.8181818181818,1.471717171717172,6.825206870278892,1.2038207453458947,8185.423324150597
245.45454545454544,1.471717171717172,6.932090565853549,1.2012608206599873,8308.512396694216
249.0909090909091,1.471717171717172,7.039792242730385,1.1986750635237602,8431.601469237834
252.72727272727272,1.471717171717172,7.148297580796285,1.1960615950142346,8554.690541781452
256.3636363636364,1.471717171717172,7.257592052711652,1.1934193945999785,8677.77961432507
260.0,1.471717171717172,7.3676609271455415,1.1907483113828468,8800.86868686869
263.6363636363636,1.471717171717172,7.478489272080336,1.1880490752565116,8923.957759412306
267.27272727272725,1.471717171717172,7.5900619581843864,1.185323307987211,9047.046831955922
270.9090909090909,1.471717171717172,7.702363662251218,1.1825735341990025,9170.13590449954
274.5454545454545,1.471717171717172,7.815378870705081,1.1798031922219676,9293.224977043159
278.1818181818182,1.471717171717172,7.929091883170717,1.1770166447352564,9416.314049586777
281.8181818181818,1.471717171717172,8.043486816107187,1.174219189110111,9539.403122130396
285.45454545454544,1.471717171717172,8.158547606504015,1.1714170673284925,9662.492194674014
289.0909090909091,1.471717171717172,8.274258015637995,1.1686174753217105,9785.581267217633
292.72727272727275,1.471717171717172,8.39060163289062,1.1658285715426466,9908.670339761251
296.3636363636364,1.471717171717172,8.50756187962409,1.1630594845498348,10031.75941230487
300.0,1.471717171717172,8.625122013114378,1.1603203193481144,10154.848484848488
303.6363636363636,1.471717171717172,8.74326513054082,1.1576221621943608,10277.937557392104
307.27272727272725,1.471717171717172,8.861974173030324,1.154977083541537,10401.02662993572
310.9090909090909,1.471717171717172,8.981231929755094,1.1523981387574445,10524.11570247934
314.5454545454545,1.471717171717172,9.101021042082353,1.1498993662215036,10647.204775022958
318.1818181818182,1.471717171717172,9.221324007774786,1.1474957823687182,10770.293847566576
321.8181818181818,1.471717171717172,9.342123185240176,1.1452033732212143,10893.382920110194
325.45454545454544,1.471717171717172,9.46340079782907,1.1430390819227452,11016.471992653813
329.09090909090907,1.471717171717172,9.585138938178202,1.141020791771372,11139.561065197431
332.7272727272727,1.471717171717172,9.707319572599852,1.1391673042349981,11262.650137741048
336.3636363636364,1.471717171717172,9.82992454551324,1.1374983114320594,11385.739210284668
340.0,1.471717171717172,9.95293558391878,1.1360343625687281,11508.828282828285
343.6363636363636,1.471717171717172,10.076334301912494,1.1347968238477506,11631.917355371903
347.27272727272725,1.471717171717172,10.200102205238466,1.1338078314015276,11755.00642791552
350.9090909090909,1.471717171717172,10.32422069587958,1.133090236858483,11878.095500459138
354.54545454545456,1.471717171717172,10.448671076682992,1.1326675452257993,12001.184573002758
358.1818181818182,1.471717171717172,10.573434556019937,1.1325638448663948,12124.273645546375
361.8181818181818,1.471717171717172,10.698492252477859,1.1328037294621707,12247.362718089991
365.45454545454544,1.471717171717172,10.823825199583503,1.1334122119913594,12370.45179063361
369.09090909090907,1.471717171717172,10.949414350554816,1.134414630901214,12493.540863177228
372.7272727272727,1.471717171717172,11.07524058308044,1.1358365488282243,12616.629935720846
376.3636363636364,1.471717171717172,11.201284704124884,1.1377036444026976,12739.719008264467
380.0,1.471717171717172,11.327527454758163,1.1400415978670595,12862.808080808085
383.6363636363636,1.471717171717172,11.453949515007444,1.1428759714343926,12985.8971533517
387.27272727272725,1.471717171717172,11.580531508729534,1.1462320855060646,13108.986225895318
390.9090909090909,1.471717171717172,11.707254008502732,1.1501348920502088,13232.075298438935
394.54545454545456,1.471717171717172,11.834097540535335,1.1546088466044064,13355.164370982557
398.1818181818182,1.471717171717172,11.961042589590503,1.1596777805030687,13478.253443526173
401.8181818181818,1.471717171717172,12.08806960392433,1.1653647750303695,13601.342516069792
405.45454545454544,1.471717171717172,12.215159000236557,1.1716920392581438,13724.43158861341
409.09090909090907,1.471717171717172,12.34229116863127,1.1786807933410737,13847.520661157028
412.7272727272727,1.471717171717172,12.469446477586661,1.1863511590014897,13970.609733700643
416.3636363636364,1.471717171717172,12.596605278931314,1.1947220588450578,14093.698806244263
420.0,1.471717171717172,12.723747912826049,1.2038111260064,14216.787878787882
60.0,1.5010101010101013,2.811043148812204,1.551914751113678,2071.39393939394
63.63636363636363,1.5010101010101013,2.864810047772205,1.5353881750935114,2196.9329660238755
67.27272727272727,1.5010101010101013,2.9198000629995207,1.5194654322969137,2322.471992653811
70.9090909090909,1.5010101010101013,2.9760115433741454,1.504139963430684,2448.011019283747
74.54545454545455,1.5010101010101013,3.033442569489864,1.4894043853448686,2573.550045913683
78.18181818181819,1.5010101010101013,3.092090952850005,1.4752504947045317,2699.089072543619
81.81818181818181,1.5010101010101013,3.151954235143614,1.461669276311794,2824.6280991735543
85.45454545454545,1.5010101010101013,3.2130296876006508,1.4486509161682541,2950.16712580349
89.0909090909091,1.5010101010101013,3.275314310428521,1.4361848193091995,3075.706152433426
92.72727272727272,1.5010101010101013,3.3388048323289103,1.4242596323796157,3201.2451790633613
96.36363636363636,1.5010101010101013,3.4034977100967874,1.4128632708608042,3326.7842056932973
100.0,1.5010101010101013,3.4693891283009206,1.401982950794463,3452.3232323232332
103.63636363636363,1.5010101010101013,3.536474999047555,1.3916052247928503,3577.8622589531683
107.27272727272728,1.5010101010101013,3.6047509618262517,1.3817160220673717,3703.401285583105
110.9090909090909,1.5010101010101013,3.6742123834397473,1.372300692158453,3828.94031221304
114.54545454545455,1.5010101010101013,3.7448543580166396,1.363344052004465,3954.479338842976
118.18181818181819,1.5010101010101013,3.816671707108788,1.3548304359510368,4080.018365472912
121.81818181818181,1.5010101010101013,3.8896589798728716,1.34674374827264,4205.557392102847
125.45454545454545,1.5010101010101013,3.9638104533356255,1.3390675177582143,4331.096418732784
129.0909090909091,1.5010101010101013,4.039120132745073,1.3317849538997468,4456.635445362719
132.72727272727272,1.5010101010101013,4.115581752005523,1.3248790042211038,4582.174471992655
136.36363636363637,1.5010101010101013,4.19318877419848,1.318332412287736,4707.713498622591
140.0,1.5010101010101013,4.271934392187966,1.3121277759527952,4833.2525252525265
143.63636363636363,1.5010101010101013,4.351811529312114,1.3062476054140864,4958.791551882462
147.27272727272725,1.5010101010101013,4.4328128401587605,1.3006743806840604,5084.330578512398
150.9090909090909,1.5010101010101013,4.5149307114277715,1.2953906081060718,5209.869605142333
154.54545454545456,1.5010101010101013,4.598157262877499,1.2903788755869467,5335.4086317722695
158.1818181818182,1.5010101010101013,4.682484348357476,1.2856219062551446,5460.947658402205
161.8181818181818,1.5010101010101013,4.76790355692545,1.2811026102950558,5586.4866850321405
165.45454545454544,1.5010101010101013,4.854406214050156,1.2768041347508876,5712.025711662076
169.0909090909091,1.5010101010101013,4.941983382898456,1.2727099111355418,5837.564738292012
172.72727272727272,1.5010101010101013,5.030625865707823,1.2688037007221926,5963.103764921948
176.36363636363637,1.5010101010101013,5.120324205242575,1.2650696374360009,6088.642791551883
180.0,1.5010101010101013,5.211068686335088,1.261492268301601,6214.18181818182
183.63636363636363,1.5010101010101013,5.302849337510139,1.2580565914368589,6339.720844811755
187.27272727272725,1.5010101010101013,5.395655932693928,1.2547480916155656,6465.25987144169
190.9090909090909,1.5010101010101013,5.489477993005122,1.2515527734504424,6590.798898071626
194.54545454545453,1.5010101010101013,5.584304788629606,1.2484571922727585,6716.337924701562
198.1818181818182,1.5010101010101013,5.680125340777709,1.2454484828061105,6841.876951331498
201.8181818181818,1.5010101010101013,5.7769284237227865,1.2425143857499767,6967.415977961434
205.45454545454544,1.5010101010101013,5.874702566921583,1.239643272402984,7092.955004591368
209.0909090909091,1.5010101010101013,5.973436057215604,1.2368241674657356,7218.494031221306
212.72727272727272,1.5010101010101013,6.0731169411129695,1.2340467701723905,7344.03305785124
216.36363636363635,1.5010101010101013,6.173733027149364,1.2313014739028818,7469.572084481177
220.0,1.5010101010101013,6.275271888329042,1.2285793844308008,7595.111111111112
223.63636363636363,1.5010101010101013,6.377720864643377,1.2258723369609064,7720.650137741049
227.27272727272728,1.5010101010101013,6.4810670656680065,1.2231729121065082,7846.189164370984
230.9090909090909,1.5010101010101013,6.585297373236346,1.2204744509525636,7971.728191000921
234.54545454545453,1.5010101010101013,6.690398444189747,1.2177710693425399,8097.267217630855
238.1818181818182,1.5010101010101013,6.796356713202822,1.2150576715183223,8222.806244260792
241.8181818181818,1.5010101010101013,6.903158395683811,1.2123299632311815,8348.345270890726
245.45454545454544,1.5010101010101013,7.0107894907480945,1.209584464430753,8473.884297520663
249.0909090909091,1.5010101010101013,7.119235784265284,1.2068185216236578,8599.423324150599
252.72727272727272,1.5010101010101013,7.2284828519777715,1.2040303199795535,8724.962350780535
256.3636363636364,1.5010101010101013,7.338516062690161,1.201218895244798,8850.50137741047
260.0,1.5010101010101013,7.449320581529783,1.1983841455068094,8976.040404040406
263.6363636363636,1.5010101010101013,7.560881373274289,1.1955268428319026,9101.579430670341
267.27272727272725,1.5010101010101013,7.673183205749196,1.1926486447790237,9227.118457300277
270.9090909090909,1.5010101010101013,7.786210653290949,1.1897521057694949,9352.657483930212
274.5454545454545,1.5010101010101013,7.899948100276415,1.1868406882681213,9478.196510560148
278.1818181818182,1.5010101010101013,8.014379744716772,1.183918773706546,9603.735537190085
281.8181818181818,1.5010101010101013,8.129489601914765,1.1809916730516967,9729.27456382002
285.45454545454544,1.5010101010101013,8.245261508184916,1.1780656368936349,9854.813590449956
289.0909090909091,1.5010101010101013,8.361679124633843,1.175147864896933,9980.352617079894
292.72727272727275,1.5010101010101013,8.478725941001462,1.1722465144271699,10105.891643709829
296.3636363636364,1.5010101010101013,8.596385279559632,1.1693707081316027,10231.430670339763
300.0,1.5010101010101013,8.714640299069357,1.1665305402184174,10356.9696969697
303.6363636363636,1.5010101010101013,8.833473998793162,1.1637370811433998,10482.508723599634
307.27272727272725,1.5010101010101013,8.95286922256211,1.1610023803784804,10608.04775022957
310.9090909090909,1.5010101010101013,9.072808662896723,1.1583394669007532,10733.586776859505
314.5454545454545,1.5010101010101013,9.193274865179065,1.1557623470068508,10859.125803489442
318.1818181818182,1.5010101010101013,9.314250231875896,1.1532859990262256,10984.664830119378
321.8181818181818,1.5010101010101013,9.43571702681079,1.1509263644776737,11110.203856749315
325.45454545454544,1.5010101010101013,9.557657379483436,1.1487003351894944,11235.74288337925
329.09090909090907,1.5010101010101013,9.680053289435719,1.146625735886245,11361.281910009186
332.7272727272727,1.5010101010101013,9.802886630662332,1.144721301734062,11486.82093663912
336.3636363636364,1.5010101010101013,9.926139156064139,1.1430066503363983,11612.359963269057
340.0,1.5010101010101013,10.049792501943664,1.1415022476828451,11737.898989898993
343.6363636363636,1.5010101010101013,10.173828192540523,1.1402293675779664,11863.438016528928
347.27272727272725,1.5010101010101013,10.298227644605044,1.1392100441169983,11988.977043158864
350.9090909090909,1.5010101010101013,10.42297217200968,1.1384670168322875,12114.516069788799
354.54545454545456,1.5010101010101013,10.548042990394775,1.1380236682098028,12240.055096418735
358.1818181818182,1.5010101010101013,10.673421221848812,1.1379039533699662,12365.594123048671
361.8181818181818,1.5010101010101013,10.799087899620682,1.1381323218231878,12491.133149678608
365.45454545454544,1.5010101010101013,10.925023972861974,1.1387336313438887,12616.672176308542
369.09090909090907,1.5010101010101013,11.051210311398895,1.1397330541617599,12742.211202938477
372.7272727272727,1.5010101010101013,11.177627710530569,1.1411559758371494,12867.750229568412
376.3636363636364,1.5010101010101013,11.304256895853605,1.143027887370839,12993.289256198352
380.0,1.5010101010101013,11.431078528109833,1.1453742712880175,13118.828282828286
383.6363636363636,1.5010101010101013,11.558073208056703,1.1482204826300217,13244.367309458221
387.27272727272725,1.5010101010101013,11.685221481357813,1.1515916259757346,13369.906336088156
390.9090909090909,1.5010101010101013,11.812503843492191,1.155512429792189,13495.445362718092
394.54545454545456,1.5010101010101013,11.93990074468094,1.1600071195717203,13620.984389348028
398.1818181818182,1.5010101010101013,12.067392594828537,1.1650992913431144,13746.523415977965
401.8181818181818,1.5010101010101013,12.194959768478174,1.1708117872405863,13872.0624426079
405.45454545454544,1.5010101010101013,12.32258260977898,1.1771665748675235,13997.601469237836
409.09090909090907,1.5010101010101013,12.450241437462862,1.1841846322000644,14123.140495867772
412.7272727272727,1.5010101010101013,12.577916549829903,1.1918858397323062,14248.679522497705
416.3636363636364,1.5010101010101013,12.705588229740814,1.2002888814709156,14374.218549127643
420.0,1.5010101010101013,12.833236749613242,1.20941115624322,14499.75757575758
60.0,1.5303030303030305,2.8498592120537634,1.5719925156412784,2111.818181818182
63.63636363636363,1.5303030303030305,2.904376072490982,1.5553381057499285,2239.8071625344355
67.27272727272727,1.5303030303030305,2.9601182712956744,1.5392785746092146,2367.7961432506886
70.9090909090909,1.5303030303030305,3.0170840685930553,1.5238074304313987,2495.7851239669426
74.54545454545455,1.5303030303030305,3.0752714554189984,1.5089173885314733,2623.774104683196
78.18181818181819,1.5303030303030305,3.134678152933522,1.4946003752926835,2751.7630853994497
81.81818181818181,1.5303030303030305,3.195301611714015,1.4808475364985945,2879.7520661157027
85.45454545454545,1.5303030303030305,3.2571390111292295,1.4676492501129466,3007.7410468319563
89.0909090909091,1.5303030303030305,3.3201872587929113,1.4549951435358761,3135.73002754821
92.72727272727272,1.5303030303030305,3.384442990100129,1.4428741153084679,3263.719008264463
96.36363636363636,1.5303030303030305,3.4499025678440063,1.431274361182812,3391.7079889807164
100.0,1.5303030303030305,3.5165620819162093,1.420183404417283,3519.6969696969704
103.63636363636363,1.5303030303030305,3.58441734908902,1.4095881301044761,3647.685950413223
107.27272727272728,1.5303030303030305,3.6534639128812962,1.3994748232877894,3775.674931129477
110.9090909090909,1.5303030303030305,3.7236970435074603,1.389829210576254,3903.6639118457306
114.54545454545455,1.5303030303030305,3.795111737910916,1.380636504927285,4031.6528925619837
118.18181818181819,1.5303030303030305,3.8677027198810725,1.3718814532319106,4159.641873278238
121.81818181818181,1.5303030303030305,3.9414644402554835,1.3635483863100542,4287.630853994491
125.45454545454545,1.5303030303030305,4.016391077205904,1.3556212709039415,4415.619834710745
129.0909090909091,1.5303030303030305,4.092476536610269,1.3480837632454807,4543.608815426997
132.72727272727272,1.5303030303030305,4.169714452508969,1.3409192637697218,4671.597796143251
136.36363636363637,1.5303030303030305,4.248098187646768,1.334110972550152,4799.586776859505
140.0,1.5303030303030305,4.327620834099951,1.3276419450419301,4927.575757575758
143.63636363636363,1.5303030303030305,4.408275213989307,1.3214951477370056,5055.5647382920115
147.27272727272725,1.5303030303030305,4.49005388027804,1.3156535133583165,5183.553719008264
150.9090909090909,1.5303030303030305,4.57294911765553,1.3100999952479646,5311.542699724519
154.54545454545456,1.5303030303030305,4.656952943506723,1.3048176206372377,5439.531680440772
158.1818181818182,1.5303030303030305,4.742057108966549,1.2997895425209558,5567.520661157026
161.8181818181818,1.5303030303030305,4.828253100060187,1.2949990898970685,5695.509641873279
165.45454545454544,1.5303030303030305,4.9155321389279045,1.2904298161699435,5823.498622589532
169.0909090909091,1.5303030303030305,5.003885185135633,1.2860655455555428,5951.487603305785
172.72727272727272,1.5303030303030305,5.093302937069996,1.2818904173647219,6079.476584022039
176.36363636363637,1.5303030303030305,5.183775833418003,1.2778889280781485,6207.465564738293
180.0,1.5303030303030305,5.2752940547311304,1.2740459711617391,6335.454545454546
183.63636363636363,1.5303030303030305,5.3678475250736275,1.2703468746038655,6463.4435261707995
187.27272727272725,1.5303030303030305,5.461425913754221,1.2667774361873252,6591.432506887053
190.9090909090909,1.5303030303030305,5.556018637141483,1.2633239565340817,6719.4214876033075
194.54545454545453,1.5303030303030305,5.651614860562071,1.2599732699872679,6847.41046831956
198.1818181818182,1.5303030303030305,5.748203500281157,1.2567127734135284,6975.399449035814
201.8181818181818,1.5303030303030305,5.845773225565619,1.253530453027963,7103.388429752066
205.45454545454544,1.5303030303030305,5.94431246082784,1.2504149093566799,7231.377410468321
209.0909090909091,1.5303030303030305,6.0438093878512875,1.2473553804642368,7359.366391184574
212.72727272727272,1.5303030303030305,6.144251948096117,1.244341763580201,7487.355371900827
216.36363636363635,1.5303030303030305,6.245627845084719,1.241364635265263,7615.3443526170795
220.0,1.5303030303030305,6.3479245468661425,1.2384152702583613,7743.333333333334
223.63636363636363,1.5303030303030305,6.451129288559542,1.2354856591481702,7871.3223140495875
227.27272727272728,1.5303030303030305,6.555229074974896,1.2325685250080956,7999.311294765842
230.9090909090909,1.5303030303030305,6.6602106833111065,1.2296573391308037,8127.300275482095
234.54545454545453,1.5303030303030305,6.766060665930082,1.2267463359912196,8255.289256198346
238.1818181818182,1.5303030303030305,6.872765353206644,1.2238305275591805,8383.278236914603
241.8181818181818,1.5303030303030305,6.980310856452504,1.2209057170722584,8511.267217630855
245.45454545454544,1.5303030303030305,7.088683070914879,1.2179685123690511,8639.256198347108
249.0909090909091,1.5303030303030305,7.197867678846643,1.215016338868548,8767.245179063362
252.72727272727272,1.5303030303030305,7.307850152649946,1.2120474522679912,8895.234159779615
256.3636363636364,1.5303030303030305,7.418615758089633,1.2090609510149937,9023.22314049587
260.0,1.5303030303030305,7.53014955757682,1.2060567885923146,9151.212121212122
263.6363636363636,1.5303030303030305,7.642436413521962,1.2030357856346332,9279.201101928375
267.27272727272725,1.5303030303030305,7.755460991755333,1.1999996418766952,9407.190082644629
270.9090909090909,1.5303030303030305,7.869207765014364,1.1969509479092402,9535.179063360882
274.5454545454545,1.5303030303030305,7.983661016496717,1.193893196696503,9663.168044077134
278.1818181818182,1.5303030303030305,8.098804843478035,1.1908307947830146,9791.15702479339
281.8181818181818,1.5303030303030305,8.214623160993172,1.187769073091306,9919.146005509643
285.45454545454544,1.5303030303030305,8.331099705579012,1.1847142971827644,10047.134986225896
289.0909090909091,1.5303030303030305,8.448218039079157,1.1816736768242295,10175.123966942152
292.72727272727275,1.5303030303030305,8.565961552507808,1.1786553746716715,10303.112947658405
296.3636363636364,1.5303030303030305,8.68431346997203,1.175668513848364,10431.101928374657
300.0,1.5303030303030305,8.803256852651595,1.1727231841622971,10559.09090909091
303.6363636363636,1.5303030303030305,8.922774602834517,1.1698304466717693,10687.079889807164
307.27272727272725,1.5303030303030305,9.04284946800686,1.1670023362741244,10815.068870523417
310.9090909090909,1.5303030303030305,9.163464044996013,1.1642518619579643,10943.05785123967
314.5454545454545,1.5303030303030305,9.284600784165677,1.1615930043257898,11071.046831955922
318.1818181818182,1.5303030303030305,9.406241993660782,1.1590407099635158,11199.035812672179
321.8181818181818,1.5303030303030305,9.528369843702047,1.1566108822054704,11327.024793388431
325.45454545454544,1.5303030303030305,9.650966370927089,1.154320367820483,11455.013774104684
329.09090909090907,1.5303030303030305,9.774013482778459,1.1521869391282715,11583.002754820938
332.7272727272727,1.5303030303030305,9.897492961935404,1.150229271046263,11710.99173553719
336.3636363636364,1.5303030303030305,10.021386470788796,1.1484669125676747,11838.980716253445
340.0,1.5303030303030305,10.145675555957837,1.1469202521846749,11966.969696969698
343.6363636363636,1.5303030303030305,10.270341652846058,1.1456104767956268,12094.958677685952
347.27272727272725,1.5303030303030305,10.395366090236235,1.1445595236774349,12222.947658402203
350.9090909090909,1.5303030303030305,10.5207300949215,1.1437900251619186,12350.936639118458
354.54545454545456,1.5303030303030305,10.646414796371914,1.1433252457319913,12478.925619834712
358.1818181818182,1.5303030303030305,10.772401231434397,1.1431890113495031,12606.914600550966
361.8181818181818,1.5303030303030305,10.898670349064618,1.1434056309426652,12734.90358126722
365.45454545454544,1.5303030303030305,11.025203015089287,1.1439998101152016,12862.892561983472
369.09090909090907,1.5303030303030305,11.151980016996523,1.1449965572932412,12990.881542699724
372.7272727272727,1.5303030303030305,11.278982068753754,1.14642108269311,13118.870523415979
376.3636363636364,1.5303030303030305,11.406189815650325,1.1482986906748942,13246.859504132233
380.0,1.5303030303030305,11.53358383916426,1.1506546662333021,13374.848484848488
383.6363636363636,1.5303030303030305,11.661144661850125,1.1535141565679479,13502.837465564739
387.27272727272725,1.5303030303030305,11.788852752247774,1.1569020488593078,13630.826446280993
390.9090909090909,1.5303030303030305,11.916688529809058,1.1608428455496704,13758.815426997247
394.54545454545456,1.5303030303030305,12.044632369841251,1.1653605385808543,13886.8044077135
398.1818181818182,1.5303030303030305,12.172664608465789,1.1704784841658584,14014.793388429754
401.8181818181818,1.5303030303030305,12.300765547590082,1.1762192797613569,14142.782369146005
405.45454545454544,1.5303030303030305,12.428915459890389,1.1826046449570906,14270.77134986226
409.09090909090907,1.5303030303030305,12.557094593805251,1.1896553080005465,14398.760330578514
412.7272727272727,1.5303030303030305,12.685283178536416,1.1973908996286686,14526.749311294765
416.3636363636364,1.5303030303030305,12.81346142905594,1.2058298557812364,14654.738292011021
420.0,1.5303030303030305,12.941609551118052,1.2149893306242365,14782.727272727276
60.0,1.5595959595959599,2.8881280367937103,1.5923935330272065,2152.2424242424245
63.63636363636363,1.5595959595959599,2.943390195169288,1.5756051613880582,2282.6813590449956
67.27272727272727,1.5595959595959599,2.999879868157053,1.5594027451152925,2413.1202938475667
70.9090909090909,1.5595959595959599,3.05759522728958,1.5437798654038037,2543.5592286501383
74.54545454545455,1.5595959595959599,3.1165341742210613,1.5287293406247724,2673.9981634527094
78.18181818181819,1.5595959595959599,3.176694339957863,1.5142432305416436,2804.437098255281
81.81818181818181,1.5595959595959599,3.238073084169975,1.5003128446241707,2934.8760330578516
85.45454545454545,1.5595959595959599,3.300667494582388,1.4869287545343066,3065.3149678604227
89.0909090909091,1.5595959595959599,3.3644743864471947,1.474080810810051,3195.7539026629943
92.72727272727272,1.5595959595959599,3.4294903020982197,1.461758163721492,3326.192837465565
96.36363636363636,1.5595959595959599,3.4957115105872747,1.4499492882235594,3456.6317722681365
100.0,1.5595959595959599,3.5631340074026117,1.4386420128779915,3587.0707070707076
103.63636363636363,1.5595959595959599,3.631753514270862,1.4278235525689804,3717.5096418732783
107.27272727272728,1.5595959595959599,3.7015654790423618,1.4174805447899996,3847.9485766758503
110.9090909090909,1.5595959595959599,3.7725650756599576,1.407599089237655,3978.387511478421
114.54545454545455,1.5595959595959599,3.844747204212659,1.398164790410141,4108.826446280993
118.18181818181819,1.5595959595959599,3.9181064910722307,1.389162802876655,4239.265381083564
121.81818181818181,1.5595959595959599,3.99263728911642,1.3805778788582386,4369.704315886134
125.45454545454545,1.5595959595959599,4.068333678035478,1.3723944177421006,4500.143250688706
129.0909090909091,1.5595959595959599,4.145189464724899,1.364596517139057,4630.582185491277
132.72727272727272,1.5595959595959599,4.223198183762858,1.357168025090037,4761.021120293848
136.36363636363637,1.5595959595959599,4.302353097973615,1.3500925930286976,4891.46005509642
140.0,1.5595959595959599,4.3826471990758415,1.343353729116737,5021.898989898991
143.63636363636363,1.5595959595959599,4.46407320841749,1.3369348515827875,5152.337924701562
147.27272727272725,1.5595959595959599,4.546623577795424,1.3308193417161258,5282.7768595041325
150.9090909090909,1.5595959595959599,4.630290490361289,1.324990596191408,5413.215794306704
154.54545454545456,1.5595959595959599,4.71506586161311,1.319432078428931,5543.654729109277
158.1818181818182,1.5595959595959599,4.800941340472091,1.3141273687269255,5674.093663911847
161.8181818181818,1.5595959595959599,4.887908310445115,1.3090602129359787,5804.532598714418
165.45454545454544,1.5595959595959599,4.975957890872736,1.3042145694809661,5934.971533516989
169.0909090909091,1.5595959595959599,5.065080938262158,1.2995746545708529,6065.41046831956
172.72727272727272,1.5595959595959599,5.155268047705265,1.295124985472843,6195.849403122132
176.36363636363637,1.5595959595959599,5.2465095543814115,1.2908504217608092,6326.288337924702
180.0,1.5595959595959599,5.338795535144889,1.2867362044813082,6456.727272727273
183.63636363636363,1.5595959595959599,5.4321158101960005,1.2827679932113136,6587.166207529845
187.27272727272725,1.5595959595959599,5.526459944836876,1.2789319010097802,6717.605142332416
190.9090909090909,1.5595959595959599,5.621817251309498,1.2752145272919004,6848.044077134988
194.54545454545453,1.5595959595959599,5.718176790718319,1.2716029886768883,6978.483011937558
198.1818181818182,1.5595959595959599,5.815527375033831,1.2680849478812486,7108.921946740129
201.8181818181818,1.5595959595959599,5.913857569179579,1.2646486407453308,7239.3608815427015
205.45454545454544,1.5595959595959599,6.013155693199947,1.2612829014962772,7369.799816345272
209.0909090909091,1.5595959595959599,6.113409824509457,1.2579771863605176,7500.238751147843
212.72727272727272,1.5595959595959599,6.214607800222318,1.2547215956479314,7630.677685950415
216.36363636363635,1.5595959595959599,6.316737219561757,1.25150689443496,7761.116620752986
220.0,1.5595959595959599,6.419785446348957,1.2483245319773608,7891.5555555555575
223.63636363636363,1.5595959595959599,6.52373961156981,1.245166659983549,8021.994490358128
227.27272727272728,1.5595959595959599,6.628586616020244,1.2420261498781808,8152.433425160699
230.9090909090909,1.5595959595959599,6.734313133028023,1.2388966091817573,8282.87235996327
234.54545454545453,1.5595959595959599,6.840905611251316,1.2357723971264214,8413.311294765841
238.1818181818182,1.5595959595959599,6.948350277552002,1.232648639620737,8543.750229568412
241.8181818181818,1.5595959595959599,7.056633139944452,1.2295212436669485,8674.189164370984
245.45454545454544,1.5595959595959599,7.165739990617421,1.2263869113234938,8804.628099173555
249.0909090909091,1.5595959595959599,7.275656409028995,1.2232431532930914,8935.067033976125
252.72727272727272,1.5595959595959599,7.386367765073466,1.2200883022027855,9065.505968778698
256.3636363636364,1.5595959595959599,7.497859222319132,1.2169215256268815,9195.944903581269
260.0,1.5595959595959599,7.610115741315493,1.213742838887004,9326.38383838384
263.6363636363636,1.5595959595959599,7.723122082970303,1.2105531176441462,9456.822773186412
267.27272727272725,1.5595959595959599,7.836862811993951,1.2073541102790495,9587.261707988982
270.9090909090909,1.5595959595959599,7.951322300409808,1.2041484500338142,9717.700642791553
274.5454545454545,1.5595959595959599,8.066484731131982,1.2009396668657883,9848.139577594124
278.1818181818182,1.5595959595959599,8.182334101605601,1.1977321989387562,9978.578512396696
281.8181818181818,1.5595959595959599,8.298854227511809,1.194531403651159,10109.017447199267
285.45454545454544,1.5595959595959599,8.416028746534211,1.1913435680708058,10239.456382001837
289.0909090909091,1.5595959595959599,8.53384112218629,1.1881759186182568,10369.89531680441
292.72727272727275,1.5595959595959599,8.652274647698594,1.1850366298073216,10500.33425160698
296.3636363636364,1.5595959595959599,8.771312449964052,1.1819348318204355,10630.773186409551
300.0,1.5595959595959599,8.890937493540424,1.1788806166620973,10761.212121212124
303.6363636363636,1.5595959595959599,9.011132584708697,1.1758850425995917,10891.651056014694
307.27272727272725,1.5595959595959599,9.131880375585318,1.172960136566516,11022.089990817265
310.9090909090909,1.5595959595959599,9.2531633682878,1.1701188941698561,11152.528925619836
314.5454545454545,1.5595959595959599,9.374963919152162,1.1673752769103418,11282.967860422406
318.1818181818182,1.5595959595959599,9.497264242999648,1.1647442061943583,11413.406795224979
321.8181818181818,1.5595959595959599,9.620046417453157,1.162241553690507,11543.845730027551
325.45454545454544,1.5595959595959599,9.743292387300375,1.1598841275608094,11674.284664830122
329.09090909090907,1.5595959595959599,9.86698396890271,1.1576896540825308,11804.723599632693
332.7272727272727,1.5595959595959599,9.991102854648778,1.155676754167686,11935.162534435261
336.3636363636364,1.5595959595959599,10.115630617450382,1.1538649142911672,12065.601469237836
340.0,1.5595959595959599,10.240548715279797,1.1522744513511602,12196.040404040406
343.6363636363636,1.5595959595959599,10.365838495746855,1.1509264710139298,12326.479338842977
347.27272727272725,1.5595959595959599,10.491481200713785,1.14984281913746,12456.918273645548
350.9090909090909,1.5595959595959599,10.617457970946909,1.1490460259288997,12587.357208448118
354.54545454545456,1.5595959595959599,10.743749850802875,1.1485592425677167,12717.79614325069
358.1818181818182,1.5595959595959599,10.87033779294856,1.148406170125098,12848.235078053263
361.8181818181818,1.5595959595959599,10.997202663112311,1.1486109807251497,12978.674012855832
365.45454545454544,1.5595959595959599,11.124325244865105,1.1491982310295257,13109.112947658405
369.09090909090907,1.5595959595959599,11.251686244430209,1.1501927682793756,13239.551882460974
372.7272727272727,1.5595959595959599,11.379266295519713,1.151619629295581,13369.990817263546
376.3636363636364,1.5595959595959599,11.507045964195315,1.1535039330170989,13500.429752066118
380.0,1.5595959595959599,11.635005753753319,1.1558707673430468,13630.86868686869
383.6363636363636,1.5595959595959599,11.763126109630203,1.158745071229355,13761.30762167126
387.27272727272725,1.5595959595959599,11.891387424328894,1.1621515131729263,13891.74655647383
390.9090909090909,1.5595959595959599,12.019770042362708,1.166114367383447,14022.185491276401
394.54545454545456,1.5595959595959599,12.148254265215678,1.1706573890905327,14152.624426078975
398.1818181818182,1.5595959595959599,12.27682035631786,1.1758036905540397,14283.063360881544
401.8181818181818,1.5595959595959599,12.405448546033238,1.1815756194291847,14413.502295684117
405.45454545454544,1.5595959595959599,12.534119036658854,1.1879946411820335,14543.941230486686
409.09090909090907,1.5595959595959599,12.662812007433764,1.1950812272484388,14674.380165289258
412.7272727272727,1.5595959595959599,12.791507619555034,1.2028547505778064,14804.819100091827
416.3636363636364,1.5595959595959599,12.920186021200028,1.2113333901034278,14935.258034894403
420.0,1.5595959595959599,13.048827352552937,1.2205340455327,15065.696969696972
60.0,1.5888888888888892,2.925830707942512,1.6130537819589168,2192.6666666666674
63.63636363636363,1.5888888888888892,2.9818332685450386,1.596125785370452,2325.555555555556
67.27272727272727,1.5888888888888892,3.039065474006062,1.5797748842354726,2458.444444444445
70.9090909090909,1.5888888888888892,3.097525407456777,1.5639947376066623,2591.333333333334
74.54545454545455,1.5888888888888892,3.1572108813745468,1.5487782708162294,2724.2222222222226
78.18181818181819,1.5888888888888892,3.2181194368316213,1.534117679902776,2857.1111111111118
81.81818181818181,1.5888888888888892,3.2802483428233407,1.5200044398831067,2990.0000000000005
85.45454545454545,1.5888888888888892,3.343594595678243,1.506429316937482,3122.8888888888896
89.0909090909091,1.5888888888888892,3.4081549185482585,1.4933823845306218,3255.7777777777787
92.72727272727272,1.5888888888888892,3.4739257609817864,1.4808530434462652,3388.666666666667
96.36363636363636,1.5888888888888892,3.5409032985785966,1.4688300456662815,3521.555555555556
100.0,1.5888888888888892,3.6090834327276475,1.4573015219785197,3654.4444444444453
103.63636363636363,1.5888888888888892,3.6784617904281296,1.446255013154055,3787.333333333334
107.27272727272728,1.5888888888888892,3.7490337241944243,1.4356775044911265,3920.222222222223
110.9090909090909,1.5888888888888892,3.820794312044727,1.4255554634851613,4053.1111111111118
114.54545454545455,1.5888888888888892,3.89373835757426,1.4158748803491235,4186.000000000001
118.18181818181819,1.5888888888888892,3.967860390112813,1.4066213110797368,4318.8888888888905
121.81818181818181,1.5888888888888892,4.043154664967812,1.3977799227397703,4451.777777777779
125.45454545454545,1.5888888888888892,4.119615163751946,1.3893355406106327,4584.666666666668
129.0909090909091,1.5888888888888892,4.197235594796395,1.3812726968565334,4717.555555555557
132.72727272727272,1.5888888888888892,4.276009393649747,1.3735756803365877,4850.444444444445
136.36363636363637,1.5888888888888892,4.355929723662217,1.3662285872023294,4983.333333333335
140.0,1.5888888888888892,4.436989476655841,1.3592153719252782,5116.2222222222235
143.63636363636363,1.5888888888888892,4.5191812736807355,1.3525198984107143,5249.111111111112
147.27272727272725,1.5888888888888892,4.602497465856584,1.3461259908726142,5382.000000000001
150.9090909090909,1.5888888888888892,4.686930135300781,1.3400174841651027,5514.8888888888905
154.54545454545456,1.5888888888888892,4.772471096141602,1.3341782732921676,5647.777777777779
158.1818181818182,1.5888888888888892,4.859111895617812,1.3285923618450717,5780.666666666668
161.8181818181818,1.5888888888888892,4.946843815263389,1.323243909147642,5913.555555555557
165.45454545454544,1.5888888888888892,5.035657872178342,1.318117275921233,6046.444444444445
169.0909090909091,1.5888888888888892,5.12554482038393,1.313197068313255,6179.333333333335
172.72727272727272,1.5888888888888892,5.216495152264176,1.3084681801658673,6312.2222222222235
176.36363636363637,1.5888888888888892,5.308499100091205,1.3039158334330887,6445.111111111112
180.0,1.5888888888888892,5.401546637635934,1.299525616684253,6578.000000000001
183.63636363636363,1.5888888888888892,5.495627481862437,1.2952835216619583,6710.8888888888905
187.27272727272725,1.5888888888888892,5.590731094706733,1.2911759778878305,6843.777777777779
190.9090909090909,1.5888888888888892,5.68684668493878,1.2871898853350898,6976.666666666668
194.54545454545453,1.5888888888888892,5.783963210107907,1.283312645208392,7109.555555555557
198.1818181818182,1.5888888888888892,5.882069378570462,1.2795321888904232,7242.444444444446
201.8181818181818,1.5888888888888892,5.9811536516002075,1.2758370051320262,7375.333333333335
205.45454545454544,1.5888888888888892,6.081204245579826,1.2722161655757165,7508.2222222222235
209.0909090909091,1.5888888888888892,6.182209134273974,1.2686593487138558,7641.111111111112
212.72727272727272,1.5888888888888892,6.284156051182457,1.265156862391324,7774.000000000001
216.36363636363635,1.5888888888888892,6.387032491973811,1.261699664968394,7906.8888888888905
220.0,1.5888888888888892,6.4908257169976515,1.258279385262596,8039.77777777778
223.63636363636363,1.5888888888888892,6.595522753875413,1.2548883413905585,8172.666666666668
227.27272727272728,1.5888888888888892,6.70111040016978,1.2515195586282424,8305.555555555558
230.9090909090909,1.5888888888888892,6.807575226130273,1.248166786406959,8438.444444444447
234.54545454545453,1.5888888888888892,6.914903577515394,1.244824514555473,8571.333333333336
238.1818181818182,1.5888888888888892,7.023081578490597,1.2414879888938544,8704.222222222224
241.8181818181818,1.5888888888888892,7.132095134600047,1.2381532262740709,8837.111111111113
245.45454545454544,1.5888888888888892,7.2419299358132285,1.234817029154178,8970.000000000002
249.0909090909091,1.5888888888888892,7.352571459642974,1.231476999779593,9102.88888888889
252.72727272727272,1.5888888888888892,7.464004974336551,1.2281315540325768,9235.777777777781
256.3636363636364,1.5888888888888892,7.576215542137189,1.2247799349955781,9368.66666666667
260.0,1.5888888888888892,7.6891880226149425,1.2214222262578918,9501.555555555558
263.6363636363636,1.5888888888888892,7.802907076067347,1.2180593649768419,9634.444444444447
267.27272727272725,1.5888888888888892,7.917357166986952,1.2146931546852602,9767.333333333336
270.9090909090909,1.5888888888888892,8.032522567596267,1.2113262778153486,9900.222222222224
274.5454545454545,1.5888888888888892,8.148387361447528,1.2079623078863722,10033.111111111111
278.1818181818182,1.5888888888888892,8.264935447087286,1.2046057212788792,10166.000000000002
281.8181818181818,1.5888888888888892,8.382150541784311,1.2012619084916556,10298.88888888889
285.45454545454544,1.5888888888888892,8.50001618531898,1.1979371847500766,10431.777777777781
289.0909090909091,1.5888888888888892,8.618515743833798,1.1946387998042174,10564.66666666667
292.72727272727275,1.5888888888888892,8.73763241374362,1.1913749467251527,10697.555555555558
296.3636363636364,1.5888888888888892,8.857349225703208,1.1881547694745063,10830.444444444447
300.0,1.5888888888888892,8.977649048633038,1.1849883689905625,10963.333333333336
303.6363636363636,1.5888888888888892,9.098514593799209,1.1818868074988147,11096.222222222224
307.27272727272725,1.5888888888888892,9.219928418948937,1.1788621107229247,11229.111111111113
310.9090909090909,1.5888888888888892,9.341872932497612,1.175927267637833,11362.000000000002
314.5454545454545,1.5888888888888892,9.4643303977683,1.173096227375662,11494.88888888889
318.1818181818182,1.5888888888888892,9.587282937280571,1.170383892865655,11627.777777777781
321.8181818181818,1.5888888888888892,9.710712537088293,1.1678061107643702,11760.66666666667
325.45454545454544,1.5888888888888892,9.834601051164091,1.165379657211066,11893.555555555558
329.09090909090907,1.5888888888888892,9.958930205829969,1.1631222189299129,12026.444444444445
332.7272727272727,1.5888888888888892,10.083681604231153,1.161052369194043,12159.333333333336
336.3636363636364,1.5888888888888892,10.208836730853493,1.1591895381708854,12292.222222222224
340.0,1.5888888888888892,10.334376956081154,1.1575539771836885,12425.111111111113
343.6363636363636,1.5888888888888892,10.46028354079375,1.1561667164532767,12558.000000000002
347.27272727272725,1.5888888888888892,10.586537641001764,1.1550495159291576,12690.88888888889
350.9090909090909,1.5888888888888892,10.71312031251799,1.154224808879987,12823.777777777781
354.54545454545456,1.5888888888888892,10.84001251566354,1.1537156379930311,12956.66666666667
358.1818181818182,1.5888888888888892,10.967195120006853,1.1535455838312851,13089.555555555558
361.8181818181818,1.5888888888888892,11.09464890913433,1.1537386856128458,13222.444444444447
365.45454545454544,1.5888888888888892,11.222354585450592,1.1543193544137387,13355.333333333336
369.09090909090907,1.5888888888888892,11.350292775006448,1.1553122790473873,13488.222222222224
372.7272727272727,1.5888888888888892,11.478444032353796,1.1567423250398448,13621.111111111113
376.3636363636364,1.5888888888888892,11.606788845424832,1.1586344272979758,13754.000000000002
380.0,1.5888888888888892,11.735307640434296,1.161013477249416,13886.888888888892
383.6363636363636,1.5888888888888892,11.863980786803179,1.1639042054175825,14019.777777777781
387.27272727272725,1.5888888888888892,11.992788602101678,1.1673310605706262,14152.66666666667
390.9090909090909,1.5888888888888892,12.121711357010287,1.171318086747732,14285.555555555558
394.54545454545456,1.5888888888888892,12.250729280296738,1.175888799607419,14418.444444444447
398.1818181818182,1.5888888888888892,12.379822563807585,1.1810660636569326,14551.333333333338
401.8181818181818,1.5888888888888892,12.50897136747188,1.1868719720012333,14684.222222222224
405.45454545454544,1.5888888888888892,12.63815582431634,1.193327730286391,14817.111111111113
409.09090909090907,1.5888888888888892,12.767356045489247,1.200453546506199,14950.000000000002
412.7272727272727,1.5888888888888892,12.896552125291567,1.2082685282835215,15082.88888888889
416.3636363636364,1.5888888888888892,13.025724146213975,1.2167905891352764,15215.777777777783
420.0,1.5888888888888892,13.154852183977583,1.2260363650780948,15348.66666666667
60.0,1.6181818181818184,2.9629492707973224,1.633914070696854,2233.0909090909095
63.63636363636363,1.6181818181818184,3.0196871079029863,1.6168412727949595,2368.4297520661157
67.27272727272727,1.6181818181818184,3.0776566739461853,1.6003368018973592,2503.7685950413224
70.9090909090909,1.6181818181818184,3.1368559638767826,1.584394399160481,2639.107438016529
74.54545454545455,1.6181818181818184,3.197282701229347,1.5690071000930021,2774.446280991736
78.18181818181819,1.6181818181818184,3.258934337389964,1.5541672391575816,2909.7851239669426
81.81818181818181,1.6181818181818184,3.321808050941887,1.5398664579811387,3045.1239669421493
85.45454545454545,1.6181818181818184,3.385900747093757,1.526095717235538,3180.462809917356
89.0909090909091,1.6181818181818184,3.451209057188028,1.5128453122096066,3315.8016528925627
92.72727272727272,1.6181818181818184,3.5177293382927024,1.500104892052392,3451.140495867769
96.36363636363636,1.6181818181818184,3.58545767287515,1.4878634826250763,3586.4793388429757
100.0,1.6181818181818184,3.6543898685586056,1.4761095128569697,3721.8181818181824
103.63636363636363,1.6181818181818184,3.724521457963016,1.464830844460413,3857.1570247933887
107.27272727272728,1.6181818181818184,3.795847698629225,1.4540148048206467,3992.495867768596
110.9090909090909,1.6181818181818184,3.8683635730273664,1.44364822284161,4127.834710743802
114.54545454545455,1.6181818181818184,3.942063788650339,1.4337174674964583,4263.173553719009
118.18181818181819,1.6181818181818184,4.016942778191447,1.4242084888043218,4398.512396694216
121.81818181818181,1.6181818181818184,4.092994699807737,1.4151068609327533,4533.851239669421
125.45454545454545,1.6181818181818184,4.170213437468377,1.4063978271082649,4669.190082644628
129.0909090909091,1.6181818181818184,4.248592601389136,1.3980663460055347,4804.528925619835
132.72727272727272,1.6181818181818184,4.328125528551541,1.390097139281037,4939.8677685950415
136.36363636363637,1.6181818181818184,4.408805283309068,1.3824747399160913,5075.206611570249
140.0,1.6181818181818184,4.4906246580785245,1.3751835410399134,5210.545454545455
143.63636363636363,1.6181818181818184,4.57357617411775,1.3682078449138444,5345.884297520662
147.27272727272725,1.6181818181818184,4.657652082389029,1.361531911772437,5481.2231404958675
150.9090909090909,1.6181818181818184,4.742844364509175,1.355140008236831,5616.561983471075
154.54545454545456,1.6181818181818184,4.8291447337848865,1.3490164550372696,5751.900826446282
158.1818181818182,1.6181818181818184,4.916544636334254,1.3431456738079888,5887.2396694214885
161.8181818181818,1.6181818181818184,5.005035252294389,1.3375122327439428,6022.578512396694
165.45454545454544,1.6181818181818184,5.094607497114212,1.3321008909380734,6157.917355371901
169.0909090909091,1.6181818181818184,5.1852520229328025,1.3268966412472483,6293.256198347108
172.72727272727272,1.6181818181818184,5.276959220043354,1.3218847515640615,6428.5950413223145
176.36363636363637,1.6181818181818184,5.369719218441679,1.3170508044015874,6563.933884297521
180.0,1.6181818181818184,5.463521889459756,1.3123807347255438,6699.272727272728
183.63636363636363,1.6181818181818184,5.5583568474831395,1.3078608659956419,6834.611570247935
187.27272727272725,1.6181818181818184,5.654213451753071,1.303477944402885,6969.9504132231405
190.9090909090909,1.6181818181818184,5.751080808251926,1.2992191713126346,7105.289256198348
194.54545454545453,1.6181818181818184,5.8489477716713925,1.295072233944085,7240.628099173554
198.1818181818182,1.6181818181818184,5.947802947464384,1.2910253343353664,7375.9669421487615
201.8181818181818,1.6181818181818184,6.047634693978225,1.2870672166593877,7511.305785123967
205.45454545454544,1.6181818181818184,6.148431124670278,1.2831871929692396,7646.644628099174
209.0909090909091,1.6181818181818184,6.250180110404107,1.2793751674627976,7781.983471074381
212.72727272727272,1.6181818181818184,6.3528692818269175,1.2756216593649239,7917.3223140495875
216.36363636363635,1.6181818181818184,6.45648603182596,1.271917824531441,8052.661157024793
220.0,1.6181818181818184,6.561017518065365,1.268255475883534,8188.000000000001
223.63636363636363,1.6181818181818184,6.666450665600548,1.2646271027823024,8323.338842975207
227.27272727272728,1.6181818181818184,6.772772169570815,1.2610258894529582,8458.677685950415
230.9090909090909,1.6181818181818184,6.879968497969173,1.257445732565963,8594.01652892562
234.54545454545453,1.6181818181818184,6.988025894488143,1.2538812580775147,8729.355371900827
238.1818181818182,1.6181818181818184,7.096930381441373,1.2503278374261315,8864.694214876034
241.8181818181818,1.6181818181818184,7.2066677627593645,1.2467816031738996,9000.03305785124
245.45454545454544,1.6181818181818184,7.317223627059176,1.243239464171665,9135.371900826447
249.0909090909091,1.6181818181818184,7.428583350786829,1.2396991203154772,9270.710743801654
252.72727272727272,1.6181818181818184,7.540732101431542,1.2361590769501496,9406.04958677686
256.3636363636364,1.6181818181818184,7.653654840810753,1.2326186589596102,9541.388429752067
260.0,1.6181818181818184,7.767336328424966,1.2290780245693558,9676.727272727274
263.6363636363636,1.6181818181818184,7.881761124881323,1.2255381788672561,9812.06611570248
267.27272727272725,1.6181818181818184,7.996913595384799,1.2220009870309592,9947.404958677687
270.9090909090909,1.6181818181818184,8.112777913296311,1.2184691872275875,10082.743801652892
274.5454545454545,1.6181818181818184,8.229338063755526,1.2149464031307298,10218.082644628099
278.1818181818182,1.6181818181818184,8.346577847369106,1.211437155973178,10353.421487603307
281.8181818181818,1.6181818181818184,8.464480883960768,1.2079468760296044,10488.760330578514
285.45454545454544,1.6181818181818184,8.583030616384201,1.2044819133948994,10624.099173553719
289.0909090909091,1.6181818181818184,8.702210314396204,1.2010495478941585,10759.43801652893
292.72727272727275,1.6181818181818184,8.822003078589201,1.1976579979307493,10894.776859504134
296.3636363636364,1.6181818181818184,8.942391844381977,1.1943164280462069,11030.115702479341
300.0,1.6181818181818184,9.063359386066972,1.1910349549329797,11165.454545454546
303.6363636363636,1.6181818181818184,9.184888320913169,1.1878246516084654,11300.793388429753
307.27272727272725,1.6181818181818184,9.306961113323142,1.1846975494250023,11436.13223140496
310.9090909090909,1.6181818181818184,9.429560079042265,1.1816666375581648,11571.471074380166
314.5454545454545,1.6181818181818184,9.55266738941986,1.1787458595856164,11706.809917355373
318.1818181818182,1.6181818181818184,9.676265075719472,1.1759501067394944,11842.14876033058
321.8181818181818,1.6181818181818184,9.800335033478186,1.1732952073916985,11977.487603305786
325.45454545454544,1.6181818181818184,9.924859026912094,1.1707979123119396,12112.826446280993
329.09090909090907,1.6181818181818184,10.04981869336794,1.1684758752253608,12248.165289256198
332.7272727272727,1.6181818181818184,10.175195547817934,1.1663476281923912,12383.504132231406
336.3636363636364,1.6181818181818184,10.30097098739721,1.1644325513394338,12518.842975206615
340.0,1.6181818181818184,10.427126295982259,1.1627508364851793,12654.18181818182
343.6363636363636,1.6181818181818184,10.553642648808097,1.1613234442403098,12789.520661157025
347.27272727272725,1.6181818181818184,10.680501117123496,1.1601720542027614,12924.859504132233
350.9090909090909,1.6181818181818184,10.80768267288201,1.1593190079351063,13060.198347107438
354.54545454545456,1.6181818181818184,10.935168193467415,1.1587872444914524,13195.537190082647
358.1818181818182,1.6181818181818184,11.062938466451921,1.1586002283606518,13330.876033057852
361.8181818181818,1.6181818181818184,11.19097419438569,1.1587818698105754,13466.21487603306
365.45454545454544,1.6181818181818184,11.319255999615484,1.1593564377551373,13601.553719008265
369.09090909090907,1.6181818181818184,11.447764429131293,1.1603484654165601,13736.892561983472
372.7272727272727,1.6181818181818184,11.576479959439103,1.161782649222261,13872.231404958678
376.3636363636364,1.6181818181818184,11.705383001457898,1.1636837415505095,14007.570247933887
380.0,1.6181818181818184,11.83445390543965,1.1660764381199862,14142.909090909092
383.6363636363636,1.6181818181818184,11.96367296590979,1.1689852609977511,14278.247933884299
387.27272727272725,1.6181818181818184,12.093020426627588,1.1724344383741876,14413.586776859507
390.9090909090909,1.6181818181818184,12.222476485563488,1.1764477824105999,14548.925619834712
394.54545454545456,1.6181818181818184,12.352021299892488,1.1810485666035282,14684.26446280992
398.1818181818182,1.6181818181818184,12.481634991001615,1.1862594042172034,14819.603305785125
401.8181818181818,1.6181818181818184,12.611297649509432,1.1921021294090994,14954.942148760334
405.45454545454544,1.6181818181818184,12.740989340296627,1.1985976827052331,15090.280991735539
409.09090909090907,1.6181818181818184,12.870690107544386,1.205766002468601,15225.619834710744
412.7272727272727,1.6181818181818184,13.000379979780941,1.2136259239438043,15360.95867768595
416.3636363636364,1.6181818181818184,13.13003897493242,1.2221950873531493,15496.29752066116
420.0,1.6181818181818184,13.259647105377805,1.231489856365276,15631.636363636366
60.0,1.6474747474747478,2.9994667569801274,1.6549198143131558,2273.515151515152
63.63636363636363,1.6474747474747478,3.056934517158285,1.6376975420037112,2411.3039485766762
67.27272727272727,1.6474747474747478,3.1156360439905626,1.6210349437276375,2549.0927456382005
70.9090909090909,1.6474747474747478,3.1755692444936923,1.6049258463536535,2686.881542699725
74.54545454545455,1.6474747474747478,3.2367317535226237,1.5893633981043784,2824.670339761249
78.18181818181819,1.6474747474747478,3.2991209330540388,1.5743400733019839,2962.4591368227743
81.81818181818181,1.6474747474747478,3.362733871550537,1.5598476805008124,3100.2479338842977
85.45454545454545,1.6474747474747478,3.427567383406404,1.5458773740637075,3238.0367309458225
89.0909090909091,1.6474747474747478,3.493618008474799,1.5324196692013126,3375.8255280073467
92.72727272727272,1.6474747474747478,3.5608820116779345,1.519464460456906,3513.6143250688706
96.36363636363636,1.6474747474747478,3.6293553826993046,1.5070010435797476,3651.4031221303953
100.0,1.6474747474747478,3.6990338357601322,1.4950181406926466,3789.1919191919196
103.63636363636363,1.6474747474747478,3.7699128094786785,1.4835039286218934,3926.980716253444
107.27272727272728,1.6474747474747478,3.841987466814518,1.4724460702227642,4064.7695133149687
110.9090909090909,1.6474747474747478,3.915252695096621,1.4618317485008876,4202.558310376493
114.54545454545455,1.6474747474747478,3.9897031061365427,1.451647703301294,4340.347107438018
118.18181818181819,1.6474747474747478,4.0653330364266695,1.4418802703103948,4478.1359044995415
121.81818181818181,1.6474747474747478,4.142136547423671,1.4325154220969967,4615.924701561066
125.45454545454545,1.6474747474747478,4.2201074259178295,1.423538810900561,4753.71349862259
129.0909090909091,1.6474747474747478,4.299239184488009,1.414935812865283,4891.502295684115
132.72727272727272,1.6474747474747478,4.379525062042066,1.4066915734115684,5029.291092745639
136.36363636363637,1.6474747474747478,4.460958024444173,1.3987910534364534,5167.079889807163
140.0,1.6474747474747478,4.543530765227502,1.3912190760375371,5304.868686868688
143.63636363636363,1.6474747474747478,4.627235706393681,1.3839603734648416,5442.657483930211
147.27272727272725,1.6474747474747478,4.712064999297923,1.3769996340162227,5580.446280991736
150.9090909090909,1.6474747474747478,4.798010525620632,1.3703215486102083,5718.235078053261
154.54545454545456,1.6474747474747478,4.885063898425119,1.3639108567886509,5856.023875114786
158.1818181818182,1.6474747474747478,4.973216463301454,1.3577523919245706,5993.81267217631
161.8181818181818,1.6474747474747478,5.062459299595838,1.3518311254348516,6131.601469237834
165.45454545454544,1.6474747474747478,5.15278322172641,1.3461322098234278,6269.390266299359
169.0909090909091,1.6474747474747478,5.244178780584033,1.3406410204070989,6407.179063360883
172.72727272727272,1.6474747474747478,5.336636265018713,1.3353431956031698,6544.967860422406
176.36363636363637,1.6474747474747478,5.430145703411083,1.330224675685016,6682.756657483931
180.0,1.6474747474747478,5.524696865328732,1.325271739937439,6820.545454545456
183.63636363636363,1.6474747474747478,5.620279263267028,1.3204710421688113,6958.33425160698
187.27272727272725,1.6474747474747478,5.716882154473799,1.3158096445602159,7096.1230486685035
190.9090909090909,1.6474747474747478,5.814494542858119,1.3112750498540173,7233.911845730029
194.54545454545453,1.6474747474747478,5.913105180982178,1.306855231903426,7371.700642791553
198.1818181818182,1.6474747474747478,6.012702572135604,1.3025386646227608,7509.489439853078
201.8181818181818,1.6474747474747478,6.113274972493016,1.298314349393423,7647.278236914601
205.45454545454544,1.6474747474747478,6.214810393352305,1.294171840993568,7785.0670339761255
209.0909090909091,1.6474747474747478,6.317296603454864,1.2901012721306389,7922.855831037651
212.72727272727272,1.6474747474747478,6.420721131386046,1.2860933766642497,8060.644628099174
216.36363636363635,1.6474747474747478,6.525071268055489,1.282139511613172,8198.4334251607
220.0,1.6474747474747478,6.63033406925726,1.2782316780445566,8336.222222222224
223.63636363636363,1.6474747474747478,6.736496358307833,1.2743625409454624,8474.011019283747
227.27272727272728,1.6474747474747478,6.843544728762585,1.2705254481765993,8611.799816345272
230.9090909090909,1.6474747474747478,6.951465547208947,1.2667144486064106,8749.588613406797
234.54545454545453,1.6474747474747478,7.060244956135781,1.2629243095199254,8887.37741046832
238.1818181818182,1.6474747474747478,7.169868876878523,1.2591505333906061,9025.166207529845
241.8181818181818,1.6474747474747478,7.280323012638539,1.2553893740971933,9162.95500459137
245.45454545454544,1.6474747474747478,7.391592851576423,1.251637852657021,9300.743801652894
249.0909090909091,1.6474747474747478,7.503663669977669,1.2478937725378358,9438.532598714419
252.72727272727272,1.6474747474747478,7.6165205354903085,1.2441557345972865,9576.321395775944
256.3636363636364,1.6474747474747478,7.730148310433685,1.2404231516850517,9714.110192837468
260.0,1.6474747474747478,7.844531655175961,1.2366962629273157,9851.898989898991
263.6363636363636,1.6474747474747478,7.959655031581399,1.2329761476959988,9989.687786960514
267.27272727272725,1.6474747474747478,8.075502706524627,1.2292647392457725,10127.476584022039
270.9090909090909,1.6474747474747478,8.192058755471495,1.225564837981792,10265.265381083564
274.5454545454545,1.6474747474747478,8.309307066125555,1.2218801242980688,10403.054178145088
278.1818181818182,1.6474747474747478,8.427231342138246,1.2182151709029954,10540.842975206615
281.8181818181818,1.6474747474747478,8.545815106882674,1.2145754545220395,10678.631772268138
285.45454545454544,1.6474747474747478,8.6650417072883,1.210967366840461,10816.42056932966
289.0909090909091,1.6474747474747478,8.784894317737209,1.2073982245202903,10954.209366391187
292.72727272727275,1.6474747474747478,8.905355944018911,1.2038762780945558,11091.998163452712
296.3636363636364,1.6474747474747478,9.026409427343058,1.200410719511142,11229.786960514235
300.0,1.6474747474747478,9.148037448409106,1.1970116880656165,11367.57575757576
303.6363636363636,1.6474747474747478,9.27022253153128,1.193690274430173,11505.364554637285
307.27272727272725,1.6474747474747478,9.39294704881691,1.1904585224526463,11643.153351698807
310.9090909090909,1.6474747474747478,9.51619322439793,1.187329428368649,11780.94214876033
314.5454545454545,1.6474747474747478,9.63994313871292,1.1843169370392617,11918.730945821855
318.1818181818182,1.6474747474747478,9.764178732839166,1.1814359347993288,12056.51974288338
321.8181818181818,1.6474747474747478,9.888881812872558,1.1787022384791324,12194.308539944906
325.45454545454544,1.6474747474747478,10.014034054354418,1.1761325801427176,12332.09733700643
329.09090909090907,1.6474747474747478,10.13961700674352,1.1737445870756817,12469.886134067954
332.7272727272727,1.6474747474747478,10.26561209793148,1.1715567565527072,12607.674931129477
336.3636363636364,1.6474747474747478,10.392000638800766,1.1695884249212525,12745.463728191004
340.0,1.6474747474747478,10.5187638278225,1.1678597305580347,12883.252525252527
343.6363636363636,1.6474747474747478,10.645882755694315,1.166391570287679,13021.04132231405
347.27272727272725,1.6474747474747478,10.773338410014524,1.1652055489007502,13158.830119375576
350.9090909090909,1.6474747474747478,10.901111679992765,1.164323921473709,13296.618916437099
354.54545454545456,1.6474747474747478,11.029183361194564,1.163769528276117,13434.407713498626
358.1818181818182,1.6474747474747478,11.157534160318287,1.1635657221510203,13572.196510560148
361.8181818181818,1.6474747474747478,11.286144700003163,1.163736288373906,13709.985307621673
365.45454545454544,1.6474747474747478,11.414995523666663,1.1643053571326922,13847.774104683196
369.09090909090907,1.6474747474747478,11.544067100368697,1.1652973089220506,13985.562901744723
372.7272727272727,1.6474747474747478,11.673339829702371,1.1667366733119755,14123.351698806246
376.3636363636364,1.6474747474747478,11.80279404670872,1.1686480217232054,14261.140495867772
380.0,1.6474747474747478,11.932410026813278,1.171055855021383,14398.929292929295
383.6363636363636,1.6474747474747478,12.062167990784216,1.1739844869179465,14536.71808999082
387.27272727272725,1.6474747474747478,12.192048109708741,1.1774579243352739,14674.506887052343
390.9090909090909,1.6474747474747478,12.322030509987098,1.181499746047108,14812.295684113866
394.54545454545456,1.6474747474747478,12.45209527834169,1.1861329810372259,14950.084481175392
398.1818181818182,1.6474747474747478,12.582222466840586,1.1913799881216376,15087.873278236919
401.8181818181818,1.6474747474747478,12.712392097931959,1.19726233844693,15225.662075298442
405.45454545454544,1.6474747474747478,12.842584169489955,1.203800702502404,15363.450872359965
409.09090909090907,1.6474747474747478,12.972778659867991,1.2110147432662641,15501.23966942149
412.7272727272727,1.6474747474747478,13.102955532959102,1.2189230170391456,15639.028466483012
416.3636363636364,1.6474747474747478,13.233094743261619,1.2275428834070172,15776.817263544539
420.0,1.6474747474747478,13.363176240946986,1.2368904256185869,15914.606060606064
60.0,1.6767676767676771,3.0353672095295945,1.6760207967041705,2313.9393939393944
63.63636363636363,1.6767676767676771,3.0935593140927997,1.6586448915320013,2454.1781450872363
67.27272727272727,1.6767676767676771,3.1529871764416475,1.6418201433455046,2594.416896235078
70.9090909090909,1.6767676767676771,3.213648615936605,1.6255404677021374,2734.6556473829205
74.54545454545455,1.6767676767676771,3.275541179044172,1.6097991274213586,2874.894398530763
78.18181818181819,1.6767676767676771,3.3386621386373365,1.5945887374469188,3015.133149678605
81.81818181818181,1.6767676767676771,3.4030084933781533,1.5799012728892594,3155.3719008264466
85.45454545454545,1.6767676767676771,3.4685769671813294,1.5657280803006546,3295.610651974289
89.0909090909091,1.6767676767676771,3.535364008759708,1.5520598922008413,3435.849403122131
92.72727272727272,1.6767676767676771,3.6033657912531902,1.5388868448376538,3576.0881542699726
96.36363636363636,1.6767676767676771,3.672578211940044,1.5261984991317563,3716.3269054178154
100.0,1.6767676767676771,3.7429968920317656,1.5139838647198802,3856.5656565656577
103.63636363636363,1.6767676767676771,3.8146171765526304,1.5022314269771009,3996.804407713499
107.27272727272728,1.6767676767676771,3.887434134302608,1.4909291768670556,4137.043158861342
110.9090909090909,1.6767676767676771,3.9614425579058734,1.4800646434382003,4277.281910009184
114.54545454545455,1.6767676767676771,4.036636963943653,1.469624928758384,4417.520661157026
118.18181818181819,1.6767676767676771,4.11301159317279,1.4595967450558964,4557.7594123048675
121.81818181818181,1.6767676767676771,4.1905604108296775,1.4499664538158172,4697.998163452709
125.45454545454545,1.6767676767676771,4.2692771070199225,1.4407201065653485,4838.236914600552
129.0909090909091,1.6767676767676771,4.3491550971944815,1.4318434870710486,4978.475665748394
132.72727272727272,1.6767676767676771,4.430187522710797,1.423322154664462,5118.714416896236
136.36363636363637,1.6767676767676771,4.512367251481282,1.4151414884114122,5258.953168044079
140.0,1.6767676767676771,4.595686878707604,1.407286731842791,5399.1919191919205
143.63636363636363,1.6767676767676771,4.680138727701248,1.3997430379716995,5539.4306703397615
147.27272727272725,1.6767676767676771,4.765714850790708,1.3924955143328415,5679.669421487604
150.9090909090909,1.6767676767676771,4.852407030314629,1.3855292677944437,5819.908172635446
154.54545454545456,1.6767676767676771,4.940206779701581,1.3788294489101045,5960.14692378329
158.1818181818182,1.6767676767676771,5.029105344636169,1.3723812955981718,6100.385674931131
161.8181818181818,1.6767676767676771,5.1190937043103615,1.3661701759580223,6240.624426078973
165.45454545454544,1.6767676767676771,5.210162572761986,1.360181630055747,6380.8631772268145
169.0909090909091,1.6767676767676771,5.3023024002975925,1.3544014105361224,6521.101928374657
172.72727272727272,1.6767676767676771,5.395503375001874,1.3488155219422753,6661.340679522498
176.36363636363637,1.6767676767676771,5.489755424331797,1.3434102586489245,6801.579430670341
180.0,1.6767676767676771,5.585048216795556,1.3381722413392467,6941.818181818183
183.63636363636363,1.6767676767676771,5.6813711637163395,1.333088451978172,7082.056932966025
187.27272727272725,1.6767676767676771,5.778713421080066,1.3281462672575413,7222.295684113866
190.9090909090909,1.6767676767676771,5.877063891467283,1.3233334905078098,7362.5344352617085
194.54545454545453,1.6767676767676771,5.976411226067841,1.31863838209101,7502.773186409551
198.1818181818182,1.6767676767676771,6.076743826779001,1.3140496883054644,7643.011937557395
201.8181818181818,1.6767676767676771,6.17804984838562,1.3095566688479665,7783.250688705236
205.45454545454544,1.6767676767676771,6.280317200822189,1.3051491228920291,7923.489439853078
209.0909090909091,1.6767676767676771,6.383533551515849,1.3008174138509563,8063.728191000921
212.72727272727272,1.6767676767676771,6.487686327810836,1.2965524929036691,8203.966942148762
216.36363636363635,1.6767676767676771,6.59276271947199,1.2923459213667419,8344.205693296604
220.0,1.6767676767676771,6.698749681267893,1.2881898920013635,8484.444444444447
223.63636363636363,1.6767676767676771,6.80563393563295,1.2840772493454662,8624.683195592288
227.27272727272728,1.6767676767676771,6.913401975406681,1.2800015091622723,8764.92194674013
230.9090909090909,1.6767676767676771,7.02204006665072,1.275956877094395,8905.160697887972
234.54545454545453,1.6767676767676771,7.131534251541359,1.2719382666098122,9045.399449035815
238.1818181818182,1.6767676767676771,7.241870351338104,1.267941316320495,9185.638200183657
241.8181818181818,1.6767676767676771,7.353033969426466,1.2639624067477022,9325.876951331498
245.45454545454544,1.6767676767676771,7.465010494434473,1.2599986765996347,9466.11570247934
249.0909090909091,1.6767676767676771,7.5777851034216885,1.25604803861638,9606.354453627182
252.72727272727272,1.6767676767676771,7.691342765139959,1.2521091950258174,9746.593204775025
256.3636363636364,1.6767676767676771,7.8056682433653695,1.2481816526396408,9886.831955922868
260.0,1.6767676767676771,7.920746100299129,1.2442657376048056,10027.07070707071
263.6363636363636,1.6767676767676771,8.036560700037436,1.2403626098070102,10167.309458218551
267.27272727272725,1.6767676767676771,8.153096212108856,1.2364742769058255,10307.548209366392
270.9090909090909,1.6767676767676771,8.270336615078177,1.2326036079593852,10447.786960514235
274.5454545454545,1.6767676767676771,8.38826570021528,1.2287543465755508,10588.025711662076
278.1818181818182,1.6767676767676771,8.506867075228474,1.224931123501281,10728.26446280992
281.8181818181818,1.6767676767676771,8.626124168060224,1.2211394685376997,10868.503213957762
285.45454545454544,1.6767676767676771,8.746020230744874,1.217385821640555,11008.741965105603
289.0909090909091,1.6767676767676771,8.866538343326647,1.2136775430363211,11148.980716253447
292.72727272727275,1.6767676767676771,8.987661417836788,1.210022922155739,11289.219467401288
296.3636363636364,1.6767676767676771,9.109372202328684,1.2064311851536467,11429.45821854913
300.0,1.6767676767676771,9.23165328496872,1.202912500753277,11569.696969696972
303.6363636363636,1.6767676767676771,9.35448709818342,1.1994779841202412,11709.935720844815
307.27272727272725,1.6767676767676771,9.477855922859145,1.1961396984396973,11850.174471992656
310.9090909090909,1.6767676767676771,9.601741892595063,1.1929106538391625,11990.413223140496
314.5454545454545,1.6767676767676771,9.726126998006377,1.1898048032700066,12130.651974288337
318.1818181818182,1.6767676767676771,9.850993091077191,1.1868370349349118,12270.890725436182
321.8181818181818,1.6767676767676771,9.976321889561655,1.1840231608257052,12411.129476584023
325.45454545454544,1.6767676767676771,10.102094981431089,1.1813799009196984,12551.368227731866
329.09090909090907,1.6767676767676771,10.22829382936635,1.178924862572643,12691.606978879709
332.7272727272727,1.6767676767676771,10.354899775293857,1.1766765146451008,12831.845730027551
336.3636363636364,1.6767676767676771,10.48189404496311,1.174654155908113,12972.084481175392
340.0,1.6767676767676771,10.609257752564776,1.1728778772953496,13112.323232323237
343.6363636363636,1.6767676767676771,10.73697190538751,1.1713685176034148,13252.561983471078
347.27272727272725,1.6767676767676771,10.86501740851193,1.1701476122926124,13392.800734618919
350.9090909090909,1.6767676767676771,10.993375069540086,1.1692373351069067,13533.039485766762
354.54545454545456,1.6767676767676771,11.12202560335868,1.1686604323167575,13673.278236914604
358.1818181818182,1.6767676767676771,11.250949636935056,1.1684401494905843,13813.516988062447
361.8181818181818,1.6767676767676771,11.3801277141431,1.1686001508213113,13953.755739210288
365.45454545454544,1.6767676767676771,11.509540300618632,1.1691644311714253,14093.994490358129
369.09090909090907,1.6767676767676771,11.6391677886418,1.1701572211528035,14234.233241505972
372.7272727272727,1.6767676767676771,11.768990502044911,1.1716028857208034,14374.471992653813
376.3636363636364,1.6767676767676771,11.89898870114427,1.173525816936258,14514.710743801657
380.0,1.6767676767676771,12.029142587694137,1.175950321723959,14654.949494949498
383.6363636363636,1.6767676767676771,12.159432309861034,1.178900505630361,14795.18824609734
387.27272727272725,1.6767676767676771,12.289837967216656,1.1824001537483062,14935.426997245182
390.9090909090909,1.6767676767676771,12.420339615747846,1.1864726101255318,15075.665748393023
394.54545454545456,1.6767676767676771,12.550917272881382,1.1911406571001864,15215.904499540868
398.1818181818182,1.6767676767676771,12.681550922522822,1.1964263961030335,15356.143250688709
401.8181818181818,1.6767676767676771,12.812220520106294,1.2023511315269042,15496.38200183655
405.45454545454544,1.6767676767676771,12.942905997654508,1.2089352592836655,15636.620752984392
409.09090909090907,1.6767676767676771,13.073587268847142,1.2161981616446997,15776.859504132233
412.7272727272727,1.6767676767676771,13.20424423409478,1.2241581098891277,15917.098255280074
416.3636363636364,1.6767676767676771,13.334856785618463,1.2328321761687726,16057.337006427919
420.0,1.6767676767676771,13.46540481253105,1.2422361558381947,16197.57575757576
60.0,1.7060606060606063,3.0706357071146373,1.6971709244116178,2354.3636363636365
63.63636363636363,1.7060606060606063,3.1295463547110858,1.6796377495075112,2497.0523415977964
67.27272727272727,1.7060606060606063,3.189694704389221,1.6626473677315028,2639.741046831956
70.9090909090909,1.7060606060606063,3.2510784881583366,1.6461937856916156,2782.4297520661157
74.54545454545455,1.7060606060606063,3.313695164415649,1.630270382063917,2925.1184573002756
78.18181818181819,1.7060606060606063,3.377541917264903,1.61486991254755,3067.8071625344355
81.81818181818181,1.7060606060606063,3.4426156559161445,1.5999845178082763,3210.4958677685954
85.45454545454545,1.7060606060606063,3.5089130141678133,1.5856057344576937,3353.1845730027553
89.0909090909091,1.7060606060606063,3.5764303499704795,1.5717245090861633,3495.873278236915
92.72727272727272,1.7060606060606063,3.6451637450744574,1.5583312153349136,3638.5619834710747
96.36363636363636,1.7060606060606063,3.7151090047597535,1.5454156739622833,3781.250688705235
100.0,1.7060606060606063,3.7862616576505417,1.5329671758264354,3923.9393939393944
103.63636363636363,1.7060606060606063,3.858616955613325,1.520974507676757,4066.628099173554
107.27272727272728,1.7060606060606063,3.9321698737398743,1.5094259806161014,4209.316804407714
110.9090909090909,1.7060606060606063,4.006915110415515,1.4983094610696495,4352.005509641874
114.54545454545455,1.7060606060606063,4.082847087471573,1.4876124040701826,4494.694214876034
118.18181818181819,1.7060606060606063,4.159959950424532,1.47732188864907,4637.3829201101935
121.81818181818181,1.7060606060606063,4.238247568800227,1.467424655103134,4780.071625344353
125.45454545454545,1.7060606060606063,4.317703536543831,1.4579071438938978,4922.760330578513
129.0909090909091,1.7060606060606063,4.398321172517005,1.448755535924271,5065.449035812673
132.72727272727272,1.7060606060606063,4.480093521080082,1.4399557939329877,5208.137741046832
136.36363636363637,1.7060606060606063,4.563013352761281,1.431493704743138,5350.826446280993
140.0,1.7060606060606063,4.6470731650126575,1.4233549221046007,5493.515151515152
143.63636363636363,1.7060606060606063,4.732265183051929,1.4155250098744385,5636.203856749312
147.27272727272725,1.7060606060606063,4.818581360791113,1.4079894852898944,5778.892561983471
150.9090909090909,1.7060606060606063,4.906013381851956,1.4007338620997323,5921.581267217632
154.54545454545456,1.7060606060606063,4.99455266066702,1.3937436933358986,6064.269972451792
158.1818181818182,1.7060606060606063,5.084190343668068,1.3870046135250222,6206.958677685951
161.8181818181818,1.7060606060606063,5.174917310559639,1.380502380157783,6349.64738292011
165.45454545454544,1.7060606060606063,5.2667241756794825,1.3742229142566467,6492.33608815427
169.0909090909091,1.7060606060606063,5.359601289444478,1.3681523399031355,6635.024793388431
172.72727272727272,1.7060606060606063,5.453538739881785,1.3622770226089156,6777.713498622591
176.36363636363637,1.7060606060606063,5.548526354245954,1.3565836064368606,6920.40220385675
180.0,1.7060606060606063,5.644553700720811,1.35105904980103,7063.09090909091
183.63636363636363,1.7060606060606063,5.741610090205428,1.3456906598953025,7205.779614325069
187.27272727272725,1.7060606060606063,5.839684578185352,1.3404661257211303,7348.468319559229
190.9090909090909,1.7060606060606063,5.938765966686775,1.3353735497038837,7491.15702479339
194.54545454545453,1.7060606060606063,6.038842806314975,1.3304014779050601,7633.845730027548
198.1818181818182,1.7060606060606063,6.139903398374797,1.3255389288531507,7776.5344352617085
201.8181818181818,1.7060606060606063,6.2419357970741896,1.3207754210309282,7919.223140495868
205.45454545454544,1.7060606060606063,6.344927811809507,1.316100999067999,8061.911845730028
209.0909090909091,1.7060606060606063,6.448867009531689,1.3115062586991142,8204.60055096419
212.72727272727272,1.7060606060606063,6.553740717193739,1.3069823705561727,8347.289256198348
216.36363636363635,1.7060606060606063,6.659536024277422,1.3025211028685173,8489.977961432507
220.0,1.7060606060606063,6.766239785400135,1.2981148431509453,8632.666666666668
223.63636363636363,1.7060606060606063,6.873838622999566,1.293756618960454,8775.355371900827
227.27272727272728,1.7060606060606063,6.982318930096769,1.2894401178047543,8918.044077134988
230.9090909090909,1.7060606060606063,7.09166687313596,1.285159706283049,9060.732782369147
234.54545454545453,1.7060606060606063,7.201868394900718,1.2809104485374925,9203.421487603307
238.1818181818182,1.7060606060606063,7.312909217505378,1.2766881240886618,9346.110192837466
241.8181818181818,1.7060606060606063,7.424774845461102,1.2724892451219925,9488.798898071625
245.45454545454544,1.7060606060606063,7.537450568815601,1.2683110732838918,9631.487603305786
249.0909090909091,1.7060606060606063,7.6509214663649345,1.2641516360365612,9774.176308539947
252.72727272727272,1.7060606060606063,7.765172408937827,1.260009742608795,9916.865013774106
256.3636363636364,1.7060606060606063,7.880188062749895,1.2558849995671004,10059.553719008265
260.0,1.7060606060606063,7.995952892827738,1.2517778260162484,10202.242424242426
263.6363636363636,1.7060606060606063,8.112451166501824,1.2476894684220272,10344.931129476585
267.27272727272725,1.7060606060606063,8.22966695696614,1.243622015030193,10487.619834710744
270.9090909090909,1.7060606060606063,8.347584146905024,1.2395784098360985,10630.308539944905
274.5454545454545,1.7060606060606063,8.46618643218444,1.235562466036879,10772.997245179064
278.1818181818182,1.7060606060606063,8.585457325607383,1.2315788788748703,10915.685950413224
281.8181818181818,1.7060606060606063,8.705380160732616,1.227633237755593,11058.374655647383
285.45454545454544,1.7060606060606063,8.825938095754003,1.2237320374961818,11201.063360881544
289.0909090909091,1.7060606060606063,8.947114117440652,1.2198826885325704,11343.752066115705
292.72727272727275,1.7060606060606063,9.06889104513622,1.2160935258826762,11486.440771349864
296.3636363636364,1.7060606060606063,9.191251534815317,1.2123738166330251,11629.129476584023
300.0,1.7060606060606063,9.314178083196577,1.208733765684321,11771.818181818184
303.6363636363636,1.7060606060606063,9.437653031910694,1.2051845194593787,11914.506887052343
307.27272727272725,1.7060606060606063,9.561658571721834,1.2017381672457832,12057.195592286502
310.9090909090909,1.7060606060606063,9.686176746801323,1.1984077398154953,12199.88429752066
314.5454545454545,1.7060606060606063,9.811189459052256,1.19520720493441,12342.573002754822
318.1818181818182,1.7060606060606063,9.936678472482667,1.1921514593506854,12485.261707988984
321.8181818181818,1.7060606060606063,10.062625417627517,1.1892563168287793,12627.950413223143
325.45454545454544,1.7060606060606063,10.189011796016015,1.1865384917810793,12770.639118457302
329.09090909090907,1.7060606060606063,10.31581898468431,1.1840155780404147,12913.32782369146
332.7272727272727,1.7060606060606063,10.443028240731252,1.1817060223175382,13056.016528925618
336.3636363636364,1.7060606060606063,10.57062070591564,1.1796290918979033,13198.705234159781
340.0,1.7060606060606063,10.698577411294021,1.1778048361559943,13341.39393939394
343.6363636363636,1.7060606060606063,10.826879281896566,1.1762540415014437,13484.0826446281
347.27272727272725,1.7060606060606063,10.955507141439869,1.1749981794240243,13626.77134986226
350.9090909090909,1.7060606060606063,11.084441717075725,1.1740593473734824,13769.460055096419
354.54545454545456,1.7060606060606063,11.213663644172355,1.1734602022958225,13912.148760330581
358.1818181818182,1.7060606060606063,11.34315347112896,1.1732238867526992,14054.83746556474
361.8181818181818,1.7060606060606063,11.472891664219526,1.1733739476715965,14197.526170798901
365.45454545454544,1.7060606060606063,11.602858612465875,1.173934247912701,14340.21487603306
369.09090909090907,1.7060606060606063,11.733034632537544,1.1749288709906476,14482.903581267217
372.7272727272727,1.7060606060606063,11.863399973676927,1.1763820194534362,14625.592286501376
376.3636363636364,1.7060606060606063,11.993934822647859,1.1783179075918753,14768.280991735539
380.0,1.7060606060606063,12.124619308706123,1.180760649327019,14910.969696969698
383.6363636363636,1.7060606060606063,12.255433508590434,1.1837341422935155,15053.658402203859
387.27272727272725,1.7060606060606063,12.386357451530795,1.1872619492977559,15196.347107438018
390.9090909090909,1.7060606060606063,12.517371124274408,1.1913671784744169,15339.035812672177
394.54545454545456,1.7060606060606063,12.648454476126219,1.1960723635852348,15481.72451790634
398.1818181818182,1.7060606060606063,12.779587424002187,1.2013993459948888,15624.413223140498
401.8181818181818,1.7060606060606063,12.910749857494212,1.207369159913402,15767.10192837466
405.45454545454544,1.7060606060606063,13.041921643944654,1.2140019225073637,15909.790633608818
409.09090909090907,1.7060606060606063,13.17308263352838,1.221316730452579,16052.479338842975
412.7272727272727,1.7060606060606063,13.304212664341023,1.2293315644234606,16195.168044077134
416.3636363636364,1.7060606060606063,13.435291567491397,1.2380632028941354,16337.856749311297
420.0,1.7060606060606063,13.566299172196455,1.2475271464628246,16480.545454545456
60.0,1.7353535353535356,3.105258387333743,1.7183279778349334,2394.787878787879
63.63636363636363,1.7353535353535356,3.1648815566810384,1.7006344210401394,2539.9265381083565
67.27272727272727,1.7353535353535356,3.225744325291357,1.6834754611649263,2685.065197428834
70.9090909090909,1.7353535353535356,3.2878443381558524,1.6668451976406173,2830.203856749312
74.54545454545455,1.7353535353535356,3.3511789659502016,1.6507371256733185,2975.3425160697893
78.18181818181819,1.7353535353535356,3.415745304371029,1.6351441412720467,3120.481175390267
81.81818181818181,1.7353535353535356,3.4815401735534346,1.6200585490866777,3265.6198347107443
85.45454545454545,1.7353535353535356,3.5485601175713732,1.6054720730994774,3410.7584940312217
89.0909090909091,1.7353535353535356,3.6168014040198075,1.5913758701871281,3555.8971533516997
92.72727272727272,1.7353535353535356,3.6862600236807266,1.5777605465408235,3701.0358126721767
96.36363636363636,1.7353535353535356,3.7569316902722676,1.5646161769039397,3846.174471992654
100.0,1.7353535353535356,3.8288118402819125,1.5519323265573612,3991.3131313131325
103.63636363636363,1.7353535353535356,3.901895632884062,1.5396980759545738,4136.45179063361
107.27272727272728,1.7353535353535356,3.9761779499431684,1.527902047882036,4281.5904499540875
110.9090909090909,1.7353535353535356,4.0516533961003365,1.5165324369951143,4426.7291092745645
114.54545454545455,1.7353535353535356,4.12831629894727,1.5055770415565313,4571.867768595042
118.18181818181819,1.7353535353535356,4.2061607092845446,1.4950232971852802,4717.006427915519
121.81818181818181,1.7353535353535356,4.285180401466471,1.4848583124059032,4862.145087235997
125.45454545454545,1.7353535353535356,4.365368873831899,1.4750689057750204,5007.283746556474
129.0909090909091,1.7353535353535356,4.446719349221489,1.4656416443517064,5152.422405876952
132.72727272727272,1.7353535353535356,4.529224775581196,1.4565628832720792,5297.561065197429
136.36363636363637,1.7353535353535356,4.612877826652654,1.4478188061857573,5442.699724517907
140.0,1.7353535353535356,4.697670902749936,1.4393954663128292,5587.838383838384
143.63636363636363,1.7353535353535356,4.783596131623063,1.4312788278844897,5732.977043158862
147.27272727272725,1.7353535353535356,4.870645369408084,1.4234548077382947,5878.115702479339
150.9090909090909,1.7353535353535356,4.958810201664149,1.4159093168498218,6023.254361799817
154.54545454545456,1.7353535353535356,5.048081944496616,1.408628301595316,6168.393021120296
158.1818181818182,1.7353535353535356,5.138451645766886,1.4015977845563388,6313.531680440772
161.8181818181818,1.7353535353535356,5.229910086388818,1.3948039046942724,6458.67033976125
165.45454545454544,1.7353535353535356,5.322447781710649,1.3882329567412244,6603.808999081726
169.0909090909091,1.7353535353535356,5.416054982983412,1.38187142967443,6748.947658402205
172.72727272727272,1.7353535353535356,5.510721678914653,1.3757060441607392,6894.086317722683
176.36363636363637,1.7353535353535356,5.606437597307998,1.3697237888786735,7039.22497704316
180.0,1.7353535353535356,5.703192206787229,1.3639119556465182,7184.363636363638
183.63636363636363,1.7353535353535356,5.800974718605588,1.3582581733029555,7329.502295684114
187.27272727272725,1.7353535353535356,5.899774088539154,1.3527504403080342,7474.640955004592
190.9090909090909,1.7353535353535356,5.99957901886413,1.347377156048062,7619.779614325071
194.54545454545453,1.7353535353535356,6.100377960417954,1.3421271508460613,7764.918273645547
198.1818181818182,1.7353535353535356,6.2021591147428685,1.336989714693545,7910.056932966026
201.8181818181818,1.7353535353535356,6.304910436312485,1.3319546247334701,8055.195592286502
205.45454545454544,1.7353535353535356,6.408619634839568,1.3270121715360088,8200.334251606979
209.0909090909091,1.7353535353535356,6.513274177666025,1.322153184218015,8345.472910927458
212.72727272727272,1.7353535353535356,6.618861292232609,1.3173690544664347,8490.611570247935
216.36363636363635,1.7353535353535356,6.725367968629548,1.312651759531205,8635.750229568412
220.0,1.7353535353535356,6.832780962225652,1.3079938842584848,8780.88888888889
223.63636363636363,1.7353535353535356,6.941086796376554,1.303388642236871,8926.027548209368
227.27272727272728,1.7353535353535356,7.050271765210796,1.2988298961312688,9071.166207529845
230.9090909090909,1.7353535353535356,7.160321936492366,1.2943121772770034,9216.304866850323
234.54545454545453,1.7353535353535356,7.271223154560441,1.2898307046049116,9361.4435261708
238.1818181818182,1.7353535353535356,7.3829610433432045,1.285381402963497,9506.582185491277
241.8181818181818,1.7353535353535356,7.4955210094474936,1.280960920897864,9651.720844811756
245.45454545454544,1.7353535353535356,7.608888245320674,1.2765666479381013,9796.859504132231
249.0909090909091,1.7353535353535356,7.72304773248611,1.2721967314391867,9941.99816345271
252.72727272727272,1.7353535353535356,7.837984244849689,1.267850093004387,10087.13682277319
256.3636363636364,1.7353535353535356,7.953682352076987,1.2635264445105232,10232.275482093666
260.0,1.7353535353535356,8.070126423040207,1.2592263037391542,10377.414141414143
263.6363636363636,1.7353535353535356,8.187300629333196,1.2549510096011018,10522.55280073462
267.27272727272725,1.7353535353535356,8.305188948854,1.2507027369240629,10667.691460055097
270.9090909090909,1.7353535353535356,8.423775169453897,1.2464845107527511,10812.830119375574
274.5454545454545,1.7353535353535356,8.543042892651,1.2423002200893594,10957.968778696051
278.1818181818182,1.7353535353535356,8.662975537407844,1.2381546309788043,11103.107438016532
281.8181818181818,1.7353535353535356,8.783556343972013,1.234053398818338,11248.246097337007
285.45454545454544,1.7353535353535356,8.90476837777771,1.2300030797435786,11393.384756657486
289.0909090909091,1.7353535353535356,9.026594533407508,1.2260111409155592,11538.523415977965
292.72727272727275,1.7353535353535356,9.14901753861313,1.2220859695033321,11683.662075298442
296.3636363636364,1.7353535353535356,9.272019958393857,1.218236880126344,11828.800734618919
300.0,1.7353535353535356,9.39558419913031,1.2144741204895881,11973.939393939398
303.6363636363636,1.7353535353535356,9.519692512774258,1.210808874912969,12119.078053259873
307.27272727272725,1.7353535353535356,9.644327001090703,1.2072532654260417,12264.21671258035
310.9090909090909,1.7353535353535356,9.769469619952545,1.2038203500690927,12409.355371900827
314.5454545454545,1.7353535353535356,9.895102183685669,1.200524118014036,12554.494031221304
318.1818181818182,1.7353535353535356,10.02120636946282,1.1973794810952525,12699.632690541785
321.8181818181818,1.7353535353535356,10.14776372174586,1.194402261318938,12844.77134986226
325.45454545454544,1.7353535353535356,10.274755656772895,1.1916091739072103,12989.910009182737
329.09090909090907,1.7353535353535356,10.402163467091228,1.1890178054250113,13135.048668503216
332.7272727272727,1.7353535353535356,10.529968326132204,1.1866465865408833,13280.187327823693
336.3636363636364,1.7353535353535356,10.658151292828617,1.184514758985216,13425.325987144173
340.0,1.7353535353535356,10.786693316270943,1.182642336294202,13570.464646464648
343.6363636363636,1.7353535353535356,10.91557524040272,1.1810500579673837,13715.603305785125
347.27272727272725,1.7353535353535356,11.044777808752,1.1797593367207444,13860.741965105603
350.9090909090909,1.7353535353535356,11.174281669198143,1.1787921985879768,14005.880624426081
354.54545454545456,1.7353535353535356,11.30406737877203,1.1781712157113546,14151.01928374656
358.1818181818182,1.7353535353535356,11.434115408487838,1.177919431769109,14296.157943067035
361.8181818181818,1.7353535353535356,11.564406148204794,1.1780602801089521,14441.296602387512
365.45454545454544,1.7353535353535356,11.694919911518076,1.1786174947971166,14586.435261707991
369.09090909090907,1.7353535353535356,11.825636940675068,1.1796150149436657,14731.573921028468
372.7272727272727,1.7353535353535356,11.956537411518156,1.1810768828294955,14876.712580348945
376.3636363636364,1.7353535353535356,12.087601438449115,1.183027136529386,15021.851239669424
380.0,1.7353535353535356,12.218809079416873,1.1854896978979024,15166.989898989901
383.6363636363636,1.7353535353535356,12.350140340923247,1.1884882569521753,15312.128558310378
387.27272727272725,1.7353535353535356,12.481575183048093,1.192046153842302,15457.267217630857
390.9090909090909,1.7353535353535356,12.613093524490173,1.196186259740328,15602.405876951334
394.54545454545456,1.7353535353535356,12.744675247622578,1.2009308580928946,15747.544536271811
398.1818181818182,1.7353535353535356,12.876300203561083,1.206301527768368,15892.68319559229
401.8181818181818,1.7353535353535356,13.007948217243442,1.2123190296764481,16037.821854912767
405.45454545454544,1.7353535353535356,13.139599092517793,1.219003198445562,16182.960514233244
409.09090909090907,1.7353535353535356,13.271232617238727,1.226372840706674,16328.099173553723
412.7272727272727,1.7353535353535356,13.402828568368896,1.2344456414501621,16473.237832874198
416.3636363636364,1.7353535353535356,13.534366717084684,1.2432380797963793,16618.37649219468
420.0,1.7353535353535356,13.665826833883525,1.2527653553540097,16763.515151515156
60.0,1.764646464646465,3.1392224690695807,1.7394533641689358,2435.212121212122
63.63636363636363,1.764646464646465,3.1995519218268553,1.7215968378867275,2582.800734618917
67.27272727272727,1.764646464646465,3.2611228236058887,1.7042668919579653,2730.389348025712
70.9090909090909,1.764646464646465,3.323932732740084,1.6874577198527303,2877.9779614325075
74.54545454545455,1.764646464646465,3.38797893255904,1.6711629334355549,3025.566574839303
78.18181818181819,1.764646464646465,3.4532584307423146,1.6553755680498,3173.155188246098
81.81818181818181,1.764646464646465,3.5197679587553905,1.6400880902463535,3320.7438016528927
85.45454545454545,1.764646464646465,3.5875039713677,1.6252924081972526,3468.3324150596886
89.0909090909091,1.764646464646465,3.656462646253506,1.6109798848096943,3615.921028466484
92.72727272727272,1.764646464646465,3.7266398836765218,1.5971413535307128,3763.5096418732783
96.36363636363636,1.764646464646465,3.7980313062574895,1.583767136805455,3911.098255280074
100.0,1.764646464646465,3.8706322588269595,1.5708470671268802,4058.6868686868697
103.63636363636363,1.764646464646465,3.9444378083620686,1.5583705105873389,4206.275482093664
107.27272727272728,1.764646464646465,4.019442744008651,1.5463263928201085,4353.86409550046
110.9090909090909,1.764646464646465,4.0956415771884735,1.5347032271939525,4501.452708907255
114.54545454545455,1.764646464646465,4.173028541792349,1.5234891451037367,4649.04132231405
118.18181818181819,1.764646464646465,4.251597594458699,1.5126719281814625,4796.629935720845
121.81818181818181,1.764646464646465,4.331342414939034,1.502239042236029,4944.2185491276405
125.45454545454545,1.764646464646465,4.412256406548812,1.4921776727172427,5091.807162534436
129.0909090909091,1.764646464646465,4.494332696705591,1.4824747614896772,5239.395775941232
132.72727272727272,1.764646464646465,4.577564137553494,1.4731170446963435,5386.9843893480265
136.36363636363637,1.764646464646465,4.661943306674209,1.4640910914882816,5534.5730027548225
140.0,1.764646464646465,4.74746250788533,1.4553833433970356,5682.1616161616175
143.63636363636363,1.764646464646465,4.834113772124806,1.446980154130273,5829.750229568413
147.27272727272725,1.764646464646465,4.921888858422838,1.4388678295775201,5977.338842975207
150.9090909090909,1.764646464646465,5.010779254960144,1.431032667821368,6124.927456382003
154.54545454545456,1.764646464646465,5.100776180213163,1.4234609989626392,6272.5160697887995
158.1818181818182,1.764646464646465,5.191870584185551,1.4161392245803894,6420.104683195594
161.8181818181818,1.764646464646465,5.284053149726392,1.4090538566634767,6567.69329660239
165.45454545454544,1.764646464646465,5.37731429393476,1.4021915558683649,6715.281910009184
169.0909090909091,1.764646464646465,5.471644169649696,1.395539168973785,6862.870523415979
172.72727272727272,1.764646464646465,5.567032667026684,1.3890837654233483,7010.459136822775
176.36363636363637,1.764646464646465,5.663469415199206,1.3828126728645667,7158.047750229571
180.0,1.764646464646465,5.760943784025491,1.3767135116120057,7305.636363636365
183.63636363636363,1.764646464646465,5.85944488592046,1.3707742279807649,7453.22497704316
187.27272727272725,1.764646464646465,5.9589615777712694,1.364983126453322,7600.813590449955
190.9090909090909,1.764646464646465,6.059482462937979,1.3593289006604687,7748.40220385675
194.54545454545453,1.764646464646465,6.160995893336534,1.3538006631716024,7895.990817263546
198.1818181818182,1.764646464646465,6.263489971605799,1.3483879741048521,8043.579430670341
201.8181818181818,1.764646464646465,6.366952553356336,1.3430808685796727,8191.168044077137
205.45454545454544,1.764646464646465,6.471371249501917,1.3378698830459317,8338.756657483931
209.0909090909091,1.764646464646465,6.576733428671178,1.332746080533397,8486.345270890726
212.72727272727272,1.764646464646465,6.683026219701213,1.327701074873286,8633.933884297523
216.36363636363635,1.764646464646465,6.790236514210434,1.3227270539497713,8781.522497704316
220.0,1.764646464646465,6.898350969251194,1.3178168020438241,8929.111111111113
223.63636363636363,1.764646464646465,7.007356010040208,1.3129637213347303,9076.699724517908
227.27272727272728,1.764646464646465,7.117237832768016,1.30816185262521,9224.288337924703
230.9090909090909,1.764646464646465,7.227982407484412,1.3034058953560819,9371.876951331498
234.54545454545453,1.764646464646465,7.339575481060432,1.298691226973131,9519.465564738293
238.1818181818182,1.764646464646465,7.452002580225717,1.294013921705429,9667.05417814509
241.8181818181818,1.764646464646465,7.565249014680461,1.289370768808272,9814.642791551885
245.45454545454544,1.764646464646465,7.679299880280069,1.284759290316284,9962.231404958678
249.0909090909091,1.764646464646465,7.794140062293412,1.2801777583434426,10109.820018365475
252.72727272727272,1.764646464646465,7.909754238731681,1.2756252119553195,10257.40863177227
256.3636363636364,1.764646464646465,8.02612688374837,1.2711014736267918,10404.997245179065
260.0,1.764646464646465,8.143242271108287,1.266607165283677,10552.58585858586
263.6363636363636,1.764646464646465,8.261084477725305,1.2621437239106943,10700.174471992656
267.27272727272725,1.764646464646465,8.379637387266943,1.2577134166907018,10847.76308539945
270.9090909090909,1.764646464646465,8.49888469382544,1.253319355619515,10995.351698806246
274.5454545454545,1.764646464646465,8.618809905653801,1.2489655115202807,11142.94031221304
278.1818181818182,1.764646464646465,8.739396348964934,1.244656727357004,11290.528925619838
281.8181818181818,1.764646464646465,8.86062717179408,1.2403987307226851,11438.11753902663
285.45454545454544,1.764646464646465,8.98248534792234,1.2361981453507527,11585.706152433428
289.0909090909091,1.764646464646465,9.104953680859861,1.2320625014698183,11733.294765840224
292.72727272727275,1.764646464646465,9.22801480788779,1.2280002447934895,11880.88337924702
296.3636363636364,1.764646464646465,9.35165120415811,1.2240207439061366,12028.471992653813
300.0,1.764646464646465,9.47584518684871,1.2201342957746435,12176.060606060608
303.6363636363636,1.764646464646465,9.600578919373596,1.2163521290855857,12323.649219467405
307.27272727272725,1.764646464646465,9.725834415646117,1.2126864050772284,12471.2378328742
310.9090909090909,1.764646464646465,9.851593544394175,1.2091502155059337,12618.826446280993
314.5454545454545,1.764646464646465,9.977838033525394,1.205757577361458,12766.415059687788
318.1818181818182,1.764646464646465,10.104549474541702,1.2025234239204783,12914.003673094587
321.8181818181818,1.764646464646465,10.231709327001028,1.1994635917107943,13061.59228650138
325.45454545454544,1.764646464646465,10.35929892302451,1.19659480294465,13209.180899908175
329.09090909090907,1.764646464646465,10.487299471848935,1.1939346429752506,13356.76951331497
332.7272727272727,1.764646464646465,10.615692064421152,1.1915015323339997,13504.358126721763
336.3636363636364,1.764646464646465,10.744457678034294,1.1893146929207672,13651.946740128562
340.0,1.764646464646465,10.873577181002949,1.1873941079468822,13799.535353535357
343.6363636363636,1.764646464646465,11.003031337377582,1.1857604752713427,13947.12396694215
347.27272727272725,1.764646464646465,11.132800811693768,1.1844351538276041,14094.712580348945
350.9090909090909,1.764646464646465,11.262866173757788,1.1834401029112953,14242.301193755742
354.54545454545456,1.764646464646465,11.393207903464367,1.1827978141893145,14389.889807162537
358.1818181818182,1.764646464646465,11.523806395646039,1.1825312363985898,14537.478420569332
361.8181818181818,1.764646464646465,11.654641964953107,1.1826636928270813,14685.06703397613
365.45454545454544,1.764646464646465,11.78569485076013,1.183218791809448,14832.655647382922
369.09090909090907,1.764646464646465,11.916945222100676,1.1842203306220884,14980.244260789717
372.7272727272727,1.764646464646465,12.048373182625298,1.1856921933264926,15127.832874196512
376.3636363636364,1.764646464646465,12.179958775583316,1.1876582432771288,15275.421487603307
380.0,1.764646464646465,12.311681988825674,1.1901422111805517,15423.010101010104
383.6363636363636,1.764646464646465,12.443522759826887,1.1931675797564916,15570.5987144169
387.27272727272725,1.764646464646465,12.575460980725499,1.1967574662043658,15718.187327823694
390.9090909090909,1.764646464646465,12.707476503379688,1.200934503813535,15865.775941230488
394.54545454545456,1.764646464646465,12.839549144437964,1.2057207241650056,16013.364554637286
398.1818181818182,1.764646464646465,12.97165869042136,1.2111374414505922,16160.95316804408
401.8181818181818,1.764646464646465,13.103784902817365,1.2172051404770972,16308.541781450875
405.45454545454544,1.764646464646465,13.235907523181918,1.2239433699236386,16456.13039485767
409.09090909090907,1.764646464646465,13.368006278249013,1.231370642376738,16603.719008264467
412.7272727272727,1.764646464646465,13.500060885045231,1.2395043425806662,16751.307621671258
416.3636363636364,1.764646464646465,13.632051056008264,1.2483606452097205,16898.896235078057
420.0,1.764646464646465,13.763956504107105,1.2579544432981005,17046.48484848485
60.0,1.7939393939393942,3.1725162738656936,1.7605118753487032,2475.636363636364
63.63636363636363,1.7939393939393942,3.233545557643123,1.7424903136149967,2625.6749311294766
67.27272727272727,1.7939393939393942,3.295818092440636,1.7249875051534347,2775.7134986225897
70.9090909090909,1.7939393939393942,3.3593313503216047,1.707997738166336,2925.7520661157027
74.54545454545455,1.7939393939393942,3.4240825276723434,1.6915147408023095,3075.790633608816
78.18181818181819,1.7939393939393942,3.490068544573364,1.6755316862834104,3225.829201101929
81.81818181818181,1.7939393939393942,3.557286044253445,1.6600412005229481,3375.8677685950415
85.45454545454545,1.7939393939393942,3.62573139262558,1.645035372271886,3525.906336088154
89.0909090909091,1.7939393939393942,3.695400677906319,1.6305057658090218,3675.944903581268
92.72727272727272,1.7939393939393942,3.766289710319044,1.6164434361659499,3825.9834710743803
96.36363636363636,1.7939393939393942,3.8383940218803083,1.6028389468547353,3976.0220385674934
100.0,1.7939393939393942,3.911708866271911,1.5896823900412649,4126.060606060606
103.63636363636363,1.7939393939393942,3.9862292187967068,1.5769634090841742,4276.099173553719
107.27272727272728,1.7939393939393942,4.061949776420143,1.56467122333724,4426.137741046833
110.9090909090909,1.7939393939393942,4.138864957897561,1.5527946550906477,4576.176308539945
114.54545454545455,1.7939393939393942,4.216968903986672,1.5413221585088763,4726.214876033058
118.18181818181819,1.7939393939393942,4.296255477746728,1.5302418504039905,4876.253443526172
121.81818181818181,1.7939393939393942,4.376718264923756,1.5195415426697916,5026.2920110192845
125.45454545454545,1.7939393939393942,4.458350574422256,1.5092087761887538,5176.330578512398
129.0909090909091,1.7939393939393942,4.541145438863748,1.4992308560160597,5326.369146005511
132.72727272727272,1.7939393939393942,4.62509561523199,1.4895948876368243,5476.407713498624
136.36363636363637,1.7939393939393942,4.710193585605175,1.4802878140910112,5626.446280991737
140.0,1.7939393939393942,4.7964315579747785,1.4712964537594713,5776.484848484849
143.63636363636363,1.7939393939393942,4.883801467152077,1.4626075386069615,5926.523415977961
147.27272727272725,1.7939393939393942,4.972294975760565,1.4542077526841752,6076.561983471074
150.9090909090909,1.7939393939393942,5.061903475316444,1.44608377069768,6226.600550964187
154.54545454545456,1.7939393939393942,5.1526180873948935,1.4382222964678537,6376.639118457301
158.1818181818182,1.7939393939393942,5.244429664883686,1.430610101106046,6526.677685950415
161.8181818181818,1.7939393939393942,5.337328793323176,1.4232340607570129,6676.716253443527
165.45454545454544,1.7939393939393942,5.431305792332632,1.4160811937670639,6826.75482093664
169.0909090909091,1.7939393939393942,5.526350717122661,1.4091386971546211,6976.793388429754
172.72727272727272,1.7939393939393942,5.622453360093328,1.402393982277339,7126.831955922866
176.36363636363637,1.7939393939393942,5.7196032525185565,1.3958347096059407,7276.870523415979
180.0,1.7939393939393942,5.817789666314882,1.3894488225330268,7426.909090909092
183.63636363636363,1.7939393939393942,5.9170016158956455,1.3832245801617458,7576.947658402204
187.27272727272725,1.7939393939393942,6.017227860109385,1.3771505890349098,7726.986225895317
190.9090909090909,1.7939393939393942,6.118456904262612,1.3712158337817641,7877.024793388431
194.54545454545453,1.7939393939393942,6.22067700222571,1.3654097066730595,8027.063360881543
198.1818181818182,1.7939393939393942,6.3238761586224665,1.3597220360895677,8177.101928374657
201.8181818181818,1.7939393939393942,6.428042131101397,1.354143113920406,8327.14049586777
205.45454545454544,1.7939393939393942,6.533162432689907,1.3486637219189317,8477.179063360882
209.0909090909091,1.7939393939393942,6.6392243342288335,1.3432751570526782,8627.217630853995
212.72727272727272,1.7939393939393942,6.746214866888664,1.3379692558920682,8777.256198347108
216.36363636363635,1.7939393939393942,6.854120824765024,1.332738418088038,8927.29476584022
220.0,1.7939393939393942,6.962928767553937,1.3275756289937577,9077.333333333336
223.63636363636363,1.7939393939393942,7.072625023305345,1.3224744814878224,9227.371900826447
227.27272727272728,1.7939393939393942,7.183195691254841,1.317429197058198,9377.410468319562
230.9090909090909,1.7939393939393942,7.294626644731853,1.312434646204677,9527.449035812673
234.54545454545453,1.7939393939393942,7.40690353414443,1.3074863682162536,9677.487603305786
238.1818181818182,1.7939393939393942,7.520011790039062,1.3025805903753531,9827.5261707989
241.8181818181818,1.7939393939393942,7.633936626234899,1.2977142466356122,9977.564738292012
245.45454545454544,1.7939393939393942,7.748663043031607,1.2928849958125577,10127.603305785124
249.0909090909091,1.7939393939393942,7.864175830489282,1.2880912393176662,10277.641873278239
252.72727272727272,1.7939393939393942,7.9804595717801865,1.2833321384551166,10427.680440771352
256.3636363636364,1.7939393939393942,8.097498646610774,1.2786076312893966,10577.719008264465
260.0,1.7939393939393942,8.215277234712854,1.2739184490761,10727.757575757578
263.6363636363636,1.7939393939393942,8.333779319403826,1.269266132233901,10877.796143250689
267.27272727272725,1.7939393939393942,8.452988691212719,1.2646530458168594,11027.834710743802
270.9090909090909,1.7939393939393942,8.57288895157364,1.2600823944272421,11177.873278236915
274.5454545454545,1.7939393939393942,8.693463516583225,1.2555582364876265,11327.911845730026
278.1818181818182,1.7939393939393942,8.81469562082186,1.2510854977676906,11477.950413223141
281.8181818181818,1.7939393939393942,8.936568321237463,1.2466699840368447,11627.988980716254
285.45454545454544,1.7939393939393942,9.059064501090157,1.2423183926867514,11778.027548209368
289.0909090909091,1.7939393939393942,9.182166873957243,1.2380383231406327,11928.06611570248
292.72727272727275,1.7939393939393942,9.305857987795942,1.23383828583667,12078.104683195595
296.3636363636364,1.7939393939393942,9.430120229064308,1.2297277095432695,12228.143250688707
300.0,1.7939393939393942,9.554935826897005,1.2257169467334943,12378.18181818182
303.6363636363636,1.7939393939393942,9.680286857336469,1.2218172767150732,12528.220385674933
307.27272727272725,1.7939393939393942,9.806155247616134,1.2180409061838913,12678.258953168044
310.9090909090909,1.7939393939393942,9.932522780496177,1.214400966839401,12828.297520661157
314.5454545454545,1.7939393939393942,10.05937109864905,1.2109115096753724,12978.336088154269
318.1818181818182,1.7939393939393942,10.18668170909343,1.207587495537326,13128.374655647385
321.8181818181818,1.7939393939393942,10.314435987675838,1.204444781520108,13278.413223140496
325.45454545454544,1.7939393939393942,10.442615183597692,1.2015001027677557,13428.45179063361
329.09090909090907,1.7939393939393942,10.571200423986395,1.1987710492351402,13578.490358126724
332.7272727272727,1.7939393939393942,10.700172718509364,1.1962760369752141,13728.528925619834
336.3636363636364,1.7939393939393942,10.829512964028503,1.1940342735337954,13878.56749311295
340.0,1.7939393939393942,10.959201949294929,1.1920657170619506,14028.606060606062
343.6363636363636,1.7939393939393942,11.089220359680247,1.190391028800288,14178.644628099175
347.27272727272725,1.7939393939393942,11.219548781945658,1.1890315186476355,14328.683195592286
350.9090909090909,1.7939393939393942,11.350167709044063,1.1880090836026578,14478.7217630854
354.54545454545456,1.7939393939393942,11.481057544955961,1.1873461389583533,14628.760330578514
358.1818181818182,1.7939393939393942,11.612198609556218,1.1870655422396534,14778.798898071627
361.8181818181818,1.7939393939393942,11.743571143510705,1.1871905099997662,14928.83746556474
365.45454545454544,1.7939393939393942,11.875155313200207,1.1877445277315597,15078.876033057852
369.09090909090907,1.7939393939393942,12.006931215671031,1.1887512533034938,15228.914600550966
372.7272727272727,1.7939393939393942,12.1388788836099,1.1902344144926378,15378.953168044078
376.3636363636364,1.7939393939393942,12.270978290340981,1.192217701353864,15528.991735537193
380.0,1.7939393939393942,12.403209354844927,1.1947246543321945,15679.030303030304
383.6363636363636,1.7939393939393942,12.535551946796112,1.1977785491863353,15829.068870523417
387.27272727272725,1.7939393939393942,12.667985891617796,1.201402279939922,15979.107438016528
390.9090909090909,1.7939393939393942,12.800490975552925,1.2056182412071124,16129.146005509643
394.54545454545456,1.7939393939393942,12.933046950748997,1.2104482113420199,16279.184573002758
398.1818181818182,1.7939393939393942,13.065633540354538,1.2159132379345776,16429.22314049587
401.8181818181818,1.7939393939393942,13.19823044362662,1.2220335272092755,16579.261707988982
405.45454545454544,1.7939393939393942,13.330817341046536,1.2288283388778274,16729.300275482095
409.09090909090907,1.7939393939393942,13.463373899442276,1.2363158879463505,16879.33884297521
412.7272727272727,1.7939393939393942,13.59587977711637,1.2445132548853723,17029.377410468318
416.3636363636364,1.7939393939393942,13.728314628976417,1.2534363054339743,17179.415977961435
420.0,1.7939393939393942,13.860658111667476,1.2630996211359655,17329.454545454548
60.0,1.8232323232323235,3.2051292462943826,1.7814714534099676,2516.0606060606065
63.63636363636363,1.8232323232323235,3.2668516977975903,1.7632833066208462,2668.549127640037
67.27272727272727,1.8232323232323235,3.329819154190491,1.7456062834824488,2821.0376492194678
70.9090909090909,1.8232323232323235,3.394029001681437,1.7284347671386358,2973.526170798899
74.54545454545455,1.8232323232323235,3.4594783501435282,1.7117626011887455,3126.014692378329
78.18181818181819,1.8232323232323235,3.526164032503642,1.6955830948461723,3278.50321395776
81.81818181818181,1.8232323232323235,3.594082604214079,1.6798890304456837,3430.9917355371904
85.45454545454545,1.8232323232323235,3.663230342807066,1.6646726733348234,3583.4802571166215
89.0909090909091,1.8232323232323235,3.7336032475325185,1.649925784163921,3735.9687786960517
92.72727272727272,1.8232323232323235,3.8051970390791947,1.6356396335672803,3888.4573002754823
96.36363636363636,1.8232323232323235,3.8780071593809877,1.621805019206888,4040.9458218549134
100.0,1.8232323232323235,3.952028771506991,1.6084122851274285,4193.434343434345
103.63636363636363,1.8232323232323235,4.027256759637178,1.5954513433501405,4345.922865013775
107.27272727272728,1.8232323232323235,4.103685729123342,1.5829116976123143,4498.411386593206
110.9090909090909,1.8232323232323235,4.181310006635545,1.5707824691402446,4650.899908172636
114.54545454545455,1.8232323232323235,4.260123640395196,1.5590524243245174,4803.388429752067
118.18181818181819,1.8232323232323235,4.34012040049367,1.547710004151771,4955.876951331498
121.81818181818181,1.8232323232323235,4.421293779297942,1.5367433552321992,5108.365472910928
125.45454545454545,1.8232323232323235,4.503636991942597,1.5261403622512932,5260.853994490359
129.0909090909091,1.8232323232323235,4.587142976909124,1.515888681665202,5413.34251606979
132.72727272727272,1.8232323232323235,4.671804396691648,1.5059757764526642,5565.83103764922
136.36363636363637,1.8232323232323235,4.757613638549723,1.4963889517336315,5718.319559228651
140.0,1.8232323232323235,4.844562815348994,1.4871153910633736,5870.808080808081
143.63636363636363,1.8232323232323235,4.932643766487934,1.4781421932127676,6023.296602387512
147.27272727272725,1.8232323232323235,5.021848058912203,1.4694564092503875,6175.785123966943
150.9090909090909,1.8232323232323235,5.11216698821612,1.4610450797483303,6328.273645546374
154.54545454545456,1.8232323232323235,5.203591579830719,1.4528952719421926,6480.762167125806
158.1818181818182,1.8232323232323235,5.296112590299084,1.4449941166875369,6633.250688705236
161.8181818181818,1.8232323232323235,5.389720508637789,1.4373288450660255,6785.739210284665
165.45454545454544,1.8232323232323235,5.484405557785229,1.4298868245088674,6938.227731864095
169.0909090909091,1.8232323232323235,5.580157696136082,1.4226555943199104,7090.716253443527
172.72727272727272,1.8232323232323235,5.6769666191614565,1.4156229004949723,7243.204775022958
176.36363636363637,1.8232323232323235,5.774821761115068,1.4087767297507654,7395.69329660239
180.0,1.8232323232323235,5.8737122968249205,1.4021053426918548,7548.18181818182
183.63636363636363,1.8232323232323235,5.973627143568763,1.3955973060595877,7700.67033976125
187.27272727272725,1.8232323232323235,6.074554963035736,1.3892415240224283,7853.15886134068
190.9090909090909,1.8232323232323235,6.176484163370952,1.3830272684811697,8005.647382920112
194.54545454545453,1.8232323232323235,6.27940290130393,1.3769442083763077,8158.135904499541
198.1818181818182,1.8232323232323235,6.383299084360525,1.3709824379977642,8310.624426078974
201.8181818181818,1.8232323232323235,6.488160373157097,1.365132504307975,8463.112947658403
205.45454545454544,1.8232323232323235,6.593974183776476,1.3593854333000621,8615.601469237834
209.0909090909091,1.8232323232323235,6.700727690225806,1.353732755421336,8768.089990817265
212.72727272727272,1.8232323232323235,6.808407826974632,1.3481665301000587,8920.578512396696
216.36363636363635,1.8232323232323235,6.9170012915732855,1.3426793694188273,9073.067033976125
220.0,1.8232323232323235,7.026494547350627,1.3372644609826563,9225.555555555558
223.63636363636363,1.8232323232323235,7.136873826190006,1.3319155900322928,9378.044077134988
227.27272727272728,1.8232323232323235,7.248125131383237,1.3266271608547828,9530.532598714419
230.9090909090909,1.8232323232323235,7.360234240561835,1.3213942175425082,9683.021120293848
234.54545454545453,1.8232323232323235,7.473186708703556,1.3162124641500583,9835.50964187328
238.1818181818182,1.8232323232323235,7.586967871215095,1.311078284294435,9987.99816345271
241.8181818181818,1.8232323232323235,7.701562847088416,1.3059887602389701,10140.486685032141
245.45454545454544,1.8232323232323235,7.816956542130723,1.3009416914938199,10292.97520661157
249.0909090909091,1.8232323232323235,7.933133652266973,1.2959356129577804,10445.463728191004
252.72727272727272,1.8232323232323235,8.05007866691328,1.2909698126150582,10597.952249770433
256.3636363636364,1.8232323232323235,8.167775872421384,1.28604434878896,10750.440771349864
260.0,1.8232323232323235,8.286209355591678,1.2811600669403669,10902.929292929295
263.6363636363636,1.8232323232323235,8.405363007254872,1.2763186159826194,11055.417814508724
267.27272727272725,1.8232323232323235,8.525220525920606,1.271522464067998,11207.906336088156
270.9090909090909,1.8232323232323235,8.645765421491866,1.2667749137800217,11360.394857667585
274.5454545454545,1.8232323232323235,8.7669810190443,1.2620801166462994,11512.883379247016
278.1818181818182,1.8232323232323235,8.888850462668708,1.257443086862352,11665.371900826449
281.8181818181818,1.8232323232323235,9.011356719376229,1.2528697140928122,11817.860422405878
285.45454545454544,1.8232323232323235,9.13448258306426,1.2483667751903074,11970.34894398531
289.0909090909091,1.8232323232323235,9.25821067854199,1.243941944644095,12122.83746556474
292.72727272727275,1.8232323232323235,9.382523465614657,1.2396038035424712,12275.325987144173
296.3636363636364,1.8232323232323235,9.507403243224413,1.2353618468026648,12427.814508723603
300.0,1.8232323232323235,9.63283215364744,1.2312264883925124,12580.303030303034
303.6363636363636,1.8232323232323235,9.758792186744557,1.227209064237753,12732.791551882463
307.27272727272725,1.8232323232323235,9.885265184265565,1.223321832480295,12885.280073461892
310.9090909090909,1.8232323232323235,10.012232844204501,1.2195779707250267,13037.768595041323
314.5454545454545,1.8232323232323235,10.13967672520473,1.2159915698878132,13190.257116620753
318.1818181818182,1.8232323232323235,10.26757825101314,1.2125776242368802,13342.745638200187
321.8181818181818,1.8232323232323235,10.395918714980645,1.209352017202444,13495.234159779615
325.45454545454544,1.8232323232323235,10.524679284608684,1.206331502521066,13647.722681359048
329.09090909090907,1.8232323232323235,10.65384100613916,1.2035336802781442,13800.211202938477
332.7272727272727,1.8232323232323235,10.783384809187353,1.200976967420329,13952.699724517908
336.3636363636364,1.8232323232323235,10.913291511414888,1.1986805623280103,14105.18824609734
340.0,1.8232323232323235,11.043541823242526,1.1966644030697298,14257.676767676769
343.6363636363636,1.8232323232323235,11.174116352599988,1.1949491190058936,14410.165289256202
347.27272727272725,1.8232323232323235,11.304995609712279,1.193555975470413,14562.653810835629
350.9090909090909,1.8232323232323235,11.436160011919824,1.192506811336692,14715.142332415062
354.54545454545456,1.8232323232323235,11.567589888531277,1.191823969368436,14867.630853994493
358.1818181818182,1.8232323232323235,11.69926548570773,1.1915302193671893,15020.119375573924
361.8181818181818,1.8232323232323235,11.831166971375689,1.1916486742565646,15172.607897153353
365.45454545454544,1.8232323232323235,11.963274440167732,1.1922026993831902,15325.096418732785
369.09090909090907,1.8232323232323235,12.095567918389419,1.1932158154697161,15477.584940312214
372.7272727272727,1.8232323232323235,12.228027369009599,1.1947115958160308,15630.073461891643
376.3636363636364,1.8232323232323235,12.360632696673788,1.1967135585116184,15782.561983471078
380.0,1.8232323232323235,12.493363752738013,1.1992450545865379,15935.050505050507
383.6363636363636,1.8232323232323235,12.626200340321137,1.2023291531868223,16087.539026629938
387.27272727272725,1.8232323232323235,12.759122219375161,1.2059885250043707,16240.027548209368
390.9090909090909,1.8232323232323235,12.892109111769935,1.2102453253157681,16392.5160697888
394.54545454545456,1.8232323232323235,13.025140706392476,1.2151210780829236,16545.00459136823
398.1818181818182,1.8232323232323235,13.158196664257083,1.2206365626331168,16697.49311294766
401.8181818181818,1.8232323232323235,13.291256623626492,1.226811704464933,16849.981634527092
405.45454545454544,1.8232323232323235,13.424300205140433,1.2336654717131341,17002.47015610652
409.09090909090907,1.8232323232323235,13.557307016951139,1.2412157787494662,17154.958677685954
412.7272727272727,1.8232323232323235,13.690256659863605,1.2494793982970798,17307.44719926538
416.3636363636364,1.8232323232323235,13.823128732478342,1.2584718832955417,17459.935720844816
420.0,1.8232323232323235,13.955902836335415,1.2682074995751325,17612.424242424244
60.0,1.852525252525253,3.2370519732864445,1.8023029649652982,2556.484848484849
63.63636363636363,1.852525252525253,3.2994607215931184,1.7839471926419155,2711.423324150597
67.27272727272727,1.852525252525253,3.3631161801316907,1.7660951181703421,2866.361799816346
70.9090909090909,1.852525252525253,3.428015649697053,1.7487412193997809,3021.3002754820945
74.54545454545455,1.852525252525253,3.4941561541061654,1.7318794541304958,3176.238751147843
78.18181818181819,1.852525252525253,3.561534439604337,1.715503265294844,3331.177226813591
81.81818181818181,1.852525252525253,3.6301469743554877,1.699605588356136,3486.1157024793397
85.45454545454545,1.852525252525253,3.6999899480139753,1.6841788609577701,3641.054178145088
89.0909090909091,1.852525252525253,3.77105927138106,1.669215034836975,3795.9926538108366
92.72727272727272,1.852525252525253,3.843350576145089,1.6547055899971042,3950.931129476585
96.36363636363636,1.852525252525253,3.9168592147058474,1.6406415511128458,4105.869605142333
100.0,1.852525252525253,3.9915802600840724,1.6270135061222035,4260.808080808081
103.63636363636363,1.852525252525253,4.0675085059162095,1.6138116269398852,4415.7465564738295
107.27272727272728,1.852525252525253,4.1446384665348415,1.6010256922075243,4570.685032139579
110.9090909090909,1.852525252525253,4.222964377134869,1.588645111977859,4725.623507805327
114.54545454545455,1.852525252525253,4.302480194025986,1.5766589542145253,4880.561983471075
118.18181818181819,1.852525252525253,4.38317959497142,1.5650559729731421,5035.500459136824
121.81818181818181,1.852525252525253,4.46505597961415,1.553824638117035,5190.4389348025725
125.45454545454545,1.852525252525253,4.548102469988535,1.5429531664102647,5345.377410468321
129.0909090909091,1.852525252525253,4.632311911120549,1.532429553821618,5500.31588613407
132.72727272727272,1.852525252525253,4.717676871713816,1.5222416088677992,5655.254361799817
136.36363636363637,1.852525252525253,4.804189644923794,1.5123769868200927,5810.192837465566
140.0,1.852525252525253,4.891842249218395,1.5028232245976048,5965.131313131314
143.63636363636363,1.852525252525253,4.980626429326607,1.4935677761715462,6120.069788797063
147.27272727272725,1.852525252525253,5.07053365727375,1.4845980483088315,6275.008264462811
150.9090909090909,1.852525252525253,5.161555133504059,1.4759014364885703,6429.946740128559
154.54545454545456,1.852525252525253,5.2536817880905415,1.4674653608327215,6584.885215794309
158.1818181818182,1.852525252525253,5.346904282031583,1.4592773019023229,6739.8236914600575
161.8181818181818,1.852525252525253,5.441213008634007,1.451324836220529,6894.762167125805
165.45454545454544,1.852525252525253,5.536598094983296,1.443595671396891,7049.700642791553
169.0909090909091,1.852525252525253,5.633049403499809,1.4360776807395337,7204.639118457302
172.72727272727272,1.852525252525253,5.730556533580758,1.4287589372566332,7359.5775941230495
176.36363636363637,1.852525252525253,5.829108823328711,1.4216277469619982,7514.5160697887995
180.0,1.852525252525253,5.928695351364489,1.4146726814143584,7669.454545454546
183.63636363636363,1.852525252525253,6.029304938725744,1.4078826094345278,7824.393021120295
187.27272727272725,1.852525252525253,6.130926150850113,1.4012467279576766,7979.331496786043
190.9090909090909,1.852525252525253,6.233547299642087,1.394754591992544,8134.269972451792
194.54545454545453,1.852525252525253,6.337156445624189,1.3883961436712595,8289.20844811754
198.1818181818182,1.852525252525253,6.441741400170304,1.3821617403855635,8444.14692378329
201.8181818181818,1.852525252525253,6.547289727822914,1.3760421820162614,8599.085399449037
205.45454545454544,1.852525252525253,6.653788748691021,1.3700287372716677,8754.023875114784
209.0909090909091,1.852525252525253,6.761225540930429,1.3641131691601165,8908.962350780535
212.72727272727272,1.852525252525253,6.86958694330419,1.3582877596279044,9063.900826446283
216.36363636363635,1.852525252525253,6.978859557823229,1.3525453333998045,9218.83930211203
220.0,1.852525252525253,7.089029752466391,1.3468792810640757,9373.777777777781
223.63636363636363,1.852525252525253,7.200083663978796,1.341283581445387,9528.716253443527
227.27272727272728,1.852525252525253,7.312007200748196,1.3357528233115712,9683.654729109277
230.9090909090909,1.852525252525253,7.424786045758111,1.3302822264585885,9838.593204775025
234.54545454545453,1.852525252525253,7.5384056596170295,1.3248676622170317,9993.531680440772
238.1818181818182,1.852525252525253,7.652851283662716,1.319505673418657,10148.470156106521
241.8181818181818,1.852525252525253,7.768107943141065,1.3141934938579696,10303.40863177227
245.45454545454544,1.852525252525253,7.8841604504581495,1.3089290672750773,10458.347107438018
249.0909090909091,1.852525252525253,8.000993408504176,1.3037110658788726,10613.285583103767
252.72727272727272,1.852525252525253,8.118591214049548,1.298538908418466,10768.224058769516
256.3636363636364,1.852525252525253,8.236938061210312,1.2934127777995872,10923.162534435263
260.0,1.852525252525253,8.356017944983567,1.2883336382274986,11078.101010101012
263.6363636363636,1.852525252525253,8.475814664850526,1.283303251843975,11233.039485766762
267.27272727272725,1.852525252525253,8.596311828446394,1.2783241948071986,11387.977961432509
270.9090909090909,1.852525252525253,8.717492855296648,1.2733998727448106,11542.916437098256
274.5454545454545,1.852525252525253,8.83934098061709,1.268534535489012,11697.854912764005
278.1818181818182,1.852525252525253,8.961839259178172,1.2637332909799381,11852.793388429754
281.8181818181818,1.852525252525253,9.084970569230416,1.2590021181989204,12007.731864095502
285.45454545454544,1.852525252525253,9.208717616491887,1.254347878967122,12162.670339761251
289.0909090909091,1.852525252525253,9.333062938194013,1.249778328417774,12317.608815427
292.72727272727275,1.852525252525253,9.457988907186776,1.2453021239214639,12472.547291092747
296.3636363636364,1.852525252525253,9.583477736099598,1.2409288322149765,12627.485766758498
300.0,1.852525252525253,9.70951148155893,1.2366689344537503,12782.424242424246
303.6363636363636,1.852525252525253,9.836072048459194,1.2325338288799488,12937.362718089991
307.27272727272725,1.852525252525253,9.9631411942864,1.2285358307683043,13092.301193755742
310.9090909090909,1.852525252525253,10.090700533493607,1.2246881692863012,13247.23966942149
314.5454545454545,1.852525252525253,10.218731541925417,1.2210049808805652,13402.178145087237
318.1818181818182,1.852525252525253,10.347215561291309,1.2175012987821796,13557.116620752988
321.8181818181818,1.852525252525253,10.476133803685387,1.2141930382078994,13712.055096418735
325.45454545454544,1.852525252525253,10.605467356151946,1.211096976826532,13866.993572084482
329.09090909090907,1.852525252525253,10.735197185293746,1.2082307300597073,14021.932047750232
332.7272727272727,1.852525252525253,10.865304141923417,1.2056127207951202,14176.870523415979
336.3636363636364,1.852525252525253,10.995768965754996,1.2032621431121067,14331.808999081728
340.0,1.852525252525253,11.126572290134279,1.2011989196523452,14486.747474747479
343.6363636363636,1.852525252525253,11.257694646806673,1.1994436523171315,14641.685950413226
347.27272727272725,1.852525252525253,11.389116470720722,1.1980175660357557,14796.624426078974
350.9090909090909,1.852525252525253,11.520818104865821,1.1969424454298485,14951.562901744723
354.54545454545456,1.852525252525253,11.652779805141845,1.1962405642950122,15106.501377410472
358.1818181818182,1.852525252525253,11.78498174526003,1.19593460793414,15261.43985307622
361.8181818181818,1.852525252525253,11.917404021672166,1.196047588506087,15416.378328741968
365.45454545454544,1.852525252525253,12.050026658528154,1.1966027536955004,15571.316804407716
369.09090909090907,1.852525252525253,12.18282961265778,1.1976234891639272,15726.255280073463
372.7272727272727,1.852525252525253,12.315792778577613,1.1991332154034178,15881.193755739212
376.3636363636364,1.852525252525253,12.448895993518942,1.2011552797793006,16036.132231404963
380.0,1.852525252525253,12.582119042477048,1.2037128447106458,16191.07070707071
383.6363636363636,1.852525252525253,12.715441663278108,1.2068287730921239,16346.00918273646
387.27272727272725,1.852525252525253,12.848843551663945,1.2105255122011167,16500.947658402205
390.9090909090909,1.852525252525253,12.982304366390752,1.214824977452764,16655.886134067954
394.54545454545456,1.852525252525253,13.115803734342235,1.2197484374583203,16810.824609733707
398.1818181818182,1.852525252525253,13.249321255653268,1.2253164019005223,16965.763085399452
401.8181818181818,1.852525252525253,13.382836508844111,1.231548513761138,17120.7015610652
405.45454545454544,1.852525252525253,13.516329055961936,1.2384634474164262,17275.64003673095
409.09090909090907,1.852525252525253,13.6497784477286,1.2460788140525094,17430.578512396696
412.7272727272727,1.852525252525253,13.783164228693138,1.2544110757488083,17585.516988062445
416.3636363636364,1.852525252525253,13.916465942386479,1.263475469430018,17740.455463728198
420.0,1.852525252525253,14.049663136476717,1.2732859417068818,17895.393939393944
60.0,1.881818181818182,3.268276202392852,1.822979985924489,2596.909090909091
63.63636363636363,1.881818181818182,3.331364172359751,1.8044560478455869,2754.2975206611573
67.27272727272727,1.881818181818182,3.3957005089431753,1.7864285906182276,2911.6859504132235
70.9090909090909,1.881818181818182,3.461282427992904,1.7688921861538967,3069.0743801652893
74.54545454545455,1.881818181818182,3.5281068677530234,1.7518409048290176,3226.462809917356
78.18181818181819,1.881818181818182,3.5961704882866385,1.735268320681806,3383.8512396694223
81.81818181818181,1.881818181818182,3.6654696709834074,1.7191675187056759,3541.239669421488
85.45454545454545,1.881818181818182,3.7360005181501847,1.7035311042694854,3698.628099173554
89.0909090909091,1.881818181818182,3.8077588526851756,1.6883512146788349,3856.01652892562
92.72727272727272,1.881818181818182,3.880740217837074,1.6736195328731343,4013.404958677686
96.36363636363636,1.881818181818182,3.95493987704797,1.6593273032359661,4170.793388429753
100.0,1.881818181818182,4.030352813882075,1.6454653494772566,4328.181818181819
103.63636363636363,1.881818181818182,4.1069737320394815,1.6320240945277127,4485.570247933885
107.27272727272728,1.881818181818182,4.184797055455963,1.6189935823688777,4642.958677685951
110.9090909090909,1.881818181818182,4.263816928488697,1.6063635017055782,4800.347107438017
114.54545454545455,1.881818181818182,4.3440272161885165,1.5941232113716577,4957.735537190083
118.18181818181819,1.881818181818182,4.42542150465886,1.5822617673472688,5115.12396694215
121.81818181818181,1.881818181818182,4.507993101501183,1.5707679512525918,5272.512396694216
125.45454545454545,1.881818181818182,4.5917350363479965,1.5596303001739897,5429.900826446281
129.0909090909091,1.881818181818182,4.6766400614824315,1.5488371376694452,5587.289256198348
132.72727272727272,1.881818181818182,4.762700652545717,1.5383766057948558,5744.677685950413
136.36363636363637,1.881818181818182,4.849909009331167,1.5282366979891144,5902.06611570248
140.0,1.881818181818182,4.938257056666678,1.5184052926538039,6059.454545454546
143.63636363636363,1.881818181818182,5.02773644538317,1.5088701872650019,6216.842975206611
147.27272727272725,1.881818181818182,5.11833855337164,1.4996191328567816,6374.231404958678
150.9090909090909,1.881818181818182,5.210054486727032,1.4906398687213571,6531.619834710745
154.54545454545456,1.881818181818182,5.302875080978914,1.481920157177028,6689.008264462811
158.1818181818182,1.881818181818182,5.396790902409584,1.4734478182638184,6846.396694214877
161.8181818181818,1.881818181818182,5.491792249459143,1.465210764236159,7003.785123966943
165.45454545454544,1.881818181818182,5.587869154216775,1.4571970337329874,7161.173553719009
169.0909090909091,1.881818181818182,5.685011383998734,1.4493948255169904,7318.561983471075
172.72727272727272,1.881818181818182,5.783208443012543,1.441792531688487,7475.950413223141
176.36363636363637,1.881818181818182,5.882449574106601,1.434378770290614,7633.3388429752085
180.0,1.881818181818182,5.982723760605509,1.427142417237414,7790.727272727273
183.63636363636363,1.881818181818182,6.084019728230402,1.420072637508323,7948.115702479339
187.27272727272725,1.881818181818182,6.186325947104319,1.4131589155661324,8105.504132231405
190.9090909090909,1.881818181818182,6.289630633840651,1.4063910849677703,8262.892561983472
194.54545454545453,1.881818181818182,6.393921753716765,1.399759357149001,8420.280991735537
198.1818181818182,1.881818181818182,6.499187022929603,1.3932543493753209,8577.669421487604
201.8181818181818,1.881818181818182,6.605413910934333,1.386867111861427,8735.05785123967
205.45454545454544,1.881818181818182,6.7125896428652245,1.3805891540708541,8892.446280991735
209.0909090909091,1.881818181818182,6.820701202037612,1.3744124702147424,9049.834710743804
212.72727272727272,1.881818181818182,6.929735332530553,1.3683295639763915,9207.22314049587
216.36363636363635,1.881818181818182,7.039678541849592,1.362333472492731,9364.611570247935
220.0,1.881818181818182,7.150517103669003,1.3564177896277925,9522.000000000002
223.63636363636363,1.881818181818182,7.262237060652153,1.350576688577011,9679.388429752067
227.27272727272728,1.881818181818182,7.3748242273498885,1.344804943840727,9836.776859504134
230.9090909090909,1.881818181818182,7.488264193175894,1.3390979526058984,9994.1652892562
234.54545454545453,1.881818181818182,7.602542325457539,1.3334517555726837,10151.553719008265
238.1818181818182,1.881818181818182,7.717643772562411,1.3278630572590184,10308.942148760332
241.8181818181818,1.881818181818182,7.83355346709906,1.3223292458114806,10466.330578512398
245.45454545454544,1.881818181818182,7.950256129190371,1.3168484123431525,10623.719008264463
249.0909090909091,1.881818181818182,8.067736269820053,1.3114193698120453,10781.10743801653
252.72727272727272,1.881818181818182,8.185978194249477,1.3060416714420287,10938.495867768597
256.3636363636364,1.881818181818182,8.304966005505362,1.3007156286771302,11095.884297520663
260.0,1.881818181818182,8.42468360793633,1.2954423286465193,11253.272727272728
263.6363636363636,1.881818181818182,8.545114710837197,1.2902236511010183,11410.661157024795
267.27272727272725,1.881818181818182,8.666242832140593,1.2850622847657742,11568.04958677686
270.9090909090909,1.881818181818182,8.7880513021739,1.2799617430337826,11725.438016528926
274.5454545454545,1.881818181818182,8.910523267480473,1.2749263789042948,11882.826446280993
278.1818181818182,1.881818181818182,9.03364169470481,1.269961399047196,12040.21487603306
281.8181818181818,1.881818181818182,9.15738937453922,1.2650728768505701,12197.603305785125
285.45454545454544,1.881818181818182,9.281748925730772,1.2602677642818005,12354.99173553719
289.0909090909091,1.881818181818182,9.406702799148828,1.2555539023663234,12512.380165289258
292.72727272727275,1.881818181818182,9.532233281909495,1.2509400300592064,12669.768595041325
296.3636363636364,1.881818181818182,9.658322501557457,1.2464357912555923,12827.15702479339
300.0,1.881818181818182,9.784952430303049,1.2420517396575308,12984.545454545456
303.6363636363636,1.881818181818182,9.912104889312932,1.2377993411850605,13141.933884297521
307.27272727272725,1.881818181818182,10.039761553053749,1.2336909735921362,13299.322314049587
310.9090909090909,1.881818181818182,10.167903953686416,1.2297399229215835,13456.710743801654
314.5454545454545,1.881818181818182,10.296513485510316,1.2259603764112343,13614.099173553719
318.1818181818182,1.881818181818182,10.425571409455458,1.2223674114432517,13771.487603305786
321.8181818181818,1.881818181818182,10.55505885762095,1.2189769801164438,13928.876033057852
325.45454545454544,1.881818181818182,10.684956837859184,1.2158058890136019,14086.264462809917
329.09090909090907,1.881818181818182,10.81524623840265,1.2128717737384365,14243.652892561986
332.7272727272727,1.881818181818182,10.945907832533166,1.210193067807332,14401.04132231405
336.3636363636364,1.881818181818182,11.076922283291635,1.2077889655047833,14558.429752066118
340.0,1.881818181818182,11.208270148225727,1.2056793783473252,14715.818181818184
343.6363636363636,1.881818181818182,11.339931884175632,1.2038848848511239,14873.206611570247
347.27272727272725,1.881818181818182,11.471887852094222,1.2024266733638571,15030.595041322316
350.9090909090909,1.881818181818182,11.604118321901986,1.201326477805483,15187.983471074382
354.54545454545456,1.881818181818182,11.736603477373205,1.20060650625902,15345.371900826449
358.1818181818182,1.881818181818182,11.869323421053252,1.2002893624697935,15502.760330578514
361.8181818181818,1.881818181818182,12.002258179204208,1.2003979604405652,15660.14876033058
365.45454545454544,1.881818181818182,12.135387706777419,1.2009554324540894,15817.537190082647
369.09090909090907,1.881818181818182,12.268691892411937,1.2019850310089706,15974.925619834712
372.7272727272727,1.881818181818182,12.402150563455601,1.203510025315495,16132.314049586777
376.3636363636364,1.881818181818182,12.535743491008922,1.2055535931612535,16289.702479338845
380.0,1.881818181818182,12.669450394988328,1.2081387091175293,16447.09090909091
383.6363636363636,1.881818181818182,12.803250949207783,1.2112880302074902,16604.47933884298
387.27272727272725,1.881818181818182,12.937124786477419,1.2150237802937265,16761.867768595042
390.9090909090909,1.881818181818182,13.071051503716507,1.2193676345566884,16919.25619834711
394.54545454545456,1.881818181818182,13.205010667079259,1.2243406055211066,17076.644628099177
398.1818181818182,1.881818181818182,13.338981817092455,1.2299629321401293,17234.033057851244
401.8181818181818,1.881818181818182,13.472944473801862,1.2362539734611648,17391.421487603307
405.45454545454544,1.881818181818182,13.606878141926353,1.2432321083705402,17548.809917355375
409.09090909090907,1.881818181818182,13.740762316018316,1.250914642844822,17706.198347107438
412.7272727272727,1.881818181818182,13.8745764856275,1.2593177260252992,17863.586776859505
416.3636363636364,1.881818181818182,14.008300140467085,1.2684562762811766,18020.975206611573
420.0,1.881818181818182,14.141912775580781,1.2783439182409475,18178.36363636364
60.0,1.9111111111111114,3.2987948589500897,1.8434785971395236,2637.333333333334
63.63636363636363,1.9111111111111114,3.362554774747686,1.8247864431233547,2797.171717171718
67.27272727272727,1.9111111111111114,3.4275646641274315,1.8065837655462107,2957.0101010101016
70.9090909090909,1.9111111111111114,3.493821658487837,1.7888652293694272,3116.848484848485
74.54545454545455,1.9111111111111114,3.5613226110101364,1.7716250155856352,3276.686868686869
78.18181818181819,1.9111111111111114,3.6300640961005675,1.7548568264264284,3436.5252525252536
81.81818181818181,1.9111111111111114,3.7000424089158583,1.7385538925540995,3596.3636363636365
85.45454545454545,1.9111111111111114,3.7712535649718966,1.7227089822672688,3756.2020202020212
89.0909090909091,1.9111111111111114,3.8436932998362154,1.7073144127324116,3916.040404040405
92.72727272727272,1.9111111111111114,3.9173570689058366,1.6923620632387617,4075.878787878788
96.36363636363636,1.9111111111111114,3.992240047268723,1.677843390455579,4235.717171717172
100.0,1.9111111111111114,4.068337129651486,1.6637494456548685,4395.555555555557
103.63636363636363,1.9111111111111114,4.145642930452379,1.6500708938454642,4555.393939393939
107.27272727272728,1.9111111111111114,4.224151783860129,1.6367980347490134,4715.232323232324
110.9090909090909,1.9111111111111114,4.3038577440595605,1.6239208255324604,4875.070707070708
114.54545454545455,1.9111111111111114,4.3847545855232015,1.6114289051977522,5034.909090909092
118.18181818181819,1.9111111111111114,4.466835803390094,1.5993116205171027,5194.747474747476
121.81818181818181,1.9111111111111114,4.550094613931551,1.5875580533899927,5354.585858585859
125.45454545454545,1.9111111111111114,4.634523955103814,1.5761570494894395,5514.424242424244
129.0909090909091,1.9111111111111114,4.720116487188551,1.5650972480568555,5674.262626262627
132.72727272727272,1.9111111111111114,4.806864593520042,1.5543671126991363,5834.101010101011
136.36363636363637,1.9111111111111114,4.894760381300448,1.5439549630379337,5993.939393939396
140.0,1.9111111111111114,4.98379568250274,1.533849007059712,6153.777777777779
143.63636363636363,1.9111111111111114,5.073962054859853,1.52403737401488,6313.616161616162
147.27272727272725,1.9111111111111114,5.165250782943201,1.5145081477168185,6473.454545454545
150.9090909090909,1.9111111111111114,5.2576528793269,1.5052494000962826,6633.292929292931
154.54545454545456,1.9111111111111114,5.35115908584023,1.4962492248711612,6793.131313131315
158.1818181818182,1.9111111111111114,5.44575987490697,1.4874957712001744,6952.969696969699
161.8181818181818,1.9111111111111114,5.541445450971396,1.4789772771970098,7112.808080808081
165.45454545454544,1.9111111111111114,5.638205752011697,1.4706821031908532,7272.646464646465
169.0909090909091,1.9111111111111114,5.73603045113885,1.4625987646313061,7432.484848484849
172.72727272727272,1.9111111111111114,5.834908958282971,1.4547159645450234,7592.323232323233
176.36363636363637,1.9111111111111114,5.934830421964081,1.4470226254652705,7752.161616161618
180.0,1.9111111111111114,6.035783731149772,1.4395079207659802,7912.000000000001
183.63636363636363,1.9111111111111114,6.137757517196907,1.4321613053451554,8071.838383838384
187.27272727272725,1.9111111111111114,6.240740155878843,1.42497254561375,8231.676767676767
190.9090909090909,1.9111111111111114,6.344719769495969,1.4179317487577867,8391.515151515154
194.54545454545453,1.9111111111111114,6.4496842290709235,1.41102939125289,8551.353535353537
198.1818181818182,1.9111111111111114,6.555621156626383,1.404256346620087,8711.19191919192
201.8181818181818,1.9111111111111114,6.66251792754567,1.3976039124217188,8871.030303030304
205.45454545454544,1.9111111111111114,6.770361673015186,1.3910638365048407,9030.868686868687
209.0909090909091,1.9111111111111114,6.879139282548847,1.3846283425064898,9190.707070707072
212.72727272727272,1.9111111111111114,6.988837406592214,1.3782901546421555,9350.545454545456
216.36363636363635,1.9111111111111114,7.099442459207513,1.372042521803287,9510.38383838384
220.0,1.9111111111111114,7.210940620837715,1.3658792409939957,9670.222222222224
223.63636363636363,1.9111111111111114,7.323317841148443,1.3597946801390453,9830.060606060608
227.27272727272728,1.9111111111111114,7.436559841948805,1.3537838002964961,9989.898989898991
230.9090909090909,1.9111111111111114,7.550652120188026,1.3478421773080147,10149.737373737376
234.54545454545453,1.9111111111111114,7.665579951028288,1.341966022917366,10309.57575757576
238.1818181818182,1.9111111111111114,7.781328390993004,1.336152205385129,10469.414141414143
241.8181818181818,1.9111111111111114,7.897882281188869,1.3303982696210657,10629.252525252527
245.45454545454544,1.9111111111111114,8.015226250601392,1.32470245685055,10789.09090909091
249.0909090909091,1.9111111111111114,8.133344719462135,1.319063723821628,10948.929292929295
252.72727272727272,1.9111111111111114,8.252221902687513,1.313481761550212,11108.767676767678
256.3636363636364,1.9111111111111114,8.371841813387572,1.307957013588228,11268.606060606064
260.0,1.9111111111111114,8.492188266443657,1.3024906937867577,11428.444444444447
263.6363636363636,1.9111111111111114,8.613244882154069,1.2970848035099443,11588.282828282829
267.27272727272725,1.9111111111111114,8.734995089946436,1.2917421482386153,11748.121212121212
270.9090909090909,1.9111111111111114,8.857422132155483,1.2864663534837846,11907.959595959597
274.5454545454545,1.9111111111111114,8.980509067865357,1.2812618799080848,12067.79797979798
278.1818181818182,1.9111111111111114,9.104238776815063,1.2761340375323704,12227.636363636366
281.8181818181818,1.9111111111111114,9.22859396336532,1.2710889988785226,12387.47474747475
285.45454545454544,1.9111111111111114,9.353557160526858,1.266133810875046,12547.313131313133
289.0909090909091,1.9111111111111114,9.47911073404693,1.261276405324503,12707.151515151518
292.72727272727275,1.9111111111111114,9.605236886554575,1.2565256077034146,12866.989898989901
296.3636363636364,1.9111111111111114,9.73191766176187,1.251891144037188,13026.828282828285
300.0,1.9111111111111114,9.859134948720735,1.2473836455633265,13186.66666666667
303.6363636363636,1.9111111111111114,9.98687048613349,1.2430146508678408,13346.505050505053
307.27272727272725,1.9111111111111114,10.11510586671506,1.2387966051529968,13506.343434343436
310.9090909090909,1.9111111111111114,10.243822541607098,1.234742856268911,13666.18181818182
314.5454545454545,1.9111111111111114,10.373001824840657,1.230867647120087,13826.020202020203
318.1818181818182,1.9111111111111114,10.50262489784718,1.2271861040397303,13985.858585858588
321.8181818181818,1.9111111111111114,10.632672814015471,1.2237142207131666,14145.696969696972
325.45454545454544,1.9111111111111114,10.763126503294066,1.2204688372259467,14305.535353535355
329.09090909090907,1.9111111111111114,10.8939667768362,1.2174676138163107,14465.373737373739
332.7272727272727,1.9111111111111114,11.025174331686873,1.2147289989246235,14625.212121212122
336.3636363636364,1.9111111111111114,11.156729755510103,1.212272191158047,14785.050505050507
340.0,1.9111111111111114,11.288613531354008,1.2101170948268565,14944.88888888889
343.6363636363636,1.9111111111111114,11.420806042453448,1.2082842687619313,15104.727272727276
347.27272727272725,1.9111111111111114,11.553287577067575,1.2067948681911778,15264.565656565659
350.9090909090909,1.9111111111111114,11.686038333350565,1.2056705795377107,15424.404040404042
354.54545454545456,1.9111111111111114,11.819038424254963,1.2049335481032455,15584.242424242428
358.1818181818182,1.9111111111111114,11.952267882464444,1.2046062987177577,15744.080808080811
361.8181818181818,1.9111111111111114,12.085706665355298,1.2047116495680008,15903.919191919194
365.45454545454544,1.9111111111111114,12.219334659984789,1.2052726195623618,16063.757575757578
369.09090909090907,1.9111111111111114,12.353131688104536,1.2063123297434533,16223.595959595961
372.7272727272727,1.9111111111111114,12.487077511196802,1.207853899421159,16383.434343434343
376.3636363636364,1.9111111111111114,12.6211518355325,1.2099203378598107,16543.272727272728
380.0,1.9111111111111114,12.755334317249474,1.2125344325118241,16703.111111111117
383.6363636363636,1.9111111111111114,12.889604567447723,1.215718634936978,16862.9494949495
387.27272727272725,1.9111111111111114,13.023942157301915,1.2194949456786497,17022.78787878788
390.9090909090909,1.9111111111111114,13.158326623187694,1.2238847994764004,17182.626262626265
394.54545454545456,1.9111111111111114,13.29273747182078,1.2289089522741956,17342.46464646465
398.1818181818182,1.9111111111111114,13.427154185407284,1.2345873715293225,17502.303030303032
401.8181818181818,1.9111111111111114,13.561556226802427,1.240939131334047,17662.141414141417
405.45454545454544,1.9111111111111114,13.695923044677293,1.2479823138289319,17821.9797979798
409.09090909090907,1.9111111111111114,13.830234078690761,1.2557339183101366,17981.818181818184
412.7272727272727,1.9111111111111114,13.964468764664579,1.2642097793155564,18141.656565656565
416.3636363636364,1.9111111111111114,14.098606539761263,1.2734244948196631,18301.49494949495
420.0,1.9111111111111114,14.232626847661379,1.283391365475756,18461.333333333336
60.0,1.9404040404040408,3.3286020621232257,1.86377719130565,2677.7575757575764
63.63636363636363,1.9404040404040408,3.393026450895218,1.8449172498805775,2840.045913682278
67.27272727272727,1.9404040404040408,3.458702370302282,1.8265399958460147,3002.3342516069793
70.9090909090909,1.9404040404040408,3.5256268678115648,1.808640185867662,3164.622589531681
74.54545454545455,1.9404040404040408,3.5937967120769674,1.7912121092966482,3326.9109274563825
78.18181818181819,1.9404040404040408,3.6632083923994374,1.7742495933840974,3489.1992653810844
81.81818181818181,1.9404040404040408,3.7338581182699437,1.7577460103767348,3651.487603305786
85.45454545454545,1.9404040404040408,3.805741818996533,1.7416942865210123,3813.7759412304877
89.0909090909091,1.9404040404040408,3.8788551434151,1.7260869129882568,3976.0642791551895
92.72727272727272,1.9404040404040408,3.9531934596853278,1.7109159587183875,4138.3526170798905
96.36363636363636,1.9404040404040408,4.0287518551715,1.6961730851640993,4300.640955004592
100.0,1.9404040404040408,4.1055251364084056,1.6818495629020993,4462.929292929293
103.63636363636363,1.9404040404040408,4.1835078291538315,1.6679362900623338,4625.217630853995
107.27272727272728,1.9404040404040408,4.262694178526746,1.654423812512079,4787.505968778697
110.9090909090909,1.9404040404040408,4.343078149231845,1.6413023457166482,4949.794306703398
114.54545454545455,1.9404040404040408,4.424653425871449,1.6285617981865708,5112.082644628101
118.18181818181819,1.9404040404040408,4.507413413343318,1.6161917964079433,5274.370982552802
121.81818181818181,1.9404040404040408,4.591351237326961,1.6041817111433563,5436.659320477504
125.45454545454545,1.9404040404040408,4.676459744856166,1.5925206849806444,5598.947658402205
129.0909090909091,1.9404040404040408,4.762731504979428,1.5811976610005207,5761.235996326907
132.72727272727272,1.9404040404040408,4.850158809508075,1.5702014124273282,5923.524334251608
136.36363636363637,1.9404040404040408,4.938733673851628,1.5595205731247685,6085.81267217631
140.0,1.9404040404040408,5.0284478379411395,1.5491436687956746,6248.1010101010115
143.63636363636363,1.9404040404040408,5.119292767239927,1.539059148744999,6410.389348025712
147.27272727272725,1.9404040404040408,5.211259653841883,1.5292554180672058,6572.677685950413
150.9090909090909,1.9404040404040408,5.30433941765749,1.5197208701226317,6734.966023875116
154.54545454545456,1.9404040404040408,5.398522707686924,1.5104439191718804,6897.254361799818
158.1818181818182,1.9404040404040408,5.493799903380622,1.5014130330445303,7059.5426997245195
161.8181818181818,1.9404040404040408,5.5901611160867395,1.4926167657252187,7221.831037649221
165.45454545454544,1.9404040404040408,5.687596190585348,1.484043789749785,7384.119375573922
169.0909090909091,1.9404040404040408,5.786094706709459,1.4756829283129838,7546.407713498625
172.72727272727272,1.9404040404040408,5.8856459810521216,1.4675231870000853,7708.696051423326
176.36363636363637,1.9404040404040408,5.986239068759266,1.459553785065333,7870.984389348028
180.0,1.9404040404040408,6.087862765408545,1.4517641861911232,8033.27272727273
183.63636363636363,1.9404040404040408,6.190505608972918,1.4441441286728562,8195.561065197431
187.27272727272725,1.9404040404040408,6.294155881869261,1.4366836549859097,8357.849403122133
190.9090909090909,1.9404040404040408,6.398801613090904,1.4293731407010541,8520.137741046832
194.54545454545453,1.9404040404040408,6.504430580424523,1.422203322725512,8682.426078971534
198.1818181818182,1.9404040404040408,6.611030312749241,1.4151653268562239,8844.714416896237
201.8181818181818,1.9404040404040408,6.718588092419521,1.4082506946408455,9007.002754820938
205.45454545454544,1.9404040404040408,6.827090957729226,1.401451409549808,9169.29109274564
209.0909090909091,1.9404040404040408,6.936525705457335,1.3947599224701681,9331.579430670341
212.72727272727272,1.9404040404040408,7.046878893494382,1.3881691765374966,9493.867768595042
216.36363636363635,1.9404040404040408,7.158136843549055,1.3816726313270922,9656.156106519744
220.0,1.9404040404040408,7.270285643933539,1.3752642864293332,9818.444444444447
223.63636363636363,1.9404040404040408,7.38331115242789,1.3689387044361445,9980.732782369147
227.27272727272728,1.9404040404040408,7.497198999221622,1.3626910333664672,10143.02112029385
230.9090909090909,1.9404040404040408,7.611934589932359,1.3565170285581103,10305.309458218551
234.54545454545453,1.9404040404040408,7.7275031087001524,1.350413074051497,10467.597796143253
238.1818181818182,1.9404040404040408,7.8438895213572515,1.3443762034867872,10629.886134067954
241.8181818181818,1.9404040404040408,7.961078578671469,1.3384041205315127,10792.174471992656
245.45454545454544,1.9404040404040408,8.079054819662813,1.3324952188486265,10954.462809917357
249.0909090909091,1.9404040404040408,8.197802574992407,1.326648601606801,11116.75114784206
252.72727272727272,1.9404040404040408,8.317305970422085,1.3208641005242698,11279.039485766762
256.3636363636364,1.9404040404040408,8.437548930344347,1.3151422944266848,11441.327823691463
260.0,1.9404040404040408,8.55851518138091,1.3094845272845308,11603.616161616164
263.6363636363636,1.9404040404040408,8.680188256049236,1.3038929256817025,11765.904499540866
267.27272727272725,1.9404040404040408,8.802551496495683,1.2983704156481595,11928.192837465565
270.9090909090909,1.9404040404040408,8.925588058293576,1.2929207387716632,12090.481175390267
274.5454545454545,1.9404040404040408,9.04928091430657,1.2875484674824258,12252.769513314968
278.1818181818182,1.9404040404040408,9.17361285861374,1.2822590193811239,12415.057851239671
281.8181818181818,1.9404040404040408,9.298566510497094,1.2770586704582376,12577.346189164373
285.45454545454544,1.9404040404040408,9.424124318489644,1.271954567024958,12739.634527089074
289.0909090909091,1.9404040404040408,9.550268564481918,1.266954736150707,12901.922865013777
292.72727272727275,1.9404040404040408,9.676981367886821,1.262068094373087,13064.211202938479
296.3636363636364,1.9404040404040408,9.804244689860825,1.2573044544192458,13226.49954086318
300.0,1.9404040404040408,9.932040337579446,1.2526745296470785,13388.787878787882
303.6363636363636,1.9404040404040408,10.060349968567376,1.2481899358890165,13551.076216712583
307.27272727272725,1.9404040404040408,10.189155095079933,1.2438631903533124,13713.364554637285
310.9090909090909,1.9404040404040408,10.318437088535429,1.2397077072138092,13875.652892561986
314.5454545454545,1.9404040404040408,10.448177183996869,1.235737789498233,14037.941230486686
318.1818181818182,1.9404040404040408,10.578356484701038,1.2319686168687154,14200.22956841139
321.8181818181818,1.9404040404040408,10.708955966633924,1.228416228877443,14362.517906336092
325.45454545454544,1.9404040404040408,10.839956483150752,1.2250975032763824,14524.806244260792
329.09090909090907,1.9404040404040408,10.971338769638855,1.2220301289664481,14687.094582185493
332.7272727272727,1.9404040404040408,11.10308344822232,1.2192325731856837,14849.382920110194
336.3636363636364,1.9404040404040408,11.235171032506091,1.216724042564722,15011.671258034898
340.0,1.9404040404040408,11.367581932358739,1.2145244377177726,15173.959595959599
343.6363636363636,1.9404040404040408,11.500296458731203,1.2126543010932471,15336.2479338843
347.27272727272725,1.9404040404040408,11.633294828511238,1.2111347578786689,15498.536271809002
350.9090909090909,1.9404040404040408,11.76655716941047,1.2099874498422207,15660.824609733703
354.54545454545456,1.9404040404040408,11.900063524883233,1.2092344620963134,15823.112947658406
358.1818181818182,1.9404040404040408,12.033793859075672,1.2088982428872852,15985.401285583108
361.8181818181818,1.9404040404040408,12.167728061802382,1.2090015166496906,16147.68962350781
365.45454545454544,1.9404040404040408,12.301845953549995,1.2095671907078154,16309.97796143251
369.09090909090907,1.9404040404040408,12.436127290505375,1.210618256163189,16472.266299357212
372.7272727272727,1.9404040404040408,12.570551769606425,1.2121776836653724,16634.55463728191
376.3636363636364,1.9404040404040408,12.705099033614806,1.2142683149245095,16796.842975206615
380.0,1.9404040404040408,12.839748676207792,1.2169127509790005,16959.131313131315
383.6363636363636,1.9404040404040408,12.97448024708747,1.220133238375661,17121.419651056018
387.27272727272725,1.9404040404040408,13.109273257106514,1.223951554547032,17283.707988980717
390.9090909090909,1.9404040404040408,13.24410718340762,1.2283888937726373,17445.99632690542
394.54545454545456,1.9404040404040408,13.378961474575505,1.2334657551855308,17608.284664830124
398.1818181818182,1.9404040404040408,13.513815555799468,1.2392018343237503,17770.573002754823
401.8181818181818,1.9404040404040408,13.648648834044717,1.2456159197267878,17932.861340679527
405.45454545454544,1.9404040404040408,13.783440703230166,1.2527257960363605,18095.149678604226
409.09090909090907,1.9404040404040408,13.918170549412483,1.2605481549782873,18257.438016528926
412.7272727272727,1.9404040404040408,14.052817755972177,1.2690985154785968,18419.72635445363
416.3636363636364,1.9404040404040408,14.187361708802335,1.278391154006609,18582.014692378332
420.0,1.9404040404040408,14.321781801496229,1.288439046043479,18744.303030303032
60.0,1.96969696969697,3.3576931397990597,1.8838562911841628,2718.1818181818185
63.63636363636363,1.96969696969697,3.4227743354443048,1.8648294573492132,2882.920110192838
67.27272727272727,1.96969696969697,3.489108568339012,1.8462787391352216,3047.658402203857
70.9090909090909,1.96969696969697,3.5566928025639335,1.8281989832679786,3212.396694214877
74.54545454545455,1.96969696969697,3.6255237228069026,1.8105845849363285,3377.134986225896
78.18181818181819,1.96969696969697,3.69559773384065,1.7934294930113914,3541.873278236915
81.81818181818181,1.96969696969697,3.766910960083533,1.7767272170514876,3706.611570247934
85.45454545454545,1.96969696969697,3.8394592452447736,1.7604708361186525,3871.3498622589536
89.0909090909091,1.96969696969697,3.913238152053495,1.7446530094194037,4036.0881542699735
92.72727272727272,1.96969696969697,3.9882429620731132,1.7292659887673612,4200.826446280992
96.36363636363636,1.96969696969697,4.064468675600651,1.714301632852374,4365.5647382920115
100.0,1.96969696969697,4.141910011651575,1.6997514232856215,4530.303030303031
103.63636363636363,1.96969696969697,4.220561408031611,1.685606482376466,4695.0413223140495
107.27272727272728,1.96969696969697,4.300417021493282,1.6718575925831705,4859.77961432507
110.9090909090909,1.96969696969697,4.38147072798094,1.6584952175663865,5024.517906336088
114.54545454545455,1.96969696969697,4.463716122961167,1.6455095247625453,5189.256198347109
118.18181818181819,1.96969696969697,4.547146521841032,1.6328904093826142,5353.994490358127
121.81818181818181,1.96969696969697,4.631754960473836,1.6206275197325273,5518.732782369147
125.45454545454545,1.96969696969697,4.717534195751565,1.6087102837423648,5683.471074380166
129.0909090909091,1.96969696969697,4.804476706285958,1.597127936585336,5848.2093663911855
132.72727272727272,1.96969696969697,4.892574693176224,1.5858695492612023,6012.947658402204
136.36363636363637,1.96969696969697,4.981820080865262,1.5749240580158774,6177.685950413224
140.0,1.96969696969697,5.072204518083297,1.5642802944668235,6342.424242424244
143.63636363636363,1.96969696969697,5.163719378879303,1.5539270163029075,6507.1625344352615
147.27272727272725,1.96969696969697,5.256355763740118,1.5438529384296027,6671.900826446281
150.9090909090909,1.96969696969697,5.350104500797136,1.5340467644328017,6836.639118457301
154.54545454545456,1.96969696969697,5.444956147120372,1.5244972182381562,7001.377410468322
158.1818181818182,1.96969696969697,5.5409009901001625,1.5151930758500718,7166.115702479339
161.8181818181818,1.96969696969697,5.637929048915577,1.5061231970596907,7330.853994490359
165.45454545454544,1.96969696969697,5.736030076090026,1.4972765570199773,7495.592286501378
169.0909090909091,1.96969696969697,5.835193559133184,1.4886422775943922,7660.330578512398
172.72727272727272,1.96969696969697,5.935408722269534,1.480209658394903,7825.068870523416
176.36363636363637,1.96969696969697,6.036664528252675,1.4719682074350826,7989.807162534437
180.0,1.96969696969697,6.138949680265611,1.4639076713340338,8154.545454545456
183.63636363636363,1.96969696969697,6.2422526239053475,1.4560180650170538,8319.283746556473
187.27272727272725,1.96969696969697,6.346561549253699,1.4482897008690074,8484.022038567493
190.9090909090909,1.96969696969697,6.45186439303056,1.4407132173067365,8648.760330578514
194.54545454545453,1.96969696969697,6.558148840832757,1.4332796067453852,8813.498622589532
198.1818181818182,1.96969696969697,6.6654023294548725,1.4259802429437853,8978.236914600553
201.8181818181818,1.96969696969697,6.77361204929303,1.418806907720875,9142.97520661157
205.45454545454544,1.96969696969697,6.882764946831074,1.4117518170437473,9307.71349862259
209.0909090909091,1.96969696969697,6.992847727207664,1.404807646494136,9472.45179063361
212.72727272727272,1.96969696969697,7.103846856864191,1.39796755612513,9637.190082644629
216.36363636363635,1.96969696969697,7.215748566272708,1.391225214725544,9801.928374655648
220.0,1.96969696969697,7.32853885274309,1.3845748235114517,9966.666666666668
223.63636363636363,1.96969696969697,7.442203483308517,1.3780111392673406,10131.404958677687
227.27272727272728,1.96969696969697,7.556727997688592,1.3715294969594896,10296.143250688707
230.9090909090909,1.96969696969697,7.672097711329306,1.3651258318440516,10460.881542699724
234.54545454545453,1.96969696969697,7.788297718518725,1.35879670108958,10625.619834710744
238.1818181818182,1.96969696969697,7.905312895577677,1.3525393049308645,10790.358126721765
241.8181818181818,1.96969696969697,8.02312790412461,1.346351507365541,10955.096418732785
245.45454545454544,1.96969696969697,8.14172719441301,1.340231856397983,11119.834710743802
249.0909090909091,1.96969696969697,8.261095008741385,1.3341796038270293,11284.573002754823
252.72727272727272,1.96969696969697,8.381215384933867,1.3281947245639618,11449.311294765841
256.3636363636364,1.96969696969697,8.50207215989074,1.3222779354552456,11614.04958677686
260.0,1.96969696969697,8.623648973207736,1.3164307135708797,11778.787878787882
263.6363636363636,1.96969696969697,8.745929270863293,1.3106553139041368,11943.526170798898
267.27272727272725,1.96969696969697,8.868896308971634,1.3049547864110664,12108.264462809917
270.9090909090909,1.96969696969697,8.99253315760201,1.2993329922990309,12273.002754820936
274.5454545454545,1.96969696969697,9.116822704661258,1.2937946194527867,12437.741046831956
278.1818181818182,1.96969696969697,9.241747659839596,1.2883451968642756,12602.479338842977
281.8181818181818,1.96969696969697,9.36729055861796,1.28299110790789,12767.217630853997
285.45454545454544,1.96969696969697,9.493433766335407,1.2777396022774268,12931.955922865016
289.0909090909091,1.96969696969697,9.620159482315731,1.272598806374526,13096.694214876035
292.72727272727275,1.96969696969697,9.747449744051364,1.2675777319100858,13261.432506887055
296.3636363636364,1.96969696969697,9.875286431443792,1.2626862824529415,13426.170798898074
300.0,1.96969696969697,10.00365127109842,1.2579352576311862,13590.909090909092
303.6363636363636,1.96969696969697,10.132525840673376,1.253336354664812,13755.647382920111
307.27272727272725,1.96969696969697,10.261891573279296,1.2489021668823264,13920.38567493113
310.9090909090909,1.96969696969697,10.391729761930995,1.2446461788503058,14085.123966942148
314.5454545454545,1.96969696969697,10.52202156404658,1.2405827577257609,14249.862258953168
318.1818181818182,1.96969696969697,10.6527480059951,1.236727140424673,14414.60055096419
321.8181818181818,1.96969696969697,10.783889987689694,1.2330954161918506,14579.338842975209
325.45454545454544,1.96969696969697,10.915428287225366,1.2297045041551058,14744.077134986228
329.09090909090907,1.96969696969697,11.047343565559057,1.2265721254537567,14908.815426997247
332.7272727272727,1.96969696969697,11.179616371231468,1.2237167695491118,15073.553719008265
336.3636363636364,1.96969696969697,11.312227145128302,1.22115765435507,15238.292011019284
340.0,1.96969696969697,11.445156225279645,1.2189146798690873,15403.030303030304
343.6363636363636,1.96969696969697,11.578383851694982,1.2170083750424243,15567.768595041323
347.27272727272725,1.96969696969697,11.711890171233945,1.215459837702248,15732.506887052343
350.9090909090909,1.96969696969697,11.845655242509421,1.214290667426418,15897.245179063362
354.54545454545456,1.96969696969697,11.979659040821923,1.2135228913796403,16061.983471074383
358.1818181818182,1.96969696969697,12.113881463123894,1.2131788832382902,16226.721763085403
361.8181818181818,1.96969696969697,12.24830233301184,1.2132812754676137,16391.46005509642
365.45454545454544,1.96969696969697,12.382901405744487,1.2138528653607883,16556.198347107438
369.09090909090907,1.96969696969697,12.517658373285423,1.214916515404231,16720.93663911846
372.7272727272727,1.96969696969697,12.652552869368765,1.2164950486927397,16885.674931129477
376.3636363636364,1.96969696969697,12.787564474585114,1.2186111402765434,17050.4132231405
380.0,1.96969696969697,12.9226727214873,1.2212872054749129,17215.15151515152
383.6363636363636,1.96969696969697,13.05785709971337,1.2245452863317763,17379.889807162537
387.27272727272725,1.96969696969697,13.193097061124885,1.2284069375101383,17544.628099173555
390.9090909090909,1.96969696969697,13.328372024959375,1.232893113020157,17709.366391184572
394.54545454545456,1.96969696969697,13.463661382994799,1.238024055242952,17874.104683195594
398.1818181818182,1.96969696969697,13.598944504724013,1.2438191877438813,18038.842975206615
401.8181818181818,1.96969696969697,13.734200742538164,1.2502970133627571,18203.581267217633
405.45454545454544,1.96969696969697,13.869409436915983,1.2574750190205035,18368.319559228654
409.09090909090907,1.96969696969697,14.00454992161848,1.2653695885923666,18533.05785123967
412.7272727272727,1.96969696969697,14.139601528886661,1.273995925068817,18697.79614325069
416.3636363636364,1.96969696969697,14.274543594640068,1.283367983059628,18862.53443526171
420.0,1.96969696969697,14.409355463674931,1.2934984124986355,19027.272727272728
60.0,1.9989898989898993,3.3860646423056515,1.9036983790162767,2758.6060606060614
63.63636363636363,1.9989898989898993,3.4517947893793073,1.8845060012596881,2925.794306703398
67.27272727272727,1.9989898989898993,3.5187794293198484,1.8657833858178585,3092.982552800735
70.9090909090909,1.9989898989898993,3.587015443391498,1.8475254675656587,3260.1707988980725
74.54545454545455,1.9989898989898993,3.6564994329023355,1.8297267447782504,3427.3590449954095
78.18181818181819,1.9989898989898993,3.7272277186990888,1.8123812843532574,3594.547291092747
81.81818181818181,1.9989898989898993,3.7991963407461853,1.7954827287312456,3761.7355371900826
85.45454545454545,1.9989898989898993,3.872401057788644,1.7790243045385314,3928.92378328742
89.0909090909091,1.9989898989898993,3.946837347099418,1.7629988329644093,4096.112029384757
92.72727272727272,1.9989898989898993,4.022500404312426,1.7473987418717776,4263.300275482094
96.36363636363636,1.9989898989898993,4.099385143340016,1.7322160796270123,4430.488521579431
100.0,1.9989898989898993,4.177486196377079,1.717442530621961,4597.676767676769
103.63636363636363,1.9989898989898993,4.256797913991358,1.7030694324476914,4764.865013774105
107.27272727272728,1.9989898989898993,4.337314365299555,1.6890877946672436,4932.053259871443
110.9090909090909,1.9989898989898993,4.4190293382312165,1.6754883191223737,5099.241505968779
114.54545454545455,1.9989898989898993,4.501936339878804,1.6622614216979612,5266.429752066117
118.18181818181819,1.9989898989898993,4.586028596935728,1.6493972554580145,5433.617998163454
121.81818181818181,1.9989898989898993,4.67129905622144,1.6368857350568895,5600.806244260791
125.45454545454545,1.9989898989898993,4.757740385294181,1.6247165623222755,5767.994490358127
129.0909090909091,1.9989898989898993,4.8453449731516685,1.612879252899838,5935.182736455465
132.72727272727272,1.9989898989898993,4.934104931019308,1.601363163843625,6102.370982552801
136.36363636363637,1.9989898989898993,5.024012093226607,1.5901575220332662,6269.559228650139
140.0,1.9989898989898993,5.115058018170997,1.5792514532968134,6436.747474747476
143.63636363636363,1.9989898989898993,5.207233989370185,1.5686340121171292,6603.935720844812
147.27272727272725,1.9989898989898993,5.300531016601168,1.5582942118013752,6771.123966942149
150.9090909090909,1.9989898989898993,5.3949398371284065,1.548221054994427,6938.312213039487
154.54545454545456,1.9989898989898993,5.490450917018217,1.5384035644219982,7105.500459136825
158.1818181818182,1.9989898989898993,5.587054452541571,1.5288308137531266,7272.688705234161
161.8181818181818,1.9989898989898993,5.684740371663055,1.5194919584784286,7439.876951331498
165.45454545454544,1.9989898989898993,5.783498335617972,1.5103762667070741,7607.065197428834
169.0909090909091,1.9989898989898993,5.883317740575136,1.5014731497936922,7774.253443526172
172.72727272727272,1.9989898989898993,5.9841877193865844,1.4927721927145547,7941.441689623509
176.36363636363637,1.9989898989898993,6.086097143422992,1.4842631841213962,8108.629935720847
180.0,1.9989898989898993,6.189034624495083,1.4759361460105282,8275.818181818184
183.63636363636363,1.9989898989898993,6.29298851686017,1.4677813629542422,8443.00642791552
187.27272727272725,1.9989898989898993,6.3979469193130365,1.4597894108509262,8610.194674012857
190.9090909090909,1.9989898989898993,6.503897677361772,1.4519511851591276,8777.382920110194
194.54545454545453,1.9989898989898993,6.610828385487134,1.4442579285899615,8944.57116620753
198.1818181818182,1.9989898989898993,6.7187263894849885,1.4367012582407133,9111.75941230487
201.8181818181818,1.9989898989898993,6.827578788891534,1.429273192159196,9278.947658402205
205.45454545454544,1.9989898989898993,6.937372439490511,1.4219661753370376,9446.13590449954
209.0909090909091,1.9989898989898993,7.048093955901936,1.414773105134482,9613.32415059688
212.72727272727272,1.9989898989898993,7.159729714251036,1.407687356145681,9780.512396694216
216.36363636363635,1.9989898989898993,7.272265854917684,1.4007028045171224,9947.700642791553
220.0,1.9989898989898993,7.385688285364595,1.3938138517347245,10114.88888888889
223.63636363636363,1.9989898989898993,7.499982683044154,1.3870154478975172,10282.077134986228
227.27272727272728,1.9989898989898993,7.615134498382501,1.3803031144954954,10449.265381083565
230.9090909090909,1.9989898989898993,7.731128957840866,1.373672966709489,10616.453627180901
234.54545454545453,1.9989898989898993,7.847951067051971,1.3671217352479728,10783.641873278239
238.1818181818182,1.9989898989898993,7.965585614031834,1.360646787732248,10950.830119375576
241.8181818181818,1.9989898989898993,8.084017172465447,1.354246149636603,11118.018365472912
245.45454545454544,1.9989898989898993,8.203230105065035,1.3479185247828849,11285.20661157025
249.0909090909091,1.9989898989898993,8.323208567000993,1.341663315380753,11452.394857667587
252.72727272727272,1.9989898989898993,8.443936509402342,1.3354806415948997,11619.583103764924
256.3636363636364,1.9989898989898993,8.565397682928582,1.3293713606084998,11786.771349862262
260.0,1.9989898989898993,8.687575641409126,1.3233370851386461,11953.959595959597
263.6363636363636,1.9989898989898993,8.810453745550516,1.317380201344339,12121.147842056935
267.27272727272725,1.9989898989898993,8.934015166710154,1.311503886050001,12288.336088154272
270.9090909090909,1.9989898989898993,9.058242890735142,1.305712123188616,12455.52433425161
274.5454545454545,1.9989898989898993,9.183119721864992,1.3000097193483073,12622.712580348943
278.1818181818182,1.9989898989898993,9.308628286697072,1.2944023182824123,12789.900826446283
281.8181818181818,1.9989898989898993,9.434751038213573,1.288896414220674,12957.08907254362
285.45454545454544,1.9989898989898993,9.56147025986828,1.2834993637921617,13124.277318640956
289.0909090909091,1.9989898989898993,9.68876806973241,1.278219396345025,13291.465564738295
292.72727272727275,1.9989898989898993,9.816626424697946,1.2730656224202785,13458.653810835633
296.3636363636364,1.9989898989898993,9.945027124736454,1.2680480401090883,13625.84205693297
300.0,1.9989898989898993,10.073951817213175,1.2631775389954234,13793.030303030304
303.6363636363636,1.9989898989898993,10.203382001254028,1.2584659013595239,13960.218549127641
307.27272727272725,1.9989898989898993,10.33329903216411,1.2539258002915623,14127.406795224979
310.9090909090909,1.9989898989898993,10.463684125897073,1.2495707943438885,14294.595041322316
314.5454545454545,1.9989898989898993,10.594518363572693,1.2454153183293994,14461.78328741965
318.1818181818182,1.9989898989898993,10.72578269604183,1.2414746698614971,14628.97153351699
321.8181818181818,1.9989898989898993,10.85745794849744,1.2377649912218458,14796.159779614327
325.45454545454544,1.9989898989898993,10.989524825129365,1.2343032461429697,14963.348025711664
329.09090909090907,1.9989898989898993,11.121963913821668,1.2311071911010745,15130.536271809
332.7272727272727,1.9989898989898993,11.254755690891244,1.2281953407352404,15297.724517906337
336.3636363636364,1.9989898989898993,11.387880525865828,1.2255869270401214,15464.912764003677
340.0,1.9989898989898993,11.521318686299121,1.2233018520257075,15632.101010101014
343.6363636363636,1.9989898989898993,11.655050342622648,1.2213606335980716,15799.289256198348
347.27272727272725,1.9989898989898993,11.78905557303219,1.2197843444906435,15966.477502295686
350.9090909090909,1.9989898989898993,11.923314368405924,1.2185945441677906,16133.665748393023
354.54545454545456,1.9989898989898993,12.057806637254776,1.2178132037305047,16300.853994490362
358.1818181818182,1.9989898989898993,12.192512210701448,1.2174626239766424,16468.042240587696
361.8181818181818,1.9989898989898993,12.327410847487405,1.2175653469041936,16635.230486685035
365.45454545454544,1.9989898989898993,12.462482239005471,1.2181440610937504,16802.41873278237
369.09090909090907,1.9989898989898993,12.597706014356685,1.2192215015607946,16969.606978879707
372.7272727272727,1.9989898989898993,12.733061745430026,1.220820344826904,17136.795224977042
376.3636363636364,1.9989898989898993,12.8685289520018,1.2229631001158197,17303.983471074385
380.0,1.9989898989898993,13.004087106854907,1.2256719977300352,17471.17171717172
383.6363636363636,1.9989898989898993,13.139715640914437,1.2289688758002861,17638.359963269057
387.27272727272725,1.9989898989898993,13.27539394839928,1.232875066717363,17805.548209366392
390.9090909090909,1.9989898989898993,13.411101391986659,1.2374112846478618,17972.73645546373
394.54545454545456,1.9989898989898993,13.546817307988594,1.2425975155958966,18139.92470156107
398.1818181818182,1.9989898989898993,13.682521011538519,1.2484529114987306,18307.112947658403
401.8181818181818,1.9989898989898993,13.818191801785561,1.2549956898295023,18474.301193755742
405.45454545454544,1.9989898989898993,13.953808967095593,1.262243040126661,18641.489439853078
409.09090909090907,1.9989898989898993,14.08935179025651,1.2702110387727596,18808.677685950417
412.7272727272727,1.9989898989898993,14.224799553686012,1.2789145732116622,18975.86593204775
416.3636363636364,1.9989898989898993,14.360131544641025,1.2883672766210603,19143.054178145092
420.0,1.9989898989898993,14.49532706042496,1.2985814738581167,19310.242424242428
60.0,2.0282828282828285,3.4137143549338536,1.9232877368545744,2799.030303030303
63.63636363636363,2.0282828282828285,3.4800854126653293,1.90393160356987,2968.668503213958
67.27272727272727,2.0282828282828285,3.5477123672924593,1.8850390983228695,3138.3067033976126
70.9090909090909,2.0282828282828285,3.6165920178578403,1.8666052419898174,3307.944903581267
74.54545454545455,2.0282828282828285,3.6867208829004223,1.8486246329792477,3477.5831037649227
78.18181818181819,2.0282828282828285,3.7580951999683645,1.8310914524570703,3647.2213039485773
81.81818181818181,2.0282828282828285,3.8307109252154667,1.8139994711886962,3816.859504132231
85.45454545454545,2.0282828282828285,3.904563733082428,1.797342058021673,3986.4977043158865
89.0909090909091,2.0282828282828285,3.97964901606223,1.7811121900198714,4156.135904499541
92.72727272727272,2.0282828282828285,4.055961884551188,1.7653024642493524,4325.774104683196
96.36363636363636,2.0282828282828285,4.1334971667854905,1.7499051112032813,4495.412304866851
100.0,2.0282828282828285,4.212249408863652,1.7349120098410884,4665.050505050505
103.63636363636363,2.0282828282828285,4.292212874855655,1.7203147042058575,4834.68870523416
107.27272727272728,2.0282828282828285,4.373381546998651,1.7061044215707664,5004.326905417815
110.9090909090909,2.0282828282828285,4.455749125979372,1.6922720920560508,5173.965105601469
114.54545454545455,2.0282828282828285,4.53930903130393,1.6788083696456009,5343.603305785125
118.18181818181819,2.0282828282828285,4.624054401755436,1.6657036545243753,5513.241505968779
121.81818181818181,2.0282828282828285,4.709978095938427,1.652948116647742,5682.879706152434
125.45454545454545,2.0282828282828285,4.7970726929115575,1.6405317204472813,5852.517906336088
129.0909090909091,2.0282828282828285,4.885330492908446,1.628444250571074,6022.156106519744
132.72727272727272,2.0282828282828285,4.974743518145515,1.6166753385512698,6191.7943067033975
136.36363636363637,2.0282828282828285,5.065303513718716,1.6052144902884788,6361.432506887053
140.0,2.0282828282828285,5.157001948587908,1.5940511142403129,6531.070707070707
143.63636363636363,2.0282828282828285,5.249830016648975,1.5831745502005197,6700.708907254362
147.27272727272725,2.0282828282828285,5.343778637893977,1.5725740985555707,6870.347107438016
150.9090909090909,2.0282828282828285,5.438838459659406,1.5622390499082712,7039.985307621671
154.54545454545456,2.0282828282828285,5.534999857961279,1.552158714960031,7209.623507805327
158.1818181818182,2.0282828282828285,5.632252938918849,1.5423224545488152,7379.261707988982
161.8181818181818,2.0282828282828285,5.73058754026437,1.532719709744363,7548.899908172636
165.45454545454544,2.0282828282828285,5.829993232940774,1.5233400319091326,7718.53810835629
169.0909090909091,2.0282828282828285,5.930459322785527,1.5141731126401332,7888.176308539945
172.72727272727272,2.0282828282828285,6.03197485230149,1.5052088135147557,8057.814508723601
176.36363636363637,2.0282828282828285,6.134528602513027,1.4964371955715516,8227.452708907256
180.0,2.0282828282828285,6.238109094908706,1.4878485484655566,8397.09090909091
183.63636363636363,2.0282828282828285,6.342704593468595,1.4794334192465497,8566.729109274564
187.27272727272725,2.0282828282828285,6.448303106776695,1.4711826407166004,8736.367309458217
190.9090909090909,2.0282828282828285,6.554892390217635,1.4630873593324798,8906.005509641875
194.54545454545453,2.0282828282828285,6.662459948256994,1.4551390626261216,9075.643709825528
198.1818181818182,2.0282828282828285,6.770993036805173,1.4473296061241154,9245.281910009184
201.8181818181818,2.0282828282828285,6.880478665663663,1.4396512397546455,9414.920110192837
205.45454545454544,2.0282828282828285,6.990903601053256,1.4320966337363448,9584.558310376493
209.0909090909091,2.0282828282828285,7.102254368223777,1.4246589039496649,9754.196510560148
212.72727272727272,2.0282828282828285,7.2145172541445355,1.417331636795631,9923.834710743802
216.36363636363635,2.0282828282828285,7.327678310274201,1.4101089135513232,10093.472910927456
220.0,2.0282828282828285,7.441723355410663,1.4029853342334768,10263.111111111113
223.63636363636363,2.0282828282828285,7.556637978617977,1.3959560409838512,10432.749311294767
227.27272727272728,2.0282828282828285,7.672407542232208,1.3890167409897423,10602.387511478422
230.9090909090909,2.0282828282828285,7.789017184942954,1.3821637289527111,10772.025711662076
234.54545454545453,2.0282828282828285,7.906451824950811,1.3753939091157308,10941.663911845731
238.1818181818182,2.0282828282828285,8.02469616320008,1.3687048168556915,11111.302112029387
241.8181818181818,2.0282828282828285,8.143734686684368,1.3620946398425509,11280.94031221304
245.45454545454544,2.0282828282828285,8.263551671826294,1.3555622387600141,11450.578512396694
249.0909090909091,2.0282828282828285,8.384131187927956,1.3491071675737678,11620.21671258035
252.72727272727272,2.0282828282828285,8.505457100692473,1.34272969332357,11789.854912764005
256.3636363636364,2.0282828282828285,8.627513075815605,1.3364308154034907,11959.49311294766
260.0,2.0282828282828285,8.750282582645454,1.3302122842807034,12129.131313131315
263.6363636363636,2.0282828282828285,8.873748897909634,1.3240766195884275,12298.769513314968
267.27272727272725,2.0282828282828285,8.997895109508914,1.318027127510753,12468.407713498624
270.9090909090909,2.0282828282828285,9.122704120375865,1.3120679173584129,12638.045913682276
274.5454545454545,2.0282828282828285,9.248158652396828,1.3062039172137108,12807.684113865931
278.1818181818182,2.0282828282828285,9.3742412503973,1.3004408884999894,12977.322314049588
281.8181818181818,2.0282828282828285,9.500934286187718,1.2947854393078264,13146.960514233242
285.45454545454544,2.0282828282828285,9.628219962669625,1.2892450362838346,13316.598714416898
289.0909090909091,2.0282828282828285,9.756080318000453,1.2838280148618857,13486.236914600555
292.72727272727275,2.0282828282828285,9.88449722981546,1.278543587589936,13655.875114784207
296.3636363636364,2.0282828282828285,10.013452419505514,1.2734018502769013,13825.513314967862
300.0,2.0282828282828285,10.14292745654922,1.2684137856585713,13995.151515151516
303.6363636363636,2.0282828282828285,10.272903762898423,1.2635912642532516,14164.789715335171
307.27272727272725,2.0282828282828285,10.403362617414594,1.258947042055706,14334.427915518827
310.9090909090909,2.0282828282828285,10.534285160356234,1.254494754694255,14504.066115702479
314.5454545454545,2.0282828282828285,10.665652397913655,1.2502489076595384,14673.704315886134
318.1818181818182,2.0282828282828285,10.797445206792005,1.2462248621997771,14843.34251606979
321.8181818181818,2.0282828282828285,10.929644338838994,1.2424388164718905,15012.980716253445
325.45454545454544,2.0282828282828285,11.06223042571652,1.2389077815384804,15182.618916437099
329.09090909090907,2.0282828282828285,11.19518398361531,1.2356495518128812,15352.257116620753
332.7272727272727,2.0282828282828285,11.328485418009668,1.2326826695753936,15521.895316804408
336.3636363636364,2.0282828282828285,11.462115028451551,1.2300263832190763,15691.533516988065
340.0,2.0282828282828285,11.596053013402065,1.2277005989306913,15861.171717171717
343.6363636363636,2.0282828282828285,11.730279475099186,1.2257258255765788,16030.809917355373
347.27272727272725,2.0282828282828285,11.864774424459002,1.224123112640285,16200.448117539026
350.9090909090909,2.0282828282828285,11.999517786009942,1.2229139811546506,16370.086317722682
354.54545454545456,2.0282828282828285,12.134489402857575,1.22212034767981,16539.72451790634
358.1818181818182,2.0282828282828285,12.269669041678373,1.2217644415043083,16709.362718089993
361.8181818181818,2.0282828282828285,12.405036397741442,1.2218687153831962,16879.000918273647
365.45454545454544,2.0282828282828285,12.540571099954906,1.2224557502756506,17048.6391184573
369.09090909090907,2.0282828282828285,12.676252715936762,1.2235481546987974,17218.277318640954
372.7272727272727,2.0282828282828285,12.812060757108219,1.225168459472387,17387.91551882461
376.3636363636364,2.0282828282828285,12.947974683806343,1.2273390087834422,17557.553719008265
380.0,2.0282828282828285,13.083973910416168,1.230081848647289,17727.191919191922
383.6363636363636,2.0282828282828285,13.220037810519218,1.2334186139737537,17896.830119375576
387.27272727272725,2.0282828282828285,13.356145722057256,1.2373704155598313,18066.46831955923
390.9090909090909,2.0282828282828285,13.492276952508925,1.2419577284161245,18236.106519742883
394.54545454545456,2.0282828282828285,13.62841078407816,1.247200282889153,18405.74471992654
398.1818181818182,2.0282828282828285,13.764526478891973,1.2531169600596521,18575.382920110194
401.8181818181818,2.0282828282828285,13.900603284205992,1.2597256928760863,18745.02112029385
405.45454545454544,2.0282828282828285,14.036620437616238,1.2670433744217633,18914.6593204775
409.09090909090907,2.0282828282828285,14.172557172274779,1.275085774610757,19084.29752066116
412.7272727272727,2.0282828282828285,14.30839272210816,1.2838674664678877,19253.93572084481
416.3636363636364,2.0282828282828285,14.44410632703569,1.2934017629728625,19423.57392102847
420.0,2.0282828282828285,14.579677238187234,1.3037006652443246,19593.212121212124
60.0,2.0575757575757576,3.4406413092387185,1.9426102974388844,2839.4545454545455
63.63636363636363,2.0575757575757576,3.507645055662226,1.9230926228535656,3011.5426997245177
67.27272727272727,2.0575757575757576,3.575906050797526,1.904032661100793,3183.6308539944903
70.9090909090909,2.0575757575757576,3.6454210120838857,1.8854255167009586,3355.719008264463
74.54545454545455,2.0575757575757576,3.7161863759263403,1.8672658850686588,3527.8071625344355
78.18181818181819,2.0575757575757576,3.788198297226012,1.8495480577407701,3699.895316804408
81.81818181818181,2.0575757575757576,3.861452648994474,1.832265929147139,3871.98347107438
85.45454545454545,2.0575757575757576,3.9359450220524757,1.8154130049458808,4044.0716253443525
89.0909090909091,2.0575757575757576,4.011670724813887,1.7989824119343665,4216.159779614325
92.72727272727272,2.0575757575757576,4.088624783154725,1.782966909536277,4388.247933884297
96.36363636363636,2.0575757575757576,4.166801940368373,1.7673589028535885,4560.336088154269
100.0,2.0575757575757576,4.246196657206738,1.7521504572613664,4732.424242424242
103.63636363636363,2.0575757575757576,4.326803112008006,1.7373333145120284,4904.512396694215
107.27272727272728,2.0575757575757576,4.408615200911183,1.7228989103047672,5076.600550964187
110.9090909090909,2.0575757575757576,4.491626538158084,1.7088383932656113,5248.68870523416
114.54545454545455,2.0575757575757576,4.575830456482174,1.695142645273704,5420.7768595041325
118.18181818181819,2.0575757575757576,4.661220007585259,1.6818023030604843,5592.865013774105
121.81818181818181,2.0575757575757576,4.747787962702102,1.6688077810002975,5764.953168044077
125.45454545454545,2.0575757575757576,4.835526813252318,1.6561492950038021,5937.04132231405
129.0909090909091,2.0575757575757576,4.924428771581223,1.6438168874197978,6109.129476584022
132.72727272727272,2.0575757575757576,5.014485771787587,1.6318004528461862,6281.217630853994
136.36363636363637,2.0575757575757576,5.105689470640217,1.6200897647472126,6453.305785123967
140.0,2.0575757575757576,5.198031248582741,1.6086745027724183,6625.393939393939
143.63636363636363,2.0575757575757576,5.291502210825636,1.5975442806707973,6797.482093663912
147.27272727272725,2.0575757575757576,5.386093188527092,1.586688674695333,6969.570247933883
150.9090909090909,2.0575757575757576,5.481794740061307,1.576097252393409,7141.658402203857
154.54545454545456,2.0575757575757576,5.5785971523744085,1.5657596016822863,7313.74655647383
158.1818181818182,2.0575757575757576,5.6764904424283475,1.5556653601118406,7485.834710743802
161.8181818181818,2.0575757575757576,5.775464358731772,1.5458042442224333,7657.922865013774
165.45454545454544,2.0575757575757576,5.875508382957685,1.5361660789103797,7830.011019283746
169.0909090909091,2.0575757575757576,5.976611731648935,1.5267408267209013,8002.099173553719
172.72727272727272,2.0575757575757576,6.078763358009047,1.5175186169946449,8174.187327823692
176.36363636363637,2.0575757575757576,6.181951953779784,1.5084897748017227,8346.275482093664
180.0,2.0575757575757576,6.286165951204098,1.4996448496046964,8518.363636363636
183.63636363636363,2.0575757575757576,6.391393525074914,1.4909746436000357,8690.451790633608
187.27272727272725,2.0575757575757576,6.497622594867986,1.4824702396953044,8862.539944903581
190.9090909090909,2.0575757575757576,6.6048408269598315,1.4741230290872451,9034.628099173555
194.54545454545453,2.0575757575757576,6.713035636928625,1.465924738413574,9206.716253443527
198.1818181818182,2.0575757575757576,6.822194191939355,1.457867456458042,9378.8044077135
201.8181818181818,2.0575757575757576,6.93230341321067,1.4499436603952494,9550.892561983472
205.45454545454544,2.0575757575757576,7.04334997856429,1.4421462415679243,9722.980716253443
209.0909090909091,2.0575757575757576,7.155320325055316,1.434468530794048,9895.068870523417
212.72727272727272,2.0575757575757576,7.268200651683669,1.4269043232060132,10067.157024793389
216.36363636363635,2.0575757575757576,7.38197692218475,1.4194479026275637,10239.24517906336
220.0,2.0575757575757576,7.496634867899801,1.412094065496404,10411.333333333334
223.63636363636363,2.0575757575757576,7.612159990724156,1.404838144342053,10583.421487603306
227.27272727272728,2.0575757575757576,7.72853756613313,1.3976760308284213,10755.50964187328
230.9090909090909,2.0575757575757576,7.845752646284315,1.390604198369508,10927.59779614325
234.54545454545453,2.0575757575757576,7.963790063195757,1.3836197243245196,11099.685950413223
238.1818181818182,2.0575757575757576,8.082634431998649,1.3767203117742406,11271.774104683196
241.8181818181818,2.0575757575757576,8.202270154263825,1.369904310875695,11443.862258953168
245.45454545454544,2.0575757575757576,8.322681421401377,1.3631707397849175,11615.95041322314
249.0909090909091,2.0575757575757576,8.443852218131145,1.3565193051291402,11788.038567493113
252.72727272727272,2.0575757575757576,8.565766326024905,1.3499504220001173,11960.126721763085
256.3636363636364,2.0575757575757576,8.688407327117288,1.3434652334268957,12132.214876033058
260.0,2.0575757575757576,8.811758607585489,1.3370656292749814,12304.303030303032
263.6363636363636,2.0575757575757576,8.935803361496411,1.3307542645007864,12476.391184573002
267.27272727272725,2.0575757575757576,9.060524594619654,1.3245345766750865,12648.479338842975
270.9090909090909,2.0575757575757576,9.185905128305487,1.3184108026690824,12820.567493112945
274.5454545454545,2.0575757575757576,9.311927603426351,1.3123879943757544,12992.655647382919
278.1818181818182,2.0575757575757576,9.43857448438114,1.306472033317473,13164.743801652892
281.8181818181818,2.0575757575757576,9.565828063160165,1.3006696439662133,13336.831955922866
285.45454545454544,2.0575757575757576,9.693670463470072,1.2949884055777434,13508.920110192836
289.0909090909091,2.0575757575757576,9.822083644917198,1.2894367623147,13681.008264462813
292.72727272727275,2.0575757575757576,9.951049407248146,1.2840240314068017,13853.096418732783
296.3636363636364,2.0575757575757576,10.080549394645596,1.278760409068936,14025.184573002756
300.0,2.0575757575757576,10.210565100078846,1.2736569738714405,14197.272727272726
303.6363636363636,2.0575757575757576,10.341077869706819,1.2687256872311918,14369.3608815427
307.27272727272725,2.0575757575757576,10.47206890733287,1.2639793906682333,14541.449035812671
310.9090909090909,2.0575757575757576,10.603519278908664,1.2594317994522326,14713.537190082645
314.5454545454545,2.0575757575757576,10.735409917087358,1.2550974922460258,14885.625344352615
318.1818181818182,2.0575757575757576,10.86772162582277,1.2509918963424607,15057.71349862259
321.8181818181818,2.0575757575757576,11.00043508501449,1.247131268085583,15229.801652892562
325.45454545454544,2.0575757575757576,11.133530855196085,1.2435326680710561,15401.889807162535
329.09090909090907,2.0575757575757576,11.266989382265981,1.2402139307330742,15573.977961432505
332.7272727272727,2.0575757575757576,11.400791002258515,1.237193627950073,15746.066115702479
336.3636363636364,2.0575757575757576,11.534915946153541,1.2344910263374558,15918.154269972452
340.0,2.0575757575757576,11.669344344724538,1.232126037946411,16090.242424242426
343.6363636363636,2.0575757575757576,11.804056233420521,1.2301191641537537,16262.330578512396
347.27272727272725,2.0575757575757576,11.93903155728324,1.2284914326081466,16434.418732782367
350.9090909090909,2.0575757575757576,12.074250175896129,1.2272643271951096,16606.50688705234
354.54545454545456,2.0575757575757576,12.209691868363542,1.2264597110958921,16778.595041322315
358.1818181818182,2.0575757575757576,12.345336338319266,1.2260997431401361,16950.683195592286
361.8181818181818,2.0575757575757576,12.481163218961854,1.2262067877936553,17122.77134986226
365.45454545454544,2.0575757575757576,12.617152078115026,1.226803319268206,17294.85950413223
369.09090909090907,2.0575757575757576,12.75328242331225,1.2279118203972668,17466.947658402205
372.7272727272727,2.0575757575757576,12.889533706902693,1.2295546770766805,17639.035812672173
376.3636363636364,2.0575757575757576,13.025885331177495,1.2317540692225242,17811.123966942152
380.0,2.0575757575757576,13.162316653514015,1.2345318593423487,17983.21212121212
383.6363636363636,2.0575757575757576,13.29880699153695,1.2379094799446564,18155.300275482095
387.27272727272725,2.0575757575757576,13.43533562829391,1.2419078211184833,18327.388429752064
390.9090909090909,2.0575757575757576,13.57188181744387,1.2465471196960707,18499.47658402204
394.54545454545456,2.0575757575757576,13.708424788457084,1.2518468514586922,18671.56473829201
398.1818181818182,2.0575757575757576,13.844943751823449,1.2578256278581688,18843.652892561986
401.8181818181818,2.0575757575757576,13.981417904269577,1.2645010986981564,19015.741046831954
405.45454545454544,2.0575757575757576,14.11782643398058,1.2718898621511174,19187.82920110193
409.09090909090907,2.0575757575757576,14.254148525825752,1.2800073833790617,19359.9173553719
412.7272727272727,2.0575757575757576,14.390363366586822,1.2888679228786935,19532.005509641873
416.3636363636364,2.0575757575757576,14.526450150186115,1.2984844754937954,19704.093663911844
420.0,2.0575757575757576,14.662388082912859,1.3088687208291676,19876.18181818182
60.0,2.086868686868687,3.4668457930987824,1.9616535051793649,2879.8787878787884
63.63636363636363,2.086868686868687,3.5344738292948064,1.9419769148907393,3054.4168962350786
67.27272727272727,2.086868686868687,3.6033604131482253,1.922752340901808,3228.955004591369
70.9090909090909,2.086868686868687,3.6735021811372928,1.903974968835426,3403.4931129476586
74.54545454545455,2.086868686868687,3.744895488192138,1.8856395878343786,3578.031221303949
78.18181818181819,2.086868686868687,3.8175364072424385,1.8677405957933988,3752.5693296602394
81.81818181818181,2.086868686868687,3.8914207288496083,1.8502720060651432,3927.1074380165296
85.45454545454545,2.086868686868687,3.9665439609234907,1.8332274556610175,4101.64554637282
89.0909090909091,2.086868686868687,4.042901328524052,1.8166002149575644,4276.1836547291105
92.72727272727272,2.086868686868687,4.120487773749069,1.800383198909421,4450.721763085399
96.36363636363636,2.086868686868687,4.19929795570732,1.7845689797587718,4625.25987144169
100.0,2.086868686868687,4.27932625057857,1.7691498012216194,4799.797979797981
103.63636363636363,2.086868686868687,4.360566751759996,1.7541175941199532,4974.33608815427
107.27272727272728,2.086868686868687,4.443013270099551,1.7394639934198441,5148.874196510562
110.9090909090909,2.086868686868687,4.526659334217146,1.725180356624661,5323.412304866851
114.54545454545455,2.086868686868687,4.611498190912415,1.7112577834645177,5497.950413223141
118.18181818181819,2.086868686868687,4.697522805660906,1.6976871368142041,5672.488521579432
121.81818181818181,2.086868686868687,4.784725863198107,1.684459064763818,5847.026629935722
125.45454545454545,2.086868686868687,4.873099768190922,1.6715640237610636,6021.5647382920115
129.0909090909091,2.086868686868687,4.96263664599798,1.6589923027362652,6196.102846648302
132.72727272727272,2.086868686868687,5.053328343517552,1.6467340481191475,6370.640955004592
136.36363636363637,2.086868686868687,5.1451664301238305,1.634779289651076,6545.179063360883
140.0,2.086868686868687,5.23814219869153,1.6231179668949471,6719.717171717173
143.63636363636363,2.086868686868687,5.332246666708463,1.6117399563443837,6894.255280073463
147.27272727272725,2.086868686868687,5.427470577476202,1.6006350990329048,7068.793388429752
150.9090909090909,2.086868686868687,5.523804401398591,1.589793228545991,7243.331496786043
154.54545454545456,2.086868686868687,5.621238337358589,1.5792041993407455,7417.869605142335
158.1818181818182,2.086868686868687,5.719762314181634,1.5688579152814444,7592.407713498625
161.8181818181818,2.086868686868687,5.819365992187583,1.5587443583035774,7766.945821854913
165.45454545454544,2.086868686868687,5.920038764829101,1.5488536171234981,7941.483930211203
169.0909090909091,2.086868686868687,6.021769760417168,1.5391759159177225,8116.022038567495
172.72727272727272,2.086868686868687,6.1245478439323895,1.529701642900765,8290.560146923784
176.36363636363637,2.086868686868687,6.228361618924042,1.5204213787384968,8465.098255280074
180.0,2.086868686868687,6.333199429492922,1.5113259247403616,8639.636363636364
183.63636363636363,2.086868686868687,6.439049362360942,1.5024063307810767,8814.174471992656
187.27272727272725,2.086868686868687,6.5458992490249415,1.49365392291005,8988.712580348945
190.9090909090909,2.086868686868687,6.6537366679950285,1.4850603306136942,9163.250688705237
194.54545454545453,2.086868686868687,6.762548947116423,1.4766175137028912,9337.788797061525
198.1818181818182,2.086868686868687,6.8723231659751125,1.4683177888040932,9512.326905417816
201.8181818181818,2.086868686868687,6.983046158385433,1.4601538554395237,9686.865013774106
205.45454545454544,2.086868686868687,7.094704514960023,1.4521188216864613,9861.403122130396
209.0909090909091,2.086868686868687,7.2072845857612,1.444206229411149,10035.941230486686
212.72727272727272,2.086868686868687,7.320772483032316,1.4364100790766638,10210.479338842977
216.36363636363635,2.086868686868687,7.435154084009541,1.428724854127297,10385.017447199267
220.0,2.086868686868687,7.550415033812531,1.421145544954125,10559.555555555558
223.63636363636363,2.086868686868687,7.666540748412839,1.413667672447406,10734.093663911848
227.27272727272728,2.086868686868687,7.783516417680834,1.4062873111418792,10908.631772268138
230.9090909090909,2.086868686868687,7.901327008507697,1.3990011119591317,11083.169880624428
234.54545454545453,2.086868686868687,8.019957268004015,1.3918063245488284,11257.707988980717
238.1818181818182,2.086868686868687,8.13939172677285,1.3847008192269565,11432.246097337009
241.8181818181818,2.086868686868687,8.259614702256302,1.3776831085028811,11606.784205693297
245.45454545454544,2.086868686868687,8.380610302154588,1.3707523681812679,11781.322314049588
249.0909090909091,2.086868686868687,8.502362427917038,1.363908458014794,11955.860422405878
252.72727272727272,2.086868686868687,8.62485477830382,1.3571519418748914,12130.39853076217
256.3636363636364,2.086868686868687,8.748070853016195,1.3504841073941978,12304.936639118461
260.0,2.086868686868687,8.871993956396322,1.3439069850222605,12479.47474747475
263.6363636363636,2.086868686868687,8.996607201193427,1.337423366418844,12654.01285583104
267.27272727272725,2.086868686868687,9.12189351239617,1.3310368220932858,12828.550964187329
270.9090909090909,2.086868686868687,9.247835631129588,1.3247517181781943,13003.089072543618
274.5454545454545,2.086868686868687,9.374416118615866,1.3185732322057726,13177.62718089991
278.1818181818182,2.086868686868687,9.501617360197294,1.3125073677318007,13352.165289256202
281.8181818181818,2.086868686868687,9.62942156941977,1.3065609676290708,13526.70339761249
285.45454545454544,2.086868686868687,9.757810792176393,1.3007417258464955,13701.241505968781
289.0909090909091,2.086868686868687,9.886766910909197,1.2950581974042066,13875.779614325073
292.72727272727275,2.086868686868687,10.016271648867518,1.2895198063680764,14050.317722681364
296.3636363636364,2.086868686868687,10.146306574422248,1.2841368515202527,14224.855831037652
300.0,2.086868686868687,10.276853105433771,1.2789205094164373,14399.39393939394
303.6363636363636,2.086868686868687,10.40789251367285,1.273882834495099,14573.932047750232
307.27272727272725,2.086868686868687,10.53940592929254,1.2690367558810172,14748.470156106521
310.9090909090909,2.086868686868687,10.671374345349271,1.2643960705061361,14923.008264462813
314.5454545454545,2.086868686868687,10.803778622373283,1.259975432154211,15097.5463728191
318.1818181818182,2.086868686868687,10.9365994929842,1.2557903360269118,15272.084481175392
321.8181818181818,2.086868686868687,11.069817566552757,1.251857098424474,15446.622589531684
325.45454545454544,2.086868686868687,11.20341333390531,1.2481928311403367,15621.160697887972
329.09090909090907,2.086868686868687,11.337367172070966,1.244815410183431,15795.698806244262
332.7272727272727,2.086868686868687,11.471659349067767,1.2417434384685646,15970.236914600553
336.3636363636364,2.086868686868687,11.60627002872892,1.238996202153983,16144.775022956843
340.0,2.086868686868687,11.741179275565205,1.23659362035892,16319.313131313134
343.6363636363636,2.086868686868687,11.876367059662531,1.2345561880609626,16493.851239669424
347.27272727272725,2.086868686868687,12.01181326161387,1.2329049120577618,16668.389348025714
350.9090909090909,2.086868686868687,12.147497677482518,1.2316612399752576,16842.927456382004
354.54545454545456,2.086868686868687,12.283400023795961,1.2308469824205512,17017.465564738293
358.1818181818182,2.086868686868687,12.419499942567917,1.230484228503594,17192.003673094587
361.8181818181818,2.086868686868687,12.555777006347668,1.2305952550940529,17366.541781450876
365.45454545454544,2.086868686868687,12.692210723294078,1.2312024303268352,17541.079889807163
369.09090909090907,2.086868686868687,12.82878054227298,1.2323281120250913,17715.617998163456
372.7272727272727,2.086868686868687,12.965465857976124,1.2339945418646918,17890.156106519746
376.3636363636364,2.086868686868687,13.102246016059956,1.2362237362544397,18064.694214876035
380.0,2.086868686868687,13.239100318302315,1.2390373750475858,18239.232323232325
383.6363636363636,2.086868686868687,13.376008027775384,1.242456689324009,18413.770431588615
387.27272727272725,2.086868686868687,13.512948374032863,1.2465023495858227,18588.30853994491
390.9090909090909,2.086868686868687,13.649900558309959,1.251194355782549,18762.846648301194
394.54545454545456,2.086868686868687,13.786843758733916,1.2565519306242747,18937.384756657488
398.1818181818182,2.086868686868687,13.923757135544031,1.2625934176459743,19111.922865013777
401.8181818181818,2.086868686868687,14.060619836318153,1.269336185451316,19286.460973370067
405.45454545454544,2.086868686868687,14.197411001204717,1.2767965394892211,19460.999081726357
409.09090909090907,2.086868686868687,14.334109768158747,1.284989642602412,19635.537190082647
412.7272727272727,2.086868686868687,14.47069527817925,1.2939294454348502,19810.075298438936
416.3636363636364,2.086868686868687,14.607146680546226,1.3036286276029765,19984.61340679523
420.0,2.086868686868687,14.743443138055895,1.3140985503238563,20159.15151515152
60.0,2.1161616161616164,3.492329359513862,1.9804061867703762,2920.3030303030305
63.63636363636363,2.1161616161616164,3.5605731139568864,1.9605737029660077,3097.2910927456383
67.27272727272727,2.1161616161616164,3.6300766614416524,1.9411877568266354,3274.2791551882465
70.9090909090909,2.1161616161616164,3.700836558150602,1.922243612373892,3451.2672176308542
74.54545454545455,2.1161616161616164,3.7728490782212116,1.9037361490718614,3628.2552800734625
78.18181818181819,2.1161616161616164,3.8461102133109115,1.8856598670645723,3805.2433425160707
81.81818181818181,2.1161616161616164,3.920615672247055,1.8680088938238564,3982.231404958678
85.45454545454545,2.1161616161616164,3.9963608807610305,1.8507769922281785,4159.219467401286
89.0909090909091,2.1161616161616164,4.0733409813086165,1.8339575700823314,4336.207529843894
92.72727272727272,2.1161616161616164,4.151550832975091,1.817543691079445,4513.195592286502
96.36363636363636,2.1161616161616164,4.230985011467312,1.8015280871968125,4690.18365472911
100.0,2.1161616161616164,4.311637809191917,1.785903172506996,4867.171717171717
103.63636363636363,2.1161616161616164,4.3935032354204315,1.7706610583768074,5044.159779614325
107.27272727272728,2.1161616161616164,4.476575016541651,1.7557935700164677,5221.147842056934
110.9090909090909,2.1161616161616164,4.5608465964011895,1.7412922643330624,5398.135904499541
114.54545454545455,2.1161616161616164,4.6463111367289835,1.7271484490333473,5575.123966942149
118.18181818181819,2.1161616161616164,4.732961517654337,1.7133532029133256,5752.112029384757
121.81818181818181,2.1161616161616164,4.820790338309093,1.6998973972648965,5929.100091827365
125.45454545454545,2.1161616161616164,4.909789917519064,1.6867717183234272,6106.0881542699735
129.0909090909091,2.1161616161616164,4.999952294583425,1.6739666906746888,6283.076216712581
132.72727272727272,2.1161616161616164,5.091269230142613,1.661472701535812,6460.064279155188
136.36363636363637,2.1161616161616164,5.183732207134087,1.6492800258208344,6637.052341597798
140.0,2.1161616161616164,5.27733243183697,1.6373788518995303,6814.040404040405
143.63636363636363,2.1161616161616164,5.372060835004601,1.6257593079573227,6991.028466483012
147.27272727272725,2.1161616161616164,5.467908073084963,1.614411488863716,7168.016528925619
150.9090909090909,2.1161616161616164,5.564864529529781,1.603325483457636,7345.004591368228
154.54545454545456,2.1161616161616164,5.662920316190846,1.5924914021604177,7521.992653810837
158.1818181818182,2.1161616161616164,5.762065274804353,1.5818994048297084,7698.980716253444
161.8181818181818,2.1161616161616164,5.862288978562514,1.571539728771846,7875.968778696052
165.45454545454544,2.1161616161616164,5.963580733772628,1.5614027168341065,8052.956841138659
169.0909090909091,2.1161616161616164,6.065929581602608,1.5514788455042714,8229.944903581269
172.72727272727272,2.1161616161616164,6.169324299913463,1.5417587529501229,8406.932966023875
176.36363636363637,2.1161616161616164,6.2737534051776,1.5322332669378411,8583.921028466484
180.0,2.1161616161616164,6.379205154483278,1.522893432574826,8760.909090909092
183.63636363636363,2.1161616161616164,6.485667547623953,1.5137305398292071,8937.8971533517
187.27272727272725,2.1161616161616164,6.593128329272959,1.5047361507845485,9114.885215794306
190.9090909090909,2.1161616161616164,6.7015749912418645,1.4959021265955195,9291.873278236915
194.54545454545453,2.1161616161616164,6.810994774823467,1.4872206541163733,9468.861340679523
198.1818181818182,2.1161616161616164,6.921374673217237,1.4786842721800944,9645.849403122133
201.8181818181818,2.1161616161616164,7.0327014340378575,1.4702858975118869,9822.837465564739
205.45454545454544,2.1161616161616164,7.144961561905252,1.462018850265898,9999.825528007346
209.0909090909091,2.1161616161616164,7.258141321116436,1.4538768791781536,10176.813590449954
212.72727272727272,2.1161616161616164,7.372226738397348,1.4458541863328371,10353.801652892562
216.36363636363635,2.1161616161616164,7.487203605734873,1.4379454515413645,10530.78971533517
220.0,2.1161616161616164,7.603057483287625,1.4301458563360685,10707.77777777778
223.63636363636363,2.1161616161616164,7.719773702374789,1.4224511075808655,10884.765840220385
227.27272727272728,2.1161616161616164,7.837337368542787,1.4148574607009905,11061.753902662995
230.9090909090909,2.1161616161616164,7.955733364707733,1.4073617425324547,11238.741965105603
234.54545454545453,2.1161616161616164,8.074946354373889,1.3999613737892898,11415.73002754821
238.1818181818182,2.1161616161616164,8.194960784926396,1.3926543911418239,11592.71808999082
241.8181818181818,2.1161616161616164,8.315760890997808,1.3854394688947116,11769.706152433426
245.45454545454544,2.1161616161616164,8.437330697906875,1.3783159402448955,11946.694214876032
249.0909090909091,2.1161616161616164,8.559654025169179,1.3712838180924563,12123.682277318641
252.72727272727272,2.1161616161616164,8.682714490077924,1.3643438153655167,12300.67033976125
256.3636363636364,2.1161616161616164,8.806495511354271,1.357497364809608,12477.658402203859
260.0,2.1161616161616164,8.93098031286564,1.3507466381766213,12654.646464646465
263.6363636363636,2.1161616161616164,9.056151927411557,1.3440945647343512,12831.634527089074
267.27272727272725,2.1161616161616164,9.181993200574288,1.3375448489991018,13008.62258953168
270.9090909090909,2.1161616161616164,9.308486794635558,1.3311019875749026,13185.610651974288
274.5454545454545,2.1161616161616164,9.435615192555154,1.324771284962755,13362.598714416894
278.1818181818182,2.1161616161616164,9.563360702012684,1.3185588681797413,13539.586776859507
281.8181818181818,2.1161616161616164,9.691705459509546,1.3124717000047066,13716.574839302113
285.45454545454544,2.1161616161616164,9.82063143453058,1.3065175906422333,13893.562901744719
289.0909090909091,2.1161616161616164,9.95012043376352,1.3007052075698584,14070.550964187332
292.72727272727275,2.1161616161616164,10.080154105376012,1.295044083308158,14247.539026629938
296.3636363636364,2.1161616161616164,10.210713943346402,1.289544620825692,14424.527089072546
300.0,2.1161616161616164,10.341781291850046,1.2842180962660936,14601.515151515152
303.6363636363636,2.1161616161616164,10.473337349696763,1.2790766586593079,14778.503213957762
307.27272727272725,2.1161616161616164,10.605363174820148,1.274133326257409,14955.491276400367
310.9090909090909,2.1161616161616164,10.737839688815773,1.2694019791158462,15132.479338842975
314.5454545454545,2.1161616161616164,10.870747681527309,1.2648973475276757,15309.467401285581
318.1818181818182,2.1161616161616164,11.004067815679448,1.2606349959083027,15486.455463728194
321.8181818181818,2.1161616161616164,11.137780631555263,1.2566313017274806,15663.4435261708
325.45454545454544,2.1161616161616164,11.271866551716876,1.2529034290921228,15840.431588613406
329.09090909090907,2.1161616161616164,11.406305885767972,1.2494692966001053,16017.419651056014
332.7272727272727,2.1161616161616164,11.541078835156096,1.2463475391144812,16194.407713498624
336.3636363636364,2.1161616161616164,11.676165498013384,1.2435574631479689,16371.395775941233
340.0,2.1161616161616164,11.811545874034179,1.2411189956040787,16548.38383838384
343.6363636363636,2.1161616161616164,11.947199869387653,1.2390526256909657,16725.371900826445
347.27272727272725,2.1161616161616164,12.083107301663476,1.2373793399100934,16902.359963269057
350.9090909090909,2.1161616161616164,12.219247904850029,1.2361205501237382,17079.34802571166
354.54545454545456,2.1161616161616164,12.35560133434159,1.2352980148206,17256.336088154272
358.1818181818182,2.1161616161616164,12.49214717197424,1.234933753829301,17433.32415059688
361.8181818181818,2.1161616161616164,12.62886493108871,1.2350499568699702,17610.312213039488
365.45454545454544,2.1161616161616164,12.765734061617119,1.2356688864840057,17787.300275482095
369.09090909090907,2.1161616161616164,12.902733955193384,1.2368127760354297,17964.2883379247
372.7272727272727,2.1161616161616164,13.039843950284668,1.238503723631688,18141.27640036731
376.3636363636364,2.1161616161616164,13.177043337342445,1.2407635829598473,18318.26446280992
380.0,2.1161616161616164,13.31431136397075,1.243613852171598,18495.252525252527
383.6363636363636,2.1161616161616164,13.451627240111149,1.2470755620712934,18672.240587695134
387.27272727272725,2.1161616161616164,13.588970143240903,1.2511691649576597,18849.228650137742
390.9090909090909,2.1161616161616164,13.726319223584257,1.2559144255392267,19026.21671258035
394.54545454545456,2.1161616161616164,13.86365360933337,1.2613303153782143,19203.204775022958
398.1818181818182,2.1161616161616164,14.000952411878812,1.2674349123159567,19380.192837465565
401.8181818181818,2.1161616161616164,14.138194731046084,1.2742453062915489,19557.180899908177
405.45454545454544,2.1161616161616164,14.275359660337546,1.281777512883683,19734.16896235078
409.09090909090907,2.1161616161616164,14.41242629217772,1.2900463957854909,19911.15702479339
412.7272727272727,2.1161616161616164,14.549373723159572,1.2990655992659015,20088.145087235996
416.3636363636364,2.1161616161616164,14.686181059290377,1.3088474914834052,20265.133149678608
420.0,2.1161616161616164,14.8228274212358,1.3194031193053501,20442.121212121216
60.0,2.1454545454545455,3.517094834122097,1.998858430940482,2960.7272727272725
63.63636363636363,2.1454545454545455,3.5859455671321507,1.9788734573663291,3140.165289256198
67.27272727272727,2.1454545454545455,3.6560572842824897,1.9593297596283625,3319.603305785123
70.9090909090909,2.1454545454545455,3.7274264621479807,1.9402226773014555,3499.0413223140495
74.54545454545455,2.1454545454545455,3.800049294778506,1.9215471766543248,3678.4793388429757
78.18181818181819,2.1454545454545455,3.873921693281585,1.9032978558937528,3857.917355371901
81.81818181818181,2.1454545454545455,3.949039285489361,1.8854689517616492,4037.3553719008264
85.45454545454545,2.1454545454545455,4.025397415711261,1.8680543475035576,4216.793388429752
89.0909090909091,2.1454545454545455,4.102991144571456,1.851047582218532,4396.231404958678
92.72727272727272,2.1454545454545455,4.181815248932763,1.8344418615926803,4575.669421487602
96.36363636363636,2.1454545454545455,4.261864221906371,1.818230070007795,4755.107438016529
100.0,2.1454545454545455,4.343132272949038,1.802404784009405,4934.545454545455
103.63636363636363,2.1454545454545455,4.425613328046001,1.7869582871082181,5113.98347107438
107.27272727272728,2.1454545454545455,4.50930102998282,1.7718825858807827,5293.421487603307
110.9090909090909,2.1454545454545455,4.594188738703382,1.7571694273268266,5472.859504132231
114.54545454545455,2.1454545454545455,4.680269531756227,1.7428103174324643,5652.297520661157
118.18181818181819,2.1454545454545455,4.767536204829085,1.7287965408812247,5831.735537190083
121.81818181818181,2.1454545454545455,4.855981272370803,1.7151191818484435,6011.173553719009
125.45454545454545,2.1454545454545455,4.94559696830247,1.7017691458077677,6190.611570247934
129.0909090909091,2.1454545454545455,5.036375246816038,1.6887371822747097,6370.0495867768595
132.72727272727272,2.1454545454545455,5.12830778326156,1.6760139084067514,6549.487603305784
136.36363636363637,2.1454545454545455,5.221385975123193,1.663589833377093,6728.925619834712
140.0,2.1454545454545455,5.315600943082899,1.651455383436776,6908.363636363637
143.63636363636363,2.1454545454545455,5.410943532172937,1.6396009275785821,7087.801652892562
147.27272727272725,2.1454545454545455,5.5074043130165915,1.628016803715794,7267.239669421486
150.9090909090909,2.1454545454545455,5.604973583156482,1.6166933452904046,7446.677685950413
154.54545454545456,2.1454545454545455,5.703641368471497,1.6056209082258008,7626.115702479339
158.1818181818182,2.1454545454545455,5.803397424680744,1.59478989814298,7805.553719008264
161.8181818181818,2.1454545454545455,5.904231238935811,1.5841907977613983,7984.991735537191
165.45454545454544,2.1454545454545455,6.006132031499208,1.573814194410924,8164.429752066115
169.0909090909091,2.1454545454545455,6.109088757510795,1.5636508075849098,8343.86776859504
172.72727272727272,2.1454545454545455,6.213090108840113,1.5536915164704372,8523.305785123966
176.36363636363637,2.1454545454545455,6.318124516024883,1.543927387397369,8702.743801652894
180.0,2.1454545454545455,6.424180150295943,1.5343497011531178,8882.181818181818
183.63636363636363,2.1454545454545455,6.531244925686609,1.5249499801173014,9061.619834710744
187.27272727272725,2.1454545454545455,6.6393065012277175,1.5157200151753596,9241.05785123967
190.9090909090909,2.1454545454545455,6.748352283226392,1.5066518923774272,9420.495867768595
194.54545454545453,2.1454545454545455,6.858369427628869,1.4977380193138337,9599.93388429752
198.1818181818182,2.1454545454545455,6.969344842466654,1.488971151184883,9779.371900826445
201.8181818181818,2.1454545454545455,7.081265190384917,1.4803444165471016,9958.809917355373
205.45454545454544,2.1454545454545455,7.194116891252971,1.4718513427236968,10138.247933884297
209.0909090909091,2.1454545454545455,7.307886124855975,1.4634858808698725,10317.685950413223
212.72727272727272,2.1454545454545455,7.422558833667061,1.4552424306884753,10497.123966942148
216.36363636363635,2.1454545454545455,7.538120725699426,1.447115864792386,10676.561983471074
220.0,2.1454545454545455,7.654557277436646,1.4391015527127495,10856.0
223.63636363636363,2.1454545454545455,7.771853736842376,1.431195384552453,11035.438016528924
227.27272727272728,2.1454545454545455,7.889995126445763,1.4233937942832795,11214.876033057852
230.9090909090909,2.1454545454545455,8.00896624650465,1.4156937826843987,11394.314049586777
234.54545454545453,2.1454545454545455,8.128751678242946,1.4080929399156201,11573.752066115701
238.1818181818182,2.1454545454545455,8.249335787163561,1.4005894677158715,11753.190082644629
241.8181818181818,2.1454545454545455,8.370702726433821,1.393182201210257,11932.628099173555
245.45454545454544,2.1454545454545455,8.492836440344472,1.3858706303028976,12112.066115702479
249.0909090909091,2.1454545454545455,8.615720667838648,1.3786549206232048,12291.504132231406
252.72727272727272,2.1454545454545455,8.739338946112694,1.3715359339829285,12470.94214876033
256.3636363636364,2.1454545454545455,8.863674614284964,1.36451524828922,12650.380165289258
260.0,2.1454545454545455,8.988710817133546,1.357595176844786,12829.818181818184
263.6363636363636,2.1454545454545455,9.114430508900272,1.3507787869506975,13009.256198347108
267.27272727272725,2.1454545454545455,9.240816457160705,1.3440699177099853,13188.694214876032
270.9090909090909,2.1454545454545455,9.367851246758427,1.3374731969104883,13368.132231404958
274.5454545454545,2.1454545454545455,9.495517283803187,1.3309940568450749,13547.570247933882
278.1818181818182,2.1454545454545455,9.623796799729865,1.3246387489047378,13727.00826446281
281.8181818181818,2.1454545454545455,9.752671855418814,1.3184143567560467,13906.446280991737
285.45454545454544,2.1454545454545455,9.8821243453755,1.3123288078896165,14085.88429752066
289.0909090909091,2.1454545454545455,10.01213600196735,1.306390883300526,14265.322314049588
292.72727272727275,2.1454545454545455,10.142688399718228,1.3006102250352836,14444.760330578514
296.3636363636364,2.1454545454545455,10.27376295965699,1.294997341313971,14624.198347107438
300.0,2.1454545454545455,10.405340953720335,1.2895636089106899,14803.636363636364
303.6363636363636,2.1454545454545455,10.537403509207563,1.284321272451814,14983.074380165288
307.27272727272725,2.1454545454545455,10.669931613286245,1.2792834402704027,15162.512396694214
310.9090909090909,2.1454545454545455,10.80290611754701,1.2744640764362645,15341.95041322314
314.5454545454545,2.1454545454545455,10.936307742606303,1.2698779885691913,15521.388429752065
318.1818181818182,2.1454545454545455,11.070117082754775,1.265540811034691,15700.826446280993
321.8181818181818,2.1454545454545455,11.204314610650783,1.261468983121575,15880.264462809917
325.45454545454544,2.1454545454545455,11.338880682056681,1.2576797218098554,16059.702479338843
329.09090909090907,2.1454545454545455,11.473795540616413,1.2541909887558986,16239.140495867767
332.7272727272727,2.1454545454545455,11.60903932267312,1.2510214511534015,16418.578512396693
336.3636363636364,2.1454545454545455,11.744592062124813,1.2481904361709213,16598.016528925622
340.0,2.1454545454545455,11.880433695316336,1.2457178787266403,16777.454545454548
343.6363636363636,2.1454545454545455,12.01654406596641,1.2436242624317848,16956.89256198347
347.27272727272725,2.1454545454545455,12.15290293012766,1.2419305536239271,17136.330578512396
350.9090909090909,2.1454545454545455,12.289489961178102,1.2406581285144815,17315.76859504132
354.54545454545456,2.1454545454545455,12.426284754842484,1.2398286935920155,17495.206611570247
358.1818181818182,2.1454545454545455,12.563266834240956,1.239464199555536,17674.644628099173
361.8181818181818,2.1454545454545455,12.700415654965289,1.239586749192406,17854.0826446281
365.45454545454544,2.1454545454545455,12.8377106101781,1.240218499766205,18033.520661157025
369.09090909090907,2.1454545454545455,12.975131035735796,1.2413815606323755,18212.95867768595
372.7272727272727,2.1454545454545455,13.112656215332104,1.2430978869525726,18392.396694214876
376.3636363636364,2.1454545454545455,13.250265385660898,1.2453891705243312,18571.834710743802
380.0,2.1454545454545455,13.387937741596177,1.2482767288765237,18751.272727272728
383.6363636363636,2.1454545454545455,13.525652441388317,1.2517813938979814,18930.71074380165
387.27272727272725,2.1454545454545455,13.663388611872797,1.2559234013575438,19110.14876033058
390.9090909090909,2.1454545454545455,13.801125353692434,1.260722282737433,19289.586776859505
394.54545454545456,2.1454545454545455,13.938841746528828,1.2661967608305107,19469.02479338843
398.1818181818182,2.1454545454545455,14.076516854342245,1.2723646505432902,19648.462809917357
401.8181818181818,2.1454545454545455,14.214129730618396,1.2792427662984647,19827.90082644628
405.45454545454544,2.1454545454545455,14.351659423619505,1.286846837343667,20007.338842975205
409.09090909090907,2.1454545454545455,14.489084981638637,1.2951914321461346,20186.77685950413
412.7272727272727,2.1454545454545455,14.626385458254674,1.3042898928928472,20366.214876033056
416.3636363636364,2.1454545454545455,14.763539917587048,1.314154280923759,20545.652892561986
420.0,2.1454545454545455,14.900527439547073,1.3247953337118707,20725.090909090908
60.0,2.174747474747475,3.5411463214191974,2.017001476840342,3001.1515151515155
63.63636363636363,2.174747474747475,3.6105951297129737,1.9968677835683242,3183.039485766759
67.27272727272727,2.174747474747475,3.681306058202183,1.9771703197457284,3364.9274563820018
70.9090909090909,2.174747474747475,3.7532755045643578,1.9579044975314819,3546.815426997246
74.54545454545455,2.174747474747475,3.826499583489345,1.9390653663887254,3728.7033976124894
78.18181818181819,2.174747474747475,3.900974126279313,1.9206476183382997,3910.591368227733
81.81818181818181,2.174747474747475,3.976694680533507,1.9026455945114402,4092.4793388429757
85.45454545454545,2.174747474747475,4.053656509918044,1.8850532930194153,4274.367309458219
89.0909090909091,2.174747474747475,4.131854594021754,1.8678643781502364,4456.255280073463
92.72727272727272,2.174747474747475,4.211283628297807,1.851072190893774,4638.143250688705
96.36363636363636,2.174747474747475,4.2919380240916905,1.8346697607893145,4820.03122130395
100.0,2.174747474747475,4.3738119087565,1.818649819079747,5001.919191919193
103.63636363636363,2.174747474747475,4.456899125854988,1.8030048131494538,5183.8071625344355
107.27272727272728,2.174747474747475,4.54119323544892,1.7877269222140468,5365.69513314968
110.9090909090909,2.174747474747475,4.626687514476758,1.7728080742224022,5547.583103764922
114.54545454545455,2.174747474747475,4.7133749572183765,1.7582399639244106,5729.471074380166
118.18181818181819,2.174747474747475,4.801248275848469,1.7440140720500146,5911.35904499541
121.81818181818181,2.174747474747475,4.890299901078148,1.7301216855396349,6093.247015610652
125.45454545454545,2.174747474747475,4.980521982884338,1.7165539187603724,6275.134986225897
129.0909090909091,2.174747474747475,5.0719063913285085,1.7033017356367146,6457.02295684114
132.72727272727272,2.174747474747475,5.164444717462945,1.6903559726218391,6638.910927456382
136.36363636363637,2.174747474747475,5.258128274325996,1.6777073624314065,6820.798898071627
140.0,2.174747474747475,5.3529480980258715,1.6653465584598297,7002.68686868687
143.63636363636363,2.174747474747475,5.448894948912418,1.6532641597983826,7184.574839302113
147.27272727272725,2.174747474747475,5.545959312837386,1.6414507367731301,7366.462809917356
150.9090909090909,2.174747474747475,5.6441314025028975,1.6298968569223562,7548.3507805326
154.54545454545456,2.174747474747475,5.743401158897972,1.6185931113336387,7730.238751147845
158.1818181818182,2.174747474747475,5.843758252822384,1.6075301412637943,7912.126721763087
161.8181818181818,2.174747474747475,5.945192086498766,1.5966986649672925,8094.0146923783295
165.45454545454544,2.174747474747475,6.047691795271225,1.5860895046630779,8275.902662993572
169.0909090909091,2.174747474747475,6.1512462493914,1.5756936135733106,8457.790633608816
172.72727272727272,2.174747474747475,6.2558440558910675,1.565502102973076,8639.67860422406
176.36363636363637,2.174747474747475,6.361473560540775,1.5555062691946366,8821.566574839304
180.0,2.174747474747475,6.468122849894291,1.5456976205355044,9003.454545454546
183.63636363636363,2.174747474747475,6.575779753418556,1.5360679040255953,9185.34251606979
187.27272727272725,2.174747474747475,6.684431845708445,1.526609132013598,9367.230486685032
190.9090909090909,2.174747474747475,6.794066448785713,1.5173136085390706,9549.118457300277
194.54545454545453,2.174747474747475,6.904670634481935,1.5081739554618423,9731.00642791552
198.1818181818182,2.174747474747475,7.016231226904093,1.499183138325643,9912.894398530765
201.8181818181818,2.174747474747475,7.128734804983642,1.4903344919375325,10094.782369146007
205.45454545454544,2.174747474747475,7.242167705106631,1.4816217456491036,10276.67033976125
209.0909090909091,2.174747474747475,7.356516023825119,1.473039048329091,10458.558310376495
212.72727272727272,2.174747474747475,7.471765620649295,1.464580993019979,10640.446280991737
216.36363636363635,2.174747474747475,7.5879021209192485,1.4562426412734277,10822.334251606979
220.0,2.174747474747475,7.704910918755492,1.44801954716083,11004.222222222224
223.63636363636363,2.174747474747475,7.82277718008741,1.4399077809550005,11186.110192837466
227.27272727272728,2.174747474747475,7.941485845759114,1.4319039524791752,11367.99816345271
230.9090909090909,2.174747474747475,8.061021634711489,1.4240052341168086,11549.886134067954
234.54545454545453,2.174747474747475,8.18136904723944,1.4162093834724594,11731.774104683196
238.1818181818182,2.174747474747475,8.302512368323882,1.4085147656706731,11913.662075298442
241.8181818181818,2.174747474747475,8.424435671036552,1.4009203752717703,12095.550045913684
245.45454545454544,2.174747474747475,8.547122820017641,1.393425857778389,12277.438016528928
249.0909090909091,2.174747474747475,8.670557475024571,1.3860315306956104,12459.32598714417
252.72727272727272,2.174747474747475,8.794723094550807,1.378738404097939,12641.213957759413
256.3636363636364,2.174747474747475,8.919602939514224,1.3715482006441904,12823.10192837466
260.0,2.174747474747475,9.045180077012526,1.3644633749662458,13004.989898989901
263.6363636363636,2.174747474747475,9.171437384146735,1.357487132343321,13186.877869605145
267.27272727272725,2.174747474747475,9.298357551908554,1.3506234465540121,13368.765840220387
270.9090909090909,2.174747474747475,9.425923089133773,1.3438770767810861,13550.653810835629
274.5454545454545,2.174747474747475,9.554116326517399,1.3372535834215031,13732.541781450873
278.1818181818182,2.174747474747475,9.682919420691283,1.330759342632362,13914.429752066118
281.8181818181818,2.174747474747475,9.812314358362064,1.324401559419612,14096.31772268136
285.45454545454544,2.174747474747475,9.942282960507733,1.3181882790516493,14278.205693296604
289.0909090909091,2.174747474747475,10.072806886632478,1.312128396553999,14460.093663911848
292.72727272727275,2.174747474747475,10.203867639078108,1.3062316640156355,14641.981634527092
296.3636363636364,2.174747474747475,10.335446567389196,1.3005086954112517,14823.869605142334
300.0,2.174747474747475,10.467524872733193,1.2949709686201039,15005.757575757578
303.6363636363636,2.174747474747475,10.600083612371556,1.2896308242974501,15187.64554637282
307.27272727272725,2.174747474747475,10.73310370418164,1.2845014612353034,15369.533516988064
310.9090909090909,2.174747474747475,10.86656593122781,1.2795969278311619,15551.421487603306
314.5454545454545,2.174747474747475,11.000450946379878,1.2749321092725887,15733.309458218548
318.1818181818182,2.174747474747475,11.134739276977406,1.2705227100381136,15915.197428833793
321.8181818181818,2.174747474747475,11.269411329538613,1.2663852313177633,16097.085399449039
325.45454545454544,2.174747474747475,11.404447394511669,1.2625369429661857,16278.973370064283
329.09090909090907,2.174747474747475,11.539827651067633,1.2589958496227844,16460.861340679527
332.7272727272727,2.174747474747475,11.675532171932627,1.255780650666053,16642.749311294767
336.3636363636364,2.174747474747475,11.81154092825777,1.2529106937153076,16824.637281910014
340.0,2.174747474747475,11.947833794525897,1.250405921453201,17006.525252525254
343.6363636363636,2.174747474747475,12.084390553492124,1.248286811617563,17188.4132231405
347.27272727272725,2.174747474747475,12.221190901157827,1.2465743101018982,17370.301193755742
350.9090909090909,2.174747474747475,12.358214451775428,1.2452897572093067,17552.189164370986
354.54545454545456,2.174747474747475,12.495440742882947,1.2444548072241033,17734.07713498623
358.1818181818182,2.174747474747475,12.63284924036601,1.2440913415984798,17915.965105601474
361.8181818181818,2.174747474747475,12.770419343545736,1.2442213761936554,18097.853076216714
365.45454545454544,2.174747474747475,12.908130390291408,1.2448669631649982,18279.741046831958
369.09090909090907,2.174747474747475,13.045961662154522,1.246050088232717,18461.6290174472
372.7272727272727,2.174747474747475,13.183892389524974,1.2477925642313428,18643.516988062445
376.3636363636364,2.174747474747475,13.321901756804571,1.250115921973808,18825.40495867769
380.0,2.174747474747475,13.459968907598647,1.253041299597129,19007.292929292933
383.6363636363636,2.174747474747475,13.598072949922956,1.2565893316683439,19189.180899908177
387.27272727272725,2.174747474747475,13.736192961423221,1.2607800394158077,19371.068870523417
390.9090909090909,2.174747474747475,13.874307994607411,1.2656327235080909,19552.95684113866
394.54545454545456,2.174747474747475,14.012397082087174,1.2711658608260734,19734.844811753905
398.1818181818182,2.174747474747475,14.150439241827527,1.277397006657012,19916.73278236915
401.8181818181818,2.174747474747475,14.288413482402769,1.2843427036870985,20098.620752984392
405.45454545454544,2.174747474747475,14.426298808256618,1.2920183990736203,20280.508723599636
409.09090909090907,2.174747474747475,14.564074224965335,1.3004383707473213,20462.396694214876
412.7272727272727,2.174747474747475,14.701718744500958,1.3096156639297711,20644.28466483012
416.3636363636364,2.174747474747475,14.839211390493888,1.319562038656126,20826.172635445364
420.0,2.174747474747475,14.976531203492467,1.3302879288770573,21008.060606060608
60.0,2.2040404040404042,3.5644892096631438,2.0348276105773917,3041.575757575758
63.63636363636363,2.2040404040404042,3.634527031001811,2.0145493186146055,3225.9136822773185
67.27272727272727,2.2040404040404042,3.7058280527565772,1.994702423559426,3410.2516069788794
70.9090909090909,2.2040404040404042,3.778388594439419,1.9752824070775203,3594.589531680441
74.54545454545455,2.2040404040404042,3.8522046921297486,1.956284398137583,3778.927456382002
78.18181818181819,2.2040404040404042,3.9272720980911853,1.9377031782764005,3963.265381083563
81.81818181818181,2.2040404040404042,4.003586280474105,1.919533188113945,4147.603305785124
85.45454545454545,2.2040404040404042,4.081142423102936,1.901768535135217,4331.9412304866855
89.0909090909091,2.2040404040404042,4.159935425349653,1.88440300274876,4516.2791551882465
92.72727272727272,2.2040404040404042,4.239959902093488,1.867430060623642,4700.617079889807
96.36363636363636,2.2040404040404042,4.321210183767068,1.8508428762992293,4884.955004591368
100.0,2.2040404040404042,4.403680316489549,1.8346343280536213,5069.292929292929
103.63636363636363,2.2040404040404042,4.487364062287256,1.8187970190095812,5253.63085399449
107.27272727272728,2.2040404040404042,4.57225489940173,1.8033232924484575,5437.968778696052
110.9090909090909,2.2040404040404042,4.6583460226855244,1.7882052482953754,5622.306703397613
114.54545454545455,2.2040404040404042,4.745630344086008,1.7734347607324288,5806.644628099174
118.18181818181819,2.2040404040404042,4.834100493217663,1.759003496889386,5990.982552800735
121.81818181818181,2.2040404040404042,4.923748818022179,1.7449029365557545,6175.320477502296
125.45454545454545,2.2040404040404042,5.014567385517473,1.7311243928533486,6359.658402203857
129.0909090909091,2.2040404040404042,5.106547982635155,1.7176590338025197,6543.996326905419
132.72727272727272,2.2040404040404042,5.199682117146221,1.704497904712984,6728.33425160698
136.36363636363637,2.2040404040404042,5.293961018675498,1.6916319513261786,6912.672176308541
140.0,2.2040404040404042,5.389375639805023,1.6790520436340193,7097.010101010102
143.63636363636363,2.2040404040404042,5.485916657264876,1.6667490002983973,7281.348025711663
147.27272727272725,2.2040404040404042,5.583574473213734,1.6547136135942888,7465.685950413223
150.9090909090909,2.2040404040404042,5.682339216605959,1.642936674800645,7650.023875114785
154.54545454545456,2.2040404040404042,5.7822007446484225,1.6314089999639185,7834.361799816347
158.1818181818182,2.2040404040404042,5.883148644344082,1.6201214559615558,8018.699724517907
161.8181818181818,2.2040404040404042,5.985172234123192,1.6090649867950002,8203.037649219468
165.45454545454544,2.2040404040404042,6.0882605655623685,1.5982306400453423,8387.375573921028
169.0909090909091,2.2040404040404042,6.192402425189951,1.587609593428876,8571.71349862259
172.72727272727272,2.2040404040404042,6.297586336378684,1.5771931813936693,8756.051423324152
176.36363636363637,2.2040404040404042,6.403800561323868,1.5669729217032582,8940.389348025712
180.0,2.2040404040404042,6.511033103108042,1.5569405419590818,9124.727272727274
183.63636363636363,2.2040404040404042,6.61927170785027,1.5470880060170071,9309.065197428834
187.27272727272725,2.2040404040404042,6.728503866941226,1.5374075402605045,9493.403122130396
190.9090909090909,2.2040404040404042,6.838716819361336,1.5278916596964784,9677.741046831958
194.54545454545453,2.2040404040404042,6.949897554083821,1.518533193845578,9862.078971533518
198.1818181818182,2.2040404040404042,7.062032812560321,1.509325312403865,10046.41689623508
201.8181818181818,2.2040404040404042,7.175109091289155,1.5002615506561567,10230.75482093664
205.45454545454544,2.2040404040404042,7.28911264446516,1.4913358346262682,10415.0927456382
209.0909090909091,2.2040404040404042,7.404029486711059,1.482542505952065,10599.430670339763
212.72727272727272,2.2040404040404042,7.519845395889172,1.4738763464761964,10783.768595041323
216.36363636363635,2.2040404040404042,7.636545915992125,1.4653326025451883,10968.106519742883
220.0,2.2040404040404042,7.754116360113376,1.456907009010683,11152.444444444445
223.63636363636363,2.2040404040404042,7.872541813494851,1.4485958129261851,11336.782369146005
227.27272727272728,2.2040404040404042,7.991807136652025,1.4403957969328327,11521.120293847567
230.9090909090909,2.2040404040404042,8.111896968575298,1.4323043023239337,11705.458218549129
234.54545454545453,2.2040404040404042,8.232795730006442,1.4243192517761414,11889.796143250689
238.1818181818182,2.2040404040404042,8.354487626789123,1.4164391717293132,12074.134067952251
241.8181818181818,2.2040404040404042,8.476956653293202,1.4086632143919606,12258.471992653813
245.45454545454544,2.2040404040404042,8.600186595910895,1.4009911793404408,12442.809917355373
249.0909090909091,2.2040404040404042,8.724161036624302,1.393423534672202,12627.147842056935
252.72727272727272,2.2040404040404042,8.848863356642722,1.385961437661296,12811.485766758495
256.3636363636364,2.2040404040404042,8.974276740109312,1.3786067548530887,12995.823691460057
260.0,2.2040404040404042,9.100384177875247,1.3713620815201324,13180.161616161617
263.6363636363636,2.2040404040404042,9.22716847134067,1.3642307603854276,13364.499540863178
267.27272727272725,2.2040404040404042,9.354612236360856,1.3572168995018765,13548.837465564739
270.9090909090909,2.2040404040404042,9.48269790721678,1.3503253891571474,13733.175390266299
274.5454545454545,2.2040404040404042,9.611407740648431,1.3435619176523914,13917.51331496786
278.1818181818182,2.2040404040404042,9.74072381994956,1.3369329857804713,14101.851239669424
281.8181818181818,2.2040404040404042,9.87062805912322,1.330445919806273,14286.189164370984
285.45454545454544,2.2040404040404042,10.001102207095316,1.3241088827260912,14470.527089072546
289.0909090909091,2.2040404040404042,10.132127851986997,1.3179308835584675,14654.86501377411
292.72727272727275,2.2040404040404042,10.263686425441865,1.3119217843927162,14839.202938475668
296.3636363636364,2.2040404040404042,10.39575920700867,1.3060923048960795,15023.540863177228
300.0,2.2040404040404042,10.528327328577442,1.300454023956381,15207.878787878788
303.6363636363636,2.2040404040404042,10.661371778866666,1.2950193781144843,15392.21671258035
307.27272727272725,2.2040404040404042,10.794873407961365,1.2898016564208492,15576.55463728191
310.9090909090909,2.2040404040404042,10.928812931900195,1.2848149913350249,15760.892561983472
314.5454545454545,2.2040404040404042,11.063170937308868,1.2800743452755607,15945.230486685032
318.1818181818182,2.2040404040404042,11.197927886080345,1.2755954924237334,16129.568411386595
321.8181818181818,2.2040404040404042,11.333064120098562,1.2713949953868402,16313.906336088156
325.45454545454544,2.2040404040404042,11.468559866004508,1.2674901763404953,16498.244260789717
329.09090909090907,2.2040404040404042,11.6043952400041,1.2638990822908773,16682.582185491276
332.7272727272727,2.2040404040404042,11.740550252714232,1.2606404441338364,16866.920110192837
336.3636363636364,2.2040404040404042,11.877004814047536,1.2577336292357408,17051.2580348944
340.0,2.2040404040404042,12.013738738132192,1.255198587323333,17235.59595959596
343.6363636363636,2.2040404040404042,12.150731748266695,1.2530557895478813,17419.933884297523
347.27272727272725,2.2040404040404042,12.287963481906905,1.2513261606806811,17604.27180899908
350.9090909090909,2.2040404040404042,12.425413495683976,1.250031004505563,17788.609733700643
354.54545454545456,2.2040404040404042,12.563061270451781,1.2491919225946784,17972.947658402205
358.1818181818182,2.2040404040404042,12.700886216361187,1.2488307267878724,18157.285583103767
361.8181818181818,2.2040404040404042,12.838867677960767,1.2489693458390982,18341.62350780533
365.45454545454544,2.2040404040404042,12.976984939320655,1.2496297268427952,18525.96143250689
369.09090909090907,2.2040404040404042,13.115217229179162,1.2508337322052998,18710.29935720845
372.7272727272727,2.2040404040404042,13.25354372610932,1.2526030330743756,18894.637281910007
376.3636363636364,2.2040404040404042,13.391943563704631,1.254959000282264,19078.975206611573
380.0,2.2040404040404042,13.530395835780723,1.2579225939834393,19263.31313131313
383.6363636363636,2.2040404040404042,13.668879601592707,1.2615142532760342,19447.651056014693
387.27272727272725,2.2040404040404042,13.807373891065577,1.2657537871774847,19631.988980716254
390.9090909090909,2.2040404040404042,13.94585771003586,1.270660268376259,19816.326905417816
394.54545454545456,2.2040404040404042,14.08431004550261,1.276251931197489,20000.664830119378
398.1818181818182,2.2040404040404042,14.222709870886561,1.2825460751995164,20185.00275482094
401.8181818181818,2.2040404040404042,14.361036151295094,1.289558975757741,20369.3406795225
405.45454545454544,2.2040404040404042,14.49926784879084,1.2973058028921125,20553.67860422406
409.09090909090907,2.2040404040404042,14.637383927663041,1.3058005494586538,20738.016528925622
412.7272727272727,2.2040404040404042,14.775363359699003,1.315055969656118,20922.35445362718
416.3636363636364,2.2040404040404042,14.913185129454432,1.3250835286003135,21106.692378328742
420.0,2.2040404040404042,15.050828239519763,1.3358933635017984,21291.030303030304
60.0,2.2333333333333334,3.5871301744504445,2.052330069421852,3082.0
63.63636363636363,2.2333333333333334,3.657747792380019,2.0319116351964692,3268.787878787879
67.27272727272727,2.2333333333333334,3.7296296342872095,2.0119199773822585,3455.575757575757
70.9090909090909,2.2333333333333334,3.8027719422719333,1.9923506439799379,3642.3636363636365
74.54545454545455,2.2333333333333334,3.877170674573664,1.9731988397084763,3829.1515151515155
78.18181818181819,2.2333333333333334,3.9528215052060336,1.9544594312843948,4015.9393939393944
81.81818181818181,2.2333333333333334,4.029719823676354,1.9361269539056147,4202.727272727273
85.45454545454545,2.2333333333333334,4.1078607347907665,1.9181956189561007,4389.515151515151
89.0909090909091,2.2333333333333334,4.1872390585450905,1.9006593229409807,4576.30303030303
92.72727272727272,2.2333333333333334,4.267849330102614,1.883511657653682,4763.090909090908
96.36363636363636,2.2333333333333334,4.349685799858151,1.8667459215703823,4949.878787878788
100.0,2.2333333333333334,4.432742433589149,1.8503551324590017,5136.666666666667
103.63636363636363,2.2333333333333334,4.51701291269471,1.8343320411826558,5323.454545454545
107.27272727272728,2.2333333333333334,4.602490634522003,1.818669146670578,5510.242424242425
110.9090909090909,2.2333333333333334,4.689168712780594,1.8033587120225287,5697.030303030303
114.54545454545455,2.2333333333333334,4.777039978044581,1.7883927817057452,5883.818181818182
118.18181818181819,2.2333333333333334,4.8660969783438155,1.7737631997979797,6070.606060606061
121.81818181818181,2.2333333333333334,4.956331979842968,1.759461629223962,6257.393939393939
125.45454545454545,2.2333333333333334,5.047736967609164,1.7454795719281115,6444.181818181818
129.0909090909091,2.2333333333333334,5.140303646468466,1.7318083899213754,6630.969696969697
132.72727272727272,2.2333333333333334,5.234023441950709,1.718439327137088,6817.757575757576
136.36363636363637,2.2333333333333334,5.328887501323385,1.7053635320276352,7004.545454545455
140.0,2.2333333333333334,5.424886694713442,1.6925720808308131,7191.333333333334
143.63636363636363,2.2333333333333334,5.522011616318758,1.6800560014354817,7378.121212121211
147.27272727272725,2.2333333333333334,5.620252585706288,1.6678062977729813,7564.90909090909
150.9090909090909,2.2333333333333334,5.71959964920027,1.6558139746636278,7751.69696969697
154.54545454545456,2.2333333333333334,5.820042581357241,1.644070063046521,7938.484848484849
158.1818181818182,2.2333333333333334,5.9215708865297625,1.6325656455244917,8125.272727272728
161.8181818181818,2.2333333333333334,6.024173800517035,1.6212918821567268,8312.060606060606
165.45454545454544,2.2333333333333334,6.127840292303216,1.6102400364363088,8498.848484848484
169.0909090909091,2.2333333333333334,6.232559065882919,1.5994015013919116,8685.636363636364
172.72727272727272,2.2333333333333334,6.338318562172725,1.588767825757961,8872.424242424242
176.36363636363637,2.2333333333333334,6.445106961009637,1.5783307401617372,9059.212121212122
180.0,2.2333333333333334,6.552912183234868,1.5680821832796654,9246.0
183.63636363636363,2.2333333333333334,6.661721892863068,1.5580143279210756,9432.787878787878
187.27272727272725,2.2333333333333334,6.771523499336432,1.5481196070014662,9619.575757575756
190.9090909090909,2.2333333333333334,6.882304159863061,1.5383907393727647,9806.363636363636
194.54545454545453,2.2333333333333334,6.994050781839252,1.5288207554822586,9993.151515151514
198.1818181818182,2.2333333333333334,7.106750025354286,1.519403022836368,10179.939393939394
201.8181818181818,2.2333333333333334,7.220388305778636,1.5101312712497268,10366.727272727274
205.45454545454544,2.2333333333333334,7.334951796432943,1.5009996178630969,10553.51515151515
209.0909090909091,2.2333333333333334,7.450426431339016,1.4920025919171307,10740.303030303032
212.72727272727272,2.2333333333333334,7.566797908050103,1.483135159270896,10927.090909090908
216.36363636363635,2.2333333333333334,7.684051690562006,1.4743927466561615,11113.878787878788
220.0,2.2333333333333334,7.802173012301775,1.465771265658656,11300.666666666668
223.63636363636363,2.2333333333333334,7.921146879194789,1.4572671364176495,11487.454545454546
227.27272727272728,2.2333333333333334,8.040958072809094,1.4488773110340372,11674.242424242426
230.9090909090909,2.2333333333333334,8.161591153575113,1.44059929667433,11861.030303030304
234.54545454545453,2.2333333333333334,8.283030464081373,1.4324311783547428,12047.81818181818
238.1818181818182,2.2333333333333334,8.40526013244369,1.4243716413845455,12234.606060606062
241.8181818181818,2.2333333333333334,8.528264075747957,1.4164199934414494,12421.39393939394
245.45454545454544,2.2333333333333334,8.652026003564682,1.4085761862441748,12608.181818181816
249.0909090909091,2.2333333333333334,8.77652942153527,1.4008408367780154,12794.969696969698
252.72727272727272,2.2333333333333334,8.901757635027113,1.3932152480181235,12981.757575757574
256.3636363636364,2.2333333333333334,9.027693752858685,1.3857014290828191,13168.545454545456
260.0,2.2333333333333334,9.154320691091556,1.3783021147349397,13355.333333333332
263.6363636363636,2.2333333333333334,9.281621176889308,1.3710207841329194,13542.121212121212
267.27272727272725,2.2333333333333334,9.409577752441091,1.3638616787161164,13728.90909090909
270.9090909090909,2.2333333333333334,9.538172778949756,1.356829819088741,13915.696969696968
274.5454545454545,2.2333333333333334,9.66738844068295,1.3499310207465558,14102.484848484848
278.1818181818182,2.2333333333333334,9.797206749084426,1.3431719084675289,14289.272727272726
281.8181818181818,2.2333333333333334,9.927609546946881,1.3365599291639658,14476.060606060606
285.45454545454544,2.2333333333333334,10.058578512642637,1.3301033629694976,14662.848484848484
289.0909090909091,2.2333333333333334,10.19009516441195,1.323811332308684,14849.636363636366
292.72727272727275,2.2333333333333334,10.322140864707407,1.3176938086717072,15036.424242424246
296.3636363636364,2.2333333333333334,10.454696824592368,1.3117616167915616,15223.212121212122
300.0,2.2333333333333334,10.587744108193403,1.306026435898094,15410.0
303.6363636363636,2.2333333333333334,10.721263637203148,1.3005007977003045,15596.787878787878
307.27272727272725,2.2333333333333334,10.855236195434317,1.2951980807305532,15783.575757575758
310.9090909090909,2.2333333333333334,10.989642433421746,1.290132500668419,15970.363636363634
314.5454545454545,2.2333333333333334,11.124462873071511,1.2853190962532364,16157.151515151512
318.1818181818182,2.2333333333333334,11.25967791235551,1.280773710390196,16343.939393939394
321.8181818181818,2.2333333333333334,11.395267830050498,1.2765129660604821,16530.727272727272
325.45454545454544,2.2333333333333334,11.531212790518335,1.2725542366596396,16717.515151515152
329.09090909090907,2.2333333333333334,11.667492848528127,1.2689156104131696,16904.30303030303
332.7272727272727,2.2333333333333334,11.804087954116444,1.2656158485560025,17091.090909090908
336.3636363636364,2.2333333333333334,11.940977957485467,1.2626743370123548,17277.878787878788
340.0,2.2333333333333334,12.078142613936729,1.2601110313775572,17464.666666666668
343.6363636363636,2.2333333333333334,12.21556158883896,1.2579463950829373,17651.454545454548
347.27272727272725,2.2333333333333334,12.353214462627898,1.256201330720181,17838.242424242424
350.9090909090909,2.2333333333333334,12.491080735837356,1.2548971046096637,18025.0303030303
354.54545454545456,2.2333333333333334,12.629139834158591,1.2540552648216998,18211.818181818184
358.1818181818182,2.2333333333333334,12.767371113527176,1.2536975529933585,18398.606060606064
361.8181818181818,2.2333333333333334,12.905753865235202,1.2538458104270884,18585.39393939394
365.45454545454544,2.2333333333333334,13.04426732106706,1.2545218791074217,18772.181818181816
369.09090909090907,2.2333333333333334,13.18289065845716,1.2557474984219017,18958.969696969696
372.7272727272727,2.2333333333333334,13.32160300566768,1.2575441985200904,19145.757575757576
376.3636363636364,2.2333333333333334,13.46038344698469,1.2599331913824494,19332.545454545456
380.0,2.2333333333333334,13.599211027930615,1.2629352607936344,19519.333333333336
383.6363636363636,2.2333333333333334,13.738064760491714,1.2665706525187128,19706.121212121212
387.27272727272725,2.2333333333333334,13.87692362835787,1.2708589660562981,19892.909090909092
390.9090909090909,2.2333333333333334,14.015766592174248,1.275819049388092,20079.696969696968
394.54545454545456,2.2333333333333334,14.154572594801188,1.281468898155623,20266.48484848485
398.1818181818182,2.2333333333333334,14.293320566582599,1.287825560666508,20453.272727272728
401.8181818181818,2.2333333333333334,14.431989430619105,1.294905050066331,20640.060606060604
405.45454545454544,2.2333333333333334,14.570558108045235,1.302722264908062,20826.848484848484
409.09090909090907,2.2333333333333334,14.709005523308566,1.311290919208057,21013.636363636364
412.7272727272727,2.2333333333333334,14.847310609449014,1.3206234829067736,21200.424242424244
416.3636363636364,2.2333333333333334,14.985452313376033,1.3307311334494243,21387.21212121212
420.0,2.2333333333333334,15.123409601142697,1.3416237189852103,21574.0
60.0,2.262626262626263,3.6090771809501776,2.0695029532288443,3122.424242424243
63.63636363636363,2.262626262626263,3.6802652296305816,2.048949152981724,3311.662075298439
67.27272727272727,2.262626262626263,3.752718468333603,2.0288177187172134,3500.8999081726356
70.9090909090909,2.262626262626263,3.8264330625207243,2.0091042615170345,3690.137741046832
74.54545454545455,2.262626262626263,3.9014048933832646,1.9898040580393745,3879.375573921029
78.18181818181819,2.262626262626263,3.9776295574942413,1.9709120558150806,4068.613406795226
81.81818181818181,2.262626262626263,4.055102366545122,1.9524228797068066,4257.851239669421
85.45454545454545,2.262626262626263,4.133818347168289,1.9343308395467014,4447.089072543618
89.0909090909091,2.262626262626263,4.213772240845871,1.916629938961603,4636.326905417815
92.72727272727272,2.262626262626263,4.294958503904835,1.899313885388158,4825.5647382920115
96.36363636363636,2.262626262626263,4.377371307599105,1.8823761012730142,5014.802571166208
100.0,2.262626262626263,4.461004538278743,1.865809736446665,5204.040404040405
103.63636363636363,2.262626262626263,4.545851797647089,1.849607681652309,5393.278236914601
107.27272727272728,2.262626262626263,4.6319064031052175,1.8337625832047835,5582.516069788799
110.9090909090909,2.262626262626263,4.719161388184686,1.8182668587471513,5771.753902662994
114.54545454545455,2.262626262626263,4.807609503068507,1.8031127140679704,5960.991735537191
118.18181818181819,2.262626262626263,4.897243215200532,1.7882921609343974,6150.229568411387
121.81818181818181,2.262626262626263,4.9880547099831105,1.7737970358930055,6339.467401285584
125.45454545454545,2.262626262626263,5.080035891563882,1.7596190199837207,6528.705234159781
129.0909090909091,2.262626262626263,5.17317838371097,1.7457496593095745,6717.943067033977
132.72727272727272,2.262626262626263,5.267473530776499,1.7321803864001868,6907.180899908174
136.36363636363637,2.262626262626263,5.36291239874958,1.7189025423053905,7096.41873278237
140.0,2.262626262626263,5.459485776397611,1.7059073993523646,7285.656565656566
143.63636363636363,2.262626262626263,5.557184176495788,1.693186184498694,7474.894398530763
147.27272727272725,2.262626262626263,5.655997837145778,1.6807301032136612,7664.1322314049585
150.9090909090909,2.262626262626263,5.7559167231820485,1.6685303638194129,7853.370064279157
154.54545454545456,2.262626262626263,5.856930527666697,1.6565782022253384,8042.607897153353
158.1818181818182,2.262626262626263,5.959028673472362,1.6448649069900023,8231.84573002755
161.8181818181818,2.262626262626263,6.062200314951907,1.6333818446473518,8421.083562901746
165.45454545454544,2.262626262626263,6.166434339696396,1.622120485237006,8610.321395775942
169.0909090909091,2.262626262626263,6.271719370379869,1.6110724279807749,8799.559228650138
172.72727272727272,2.262626262626263,6.37804376669008,1.6002294270522117,8988.797061524336
176.36363636363637,2.262626262626263,6.485395627346438,1.5895834173893502,9178.034894398532
180.0,2.262626262626263,6.593762792203032,1.5791265405052386,9367.27272727273
183.63636363636363,2.262626262626263,6.703132844437296,1.5688511702551096,9556.510560146926
187.27272727272725,2.262626262626263,6.813493112823478,1.5587499385237895,9745.74839302112
190.9090909090909,2.262626262626263,6.924830674090166,1.5488157608007873,9934.986225895318
194.54545454545453,2.262626262626263,7.037132355361882,1.5390418616154202,10124.224058769514
198.1818181818182,2.262626262626263,7.150384736683462,1.5294217998077382,10313.461891643712
201.8181818181818,2.262626262626263,7.264574153626722,1.519949493615115,10502.699724517908
205.45454545454544,2.262626262626263,7.379686699979301,1.51061924555725,10691.937557392104
209.0909090909091,2.262626262626263,7.495708230514098,1.5014257671054378,10881.1753902663
212.72727272727272,2.262626262626263,7.612624363839501,1.4923642031233428,11070.413223140498
216.36363636363635,2.262626262626263,7.730420485328282,1.4834301560685759,11259.651056014693
220.0,2.262626262626263,7.849081750125966,1.4746197099443903,11448.88888888889
223.63636363636363,2.262626262626263,7.968593086236632,1.465929453990209,11638.126721763087
227.27272727272728,2.262626262626263,8.0889391976857,1.457356506098758,11827.364554637285
230.9090909090909,2.262626262626263,8.210104567758329,1.448898535944714,12016.60238751148
234.54545454545453,2.262626262626263,8.332073462313852,1.440553787805274,12205.840220385675
238.1818181818182,2.262626262626263,8.454829933173073,1.4323211030497789,12395.078053259875
241.8181818181818,2.262626262626263,8.578357821579647,1.4241999422665832,12584.315886134069
245.45454545454544,2.262626262626263,8.702640761732553,1.4161904069898241,12773.553719008265
249.0909090909091,2.262626262626263,8.827662184390523,1.4082932609775323,12962.791551882463
252.72727272727272,2.262626262626263,8.953405320545142,1.4005099509819001,13152.029384756659
256.3636363636364,2.262626262626263,9.079853205163555,1.3928426269408674,13341.267217630857
260.0,2.262626262626263,9.206988680998325,1.385294161503753,13530.505050505053
263.6363636363636,2.262626262626263,9.334794402463366,1.3778681687893137,13719.742883379247
267.27272727272725,2.262626262626263,9.463252839575546,1.3705690222558933,13908.980716253445
270.9090909090909,2.262626262626263,9.592346281959705,1.3634018715439673,14098.218549127641
274.5454545454545,2.262626262626263,9.722056842916246,1.356372658130731,14287.456382001836
278.1818181818182,2.262626262626263,9.85236646355013,1.3494881296132546,14476.694214876035
281.8181818181818,2.262626262626263,9.983256916959684,1.3427558524142393,14665.932047750232
285.45454545454544,2.262626262626263,10.114709812484241,1.3361842226786522,14855.169880624426
289.0909090909091,2.262626262626263,10.24670660000843,1.329782475105534,15044.407713498626
292.72727272727275,2.262626262626263,10.37922857432274,1.3235606894339726,15233.645546372823
296.3636363636364,2.262626262626263,10.512256879537997,1.3175297942770168,15422.88337924702
300.0,2.262626262626263,10.64577251355325,1.3117015679756845,15612.121212121214
303.6363636363636,2.262626262626263,10.779756332574344,1.3060886361221644,15801.35904499541
307.27272727272725,2.262626262626263,10.914189055683073,1.3007044653849227,15990.596877869608
310.9090909090909,2.262626262626263,11.049051269454084,1.2955633532535644,16179.834710743802
314.5454545454545,2.262626262626263,11.18432343261927,1.2906804133132468,16369.072543617998
318.1818181818182,2.262626262626263,11.319985880776635,1.2860715556565034,16558.310376492198
321.8181818181818,2.262626262626263,11.456018831143675,1.2817534620468363,16747.548209366392
325.45454545454544,2.262626262626263,11.59240238735177,1.2777435554641179,16936.78604224059
329.09090909090907,2.262626262626263,11.729116544282375,1.2740599636891845,17126.023875114788
332.7272727272727,2.262626262626263,11.866141192940603,1.2707214766231776,17315.261707988982
336.3636363636364,2.262626262626263,12.00345612536702,1.2677474970913583,17504.49954086318
340.0,2.262626262626263,12.141041039584191,1.2651579849458998,17693.73737373738
343.6363636363636,2.262626262626263,12.278875544577687,1.2629733943660635,17882.975206611573
347.27272727272725,2.262626262626263,12.416939165308248,1.2612146043495756,18072.213039485767
350.9090909090909,2.262626262626263,12.555211347755398,1.2599028424998473,18261.450872359965
354.54545454545456,2.262626262626263,12.693671463988657,1.2590596023392586,18450.688705234166
358.1818181818182,2.262626262626263,12.83229881726635,1.2587065545127458,18639.92653810836
361.8181818181818,2.262626262626263,12.971072647159229,1.2588654523907665,18829.164370982555
365.45454545454544,2.262626262626263,13.109972134697548,1.2595580327291116,19018.40220385675
369.09090909090907,2.262626262626263,13.24897640753946,1.2608059121928008,19207.640036730947
372.7272727272727,2.262626262626263,13.388064545159846,1.2626304806962854,19396.877869605145
376.3636363636364,2.262626262626263,13.527215584056346,1.2650527926470077,19586.115702479343
380.0,2.262626262626263,13.666408522972201,1.2680934572999811,19775.353535353537
383.6363636363636,2.262626262626263,13.805622328133158,1.2717725295276603,19964.591368227735
387.27272727272725,2.262626262626263,13.944835938497128,1.27610940238285,20153.829201101933
390.9090909090909,2.262626262626263,14.084028271014612,1.2811227028701004,20343.067033976127
394.54545454545456,2.262626262626263,14.22317822589762,1.28683019234751,20532.304866850325
398.1818181818182,2.262626262626263,14.36226469189649,1.2932486729459076,20721.542699724523
401.8181818181818,2.262626262626263,14.501266551581425,1.3003939013215025,20910.780532598717
405.45454545454544,2.262626262626263,14.64016268662738,1.3082805109470905,21100.01836547291
409.09090909090907,2.262626262626263,14.778931983100891,1.3169219440021367,21289.25619834711
412.7272727272727,2.262626262626263,14.917553336746717,1.326330393744528,21478.494031221304
416.3636363636364,2.262626262626263,15.05600565827186,1.3365167580455928,21667.731864095505
420.0,2.262626262626263,15.194267878626283,1.3474906045480168,21856.9696969697
60.0,2.291919191919192,3.6303394847837653,2.0863411426443763,3162.848484848485
63.63636363636363,2.291919191919192,3.702088453903351,2.065657056751215,3354.5362718089996
67.27272727272727,2.291919191919192,3.77510352068337,2.045391134344053,3546.2240587695132
70.9090909090909,2.291919191919192,3.849380774740614,2.0255390462592526,3737.911845730028
74.54545454545455,2.291919191919192,3.924916021030344,2.006096137236052,3929.5996326905424
78.18181818181819,2.291919191919192,4.001704779514917,1.9870574312326816,4121.287419651057
81.81818181818181,2.291919191919192,4.079742284917561,1.9684176378670013,4312.97520661157
85.45454545454545,2.291919191919192,4.159023486562873,1.950171159996887,4504.662993572085
89.0909090909091,2.291919191919192,4.239543048302296,1.932312102448904,4696.350780532599
92.72727272727272,2.291919191919192,4.321295348527403,1.9148342818976212,4888.038567493113
96.36363636363636,2.291919191919192,4.404274480269727,1.897731237891556,5079.726354453627
100.0,2.291919191919192,4.488474251387717,1.8809962450148257,5271.414141414142
103.63636363636363,2.291919191919192,4.573888184841805,1.8646223261675217,5463.1019283746555
107.27272727272728,2.291919191919192,4.660509519057148,1.848602266941109,5654.7897153351705
110.9090909090909,2.291919191919192,4.748331208374666,1.8329286310592678,5846.477502295685
114.54545454545455,2.291919191919192,4.837345923590215,1.8175937768482697,6038.1652892562
118.18181818181819,2.291919191919192,4.927546052582243,1.8025898746964926,6229.853076216713
121.81818181818181,2.291919191919192,5.0189237010283785,1.7879089254563616,6421.540863177226
125.45454545454545,2.291919191919192,5.111470693210597,1.773542779738428,6613.228650137741
129.0909090909091,2.291919191919192,5.205178572908869,1.7594831580431405,6804.916437098256
132.72727272727272,2.291919191919192,5.300038604383841,1.745721671672388,6996.60422405877
136.36363636363637,2.291919191919192,5.396041773448561,1.7322498443600916,7188.2920110192845
140.0,2.291919191919192,5.493178788628246,1.7190591345600847,7379.979797979799
143.63636363636363,2.291919191919192,5.591440082409285,1.706140958326252,7571.667584940312
147.27272727272725,2.291919191919192,5.690815812576492,1.6934867127221331,7763.355371900826
150.9090909090909,2.291919191919192,5.7912958636387675,1.681087799694281,7955.043158861341
154.54545454545456,2.291919191919192,5.8928698483426825,1.6689356503468005,8146.730945821857
158.1818181818182,2.291919191919192,5.9955271092744855,1.657021749554626,8338.418732782371
161.8181818181818,2.291919191919192,6.0992567205493025,1.6453376608550625,8530.106519742883
165.45454545454544,2.291919191919192,6.20404748958773,1.6338750515605795,8721.794306703398
169.0909090909091,2.291919191919192,6.309887958979973,1.6226257180374284,8913.482093663913
172.72727272727272,2.291919191919192,6.41676640843572,1.611581611099186,9105.169880624426
176.36363636363637,2.291919191919192,6.524670856821096,1.6007348614671257,9296.857667584942
180.0,2.291919191919192,6.633589064281005,1.5900778052540432,9488.545454545454
183.63636363636363,2.291919191919192,6.743508534446669,1.5796030094311744,9680.233241505968
187.27272727272725,2.291919191919192,6.854416516728369,1.5693032972430185,9871.921028466484
190.9090909090909,2.291919191919192,6.966300008691908,1.5591717735379567,10063.608815426998
194.54545454545453,2.291919191919192,7.0791457585191555,1.5492018499872433,10255.296602387512
198.1818181818182,2.291919191919192,7.192940267551608,1.5393872701680944,10446.984389348027
201.8181818181818,2.291919191919192,7.307669792915649,1.5297221344900216,10638.67217630854
205.45454545454544,2.291919191919192,7.42332035023076,1.5202009249468653,10830.359963269055
209.0909090909091,2.291919191919192,7.53987771639744,1.5108185296786887,11022.047750229569
212.72727272727272,2.291919191919192,7.657327432465844,1.5015702673298807,11213.735537190083
216.36363636363635,2.291919191919192,7.775654806584176,1.49245191119108,11405.423324150597
220.0,2.291919191919192,7.8948449170249315,1.483459713111853,11597.111111111113
223.63636363636363,2.291919191919192,8.014882615289462,1.47459042717138,11788.798898071625
227.27272727272728,2.291919191919192,8.135752529289167,1.4658413330920372,11980.48668503214
230.9090909090909,2.291919191919192,8.2574390666023,1.45721025937806,12172.174471992656
234.54545454545453,2.291919191919192,8.379926417806324,1.4486956061577592,12363.86225895317
238.1818181818182,2.291919191919192,8.503198559883609,1.440296367701943,12555.550045913684
241.8181818181818,2.291919191919192,8.62723925970062,1.4320121545851097,12747.237832874196
245.45454545454544,2.291919191919192,8.752032077558361,1.4238432154474185,12938.925619834712
249.0909090909091,2.291919191919192,8.877560370814313,1.415790458305931,13130.613406795226
252.72727272727272,2.291919191919192,9.0038072975734,1.4078554713526066,13322.301193755738
256.3636363636364,2.291919191919192,9.130755820447954,1.400040543163248,13513.988980716254
260.0,2.291919191919192,9.258388710384889,1.3923486822272866,13705.676767676769
263.6363636363636,2.291919191919192,9.386688550559029,1.3847836356923615,13897.364554637285
267.27272727272725,2.291919191919192,9.515637740331453,1.3773499071988329,14089.052341597797
270.9090909090909,2.291919191919192,9.645218499271097,1.3700527736609296,14280.740128558311
274.5454545454545,2.291919191919192,9.77541287123968,1.3628983008295465,14472.427915518823
278.1818181818182,2.291919191919192,9.906202728536657,1.355893357449341,14664.115702479341
281.8181818181818,2.291919191919192,10.037569776104645,1.3490456277998273,14855.803489439853
285.45454545454544,2.291919191919192,10.169495555792777,1.342363622384932,15047.491276400367
289.0909090909091,2.291919191919192,10.301961450677409,1.335856686511622,15239.179063360885
292.72727272727275,2.291919191919192,10.434948689437938,1.3295350064732483,15430.866850321398
296.3636363636364,2.291919191919192,10.568438350787286,1.3234096130283275,15622.554637281914
300.0,2.291919191919192,10.702411367954799,1.317492381844666,15814.242424242426
303.6363636363636,2.291919191919192,10.83684853322,1.3117960305563423,16005.93021120294
307.27272727272725,2.291919191919192,10.971730502496538,1.306334112065351,16197.617998163452
310.9090909090909,2.291919191919192,11.107037799964154,1.3011210037063048,16389.30578512397
314.5454545454545,2.291919191919192,11.242750822746869,1.29617189188498,16580.99357208448
318.1818181818182,2.291919191919192,11.378849845636772,1.2915027518020634,16772.681359044996
321.8181818181818,2.291919191919192,11.515315025860788,1.2871303218804686,16964.369146005512
325.45454545454544,2.291919191919192,11.652126407889348,1.2830720725327058,17156.056932966025
329.09090909090907,2.291919191919192,11.789263928285397,1.279346168933627,17347.74471992654
332.7272727272727,2.291919191919192,11.926707420592109,1.2759714275043774,17539.432506887053
336.3636363636364,2.291919191919192,12.06443662025675,1.2729672658689735,17731.12029384757
340.0,2.291919191919192,12.20243116959086,1.2703536461128118,17922.80808080808
343.6363636363636,2.291919191919192,12.340670622762719,1.2681510112570369,18114.495867768597
347.27272727272725,2.291919191919192,12.479134450822933,1.2663802149605214,18306.18365472911
350.9090909090909,2.291919191919192,12.617802046758689,1.2650624445742233,18497.871441689625
354.54545454545456,2.291919191919192,12.756652730577802,1.2642191377976968,18689.55922865014
358.1818181818182,2.291919191919192,12.89566575441822,1.2638718933240602,18881.247015610654
361.8181818181818,2.291919191919192,13.034820307682809,1.2640423760031751,19072.93480257117
365.45454545454544,2.291919191919192,13.174095522197543,1.264752217201812,19264.622589531682
369.09090909090907,2.291919191919192,13.313470477390425,1.2660229111867398,19456.310376492194
372.7272727272727,2.291919191919192,13.452924205490135,1.2678757085004513,19647.998163452707
376.3636363636364,2.291919191919192,13.592435696742598,1.2703315074307588,19839.685950413226
380.0,2.291919191919192,13.731983904643048,1.273410744791737,20031.37373737374
383.6363636363636,2.291919191919192,13.871547751182579,1.2771332873272108,20223.061524334254
387.27272727272725,2.291919191919192,14.011106132106896,1.2815183251138895,20414.749311294767
390.9090909090909,2.291919191919192,14.150637922185037,1.2865842683764797,20606.43709825528
394.54545454545456,2.291919191919192,14.290121980487484,1.2923486491250302,20798.1248852158
398.1818181818182,2.291919191919192,14.42953715567057,1.2988280289866099,20989.81267217631
401.8181818181818,2.291919191919192,14.568862291265965,1.3060379145253194,21181.500459136823
405.45454545454544,2.291919191919192,14.70807623097334,1.3139926812302938,21373.188246097336
409.09090909090907,2.291919191919192,14.84715782395422,1.322705507201801,21564.87603305785
412.7272727272727,2.291919191919192,14.986085930125267,1.3321883173851683,21756.563820018364
416.3636363636364,2.291919191919192,15.124839425449482,1.3424517389992037,21948.251606978884
420.0,2.291919191919192,15.263397207222742,1.353505068583983,22139.939393939396
60.0,2.3212121212121213,3.6509276315410784,2.1028402236897494,3203.2727272727275
63.63636363636363,2.3212121212121213,3.7232278713119635,2.082031220934886,3397.410468319559
67.27272727272727,2.3212121212121213,3.796795057050357,2.0616363848222874,3591.548209366391
70.9090909090909,2.3212121212121213,3.8716252033420133,2.0416514425524666,3785.685950413223
74.54545454545455,2.3212121212121213,3.9477140397377193,2.0220718030477096,3979.823691460055
78.18181818181819,2.3212121212121213,4.02505701043899,2.002892562290819,4173.961432506888
81.81818181818181,2.3212121212121213,4.1036492740690775,1.984108509753575,4368.099173553719
85.45454545454545,2.3212121212121213,4.183485703530262,1.9657141359289338,4562.236914600551
89.0909090909091,2.3212121212121213,4.264560885947364,1.9477036409757718,4756.374655647383
92.72727272727272,2.3212121212121213,4.346869122698265,1.9300709444779993,4950.512396694215
96.36363636363636,2.3212121212121213,4.4304044295309195,1.9128096963148942,5144.650137741047
100.0,2.3212121212121213,4.515160536769142,1.8959132886322174,5338.787878787879
103.63636363636363,2.3212121212121213,4.601130889604644,1.8793748688984038,5532.92561983471
107.27272727272728,2.3212121212121213,4.688308648478153,1.8631873540236012,5727.063360881543
110.9090909090909,2.3212121212121213,4.776686689548559,1.8473434455137145,5921.2011019283755
114.54545454545455,2.3212121212121213,4.866257605249972,1.8318356456260765,6115.338842975207
118.18181818181819,2.3212121212121213,4.957013704938097,1.816656274487959,6309.476584022039
121.81818181818181,2.3212121212121213,5.048947015625155,1.8017974881349872,6503.61432506887
125.45454545454545,2.3212121212121213,5.142049282802885,1.7872512974212948,6697.752066115703
129.0909090909091,2.3212121212121213,5.236311971355433,1.7730095877504402,6891.889807162534
132.72727272727272,2.3212121212121213,5.331726266560399,1.7590641395721744,7086.027548209367
136.36363636363637,2.3212121212121213,5.428283075178866,1.7454066495883833,7280.1652892562
140.0,2.3212121212121213,5.525973026634338,1.7320287526086247,7474.303030303031
143.63636363636363,2.3212121212121213,5.624786474280324,1.7189220439950514,7668.440771349862
147.27272727272725,2.3212121212121213,5.724713496756151,1.7060781026363139,7862.5785123966925
150.9090909090909,2.3212121212121213,5.825743899431705,1.6934885143886098,8056.716253443526
154.54545454545456,2.3212121212121213,5.927867215939843,1.6811448959241913,8250.853994490359
158.1818181818182,2.3212121212121213,6.031072709797092,1.6690389189280592,8444.99173553719
161.8181818181818,2.3212121212121213,6.135349376111961,1.657162334585454,8639.129476584023
165.45454545454544,2.3212121212121213,6.240685943380397,1.6455069983052824,8833.267217630853
169.0909090909091,2.3212121212121213,6.3470708753684635,1.6340648946268252,9027.404958677687
172.72727272727272,2.3212121212121213,6.454492373081678,1.6228281622608212,9221.542699724518
176.36363636363637,2.3212121212121213,6.562938376820462,1.6117891192187035,9415.68044077135
180.0,2.3212121212121213,6.67239656832163,1.6009402879880166,9609.818181818182
183.63636363636363,2.3212121212121213,6.7828543729841755,1.5902744207148067,9803.955922865014
187.27272727272725,2.3212121212121213,6.894298962181909,1.5797845243590682,9998.093663911844
190.9090909090909,2.3212121212121213,7.0067172556576764,1.5694638857911885,10192.231404958678
194.54545454545453,2.3212121212121213,7.120095924003145,1.5593060968026404,10386.369146005509
198.1818181818182,2.3212121212121213,7.23442139122095,1.549305079006072,10580.506887052343
201.8181818181818,2.3212121212121213,7.349679837368898,1.5394551086042845,10774.644628099175
205.45454545454544,2.3212121212121213,7.465857201286219,1.5297508410090266,10968.782369146005
209.0909090909091,2.3212121212121213,7.582939183400359,1.520187335293508,11162.920110192837
212.72727272727272,2.3212121212121213,7.700911248614153,1.5107600784632775,11357.05785123967
216.36363636363635,2.3212121212121213,7.81975862927222,1.501465009531728,11551.1955922865
220.0,2.3212121212121213,7.939466328206062,1.4922985433854594,11745.333333333334
223.63636363636363,2.3212121212121213,8.06001912185619,1.4832575944245012,11939.471074380166
227.27272727272728,2.3212121212121213,8.18140156347189,1.4743395999603295,12133.608815426998
230.9090909090909,2.3212121212121213,8.303597986385782,1.4655425433511606,12327.746556473829
234.54545454545453,2.3212121212121213,8.426592507364191,1.456864976850491,12521.88429752066
238.1818181818182,2.3212121212121213,8.550369030030756,1.44830604413862,12716.022038567495
241.8181818181818,2.3212121212121213,8.67491124836282,1.4398655025006262,12910.159779614325
245.45454545454544,2.3212121212121213,8.80020265025971,1.4315437446056296,13104.297520661155
249.0909090909091,2.3212121212121213,8.9262265211822,1.423341819832618,13298.435261707988
252.72727272727272,2.3212121212121213,9.052965947860589,1.4152614550763212,13492.573002754822
256.3636363636364,2.3212121212121213,9.180403822071629,1.4073050749542795,13686.710743801654
260.0,2.3212121212121213,9.308522844482852,1.399475821320811,13880.848484848484
263.6363636363636,2.3212121212121213,9.437305528562813,1.3917775719778667,14074.986225895318
267.27272727272725,2.3212121212121213,9.56673420455565,1.3842149584545032,14269.123966942148
270.9090909090909,2.3212121212121213,9.696791023519683,1.3767933827068466,14463.26170798898
274.5454545454545,2.3212121212121213,9.827457961428303,1.3695190325705469,14657.39944903581
278.1818181818182,2.3212121212121213,9.958716823331262,1.3623988957734525,14851.537190082645
281.8181818181818,2.3212121212121213,10.090549247575712,1.3554407722949566,15045.674931129477
285.45454545454544,2.3212121212121213,10.222936710085861,1.348653284832762,15239.812672176307
289.0909090909091,2.3212121212121213,10.355860528698718,1.3420458871139134,15433.950413223143
292.72727272727275,2.3212121212121213,10.489301867555596,1.3356288697627932,15628.088154269974
296.3636363636364,2.3212121212121213,10.623241741547654,1.329413363414652,15822.225895316806
300.0,2.3212121212121213,10.75766102081363,1.323411338741704,16016.363636363636
303.6363636363636,2.3212121212121213,10.892540435288593,1.3176356030386405,16210.50137741047
307.27272727272725,2.3212121212121213,11.027860579302345,1.3120997929989138,16404.6391184573
310.9090909090909,2.3212121212121213,11.163601916225295,1.3068183633003994,16598.77685950413
314.5454545454545,2.3212121212121213,11.299744783161362,1.3018065706133801,16792.914600550965
318.1818181818182,2.3212121212121213,11.436269395685153,1.2970804526456392,16987.052341597795
321.8181818181818,2.3212121212121213,11.573155852622378,1.2926568018472366,17181.19008264463
325.45454545454544,2.3212121212121213,11.710384140872112,1.2885531334185887,17375.32782369146
329.09090909090907,2.3212121212121213,11.847934140268686,1.284787647294709,17569.465564738293
332.7272727272727,2.3212121212121213,11.985785628482246,1.2813791838227326,17763.603305785124
336.3636363636364,2.3212121212121213,12.123918285955352,1.2783471729051026,17957.741046831954
340.0,2.3212121212121213,12.262311700875516,1.2757115764528082,18151.878787878788
343.6363636363636,2.3212121212121213,12.400945374179813,1.2734928240779115,18346.01652892562
347.27272727272725,2.3212121212121213,12.539798724591952,1.271711742055028,18540.154269972452
350.9090909090909,2.3212121212121213,12.678851093688511,1.270389475695285,18734.292011019283
354.54545454545456,2.3212121212121213,12.818081750993976,1.2695474054023397,18928.429752066117
358.1818181818182,2.3212121212121213,12.957469899101358,1.269207056817387,19122.567493112947
361.8181818181818,2.3212121212121213,13.09699467881791,1.269390005602876,19316.70523415978
365.45454545454544,2.3212121212121213,13.236635174333214,1.2701177775630974,19510.84297520661
369.09090909090907,2.3212121212121213,13.376370418408829,1.2714117449458502,19704.98071625344
372.7272727272727,2.3212121212121213,13.516179397586495,1.2732930199101598,19899.118457300276
376.3636363636364,2.3212121212121213,13.656041057414292,1.2757823462737417,20093.25619834711
380.0,2.3212121212121213,13.79593430768821,1.2788999907669034,20287.39393939394
383.6363636363636,2.3212121212121213,13.9358380277074,1.2826656351074943,20481.53168044077
387.27272727272725,2.3212121212121213,14.075731071541698,1.2870982702741833,20675.669421487604
390.9090909090909,2.3212121212121213,14.215592273308916,1.2922160943836856,20869.807162534435
394.54545454545456,2.3212121212121213,14.35540045246066,1.2980364155710489,21063.94490358127
398.1818181818182,2.3212121212121213,14.495134419075082,1.304575561228221,21258.0826446281
401.8181818181818,2.3212121212121213,14.634772979152977,1.3118487948733604,21452.22038567493
405.45454545454544,2.3212121212121213,14.774294939918468,1.3198702418040684,21646.358126721763
409.09090909090907,2.3212121212121213,14.913679115119123,1.328652824535154,21840.495867768594
412.7272727272727,2.3212121212121213,15.052904330326129,1.338208208838409,22034.633608815428
416.3636363636364,2.3212121212121213,15.191949428231458,1.348546760997188,22228.77134986226
420.0,2.3212121212121213,15.33079327394022,1.3596775166666832,22422.909090909092
60.0,2.350505050505051,3.670853454922378,2.1189964183435266,3243.6969696969704
63.63636363636363,2.350505050505051,3.74369518115316,2.0980681401649997,3440.28466483012
67.27272727272727,2.350505050505051,3.8178046413718105,2.0775502350265214,3636.872359963269
70.9090909090909,2.350505050505051,3.8931777759654915,2.057438483045514,3833.4600550964196
74.54545454545455,2.350505050505051,3.969810239931702,2.037728353395046,4030.047750229569
78.18181818181819,2.350505050505051,4.047697402580235,2.0184150096683924,4226.635445362719
81.81818181818181,2.350505050505051,4.126834347321751,1.9994933163010997,4423.223140495868
85.45454545454545,2.350505050505051,4.207215871542218,1.9809578460643547,4619.810835629018
89.0909090909091,2.350505050505051,4.288836486563354,1.9628028886372206,4816.398530762168
92.72727272727272,2.350505050505051,4.371690417690909,1.945022460260637,5012.986225895317
96.36363636363636,2.350505050505051,4.455771604349183,1.9276103144694714,5209.573921028467
100.0,2.350505050505051,4.541073700304174,1.910559953893618,5406.161616161617
103.63636363636363,2.350505050505051,4.627590073973649,1.8938646431128088,5602.749311294766
107.27272727272728,2.350505050505051,4.715313808826363,1.8775174225445592,5799.337006427917
110.9090909090909,2.350505050505051,4.804237703868323,1.861511123339072,5995.924701561066
114.54545454545455,2.350505050505051,4.894354274218822,1.845838383249336,6192.512396694216
118.18181818181819,2.350505050505051,4.985655751774576,1.8304916634403219,6389.100091827365
121.81818181818181,2.350505050505051,5.078134085962557,1.815463266196127,6585.687786960515
125.45454545454545,2.350505050505051,5.171780944581674,1.8007453534802604,6782.275482093664
129.0909090909091,2.350505050505051,5.266587714733977,1.7863299663002115,6978.8631772268145
132.72727272727272,2.350505050505051,5.362545503843899,1.7722090448248178,7175.450872359964
136.36363636363637,2.350505050505051,5.4596451407668996,1.7583744492007087,7372.038567493115
140.0,2.350505050505051,5.557877176986921,1.744817981011016,7568.626262626263
143.63636363636363,2.350505050505051,5.657231887902274,1.731531405320128,7765.2139577594135
147.27272727272725,2.350505050505051,5.75769927420046,1.7185064732458444,7961.801652892563
150.9090909090909,2.350505050505051,5.859269063321185,1.7057349450015653,8158.389348025712
154.54545454545456,2.350505050505051,5.96193071100765,1.6932086133506024,8354.977043158864
158.1818181818182,2.350505050505051,6.065673402945538,1.6809193274170262,8551.564738292012
161.8181818181818,2.350505050505051,6.17048605649049,1.6688590167975663,8748.15243342516
165.45454545454544,2.350505050505051,6.27635732248173,1.657019715922771,8944.740128558311
169.0909090909091,2.350505050505051,6.383275587143903,1.6453935886164632,9141.327823691463
172.72727272727272,2.350505050505051,6.491228974074643,1.6339729528068865,9337.915518824611
176.36363636363637,2.350505050505051,6.6002053463189,1.622750305344967,9534.503213957762
180.0,2.350505050505051,6.710192308528896,1.6117183468889622,9731.090909090912
183.63636363636363,2.350505050505051,6.821177209209102,1.6008700068178077,9927.67860422406
187.27272727272725,2.350505050505051,6.933147143046171,1.590198468139535,10124.266299357208
190.9090909090909,2.350505050505051,7.046088953323095,1.579697192363914,10320.85399449036
194.54545454545453,2.350505050505051,7.159989234416583,1.569359944312248,10517.441689623509
198.1818181818182,2.350505050505051,7.274834334377896,1.559180816839877,10714.029384756659
201.8181818181818,2.350505050505051,7.390610357595512,1.5491542554501387,10910.61707988981
205.45454545454544,2.350505050505051,7.507303167539542,1.539275082780516,11107.204775022958
209.0909090909091,2.350505050505051,7.6248983895867735,1.5295385229436163,11303.792470156108
212.72727272727272,2.350505050505051,7.743381413926141,1.519940225706914,11500.380165289258
216.36363636363635,2.350505050505051,7.862737398543057,1.5104762904955156,11696.967860422406
220.0,2.350505050505051,7.982951272282336,1.5011432902021804,11893.555555555558
223.63636363636363,2.350505050505051,8.104007737988828,1.4919382947872244,12090.143250688707
227.27272727272728,2.350505050505051,8.22589127572415,1.482858894649353,12286.730945821857
230.9090909090909,2.350505050505051,8.348586146059663,1.4739032237447902,12483.318640955005
234.54545454545453,2.350505050505051,8.472076393443988,1.4650699824275193,12679.906336088156
238.1818181818182,2.350505050505051,8.596345849643923,1.4563584599784218,12876.494031221308
241.8181818181818,2.350505050505051,8.721378137258714,1.4477685567835026,13073.081726354456
245.45454545454544,2.350505050505051,8.847156673305452,1.4393008061128654,13269.669421487604
249.0909090909091,2.350505050505051,8.973664672874786,1.4309563954427476,13466.257116620754
252.72727272727272,2.350505050505051,9.100885152856847,1.4227371872508903,13662.844811753903
256.3636363636364,2.350505050505051,9.228800935734665,1.4146457392022476,13859.432506887055
260.0,2.350505050505051,9.357394653445027,1.4066853236278338,14056.020202020205
263.6363636363636,2.350505050505051,9.486648751305015,1.3988599461826772,14252.607897153353
267.27272727272725,2.350505050505051,9.616545492003373,1.3911743635508766,14449.195592286502
270.9090909090909,2.350505050505051,9.747066959654747,1.38363410004588,14645.78328741965
274.5454545454545,2.350505050505051,9.87819506391671,1.3762454629340404,14842.370982552802
278.1818181818182,2.350505050505051,10.009911544166757,1.3690155562860407,15038.958677685952
281.8181818181818,2.350505050505051,10.142197973739277,1.3619522931379688,15235.546372819103
285.45454545454544,2.350505050505051,10.27503576421982,1.355064405720694,15432.134067952251
289.0909090909091,2.350505050505051,10.408406169796883,1.3483614534900683,15628.721763085403
292.72727272727275,2.350505050505051,10.542290291667982,1.3418538286686286,15825.309458218553
296.3636363636364,2.350505050505051,10.67666908249996,1.3355527589848843,16021.897153351701
300.0,2.350505050505051,10.811523350941435,1.3294703072752556,16218.48484848485
303.6363636363636,2.350505050505051,10.94683376618583,1.32361936759519,16415.072543618
307.27272727272725,2.350505050505051,11.082580862583994,1.3180136574700905,16611.66023875115
310.9090909090909,2.350505050505051,11.218745044303967,1.3126677059059293,16808.247933884297
314.5454545454545,2.350505050505051,11.355306590037456,1.3075968367752417,17004.835629017445
318.1818181818182,2.350505050505051,11.492245657750669,1.3028171471956096,17201.4233241506
321.8181818181818,2.350505050505051,11.629542289477744,1.2983454805296573,17398.01101928375
325.45454545454544,2.350505050505051,11.767176416156081,1.2941993936558762,17594.598714416898
329.09090909090907,2.350505050505051,11.90512786250098,1.2903971181926837,17791.18640955005
332.7272727272727,2.350505050505051,12.043376351918678,1.2869575154017596,17987.774104683198
336.3636363636364,2.350505050505051,12.181901511455166,1.2839000245568117,18184.36179981635
340.0,2.350505050505051,12.320682876780412,1.2812446046349983,18380.9494949495
343.6363636363636,2.350505050505051,12.459699897205105,1.2790116692762883,18577.537190082647
347.27272727272725,2.350505050505051,12.598931940729006,1.2772220150579374,18774.124885215795
350.9090909090909,2.350505050505051,12.738358299118175,1.275896743244893,18970.712580348947
354.54545454545456,2.350505050505051,12.87795819301111,1.2750571753062938,19167.300275482095
358.1818181818182,2.350505050505051,13.017710777049881,1.2747247626226912,19363.887970615244
361.8181818181818,2.350505050505051,13.157595145036034,1.274920990954165,19560.475665748396
365.45454545454544,2.350505050505051,13.297590335109273,1.2756672803846483,19757.063360881544
369.09090909090907,2.350505050505051,13.437675334946013,1.276984881603663,19953.651056014693
372.7272727272727,2.350505050505051,13.577829086977879,1.2788947695236939,20150.238751147845
376.3636363636364,2.350505050505051,13.718030493626568,1.2814175353587627,20346.826446280997
380.0,2.350505050505051,13.858258422554506,1.2845732783966548,20543.414141414145
383.6363636363636,2.350505050505051,13.998491711928578,1.2883814987830087,20740.001836547293
387.27272727272725,2.350505050505051,14.138709175696025,1.2928609926917047,20936.58953168044
390.9090909090909,2.350505050505051,14.278889608869672,1.2980297512799956,21133.17722681359
394.54545454545456,2.350505050505051,14.419011792821772,1.3039048648149991,21329.764921946746
398.1818181818182,2.350505050505051,14.559054500583184,1.3105024333090618,21526.352617079894
401.8181818181818,2.350505050505051,14.698996502148074,1.3178374849144707,21722.940312213042
405.45454545454544,2.350505050505051,14.838816569779787,1.3259239032044345,21919.52800734619
409.09090909090907,2.350505050505051,14.978493483318594,1.334774364311813,22116.11570247934
412.7272727272727,2.350505050505051,15.118006035487234,1.3444002847115735,22312.703397612488
416.3636363636364,2.350505050505051,15.257333037194467,1.3548117802270772,22509.291092745643
420.0,2.350505050505051,15.396453322832802,1.366017636619,22705.87878787879
60.0,2.37979797979798,3.690130073500617,2.1348065207675133,3284.1212121212125
63.63636363636363,2.37979797979798,3.7635033727419147,2.113764865490172,3483.15886134068
67.27272727272727,2.37979797979798,3.838145132716498,2.0931299903574545,3682.1965105601466
70.9090909090909,2.37979797979798,3.914051220464165,2.072897724905134,3881.2341597796144
74.54545454545455,2.37979797979798,3.991217217298252,2.0530635945949185,4080.271808999082
78.18181818181819,2.37979797979798,4.069638418525206,2.0336228262080858,4279.3094582185495
81.81818181818181,2.37979797979798,4.149309833249787,2.0145703542673115,4478.347107438017
85.45454545454545,2.37979797979798,4.230226184266201,1.995900828499273,4677.384756657484
89.0909090909091,2.37979797979798,4.312381908036442,1.9776086223461937,4876.422405876951
92.72727272727272,2.37979797979798,4.395771154755112,1.9596878425282336,5075.460055096419
96.36363636363636,2.37979797979798,4.480387788502199,1.942132339654325,5274.497704315886
100.0,2.37979797979798,4.566225387482947,1.9249357198719326,5473.535353535354
103.63636363636363,2.37979797979798,4.653277244356152,1.9080913575422285,5672.573002754822
107.27272727272728,2.37979797979798,4.74153636665057,1.8915924089206717,5871.61065197429
110.9090909090909,2.37979797979798,4.830995477269654,1.8754318268184715,6070.648301193756
114.54545454545455,2.37979797979798,4.921647015084923,1.8596023762148655,6269.685950413224
118.18181818181819,2.37979797979798,5.013483135618087,1.8440966507861043,6468.723599632692
121.81818181818181,2.37979797979798,5.106495711812463,1.8289070903120532,6667.761248852158
125.45454545454545,2.37979797979798,5.200676334892187,1.814025998918085,6866.798898071626
129.0909090909091,2.37979797979798,5.296016315311881,1.799445564105966,7065.836547291094
132.72727272727272,2.37979797979798,5.392506683793897,1.7851578765248968,7264.87419651056
136.36363636363637,2.37979797979798,5.490138192455616,1.77115495043138,7463.911845730029
140.0,2.37979797979798,5.588901316024801,1.7574287447847925,7662.949494949496
143.63636363636363,2.37979797979798,5.688786253144185,1.743971184924207,7861.987144168962
147.27272727272725,2.37979797979798,5.789782927764405,1.7307741847715814,8061.02479338843
150.9090909090909,2.37979797979798,5.891880990625454,1.7178296695058894,8260.062442607898
154.54545454545456,2.37979797979798,5.99506982082656,1.7051295986539967,8459.100091827366
158.1818181818182,2.37979797979798,6.099338527483698,1.6926659895438847,8658.137741046832
161.8181818181818,2.37979797979798,6.2046759514747984,1.6804309410687115,8857.175390266299
165.45454545454544,2.37979797979798,6.311070667272876,1.66841665771082,9056.213039485767
169.0909090909091,2.37979797979798,6.4185109848653665,1.6566154737776089,9255.250688705235
172.72727272727272,2.37979797979798,6.526984951760789,1.6450198778041836,9454.288337924703
176.36363636363637,2.37979797979798,6.636480355080923,1.633622537079875,9653.32598714417
180.0,2.37979797979798,6.746984723739542,1.6224163222590635,9852.363636363638
183.63636363636363,2.37979797979798,6.858485330705353,1.6113943320200723,10051.401285583104
187.27272727272725,2.37979797979798,6.970969195350843,1.6005499177389195,10250.43893480257
190.9090909090909,2.37979797979798,7.084423085883877,1.5898767081479097,10449.476584022039
194.54545454545453,2.37979797979798,7.198833521864003,1.5793686339519202,10648.514233241505
198.1818181818182,2.37979797979798,7.314186776801016,1.569019952378271,10847.551882460975
201.8181818181818,2.37979797979798,7.4304688808358375,1.5588252716387228,11046.589531680442
205.45454545454544,2.37979797979798,7.547665623502803,1.548779575283119,11245.627180899908
209.0909090909091,2.37979797979798,7.665762556573119,1.5388782464272783,11444.664830119376
212.72727272727272,2.37979797979798,7.784744996977544,1.5291170918377919,11643.702479338843
216.36363636363635,2.37979797979798,7.904598029808986,1.5194923658561375,11842.740128558311
220.0,2.37979797979798,8.02530651140278,1.5100007941458098,12041.777777777781
223.63636363636363,2.37979797979798,8.14685507249516,1.5006395972424462,12240.815426997247
227.27272727272728,2.37979797979798,8.269228121457346,1.491406513886482,12439.853076216714
230.9090909090909,2.37979797979798,8.392409847605897,1.4822998241134742,12638.890725436182
234.54545454545453,2.37979797979798,8.516384224587318,1.4733183720722338,12837.928374655648
238.1818181818182,2.37979797979798,8.64113501383658,1.4644615885367136,13036.966023875117
241.8181818181818,2.37979797979798,8.766645768107841,1.4557295130680632,13236.003673094583
245.45454545454544,2.37979797979798,8.892899835076664,1.4471228157766132,13435.04132231405
249.0909090909091,2.37979797979798,9.019880361013307,1.4386428186224727,13634.07897153352
252.72727272727272,2.37979797979798,9.147570294524249,1.4302915161818648,13833.116620752986
256.3636363636364,2.37979797979798,9.275952390362464,1.422071595793265,14032.154269972454
260.0,2.37979797979798,9.405009213304476,1.41398645698221,14231.19191919192
263.6363636363636,2.37979797979798,9.534723142093132,1.4060402300476758,14430.229568411387
267.27272727272725,2.37979797979798,9.665076373444572,1.3982377936741295,14629.267217630853
270.9090909090909,2.37979797979798,9.796050926118772,1.3905847914142115,14828.30486685032
274.5454545454545,2.37979797979798,9.92762864505152,1.3830876468661093,15027.34251606979
278.1818181818182,2.37979797979798,10.059791205547464,1.3757535773470482,15226.380165289258
281.8181818181818,2.37979797979798,10.192520117531508,1.3685906058414723,15425.417814508724
285.45454545454544,2.37979797979798,10.325796729859084,1.3616075709787725,15624.45546372819
289.0909090909091,2.37979797979798,10.459602234681887,1.3548141347714038,15823.493112947663
292.72727272727275,2.37979797979798,10.593917671868963,1.3482207878203747,16022.530762167129
296.3636363636364,2.37979797979798,10.728723933481547,1.3418388516731374,16221.568411386595
300.0,2.37979797979798,10.864001768299255,1.3356804779974327,16420.606060606064
303.6363636363636,2.37979797979798,10.999731786397644,1.3297586442168028,16619.643709825526
307.27272727272725,2.37979797979798,11.135894463774182,1.3240871452387393,16818.681359044996
310.9090909090909,2.37979797979798,11.272470147021725,1.3186805808974296,17017.719008264463
314.5454545454545,2.37979797979798,11.409439058048271,1.3135543387282058,17216.75665748393
318.1818181818182,2.37979797979798,11.546781298840765,1.3087245716958027,17415.7943067034
321.8181818181818,2.37979797979798,11.684476856271468,1.3042081705100508,17614.831955922866
325.45454545454544,2.37979797979798,11.82250560694586,1.3000227301860907,17813.869605142336
329.09090909090907,2.37979797979798,11.960847322089524,1.2961865105391865,18012.907254361802
332.7272727272727,2.37979797979798,12.099481672473129,1.292718390351858,18211.94490358127
336.3636363636364,2.37979797979798,12.238388233373772,1.2896378150104153,18410.982552800735
340.0,2.37979797979798,12.377546489569683,1.286964737482696,18610.0202020202
343.6363636363636,2.37979797979798,12.516935840369218,1.284719552597678,18809.05785123967
347.27272727272725,2.37979797979798,12.656535604669537,1.282923024689874,19008.095500459138
350.9090909090909,2.37979797979798,12.79632502604546,1.2815962087884059,19207.133149678604
354.54545454545456,2.37979797979798,12.936283277864833,1.2807603656574467,19406.170798898074
358.1818181818182,2.37979797979798,13.076389468431227,1.2804368711324212,19605.20844811754
361.8181818181818,2.37979797979798,13.21662264614893,1.2806471203387895,19804.24609733701
365.45454545454544,2.37979797979798,13.356961804711371,1.2814124275261358,20003.283746556477
369.09090909090907,2.37979797979798,13.497385888309502,1.2827539223926594,20202.321395775944
372.7272727272727,2.37979797979798,13.637873796858743,1.284692443911829,20401.35904499541
376.3636363636364,2.37979797979798,13.778404391243239,1.2872484327942335,20600.396694214876
380.0,2.37979797979798,13.91895649857447,1.290441823823779,20799.434343434346
383.6363636363636,2.37979797979798,14.059508917463702,1.2942919393864547,20998.471992653813
387.27272727272725,2.37979797979798,14.200040423305367,1.298817385562364,21197.50964187328
390.9090909090909,2.37979797979798,14.340529773570063,1.3040359521713576,21396.547291092746
394.54545454545456,2.37979797979798,14.480955713105779,1.309964518144617,21595.584940312216
398.1818181818182,2.37979797979798,14.621296979443937,1.3166189635418866,21794.622589531682
401.8181818181818,2.37979797979798,14.761532308110752,1.324014089442211,21993.66023875115
405.45454545454544,2.37979797979798,14.9016404379399,1.3321635468094375,22192.697887970615
409.09090909090907,2.37979797979798,15.041600116385535,1.341079775274614,22391.73553719008
412.7272727272727,2.37979797979798,15.181390104834673,1.350773952591505,22590.773186409548
416.3636363636364,2.37979797979798,15.320989183915,1.3612559553139796,22789.81083562902
420.0,2.37979797979798,15.46037615879876,1.3725343310227105,22988.848484848488
60.0,2.409090909090909,3.708771886096187,2.1502678388473653,3324.545454545455
63.63636363636363,2.409090909090909,3.782666720855258,2.129118945920746,3526.0330578512394
67.27272727272727,2.409090909090909,3.8578306807982745,2.1083734382980395,3727.5206611570243
70.9090909090909,2.409090909090909,3.9342595604860904,2.0880271913876682,3929.00826446281
74.54545454545455,2.409090909090909,4.0119488684358116,2.0680757829511447,4130.495867768595
78.18181818181819,2.409090909090909,4.090893826856991,2.0485144985292587,4331.983471074381
81.81818181818181,2.409090909090909,4.171089371473102,2.0293383378690266,4533.471074380165
85.45454545454545,2.409090909090909,4.252530151430442,2.0105420223641186,4734.9586776859505
89.0909090909091,2.409090909090909,4.3352105292928655,1.9921200035161588,4936.446280991736
92.72727272727272,2.409090909090909,4.419124581124383,1.9740664724191672,5137.93388429752
96.36363636363636,2.409090909090909,4.504266096658769,1.9563753702644981,5339.421487603306
100.0,2.409090909090909,4.590628579556956,1.9390403998574581,5540.909090909091
103.63636363636363,2.409090909090909,4.6782052477530796,1.9220550381330332,5742.396694214876
107.27272727272728,2.409090909090909,4.76698903388802,1.9054125496513985,5943.884297520662
110.9090909090909,2.409090909090909,4.856972585832145,1.8891060010501035,6145.371900826446
114.54545454545455,2.409090909090909,4.948148267296316,1.8731282764245083,6346.859504132231
118.18181818181819,2.409090909090909,5.040508158531893,1.8574720936039277,6548.347107438018
121.81818181818181,2.409090909090909,5.134044057119687,1.8421300212864116,6749.834710743802
125.45454545454545,2.409090909090909,5.228747478847687,1.8270944969918996,6951.322314049587
129.0909090909091,2.409090909090909,5.32460965867809,1.8123578457899774,7152.809917355372
132.72727272727272,2.409090909090909,5.421621551803231,1.7979122997553227,7354.297520661156
136.36363636363637,2.409090909090909,5.519773834790346,1.7837500181025887,7555.785123966943
140.0,2.409090909090909,5.619056906815515,1.7698631079496174,7757.272727272728
143.63636363636363,2.409090909090909,5.719460890986085,1.75624364565752,7958.760330578512
147.27272727272725,2.409090909090909,5.820975635751924,1.7428836986948524,8160.247933884297
150.9090909090909,2.409090909090909,5.923590716405236,1.7297753479736915,8361.735537190083
154.54545454545456,2.409090909090909,6.027295436668051,1.716910710604951,8563.22314049587
158.1818181818182,2.409090909090909,6.132078830368556,1.7042819630217896,8764.710743801654
161.8181818181818,2.409090909090909,6.237929663204506,1.6918813644210857,8966.198347107438
165.45454545454544,2.409090909090909,6.344836434593809,1.67970128047467,9167.685950413223
169.0909090909091,2.409090909090909,6.452787379613139,1.66773420726387,9369.173553719009
172.72727272727272,2.409090909090909,6.561770471021747,1.6559727953940484,9570.661157024793
176.36363636363637,2.409090909090909,6.671773421372481,1.644409874247658,9772.14876033058
180.0,2.409090909090909,6.782783685208287,1.6330384763374797,9973.636363636364
183.63636363636363,2.409090909090909,6.894788461343448,1.6218518617251172,10175.123966942148
187.27272727272725,2.409090909090909,7.007774695230117,1.6108435424716177,10376.611570247933
190.9090909090909,2.409090909090909,7.121729081408203,1.6000073070916039,10578.099173553719
194.54545454545453,2.409090909090909,7.2366380660396405,1.5893372449831626,10779.586776859504
198.1818181818182,2.409090909090909,7.352487849524576,1.578827770810406,10981.07438016529
201.8181818181818,2.409090909090909,7.469264389200086,1.5684736488153532,11182.561983471074
205.45454545454544,2.409090909090909,7.586953402120358,1.5582700170405313,11384.04958677686
209.0909090909091,2.409090909090909,7.705540367917589,1.5482124114417781,11585.537190082645
212.72727272727272,2.409090909090909,7.82501053174239,1.5382967898742925,11787.02479338843
216.36363636363635,2.409090909090909,7.945348907283686,1.528519555933249,11988.512396694216
220.0,2.409090909090909,8.066540279866746,1.5188775826300625,12190.0
223.63636363636363,2.409090909090909,8.188569209628117,1.5093682358840956,12391.487603305784
227.27272727272728,2.409090909090909,8.311420034767828,1.4999893978064525,12592.97520661157
230.9090909090909,2.409090909090909,8.435076874876078,1.4907394897492245,12794.462809917355
234.54545454545453,2.409090909090909,8.559523634335068,1.4816174950886134,12995.95041322314
238.1818181818182,2.409090909090909,8.68474400579418,1.4726229817044019,13197.438016528928
241.8181818181818,2.409090909090909,8.810721473717416,1.463756124110735,13398.925619834712
245.45454545454544,2.409090909090909,8.937439318002568,1.4550177251845473,13600.413223140496
249.0909090909091,2.409090909090909,9.064880617669708,1.4464092374275368,13801.900826446281
252.72727272727272,2.409090909090909,9.193028254620193,1.4379327836859683,14003.388429752065
256.3636363636364,2.409090909090909,9.321864917462468,1.4295911772390788,14204.876033057852
260.0,2.409090909090909,9.451373105404898,1.4213879411518844,14406.363636363636
263.6363636363636,2.409090909090909,9.581535132214562,1.413327326771863,14607.85123966942
267.27272727272725,2.409090909090909,9.712333130239674,1.4054143312302227,14809.338842975205
270.9090909090909,2.409090909090909,9.843749054495705,1.3976547137898667,15010.82644628099
274.5454545454545,2.409090909090909,9.975764686812154,1.3900550108599612,15212.314049586774
278.1818181818182,2.409090909090909,10.108361640040885,1.3826225494763058,15413.801652892564
281.8181818181818,2.409090909090909,10.241521362322839,1.375365459022333,15615.289256198348
285.45454545454544,2.409090909090909,10.375225141411867,1.3682926809430358,15816.776859504133
289.0909090909091,2.409090909090909,10.50945410905588,1.3614139761803306,16018.26446280992
292.72727272727275,2.409090909090909,10.644189245431747,1.3547399300345664,16219.752066115705
296.3636363636364,2.409090909090909,10.779411383634208,1.34828195413547,16421.239669421488
300.0,2.409090909090909,10.915101214215941,1.3420522851857177,16622.727272727272
303.6363636363636,2.409090909090909,11.051239289778714,1.3360639801219876,16824.214876033056
307.27272727272725,2.409090909090909,11.187806029612473,1.3303309073257363,17025.70247933884
310.9090909090909,2.409090909090909,11.324781724382373,1.324867733507105,17227.190082644625
314.5454545454545,2.409090909090909,11.462146540861239,1.3196899058821683,17428.67768595041
318.1818181818182,2.409090909090909,11.599880526705867,1.314813629269745,17630.165289256198
321.8181818181818,2.409090909090909,11.737963615276197,1.310255837747434,17831.652892561986
325.45454545454544,2.409090909090909,11.87637563049498,1.306034160530602,18033.14049586777
329.09090909090907,2.409090909090909,12.015096291746888,1.3021668817738092,18234.628099173555
332.7272727272727,2.409090909090909,12.154105218815356,1.2986728940426597,18436.11570247934
336.3636363636364,2.409090909090909,12.293381936854574,1.2955716452649388,18637.603305785124
340.0,2.409090909090909,12.432905881396412,1.2928830790469583,18839.090909090908
343.6363636363636,2.409090909090909,12.572656403389395,1.2906275683301744,19040.578512396693
347.27272727272725,2.409090909090909,12.712612774268607,1.2888258424674794,19242.066115702477
350.9090909090909,2.409090909090909,12.85275419105455,1.287498907915455,19443.55371900826
354.54545454545456,2.409090909090909,12.993059781479097,1.286667962867013,19645.04132231405
358.1818181818182,2.409090909090909,13.13350860913713,1.2863543062852576,19846.528925619834
361.8181818181818,2.409090909090909,13.274079678662098,1.286579241942238,20048.01652892562
365.45454545454544,2.409090909090909,13.414751940923022,1.2873639782101403,20249.504132231406
369.09090909090907,2.409090909090909,13.555504298241859,1.2887295244933712,20450.99173553719
372.7272727272727,2.409090909090909,13.696315609629732,1.2906965853231491,20652.479338842975
376.3636363636364,2.409090909090909,13.837164696038759,1.2932854532559015,20853.966942148763
380.0,2.409090909090909,13.978030345629424,1.296515901816903,21055.454545454548
383.6363636363636,2.409090909090909,14.118891319050256,1.3004070798073382,21256.942148760332
387.27272727272725,2.409090909090909,14.25972635472935,1.304977408340226,21458.429752066117
390.9090909090909,2.409090909090909,14.400514174174152,1.3102444819848509,21659.9173553719
394.54545454545456,2.409090909090909,14.541233487279552,1.3162249753783912,21861.404958677685
398.1818181818182,2.409090909090909,14.681862997640998,1.322934556605151,22062.89256198347
401.8181818181818,2.409090909090909,14.822381407871559,1.3303878085485643,22264.380165289254
405.45454545454544,2.409090909090909,14.96276742492094,1.3385981592919707,22465.86776859504
409.09090909090907,2.409090909090909,15.102999765394294,1.3475778224816648,22667.355371900823
412.7272727272727,2.409090909090909,15.243057160869576,1.3573377483797997,22868.84297520661
416.3636363636364,2.409090909090909,15.382918363211035,1.367887586125658,23070.3305785124
420.0,2.409090909090909,15.52256214987704,1.3792356575042357,23271.818181818184
60.0,2.4383838383838388,3.726794565761824,2.1653781407432446,3364.969696969697
63.63636363636363,2.4383838383838388,3.801200779781972,2.1441283749999664,3568.9072543618004
67.27272727272727,2.4383838383838388,3.8768767200902063,2.1232787950091905,3772.844811753903
70.9090909090909,2.4383838383838388,3.9538181096548657,2.102825318462509,3976.7823691460057
74.54545454545455,2.4383838383838388,4.03202038510173,2.082763571408057,4180.719926538109
78.18181818181819,2.4383838383838388,4.111478696467256,2.0630888937121896,4384.657483930212
81.81818181818181,2.4383838383838388,4.192187907036746,2.043796345497527,4588.5950413223145
85.45454545454545,2.4383838383838388,4.274142593269942,2.0248807145689725,4792.532598714418
89.0909090909091,2.4383838383838388,4.357337044812915,2.006336524835229,4996.470156106521
92.72727272727272,2.4383838383838388,4.441765264597406,1.9881580457276904,5200.407713498624
96.36363636363636,2.4383838383838388,4.5274209690280465,1.9703393026143812,5404.345270890726
100.0,2.4383838383838388,4.61429758825667,1.9528740882006113,5608.2828282828295
103.63636363636363,2.4383838383838388,4.7023882665457375,1.9357559749040838,5812.220385674931
107.27272727272728,2.4383838383838388,4.7916858627195085,1.9189783281863635,6016.157943067035
110.9090909090909,2.4383838383838388,4.882182950704104,1.9025343208186318,6220.095500459138
114.54545454545455,2.4383838383838388,4.973871820156226,1.8864169480545734,6424.03305785124
118.18181818181819,2.4383838383838388,5.066744477180601,1.8706190436792538,6627.970615243345
121.81818181818181,2.4383838383838388,5.160792645136822,1.8551332968992131,6831.908172635445
125.45454545454545,2.4383838383838388,5.256007765534771,1.8399522700347197,7035.8457300275495
129.0909090909091,2.4383838383838388,5.352380999019623,1.8250684169727296,7239.783287419652
132.72727272727272,2.4383838383838388,5.44990322644531,1.8104741023361435,7443.720844811754
136.36363636363637,2.4383838383838388,5.548565050037368,1.7961616213228495,7647.658402203858
140.0,2.4383838383838388,5.6483567946447035,1.7821232201658517,7851.59595959596
143.63636363636363,2.4383838383838388,5.749268509080126,1.7683511171655493,8055.533516988063
147.27272727272725,2.4383838383838388,5.851289967549274,1.7548375242437246,8259.471074380166
150.9090909090909,2.4383838383838388,5.954410671168686,1.7415746689689238,8463.408631772269
154.54545454545456,2.4383838383838388,6.058619849571134,1.7285548170033598,8667.346189164373
158.1818181818182,2.4383838383838388,6.163906462599927,1.7157702949220208,8871.283746556475
161.8181818181818,2.4383838383838388,6.270259202090227,1.703213513355951,9075.221303948578
165.45454545454544,2.4383838383838388,6.3776664937378875,1.6908769904134255,9279.15886134068
169.0909090909091,2.4383838383838388,6.486116499055287,1.678753375334404,9483.096418732785
172.72727272727272,2.4383838383838388,6.595597117414142,1.6668354723362486,9687.033976124887
176.36363636363637,2.4383838383838388,6.706095988173533,1.6551162646105697,9890.97153351699
180.0,2.4383838383838388,6.817600492894432,1.6435889384345803,10094.909090909092
183.63636363636363,2.4383838383838388,6.93009775763908,1.632246907362224,10298.846648301194
187.27272727272725,2.4383838383838388,7.043574655354764,1.6210838364630242,10502.784205693297
190.9090909090909,2.4383838383838388,7.158017808342118,1.6100936665807477,10706.721763085401
194.54545454545453,2.4383838383838388,7.273413590806056,1.5992706385839544,10910.659320477502
198.1818181818182,2.4383838383838388,7.38974813149038,1.5886093175855256,11114.596877869608
201.8181818181818,2.4383838383838388,7.507007316393691,1.5781046171079582,11318.534435261708
205.45454545454544,2.4383838383838388,7.625176791566972,1.5677518231744467,11522.471992653811
209.0909090909091,2.4383838383838388,7.74424196599173,1.5575466183056943,11726.409550045915
212.72727272727272,2.4383838383838388,7.8641880145378575,1.5474851054039445,11930.347107438018
216.36363636363635,2.4383838383838388,7.98499988100068,1.5375638315043696,12134.28466483012
220.0,2.4383838383838388,8.106662281215662,1.527779811373854,12338.222222222224
223.63636363636363,2.4383838383838388,8.229159706250753,1.5181305509353982,12542.159779614327
227.27272727272728,2.4383838383838388,8.352476425675226,1.5086140704927604,12746.09733700643
230.9090909090909,2.4383838383838388,8.476596490902928,1.4992289277272814,12950.034894398532
234.54545454545453,2.4383838383838388,8.601503738610951,1.4899742404326364,13153.972451790634
238.1818181818182,2.4383838383838388,8.727181794231248,1.4808497089482477,13357.91000918274
241.8181818181818,2.4383838383838388,8.85361407551415,1.4718556382435413,13561.84756657484
245.45454545454544,2.4383838383838388,8.980783796163495,1.4629929595967892,13765.785123966942
249.0909090909091,2.4383838383838388,9.108673969542142,1.454263251802106,13969.722681359048
252.72727272727272,2.4383838383838388,9.23726741244587,1.4456687618255744,14173.66023875115
256.3636363636364,2.4383838383838388,9.366546748945034,1.4372124248185847,14377.597796143253
260.0,2.4383838383838388,9.496494414293497,1.428897883381146,14581.535353535355
263.6363636363636,2.4383838383838388,9.627092658902216,1.4207295059515683,14785.472910927458
267.27272727272725,2.4383838383838388,9.758323552377126,1.4127124041801062,14989.41046831956
270.9090909090909,2.4383838383838388,9.890168987620187,1.404852449125459,15193.348025711663
274.5454545454545,2.4383838383838388,10.022610684991252,1.3971562860915039,15397.285583103765
278.1818181818182,2.4383838383838388,10.155630196530897,1.389631347899795,15601.22314049587
281.8181818181818,2.4383838383838388,10.289208910241129,1.3822858663707045,15805.160697887972
285.45454545454544,2.4383838383838388,10.42332805442459,1.3751288817624028,16009.098255280074
289.0909090909091,2.4383838383838388,10.557968702078592,1.368170249894613,16213.03581267218
292.72727272727275,2.4383838383838388,10.693111775344645,1.361420646659454,16416.973370064283
296.3636363636364,2.4383838383838388,10.828738050010573,1.3548915696023203,16620.910927456385
300.0,2.4383838383838388,10.96482816006442,1.3485953362344836,16824.848484848488
303.6363636363636,2.4383838383838388,11.101362602298176,1.3425450787235111,17028.78604224059
307.27272727272725,2.4383838383838388,11.238321740960604,1.3367547345942392,17232.723599632693
310.9090909090909,2.4383838383838388,11.375685812456478,1.3312390330656296,17436.661157024795
314.5454545454545,2.4383838383838388,11.513434930091506,1.3260134766479659,17640.598714416898
318.1818181818182,2.4383838383838388,11.651549088861458,1.32109431763047,17844.536271809004
321.8181818181818,2.4383838383838388,11.790008170282704,1.316498529104976,18048.473829201106
325.45454545454544,2.4383838383838388,11.928791947264234,1.3122437701972927,18252.41138659321
329.09090909090907,2.4383838383838388,12.067880089017962,1.3083483452142441,18456.34894398531
332.7272727272727,2.4383838383838388,12.207252166006642,1.304831156464909,18660.286501377414
336.3636363636364,2.4383838383838388,12.34688765492759,1.3017116505772093,18864.224058769516
340.0,2.4383838383838388,12.48676594372965,1.2990097582085602,19068.16161616162
343.6363636363636,2.4383838383838388,12.626866336663173,1.2967458271402388,19272.09917355372
347.27272727272725,2.4383838383838388,12.767168059359694,1.2949405488505448,19476.036730945823
350.9090909090909,2.4383838383838388,12.907650263941212,1.2936148787786421,19679.974288337926
354.54545454545456,2.4383838383838388,13.048292034155612,1.292789950619664,19883.911845730032
358.1818181818182,2.4383838383838388,13.189072390537643,1.2924869851279637,20087.849403122134
361.8181818181818,2.4383838383838388,13.32997029559369,1.2927271940467406,20291.786960514237
365.45454545454544,2.4383838383838388,13.470964659007647,1.2935316799252734,20495.72451790634
369.09090909090907,2.4383838383838388,13.612034342866952,1.294921332723442,20699.66207529844
372.7272727272727,2.4383838383838388,13.753158166906807,1.29691672423378,20903.599632690544
376.3636363636364,2.4383838383838388,13.894314913770227,1.2995380014676732,21107.53719008265
380.0,2.4383838383838388,14.035483334282997,1.3028047802490927,21311.474747474753
383.6363636363636,2.4383838383838388,14.17664215274101,1.3067360403312143,21515.412304866855
387.27272727272725,2.4383838383838388,14.317770072208486,1.3113500233946442,21719.349862258954
390.9090909090909,2.4383838383838388,14.45884577982496,1.3166641352959965,21923.287419651057
394.54545454545456,2.4383838383838388,14.599847952119587,1.3226948539097434,22127.224977043163
398.1818181818182,2.4383838383838388,14.740755260330616,1.3294576438445311,22331.162534435265
401.8181818181818,2.4383838383838388,14.881546375728558,1.3369668792169402,22535.100091827368
405.45454545454544,2.4383838383838388,15.0221999749404,1.3452357755323405,22739.03764921947
409.09090909090907,2.4383838383838388,15.162694745273932,1.3542763315603719,22942.975206611573
412.7272727272727,2.4383838383838388,15.303009390040103,1.3640992819035205,23146.912764003675
416.3636363636364,2.4383838383838388,15.443122633871353,1.3747140607500172,23350.850321395777
420.0,2.4383838383838388,15.583013228033494,1.3861287770827928,23554.78787878788
60.0,2.467676767676768,3.7442150523733817,2.1801356061679247,3405.3939393939395
63.63636363636363,2.467676767676768,3.8191223759736577,2.1587915421180544,3611.78145087236
67.27272727272727,2.467676767676768,3.895299962537475,2.137844656682741,3818.1689623507805
70.9090909090909,2.467676767676768,3.9727434643430186,2.117290906205873,4024.5564738292014
74.54545454545455,2.467676767676768,4.051448247047092,2.097125960985511,4230.943985307622
78.18181818181819,2.467676767676768,4.1314093894540544,2.0773452107747254,4437.331496786043
81.81818181818181,2.467676767676768,4.212621683371024,2.057943771235931,4643.719008264463
85.45454545454545,2.467676767676768,4.295079633550211,2.0389164913604176,4850.106519742883
89.0909090909091,2.467676767676768,4.378777457717561,2.020257961859854,5056.494031221305
92.72727272727272,2.467676767676768,4.463709086689208,2.0019625245316757,5262.881542699724
96.36363636363636,2.467676767676768,4.549868164575213,1.9840242825960805,5469.269054178146
100.0,2.467676767676768,4.6372480490717445,1.9664371119967714,5675.656565656566
103.63636363636363,2.467676767676768,4.725841811841118,1.94919467365348,5882.044077134986
107.27272727272728,2.467676767676768,4.815642238980556,1.9322904266491778,6088.431588613408
110.9090909090909,2.467676767676768,4.906641831579361,1.9157176423307032,6294.819100091828
114.54545454545455,2.467676767676768,4.9988328063652165,1.8994694192969621,6501.206611570248
118.18181818181819,2.467676767676768,5.092207096439202,1.8835386992450283,6707.59412304867
121.81818181818181,2.467676767676768,5.186756352099898,1.8679182836403798,6913.981634527089
125.45454545454545,2.467676767676768,5.2824719417567,1.8526008511745824,7120.36914600551
129.0909090909091,2.467676767676768,5.379344952931838,1.8375789759706243,7326.756657483931
132.72727272727272,2.467676767676768,5.477366193352324,1.8228451464929114,7533.144168962351
136.36363636363637,2.467676767676768,5.576526192129929,1.808391785117923,7739.531680440772
140.0,2.467676767676768,5.676815201030691,1.7942112683191602,7945.919191919193
143.63636363636363,2.467676767676768,5.7782231958334584,1.780295947418639,8152.306703397612
147.27272727272725,2.467676767676768,5.880739877776303,1.766638169857477,8358.694214876032
150.9090909090909,2.467676767676768,5.984354675092387,1.753230300937033,8565.081726354454
154.54545454545456,2.467676767676768,6.089056744632914,1.7400647459822967,8771.469237832876
158.1818181818182,2.467676767676768,6.194834973579641,1.7271339728810375,8977.856749311295
161.8181818181818,2.467676767676768,6.301677981243191,1.7144305349520246,9184.244260789716
165.45454545454544,2.467676767676768,6.409574120950378,1.7019470940974042,9390.631772268136
169.0909090909091,2.467676767676768,6.518511482017212,1.6896764441972705,9597.019283746558
172.72727272727272,2.467676767676768,6.628477891809327,1.6776115347045089,9803.406795224977
176.36363636363637,2.467676767676768,6.739460917887991,1.6657454944024972,10009.7943067034
180.0,2.467676767676768,6.851447870242048,1.6540716552886197,10216.18181818182
183.63636363636363,2.467676767676768,6.9644258036045255,1.6425835765508532,10422.569329660239
187.27272727272725,2.467676767676768,7.078381519854563,1.6312750686057995,10628.956841138659
190.9090909090909,2.467676767676768,7.193301570502319,1.6201402171700614,10835.344352617081
194.54545454545453,2.467676767676768,7.309172259257874,1.609173407338313,11041.7318640955
198.1818181818182,2.467676767676768,7.425979644682961,1.5983693476441807,11248.119375573922
201.8181818181818,2.467676767676768,7.543709542923779,1.5877230940814075,11454.506887052343
205.45454545454544,2.467676767676768,7.6623475305261,1.5772300740641196,11660.894398530763
209.0909090909091,2.467676767676768,7.7818789473301475,1.566886110306294,11867.281910009184
212.72727272727272,2.467676767676768,7.902288899445731,1.556687444600094,12073.669421487604
216.36363636363635,2.467676767676768,8.02356226230544,1.5466307614732666,12280.056932966025
220.0,2.467676767676768,8.145683683797074,1.5367132117036664,12486.444444444445
223.63636363636363,2.467676767676768,8.268637587471758,1.5269324356677845,12692.831955922866
227.27272727272728,2.467676767676768,8.392408175829525,1.5172865864966745,12899.219467401286
230.9090909090909,2.467676767676768,8.516979433679118,1.5077743530086893,13105.606978879707
234.54545454545453,2.467676767676768,8.642335131572848,1.4983949823837772,13311.994490358127
238.1818181818182,2.467676767676768,8.768458829313934,1.489148302536962,13518.38200183655
241.8181818181818,2.467676767676768,8.895333879536448,1.4800347441415331,13724.769513314968
245.45454545454544,2.467676767676768,9.022943431356278,1.4710553622431561,13931.157024793389
249.0909090909091,2.467676767676768,9.15127043409195,1.462211857395624,14137.544536271811
252.72727272727272,2.467676767676768,9.280297641054135,1.4535065962369407,14343.93204775023
256.3636363636364,2.467676767676768,9.41000761340309,1.4449426314110159,14550.319559228652
260.0,2.467676767676768,9.540382724072048,1.4365237207246322,14756.707070707072
263.6363636363636,2.467676767676768,9.671405161756299,1.4282543454134822,14963.094582185491
267.27272727272725,2.467676767676768,9.803056934966149,1.4201397273720922,15169.482093663912
270.9090909090909,2.467676767676768,9.935319876141703,1.4121858451835987,15375.869605142332
274.5454545454545,2.467676767676768,10.068175645830264,1.404399448763726,15582.257116620753
278.1818181818182,2.467676767676768,10.201605736922692,1.3967880724125556,15788.644628099175
281.8181818181818,2.467676767676768,10.33559147894858,1.3893600460437694,15995.032139577595
285.45454545454544,2.467676767676768,10.47011404242901,1.3821245043394976,16201.419651056016
289.0909090909091,2.467676767676768,10.605154443284764,1.3750913935543907,16407.80716253444
292.72727272727275,2.467676767676768,10.740693547298694,1.3682714756715162,16614.19467401286
296.3636363636364,2.467676767676768,10.876712074631572,1.3616763295912713,16820.58218549128
300.0,2.467676767676768,11.013190604388665,1.3553183490149585,17026.9696969697
303.6363636363636,2.467676767676768,11.150109579236837,1.349210736670163,17233.35720844812
307.27272727272725,2.467676767676768,11.287449310069066,1.343367494511735,17439.74471992654
310.9090909090909,2.467676767676768,11.425189980716734,1.337803409526781,17646.132231404958
314.5454545454545,2.467676767676768,11.56331165270661,1.3325340347712211,17852.519742883378
318.1818181818182,2.467676767676768,11.701794270061315,1.3275756652732913,18058.907254361802
321.8181818181818,2.467676767676768,11.840617664142172,1.32294530845585,18265.294765840223
325.45454545454544,2.467676767676768,11.979761558531967,1.3186606487564314,18471.682277318643
329.09090909090907,2.467676767676768,12.119205573957055,1.3147400061625365,18678.069788797064
332.7272727272727,2.467676767676768,12.258929233245636,1.3112022884305754,18884.457300275484
336.3636363636364,2.467676767676768,12.398911966322023,1.3080669368216555,19090.844811753905
340.0,2.467676767676768,12.539133115234492,1.3053538652657644,19297.232323232325
343.6363636363636,2.467676767676768,12.679571939214895,1.303083392958088,19503.619834710746
347.27272727272725,2.467676767676768,12.820207619768425,1.3012761704965907,19710.007346189166
350.9090909090909,2.467676767676768,12.961019265792181,1.2999530997886999,19916.394857667587
354.54545454545456,2.467676767676768,13.10198591872007,1.2991352480814975,20122.782369146007
358.1818181818182,2.467676767676768,13.243086557692749,1.2988437566078104,20329.169880624428
361.8181818181818,2.467676767676768,13.384300104751208,1.2990997444790695,20535.557392102848
365.45454545454544,2.467676767676768,13.525605430050867,1.2999242085980367,20741.94490358127
369.09090909090907,2.467676767676768,13.666981357095999,1.3013379205008222,20948.33241505969
372.7272727272727,2.467676767676768,13.808406667991534,1.3033613211650814,21154.71992653811
376.3636363636364,2.467676767676768,13.949860108711142,1.3060144149344923,21361.10743801653
380.0,2.467676767676768,14.09132039437912,1.3093166638026343,21567.49494949495
383.6363636363636,2.467676767676768,14.23276621456477,1.3132868833678248,21773.88246097337
387.27272727272725,2.467676767676768,14.374176238587502,1.3179431418092258,21980.26997245179
390.9090909090909,2.467676767676768,14.515529120830116,1.323302663240275,22186.657483930212
394.54545454545456,2.467676767676768,14.656803506059227,1.3293817367670728,22393.044995408633
398.1818181818182,2.467676767676768,14.797978034750649,1.3361956325123736,22599.432506887053
401.8181818181818,2.467676767676768,14.939031348417817,1.3437585257657487,22805.820018365474
405.45454545454544,2.467676767676768,15.079942094941554,1.3520834302851277,23012.207529843894
409.09090909090907,2.467676767676768,15.220688933899183,1.3611821416106005,23218.595041322315
412.7272727272727,2.467676767676768,15.361250541891561,1.371065191062509,23424.982552800735
416.3636363636364,2.467676767676768,15.501605617865216,1.3817418108885922,23631.370064279155
420.0,2.467676767676768,15.641732888429205,1.393219910807324,23837.757575757576
60.0,2.496969696969697,3.76105154382571,2.194538782131109,3445.8181818181815
63.63636363636363,2.496969696969697,3.8364495992969765,2.1731071883081774,3654.65564738292
67.27272727272727,2.496969696969697,3.913118388865443,2.1520699553908273,3863.493112947658
70.9090909090909,2.496969696969697,3.9910534950382104,2.131423074704256,4072.3305785123966
74.54545454545455,2.496969696969697,4.070250213441057,2.111162256737012,4281.168044077135
78.18181818181819,2.496969696969697,4.150703552603804,2.0912829366841197,4490.005509641874
81.81818181818181,2.496969696969697,4.232408233832326,2.0717802809234542,4698.842975206611
85.45454545454545,2.496969696969697,4.31535869116695,2.05264919443611,4907.68044077135
89.0909090909091,2.496969696969697,4.3995490714282415,2.0338843291773667,5116.517906336088
92.72727272727272,2.496969696969697,4.4849732343503605,2.01548009340009,5325.355371900827
96.36363636363636,2.496969696969697,4.571624752801157,1.9974306619281914,5534.192837465565
100.0,2.496969696969697,4.659496913091945,1.979729987372572,5743.030303030304
103.63636363636363,2.496969696969697,4.748582715374022,1.962371812278174,5951.8677685950415
107.27272727272728,2.496969696969697,4.8388748741250565,1.9453496821854885,6160.70523415978
110.9090909090909,2.496969696969697,4.930365818723109,1.9286569595864123,6369.542699724519
114.54545454545455,2.496969696969697,5.02304769411039,1.9122868387492333,6578.380165289257
118.18181818181819,2.496969696969697,5.116912361545317,1.8962323613844723,6787.217630853996
121.81818181818181,2.496969696969697,5.211951399444236,1.880486433119399,6996.055096418732
125.45454545454545,2.496969696969697,5.308156104311933,1.8650418407457068,7204.892561983471
129.0909090909091,2.496969696969697,5.40551749176133,1.8498912702020398,7413.730027548209
132.72727272727272,2.496969696969697,5.504026297622478,1.8350273252508762,7622.567493112947
136.36363636363637,2.496969696969697,5.603672979140322,1.8204425468066068,7831.404958677686
140.0,2.496969696969697,5.704447716261743,1.8061294328708144,8040.242424242424
143.63636363636363,2.496969696969697,5.806340413011213,1.7920804590290502,8249.079889807163
147.27272727272725,2.496969696969697,5.909340698955269,1.7782880994631594,8457.9173553719
150.9090909090909,2.496969696969697,6.013437930755424,1.7647448484324015,8666.75482093664
154.54545454545456,2.496969696969697,6.1186211938089965,1.7514432421778157,8875.592286501378
158.1818181818182,2.496969696969697,6.224879303978822,1.738375881203818,9084.429752066117
161.8181818181818,2.496969696969697,6.33220080940922,1.7255354528927467,9293.267217630853
165.45454545454544,2.496969696969697,6.440573992430577,1.7129147544094756,9502.104683195592
169.0909090909091,2.496969696969697,6.549986871550153,1.7005067158541223,9710.94214876033
172.72727272727272,2.496969696969697,6.660427203529449,1.6883044236241256,9919.779614325069
176.36363636363637,2.496969696969697,6.771882485547888,1.6763011439476483,10128.617079889807
180.0,2.496969696969697,6.88433995745191,1.6644903465536525,10337.454545454546
183.63636363636363,2.496969696969697,6.997786604089047,1.6528657284455606,10546.292011019284
187.27272727272725,2.496969696969697,7.112209157726516,1.641421237748718,10755.129476584021
190.9090909090909,2.496969696969697,7.227594100553835,1.6301510976026525,10963.966942148762
194.54545454545453,2.496969696969697,7.343927667268645,1.6190498300727514,11172.804407713498
198.1818181818182,2.496969696969697,7.461195847745039,1.6081122800569603,11381.641873278239
201.8181818181818,2.496969696969697,7.579384389783668,1.5973336391649688,11590.479338842975
205.45454545454544,2.496969696969697,7.698478801943573,1.586709469548278,11799.316804407714
209.0909090909091,2.496969696969697,7.818464356453745,1.5762357276606362,12008.154269972452
212.72727272727272,2.496969696969697,7.939326092204726,1.5659087879279137,12216.99173553719
216.36363636363635,2.496969696969697,8.061048817818568,1.5557254663062428,12425.82920110193
220.0,2.496969696969697,8.183617114797341,1.5456830437058096,12634.666666666668
223.63636363636363,2.496969696969697,8.307015340748169,1.5357792892554925,12843.504132231406
227.27272727272728,2.496969696969697,8.431227632683862,1.5260124833802367,13052.341597796145
230.9090909090909,2.496969696969697,8.556237910399997,1.5163814406593068,13261.179063360883
234.54545454545453,2.496969696969697,8.68202987992472,1.5068855324275712,13470.016528925618
238.1818181818182,2.496969696969697,8.8085870370423,1.4975247090761163,13678.85399449036
241.8181818181818,2.496969696969697,8.935892670888625,1.488299522000336,13887.691460055095
245.45454545454544,2.496969696969697,9.063929867617652,1.4792111451343537,14096.528925619834
249.0909090909091,2.496969696969697,9.192681514137192,1.470261396000214,14305.366391184572
252.72727272727272,2.496969696969697,9.322130301914124,1.4614527561882,14514.203856749311
256.3636363636364,2.496969696969697,9.452258730846347,1.4527883911704997,14723.04132231405
260.0,2.496969696969697,9.583049113201275,1.4442721693362324,14931.878787878788
263.6363636363636,2.496969696969697,9.714483577619594,1.435908680117819,15140.716253443527
267.27272727272725,2.496969696969697,9.846544073182248,1.427703251062124,15349.553719008263
270.9090909090909,2.496969696969697,9.979212373539982,1.4196619636786432,15558.391184573002
274.5454545454545,2.496969696969697,10.112470081104528,1.4117916678776343,15767.22865013774
278.1818181818182,2.496969696969697,10.246298631298998,1.4040999947887924,15976.06611570248
281.8181818181818,2.496969696969697,10.380679296866784,1.3965953677286522,16184.903581267217
285.45454545454544,2.496969696969697,10.51559319223765,1.3892870110621824,16393.741046831954
289.0909090909091,2.496969696969697,10.65102127794919,1.3821849566821427,16602.578512396696
292.72727272727275,2.496969696969697,10.786944365122572,1.375300047806475,16811.415977961435
296.3636363636364,2.496969696969697,10.923343119990868,1.3686439397754868,17020.25344352617
300.0,2.496969696969697,11.060198068478591,1.3622290975103915,17229.090909090908
303.6363636363636,2.496969696969697,11.197489600830668,1.3560687892813605,17437.928374655647
307.27272727272725,2.496969696969697,11.335197976289859,1.3501770764210537,17646.765840220385
310.9090909090909,2.496969696969697,11.473303327820581,1.3445687986147519,17855.603305785124
314.5454545454545,2.496969696969697,11.611785666877495,1.3392595543988672,18064.440771349862
318.1818181818182,2.496969696969697,11.750624888217546,1.3342656765082879,18273.2782369146
321.8181818181818,2.496969696969697,11.889800774754114,1.329604201730889,18482.11570247934
325.45454545454544,2.496969696969697,12.029293002450833,1.3252928349560342,18690.953168044078
329.09090909090907,2.496969696969697,12.169081145253955,1.3213499071434305,18899.790633608816
332.7272727272727,2.496969696969697,12.30914468006152,1.317794326991249,19108.62809917355
336.3636363636364,2.496969696969697,12.449462991727936,1.3146455261480485,19317.465564738293
340.0,2.496969696969697,12.590015378101233,1.3119233978925735,19526.303030303032
343.6363636363636,2.496969696969697,12.730781055092757,1.3096482292984188,19735.14049586777
347.27272727272725,2.496969696969697,12.871739161776365,1.3078406270068486,19943.977961432505
350.9090909090909,2.496969696969697,13.01286876551585,1.3065214368488594,20152.815426997244
354.54545454545456,2.496969696969697,13.154148867118934,1.3057116576854897,20361.652892561986
358.1818181818182,2.496969696969697,13.295558406015974,1.3054323499709894,20570.490358126724
361.8181818181818,2.496969696969697,13.437076265461169,1.305704539682004,20779.32782369146
365.45454545454544,2.496969696969697,13.578681277755525,1.3065491183956242,20988.165289256198
369.09090909090907,2.496969696969697,13.720352229488528,1.3079867404334071,21197.002754820936
372.7272727272727,2.496969696969697,13.862067866797652,1.3100377181132434,21405.84022038567
376.3636363636364,2.496969696969697,14.003806900643287,1.312721916260644,21614.677685950413
380.0,2.496969696969697,14.145548012097962,1.3160586472208449,21823.515151515152
383.6363636363636,2.496969696969697,14.287269857647058,1.3200665676774155,22032.35261707989
387.27272727272725,2.496969696969697,14.42895107450012,1.3247635786179204,22241.190082644625
390.9090909090909,2.496969696969697,14.570570285910373,1.3301667297899828,22450.027548209364
394.54545454545456,2.496969696969697,14.712106106500805,1.3362921299573793,22658.865013774106
398.1818181818182,2.496969696969697,14.853537147594974,1.3431548641978082,22867.702479338845
401.8181818181818,2.496969696969697,14.994842022550447,1.3507689193801709,23076.53994490358
405.45454545454544,2.496969696969697,15.135999352093439,1.3591471188220063,23285.377410468318
409.09090909090907,2.496969696969697,15.276987769652562,1.3683010669634528,23494.214876033056
412.7272727272727,2.496969696969697,15.417785926689895,1.3782411047037182,23703.052341597795
416.3636363636364,2.496969696969697,15.558372498027085,1.3889762758415103,23911.889807162534
420.0,2.496969696969697,15.698726187166093,1.4005143048425455,24120.727272727272
60.0,2.5262626262626267,3.7773234858345406,2.208586542907735,3486.2424242424245
63.63636363636363,2.5262626262626267,3.8532017928870257,2.1870743662820167,3697.5298438934806
67.27272727272727,2.5262626262626267,3.9303512384860815,2.1659539191897745,3908.817263544536
70.9090909090909,2.5262626262626267,4.008767336301768,2.1452212242272846,4120.104683195593
74.54545454545455,2.5262626262626267,4.0884453128827465,2.1248720279907847,4331.392102846648
78.18181818181819,2.5262626262626267,4.169380107457715,2.1049018066656413,4542.679522497705
81.81818181818181,2.5262626262626267,4.251566371823815,2.085305772529944,4753.966942148761
85.45454545454545,2.5262626262626267,4.334998470321787,2.0660788813832083,4965.254361799817
89.0909090909091,2.5262626262626267,4.41967047989813,2.047215840905814,5176.541781450873
92.72727272727272,2.5262626262626267,4.505576190254807,2.0287111199514074,5387.829201101929
96.36363636363636,2.5262626262626267,4.592709104086817,2.0105589587695016,5599.116620752985
100.0,2.5262626262626267,4.681062437408166,1.9927533801512363,5810.404040404042
103.63636363636363,2.5262626262626267,4.7706291199657835,1.9752882014869846,6021.691460055097
107.27272727272728,2.5262626262626267,4.861401795742284,1.9581570477199945,6232.978879706154
110.9090909090909,2.5262626262626267,4.9533728235475385,1.9413533651762025,6444.266299357209
114.54545454545455,2.5262626262626267,5.046534277699197,1.9248704362465234,6655.553719008266
118.18181818181819,2.5262626262626267,5.140877948792174,1.9087013948940095,6866.8411386593225
121.81818181818181,2.5262626262626267,5.236395344557,1.8928392429548144,7078.128558310377
125.45454545454545,2.5262626262626267,5.333077690808114,1.8772768671989746,7289.415977961434
129.0909090909091,2.5262626262626267,5.430915932480434,1.8620070571142913,7500.703397612489
132.72727272727272,2.5262626262626267,5.529900734755561,1.8470225233737736,7711.990817263546
136.36363636363637,2.5262626262626267,5.630022484277074,1.8323159169456777,7923.2782369146025
140.0,2.5262626262626267,5.731271290454728,1.8178798488035894,8134.565656565657
143.63636363636363,2.5262626262626267,5.833636986857302,1.8037069101924201,8345.853076216714
147.27272727272725,2.5262626262626267,5.937109132694342,1.7897896934062292,8557.140495867769
150.9090909090909,2.5262626262626267,6.041677014386689,1.7761208130328014,8768.427915518827
154.54545454545456,2.5262626262626267,6.147329647224066,1.7626929276209289,8979.715335169883
158.1818181818182,2.5262626262626267,6.254055777112313,1.7494987617262396,9191.002754820938
161.8181818181818,2.5262626262626267,6.361843882406755,1.7365311282925644,9402.290174471995
165.45454545454544,2.5262626262626267,6.470682175833631,1.7237829513275071,9613.57759412305
169.0909090909091,2.5262626262626267,6.580558606498304,1.7112472888317203,9824.865013774106
172.72727272727272,2.5262626262626267,6.691460861979514,1.6989173559437853,10036.15243342516
176.36363636363637,2.5262626262626267,6.803376370510543,1.6867865482646525,10247.43985307622
180.0,2.5262626262626267,6.916292303244875,1.6748484653269025,10458.727272727274
183.63636363636363,2.5262626262626267,7.030195576607392,1.66309693417721,10670.01469237833
187.27272727272725,2.5262626262626267,7.145072854730156,1.6515260330422894,10881.302112029385
190.9090909090909,2.5262626262626267,7.2609105519714,1.6401301150500136,11092.589531680444
194.54545454545453,2.5262626262626267,7.377694835518371,1.6289038319804434,11303.876951331498
198.1818181818182,2.5262626262626267,7.495411628072119,1.6178421580224462,11515.164370982555
201.8181818181818,2.5262626262626267,7.614046610614679,1.6069404135129106,11726.45179063361
205.45454545454544,2.5262626262626267,7.733585225256682,1.5961942886370841,11937.739210284666
209.0909090909091,2.5262626262626267,7.85401267816588,1.5855998670684706,12149.026629935723
212.72727272727272,2.5262626262626267,7.975313942574771,1.5751536495270464,12360.31404958678
216.36363636363635,2.5262626262626267,8.097473761866825,1.5648525772335644,12571.601469237834
220.0,2.5262626262626267,8.220476652740992,1.5546940552359476,12782.88888888889
223.63636363636363,2.5262626262626267,8.34430690845264,1.5446759755824002,12994.176308539947
227.27272727272728,2.5262626262626267,8.468948602130157,1.534796740310946,13205.463728191004
230.9090909090909,2.5262626262626267,8.594385590167644,1.5250552842225151,13416.75114784206
234.54545454545453,2.5262626262626267,8.720601515690081,1.5154510973976467,13628.038567493113
238.1818181818182,2.5262626262626267,8.847579812092592,1.5059842474116785,13839.32598714417
241.8181818181818,2.5262626262626267,8.975303706651019,1.4966554011939652,14050.613406795226
245.45454545454544,2.5262626262626267,9.103756224203485,1.4874658464683523,14261.900826446283
249.0909090909091,2.5262626262626267,9.232920190901085,1.4784175127012085,14473.18824609734
252.72727272727272,2.5262626262626267,9.36277823802795,1.469512991470446,14684.475665748394
256.3636363636364,2.5262626262626267,9.493312805887768,1.4607555561563204,14895.763085399452
260.0,2.5262626262626267,9.624506147756957,1.4521491808387577,15107.050505050507
263.6363636363636,2.5262626262626267,9.756340333902054,1.4436985582697104,15318.337924701564
267.27272727272725,2.5262626262626267,9.888797255661416,1.4354091167704761,15529.625344352617
270.9090909090909,2.5262626262626267,10.021858629588396,1.427287035885371,15740.912764003673
274.5454545454545,2.5262626262626267,10.155506001656452,1.4193392606014494,15952.200183654728
278.1818181818182,2.5262626262626267,10.289720751522324,1.4115735139231407,16163.487603305786
281.8181818181818,2.5262626262626267,10.424484096849113,1.4039983075686246,16374.775022956843
285.45454545454544,2.5262626262626267,10.559777097684993,1.3966229505317516,16586.062442607898
289.0909090909091,2.5262626262626267,10.695580660897761,1.3894575552317396,16797.349862258958
292.72727272727275,2.5262626262626267,10.831875544662834,1.3825130409512614,17008.637281910014
296.3636363636364,2.5262626262626267,10.968642363004601,1.375801134243491,17219.924701561067
300.0,2.5262626262626267,11.105861590387814,1.3693343659717017,17431.212121212124
303.6363636363636,2.5262626262626267,11.243513566358551,1.363126064629874,17642.49954086318
307.27272727272725,2.5262626262626267,11.381578500233656,1.3571903455833942,17853.786960514233
310.9090909090909,2.5262626262626267,11.520036475835788,1.3515420958641857,18065.07438016529
314.5454545454545,2.5262626262626267,11.658867456273484,1.3461969541558891,18276.361799816346
318.1818181818182,2.5262626262626267,11.798051288764228,1.3411712856155877,18487.649219467403
321.8181818181818,2.5262626262626267,11.937567709499554,1.3364821511971419,18698.93663911846
325.45454545454544,2.5262626262626267,12.07739634854893,1.3321472711702302,18910.224058769516
329.09090909090907,2.5262626262626267,12.21751673480296,1.3281849825711394,19121.511478420573
332.7272727272727,2.5262626262626267,12.357908300952417,1.3246141903739577,19332.79889807163
336.3636363636364,2.5262626262626267,12.49855038850242,1.3214543122381628,19544.086317722686
340.0,2.5262626262626267,12.639422252819685,1.3187252167685006,19755.373737373742
343.6363636363636,2.5262626262626267,12.780503068210813,1.316447155316936,19966.6611570248
347.27272727272725,2.5262626262626267,12.921771933031001,1.3146406874625713,20177.94857667585
350.9090909090909,2.5262626262626267,13.063207874820229,1.3133266004240731,20389.23599632691
354.54545454545456,2.5262626262626267,13.204789855465188,1.312525822785554,20600.52341597797
358.1818181818182,2.5262626262626267,13.346496776386722,1.3122593330520451,20811.81083562902
361.8181818181818,2.5262626262626267,13.488307483748674,1.3125480636881617,21023.098255280078
365.45454545454544,2.5262626262626267,13.630200773688404,1.3134128014307938,21234.38567493113
369.09090909090907,2.5262626262626267,13.772155397565957,1.314874084798658,21445.673094582187
372.7272727272727,2.5262626262626267,13.914150067230537,1.3169520998438164,21656.96051423324
376.3636363636364,2.5262626262626267,14.056163460302265,1.3196665752961967,21868.2479338843
380.0,2.5262626262626267,14.198174225467762,1.3230366783392338,22079.535353535357
383.6363636363636,2.5262626262626267,14.340160987787215,1.3270809123146685,22290.82277318641
387.27272727272725,2.5262626262626267,14.482102354011477,1.3318170176863424,22502.110192837466
390.9090909090909,2.5262626262626267,14.623976917907143,1.3372618775918101,22713.397612488523
394.54545454545456,2.5262626262626267,14.765763265588134,1.343431429274148,22924.68503213958
398.1818181818182,2.5262626262626267,14.907439980851187,1.3503405826151853,23135.972451790636
401.8181818181818,2.5262626262626267,15.048985650514545,1.358003146886026,23347.259871441693
405.45454545454544,2.5262626262626267,15.19037886975644,1.366431766691756,23558.54729109275
409.09090909090907,2.5262626262626267,15.33159824745336,1.3756378679230132,23769.834710743806
412.7272727272727,2.5262626262626267,15.472622411514592,1.3856316143368046,23981.122130394862
416.3636363636364,2.5262626262626267,15.613430014212472,1.3964218751848205,24192.40955004592
420.0,2.5262626262626267,15.75399973750533,1.4080162040930555,24403.696969696975
60.0,2.555555555555556,3.7930515603457797,2.222278054005475,3526.666666666667
63.63636363636363,2.555555555555556,3.869399541604487,2.2006924044808045,3740.4040404040406
67.27272727272727,2.555555555555556,3.947018998002547,2.179496036255336,3954.1414141414143
70.9090909090909,2.555555555555556,4.025905375322294,2.158684999446932,4167.878787878788
74.54545454545455,2.555555555555556,4.106053832003883,2.1382550726526297,4381.616161616162
78.18181818181819,2.555555555555556,4.187459238963661,2.118201768587801,4595.353535353536
81.81818181818181,2.555555555555556,4.270116179498212,2.098520340622203,4809.090909090909
85.45454545454545,2.555555555555556,4.354018949276278,2.0792057902239653,5022.828282828283
89.0909090909091,2.555555555555556,4.439161556417097,2.0602528753165235,5236.565656565657
92.72727272727272,2.555555555555556,4.525537721656894,2.04165611955046,5450.30303030303
96.36363636363636,2.555555555555556,4.613140878602892,2.023409822487538,5664.040404040405
100.0,2.555555555555556,4.701964174075968,2.0055080706900053,5877.777777777778
103.63636363636363,2.555555555555556,4.7920004685412385,1.9879447497041218,6091.515151515152
107.27272727272728,2.555555555555556,4.883242336627911,1.970713556922479,6305.2525252525265
110.9090909090909,2.555555555555556,4.975682067737522,1.9538080153061277,6518.9898989899
114.54545454545455,2.555555555555556,5.069311666741166,1.937221487943242,6732.727272727273
118.18181818181819,2.555555555555556,5.164122854766116,1.9209471934176852,6946.464646464648
121.81818181818181,2.555555555555556,5.260107070071272,1.9049782219577764,7160.202020202021
125.45454545454545,2.555555555555556,5.357255469012087,1.8893075523320697,7373.939393939394
129.0909090909091,2.555555555555556,5.455558927094488,1.8739280694566145,7587.676767676769
132.72727272727272,2.555555555555556,5.555008040118066,1.858832582676041,7801.414141414142
136.36363636363637,2.555555555555556,5.655593125408215,1.844013844678375,8015.151515151517
140.0,2.555555555555556,5.757304223137483,1.829464571002882,8228.88888888889
143.63636363636363,2.555555555555556,5.860131097735678,1.815177460097899,8442.626262626263
147.27272727272725,2.555555555555556,5.9640632393885085,1.80114521388662,8656.363636363636
150.9090909090909,2.555555555555556,6.069089865624803,1.7873605587969255,8870.10101010101
154.54545454545456,2.555555555555556,6.17519992299205,1.7738162672127753,9083.838383838385
158.1818181818182,2.555555555555556,6.282382088819504,1.7605051793042839,9297.57575757576
161.8181818181818,2.555555555555556,6.390624773069375,1.7474202251953355,9511.313131313133
165.45454545454544,2.555555555555556,6.499916120274646,1.7345544474280743,9725.050505050505
169.0909090909091,2.555555555555556,6.610244011564536,1.7219010236853394,9938.78787878788
172.72727272727272,2.555555555555556,6.721596066775684,1.7094532897341839,10152.525252525253
176.36363636363637,2.555555555555556,6.833959646649438,1.6972047625547273,10366.262626262627
180.0,2.555555555555556,6.9473218551150495,1.6851491636211098,10580.000000000002
183.63636363636363,2.555555555555556,7.061669541657157,1.6732804423033956,10793.737373737375
187.27272727272725,2.555555555555556,7.1769893037681065,1.6615927993608617,11007.474747474747
190.9090909090909,2.555555555555556,7.2932674894836165,1.6500807104993471,11221.212121212122
194.54545454545453,2.555555555555556,7.410490200002034,1.6387389499670029,11434.949494949497
198.1818181818182,2.555555555555556,7.528643292385738,1.627562614164472,11648.686868686871
201.8181818181818,2.555555555555556,7.647712382343883,1.6165471452461753,11862.424242424242
205.45454545454544,2.555555555555556,7.767682847097028,1.6056883546911032,12076.161616161617
209.0909090909091,2.555555555555556,7.88853982832107,1.5949824468207758,12289.898989898991
212.72727272727272,2.555555555555556,8.010268235171255,1.5844260422425684,12503.636363636364
216.36363636363635,2.555555555555556,8.132852747383952,1.5740162011955317,12717.373737373739
220.0,2.555555555555556,8.256277818457168,1.563750446773287,12931.111111111113
223.63636363636363,2.555555555555556,8.38052767890665,1.5536267879977732,13144.848484848484
227.27272727272728,2.555555555555556,8.505586339598727,1.5436437427121965,13358.585858585859
230.9090909090909,2.555555555555556,8.63143759515727,1.533800360258537,13572.323232323233
234.54545454545453,2.555555555555556,8.758065027444912,1.5240962438987893,13786.060606060606
238.1818181818182,2.555555555555556,8.885452009117147,1.5145315729320388,13999.79797979798
241.8181818181818,2.555555555555556,9.013581707247562,1.505107124452016,14213.535353535355
245.45454545454544,2.555555555555556,9.142437087024032,1.495824294679999,14427.272727272726
249.0909090909091,2.555555555555556,9.272000915514775,1.4866851197971935,14641.0101010101
252.72727272727272,2.555555555555556,9.402255765501934,1.4776922961882686,14854.747474747475
256.3636363636364,2.555555555555556,9.533184019382627,1.4688491999945255,15068.48484848485
260.0,2.555555555555556,9.664767873136325,1.4601599058592674,15282.222222222223
263.6363636363636,2.555555555555556,9.79698934035604,1.451629204731745,15495.959595959597
267.27272727272725,2.555555555555556,9.929830256343509,1.4432626205778385,15709.696969696968
270.9090909090909,2.555555555555556,10.063272282266386,1.4350664258262276,15923.434343434343
274.5454545454545,2.555555555555556,10.19729690937585,1.4270476553585931,16137.171717171715
278.1818181818182,2.555555555555556,10.331885463283696,1.4192141188308063,16350.909090909092
281.8181818181818,2.555555555555556,10.467019108297912,1.4115744110902817,16564.646464646466
285.45454545454544,2.555555555555556,10.602678851814002,1.4041379204327673,16778.38383838384
289.0909090909091,2.555555555555556,10.738845548762104,1.396914834420019,16992.121212121216
292.72727272727275,2.555555555555556,10.875499906107628,1.3899161429581948,17205.85858585859
296.3636363636364,2.555555555555556,11.012622487403943,1.3831536383194465,17419.595959595965
300.0,2.555555555555556,11.15019371739591,1.3766399117695838,17633.333333333336
303.6363636363636,2.555555555555556,11.288193886672888,1.3703883464538138,17847.070707070707
307.27272727272725,2.555555555555556,11.42660315636884,1.3644131061812546,18060.80808080808
310.9090909090909,2.555555555555556,11.565401562908633,1.358729119746733,18274.545454545452
314.5454545454545,2.555555555555556,11.704569022799287,1.3533520604300924,18488.282828282827
318.1818181818182,2.555555555555556,11.844085337463707,1.3482983203255277,18702.020202020205
321.8181818181818,2.555555555555556,11.983930198115473,1.3435849791719132,18915.757575757576
325.45454545454544,2.555555555555556,12.124083190673774,1.33922976738762,19129.49494949495
329.09090909090907,2.555555555555556,12.26452380071598,1.3352510230534969,19343.232323232325
332.7272727272727,2.555555555555556,12.405231418466403,1.3316676426435072,19556.969696969696
336.3636363636364,2.555555555555556,12.546185343819724,1.3284990253694662,19770.707070707074
340.0,2.555555555555556,12.687364791397638,1.3257650110874217,19984.44444444445
343.6363636363636,2.555555555555556,12.82874889563578,1.3234858118071975,20198.18181818182
347.27272727272725,2.555555555555556,12.970316715901104,1.321681936953104,20411.91919191919
350.9090909090909,2.555555555555556,13.112047241636173,1.320374112642086,20625.656565656565
354.54545454545456,2.555555555555556,13.253919397529447,1.3195831953712576,20839.393939393944
358.1818181818182,2.555555555555556,13.395912048710269,1.3193300806410826,21053.131313131315
361.8181818181818,2.555555555555556,13.538004005965082,1.3196356071761663,21266.86868686869
365.45454545454544,2.555555555555556,13.680174030975468,1.320520457540809,21480.606060606064
369.09090909090907,2.555555555555556,13.822400841574112,1.3220050560762702,21694.343434343435
372.7272727272727,2.555555555555556,13.96466311701757,1.324109465205632,21908.08080808081
376.3636363636364,2.555555555555556,14.106939503275015,1.3268532812560059,22121.818181818184
380.0,2.555555555555556,14.249208618329316,1.3302555310296262,22335.55555555556
383.6363636363636,2.555555555555556,14.391449057490252,1.3343345704141942,22549.29292929293
387.27272727272725,2.555555555555556,14.533639398716772,1.339107986349702,22763.030303030304
390.9090909090909,2.555555555555556,14.675758207947748,1.344592503465128,22976.767676767675
394.54545454545456,2.555555555555556,14.817784044437808,1.3508038966595561,23190.505050505053
398.1818181818182,2.555555555555556,14.959695466098065,1.3577569108290857,23404.242424242428
401.8181818181818,2.555555555555556,15.101471034838635,1.3654651888325693,23617.979797979802
405.45454545454544,2.555555555555556,15.243089321911558,1.3739412086518525,23831.717171717173
409.09090909090907,2.555555555555556,15.38452891325246,1.3831962305350023,24045.454545454548
412.7272727272727,2.555555555555556,15.52576841481867,1.3932402547238179,24259.191919191922
416.3636363636364,2.555555555555556,15.666786457922555,1.4040819901631802,24472.929292929297
420.0,2.555555555555556,15.80756170455754,1.4157288343774679,24686.66666666667
60.0,2.584848484848485,3.8082576725557553,2.23561273992284,3567.090909090909
63.63636363636363,2.584848484848485,3.8850646590982842,2.21396087493295,3783.2782369146003
67.27272727272727,2.584848484848485,3.9631433883159763,2.1926960228405084,3999.465564738292
70.9090909090909,2.584848484848485,4.042489239066441,2.1718142574955204,4215.652892561984
74.54545454545455,2.584848484848485,4.123097302664865,2.1513113853638375,4431.840220385675
78.18181818181819,2.584848484848485,4.2049623827181675,2.1311829512194196,4648.027548209367
81.81818181818181,2.584848484848485,4.288078995045576,2.1114242447187146,4864.214876033057
85.45454545454545,2.584848484848485,4.372441367686142,2.09203030786659,5080.40220385675
89.0909090909091,2.584848484848485,4.458043440994291,2.0729959433794396,5296.589531680441
92.72727272727272,2.584848484848485,4.544878867821726,2.0543157239465404,5512.7768595041325
96.36363636363636,2.584848484848485,4.632941013788803,2.0359840023873605,5728.964187327823
100.0,2.584848484848485,4.722222957642966,2.0179949226974436,5945.151515151516
103.63636363636363,2.584848484848485,4.812717491706531,2.0003424319725167,6161.338842975207
107.27272727272728,2.584848484848485,4.904417122412565,1.9830202931955123,6377.526170798899
110.9090909090909,2.584848484848485,4.997314070930174,1.9660220988679256,6593.713498622589
114.54545454545455,2.584848484848485,5.091400273878384,1.9493412854630765,6809.900826446281
118.18181818181819,2.584848484848485,5.186667384129553,1.932971148675491,7026.0881542699735
121.81818181818181,2.584848484848485,5.283106771701344,1.916904859437183,7242.275482093663
125.45454545454545,2.584848484848485,5.380709524738811,1.901135480668998,7458.462809917356
129.0909090909091,2.584848484848485,5.4794664505848445,1.885655984732734,7674.650137741047
132.72727272727272,2.584848484848485,5.579368076940198,1.8704592715469823,7890.8374655647385
136.36363636363637,2.584848484848485,5.680404653112758,1.8555381873285794,8107.024793388431
140.0,2.584848484848485,5.78256615135547,1.8408855439194312,8323.212121212122
143.63636363636363,2.584848484848485,5.885842268293148,1.8264941386581521,8539.399449035813
147.27272727272725,2.584848484848485,5.990222426438173,1.8123567747544418,8755.586776859504
150.9090909090909,2.584848484848485,6.095695775794549,1.7984662821249362,8971.774104683196
154.54545454545456,2.584848484848485,6.202251195549947,1.7848155386483788,9187.961432506889
158.1818181818182,2.584848484848485,6.309877295855815,1.771397491799364,9404.14876033058
161.8181818181818,2.584848484848485,6.418562419695039,1.7582051806199008,9620.33608815427
165.45454545454544,2.584848484848485,6.528294644836679,1.745231757990088,9836.523415977961
169.0909090909091,2.584848484848485,6.639061785877935,1.732470513159469,10052.710743801654
172.72727272727272,2.584848484848485,6.750851396371647,1.7199148945034144,10268.898071625345
176.36363636363637,2.584848484848485,6.863650771040717,1.7075585324696307,10485.085399449037
180.0,2.584848484848485,6.977446948077037,1.695395262682425,10701.272727272728
183.63636363636363,2.584848484848485,7.092226711525912,1.6834191491739023,10917.460055096419
187.27272727272725,2.584848484848485,7.207976593754356,1.6716245077129774,11133.64738292011
190.9090909090909,2.584848484848485,7.324682878003227,1.6600059292058431,11349.834710743802
194.54545454545453,2.584848484848485,7.442331601022258,1.648558303141367,11566.022038567493
198.1818181818182,2.584848484848485,7.56090855578779,1.637276841058302,11782.209366391184
201.8181818181818,2.584848484848485,7.680399294301536,1.6261571000104276,11998.396694214876
205.45454545454544,2.584848484848485,7.800789130470781,1.6151950060077147,12214.584022038567
209.0909090909091,2.584848484848485,7.9220631430682324,1.6043868774110666,12430.77134986226
212.72727272727272,2.584848484848485,8.044206178771539,1.593729448257551,12646.95867768595
216.36363636363635,2.584848484848485,8.167202855280891,1.583219891492971,12863.146005509643
220.0,2.584848484848485,8.291037564514383,1.572855842085523,13079.333333333336
223.63636363636363,2.584848484848485,8.415694475879741,1.562635419992492,13295.520661157025
227.27272727272728,2.584848484848485,8.541157539622173,1.5525572529481129,13511.707988980717
230.9090909090909,2.584848484848485,8.667410490246326,1.5426204990357426,13727.895316804408
234.54545454545453,2.584848484848485,8.794436850012438,1.5328248690024733,13944.082644628097
238.1818181818182,2.584848484848485,8.922219932504747,1.523170648266636,14160.26997245179
241.8181818181818,2.584848484848485,9.050742846271628,1.5136587185610388,14376.457300275482
245.45454545454544,2.584848484848485,9.179988498536213,1.504290579145174,14592.644628099173
249.0909090909091,2.584848484848485,9.309939598976088,1.4950683675083691,14808.831955922866
252.72727272727272,2.584848484848485,9.440578663571427,1.4859948794741846,15025.019283746555
256.3636363636364,2.584848484848485,9.571888018519827,1.4770735886020585,15241.206611570247
260.0,2.584848484848485,9.703849804217098,1.4683086647670762,15457.39393939394
263.6363636363636,2.584848484848485,9.83644597930217,1.4597049917825806,15673.58126721763
267.27272727272725,2.584848484848485,9.969658324765533,1.451268183911505,15889.768595041322
270.9090909090909,2.584848484848485,10.103468448119363,1.4430046010939828,16105.955922865014
274.5454545454545,2.584848484848485,10.237857787628347,1.4349213626977677,16322.143250688703
278.1818181818182,2.584848484848485,10.37280761659925,1.4270263595774697,16538.3305785124
281.8181818181818,2.584848484848485,10.508299047728796,1.4193282642068985,16754.51790633609
285.45454545454544,2.584848484848485,10.644313037507994,1.4118365386263696,16970.705234159777
289.0909090909091,2.584848484848485,10.780830390680464,1.4045614399271624,17186.892561983474
292.72727272727275,2.584848484848485,10.91783176475538,1.3975140229726752,17403.079889807163
296.3636363636364,2.584848484848485,11.055297674571943,1.39070614003936,17619.267217630855
300.0,2.584848484848485,11.193208496913904,1.384150437042873,17835.454545454548
303.6363636363636,2.584848484848485,11.331544475174,1.3778603460023369,18051.641873278237
307.27272727272725,2.584848484848485,11.47028572406472,1.3718500733878478,18267.82920110193
310.9090909090909,2.584848484848485,11.609412234375997,1.3661345839926935,18484.01652892562
314.5454545454545,2.584848484848485,11.748903877775987,1.3607295799764039,18700.203856749307
318.1818181818182,2.584848484848485,11.888740411655665,1.3556514747362516,18916.391184573004
321.8181818181818,2.584848484848485,12.02890148401331,1.350917361286145,19132.578512396693
325.45454545454544,2.584848484848485,12.169366638379428,1.346544974853321,19348.765840220385
329.09090909090907,2.584848484848485,12.310115318778244,1.342552649446334,19564.953168044078
332.7272727272727,2.584848484848485,12.451126874726313,1.338959268203029,19781.140495867767
336.3636363636364,2.584848484848485,12.592380566264616,1.3357842073957389,19997.327823691463
340.0,2.584848484848485,12.733855569023628,1.3330472740515427,20213.515151515152
343.6363636363636,2.584848484848485,12.875530979319066,1.3307686372410896,20429.70247933884
347.27272727272725,2.584848484848485,13.017385819277239,1.328968753194314,20645.889807162534
350.9090909090909,2.584848484848485,13.159399041987125,1.3276682845198848,20862.077134986226
354.54545454545456,2.584848484848485,13.30154953667871,1.3268880139306616,21078.26446280992
358.1818181818182,2.584848484848485,13.443816133924523,1.3266487530092186,21294.45179063361
361.8181818181818,2.584848484848485,13.5861776108637,1.3269712466822796,21510.6391184573
365.45454545454544,2.584848484848485,13.72861269644645,1.3278760742060065,21726.826446280993
369.09090909090907,2.584848484848485,13.871100076696301,1.32938354759111,21943.013774104682
372.7272727272727,2.584848484848485,14.01361839998965,1.3315136085127461,22159.20110192837
376.3636363636364,2.584848484848485,14.15614628234989,1.334285724851164,22375.388429752067
380.0,2.584848484848485,14.29866231275446,1.3377187880880943,22591.575757575756
383.6363636363636,2.584848484848485,14.441145058453134,1.3418310128381754,22807.76308539945
387.27272727272725,2.584848484848485,14.583573070295811,1.3466398398200425,23023.95041322314
390.9090909090909,2.584848484848485,14.725924888067699,1.3521618435641989,23240.13774104683
394.54545454545456,2.584848484848485,14.868179045829645,1.3584126461137147,23456.325068870527
398.1818181818182,2.584848484848485,15.01031407726316,1.365406837899015,23672.512396694216
401.8181818181818,2.584848484848485,15.15230852101687,1.3731579068584219,23888.699724517908
405.45454545454544,2.584848484848485,15.294140926052965,1.3816781767381832,24104.887052341597
409.09090909090907,2.584848484848485,15.435789856992262,1.3909787553394612,24321.07438016529
412.7272727272727,2.584848484848485,15.577233899455361,1.4010694932927956,24537.261707988982
416.3636363636364,2.584848484848485,15.7184516653986,1.4119589537392416,24753.449035812675
420.0,2.584848484848485,15.85942179844248,1.423654393087636,24969.636363636368
60.0,2.6141414141414145,3.822964936548015,2.2485902555022714,3607.515151515152
63.63636363636363,2.6141414141414145,3.9002201734812383,2.226879564723903,3826.1524334251612
67.27272727272727,2.6141414141414145,3.9787473503398125,2.205553794862388,4044.78971533517
70.9090909090909,2.6141414141414145,4.058541780033534,2.1846090396699616,4263.426997245179
74.54545454545455,2.6141414141414145,4.13959848774955,2.164041129322099,4482.064279155189
78.18181818181819,2.6141414141414145,4.221912210802447,2.143845636166864,4700.701561065199
81.81818181818181,2.6141414141414145,4.305477398571071,2.1240178813425903,4919.338842975207
85.45454545454545,2.6141414141414145,4.390288212522174,2.1045529422729987,5137.976124885216
89.0909090909091,2.6141414141414145,4.47633852632149,2.085445661044582,5356.613406795226
92.72727272727272,2.6141414141414145,4.563621926032894,2.0666906536674237,5575.250688705235
96.36363636363636,2.6141414141414145,4.6521317104051745,2.048282320216945,5793.887970615244
100.0,2.6141414141414145,4.74186089124751,2.030214855849163,6012.525252525254
103.63636363636363,2.6141414141414145,4.832802193893072,2.0124822626791676,6231.1625344352615
107.27272727272728,2.6141414141414145,4.924948057751855,1.995078362508085,6449.799816345272
110.9090909090909,2.6141414141414145,5.018290636952192,1.9779968103800574,6668.437098255282
114.54545454545455,2.6141414141414145,5.11282180107118,1.961231108947194,6887.074380165291
118.18181818181819,2.6141414141414145,5.208533135954688,1.944774623618014,7105.7116620753
121.81818181818181,2.6141414141414145,5.305415944625939,1.9286205984601643,7324.348943985308
125.45454545454545,2.6141414141414145,5.403461248284051,1.9127621728270008,7542.986225895317
129.0909090909091,2.6141414141414145,5.5026597873914,1.8971923986741877,7761.623507805327
132.72727272727272,2.6141414141414145,5.603002022849724,1.881904258530917,7980.260789715336
136.36363636363637,2.6141414141414145,5.704478137266525,1.8668906840880624,8198.898071625346
140.0,2.6141414141414145,5.807078036309287,1.8521445753648433,8417.535353535355
143.63636363636363,2.6141414141414145,5.910791350149099,1.8376588204138542,8636.172635445362
147.27272727272725,2.6141414141414145,6.015607434992674,1.8234263155245038,8854.809917355373
150.9090909090909,2.6141414141414145,6.121515374703028,1.8094399858837766,9073.447199265383
154.54545454545456,2.6141414141414145,6.228503982508215,1.7956928066543747,9292.084481175392
158.1818181818182,2.6141414141414145,6.336561802797796,1.7821778244295674,9510.721763085401
161.8181818181818,2.6141414141414145,6.445677113006699,1.7688881790262598,9729.35904499541
165.45454545454544,2.6141414141414145,6.555837925587026,1.755817125577378,9947.996326905419
169.0909090909091,2.6141414141414145,6.667031990065373,1.74295805688735,10166.633608815428
172.72727272727272,2.6141414141414145,6.779246795187738,1.7303045260147965,10385.270890725438
176.36363636363637,2.6141414141414145,6.892469571149173,1.717850269049007,10603.908172635449
180.0,2.6141414141414145,7.006687291909511,1.7055892280483138,10822.545454545456
183.63636363636363,2.6141414141414145,7.121886677593558,1.6935155741098353,11041.182736455465
187.27272727272725,2.6141414141414145,7.238054196975524,1.6816237305425035,11259.820018365474
190.9090909090909,2.6141414141414145,7.35517607004692,1.6699083961163197,11478.457300275484
194.54545454545453,2.6141414141414145,7.473238270667753,1.6583645683625796,11697.094582185493
198.1818181818182,2.6141414141414145,7.592226529299479,1.646987566900907,11915.731864095502
201.8181818181818,2.6141414141414145,7.712126335819881,1.6357730567700368,12134.369146005512
205.45454545454544,2.6141414141414145,7.832922942418337,1.624717071739182,12353.00642791552
209.0909090909091,2.6141414141414145,7.954601366571612,1.613816037577772,12571.64370982553
212.72727272727272,2.6141414141414145,8.077146394097973,1.6030667952598625,12790.280991735539
216.36363636363635,2.6141414141414145,8.200542582290613,1.5924666240788208,13008.918273645548
220.0,2.6141414141414145,8.324774263127582,1.5820132646456397,13227.555555555558
223.63636363636363,2.6141414141414145,8.449825546558756,1.5717049417417988,13446.192837465565
227.27272727272728,2.6141414141414145,8.575680323868097,1.561540386993288,13664.830119375576
230.9090909090909,2.6141414141414145,8.702322271110468,1.5515188613281494,13883.467401285585
234.54545454545453,2.6141414141414145,8.829734852622302,1.5416401771740598,14102.104683195595
238.1818181818182,2.6141414141414145,8.957901324603961,1.53190472034484,14320.741965105603
241.8181818181818,2.6141414141414145,9.086804738774443,1.5223134715575881,14539.379247015613
245.45454545454544,2.6141414141414145,9.216427946095749,1.512868027511395,14758.016528925622
249.0909090909091,2.6141414141414145,9.346753600566378,1.5035706214487565,14976.653810835633
252.72727272727272,2.6141414141414145,9.477764163083329,1.494424143107371,15195.29109274564
256.3636363636364,2.6141414141414145,9.609441905370105,1.485432157957594,15413.92837465565
260.0,2.6141414141414145,9.741768913971,1.4765989256037932,15632.565656565659
263.6363636363636,2.6141414141414145,9.874727094309064,1.4679294172134107,15851.202938475668
267.27272727272725,2.6141414141414145,10.008298174807306,1.4594293318175826,16069.840220385675
270.9090909090909,2.6141414141414145,10.142463711071741,1.4511051113098214,16288.477502295686
274.5454545454545,2.6141414141414145,10.277205090134453,1.4429639539479078,16507.114784205693
278.1818181818182,2.6141414141414145,10.412503534755709,1.435013826144124,16725.752066115703
281.8181818181818,2.6141414141414145,10.548340107783977,1.427263472307115,16944.389348025714
285.45454545454544,2.6141414141414145,10.684695716571602,1.4197224224778047,17163.026629935724
289.0909090909091,2.6141414141414145,10.821551117445441,1.412400997480447,17381.663911845735
292.72727272727275,2.6141414141414145,10.958886920231064,1.4053103112902825,17600.301193755746
296.3636363636364,2.6141414141414145,11.096683592828128,1.3984622703014242,17818.938475665753
300.0,2.6141414141414145,11.234921465836312,1.3918695691621894,18037.57575757576
303.6363636363636,2.6141414141414145,11.37358073722997,1.385545682834343,18256.213039485767
307.27272727272725,2.6141414141414145,11.512641477080344,1.3795048545237911,18474.850321395777
310.9090909090909,2.6141414141414145,11.652083632322297,1.3737620791292862,18693.487603305788
314.5454545454545,2.6141414141414145,11.791887031566269,1.368333081860388,18912.124885215795
318.1818181818182,2.6141414141414145,11.932031389951801,1.3632342916879425,19130.762167125806
321.8181818181818,2.6141414141414145,12.07249631404231,1.3584828093141894,19349.399449035816
325.45454545454544,2.6141414141414145,12.213261306758621,1.3540963693796593,19568.036730945823
329.09090909090907,2.6141414141414145,12.354305772349903,1.3500932966702355,19786.674012855834
332.7272727272727,2.6141414141414145,12.495609021401027,1.3464924561417357,20005.31129476584
336.3636363636364,2.6141414141414145,12.637150275872939,1.3433131966495724,20223.948576675855
340.0,2.6141414141414145,12.778908674176344,1.3405752883517434,20442.585858585862
343.6363636363636,2.6141414141414145,12.920863276275183,1.338298853848446,20661.22314049587
347.27272727272725,2.6141414141414145,13.06299306881982,1.3365042932272977,20879.860422405876
350.9090909090909,2.6141414141414145,13.205276970306544,1.3352122032997118,21098.497704315887
354.54545454545456,2.6141414141414145,13.34769383626287,1.3344432914393047,21317.134986225898
358.1818181818182,2.6141414141414145,13.490222464456556,1.3342182845634678,21535.77226813591
361.8181818181818,2.6141414141414145,13.632841600125733,1.3345578339315252,21754.40955004592
365.45454545454544,2.6141414141414145,13.775529941229927,1.3354824165645776,21973.046831955926
369.09090909090907,2.6141414141414145,13.91826614371841,1.3370122342160489,22191.684113865933
372.7272727272727,2.6141414141414145,14.061028826815537,1.3391671109355272,22410.321395775944
376.3636363636364,2.6141414141414145,14.203796578320272,1.34196639036621,22628.958677685954
380.0,2.6141414141414145,14.346547959918777,1.3454288339922664,22847.595959595965
383.6363636363636,2.6141414141414145,14.489261512507301,1.3495725216041468,23066.23324150597
387.27272727272725,2.6141414141414145,14.631915761524674,1.3544147552716863,23284.87052341598
390.9090909090909,2.6141414141414145,14.774489222291873,1.359971968105746,23503.50780532599
394.54545454545456,2.6141414141414145,14.916960405356763,1.3662596390455206,23722.145087236004
398.1818181818182,2.6141414141414145,15.059307821842532,1.3732922148325177,23940.782369146007
401.8181818181818,2.6141414141414145,15.20150998879757,1.381083040222502,24159.419651056018
405.45454545454544,2.6141414141414145,15.343545434545526,1.3896442973478516,24378.056932966025
409.09090909090907,2.6141414141414145,15.485392704032925,1.3989869549779916,24596.694214876035
412.7272727272727,2.6141414141414145,15.62703036417318,1.4091207282397655,24815.331496786046
416.3636363636364,2.6141414141414145,15.768437009184755,1.4200540491606324,25033.968778696057
420.0,2.6141414141414145,15.909591265921737,1.4317940481895033,25252.606060606064
60.0,2.6434343434343437,3.8371976595530466,2.2612104606969394,3647.9393939393944
63.63636363636363,2.6434343434343437,3.914890311623479,2.23944845089616,3869.026629935721
67.27272727272727,2.6434343434343437,3.9938550293283654,2.21806944293635,4090.1138659320477
70.9090909090909,2.6434343434343437,4.0740870606191875,2.1970695466003254,4311.2011019283755
74.54545454545455,2.6434343434343437,4.155581365565162,2.1764446115851834,4532.288337924701
78.18181818181819,2.6434343434343437,4.238332616219263,2.15619023331242,4753.375573921029
81.81818181818181,2.6434343434343437,4.322335196570333,2.136301759594701,4974.462809917355
85.45454545454545,2.6434343434343437,4.40758320258324,2.1167742981664452,5195.550045913683
89.0909090909091,2.6434343434343437,4.494070442326039,2.0976027250839246,5416.63728191001
92.72727272727272,2.6434343434343437,4.581790436184795,2.0787816939951917,5637.724517906336
96.36363636363636,2.6434343434343437,4.6707364171668075,2.06030564627695,5858.811753902663
100.0,2.6434343434343437,4.760901331292054,2.0421688220313823,6079.89898989899
103.63636363636363,2.6434343434343437,4.852277838073467,2.024365271932541,6300.986225895316
107.27272727272728,2.6434343434343437,4.944858311085496,2.006888869907568,6522.073461891645
110.9090909090909,2.6434343434343437,5.038634838622266,1.9897333266347133,6743.160697887971
114.54545454545455,2.6434343434343437,5.133599224444281,1.9728922038369494,6964.247933884299
118.18181818181819,2.6434343434343437,5.229742988614654,1.9563589293461807,7185.3351698806255
121.81818181818181,2.6434343434343437,5.327057368424333,1.940126812910686,7406.422405876951
125.45454545454545,2.6434343434343437,5.425533319406804,1.9241890627152103,7627.509641873279
129.0909090909091,2.6434343434343437,5.525161516441703,1.9085388025812748,7848.596877869606
132.72727272727272,2.6434343434343437,5.625932354947928,1.8931690898125701,8069.684113865933
136.36363636363637,2.6434343434343437,5.727835952165601,1.8780729336494595,8290.77134986226
140.0,2.6434343434343437,5.8308621485272765,1.8632433142944325,8511.858585858587
143.63636363636363,2.6434343434343437,5.93500050911746,1.8486732024699748,8732.945821854913
147.27272727272725,2.6434343434343437,6.040240325221457,1.834355579469327,8954.033057851238
150.9090909090909,2.6434343434343437,6.146570615961984,1.820283457660996,9175.120293847567
154.54545454545456,2.6434343434343437,6.253980130023989,1.8064499014069026,9396.207529843896
158.1818181818182,2.6434343434343437,6.362457347467831,1.7928480483559144,9617.29476584022
161.8181818181818,2.6434343434343437,6.471990481629261,1.7794711310739113,9838.382001836548
165.45454545454544,2.6434343434343437,6.58256748110664,1.7663124989733685,10059.469237832875
169.0909090909091,2.6434343434343437,6.694176031835383,1.7533656405065774,10280.556473829201
172.72727272727272,2.6434343434343437,6.806803559247963,1.7406242055875987,10501.643709825528
176.36363636363637,2.6434343434343437,6.920437230520024,1.7280820282103593,10722.730945821857
180.0,2.6434343434343437,7.035063956901775,1.7157331492309253,10943.818181818184
183.63636363636363,2.6434343434343437,7.150670396133959,1.7035718392850465,11164.905417814509
187.27272727272725,2.6434343434343437,7.267242954948006,1.691592621811984,11385.992653810836
190.9090909090909,2.6434343434343437,7.384767791649592,1.6797902961588396,11607.079889807164
194.54545454545453,2.6434343434343437,7.503230818785152,1.6681599607396378,11828.16712580349
198.1818181818182,2.6434343434343437,7.62261770589037,1.6566970362252424,12049.254361799818
201.8181818181818,2.6434343434343437,7.742913882320351,1.6453972887408392,12270.341597796145
205.45454545454544,2.6434343434343437,7.864104540160103,1.6342568530475228,12491.42883379247
209.0909090909091,2.6434343434343437,7.986174637215196,1.6232722556853203,12712.516069788799
212.72727272727272,2.6434343434343437,8.109108900081162,1.6124404380536979,12933.603305785125
216.36363636363635,2.6434343434343437,8.232891827291343,1.6017587794039183,13154.690541781452
220.0,2.6434343434343437,8.357507692541796,1.5912251197163279,13375.777777777781
223.63636363636363,2.6434343434343437,8.482940547992577,1.5808377824324007,13596.865013774106
227.27272727272728,2.6434343434343437,8.609174227644615,1.5705955970068377,13817.952249770433
230.9090909090909,2.6434343434343437,8.736192350790677,1.5604979212414865,14039.039485766762
234.54545454545453,2.6434343434343437,8.863978325539982,1.550544663355656,14260.126721763087
238.1818181818182,2.6434343434343437,8.992515352414793,1.5407363037411186,14481.213957759413
241.8181818181818,2.6434343434343437,9.1217864280187,1.5310739163413556,14702.301193755738
245.45454545454544,2.6434343434343437,9.251774348774607,1.521559189585327,14923.388429752067
249.0909090909091,2.6434343434343437,9.382461714731653,1.5121944467944888,15144.475665748394
252.72727272727272,2.6434343434343437,9.51383093344062,1.5029826659702226,15365.562901744719
256.3636363636364,2.6434343434343437,9.645864223894854,1.493927498854499,15586.650137741048
260.0,2.6434343434343437,9.778543620537313,1.485033289141215,15807.737373737375
263.6363636363636,2.6434343434343437,9.911850977331564,1.4763050897004109,16028.824609733701
267.27272727272725,2.6434343434343437,10.045767971895362,1.4677486786579321,16249.911845730026
270.9090909090909,2.6434343434343437,10.18027610969567,1.4593705741559295,16470.999081726357
274.5454545454545,2.6434343434343437,10.315356728304375,1.4511780475986273,16692.086317722682
278.1818181818182,2.6434343434343437,10.450991001711948,1.4431791351675283,16913.17355371901
281.8181818181818,2.6434343434343437,10.587159944699096,1.4353826473693858,17134.260789715336
285.45454545454544,2.6434343434343437,10.723844417264232,1.427798176359269,17355.34802571166
289.0909090909091,2.6434343434343437,10.861025129105027,1.4204361007602613,17576.435261707993
292.72727272727275,2.6434343434343437,10.998682644153602,1.41330758768276,17797.522497704318
296.3636363636364,2.6434343434343437,11.136797385163021,1.406424591627856,18018.609733700647
300.0,2.6434343434343437,11.275349638343462,1.3997998499453836,18239.69696969697
303.6363636363636,2.6434343434343437,11.414319558047755,1.3934468745050688,18460.784205693297
307.27272727272725,2.6434343434343437,11.553687171502636,1.3873799392329031,18681.871441689625
310.9090909090909,2.6434343434343437,11.693432383586469,1.3816140631639935,18902.95867768595
314.5454545454545,2.6434343434343437,11.833534981650105,1.3761649886676925,19124.045913682276
318.1818181818182,2.6434343434343437,11.973974640380154,1.3710491545161718,19345.133149678608
321.8181818181818,2.6434343434343437,12.114730926702538,1.3662836634889841,19566.220385674933
325.45454545454544,2.6434343434343437,12.255783304725046,1.3618862442404007,19787.307621671258
329.09090909090907,2.6434343434343437,12.39711114071715,1.3578752072000453,20008.394857667587
332.7272727272727,2.6434343434343437,12.538693708125091,1.3542693943344908,20229.48209366391
336.3636363636364,2.6434343434343437,12.680510192621009,1.3510881226660432,20450.56932966024
340.0,2.6434343434343437,12.822539697183888,1.3483511215271975,20671.65656565657
343.6363636363636,2.6434343434343437,12.96476124721103,1.346078463622789,20892.743801652894
347.27272727272725,2.6434343434343437,13.107153795658261,1.3442904900784352,21113.831037649223
350.9090909090909,2.6434343434343437,13.249696228206558,1.3430077297686183,21334.918273645548
354.54545454545456,2.6434343434343437,13.392367368454181,1.3422508133420992,21556.005509641876
358.1818181818182,2.6434343434343437,13.535145983131827,1.3420403824911618,21777.0927456382
361.8181818181818,2.6434343434343437,13.678010787339593,1.3423969951417014,21998.179981634526
365.45454545454544,2.6434343434343437,13.820940449803174,1.3433410273698418,22219.267217630855
369.09090909090907,2.6434343434343437,13.963913598148475,1.3448925729730024,22440.354453627184
372.7272727272727,2.6434343434343437,14.106908824192068,1.3470713417334979,22661.44168962351
376.3636363636364,2.6434343434343437,14.249904689245628,1.3498965575076027,22882.528925619838
380.0,2.6434343434343437,14.392879729433663,1.3533868573468646,23103.616161616163
383.6363636363636,2.6434343434343437,14.535812461020639,1.3575601929061196,23324.703397612488
387.27272727272725,2.6434343434343437,14.678681385748025,1.3624337354135465,23545.790633608816
390.9090909090909,2.6434343434343437,14.82146499617752,1.3680237854654076,23766.877869605145
394.54545454545456,2.6434343434343437,14.964141781039423,1.3743456888639505,23987.965105601474
398.1818181818182,2.6434343434343437,15.1066902305848,1.38141375963996,24209.052341597802
401.8181818181818,2.6434343434343437,15.249088841938075,1.3892412112900694,24430.139577594124
405.45454545454544,2.6434343434343437,15.39131612445006,1.3978400971225131,24651.226813590452
409.09090909090907,2.6434343434343437,15.533350605048165,1.4072212604395498,24872.314049586777
412.7272727272727,2.6434343434343437,15.675170833582317,1.4173942951022453,25093.401285583106
416.3636363636364,2.6434343434343437,15.816755388165454,1.4283675168252343,25314.488521579435
420.0,2.6434343434343437,15.95808288050545,1.4401479453454702,25535.575757575756
60.0,2.672727272727273,3.850981324839535,2.273473398578679,3688.3636363636365
63.63636363636363,2.672727272727273,3.929100482073288,2.251667678607856,3911.900826446281
67.27272727272727,2.672727272727273,4.008491757827472,2.2302432106863557,4135.438016528926
70.9090909090909,2.672727272727273,4.08915033609719,2.2091961167129464,4358.97520661157
74.54545454545455,2.672727272727273,4.171071112856391,2.1885222616871323,4582.512396694215
78.18181818181819,2.672727272727273,4.254248695939239,2.168217259584743,4806.04958677686
81.81818181818181,2.672727272727273,4.338677405008198,2.1482764800784935,5029.5867768595035
85.45454545454545,2.672727272727273,4.424351271610211,2.128695056111377,5253.123966942149
89.0909090909091,2.672727272727273,4.51126403931908,2.1094678923271735,5476.661157024794
92.72727272727272,2.672727272727273,4.5994091639670325,2.090589674358738,5700.198347107438
96.36363636363636,2.672727272727273,4.688779813963202,2.0720548789707927,5923.735537190083
100.0,2.672727272727273,4.779368870701849,2.053857785049952,6147.272727272728
103.63636363636363,2.672727272727273,4.8711689290577835,2.035992485431884,6370.809917355371
107.27272727272728,2.672727272727273,4.964172297972029,2.018452899550698,6594.347107438018
110.9090909090909,2.672727272727273,5.058371001125318,2.0012327868930084,6817.884297520662
114.54545454545455,2.672727272727273,5.153756777701307,1.9843257612355862,7041.421487603306
118.18181818181819,2.672727272727273,5.250321083238862,1.967725305642183,7264.958677685951
121.81818181818181,2.672727272727273,5.348055090573624,1.9514247881925513,7488.495867768595
125.45454545454545,2.672727272727273,5.4469496908685455,1.9354174784137963,7712.033057851239
129.0909090909091,2.672727272727273,5.546995494733853,1.919696564382,7935.570247933885
132.72727272727272,2.672727272727273,5.648182833436501,1.9042551704604773,8159.107438016529
136.36363636363637,2.672727272727273,5.750501760197949,1.889086375638562,8382.644628099175
140.0,2.672727272727273,5.8539420515817255,1.8741832324341037,8606.181818181818
143.63636363636363,2.672727272727273,5.958493208968948,1.8595387863221917,8829.719008264463
147.27272727272725,2.672727272727273,6.064144460123233,1.8451460956512795,9053.256198347106
150.9090909090909,2.672727272727273,6.170884760843533,1.8309982520081292,9276.793388429753
154.54545454545456,2.672727272727273,6.278702796704753,1.8170884009933348,9500.3305785124
158.1818181818182,2.672727272727273,6.387586984886794,1.8034097633687263,9723.867768595042
161.8181818181818,2.672727272727273,6.497525476090674,1.7899556565401546,9947.404958677685
165.45454545454544,2.672727272727273,6.608506156541669,1.7767195163381293,10170.94214876033
169.0909090909091,2.672727272727273,6.720516650079088,1.763694919062049,10394.479338842977
172.72727272727272,2.672727272727273,6.83354432033236,1.750875603753445,10618.01652892562
176.36363636363637,2.672727272727273,6.947576272982639,1.7382554946662454,10841.553719008265
180.0,2.672727272727273,7.062599358109921,1.725828723902955,11065.09090909091
183.63636363636363,2.672727272727273,7.178600172624103,1.7135896541876348,11288.628099173555
187.27272727272725,2.672727272727273,7.295565062781002,1.7015329017477863,11512.165289256198
190.9090909090909,2.672727272727273,7.413480126780681,1.6896533592789513,11735.702479338843
194.54545454545453,2.672727272727273,7.53233121744965,1.6779462189665915,11959.239669421486
198.1818181818182,2.672727272727273,7.652103945004059,1.6664069955416512,12182.776859504133
201.8181818181818,2.672727272727273,7.7727836798950465,1.655031549345484,12406.314049586777
205.45454545454544,2.672727272727273,7.894355555733862,1.6438161093816321,12629.85123966942
209.0909090909091,2.672727272727273,8.016804472297403,1.6327572963305623,12853.388429752067
212.72727272727272,2.672727272727273,8.140115098612164,1.621852145502699,13076.925619834712
216.36363636363635,2.672727272727273,8.264271876116489,1.6110981297046352,13300.462809917355
220.0,2.672727272727273,8.38925902189996,1.6004931819896893,13524.0
223.63636363636363,2.672727272727273,8.515060532018648,1.5900357182622078,13747.537190082645
227.27272727272728,2.672727272727273,8.64166018488624,1.5797246597002828,13971.074380165292
230.9090909090909,2.672727272727273,8.769041544738618,1.5695594549569993,14194.611570247935
234.54545454545453,2.672727272727273,8.897187965172332,1.5595401020942274,14418.14876033058
238.1818181818182,2.672727272727273,9.02608259275497,1.5496671701955629,14641.685950413223
241.8181818181818,2.672727272727273,9.155708370706366,1.5399418205971058,14865.223140495867
245.45454545454544,2.672727272727273,9.28604804265009,1.5303658276647711,15088.76033057851
249.0909090909091,2.672727272727273,9.417084156433674,1.5209415990356274,15312.297520661157
252.72727272727272,2.672727272727273,9.548799068016116,1.5116721952294665,15535.834710743802
256.3636363636364,2.672727272727273,9.681174945422319,1.5025613485210902,15759.371900826449
260.0,2.672727272727273,9.81419377276221,1.4936134809512067,15982.909090909092
263.6363636363636,2.672727272727273,9.947837354313823,1.484833721335138,16206.446280991735
267.27272727272725,2.672727272727273,10.082087318669434,1.476227921112511,16429.983471074378
270.9090909090909,2.672727272727273,10.216925122942385,1.4678026688614794,16653.52066115702
274.5454545454545,2.672727272727273,10.352332057034104,1.4595653032817462,16877.057851239668
278.1818181818182,2.672727272727273,10.488289247959656,1.4515239244302909,17100.595041322315
281.8181818181818,2.672727272727273,10.624777664230585,1.4436874029730977,17324.13223140496
285.45454545454544,2.672727272727273,10.761778120293153,1.4360653871954727,17547.669421487604
289.0909090909091,2.672727272727273,10.899271281021162,1.4286683074938784,17771.20661157025
292.72727272727275,2.672727272727273,11.03723766626136,1.4215073780530918,17994.743801652894
296.3636363636364,2.672727272727273,11.175657655430468,1.4145945953957868,18218.28099173554
300.0,2.672727272727273,11.314511492161607,1.40794273347748,18441.818181818184
303.6363636363636,2.672727272727273,11.453779288999385,1.4015653349886492,18665.355371900827
307.27272727272725,2.672727272727273,11.593441032141232,1.3954766985207594,18888.89256198347
310.9090909090909,2.672727272727273,11.733476586224267,1.3896918612514089,19112.429752066117
314.5454545454545,2.672727272727273,11.873865699155477,1.3842265768116182,19335.96694214876
318.1818181818182,2.672727272727273,12.014588006983796,1.3790972880111674,19559.504132231406
321.8181818181818,2.672727272727273,12.155623038812518,1.3743210941232706,19783.04132231405
325.45454545454544,2.672727272727273,12.296950221750128,1.3699157124623054,20006.578512396693
329.09090909090907,2.672727272727273,12.438548885898342,1.3658994340339552,20230.11570247934
332.7272727272727,2.672727272727273,12.580398269375012,1.3622910730940228,20453.652892561982
336.3636363636364,2.672727272727273,12.722477523371126,1.3591099105212925,20677.19008264463
340.0,2.672727272727273,12.864765717239024,1.35637563099145,20900.727272727272
343.6363636363636,2.672727272727273,13.007241843611023,1.3541082540333826,21124.26446280992
347.27272727272725,2.672727272727273,13.149884823546241,1.3523280591532048,21347.801652892562
350.9090909090909,2.672727272727273,13.292673511704297,1.3510555053273787,21571.338842975205
354.54545454545456,2.672727272727273,13.435586701543304,1.3503111452872942,21794.87603305785
358.1818181818182,2.672727272727273,13.578603130541428,1.3501155351459284,22018.413223140495
361.8181818181818,2.672727272727273,13.721701485439159,1.3504891400451418,22241.95041322314
365.45454545454544,2.672727272727273,13.86486040750156,1.3514522366287556,22465.487603305784
369.09090909090907,2.672727272727273,14.008058497797762,1.3530248132658984,22689.024793388427
372.7272727272727,2.672727272727273,14.151274322496306,1.3552264690569755,22912.561983471074
376.3636363636364,2.672727272727273,14.29448641817459,1.3580763127461657,23136.09917355372
380.0,2.672727272727273,14.437673297140485,1.361592862735626,23359.636363636364
383.6363636363636,2.672727272727273,14.580813452764012,1.3657939494426041,23583.173553719007
387.27272727272725,2.672727272727273,14.723885364817825,1.370696621257621,23806.710743801654
390.9090909090909,2.672727272727273,14.86686750482426,1.376317055349058,24030.247933884297
394.54545454545456,2.672727272727273,15.009738341406763,1.3826704745138065,24253.785123966944
398.1818181818182,2.672727272727273,15.152476345645033,1.3897710711946007,24477.32231404959
401.8181818181818,2.672727272727273,15.295059996430457,1.3976319396761872,24700.85950413223
405.45454545454544,2.672727272727273,15.437467785821376,1.406265017334147,24924.396694214876
409.09090909090907,2.672727272727273,15.5796782243952,1.4156810356476592,25147.93388429752
412.7272727272727,2.672727272727273,15.721669846596672,1.4258894815069632,25371.471074380166
416.3636363636364,2.672727272727273,15.863421216079335,1.4368985691505496,25595.008264462813
420.0,2.672727272727273,16.00491093103908,1.4487152228663134,25818.545454545452
60.0,2.7020202020202024,3.864342573247149,2.2853792764260255,3728.7878787878794
63.63636363636363,2.7020202020202024,3.9428772566146106,2.2635375423887476,3954.7750229568414
67.27272727272727,2.7020202020202024,4.022684037257801,2.242075476170453,4180.762167125804
70.9090909090909,2.7020202020202024,4.103758036229262,2.220989207826528,4406.749311294767
74.54545454545455,2.7020202020202024,4.1860940864418845,2.2002746134068287,4632.73645546373
78.18181818181819,2.7020202020202024,4.269686732566194,2.179927320900712,4858.723599632692
81.81818181818181,2.7020202020202024,4.354530231014088,2.159942717017134,5084.710743801654
85.45454545454545,2.7020202020202024,4.440618550010263,2.1403159548072375,5310.697887970616
89.0909090909091,2.7020202020202024,4.527945369751094,2.1210419621335523,5536.685032139579
92.72727272727272,2.7020202020202024,4.616504082651146,2.1021154509855604,5762.672176308541
96.36363636363636,2.7020202020202024,4.706287793678287,2.083530927638633,5988.659320477503
100.0,2.7020202020202024,4.797289320776779,2.065282703648834,6214.6464646464665
103.63636363636363,2.7020202020202024,4.889501195379818,2.0473649076730958,6440.633608815427
107.27272727272728,2.7020202020202024,4.982915663009888,2.029771498100252,6666.6207529843905
110.9090909090909,2.7020202020202024,5.077524683969105,2.012496276475413,6892.6078971533525
114.54545454545455,2.7020202020202024,5.1733199341179565,1.995532901696745,7118.595041322316
118.18181818181819,2.7020202020202024,5.2702928057435185,1.9788749049605883,7344.582185491278
121.81818181818181,2.7020202020202024,5.3684344085170075,1.9625157054281968,7570.56932966024
125.45454545454545,2.7020202020202024,5.467735570540463,1.9464486265853829,7796.556473829202
129.0909090909091,2.7020202020202024,5.568186839482642,1.9306669132625505,8022.543617998164
132.72727272727272,2.7020202020202024,5.669778483803899,1.915163749282676,8248.530762167127
136.36363636363637,2.7020202020202024,5.772500494070737,1.8999322757020751,8474.51790633609
140.0,2.7020202020202024,5.8763425843582,1.884965609607156,8700.505050505051
143.63636363636363,2.7020202020202024,5.981294193742478,1.8702568634311354,8926.492194674014
147.27272727272725,2.7020202020202024,6.087344487880507,1.8557991647519982,9152.479338842975
150.9090909090909,2.7020202020202024,6.194482360679227,1.8415856765346243,9378.466483011938
154.54545454545456,2.7020202020202024,6.302696436051732,1.8276096177788788,9604.453627180901
158.1818181818182,2.7020202020202024,6.411975069762143,1.8138642845366546,9830.440771349864
161.8181818181818,2.7020202020202024,6.522306351357118,1.8003430712608757,10056.427915518827
165.45454545454544,2.7020202020202024,6.63367810618467,1.7870394924510808,10282.415059687788
169.0909090909091,2.7020202020202024,6.746077897499443,1.7739472045607287,10508.402203856751
172.72727272727272,2.7020202020202024,6.859493028654158,1.7610600281331859,10734.389348025712
176.36363636363637,2.7020202020202024,6.9739105453766825,1.7483719701341935,10960.376492194675
180.0,2.7020202020202024,7.089317238132126,1.7358772464508236,11186.363636363638
183.63636363636363,2.7020202020202024,7.2056996445695285,1.7235703045276731,11412.3507805326
187.27272727272725,2.7020202020202024,7.323044052052126,1.7114458461130972,11638.337924701562
190.9090909090909,2.7020202020202024,7.441336500271722,1.6994988500888555,11864.325068870525
194.54545454545453,2.7020202020202024,7.5605627839447545,1.6877245953589493,12090.312213039488
198.1818181818182,2.7020202020202024,7.680708455590811,1.6761186837723856,12316.29935720845
201.8181818181818,2.7020202020202024,7.801758828392279,1.6646770630571723,12542.286501377412
205.45454545454544,2.7020202020202024,7.923698979134342,1.6533960497414706,12768.273645546375
209.0909090909091,2.7020202020202024,8.046513751224383,1.6422723520381608,12994.260789715336
212.72727272727272,2.7020202020202024,8.170187757790707,1.631303092667914,13220.247933884299
216.36363636363635,2.7020202020202024,8.294705384858533,1.6204858315945025,13446.23507805326
220.0,2.7020202020202024,8.420050794603286,1.609818588643504,13672.222222222224
223.63636363636363,2.7020202020202024,8.546207928680145,1.599299865972356,13898.209366391187
227.27272727272728,2.7020202020202024,8.673160511628204,1.5889286703562036,14124.196510560148
230.9090909090909,2.7020202020202024,8.800892054349102,1.578704535248214,14350.183654729111
234.54545454545453,2.7020202020202024,8.929385857658467,1.5686275425675418,14576.170798898074
238.1818181818182,2.7020202020202024,9.058625015909595,1.5586983441607132,14802.157943067035
241.8181818181818,2.7020202020202024,9.188592420687614,1.5489181828734568,15028.145087235998
245.45454545454544,2.7020202020202024,9.319270764574023,1.539288913161101,15254.13223140496
249.0909090909091,2.7020202020202024,9.450642544979155,1.5298130211536478,15480.119375573924
252.72727272727272,2.7020202020202024,9.58269006804264,1.52049364408029,15706.106519742883
256.3636363636364,2.7020202020202024,9.715395452599743,1.511334588943576,15932.093663911848
260.0,2.7020202020202024,9.848740634212566,1.5023403503192794,16158.080808080811
263.6363636363636,2.7020202020202024,9.982707369265396,1.4935161271408113,16384.067952249774
267.27272727272725,2.7020202020202024,10.117277239122126,1.4848678383103775,16610.055096418735
270.9090909090909,2.7020202020202024,10.252431654344745,1.4764021369603462,16836.042240587696
274.5454545454545,2.7020202020202024,10.38815185897162,1.4681264231680144,17062.029384756657
278.1818181818182,2.7020202020202024,10.524418934854088,1.460048854908597,17288.016528925622
281.8181818181818,2.7020202020202024,10.661213806050073,1.452178357009445,17514.003673094583
285.45454545454544,2.7020202020202024,10.798517243273055,1.4445246278494672,17739.990817263544
289.0909090909091,2.7020202020202024,10.936309868395298,1.4370981435274068,17965.97796143251
292.72727272727275,2.7020202020202024,11.07457215900343,1.4299101592050227,18191.965105601474
296.3636363636364,2.7020202020202024,11.213284453005267,1.4229727073144005,18417.952249770435
300.0,2.7020202020202024,11.352426953286118,1.4162985923056781,18643.939393939396
303.6363636363636,2.7020202020202024,11.491979732413185,1.4099013816003219,18869.92653810836
307.27272727272725,2.7020202020202024,11.63192273738647,1.403795392411709,19095.91368227732
310.9090909090909,2.7020202020202024,11.772235794434122,1.3979956740927648,19321.900826446283
314.5454545454545,2.7020202020202024,11.912898613851919,1.3925179856799592,19547.887970615244
318.1818181818182,2.7020202020202024,12.053890794883294,1.387378768316376,19773.87511478421
321.8181818181818,2.7020202020202024,12.195191830640324,1.3825951122616653,19999.86225895317
325.45454545454544,2.7020202020202024,12.336781113062573,1.3781847182313447,20225.84940312213
329.09090909090907,2.7020202020202024,12.478637937912755,1.374165852851775,20451.836547291095
332.7272727272727,2.7020202020202024,12.620741509807166,1.3705572980767944,20677.823691460057
336.3636363636364,2.7020202020202024,12.763070947279829,1.3673782944786452,20903.81083562902
340.0,2.7020202020202024,12.905605287877629,1.364648478409226,21129.797979797982
343.6363636363636,2.7020202020202024,13.048323493285867,1.3623878131198874,21355.785123966944
347.27272727272725,2.7020202020202024,13.191204454481312,1.3606165140327875,21581.77226813591
350.9090909090909,2.7020202020202024,13.334226996911966,1.3593549684698405,21807.75941230487
354.54545454545456,2.7020202020202024,13.477369885701208,1.3586236502665099,22033.746556473834
358.1818181818182,2.7020202020202024,13.620611830874598,1.3584430298227606,22259.733700642795
361.8181818181818,2.7020202020202024,13.763931492608016,1.3588334802701616,22485.72084481176
365.45454545454544,2.7020202020202024,13.907307486494332,1.359815180557644,22711.707988980717
369.09090909090907,2.7020202020202024,14.050718388828223,1.3614080163758688,22937.69513314968
372.7272727272727,2.7020202020202024,14.19414274190563,1.363631479944342,23163.682277318643
376.3636363636364,2.7020202020202024,14.33755905933771,1.3665045697757487,23389.669421487608
380.0,2.7020202020202024,14.480945831376207,1.3700456915993307,23615.65656565657
383.6363636363636,2.7020202020202024,14.624281530248954,1.374272561669365,23841.643709825534
387.27272727272725,2.7020202020202024,14.767544615503605,1.3792021137004733,24067.630853994495
390.9090909090909,2.7020202020202024,14.910713539357797,1.3848504106564308,24293.617998163452
394.54545454545456,2.7020202020202024,15.05376675205363,1.3912325625727817,24519.605142332417
398.1818181818182,2.7020202020202024,15.19668270721493,1.3983626515151786,24745.59228650138
401.8181818181818,2.7020202020202024,15.339439867205371,1.406253664665892,24971.579430670343
405.45454545454544,2.7020202020202024,15.482016708485194,1.41491743639538,25197.566574839308
409.09090909090907,2.7020202020202024,15.624391726965793,1.4243646000141863,25423.553719008265
412.7272727272727,2.7020202020202024,15.766543443358543,1.4346045497223385,25649.54086317723
416.3636363636364,2.7020202020202024,15.90845040851789,1.4456454130806657,25875.528007346194
420.0,2.7020202020202024,16.050091208775697,1.45749403413156,26101.515151515156
60.0,2.7313131313131316,3.8773091833721383,2.2969284497384823,3769.212121212122
63.63636363636363,2.7313131313131316,3.9562483504726993,2.2750584703394936,3997.649219467401
67.27272727272727,2.7313131313131316,4.036459518142064,2.253566736267206,4226.086317722681
70.9090909090909,2.7313131313131316,4.117937745514297,2.232449381728117,4454.523415977961
74.54545454545455,2.7313131313131316,4.2006778034869905,2.2117022895351415,4682.960514233242
78.18181818181819,2.7313131313131316,4.284674174633383,2.191321097126295,4911.397612488522
81.81818181818181,2.7313131313131316,4.369921053201885,2.1713012034098687,5139.834710743802
85.45454545454545,2.7313131313131316,4.456412345203233,2.1516377764431294,5368.271808999082
89.0909090909091,2.7313131313131316,4.54414166858422,2.1323257619476568,5596.708907254362
92.72727272727272,2.7313131313131316,4.633102353490733,2.113359892661551,5825.146005509642
96.36363636363636,2.7313131313131316,4.723287442617899,2.094734698524489,6053.583103764922
100.0,2.7313131313131316,4.814689691649113,2.0764445176882207,6282.020202020203
103.63636363636363,2.7313131313131316,4.90730156978427,2.058483508341902,6510.457300275481
107.27272727272728,2.7313131313131316,5.001115260355652,2.040845661337819,6738.894398530763
110.9090909090909,2.7313131313131316,5.0961226615343245,2.0235248135996247,6967.331496786043
114.54545454545455,2.7313131313131316,5.192315387124294,2.0065146622927186,7195.768595041323
118.18181818181819,2.7313131313131316,5.28968476744681,1.9898087797328876,7424.205693296603
121.81818181818181,2.7313131313131316,5.388221850313449,1.9734006290063857,7652.6427915518825
125.45454545454545,2.7313131313131316,5.487917402088355,1.9572835802735449,7881.079889807163
129.0909090909091,2.7313131313131316,5.588761908840295,1.9414509277237433,8109.5169880624435
132.72727272727272,2.7313131313131316,5.690745577582936,1.925895907149665,8337.954086317723
136.36363636363637,2.7313131313131316,5.793858337604993,1.9106117141061658,8566.391184573004
140.0,2.7313131313131316,5.89808984188885,1.895591522618134,8794.828282828283
143.63636363636363,2.7313131313131316,6.003429468617629,1.8808285044010018,9023.265381083564
147.27272727272725,2.7313131313131316,6.109866322771665,1.866315848556667,9251.702479338843
150.9090909090909,2.7313131313131316,6.217389237812295,1.8520467817081498,9480.139577594124
154.54545454545456,2.7313131313131316,6.325986777454053,1.8380145885352113,9708.576675849405
158.1818181818182,2.7313131313131316,6.4356472375246385,1.82421263267499,9937.013774104686
161.8181818181818,2.7313131313131316,6.546358647911693,1.8106343779510155,10165.450872359965
165.45454545454544,2.7313131313131316,6.658108774597346,1.797273409896088,10393.887970615242
169.0909090909091,2.7313131313131316,6.770885121778088,1.784123457534376,10622.325068870525
172.72727272727272,2.7313131313131316,6.884674934071871,1.7711784153906016,10850.762167125804
176.36363636363637,2.7313131313131316,6.999465198809874,1.7584323656945093,11079.199265381087
180.0,2.7313131313131316,7.115242648413553,1.7458796007506039,11307.636363636364
183.63636363636363,2.7313131313131316,7.231993762856085,1.7335146454449002,11536.073461891643
187.27272727272725,2.7313131313131316,7.349704772207998,1.7213322798611823,11764.510560146924
190.9090909090909,2.7313131313131316,7.468361659265204,1.709327561980759,11992.947658402203
194.54545454545453,2.7313131313131316,7.587950162260391,1.6974958504408457,12221.384756657484
198.1818181818182,2.7313131313131316,7.708455777655371,1.6858328273273593,12449.821854912767
201.8181818181818,2.7313131313131316,7.829863763015632,1.6743345209781249,12678.258953168044
205.45454545454544,2.7313131313131316,7.952159139963635,1.662997328773125,12906.696051423325
209.0909090909091,2.7313131313131316,8.07532669721317,1.6518180398870939,13135.133149678604
212.72727272727272,2.7313131313131316,8.199350993681264,1.6407938579796442,13363.570247933885
216.36363636363635,2.7313131313131316,8.32421636167829,1.6299224237956642,13592.007346189164
220.0,2.7313131313131316,8.449906910174677,1.619201837646666,13820.444444444445
223.63636363636363,2.7313131313131316,8.57640652814388,1.6086306817407536,14048.881542699724
227.27272727272728,2.7313131313131316,8.703698887980087,1.598208042324266,14277.318640955005
230.9090909090909,2.7313131313131316,8.831767448989574,1.587933531593168,14505.755739210286
234.54545454545453,2.7313131313131316,8.960595460955492,1.5778073093267941,14734.192837465565
238.1818181818182,2.7313131313131316,9.090165967774077,1.5678301041881346,14962.629935720846
241.8181818181818,2.7313131313131316,9.2204618111617,1.5580032346274686,15191.067033976125
245.45454545454544,2.7313131313131316,9.351465634431342,1.5483286293156397,15419.504132231406
249.0909090909091,2.7313131313131316,9.483159886338026,1.5388088470229655,15647.941230486686
252.72727272727272,2.7313131313131316,9.615526824990532,1.5294470958469648,15876.378328741966
256.3636363636364,2.7313131313131316,9.748548521830344,1.5202472516786436,16104.815426997247
260.0,2.7313131313131316,9.88220686567416,1.5112138757823823,16333.252525252527
263.6363636363636,2.7313131313131316,10.016483566820627,1.5023522313479458,16561.689623507806
267.27272727272725,2.7313131313131316,10.151360161219364,1.4936682988560144,16790.12672176309
270.9090909090909,2.7313131313131316,10.286818014700273,1.4851687900804937,17018.563820018364
274.5454545454545,2.7313131313131316,10.422838327262603,1.4768611605313309,17247.000918273643
278.1818181818182,2.7313131313131316,10.559402137422559,1.4687536201223883,17475.438016528926
281.8181818181818,2.7313131313131316,10.696490326616972,1.4608551418284537,17703.87511478421
285.45454545454544,2.7313131313131316,10.834083623662618,1.453175468076402,17932.312213039488
289.0909090909091,2.7313131313131316,10.972162609269366,1.4457251145958296,18160.74931129477
292.72727272727275,2.7313131313131316,11.110707720605575,1.4385153714374141,18389.18640955005
296.3636363636364,2.7313131313131316,11.249699255914392,1.4315583008510364,18617.62350780533
300.0,2.7313131313131316,11.389117379179277,1.424866731702878,18846.060606060608
303.6363636363636,2.7313131313131316,11.528942124837684,1.4184542501016644,19074.497704315887
307.27272727272725,2.7313131313131316,11.669153402540264,1.4123351858991522,19302.934802571166
310.9090909090909,2.7313131313131316,11.809731001955386,1.4065245947314855,19531.371900826445
314.5454545454545,2.7313131313131316,11.950654597616456,1.4010382352755706,19759.808999081728
318.1818181818182,2.7313131313131316,12.091903753810232,1.3958925414104555,19988.24609733701
321.8181818181818,2.7313131313131316,12.23345792950551,1.391104588998941,20216.68319559229
325.45454545454544,2.7313131313131316,12.375296483319659,1.3866920570385077,20445.120293847565
329.09090909090907,2.7313131313131316,12.517398678521321,1.3826731829773713,20673.557392102848
332.7272727272727,2.7313131313131316,12.659743688068195,1.379066712047926,20901.994490358127
336.3636363636364,2.7313131313131316,12.802310599677677,1.375891840539313,21130.43158861341
340.0,2.7313131313131316,12.9450784209288,1.3731681530119522,21358.86868686869
343.6363636363636,2.7313131313131316,13.08802608439351,1.3709155535492927,21587.30578512397
347.27272727272725,2.7313131313131316,13.231132452796484,1.3691541912451255,21815.742883379247
350.9090909090909,2.7313131313131316,13.374376324199927,1.367904380237485,22044.179981634526
354.54545454545456,2.7313131313131316,13.517736437213348,1.3671865147185207,22272.61707988981
358.1818181818182,2.7313131313131316,13.66119147622575,1.3670209794737709,22501.054178145092
361.8181818181818,2.7313131313131316,13.804720076658402,1.3674280566280221,22729.491276400367
365.45454545454544,2.7313131313131316,13.948300830236239,1.368427829396894,22957.928374655647
369.09090909090907,2.7313131313131316,14.091912290277014,1.3700400837568123,23186.36547291093
372.7272727272727,2.7313131313131316,14.235532976994804,1.3722842090493146,23414.80257116621
376.3636363636364,2.7313131313131316,14.379141382817776,1.375179098621571,23643.239669421488
380.0,2.7313131313131316,14.522715977717064,1.378743051671686,23871.67676767677
383.6363636363636,2.7313131313131316,14.666235214545456,1.3829936775085774,24100.11386593205
387.27272727272725,2.7313131313131316,14.80967753438431,1.3879478034503905,24328.550964187325
390.9090909090909,2.7313131313131316,14.953021371895986,1.3936213875697239,24556.988062442608
394.54545454545456,2.7313131313131316,15.096245160681105,1.4000294374465243,24785.42516069789
398.1818181818182,2.7313131313131316,15.239327338637757,1.4071859360117387,25013.86225895317
401.8181818181818,2.7313131313131316,15.382246353321303,1.4151037754561429,25242.299357208452
405.45454545454544,2.7313131313131316,15.524980667303156,1.4237947000444886,25470.73645546373
409.09090909090907,2.7313131313131316,15.667508763525884,1.4332692585162596,25699.173553719007
412.7272727272727,2.7313131313131316,15.809809150653741,1.4435367665776422,25927.61065197429
416.3636363636364,2.7313131313131316,15.951860368416062,1.4546052798016516,26156.047750229573
420.0,2.7313131313131316,16.093640992942134,1.466481577057278,26384.48484848485
60.0,2.7606060606060607,3.889910050419364,2.3081214090304516,3809.636363636364
63.63636363636363,2.7606060606060607,3.969242601182245,2.286231011127944,4040.5234159779616
67.27272727272727,2.7606060606060607,4.049846978988885,2.26471759387682,4271.410468319559
70.9090909090909,2.7606060606060607,4.1317181820899656,2.2435772915817913,4502.297520661157
74.54545454545455,2.7606060606060607,4.214850920423459,2.222805989494256,4733.184573002754
78.18181818181819,2.7606060606060607,4.299239615542679,2.2023993299093028,4964.071625344353
81.81818181818181,2.7606060606060607,4.384878400630524,2.1823527190817584,5194.9586776859505
85.45454545454545,2.7606060606060607,4.471761120602644,2.1626613349674306,5425.845730027549
89.0909090909091,2.7606060606060607,4.559881332296169,2.1433201357928384,5656.732782369147
92.72727272727272,2.7606060606060607,4.6492323047480815,2.1243238694525672,5887.619834710744
96.36363636363636,2.7606060606060607,4.7398070195614155,2.1056670837303093,6118.506887052341
100.0,2.7606060606060607,4.831598171359339,2.0873441373361663,6349.393939393939
103.63636363636363,2.7606060606060607,4.92459816832886,2.069349211748675,6580.280991735536
107.27272727272728,2.7606060606060607,5.018799132852702,2.0516763238476727,6811.168044077136
110.9090909090909,2.7606060606060607,5.114192902230639,2.0343193393198162,7042.055096418732
114.54545454545455,2.7606060606060607,5.210771029489839,2.0172719868165383,7272.94214876033
118.18181818181819,2.7606060606060607,5.308524784283991,2.000527872840443,7503.829201101929
121.81818181818181,2.7606060606060607,5.407445153882608,1.9840804973339936,7734.716253443526
125.45454545454545,2.7606060606060607,5.5075228442484345,1.9679232699422573,7965.603305785124
129.0909090909091,2.7606060606060607,5.608748281204757,1.952049526918297,8196.490358126723
132.72727272727272,2.7606060606060607,5.711111611691678,1.9364525486395283,8427.37741046832
136.36363636363637,2.7606060606060607,5.8146027051112625,1.9211255777004614,8658.264462809919
140.0,2.7606060606060607,5.9192111547616495,1.906061837546992,8889.151515151516
143.63636363636363,2.7606060606060607,6.024926279359919,1.8912545516163668,9120.038567493113
147.27272727272725,2.7606060606060607,6.131737124652858,1.8766969629460502,9350.925619834708
150.9090909090909,2.7606060606060607,6.239632465117159,1.8623823542154068,9581.81267217631
154.54545454545456,2.7606060606060607,6.348600805745928,1.8483040681832204,9812.699724517908
158.1818181818182,2.7606060606060607,6.458630383924184,1.8344555284850441,10043.586776859505
161.8181818181818,2.7606060606060607,6.569709171390677,1.8208302607552493,10274.473829201102
165.45454545454544,2.7606060606060607,6.681824876287284,1.8074219140385597,10505.3608815427
169.0909090909091,2.7606060606060607,6.794964945293784,1.7942242824585073,10736.247933884299
172.72727272727272,2.7606060606060607,6.9091165658499545,1.7812313271093345,10967.134986225896
176.36363636363637,2.7606060606060607,7.024266668461596,1.7684371981413243,11198.022038567495
180.0,2.7606060606060607,7.140401929092931,1.755836257009511,11428.909090909092
183.63636363636363,2.7606060606060607,7.257508771641977,1.7434230988573292,11659.796143250689
187.27272727272725,2.7606060606060607,7.375573370500721,1.7311925750084145,11890.683195592286
190.9090909090909,2.7606060606060607,7.494581653197577,1.7191398155406232,12121.570247933885
194.54545454545453,2.7606060606060607,7.6145193031226555,1.707260251917344,12352.457300275482
198.1818181818182,2.7606060606060607,7.735371762334969,1.6955496396516052,12583.344352617081
201.8181818181818,2.7606060606060607,7.857124234449669,1.684004080979534,12814.231404958677
205.45454545454544,2.7606060606060607,7.97976168760636,1.6726200475188377,13045.118457300276
209.0909090909091,2.7606060606060607,8.103268857516268,1.6613944028877088,13276.005509641873
212.72727272727272,2.7606060606060607,8.227630250588136,1.6503244252590188,13506.892561983472
216.36363636363635,2.7606060606060607,8.352830147131568,1.6394078298218944,13737.779614325069
220.0,2.7606060606060607,8.478852604636941,1.628642791120729,13968.666666666668
223.63636363636363,2.7606060606060607,8.605681461131457,1.618027965239076,14199.553719008265
227.27272727272728,2.7606060606060607,8.733300338609709,1.6075625117901617,14430.440771349864
230.9090909090909,2.7606060606060607,8.861692646538039,1.5972461156721975,14661.32782369146
234.54545454545453,2.7606060606060607,8.990841585431571,1.58707900853943,14892.214876033058
238.1818181818182,2.7606060606060607,9.12073015050281,1.5770619899327827,15123.101928374655
241.8181818181818,2.7606060606060607,9.251341135381296,1.5671964480062532,15353.988980716254
245.45454545454544,2.7606060606060607,9.382657135901809,1.5574843797739593,15584.876033057852
249.0909090909091,2.7606060606060607,9.514660553961582,1.547928410793568,15815.76308539945
252.72727272727272,2.7606060606060607,9.64733360144406,1.538531814188183,16046.650137741046
256.3636363636364,2.7606060606060607,9.780658304208744,1.529298528896237,16277.537190082647
260.0,2.7606060606060607,9.914616506145558,1.5202331770231632,16508.424242424244
263.6363636363636,2.7606060606060607,10.049189873292365,1.5113410801537466,16739.31129476584
267.27272727272725,2.7606060606060607,10.184359898014664,1.5026282744661037,16970.198347107438
270.9090909090909,2.7606060606060607,10.320107903245894,1.4941015244702271,17201.085399449035
274.5454545454545,2.7606060606060607,10.456415046786915,1.4857683351757018,17431.972451790632
278.1818181818182,2.7606060606060607,10.593262325663437,1.477636962473585,17662.859504132233
281.8181818181818,2.7606060606060607,10.730630580540076,1.4697164214974643,17893.74655647383
285.45454545454544,2.7606060606060607,10.86850050018931,1.4620164927103445,18124.633608815428
289.0909090909091,2.7606060606060607,11.006852626014252,1.454547725444725,18355.52066115703
292.72727272727275,2.7606060606060607,11.14566735662309,1.4473214386063897,18586.407713498626
296.3636363636364,2.7606060606060607,11.284924952454844,1.440349718237055,18817.294765840223
300.0,2.7606060606060607,11.42460554045352,1.4336454116193595,19048.18181818182
303.6363636363636,2.7606060606060607,11.564689118790247,1.4272221175975606,19279.068870523413
307.27272727272725,2.7606060606060607,11.705155561631235,1.4210941727852429,19509.955922865014
310.9090909090909,2.7606060606060607,11.845984623950063,1.4152766333312412,19740.84297520661
314.5454545454545,2.7606060606060607,11.987155946382895,1.4097852519247411,19971.73002754821
318.1818181818182,2.7606060606060607,12.128649060124658,1.4046364497360264,20202.61707988981
321.8181818181818,2.7606060606060607,12.270443391864898,1.3998472830152726,20433.504132231406
325.45454545454544,2.7606060606060607,12.412518268761332,1.3954354041057762,20664.391184573
329.09090909090907,2.7606060606060607,12.55485292344966,1.391419016675413,20895.2782369146
332.7272727272727,2.7606060606060607,12.69742649908763,1.3878168250255614,21126.165289256198
336.3636363636364,2.7606060606060607,12.840218054432427,1.3846479774072558,21357.0523415978
340.0,2.7606060606060607,12.983206568948068,1.3819320033531108,21587.939393939396
343.6363636363636,2.7606060606060607,13.126370947943244,1.3796887451270208,21818.826446280993
347.27272727272725,2.7606060606060607,13.269690027735852,1.3779382834941325,22049.713498622586
350.9090909090909,2.7606060606060607,13.41314258084369,1.37670085812527,22280.600550964187
354.54545454545456,2.7606060606060607,13.556707321199097,1.3759967830667812,22511.487603305788
358.1818181818182,2.7606060606060607,13.700362909385571,1.375846357828707,22742.374655647385
361.8181818181818,2.7606060606060607,13.844087957895244,1.3762697747649653,22973.261707988982
365.45454545454544,2.7606060606060607,13.987861036404539,1.377287023539715,23204.14876033058
369.09090909090907,2.7606060606060607,14.131660677066858,1.3789177935843755,23435.035812672173
372.7272727272727,2.7606060606060607,14.275465379820265,1.3811813755506825,23665.922865013774
376.3636363636364,2.7606060606060607,14.419253617708133,1.3840965628489859,23896.809917355375
380.0,2.7606060606060607,14.563003842211206,1.3876815544250025,24127.696969696968
383.6363636363636,2.7606060606060607,14.706694488589417,1.391953859967984,24358.58402203857
387.27272727272725,2.7606060606060607,14.850303981230773,1.39693020875626,24589.471074380166
390.9090909090909,2.7606060606060607,14.993810739006406,1.4026264633291294,24820.35812672176
394.54545454545456,2.7606060606060607,15.137193180629914,1.4090575391273035,25051.24517906336
398.1818181818182,2.7606060606060607,15.280429730017685,1.416237331165919,25282.13223140496
401.8181818181818,2.7606060606060607,15.42349882165083,1.4241786486978614,25513.01928374656
405.45454545454544,2.7606060606060607,15.566378905934524,1.432893158691357,25743.906336088156
409.09090909090907,2.7606060606060607,15.709048454554353,1.4423913387906144,25974.79338842975
412.7272727272727,2.7606060606060607,15.851485965827115,1.4526824402540452,26205.68044077135
416.3636363636364,2.7606060606060607,15.993669970044767,1.4637744611796157,26436.56749311295
420.0,2.7606060606060607,16.13557903480919,1.475674130135498,26667.454545454548
60.0,2.7898989898989903,3.9021751637351265,2.3189587692644187,3850.060606060607
63.63636363636363,2.7898989898989903,3.9818899461307646,2.297055823641301,4083.397612488522
67.27272727272727,2.7898989898989903,4.0628763038491575,2.275528747795953,4316.734618916437
70.9090909090909,2.7898989898989903,4.1451291753017285,2.2543736720292795,4550.071625344353
74.54545454545455,2.7898989898989903,4.228643210532816,2.233586479667581,4783.4086317722695
78.18181818181819,2.7898989898989903,4.313412771162807,2.213162813242618,5016.745638200185
81.81818181818181,2.7898989898989903,4.399431930417777,2.1930980814840746,5250.0826446281
85.45454545454545,2.7898989898989903,4.486694473247285,2.173387467130419,5483.419651056015
89.0909090909091,2.7898989898989903,4.57519389652903,2.1540259355606235,5716.756657483931
92.72727272727272,2.7898989898989903,4.664923409362249,2.135008244245507,5950.093663911846
96.36363636363636,2.7898989898989903,4.755875933449225,2.116328953014861,6183.430670339762
100.0,2.7898989898989903,4.848044103564621,2.097982435131505,6416.767676767678
103.63636363636363,2.7898989898989903,4.941420268114647,2.079962889161991,6650.104683195592
107.27272727272728,2.7898989898989903,5.035996489784341,2.06226435162854,6883.44168962351
110.9090909090909,2.7898989898989903,5.1317645462739945,2.0448807104248288,7116.778696051425
114.54545454545455,2.7898989898989903,5.228715931125001,2.0278057189749243,7350.115702479339
118.18181818181819,2.7898989898989903,5.326841854634417,2.0110330111114716,7583.452708907256
121.81818181818181,2.7898989898989903,5.426133244859196,1.9945561166473489,7816.7897153351705
125.45454545454545,2.7898989898989903,5.526580748709233,1.9783684776122374,8050.126721763087
129.0909090909091,2.7898989898989903,5.628174733129838,1.9624634651234918,8283.463728191002
132.72727272727272,2.7898989898989903,5.730905286373288,1.9468343968593531,8516.800734618917
136.36363636363637,2.7898989898989903,5.834762219358755,1.931474555100696,8750.137741046834
140.0,2.7898989898989903,5.939735067122202,1.916377205306612,8983.47474747475
143.63636363636363,2.7898989898989903,6.045813090353859,1.9015356151885612,9216.811753902664
147.27272727272725,2.7898989898989903,6.1529852770243085,1.886943074246417,9450.14876033058
150.9090909090909,2.7898989898989903,6.261240344099255,1.8725929137311148,9683.485766758495
154.54545454545456,2.7898989898989903,6.3705667393414735,1.8584785269972266,9916.822773186414
158.1818181818182,2.7898989898989903,6.480952643200705,1.8445933902100837,10150.159779614327
161.8181818181818,2.7898989898989903,6.592385970790751,1.8309310833723953,10383.49678604224
165.45454545454544,2.7898989898989903,6.704854373952543,1.8174853116362633,10616.833792470155
169.0909090909091,2.7898989898989903,6.818345243405045,1.804249926867486,10850.170798898074
172.72727272727272,2.7898989898989903,6.932845710980298,1.791218949430184,11083.507805325988
176.36363636363637,2.7898989898989903,7.0483426519449965,1.7783865901611988,11316.844811753905
180.0,2.7898989898989903,7.164822687406408,1.7657472725047703,11550.18181818182
183.63636363636363,2.7898989898989903,7.282272186802394,1.753295654779602,11783.518824609735
187.27272727272725,2.7898989898989903,7.400677270475692,1.7410266525511975,12016.85583103765
190.9090909090909,2.7898989898989903,7.520023812330012,1.7289354610839787,12250.192837465565
194.54545454545453,2.7898989898989903,7.640297442569472,1.7170175778482755,12483.529843893482
198.1818181818182,2.7898989898989903,7.761483550519147,1.7052688250574861,12716.866850321398
201.8181818181818,2.7898989898989903,7.883567287526353,1.693685372212079,12950.203856749311
205.45454545454544,2.7898989898989903,8.00653356994216,1.6822637586254945,13183.540863177228
209.0909090909091,2.7898989898989903,8.130367082181822,1.6710009159080779,13416.877869605145
212.72727272727272,2.7898989898989903,8.255052279863834,1.6598941903818671,13650.21487603306
216.36363636363635,2.7898989898989903,8.380573393026394,1.6489413653999063,13883.551882460974
220.0,2.7898989898989903,8.506914429420203,1.6381406835380248,14116.88888888889
223.63636363636363,2.7898989898989903,8.634059177877006,1.6274908686268492,14350.225895316806
227.27272727272728,2.7898989898989903,8.761991211752896,1.6169911475850989,14583.562901744723
230.9090909090909,2.7898989898989903,8.890693892444805,1.6066412720113787,14816.899908172638
234.54545454545453,2.7898989898989903,9.020150372979955,1.5964415394849594,15050.236914600553
238.1818181818182,2.7898989898989903,9.150343601676521,1.5863928145190165,15283.573921028468
241.8181818181818,2.7898989898989903,9.28125632587443,1.5764965491009266,15516.910927456385
245.45454545454544,2.7898989898989903,9.412871095736332,1.5667548027449487,15750.247933884299
249.0909090909091,2.7898989898989903,9.545170268115152,1.5571702619715346,15983.584940312214
252.72727272727272,2.7898989898989903,9.678136010489931,1.5477462591153797,16216.92194674013
256.3636363636364,2.7898989898989903,9.811750304966298,1.5384867903506938,16450.258953168046
260.0,2.7898989898989903,9.945994952341632,1.5293965328080754,16683.595959595965
263.6363636363636,2.7898989898989903,10.080851576233595,1.5204808606407252,16916.932966023876
267.27272727272725,2.7898989898989903,10.21630162726996,1.5117458598816622,17150.26997245179
270.9090909090909,2.7898989898989903,10.352326387339097,1.5031983419151969,17383.606978879707
274.5454545454545,2.7898989898989903,10.488906973899729,1.4948458553674238,17616.943985307622
278.1818181818182,2.7898989898989903,10.626024344347918,1.4866966962021881,17850.28099173554
281.8181818181818,2.7898989898989903,10.763659300440978,1.4787599157887668,18083.617998163456
285.45454545454544,2.7898989898989903,10.90179249277528,1.4710453266894172,18316.955004591367
289.0909090909091,2.7898989898989903,11.040404425318597,1.4635635058969145,18550.292011019286
292.72727272727275,2.7898989898989903,11.179475459993178,1.456325795235083,18783.629017447205
296.3636363636364,2.7898989898989903,11.318985821310076,1.4493442986210712,19016.966023875117
300.0,2.7898989898989903,11.458915601052157,1.442631875876509,19250.303030303032
303.6363636363636,2.7898989898989903,11.599244763003746,1.4362021327659589,19483.640036730947
307.27272727272725,2.7898989898989903,11.739953147726894,1.430069406938624,19716.977043158862
310.9090909090909,2.7898989898989903,11.881020477381435,1.4242487494507539,19950.314049586777
314.5454545454545,2.7898989898989903,12.022426360587211,1.4187559015555973,20183.651056014693
318.1818181818182,2.7898989898989903,12.164150297327815,1.413607266464292,20416.98806244261
321.8181818181818,2.7898989898989903,12.306171683893151,1.4088198758069386,20650.325068870527
325.45454545454544,2.7898989898989903,12.44846981785959,1.4044113505580413,20883.66207529844
329.09090909090907,2.7898989898989903,12.59102390310644,1.4003998562364817,21116.999081726357
332.7272727272727,2.7898989898989903,12.733813054866058,1.39680405224742,21350.336088154272
336.3636363636364,2.7898989898989903,12.876816304806653,1.3936430353013345,21583.67309458219
340.0,2.7898989898989903,13.020012606146384,1.3909362769259999,21817.010101010103
343.6363636363636,2.7898989898989903,13.163380838795154,1.388703555177051,22050.34710743802
347.27272727272725,2.7898989898989903,13.306899814525519,1.3869648807542223,22283.684113865933
350.9090909090909,2.7898989898989903,13.450548282167288,1.385740417838938,22517.02112029385
354.54545454545456,2.7898989898989903,13.594304932827033,1.3850504000845667,22750.35812672177
358.1818181818182,2.7898989898989903,13.738148405129344,1.384915042309795,22983.695133149682
361.8181818181818,2.7898989898989903,13.882057290477658,1.3853544485651108,23217.032139577597
365.45454545454544,2.7898989898989903,14.02601013833414,1.3863885173590829,23450.369146005512
369.09090909090907,2.7898989898989903,14.169985461515557,1.3880368449397888,23683.706152433428
372.7272727272727,2.7898989898989903,14.31396174150424,1.3903186276248338,23917.04315886134
376.3636363636364,2.7898989898989903,14.457917433771694,1.393252564255292,24150.380165289258
380.0,2.7898989898989903,14.601830973113444,1.3968567599103732,24383.717171717177
383.6363636363636,2.7898989898989903,14.745680778992579,1.401148632058472,24617.054178145092
387.27272727272725,2.7898989898989903,14.88944526089167,1.4061448203315474,24850.391184573004
390.9090909090909,2.7898989898989903,15.033102823668909,1.4118611010930049,25083.72819100092
394.54545454545456,2.7898989898989903,15.176631872919177,1.4183123079218696,25317.065197428838
398.1818181818182,2.7898989898989903,15.320010820335863,1.4255122590597367,25550.402203856756
401.8181818181818,2.7898989898989903,15.463218089073273,1.4334736927610776,25783.739210284668
405.45454545454544,2.7898989898989903,15.606232119107453,1.4422082113570838,26017.076216712583
409.09090909090907,2.7898989898989903,15.749031372592025,1.4517262346895825,26250.413223140495
412.7272727272727,2.7898989898989903,15.891594339210034,1.4620369634015071,26483.750229568413
416.3636363636364,2.7898989898989903,16.03389954151728,1.4731483523880502,26717.087235996332
420.0,2.7898989898989903,16.1759255402766,1.4850670945250026,26950.424242424247
60.0,2.8191919191919195,3.9141355830373827,2.3294412617880176,3890.4848484848485
63.63636363636363,2.8191919191919195,3.9942213987956565,2.307533669158643,4126.271808999082
67.27272727272727,2.8191919191919195,4.07557845855984,2.286000985129337,4362.058769513315
70.9090909090909,2.8191919191919195,4.158201641955483,2.2648393318452,4597.845730027549
74.54545454545455,2.8191919191919195,4.242085540208415,2.2440445863032186,4833.632690541783
78.18181818181819,2.8191919191919195,4.327224456102462,2.2236123866203474,5069.419651056016
81.81818181818181,2.8191919191919195,4.413612404024648,2.2035381391083235,5305.206611570248
85.45454545454545,2.8191919191919195,4.5012431100976835,2.1838170261611913,5540.9935720844815
89.0909090909091,2.8191919191919195,4.590110012400053,2.1644440149565267,5776.780532598716
92.72727272727272,2.8191919191919195,4.680206261274379,2.145413866970005,6012.567493112948
96.36363636363636,2.8191919191919195,4.771524719723774,2.1267211482975794,6248.354453627181
100.0,2.8191919191919195,4.864057963896918,2.108360240777512,6484.141414141415
103.63636363636363,2.8191919191919195,4.957798283661769,2.090325353900254,6719.928374655647
107.27272727272728,2.8191919191919195,5.052737683268552,2.072610537491876,6955.715335169882
110.9090909090909,2.8191919191919195,5.148867882100817,2.0552096951524095,7191.502295684114
114.54545454545455,2.8191919191919195,5.246180315516645,2.0381165984288296,7427.289256198348
118.18181818181819,2.8191919191919195,5.344666135778455,2.0213249016986956,7663.076216712581
121.81818181818181,2.8191919191919195,5.444316213072047,2.0048281577385523,7898.8631772268145
125.45454545454545,2.8191919191919195,5.545121136614808,1.9886198339484762,8134.650137741047
129.0909090909091,2.8191919191919195,5.647071215853335,1.9726933292027673,8370.437098255281
132.72727272727272,2.8191919191919195,5.750156481749612,1.957041991294448,8606.224058769512
136.36363636363637,2.8191919191919195,5.854366688156414,1.9416591349403496,8842.01101928375
140.0,2.8191919191919195,5.959691313281507,1.9265380603122568,9077.79797979798
143.63636363636363,2.8191919191919195,6.066119561240319,1.9116720720589593,9313.584940312214
147.27272727272725,2.8191919191919195,6.173640363696686,1.897054498783479,9549.371900826445
150.9090909090909,2.8191919191919195,6.2822423815924004,1.8826787129396372,9785.15886134068
154.54545454545456,2.8191919191919195,6.391914006963578,1.8685381511124377,10020.945821854915
158.1818181818182,2.8191919191919195,6.502643364845377,1.8546263346469702,10256.732782369147
161.8181818181818,2.8191919191919195,6.614418315263219,1.8409368905909367,10492.51974288338
165.45454545454544,2.8191919191919195,6.727226455310834,1.8274635729176398,10728.306703397611
169.0909090909091,2.8191919191919195,6.841055121314559,1.8142002839961038,10964.093663911848
172.72727272727272,2.8191919191919195,6.9558913910834335,1.8011410962768613,11199.88062442608
176.36363636363637,2.8191919191919195,7.071722086244414,1.7882802741634956,11435.667584940313
180.0,2.8191919191919195,7.18853377466235,1.7756122960400336,11671.454545454546
183.63636363636363,2.8191919191919195,7.306312772943981,1.7631318764271453,11907.241505968777
187.27272727272725,2.8191919191919195,7.425045149025754,1.7508339882397352,12143.028466483012
190.9090909090909,2.8191919191919195,7.544716724843741,1.7387138851209496,12378.815426997247
194.54545454545453,2.8191919191919195,7.665313079086487,1.7267671238269977,12614.602387511479
198.1818181818182,2.8191919191919195,7.786819550029002,1.7149895866390727,12850.389348025712
201.8181818181818,2.8191919191919195,7.909221238447225,1.7033775037779066,13086.176308539947
205.45454545454544,2.8191919191919195,8.032503010612453,1.691927475796875,13321.963269054178
209.0909090909091,2.8191919191919195,8.156649501365196,1.680636495928421,13557.750229568412
212.72727272727272,2.8191919191919195,8.281645117266516,1.669501972357439,13793.537190082647
216.36363636363635,2.8191919191919195,8.407474039827239,1.6585217503940057,14029.324150596878
220.0,2.8191919191919195,8.534120228813451,1.6476941345137508,14265.111111111113
223.63636363636363,2.8191919191919195,8.6615674256273,1.6370179102325675,14500.898071625345
227.27272727272728,2.8191919191919195,8.789799156762117,1.6264923657764216,14736.685032139578
230.9090909090909,2.8191919191919195,8.91879873733133,1.6161173135031934,14972.471992653813
234.54545454545453,2.8191919191919195,9.048549274669313,1.6058931110260593,15208.258953168044
238.1818181818182,2.8191919191919195,9.17903367200375,1.5958206819815108,15444.04591368228
241.8181818181818,2.8191919191919195,9.31023463219845,1.5859015363761901,15679.832874196512
245.45454545454544,2.8191919191919195,9.442134661564372,1.576137790437263,15915.619834710744
249.0909090909091,2.8191919191919195,9.574716073739262,1.5665321858799137,16151.406795224979
252.72727272727272,2.8191919191919195,9.707960993633913,1.5570881084940786,16387.19375573921
256.3636363636364,2.8191919191919195,9.841851361443187,1.547809605938532,16622.98071625345
260.0,2.8191919191919195,9.976368936721771,1.5387014046163745,16858.76767676768
263.6363636363636,2.8191919191919195,10.111495302523,1.52976892549004,17094.55463728191
267.27272727272725,2.8191919191919195,10.247211869598562,1.5210182986777743,17330.341597796145
270.9090909090909,2.8191919191919195,10.38349988065872,1.5124563766551904,17566.128558310375
274.5454545454545,2.8191919191919195,10.520340414691834,1.5040907458679291,17801.915518824608
278.1818181818182,2.8191919191919195,10.657714391340711,1.4959297365426654,18037.702479338845
281.8181818181818,2.8191919191919195,10.79560257533519,1.487982430464872,18273.489439853078
285.45454545454544,2.8191919191919195,10.933985580979606,1.4802586664731507,18509.27640036731
289.0909090909091,2.8191919191919195,11.07284387669304,1.472769043403124,18745.063360881548
292.72727272727275,2.8191919191919195,11.212157789601513,1.4655249201967924,18980.850321395777
296.3636363636364,2.8191919191919195,11.351907510180038,1.4585384128801726,19216.63728191001
300.0,2.8191919191919195,11.49207309694358,1.4518223880998478,19452.424242424244
303.6363636363636,2.8191919191919195,11.632634481184843,1.4453904529024726,19688.211202938477
307.27272727272725,2.8191919191919195,11.773571471757595,1.4392569404379936,19923.99816345271
310.9090909090909,2.8191919191919195,11.914863759904016,1.4334368912701279,20159.785123966944
314.5454545454545,2.8191919191919195,12.05649092412397,1.4279460299870754,20395.572084481173
318.1818181818182,2.8191919191919195,12.198432435085515,1.4228007368228988,20631.35904499541
321.8181818181818,2.8191919191919195,12.340667660573926,1.4180180140254648,20867.146005509643
325.45454545454544,2.8191919191919195,12.48317587047789,1.4136154467421145,21102.932966023876
329.09090909090907,2.8191919191919195,12.62593624181196,1.4096111582405446,21338.71992653811
332.7272727272727,2.8191919191919195,12.768927863772548,1.4060237593383387,21574.506887052343
336.3636363636364,2.8191919191919195,12.912129742826075,1.4028722919830956,21810.293847566576
340.0,2.8191919191919195,13.05552080782794,1.4001761670033048,22046.080808080813
343.6363636363636,2.8191919191919195,13.199079915169914,1.3979550961405227,22281.867768595042
347.27272727272725,2.8191919191919195,13.342785853954675,1.3962290185718025,22517.654729109276
350.9090909090909,2.8191919191919195,13.48661735119589,1.3950180222394863,22753.44168962351
354.54545454545456,2.8191919191919195,13.630553077040915,1.394342260418263,22989.228650137746
358.1818181818182,2.8191919191919195,13.774571650016224,1.3942218640665915,23225.015610651975
361.8181818181818,2.8191919191919195,13.918651642292076,1.394676850626983,23460.80257116621
365.45454545454544,2.8191919191919195,14.062771584965052,1.3957270300533813,23696.58953168044
369.09090909090907,2.8191919191919195,14.2069099733577,1.3973919089503504,23932.376492194675
372.7272727272727,2.8191919191919195,14.35104527233155,1.399690593804816,24168.163452708905
376.3636363636364,2.8191919191919195,14.495155921613549,1.4026416943699174,24403.95041322314
380.0,2.8191919191919195,14.63922034113316,1.4062632283215128,24639.737373737375
383.6363636363636,2.8191919191919195,14.783216936367706,1.4105725283439834,24875.524334251608
387.27272727272725,2.8191919191919195,14.92712410369574,1.4155861528138909,25111.311294765845
390.9090909090909,2.8191919191919195,15.070920235755032,1.4213198012316806,25347.098255280074
394.54545454545456,2.8191919191919195,15.214583726804285,1.427788235506163,25582.88521579431
398.1818181818182,2.8191919191919195,15.358092978086031,1.4350052081198554,25818.672176308544
401.8181818181818,2.8191919191919195,15.501426403189736,1.442983398100802,26054.459136822774
405.45454545454544,2.8191919191919195,15.644562433412272,1.451734355597008,26290.246097337007
409.09090909090907,2.8191919191919195,15.787479523114783,1.4612684557001472,26526.033057851237
412.7272727272727,2.8191919191919195,15.930156155073224,1.471594861997614,26761.820018365474
416.3636363636364,2.8191919191919195,16.072570845821737,1.482721500153722,26997.60697887971
420.0,2.8191919191919195,16.214702150986156,1.4946550416370665,27233.393939393944
60.0,2.8484848484848486,3.925823413361173,2.3395697286434185,3930.909090909091
63.63636363636363,2.8484848484848486,4.00626902369113,2.317665405911592,4169.146005509642
67.27272727272727,2.8484848484848486,4.0879854656942465,2.296135176106562,4407.382920110193
70.9090909090909,2.8484848484848486,4.170967561271904,2.274975149014537,4645.619834710744
74.54545454545455,2.8484848484848486,4.255209843914656,2.254181190857145,4883.856749311295
78.18181818181819,2.8484848484848486,4.340706558675153,2.2337489306523817,5122.093663911846
81.81818181818181,2.8484848484848486,4.4274516622280204,2.2136737673782907,5360.330578512397
85.45454545454545,2.8484848484848486,4.515438823017559,2.193950877943598,5598.567493112948
89.0909090909091,2.8484848484848486,4.604661421492348,2.1745752259669984,5836.804407713499
92.72727272727272,2.8484848484848486,4.695112550428757,2.1555415713630914,6075.041322314049
96.36363636363636,2.8484848484848486,4.786785015342418,2.1368444807297466,6313.278236914601
100.0,2.8484848484848486,4.879671334988068,2.1184783385277743,6551.515151515152
103.63636363636363,2.8484848484848486,4.97376374194831,2.1004373590418037,6789.752066115701
107.27272727272728,2.8484848484848486,5.069054183311281,2.082715599106206,7027.988980716254
110.9090909090909,2.8484848484848486,5.165534321437136,2.065306971578502,7266.225895316805
114.54545454545455,2.8484848484848486,5.26319553481382,2.0482052595391838,7504.462809917356
118.18181818181819,2.8484848484848486,5.3620289190016255,2.031404131193824,7742.699724517907
121.81818181818181,2.8484848484848486,5.4620252876675295,2.014897155451588,7980.936639118458
125.45454545454545,2.8484848484848486,5.563175173707833,1.9986778181516451,8219.173553719009
129.0909090909091,2.8484848484848486,5.665468830460865,1.9827395389072986,8457.41046831956
132.72727272727272,2.8484848484848486,5.768896233007545,1.9670756885356706,8695.647382920111
136.36363636363637,2.8484848484848486,5.873447079561876,1.9516796070398388,8933.88429752066
140.0,2.8484848484848486,5.979110792949305,1.9365446221092555,9172.121212121212
143.63636363636363,2.8484848484848486,6.085876522174387,1.921664068103029,9410.358126721761
147.27272727272725,2.8484848484848486,6.193733144075907,1.9070313054811616,9648.595041322313
150.9090909090909,2.8484848484848486,6.302669265070451,1.8926397406478443,9886.831955922866
154.54545454545456,2.8484848484848486,6.412673222983838,1.8784828461714935,10125.068870523417
158.1818181818182,2.8484848484848486,6.523733088969443,1.864554181346896,10363.305785123968
161.8181818181818,2.8484848484848486,6.635836669514035,1.8508474130645667,10601.542699724518
165.45454545454544,2.8484848484848486,6.748971508529532,1.8373563369544081,10839.779614325069
169.0909090909091,2.8484848484848486,6.863124889531736,1.8240748987708526,11078.01652892562
172.72727272727272,2.8484848484848486,6.978283837903758,1.810997215988333,11316.253443526171
176.36363636363637,2.8484848484848486,7.094435123245476,1.7981175995769512,11554.490358126724
180.0,2.8484848484848486,7.2115652618069905,1.7854305759292741,11792.727272727274
183.63636363636363,2.8484848484848486,7.329660519006035,1.7729309089108023,12030.964187327823
187.27272727272725,2.8484848484848486,7.448706912029248,1.7606136220074506,12269.201101928375
190.9090909090909,2.8484848484848486,7.568690212515667,1.7484740205443061,12507.438016528924
194.54545454545453,2.8484848484848486,7.689595949322501,1.7365077139510743,12745.674931129477
198.1818181818182,2.8484848484848486,7.811409411371949,1.7247106380495743,12983.91184573003
201.8181818181818,2.8484848484848486,7.9341156505788,1.713079077339462,13222.14876033058
205.45454545454544,2.8484848484848486,8.057699484857716,1.7016096872572553,13460.385674931129
209.0909090909091,2.8484848484848486,8.182145501209135,1.6902995163838486,13698.62258953168
212.72727272727272,2.8484848484848486,8.307438058883587,1.679146028573802,13936.85950413223
216.36363636363635,2.8484848484848486,8.433561292623114,1.6681471249778228,14175.096418732783
220.0,2.8484848484848486,8.560499115978294,1.6573011659274375,14413.333333333336
223.63636363636363,2.8484848484848486,8.688235224701586,1.6466069926473303,14651.570247933885
227.27272727272728,2.8484848484848486,8.816753100213965,1.6360639487561432,14889.807162534436
230.9090909090909,2.8484848484848486,8.946036013145326,1.6256719015118581,15128.044077134986
234.54545454545453,2.8484848484848486,9.076067026947028,1.6154312627513947,15366.280991735537
238.1818181818182,2.8484848484848486,9.206829001575256,1.6053430094663999,15604.517906336088
241.8181818181818,2.8484848484848486,9.338304597244319,1.595408703949559,15842.754820936638
245.45454545454544,2.8484848484848486,9.470476278249835,1.5856305134354034,16080.99173553719
249.0909090909091,2.8484848484848486,9.603326316857707,1.5760112291493835,16319.228650137742
252.72727272727272,2.8484848484848486,9.73683679726127,1.566554284666502,16557.465564738293
256.3636363636364,2.8484848484848486,9.87098961960286,1.5572637734681583,16795.702479338845
260.0,2.8484848484848486,10.005766504059086,1.5481444655710896,17033.939393939396
263.6363636363636,2.8484848484848486,10.141148994989653,1.5392018230868036,17272.176308539943
267.27272727272725,2.8484848484848486,10.277118465146579,1.5304420145542037,17510.413223140495
270.9090909090909,2.8484848484848486,10.413656119944031,1.5218719278696715,17748.650137741046
274.5454545454545,2.8484848484848486,10.55074300178662,1.5134991816218102,17986.887052341597
278.1818181818182,2.8484848484848486,10.688359994454956,1.5053321346198956,18225.123966942152
281.8181818181818,2.8484848484848486,10.826487827546856,1.4973798933857203,18463.3608815427
285.45454545454544,2.8484848484848486,10.965107080973093,1.489652317361823,18701.59779614325
289.0909090909091,2.8484848484848486,11.104198189506192,1.4821600215715258,18939.834710743806
292.72727272727275,2.8484848484848486,11.24374144738028,1.4749143764499248,19178.071625344353
296.3636363636364,2.8484848484848486,11.383717012941265,1.4679275045527922,19416.308539944905
300.0,2.8484848484848486,11.524104913344727,1.4612122738387598,19654.545454545456
303.6363636363636,2.8484848484848486,11.664885049301649,1.4547822872130236,19892.782369146007
307.27272727272725,2.8484848484848486,11.806037199868268,1.44865186801964,20131.019283746555
310.9090909090909,2.8484848484848486,11.947541027280412,1.4428360411713892,20369.256198347106
314.5454545454545,2.8484848484848486,12.089376081829306,1.4373505096169785,20607.493112947657
318.1818181818182,2.8484848484848486,12.231521806778197,1.4322116258621038,20845.73002754821
321.8181818181818,2.8484848484848486,12.37395754331736,1.4274363582876184,21083.966942148763
325.45454545454544,2.8484848484848486,12.5166625355564,1.423042252042414,21322.20385674931
329.09090909090907,2.8484848484848486,12.659615935551766,1.4190473843351576,21560.440771349862
332.7272727272727,2.8484848484848486,12.802796808368297,1.4154703140045364,21798.67768595041
336.3636363636364,2.8484848484848486,12.946184137172118,1.4123300253151698,22036.914600550965
340.0,2.8484848484848486,13.08975682835446,1.4096458660041227,22275.151515151516
343.6363636363636,2.8484848484848486,13.233493716683336,1.407437479691418,22513.388429752067
347.27272727272725,2.8484848484848486,13.37737357048267,1.4057247328653752,22751.62534435262
350.9090909090909,2.8484848484848486,13.521375096835719,1.404527636759603,22989.862258953166
354.54545454545456,2.8484848484848486,13.665476946811776,1.4038662645491526,23228.09917355372
358.1818181818182,2.8484848484848486,13.809657720714952,1.403760664408669,23466.336088154272
361.8181818181818,2.8484848484848486,13.953895973351768,1.4042307690898055,23704.573002754823
365.45454545454544,2.8484848484848486,14.098170219316852,1.4052963027866179,23942.809917355375
369.09090909090907,2.8484848484848486,14.242458938294643,1.4069766861623605,24181.046831955922
372.7272727272727,2.8484848484848486,14.386740580375399,1.4092909405034513,24419.283746556473
376.3636363636364,2.8484848484848486,14.530993571382973,1.4122575920449698,24657.52066115703
380.0,2.8484848484848486,14.675196318214061,1.4158945775694693,24895.757575757576
383.6363636363636,2.8484848484848486,14.819327214184913,1.4202191524181065,25133.994490358127
387.27272727272725,2.8484848484848486,14.963364644386036,1.4252478020619481,25372.23140495868
390.9090909090909,2.8484848484848486,15.107286991040741,1.4309961583654114,25610.468319559226
394.54545454545456,2.8484848484848486,15.251072638868077,1.4374789216269963,25848.70523415978
398.1818181818182,2.8484848484848486,15.394699980445706,1.4447097894093175,26086.942148760332
401.8181818181818,2.8484848484848486,15.538147421573296,1.452701393068083,26325.17906336088
405.45454545454544,2.8484848484848486,15.68139338663283,1.461465242764407,26563.41597796143
409.09090909090907,2.8484848484848486,15.82441632394498,1.4710116815979275,26801.652892561986
412.7272727272727,2.8484848484848486,15.967194711119163,1.4813498493337671,27039.889807162534
416.3636363636364,2.8484848484848486,16.109707060395785,1.4924876560227516,27278.12672176309
420.0,2.8484848484848486,16.251931923978503,1.504431765632884,27516.36363636364
60.0,2.877777777777778,3.937271778738884,2.3493451191214607,3971.333333333334
63.63636363636363,2.877777777777778,4.018065910045821,2.327451985904604,4212.020202020203
67.27272727272727,2.877777777777778,4.100130378237917,2.3059322711737296,4452.707070707071
70.9090909090909,2.877777777777778,4.183459948561285,2.284782068101573,4693.39393939394
74.54545454545455,2.877777777777778,4.268049097862841,2.263997227645319,4934.080808080809
78.18181818181819,2.877777777777778,4.353892014577121,2.2435733650061915,5174.7676767676785
81.81818181818181,2.877777777777778,4.440982598801455,2.2235058668878858,5415.454545454546
85.45454545454545,2.877777777777778,4.529314462458091,2.203789899557811,5656.141414141414
89.0909090909091,2.877777777777778,4.618880929543847,2.184420417712156,5896.8282828282845
92.72727272727272,2.877777777777778,4.709675036468466,2.1653921741421924,6137.515151515152
96.36363636363636,2.877777777777778,4.801689532480215,2.146699730196037,6378.202020202021
100.0,2.877777777777778,4.8949168801814045,2.1283374670268214,6618.8888888888905
103.63636363636363,2.877777777777778,4.989349256131263,2.110299597614684,6859.575757575758
107.27272727272728,2.877777777777778,5.084978551538549,2.092580179547197,7100.262626262628
110.9090909090909,2.877777777777778,5.181796373042746,2.0751731285398067,7340.949494949496
114.54545454545455,2.877777777777778,5.279794043584592,2.0580722326745557,7581.636363636365
118.18181818181819,2.877777777777778,5.378962603365229,2.041271167333789,7822.323232323233
121.81818181818181,2.877777777777778,5.47929281089515,2.024763510801664,8063.010101010102
125.45454545454545,2.877777777777778,5.580775144131634,2.0085427605057844,8303.69696969697
129.0909090909091,2.877777777777778,5.683399801705456,1.9926023498678707,8544.38383838384
132.72727272727272,2.877777777777778,5.787156704236628,1.9769356657322095,8785.070707070709
136.36363636363637,2.877777777777778,5.89203549573871,1.9615360663379682,9025.757575757578
140.0,2.877777777777778,5.998025545112122,1.9463968998017573,9266.444444444447
143.63636363636363,2.877777777777778,6.105115947725393,1.9315115230753208,9507.131313131315
147.27272727272725,2.877777777777778,6.213295527085069,1.91687332134283,9747.818181818182
150.9090909090909,2.877777777777778,6.3225528365933785,1.902475727823065,9988.505050505051
154.54545454545456,2.877777777777778,6.432876161393253,1.8883122439406321,10229.191919191922
158.1818181818182,2.877777777777778,6.544253520301286,1.8743764598319428,10469.87878787879
161.8181818181818,2.877777777777778,6.656672667826779,1.8606620751517682,10710.565656565657
165.45454545454544,2.877777777777778,6.770121096277924,1.8471629201469104,10951.252525252525
169.0909090909091,2.877777777777778,6.884586037953575,1.8338729769651174,11191.939393939396
172.72727272727272,2.877777777777778,7.0000544674207426,1.8207864011678834,11432.626262626263
176.36363636363637,2.877777777777778,7.116513103877145,1.807897543417176,11673.313131313134
180.0,2.877777777777778,7.233948413598167,1.7952009713076216,11914.000000000002
183.63636363636363,2.877777777777778,7.352346612467576,1.7826914913163567,12154.686868686871
187.27272727272725,2.877777777777778,7.4716936685916915,1.770364170844111,12395.373737373739
190.9090909090909,2.877777777777778,7.591975304995614,1.7582143603221727,12636.060606060608
194.54545454545453,2.877777777777778,7.713177002402376,1.7462377153601156,12876.747474747475
198.1818181818182,2.877777777777778,7.835284002091899,1.7344302189103462,13117.434343434346
201.8181818181818,2.877777777777778,7.958281308841358,1.7227882034246762,13358.121212121214
205.45454545454544,2.877777777777778,8.082153693944846,1.711308372978885,13598.808080808081
209.0909090909091,2.877777777777778,8.206885698311227,1.6999878253393692,13839.494949494952
212.72727272727272,2.877777777777778,8.332461635640971,1.6888240739456735,14080.18181818182
216.36363636363635,2.877777777777778,8.458865595678628,1.6778150697795655,14320.868686868687
220.0,2.877777777777778,8.586081447542695,1.6669592230899566,14561.555555555558
223.63636363636363,2.877777777777778,8.714092843129556,1.6562554249378634,14802.242424242426
227.27272727272728,2.877777777777778,8.842883220591835,1.645703068523008,15042.929292929295
230.9090909090909,2.877777777777778,8.972435807890054,1.6353020702471937,15283.616161616163
234.54545454545453,2.877777777777778,9.102733626415871,1.6250528904636004,15524.303030303032
238.1818181818182,2.877777777777778,9.233759494686614,1.6149565538542274,15764.989898989901
241.8181818181818,2.877777777777778,9.365496032109164,1.6050146693692735,16005.676767676769
245.45454545454544,2.877777777777778,9.497925662812909,1.5952294496519335,16246.363636363636
249.0909090909091,2.877777777777778,9.631030619549941,1.5856037298627554,16487.050505050505
252.72727272727272,2.877777777777778,9.76479294766136,1.5761409858045574,16727.737373737375
256.3636363636364,2.877777777777778,9.899194509109009,1.566845351236844,16968.424242424244
260.0,2.877777777777778,10.034216986570565,1.5577216342536286,17209.111111111113
263.6363636363636,2.877777777777778,10.169841887596943,1.5487753325841058,17449.797979797982
267.27272727272725,2.877777777777778,10.306050548831681,1.5400126476590936,17690.48484848485
270.9090909090909,2.877777777777778,10.442824140288874,1.5314404972689064,17931.171717171717
274.5454545454545,2.877777777777778,10.58014366969077,1.5230665266214107,18171.858585858587
278.1818181818182,2.877777777777778,10.717989986861271,1.5148991175904367,18412.54545454546
281.8181818181818,2.877777777777778,10.856343788175778,1.506947395927427,18653.232323232325
285.45454545454544,2.877777777777778,10.995185621064932,1.499221236190955,18893.919191919194
289.0909090909091,2.877777777777778,11.134495888570928,1.4917312641332243,19134.606060606064
292.72727272727275,2.877777777777778,11.274254853955242,1.484488856266215,19375.292929292933
296.3636363636364,2.877777777777778,11.414442645355683,1.4775061363186275,19615.979797979802
300.0,2.877777777777778,11.555039260492011,1.4707959682831315,19856.66666666667
303.6363636363636,2.877777777777778,11.696024571417677,1.4643719457483704,20097.353535353537
307.27272727272725,2.877777777777778,11.837378329316817,1.45824837720726,20338.040404040406
310.9090909090909,2.877777777777778,11.979080169344694,1.4524402670372512,20578.727272727272
314.5454545454545,2.877777777777778,12.121109615509585,1.4469632918586444,20819.41414141414
318.1818181818182,2.877777777777778,12.26344608559522,1.4418337719938685,21060.101010101014
321.8181818181818,2.877777777777778,12.406068896121347,1.4370686377775341,21300.78787878788
325.45454545454544,2.877777777777778,12.548957267341269,1.4326853905017376,21541.47474747475
329.09090909090907,2.877777777777778,12.692090328274624,1.4287020578264737,21782.16161616162
332.7272727272727,2.877777777777778,12.835447121773237,1.4251371435409825,22022.848484848484
336.3636363636364,2.877777777777778,12.979006609619033,1.4220095716274872,22263.535353535357
340.0,2.877777777777778,13.122747677651846,1.4193386246565307,22504.222222222226
343.6363636363636,2.877777777777778,13.26664914092529,1.4171438766291402,22744.909090909092
347.27272727272725,2.877777777777778,13.41068974888912,1.4154451204777407,22985.59595959596
350.9090909090909,2.877777777777778,13.554848190596545,1.4142622905412905,23226.28282828283
354.54545454545456,2.877777777777778,13.699103099934447,1.413615380438838,23466.9696969697
358.1818181818182,2.877777777777778,13.843433060874014,1.413524356878354,23707.65656565657
361.8181818181818,2.877777777777778,13.98781661274197,1.4140090700505021,23948.343434343435
365.45454545454544,2.877777777777778,14.132232255508328,1.4150891613650365,24189.030303030304
369.09090909090907,2.877777777777778,14.276658455090143,1.4167839693906692,24429.717171717173
372.7272727272727,2.877777777777778,14.42107364866932,1.41911243494879,24670.40404040404
376.3636363636364,2.877777777777778,14.565456250022276,1.4220930063885397,24911.09090909091
380.0,2.877777777777778,14.709784654860002,1.4257435461269314,25151.77777777778
383.6363636363636,2.877777777777778,14.854037246176379,1.4300812395729865,25392.464646464647
387.27272727272725,2.877777777777778,14.998192399602956,1.4351225075647942,25633.151515151516
390.9090909090909,2.877777777777778,15.142228488768978,1.4408829234315872,25873.83838383838
394.54545454545456,2.877777777777778,15.286123890663367,1.447377135748088,26114.525252525254
398.1818181818182,2.877777777777778,15.42985699099855,1.4546187977760572,26355.212121212124
401.8181818181818,2.877777777777778,15.573406189572964,1.4626205044887526,26595.898989898993
405.45454545454544,2.877777777777778,15.71674990563106,1.4713937379515798,26836.58585858586
409.09090909090907,2.877777777777778,15.85986658321869,1.4809488216874032,27077.27272727273
412.7272727272727,2.877777777777778,16.002734696532134,1.4912948844964928,27317.9595959596
416.3636363636364,2.877777777777778,16.14533275525899,1.5024398340290595,27558.646464646466
420.0,2.877777777777778,16.287639309908755,1.5143903402321528,27799.333333333336
60.0,2.9070707070707074,3.9485147946357975,2.358768488434948,4011.757575757576
63.63636363636363,2.9070707070707074,4.029646144231062,2.3368944538687657,4254.894398530762
67.27272727272727,2.9070707070707074,4.11204725201044,2.3153933002337643,4498.031221303949
70.9090909090909,2.9070707070707074,4.19571282764125,2.2942610997826987,4741.168044077135
74.54545454545455,2.9070707070707074,4.280637292424653,2.273493683675891,4984.3048668503225
78.18181818181819,2.9070707070707074,4.366814779298011,2.2530866485452465,5227.441689623509
81.81818181818181,2.9070707070707074,4.454239132923774,2.2330353638538694,5470.578512396694
85.45454545454545,2.9070707070707074,4.54290390986664,2.213334980055111,5713.715335169882
89.0909090909091,2.9070707070707074,4.632802378857624,2.193980437551733,5956.852157943068
92.72727272727272,2.9070707070707074,4.723927521147049,2.174966476451176,6199.988980716254
96.36363636363636,2.9070707070707074,4.816272030945015,2.1562876471115047,6443.12580348944
100.0,2.9070707070707074,4.9098283159510006,2.137938321467969,6686.262626262626
103.63636363636363,2.9070707070707074,5.00458849797156,2.119912705127269,6929.399449035813
107.27272727272728,2.9070707070707074,5.100544413627596,2.1022048502135298,7172.536271809001
110.9090909090909,2.9070707070707074,5.197687615149959,2.084808668947542,7415.673094582186
114.54545454545455,2.9070707070707074,5.296009371264228,2.0677179479368775,7658.809917355372
118.18181818181819,2.9070707070707074,5.395500668164678,2.0509263631532244,7901.946740128559
121.81818181818181,2.9070707070707074,5.496152210577429,2.034427495569959,8145.083562901745
125.45454545454545,2.9070707070707074,5.597954422912016,2.0182148474316137,8388.220385674931
129.0909090909091,2.9070707070707074,5.7008974505030245,2.0022818591241682,8631.357208448118
132.72727272727272,2.9070707070707074,5.804971160939228,1.9866219266149072,8874.494031221304
136.36363636363637,2.9070707070707074,5.910165145482829,1.9712284194278897,9117.630853994491
140.0,2.9070707070707074,6.016468720576135,1.9560946991212071,9360.767676767677
143.63636363636363,2.9070707070707074,6.123870929437701,1.9412141382309853,9603.904499540864
147.27272727272725,2.9070707070707074,6.23236054374534,1.9265801396471323,9847.04132231405
150.9090909090909,2.9070707070707074,6.3419260654080025,1.912186156385436,10090.178145087237
154.54545454545456,2.9070707070707074,6.452555728424844,1.8980257117210446,10333.314967860424
158.1818181818182,2.9070707070707074,6.564237500831231,1.8840924196486226,10576.45179063361
161.8181818181818,2.9070707070707074,6.676959086731898,1.870380005635526,10819.588613406795
165.45454545454544,2.9070707070707074,6.790707928420408,1.8568823276347721,11062.72543617998
169.0909090909091,2.9070707070707074,6.9054712085840855,1.8435933973255556,11305.86225895317
172.72727272727272,2.9070707070707074,7.02123585259511,1.830507401550752,11548.999081726355
176.36363636363637,2.9070707070707074,7.137988530886003,1.817618723921406,11792.135904499544
180.0,2.9070707070707074,7.255715661409387,1.8049219665595897,12035.27272727273
183.63636363636363,2.9070707070707074,7.374403412181994,1.7924119719524305,12278.409550045915
187.27272727272725,2.9070707070707074,7.494037703911075,1.7800838448905585,12521.5463728191
190.9090909090909,2.9070707070707074,7.6146042127038545,1.7679329744659786,12764.683195592286
194.54545454545453,2.9070707070707074,7.736088372858317,1.755955056104091,13007.820018365472
198.1818181818182,2.9070707070707074,7.8584753797353235,1.7441461136060201,13250.95684113866
201.8181818181818,2.9070707070707074,7.981750192710482,1.7325025211763232,13494.093663911846
205.45454545454544,2.9070707070707074,8.105897538205992,1.7210210254119245,13737.230486685032
209.0909090909091,2.9070707070707074,8.230901912800483,1.7096987672266493,13980.367309458221
212.72727272727272,2.9070707070707074,8.356747586417281,1.6985333036841321,14223.504132231406
216.36363636363635,2.9070707070707074,8.483418605588678,1.6875226297106976,14466.640955004592
220.0,2.9070707070707074,8.610898796796862,1.676665199656147,14709.777777777781
223.63636363636363,2.9070707070707074,8.73917176988881,1.6659599486674672,14952.914600550966
227.27272727272728,2.9070707070707074,8.868220921566389,1.6554063138361208,15196.051423324152
230.9090909090909,2.9070707070707074,8.998029438947821,1.6450042550737323,15439.188246097337
234.54545454545453,2.9070707070707074,9.128580303202158,1.6347542756659845,15682.325068870523
238.1818181818182,2.9070707070707074,9.259856293253966,1.6246574424457836,15925.461891643712
241.8181818181818,2.9070707070707074,9.391839989557521,1.6147154055195534,16168.598714416898
245.45454545454544,2.9070707070707074,9.524513777939562,1.6049304174707042,16411.73553719008
249.0909090909091,2.9070707070707074,9.65785985350949,1.595305351953762,16654.872359963272
252.72727272727272,2.9070707070707074,9.79186022463512,1.5858437215804877,16898.009182736456
256.3636363636364,2.9070707070707074,9.926496716983841,1.5765496949874735,17141.146005509647
260.0,2.9070707070707074,10.061750977626792,1.5674281129593375,17384.28282828283
263.6363636363636,2.9070707070707074,10.197604479205484,1.5584845034681023,17627.419651056018
267.27272727272725,2.9070707070707074,10.33403852415937,1.549725095472023,17870.5564738292
270.9090909090909,2.9070707070707074,10.471034249012861,1.5411568313015391,18113.69329660239
274.5454545454545,2.9070707070707074,10.608572628720696,1.5327873774422967,18356.830119375572
278.1818181818182,2.9070707070707074,10.746634481069853,1.524625133507591,18599.966942148763
281.8181818181818,2.9070707070707074,10.885200471137013,1.5166792391752928,18843.103764921947
285.45454545454544,2.9070707070707074,11.024251115799812,1.508959578847337,19086.240587695134
289.0909090909091,2.9070707070707074,11.163766788300721,1.5014767837733376,19329.377410468325
292.72727272727275,2.9070707070707074,11.303727722861558,1.494242231366051,19572.51423324151
296.3636363636364,2.9070707070707074,11.444114019347627,1.4872680414226602,19815.651056014696
300.0,2.9070707070707074,11.584905647979818,1.4805670689576471,20058.78787878788
303.6363636363636,2.9070707070707074,11.726082454092822,1.474152893346074,20301.924701561067
307.27272727272725,2.9070707070707074,11.867624162938098,1.46803980347473,20545.061524334254
310.9090909090909,2.9070707070707074,12.00951038453016,1.462242778603278,20788.198347107438
314.5454545454545,2.9070707070707074,12.151720618534327,1.4567774646471217,21031.335169880625
318.1818181818182,2.9070707070707074,12.294234259194027,1.45166014561192,21274.471992653813
321.8181818181818,2.9070707070707074,12.437030600297103,1.4469077099358043,21517.608815427
325.45454545454544,2.9070707070707074,12.580088840177499,1.4425376115299098,21760.745638200184
329.09090909090907,2.9070707070707074,12.723388086753147,1.4385678253532583,22003.88246097337
332.7272727272727,2.9070707070707074,12.866907362595812,1.4350167974123378,22247.019283746555
336.3636363636364,2.9070707070707074,13.010625610033278,1.4319033891419024,22490.156106519746
340.0,2.9070707070707074,13.154521696280753,1.4292468161984426,22733.292929292933
343.6363636363636,2.9070707070707074,13.298574418600385,1.4270665817837747,22976.429752066117
347.27272727272725,2.9070707070707074,13.442762509486785,1.4253824047101327,23219.566574839304
350.9090909090909,2.9070707070707074,13.587064641877681,1.4242141425200703,23462.703397612488
354.54545454545456,2.9070707070707074,13.731459434386107,1.4235817100810249,23705.84022038568
358.1818181818182,2.9070707070707074,13.875925456554548,1.423504994185036,23948.977043158862
361.8181818181818,2.9070707070707074,14.02044123412742,1.424003764793384,24192.11386593205
365.45454545454544,2.9070707070707074,14.164985254341179,1.4250975836729292,24435.250688705233
369.09090909090907,2.9070707070707074,14.309535971229785,1.4268057112706487,24678.38751147842
372.7272727272727,2.9070707070707074,14.454071810943692,1.4291470127611734,24921.524334251608
376.3636363636364,2.9070707070707074,14.598571177080903,1.4321398642768666,25164.6611570248
380.0,2.9070707070707074,14.743012456027593,1.4358020603852089,25407.797979797982
383.6363636363636,2.9070707070707074,14.887374022307164,1.4401507239128204,25650.93480257117
387.27272727272725,2.9070707070707074,15.031634243935422,1.445202219225064,25894.071625344353
390.9090909090909,2.9070707070707074,15.17577148778043,1.4509720700540454,26137.20844811754
394.54545454545456,2.9070707070707074,15.319764124924529,1.4574748829243747,26380.34527089073
398.1818181818182,2.9070707070707074,15.463590536027517,1.464724277155238,26623.482093663915
401.8181818181818,2.9070707070707074,15.607229116688504,1.4727328223212648,26866.618916437103
405.45454545454544,2.9070707070707074,15.75065828280481,1.4815119839345572,27109.75573921029
409.09090909090907,2.9070707070707074,15.893856475926183,1.4910720779700783,27352.892561983474
412.7272727272727,2.9070707070707074,16.03680216860227,1.5014222347006851,27596.02938475666
416.3636363636364,2.9070707070707074,16.179473869721537,1.512570372140626,27839.166207529845
420.0,2.9070707070707074,16.321850129840282,1.5245231792242535,28082.303030303032
60.0,2.9363636363636365,3.9595875391643336,2.3678409983883655,4052.1818181818185
63.63636363636363,2.9363636363636365,4.041044780963176,2.3459939482252223,4297.768595041322
67.27272727272727,2.9363636363636365,4.123771116857433,2.324519373909892,4543.355371900827
70.9090909090909,2.9363636363636365,4.207761202017989,2.3034133224168625,4788.94214876033
74.54545454545455,2.9363636363636365,4.293009403305622,2.282671600533953,5034.528925619835
78.18181818181819,2.9363636363636365,4.379509799287328,2.2622897815361043,5280.115702479339
81.81818181818181,2.9363636363636365,4.46725618034034,2.24226321265333,5525.702479338843
85.45454545454545,2.9363636363636365,4.556242048843029,2.222587023335093,5771.289256198347
89.0909090909091,2.9363636363636365,4.646460619454017,2.2032561343113786,6016.8760330578525
92.72727272727272,2.9363636363636365,4.737904819479194,2.184265267446238,6262.462809917354
96.36363636363636,2.9363636363636365,4.830567289326782,2.165608956377529,6508.0495867768595
100.0,2.9363636363636365,4.9244403830510395,2.1472815579316373,6753.636363636363
103.63636363636363,2.9363636363636365,5.019516168984886,2.129277264301063,6999.2231404958675
107.27272727272728,2.9363636363636365,5.115786430460802,2.1115901159672545,7244.809917355372
110.9090909090909,2.9363636363636365,5.213242666621334,2.094214015349875,7490.396694214876
114.54545454545455,2.9363636363636365,5.311876093317714,2.077142741160554,7735.983471074381
118.18181818181819,2.9363636363636365,5.411677644098314,2.0603699634360733,7981.570247933885
121.81818181818181,2.9363636363636365,5.512637971285692,2.043889259224247,8227.157024793389
125.45454545454545,2.9363636363636365,5.614747447142564,2.027694128893712,8472.743801652894
129.0909090909091,2.9363636363636365,5.71799616512715,2.01177801303658,8718.330578512398
132.72727272727272,2.9363636363636365,5.822373941236682,1.9961343099319733,8963.917355371901
136.36363636363637,2.9363636363636365,5.9278703154401615,1.9807563935370271,9209.504132231406
140.0,2.9363636363636365,6.034474553199065,1.9656376319707893,9455.09090909091
143.63636363636363,2.9363636363636365,6.142175647077234,1.9507714064566046,9700.677685950413
147.27272727272725,2.9363636363636365,6.250962318437404,1.9361511306874382,9946.264462809915
150.9090909090909,2.9363636363636365,6.360823019227046,1.9217702705788953,10191.851239669422
154.54545454545456,2.9363636363636365,6.471745933850302,1.9076223643753334,10437.438016528928
158.1818181818182,2.9363636363636365,6.5837189811278645,1.893701043074129,10683.024793388431
161.8181818181818,2.9363636363636365,6.696729816343209,1.8800000511346522,10928.611570247933
165.45454545454544,2.9363636363636365,6.81076583337501,1.8665132674385854,11174.198347107438
169.0909090909091,2.9363636363636365,6.925814166915551,1.8532347264702258,11419.785123966942
172.72727272727272,2.9363636363636365,7.041861694774429,1.8401586396853888,11665.371900826445
176.36363636363637,2.9363636363636365,7.158895040266863,1.8272794170395719,11910.958677685952
180.0,2.9363636363636365,7.276900574686181,1.8145916886470452,12156.545454545456
183.63636363636363,2.9363636363636365,7.39586441986023,1.8020903265429904,12402.132231404958
187.27272727272725,2.9363636363636365,7.515772450790464,1.7897704665231027,12647.719008264461
190.9090909090909,2.9363636363636365,7.636610298373183,1.7776275300347435,12893.305785123968
194.54545454545453,2.9363636363636365,7.758363352202927,1.7656572460949949,13138.892561983472
198.1818181818182,2.9363636363636365,7.881016763455993,1.7538556732114978,13384.479338842975
201.8181818181818,2.9363636363636365,8.004555447854548,1.7422192212813843,13630.066115702479
205.45454545454544,2.9363636363636365,8.128964088709886,1.7307446734437841,13875.652892561982
209.0909090909091,2.9363636363636365,8.25422714004374,1.7194292078603786,14121.23966942149
212.72727272727272,2.9363636363636365,8.380328829787796,1.7082704193966087,14366.826446280993
216.36363636363635,2.9363636363636365,8.507253163059103,1.697266341175149,14612.413223140496
220.0,2.9363636363636365,8.63498392551191,1.6864154659692103,14858.0
223.63636363636363,2.9363636363636365,8.76350468676367,1.6757167674005997,15103.586776859504
227.27272727272728,2.9363636363636365,8.89279880389477,1.6651697209031022,15349.17355371901
230.9090909090909,2.9363636363636365,9.022849425021583,1.6547743244061184,15594.760330578514
234.54545454545453,2.9363636363636365,9.153639492940126,1.6445311186873666,15840.347107438018
238.1818181818182,2.9363636363636365,9.285151748841184,1.6344412073368524,16085.933884297521
241.8181818181818,2.9363636363636365,9.417368736094293,1.6245062762650162,16331.520661157025
245.45454545454544,2.9363636363636365,9.550272804099972,1.6147286126796365,16577.10743801653
249.0909090909091,2.9363636363636365,9.683846112209197,1.6051111234449027,16822.694214876035
252.72727272727272,2.9363636363636365,9.81807063370861,1.595657352724777,17068.280991735537
256.3636363636364,2.9363636363636365,9.952928159870291,1.5863714987999045,17313.867768595042
260.0,2.9363636363636365,10.088400304064761,1.5772584299336048,17559.454545454548
263.6363636363636,2.9363636363636365,10.224468505936292,1.5683236991479426,17805.04132231405
267.27272727272725,2.9363636363636365,10.361114035638417,1.559573557754785,18050.628099173555
270.9090909090909,2.9363636363636365,10.498317998129355,1.5510149674704692,18296.214876033056
274.5454545454545,2.9363636363636365,10.636061337524952,1.5426556109264637,18541.801652892562
278.1818181818182,2.9363636363636365,10.774324841508257,1.534503900370258,18787.388429752067
281.8181818181818,2.9363636363636365,10.913089145794313,1.526568984334189,19032.975206611573
285.45454545454544,2.9363636363636365,11.052334738648758,1.5188607520335462,19278.561983471074
289.0909090909091,2.9363636363636365,11.19204196545813,1.5113898352390358,19524.148760330583
292.72727272727275,2.9363636363636365,11.332191033351407,1.504167607354995,19769.735537190085
296.3636363636364,2.9363636363636365,11.472762015870458,1.4972061794224374,20015.32231404959
300.0,2.9363636363636365,11.613734857688138,1.4905183927572125,20260.909090909092
303.6363636363636,2.9363636363636365,11.755089379372553,1.4841178079274566,20506.495867768597
307.27272727272725,2.9363636363636365,11.896805282195551,1.4780186897740926,20752.0826446281
310.9090909090909,2.9363636363636365,12.038862152984647,1.472235988181795,20997.6694214876
314.5454545454545,2.9363636363636365,12.181239469015528,1.4667853143190277,21243.256198347106
318.1818181818182,2.9363636363636365,12.323916602944651,1.4616829120832782,21488.842975206615
321.8181818181818,2.9363636363636365,12.466872827779667,1.456945624513543,21734.429752066117
325.45454545454544,2.9363636363636365,12.610087321886198,1.4525908549669724,21980.01652892562
329.09090909090907,2.9363636363636365,12.753539174029152,1.4486365229006672,22225.603305785124
332.7272727272727,2.9363636363636365,12.89720738844689,1.4451010141544811,22471.190082644625
336.3636363636364,2.9363636363636365,13.041070889956638,1.4420031256938937,22716.776859504134
340.0,2.9363636363636365,13.185108529089433,1.4393620048479432,22962.363636363636
343.6363636363636,2.9363636363636365,13.329299087252659,1.4371970831595744,23207.95041322314
347.27272727272725,2.9363636363636365,13.473621281918483,1.435528005059413,23453.537190082643
350.9090909090909,2.9363636363636365,13.618053771836717,1.434374551672744,23699.123966942152
354.54545454545456,2.9363636363636365,13.76257516226964,1.4337565601745434,23944.710743801654
358.1818181818182,2.9363636363636365,13.907164010247822,1.4336938392153549,24190.29752066116
361.8181818181818,2.9363636363636365,14.0517988298447,1.4342060810472608,24435.88429752066
365.45454545454544,2.9363636363636365,14.196458097467824,1.4353127710850342,24681.471074380166
369.09090909090907,2.9363636363636365,14.341120257165727,1.437033095733367,24927.057851239668
372.7272727272727,2.9363636363636365,14.485763725947718,1.4393858493988203,25172.644628099173
376.3636363636364,2.9363636363636365,14.630366899115664,1.4423893416776001,25418.231404958682
380.0,2.9363636363636365,14.774908155605061,1.4460613057642406,25663.818181818184
383.6363636363636,2.9363636363636365,14.919365863334173,1.450418809160935,25909.404958677685
387.27272727272725,2.9363636363636365,15.06371838455919,1.4554781677759248,26154.991735537187
390.9090909090909,2.9363636363636365,15.207944081233396,1.461254864485211,26400.578512396693
394.54545454545456,2.9363636363636365,15.352021320368898,1.4677634731885683,26646.1652892562
398.1818181818182,2.9363636363636365,15.49592847939865,1.4750175893232174,26891.752066115703
401.8181818181818,2.9363636363636365,15.639643951537224,1.4830297677047455,27137.33884297521
405.45454545454544,2.9363636363636365,15.783146151138158,1.4918114684477348,27382.92561983471
409.09090909090907,2.9363636363636365,15.926413519046749,1.5013730115828525,27628.512396694216
412.7272727272727,2.9363636363636365,16.069424527945102,1.5117235408340879,27874.09917355372
416.3636363636364,2.9363636363636365,16.212157687689412,1.5228709968575609,28119.685950413223
420.0,2.9363636363636365,16.35459155063574,1.534822100073996,28365.272727272728
60.0,2.965656565656566,3.9705260231002217,2.376563919922242,4092.6060606060614
63.63636363636363,2.965656565656566,4.052297813302751,2.3547517039351367,4340.642791551883
67.27272727272727,2.965656565656566,4.13533794663436,2.3333116867082753,4588.679522497705
70.9090909090909,2.965656565656566,4.219641024857379,2.3122398855286654,4836.7162534435265
74.54545454545455,2.965656565656566,4.305201361502886,2.291532078192663,5084.752984389349
78.18181818181819,2.965656565656566,4.392012981900796,2.2711838097961303,5332.7897153351705
81.81818181818181,2.965656565656566,4.480069623298666,2.2511904003173306,5580.826446280993
85.45454545454545,2.965656565656566,4.569364735066508,2.2315469529945196,5828.8631772268145
89.0909090909091,2.965656565656566,4.65989147899045,2.212248363497286,6076.899908172636
92.72727272727272,2.965656565656566,4.751642729653511,2.193289329887426,6324.936639118458
96.36363636363636,2.965656565656566,4.844611074905379,2.1746643633618303,6572.973370064279
100.0,2.965656565656566,4.938788816420187,2.156367799766193,6821.010101010102
103.63636363636363,2.965656565656566,5.03416797034302,2.138393811866024,7069.046831955923
107.27272727272728,2.965656565656566,5.1307402680254794,2.1207364223575595,7317.0835629017465
110.9090909090909,2.965656565656566,5.228497156849496,2.103389517598871,7565.120293847568
114.54545454545455,2.965656565656566,5.327429801140765,2.0863468620386914,7813.15702479339
118.18181818181819,2.965656565656566,5.427529083170641,2.0696021133174765,8061.193755739211
121.81818181818181,2.965656565656566,5.528785604247444,2.0531488380138896,8309.230486685034
125.45454545454545,2.965656565656566,5.6311896858960075,2.036980528007021,8557.267217630855
129.0909090909091,2.965656565656566,5.734731371126999,2.021090617423553,8805.303948576677
132.72727272727272,2.965656565656566,5.839400425794151,2.0054725001370897,9053.340679522498
136.36363636363637,2.965656565656566,5.945186340040553,1.9901195477864726,9301.377410468322
140.0,2.965656565656566,6.052078329833213,1.9750251282783042,9549.414141414143
143.63636363636363,2.965656565656566,6.160065338585607,1.960182624738689,9797.450872359965
147.27272727272725,2.965656565656566,6.269136038868789,1.9455854548791511,10045.487603305786
150.9090909090909,2.965656565656566,6.37927883420943,1.9312270907412101,10293.52433425161
154.54545454545456,2.965656565656566,6.490481860975584,1.9171010787849572,10541.561065197431
158.1818181818182,2.965656565656566,6.602732990349361,1.9032010602866185,10789.597796143253
161.8181818181818,2.965656565656566,6.716019830386212,1.8895207920120778,11037.634527089074
165.45454545454544,2.965656565656566,6.8303297281601365,1.8760541671328803,11285.671258034894
169.0909090909091,2.965656565656566,6.945649771994863,1.8627952363531126,11533.707988980717
172.72727272727272,2.965656565656566,7.061966793780043,1.8497382292163842,11781.744719926539
176.36363636363637,2.965656565656566,7.179267371372008,1.8368775755635758,12029.78145087236
180.0,2.965656565656566,7.297537831078804,1.8242079271124363,12277.818181818184
183.63636363636363,2.965656565656566,7.4167642502286135,1.8117241791326217,12525.854912764005
187.27272727272725,2.965656565656566,7.536932459820687,1.7994214921890086,12773.891643709827
190.9090909090909,2.965656565656566,7.658028047258945,1.7872953139287457,13021.928374655648
194.54545454545453,2.965656565656566,7.780036359166683,1.7753414008868684,13269.96510560147
198.1818181818182,2.965656565656566,7.902942504281787,1.7635558402863223,13518.001836547295
201.8181818181818,2.965656565656566,8.026731356432371,1.751935071807957,13766.038567493113
205.45454545454544,2.965656565656566,8.151387557591109,1.7404759093057622,14014.075298438935
209.0909090909091,2.965656565656566,8.276895521007738,1.7291755624418703,14262.11202938476
212.72727272727272,2.965656565656566,8.403239434419476,1.718031658214068,14510.14876033058
216.36363636363635,2.965656565656566,8.530403263337064,1.7070422623466575,14758.185491276401
220.0,2.965656565656566,8.658370754407288,1.6962059005131036,15006.222222222224
223.63636363636363,2.965656565656566,8.787125438848891,1.6855215793547207,15254.258953168046
227.27272727272728,2.965656565656566,8.916650635963336,1.6749888072558807,15502.29568411387
230.9090909090909,2.965656565656566,9.04692945671685,1.6646076148309121,15750.33241505969
234.54545454545453,2.965656565656566,9.177944807394425,1.6543785750713627,15998.369146005512
238.1818181818182,2.965656565656566,9.309679393324563,1.6443028230958514,16246.405876951334
241.8181818181818,2.965656565656566,9.442115722672046,1.634382075435452,16494.442607897156
245.45454545454544,2.965656565656566,9.575236110300116,1.6246186487796304,16742.47933884298
249.0909090909091,2.965656565656566,9.709022681698212,1.6150154780963937,16990.5160697888
252.72727272727272,2.965656565656566,9.843457376976266,1.6055761340290289,17238.552800734622
256.3636363636364,2.965656565656566,9.978521954922822,1.5963048394596733,17486.58953168044
260.0,2.965656565656566,10.114197997126567,1.5872064851160133,17734.626262626265
263.6363636363636,2.965656565656566,10.250466912159283,1.5782866440831071,17982.662993572085
267.27272727272725,2.965656565656566,10.387309939819747,1.569551585066681,18230.699724517908
270.9090909090909,2.965656565656566,10.524708155436267,1.5610082842384378,18478.73645546373
274.5454545454545,2.965656565656566,10.662642474227113,1.5526644354774053,18726.773186409548
278.1818181818182,2.965656565656566,10.801093655717649,1.544528458804239,18974.809917355375
281.8181818181818,2.965656565656566,10.940042308211357,1.5366095067892296,19222.846648301194
285.45454545454544,2.965656565656566,11.079468893315605,1.5289174686981177,19470.883379247018
289.0909090909091,2.965656565656566,11.21935373051824,1.521462972124968,19718.92011019284
292.72727272727275,2.965656565656566,11.359677001815133,1.5142573818474,19966.956841138664
296.3636363636364,2.965656565656566,11.500418756386875,1.5073127956281394,20214.993572084484
300.0,2.965656565656566,11.641558915322344,1.5006420366779945,20463.030303030308
303.6363636363636,2.965656565656566,11.783077276388376,1.4942586424901783,20711.067033976127
307.27272727272725,2.965656565656566,11.924953518843688,1.48817684975507,20959.103764921947
310.9090909090909,2.965656565656566,12.06716720829531,1.4824115750696318,21207.14049586777
314.5454545454545,2.965656565656566,12.209697801596265,1.4769783911654664,21455.17722681359
318.1818181818182,2.965656565656566,12.352524651782232,1.4718934983984382,21703.213957759417
321.8181818181818,2.965656565656566,12.495627013046327,1.4671736912674902,21951.250688705237
325.45454545454544,2.965656565656566,12.638984045749595,1.462836319765595,22199.28741965106
329.09090909090907,2.965656565656566,12.782574821466074,1.4588992454086405,22447.32415059688
332.7272727272727,2.965656565656566,12.926378328060357,1.4553807918423478,22695.3608815427
336.3636363636364,2.965656565656566,13.070373474796238,1.452299689989752,22943.397612488523
340.0,2.965656565656566,13.214539097474209,1.4496750177750894,23191.434343434346
343.6363636363636,2.965656565656566,13.358853963596932,1.447526134542953,23439.47107438017
347.27272727272725,2.965656565656566,13.503296777559768,1.4458726103804482,23687.507805325986
350.9090909090909,2.965656565656566,13.647846185865767,1.4447341506494964,23935.54453627181
354.54545454545456,2.965656565656566,13.792480782362308,1.4441305161371791,24183.581267217636
358.1818181818182,2.965656565656566,13.937179113498638,1.444081439338569,24431.617998163456
361.8181818181818,2.965656565656566,14.081919683601264,1.4446065374907895,24679.65472910928
365.45454545454544,2.965656565656566,14.226680960166746,1.4457252230793094,24927.691460055103
369.09090909090907,2.965656565656566,14.371441379168788,1.4474566126324064,25175.72819100092
372.7272727272727,2.965656565656566,14.516179350379124,1.4498194347052813,25423.76492194674
376.3636363636364,2.965656565656566,14.660873262698855,1.4528319380253474,25671.801652892565
380.0,2.965656565656566,14.805501489499914,1.4565118008247901,25919.83838383839
383.6363636363636,2.965656565656566,14.950042393973675,1.4608760424190939,26167.87511478421
387.27272727272725,2.965656565656566,15.094474334485689,1.465940938100643,26415.911845730032
390.9090909090909,2.965656565656566,15.238775669933876,1.471721938402065,26663.948576675855
394.54545454545456,2.965656565656566,15.382924765109308,1.4782335937430358,26911.985307621675
398.1818181818182,2.965656565656566,15.526899996056652,1.485489485409005,27160.0220385675
401.8181818181818,2.965656565656566,15.670679755433436,1.4935021637186894,27408.058769513318
405.45454545454544,2.965656565656566,15.814242457865731,1.5022830941245415,27656.09550045914
409.09090909090907,2.965656565656566,15.957566545298228,1.5118426118576007,27904.13223140496
412.7272727272727,2.965656565656566,16.100630492337608,1.5221898855795173,28152.168962350785
416.3636363636364,2.965656565656566,16.243412811586584,1.5333328903461203,28400.205693296608
420.0,2.965656565656566,16.385892058967265,1.545278390021712,28648.242424242428
60.0,2.9949494949494953,3.981367158726467,2.384938637412078,4133.030303030304
63.63636363636363,2.9949494949494953,4.063442141478202,2.3631690571150212,4383.516988062443
67.27272727272727,2.9949494949494953,4.146784628010211,2.341771521957428,4634.003673094582
70.9090909090909,2.9949494949494953,4.231389167769468,2.320742015079492,4884.490358126723
74.54545454545455,2.9949494949494953,4.317250022072835,2.300076280625104,5134.977043158862
78.18181818181819,2.9949494949494953,4.404361164152074,2.2797698306549656,5385.463728191002
81.81818181818181,2.9949494949494953,4.4927162792860535,2.2598179528515594,5635.950413223141
85.45454545454545,2.9949494949494953,4.58230876502013,2.240215719017737,5886.437098255281
89.0909090909091,2.9949494949494953,4.673131731473362,2.2209579943672164,6136.92378328742
92.72727272727272,2.9949494949494953,4.765178001734065,2.2020394476016136,6387.41046831956
96.36363636363636,2.9949494949494953,4.8584401123430645,2.1834545617664904,6637.8971533517
100.0,2.9949494949494953,4.952910313865521,2.165197645874042,6888.383838383839
103.63636363636363,2.9949494949494953,5.048580571551744,2.147262847278324,7138.870523415978
107.27272727272728,2.9949494949494953,5.145442566085985,2.1296441647854376,7389.357208448119
110.9090909090909,2.9949494949494953,5.24348769442512,2.112335462477655,7639.843893480257
114.54545454545455,2.9949494949494953,5.342707070724864,2.0953304842289513,7890.330578512398
118.18181818181819,2.9949494949494953,5.443091527356096,2.078622868885865,8140.817263544537
121.81818181818181,2.9949494949494953,5.544631616009498,2.0622061660865323,8391.303948576677
125.45454545454545,2.9949494949494953,5.647317608888891,2.046073852687036,8641.790633608816
129.0909090909091,2.9949494949494953,5.7511394999941645,2.03021934976504,8892.277318640956
132.72727272727272,2.9949494949494953,5.856087006491611,2.0146360401667986,9142.764003673095
136.36363636363637,2.9949494949494953,5.962149570173863,1.9993172865642366,9393.250688705237
140.0,2.9949494949494953,6.0693163590077805,1.9842564499871342,9643.737373737375
143.63636363636363,2.9949494949494953,6.177576268770206,1.969446908795538,9894.224058769512
147.27272727272725,2.9949494949494953,6.286917924771845,1.9548820780564693,10144.710743801654
150.9090909090909,2.9949494949494953,6.397329683668715,1.9405554292902265,10395.197428833793
154.54545454545456,2.9949494949494953,6.508799635360424,1.9264605105506927,10645.684113865933
158.1818181818182,2.9949494949494953,6.621315604975859,1.9125909668054706,10896.170798898074
161.8181818181818,2.9949494949494953,6.734865154944911,1.8989405605819039,11146.657483930212
165.45454545454544,2.9949494949494953,6.849435587156548,1.8855031928464103,11397.14416896235
169.0909090909091,2.9949494949494953,6.965013945201967,1.8722729240847753,11647.630853994491
172.72727272727272,2.9949494949494953,7.081587016703143,1.8592439955533804,11898.11753902663
176.36363636363637,2.9949494949494953,7.199141335726163,1.8464108506717112,12148.604224058772
180.0,2.9949494949494953,7.317663185277585,1.8337681565273973,12399.09090909091
183.63636363636363,2.9949494949494953,7.437138599885036,1.8213108254671486,12649.57759412305
187.27272727272725,2.9949494949494953,7.557553368259861,1.8090340367474635,12900.064279155189
190.9090909090909,2.9949494949494953,7.6788930360421865,1.7969332582193918,13150.550964187329
194.54545454545453,2.9949494949494953,7.801142908626746,1.785004268022877,13401.037649219468
198.1818181818182,2.9949494949494953,7.924288054069947,1.7732431762669065,13651.52433425161
201.8181818181818,2.9949494949494953,8.04831330607577,1.7616464466701158,13902.01101928375
205.45454545454544,2.9949494949494953,8.173203267061607,1.750210918138097,14152.497704315885
209.0909090909091,2.9949494949494953,8.29894231130101,1.738933826251358,14402.984389348028
212.72727272727272,2.9949494949494953,8.42551458814476,1.7278128246367133,14653.471074380166
216.36363636363635,2.9949494949494953,8.552904025317526,1.7168460061933157,14903.957759412306
220.0,2.9949494949494953,8.681094332289979,1.7060319241412687,15154.444444444445
223.63636363636363,2.9949494949494953,8.810069003725108,1.695369612857358,15404.931129476585
227.27272727272728,2.9949494949494953,8.939811322998569,1.6848586084584694,15655.417814508724
230.9090909090909,2.9949494949494953,9.070304365790184,1.6744989690875065,15905.904499540864
234.54545454545453,2.9949494949494953,9.201531003747618,1.6642912948511432,16156.391184573004
238.1818181818182,2.9949494949494953,9.333473908219855,1.654236747351264,16406.877869605145
241.8181818181818,2.9949494949494953,9.46611555405917,1.6443370687437073,16657.364554637283
245.45454545454544,2.9949494949494953,9.599438223491939,1.6345946002493903,16907.85123966942
249.0909090909091,2.9949494949494953,9.733424010054984,1.625012300031924,17158.337924701562
252.72727272727272,2.9949494949494953,9.868054822598099,1.615593760344993,17408.8246097337
256.3636363636364,2.9949494949494953,10.003312389350318,1.6063432238405242,17659.311294765845
260.0,2.9949494949494953,10.139178262049022,1.5972655989145368,17909.797979797982
263.6363636363636,2.9949494949494953,10.275633820130928,1.5883664739544805,18160.28466483012
267.27272727272725,2.9949494949494953,10.412660274983008,1.5796521303355837,18410.77134986226
270.9090909090909,2.9949494949494953,10.550238674252485,1.571129553999167,18661.258034894396
274.5454545454545,2.9949494949494953,10.688349906214007,1.562806445428422,18911.744719926537
278.1818181818182,2.9949494949494953,10.826974704193383,1.5546912278217608,19162.23140495868
281.8181818181818,2.9949494949494953,10.96609365104545,1.5467930532472691,19412.71808999082
285.45454545454544,2.9949494949494953,11.105687183685546,1.5391218065459134,19663.204775022958
289.0909090909091,2.9949494949494953,11.245735597672523,1.5316881067364019,19913.691460055103
292.72727272727275,2.9949494949494953,11.386219051841673,1.5245033056618236,20164.178145087237
296.3636363636364,2.9949494949494953,11.527117572986977,1.517579483605967,20414.664830119378
300.0,2.9949494949494953,11.668411060590048,1.5109294416005545,20665.15151515152
303.6363636363636,2.9949494949494953,11.810079291594631,1.5045666901378376,20915.638200183654
307.27272727272725,2.9949494949494953,11.9521019252252,1.4985054340044628,21166.124885215795
310.9090909090909,2.9949494949494953,12.094458507848115,1.492760552955844,21416.611570247936
314.5454545454545,2.9949494949494953,12.237128477873068,1.4873475779619243,21667.09825528007
318.1818181818182,2.9949494949494953,12.380091170694218,1.4822826627727255,21917.584940312216
321.8181818181818,2.9949494949494953,12.523325823668168,1.4775825505774973,22168.071625344353
325.45454545454544,2.9949494949494953,12.666811581128307,1.4732645355653475,22418.558310376495
329.09090909090907,2.9949494949494953,12.81052749943278,1.4693464192384869,22669.044995408633
332.7272727272727,2.9949494949494953,12.9544525520451,1.4658464613809878,22919.53168044077
336.3636363636364,2.9949494949494953,13.098565634645308,1.4627833256490947,23170.01836547291
340.0,2.9949494949494953,13.24284557027002,1.4601760198198623,23420.505050505053
343.6363636363636,2.9949494949494953,13.387271114479836,1.4580438308157415,23670.991735537194
347.27272727272725,2.9949494949494953,13.531820960552094,1.4564062547115892,23921.478420569332
350.9090909090909,2.9949494949494953,13.676473744696938,1.4552829220253984,24171.965105601466
354.54545454545456,2.9949494949494953,13.82120805129576,1.4546935186947387,24422.45179063361
358.1818181818182,2.9949494949494953,13.966002418159427,1.4546577032432846,24672.938475665753
361.8181818181818,2.9949494949494953,14.110835341804801,1.455195020744903,24923.42516069789
365.45454545454544,2.9949494949494953,14.255685282747946,1.4563248142920744,25173.91184573003
369.09090909090907,2.9949494949494953,14.400530670811493,1.4580661347688944,25424.398530762166
372.7272727272727,2.9949494949494953,14.545349910445452,1.4604376498115763,25674.885215794307
376.3636363636364,2.9949494949494953,14.690121386058458,1.4634575529092766,25925.371900826452
380.0,2.9949494949494953,14.834823467358689,1.4671434736510596,26175.858585858587
383.6363636363636,2.9949494949494953,14.979434514701671,1.4715123901570533,26426.345270890724
387.27272727272725,2.9949494949494953,15.12393288444397,1.4765805447433038,26676.831955922866
390.9090909090909,2.9949494949494953,15.268296934300155,1.482363363855626,26927.318640955004
394.54545454545456,2.9949494949494953,15.412505028701815,1.4888753832694592,27177.805325987152
398.1818181818182,2.9949494949494953,15.556535544156679,1.4961301794893171,27428.292011019286
401.8181818181818,2.9949494949494953,15.70036687460528,1.504140308193074,27678.778696051424
405.45454545454544,2.9949494949494953,15.843977436774498,1.5129172504573405,27929.265381083565
409.09090909090907,2.9949494949494953,15.987345675525399,1.5224713673709207,28179.752066115703
412.7272727272727,2.9949494949494953,16.13045006919319,1.5328118634992343,28430.238751147845
416.3636363636364,2.9949494949494953,16.27326913491866,1.5439467595081506,28680.725436179982
420.0,2.9949494949494953,16.41578143396786,1.5558828740938206,28931.212121212124
60.0,3.0242424242424244,3.992148727531946,2.3929666546020356,4173.454545454546
63.63636363636363,3.0242424242424244,4.074515540558448,2.371247451296475,4426.391184573003
67.27272727272727,3.0242424242424244,4.158148928116382,2.349900258401741,4679.32782369146
70.9090909090909,3.0242424242424244,4.243043388434436,2.3289210204034663,4932.264462809917
74.54545454545455,3.0242424242424244,4.329193131735851,2.3083054430915246,5185.2011019283755
78.18181818181819,3.0242424242424244,4.416592080297355,2.2880490006027094,5438.137741046832
81.81818181818181,3.0242424242424244,4.505233868595074,2.2681469432555286,5691.07438016529
85.45454545454545,3.0242424242424244,4.595111843538301,2.2485943061778784,5944.011019283747
89.0909090909091,3.0242424242424244,4.686219064790347,2.2293859187251504,6196.947658402204
92.72727272727272,3.0242424242424244,4.778548305177857,2.210516414683292,6449.884297520661
96.36363636363636,3.0242424242424244,4.872092051188041,2.1919802432473223,6702.820936639118
100.0,3.0242424242424244,4.96684250355437,2.1737716807635463,6955.757575757576
103.63636363636363,3.0242424242424244,5.062791577930973,2.155884843219866,7208.694214876033
107.27272727272728,3.0242424242424244,5.159930905655332,2.1383136994657765,7461.630853994492
110.9090909090909,3.0242424242424244,5.258251834600209,2.121052085141288,7714.567493112948
114.54545454545455,3.0242424242424244,5.35774543011406,2.1040937172904615,7967.504132231406
118.18181818181819,3.0242424242424244,5.458402476050236,2.0874322096338935,8220.440771349862
121.81818181818181,3.0242424242424244,5.560213475885488,2.0710610884714344,8473.37741046832
125.45454545454545,3.0242424242424244,5.6631686539264825,2.05497380918518,8726.314049586777
129.0909090909091,3.0242424242424244,5.767257956605997,2.0391637733105306,8979.250688705235
132.72727272727272,3.0242424242424244,5.8724710538666365,2.0236243461425123,9232.18732782369
136.36363636363637,3.0242424242424244,5.978797340633734,2.0083488748427683,9485.12396694215
140.0,3.0242424242424244,6.086225938376092,1.9933307070124797,9738.060606060608
143.63636363636363,3.0242424242424244,6.194745696755095,1.9785632096955894,9990.997245179064
147.27272727272725,3.0242424242424244,6.304345195360849,1.9640397887768573,10243.93388429752
150.9090909090909,3.0242424242424244,6.4150127455367185,1.9497539087390943,10496.870523415977
154.54545454545456,3.0242424242424244,6.526736392290008,1.9356991127446057,10749.807162534436
158.1818181818182,3.0242424242424244,6.639503916290243,1.921869043006022,11002.743801652894
161.8181818181818,3.0242424242424244,6.753302835953115,1.9082574614129924,11255.68044077135
165.45454545454544,3.0242424242424244,6.868120409610527,1.894858270381622,11508.617079889807
169.0909090909091,3.0242424242424244,6.983943637766304,1.881665533895051,11761.553719008265
172.72727272727272,3.0242424242424244,7.10075926543648,1.8686734987045033,12014.49035812672
176.36363636363637,3.0242424242424244,7.2185537845740075,1.8558766156613544,12267.426997245182
180.0,3.0242424242424244,7.337313436577515,1.8432695611518655,12520.363636363636
183.63636363636363,3.0242424242424244,7.457024214882716,1.8308472586079676,12773.300275482094
187.27272727272725,3.0242424242424244,7.57767186763672,1.818604900067309,13026.23691460055
190.9090909090909,3.0242424242424244,7.699241900454151,1.8065379677579998,13279.173553719007
194.54545454545453,3.0242424242424244,7.821719579254201,1.7946422556831565,13532.110192837465
198.1818181818182,3.0242424242424244,7.9450899331780525,1.7829138911810498,13785.046831955922
201.8181818181818,3.0242424242424244,8.069337757586013,1.7713493564365876,14037.983471074382
205.45454545454544,3.0242424242424244,8.194447617133322,1.759945509919756,14290.920110192836
209.0909090909091,3.0242424242424244,8.320403848923798,1.7486996077248194,14543.856749311297
212.72727272727272,3.0242424242424244,8.447190565740273,1.7376093247838724,14796.793388429753
216.36363636363635,3.0242424242424244,8.57479165935186,1.7266727759255032,15049.73002754821
220.0,3.0242424242424244,8.703190803895378,1.7158885367463397,15302.666666666668
223.63636363636363,3.0242424242424244,8.832371459331569,1.7052556642607175,15555.603305785124
227.27272727272728,3.0242424242424244,8.96231687497432,1.6947737172886903,15808.539944903583
230.9090909090909,3.0242424242424244,9.09301009309182,1.6844427765374232,16061.476584022039
234.54545454545453,3.0242424242424244,9.224433952578748,1.674263464325617,16314.413223140496
238.1818181818182,3.0242424242424244,9.356571092698749,1.6642369638928736,16567.349862258954
241.8181818181818,3.0242424242424244,9.489403956894932,1.654365038228324,16820.286501377414
245.45454545454544,3.0242424242424244,9.622914796668669,1.6446500483435489,17073.223140495866
249.0909090909091,3.0242424242424244,9.75708567552447,1.635094970905078,17326.159779614325
252.72727272727272,3.0242424242424244,9.89189847297982,1.6257034151300356,17579.096418732785
256.3636363636364,3.0242424242424244,10.02733488863959,1.616479638837152,17832.03305785124
260.0,3.0242424242424244,10.163376446332425,1.607428563531368,18084.9696969697
263.6363636363636,3.0242424242424244,10.300004498308699,1.5985557883867205,18337.906336088156
267.27272727272725,3.0242424242424244,10.437200229498524,1.5898676029775534,18590.84297520661
270.9090909090909,3.0242424242424244,10.57494466182852,1.5813709985922082,18843.779614325067
274.5454545454545,3.0242424242424244,10.71321865859544,1.5730736779477055,19096.716253443523
278.1818181818182,3.0242424242424244,10.85200292889591,1.5649840631082075,19349.652892561986
281.8181818181818,3.0242424242424244,10.991278032110667,1.557111301393507,19602.58953168044
285.45454545454544,3.0242424242424244,11.131024382441476,1.549465269049332,19855.526170798898
289.0909090909091,3.0242424242424244,11.27122225349976,1.542056572436081,20108.462809917357
292.72727272727275,3.0242424242424244,11.411851782944852,1.534896546480576,20361.399449035816
296.3636363636364,3.0242424242424244,11.552892977171128,1.5279972501237136,20614.336088154272
300.0,3.0242424242424244,11.69432571604185,1.5213714584901379,20867.272727272728
303.6363636363636,3.0242424242424244,11.836129757667845,1.515032651500455,21120.209366391184
307.27272727272725,3.0242424242424244,11.978284743230901,1.5089949986470026,21373.146005509643
310.9090909090909,3.0242424242424244,12.120770201848275,1.5032733396590756,21626.0826446281
314.5454545454545,3.0242424242424244,12.263565555478483,1.4978831607937926,21879.019283746555
318.1818181818182,3.0242424242424244,12.406650123865486,1.4928405665074655,22131.955922865018
321.8181818181818,3.0242424242424244,12.55000312952006,1.488162246286295,22384.89256198347
325.45454545454544,3.0242424242424244,12.693603702737068,1.483865436449783,22637.82920110193
329.09090909090907,3.0242424242424244,12.837430886646057,1.4799678767817583,22890.765840220385
332.7272727272727,3.0242424242424244,12.981463642294687,1.476487761896121,23143.70247933884
336.3636363636364,3.0242424242424244,13.12568085376136,1.4734436873043655,23396.639118457304
340.0,3.0242424242424244,13.270061333297907,1.4708545902230565,23649.575757575756
343.6363636363636,3.0242424242424244,13.414583826498323,1.4687396852375088,23902.512396694216
347.27272727272725,3.0242424242424244,13.559227017492656,1.46711839502486,24155.449035812675
350.9090909090909,3.0242424242424244,13.703969534164788,1.4660102764327336,24408.385674931127
354.54545454545456,3.0242424242424244,13.848789953391332,1.4654349423077868,24661.32231404959
358.1818181818182,3.0242424242424244,13.993666806300425,1.4654119795684915,24914.258953168046
361.8181818181818,3.0242424242424244,14.13857858354902,1.465960864117424,25167.195592286505
365.45454545454544,3.0242424242424244,14.283503740615496,1.4671008732852167,25420.132231404958
369.09090909090907,3.0242424242424244,14.428420703107497,1.468850996589576,25673.068870523413
372.7272727272727,3.0242424242424244,14.57330787208188,1.4712298456742607,25926.005509641873
376.3636363636364,3.0242424242424244,14.71814362937542,1.474255564361161,26178.942148760332
380.0,3.0242424242424244,14.862906342944811,1.4779457398006555,26431.878787878788
383.6363636363636,3.0242424242424244,15.007574372213087,1.4823173157383387,26684.815426997247
387.27272727272725,3.0242424242424244,15.152126073421723,1.48738650892712,26937.752066115703
390.9090909090909,3.0242424242424244,15.296539804986342,1.4931687297016836,27190.688705234155
394.54545454545456,3.0242424242424244,15.440793932853335,1.4996785076953865,27443.62534435262
398.1818181818182,3.0242424242424244,15.584866835856488,1.5069294236187762,27696.561983471078
401.8181818181818,3.0242424242424244,15.728736911071945,1.5149340479343374,27949.49862258953
405.45454545454544,3.0242424242424244,15.872382579168232,1.5237038871559516,28202.43526170799
409.09090909090907,3.0242424242424244,16.015782289751286,1.533249338376698,28455.371900826445
412.7272727272727,3.0242424242424244,16.158914526701434,1.5435796524888035,28708.308539944905
416.3636363636364,3.0242424242424244,16.301757813501002,1.5547029064083397,28961.24517906336
420.0,3.0242424242424244,16.444290718550217,1.5666259844610253,29214.18181818182
60.0,3.053535353535354,4.002909346793171,2.400649602054475,4213.878787878789
63.63636363636363,3.053535353535354,4.0855566270047685,2.3789884452096293,4469.265381083564
67.27272727272727,3.053535353535354,4.169469461069505,2.3576993783272213,4724.651974288338
70.9090909090909,3.053535353535354,4.254642297098721,2.336778302684346,4980.038567493114
74.54545454545455,3.053535353535354,4.34106929534613,2.316220880976601,5235.425160697889
78.18181818181819,3.053535353535354,4.428744328280537,2.2960225444977516,5490.811753902664
81.81818181818181,3.053535353535354,4.517660980745856,2.276178501111838,5746.198347107438
85.45454545454545,3.053535353535354,4.607812550208073,2.2566837440184555,6001.584940312215
89.0909090909091,3.053535353535354,4.699192047090376,2.2375330613076527,6256.971533516989
92.72727272727272,3.053535353535354,4.791792195195804,2.2187210462980236,6512.358126721763
96.36363636363636,3.053535353535354,4.885605432218221,2.2002421086481854,6767.74471992654
100.0,3.053535353535354,4.980623910341704,2.1820904862285686,7023.131313131314
103.63636363636363,3.053535353535354,5.076839496928328,2.1642602577375207,7278.517906336088
107.27272727272728,3.053535353535354,5.174243775294362,2.1467453560425023,7533.904499540864
110.9090909090909,3.053535353535354,5.27282804557587,2.1295395822246213,7789.291092745639
114.54545454545455,3.053535353535354,5.372583325681913,2.1126366203018927,8044.677685950415
118.18181818181819,3.053535353535354,5.4735003523377035,2.096030052604565,8300.064279155189
121.81818181818181,3.053535353535354,5.575569582215728,2.0797133757734385,8555.450872359965
125.45454545454545,3.053535353535354,5.678781193155887,2.0636800173504577,8810.83746556474
129.0909090909091,3.053535353535354,5.783125085474257,2.0479233529288927,9066.224058769514
132.72727272727272,3.053535353535354,5.8885908833599085,2.0324367238299565,9321.61065197429
136.36363636363637,3.053535353535354,5.9951679363608825,2.0172134552706638,9576.997245179065
140.0,3.053535353535354,6.102845320957359,2.002246874987852,9832.38383838384
143.63636363636363,3.053535353535354,6.2116118422233235,1.987530332282692,10087.770431588613
147.27272727272725,3.053535353535354,6.321456035575684,1.9730572174493626,10343.157024793389
150.9090909090909,3.053535353535354,6.432366168610606,1.9588209815528566,10598.543617998164
154.54545454545456,3.053535353535354,6.544330243027073,1.944815156519926,10853.930211202942
158.1818181818182,3.053535353535354,6.657335996636579,1.9310333755088127,11109.316804407716
161.8181818181818,3.053535353535354,6.771370905459859,1.9174693935239835,11364.70339761249
165.45454545454544,3.053535353535354,6.886422185908371,1.904117108242544,11620.089990817263
169.0909090909091,3.053535353535354,7.002476797051847,1.8909705810210462,11875.47658402204
172.72727272727272,3.053535353535354,7.119521442970089,1.878024058051708,12130.863177226815
176.36363636363637,3.053535353535354,7.237542575189176,1.8652719916388172,12386.24977043159
180.0,3.053535353535354,7.356526395201697,1.852709061567178,12641.636363636366
183.63636363636363,3.053535353535354,7.47645885706884,1.840330196535329,12897.02295684114
187.27272727272725,3.053535353535354,7.597325670106335,1.828130595628139,13152.409550045915
190.9090909090909,3.053535353535354,7.719112301650778,1.8161057498027922,13407.79614325069
194.54545454545453,3.053535353535354,7.841803979907519,1.8042514633645563,13663.182736455465
198.1818181818182,3.053535353535354,7.965385696878726,1.792563875407602,13918.56932966024
201.8181818181818,3.053535353535354,8.08984221137057,1.7810394811968941,14173.955922865016
205.45454545454544,3.053535353535354,8.215158052079154,1.7696751534667194,14429.34251606979
209.0909090909091,3.053535353535354,8.341317520754263,1.7584681636101418,14684.729109274565
212.72727272727272,3.053535353535354,8.468304695439457,1.7474162027325475,14940.115702479341
216.36363636363635,3.053535353535354,8.59610343378845,1.7365174025405237,15195.502295684115
220.0,3.053535353535354,8.724697376456731,1.7257703560338777,15450.88888888889
223.63636363636363,3.053535353535354,8.854069950566096,1.7151741379661782,15706.275482093666
227.27272727272728,3.053535353535354,8.9842043732433,1.7047283250340222,15961.662075298442
230.9090909090909,3.053535353535354,9.115083655229665,1.6944330157508507,16217.048668503216
234.54545454545453,3.053535353535354,9.246690604562083,1.684288849954507,16472.43526170799
238.1818181818182,3.053535353535354,9.379007830323285,1.6742970278915628,16727.821854912767
241.8181818181818,3.053535353535354,9.512017746461144,1.66445932881245,16983.20844811754
245.45454545454544,3.053535353535354,9.645702575674655,1.6547781290037988,17238.595041322315
249.0909090909091,3.053535353535354,9.780044353366726,1.6452564191733117,17493.981634527092
252.72727272727272,3.053535353535354,9.915024931661913,1.6358978210921886,17749.368227731866
256.3636363636364,3.053535353535354,10.050625983486942,1.6267066033878539,18004.754820936643
260.0,3.053535353535354,10.186829006715213,1.6176876963670532,18260.141414141417
263.6363636363636,3.053535353535354,10.323615328370582,1.6088467057354108,18515.52800734619
267.27272727272725,3.053535353535354,10.460966108892611,1.6001899250652616,18770.914600550965
270.9090909090909,3.053535353535354,10.598862346458946,1.5917243468480675,19026.30119375574
274.5454545454545,3.053535353535354,10.737284881365257,1.583457671952731,19281.687786960516
278.1818181818182,3.053535353535354,10.876214400460963,1.5753983172951675,19537.074380165293
281.8181818181818,3.053535353535354,11.01563144163864,1.5675554215091152,19792.460973370067
285.45454545454544,3.053535353535354,11.155516398376417,1.5599388483930499,20047.84756657484
289.0909090909091,3.053535353535354,11.295849524331489,1.5525591878945606,20303.23415977962
292.72727272727275,3.053535353535354,11.436610937983431,1.5454277543808363,20558.620752984396
296.3636363636364,3.053535353535354,11.577780627325678,1.5385565819334632,20814.007346189166
300.0,3.053535353535354,11.719338454603449,1.5319584163983062,21069.393939393944
303.6363636363636,3.053535353535354,11.8612641610971,1.525646703917375,21324.780532598717
307.27272727272725,3.053535353535354,12.00353737194857,1.5196355756685465,21580.16712580349
310.9090909090909,3.053535353535354,12.146137601029835,1.513939828545355,21835.553719008265
314.5454545454545,3.053535353535354,12.28904425585202,1.508574901519259,22090.94031221304
318.1818181818182,3.053535353535354,12.43223664251206,1.5035568474438818,22346.326905417816
321.8181818181818,3.053535353535354,12.57569397067761,1.4989023000864463,22601.713498622594
325.45454545454544,3.053535353535354,12.71939535860599,1.4946284362038005,22857.100091827368
329.09090909090907,3.053535353535354,12.863319838197866,1.4907529325223148,23112.48668503214
332.7272727272727,3.053535353535354,13.00744636008158,1.487293917531264,23367.873278236915
336.3636363636364,3.053535353535354,13.151753798728638,1.484269918058924,23623.259871441693
340.0,3.053535353535354,13.29622095759704,1.4816998006691193,23878.646464646466
343.6363636363636,3.053535353535354,13.44082657430129,1.4796027079931646,24134.033057851244
347.27272727272725,3.053535353535354,13.58554932580769,1.4779979901963016,24389.419651056018
350.9090909090909,3.053535353535354,13.730367833652057,1.4769051318694013,24644.80624426079
354.54545454545456,3.053535353535354,13.87526066917966,1.4763436747314316,24900.19283746557
358.1818181818182,3.053535353535354,14.02020635880376,1.4763331366272028,25155.579430670343
361.8181818181818,3.053535353535354,14.165183389282905,1.4768929274020375,25410.966023875117
365.45454545454544,3.053535353535354,14.31017021301321,1.4780422623310148,25666.352617079894
369.09090909090907,3.053535353535354,14.45514525333525,1.479800073868827,25921.739210284668
372.7272727272727,3.053535353535354,14.600086909853415,1.4821849225665218,26177.125803489438
376.3636363636364,3.053535353535354,14.74497356376546,1.485214908068505,26432.51239669422
380.0,3.053535353535354,14.889783583200657,1.4889075811545107,26687.898989898993
383.6363636363636,3.053535353535354,15.034495328565088,1.4932798578238846,26943.285583103767
387.27272727272725,3.053535353535354,15.179087157891438,1.4983479364316452,27198.672176308544
390.9090909090909,3.053535353535354,15.32353743219245,1.5041272188745913,27454.058769513318
394.54545454545456,3.053535353535354,15.467824520815444,1.5106322367911729,27709.445362718096
398.1818181818182,3.053535353535354,15.61192680679605,1.517876583680453,27964.83195592287
401.8181818181818,3.053535353535354,15.75582269221,1.5258728537643147,28220.21854912764
405.45454545454544,3.053535353535354,15.899490603520302,1.5346325883144922,28475.605142332417
409.09090909090907,3.053535353535354,16.042908996918477,1.5441662300453705,28730.991735537194
412.7272727272727,3.053535353535354,16.18605636365823,1.5544830860373822,28986.37832874197
416.3636363636364,3.053535353535354,16.32891123537876,1.5655912995099466,29241.764921946746
420.0,3.053535353535354,16.4714521894168,1.5774978306085485,29497.15151515152
60.0,3.082828282828283,4.013688435068781,2.407989245996495,4254.303030303031
63.63636363636363,3.082828282828283,4.096604824130921,2.3863937219700078,4512.139577594124
67.27272727272727,3.082828282828283,4.180785653398856,2.365170477097454,4769.976124885216
70.9090909090909,3.082828282828283,4.26622532197039,2.3443153648496033,5027.812672176308
74.54545454545455,3.082828282828283,4.352917941257007,2.3238240000517276,5285.649219467402
78.18181818181819,3.082828282828283,4.44085733507029,2.30369176620732,5543.485766758495
81.81818181818181,3.082828282828283,4.530037039795495,2.2839138236158862,5801.3223140495875
85.45454545454545,3.082828282828283,4.620450304652087,2.26448511828438,6059.15886134068
89.0909090909091,3.082828282828283,4.7120900920427085,2.2454003916280163,6316.995408631773
92.72727272727272,3.082828282828283,4.804949077988772,2.2266541909532562,6574.831955922866
96.36363636363636,3.082828282828283,4.899019652655624,2.2082408807121463,6832.6685032139585
100.0,3.082828282828283,4.994293920964452,2.19015465451434,7090.50505050505
103.63636363636363,3.082828282828283,5.090763703294036,2.1723895478797512,7348.341597796143
107.27272727272728,3.082828282828283,5.188420536270145,2.1549394517118237,7606.178145087237
110.9090909090909,3.082828282828283,5.287255673643985,2.1377981264691055,7864.0146923783295
114.54545454545455,3.082828282828283,5.387260087258952,2.1209592170094007,8121.851239669422
118.18181818181819,3.082828282828283,5.4884244681063565,2.1044162680794694,8379.687786960514
121.81818181818181,3.082828282828283,5.590739227470049,2.0881627404202003,8637.524334251608
125.45454545454545,3.082828282828283,5.694194498158922,2.07219202745593,8895.3608815427
129.0909090909091,3.082828282828283,5.798780135828649,2.056497472535141,9153.197428833793
132.72727272727272,3.082828282828283,5.904485720391351,2.041072386687952,9411.033976124885
136.36363636363637,3.082828282828283,6.011300557513653,2.025910066865531,9668.870523415979
140.0,3.082828282828283,6.119213680202775,2.011003814625447,9926.707070707072
143.63636363636363,3.082828282828283,6.228213850480521,1.9963469552271662,10184.543617998164
147.27272727272725,3.082828282828283,6.338289561144015,1.981932857100917,10442.380165289256
150.9090909090909,3.082828282828283,6.449429037614973,1.9677549516545638,10700.21671258035
154.54545454545456,3.082828282828283,6.561620239874582,1.9538067533825836,10958.053259871444
158.1818181818182,3.082828282828283,6.674850864485423,1.940081880242274,11215.889807162535
161.8181818181818,3.082828282828283,6.789108346699624,1.9265740742635344,11473.726354453629
165.45454545454544,3.082828282828283,6.904379862652085,1.9132772223587262,11731.562901744719
169.0909090909091,3.082828282828283,7.020652331639289,1.9001853773013835,11989.399449035815
172.72727272727272,3.082828282828283,7.137912418482445,1.887292778842568,12247.235996326905
176.36363636363637,3.082828282828283,7.256146535974969,1.8745938749360451,12505.072543617998
180.0,3.082828282828283,7.375340847413142,1.8620833430437214,12762.909090909092
183.63636363636363,3.082828282828283,7.495481269209558,1.849756111494753,13020.745638200184
187.27272727272725,3.082828282828283,7.6165534735892955,1.8376073808722657,13278.582185491276
190.9090909090909,3.082828282828283,7.738542891366925,1.8256326454026321,13536.41873278237
194.54545454545453,3.082828282828283,7.861434714804454,1.8138277143230348,13794.255280073463
198.1818181818182,3.082828282828283,7.98521390054963,1.8021887332032527,14052.091827364557
201.8181818181818,3.082828282828283,8.109865172653027,1.7907122051977082,14309.928374655648
205.45454545454544,3.082828282828283,8.23537302566353,1.7793950122031923,14567.76492194674
209.0909090909091,3.082828282828283,8.361721727801697,1.768234435897145,14825.601469237834
212.72727272727272,3.082828282828283,8.488895324209334,1.7572281786294033,15083.438016528928
216.36363636363635,3.082828282828283,8.616877640274893,1.74637438413914,15341.27456382002
220.0,3.082828282828283,8.745652285033751,1.7356716580648093,15599.111111111113
223.63636363636363,3.082828282828283,8.875202654642141,1.7251190882127272,15856.947658402203
227.27272727272728,3.082828282828283,9.005511935923465,1.7147162645450444,16114.784205693297
230.9090909090909,3.082828282828283,9.136563109987055,1.7044632988425716,16372.620752984392
234.54545454545453,3.082828282828283,9.268338955916532,1.6943608439929978,16630.457300275484
238.1818181818182,3.082828282828283,9.400822054528662,1.6844101128468572,16888.293847566576
241.8181818181818,3.082828282828283,9.533994792199467,1.6746128965771179,17146.130394857668
245.45454545454544,3.082828282828283,9.667839364758661,1.66497158246838,17403.966942148763
249.0909090909091,3.082828282828283,9.802337781448808,1.6554891710525077,17661.803489439855
252.72727272727272,3.082828282828283,9.937471868950222,1.6461692924964397,17919.640036730947
256.3636363636364,3.082828282828283,10.07322327546876,1.637016222136393,18177.476584022043
260.0,3.082828282828283,10.20957347488592,1.6280348950397512,18435.31313131313
263.6363636363636,3.082828282828283,10.346503770970003,1.6192309194625587,18693.149678604226
267.27272727272725,3.082828282828283,10.483995301646345,1.6106105890562765,18950.986225895318
270.9090909090909,3.082828282828283,10.62202904332615,1.6021808936627715,19208.82277318641
274.5454545454545,3.082828282828283,10.76058581529199,1.5939495285211505,19466.6593204775
278.1818181818182,3.082828282828283,10.899646284138425,1.585924901694966,19724.495867768597
281.8181818181818,3.082828282828283,11.03919096826685,1.578116139513156,19982.33241505969
285.45454545454544,3.082828282828283,11.179200242432541,1.5705330898035283,20240.16896235078
289.0909090909091,3.082828282828283,11.319654342342881,1.5631863226841662,20498.00550964188
292.72727272727275,3.082828282828283,11.460533369304855,1.5560871286659221,20755.84205693297
296.3636363636364,3.082828282828283,11.601817294920703,1.549247513809483,21013.67860422406
300.0,3.082828282828283,11.743485965829521,1.5426801916727053,21271.515151515156
303.6363636363636,3.082828282828283,11.88551910849427,1.5363985717805981,21529.351698806247
307.27272727272725,3.082828282828283,12.027896334031649,1.530416744349994,21787.188246097336
310.9090909090909,3.082828282828283,12.170597143083441,1.5247494610064207,22045.024793388427
314.5454545454545,3.082828282828283,12.313600930728219,1.5194121112411487,22302.861340679523
318.1818181818182,3.082828282828283,12.456886991431016,1.5144206943739986,22560.69788797062
321.8181818181818,3.082828282828283,12.600434524030044,1.5097917868117425,22818.53443526171
325.45454545454544,3.082828282828283,12.744222636758135,1.5055425044238482,23076.370982552802
329.09090909090907,3.082828282828283,12.88823035229752,1.5016904598989063,23334.207529843894
332.7272727272727,3.082828282828283,13.032436612866247,1.4982537149934365,23592.044077134982
336.3636363636364,3.082828282828283,13.176820285334667,1.4952507276437859,23849.880624426085
340.0,3.082828282828283,13.32136016636948,1.4927002939782799,24107.717171717173
343.6363636363636,3.082828282828283,13.466034987605026,1.490621485342429,24365.553719008265
347.27272727272725,3.082828282828283,13.610823420838372,1.489033580532241,24623.39026629936
350.9090909090909,3.082828282828283,13.755704083247807,1.4879559935195363,24881.22681359045
354.54545454545456,3.082828282828283,13.900655542631998,1.4874081970466666,25139.063360881548
358.1818181818182,3.082828282828283,14.04565632266912,1.4874096425634278,25396.899908172636
361.8181818181818,3.082828282828283,14.190684908192482,1.4879796770751341,25654.73645546373
365.45454545454544,3.082828282828283,14.335719750482806,1.4891374575633807,25912.573002754823
369.09090909090907,3.082828282828283,14.480739272573679,1.490901863728785,26170.40955004591
372.7272727272727,3.082828282828283,14.625721874569383,1.4932914098823922,26428.246097337007
376.3636363636364,3.082828282828283,14.770645938972981,1.4963241568798449,26686.0826446281
380.0,3.082828282828283,14.915489836022559,1.5000176250416142,26943.919191919194
383.6363636363636,3.082828282828283,15.060231929034313,1.504388709037138,27201.75573921029
387.27272727272725,3.082828282828283,15.204850579750062,1.509453595721669,27459.592286501378
390.9090909090909,3.082828282828283,15.349324153687945,1.5152276859064733,27717.42883379247
394.54545454545456,3.082828282828283,15.493631025493787,1.5217255210097367,27975.265381083565
398.1818181818182,3.082828282828283,15.637749584292354,1.5289607154801752,28233.101928374657
401.8181818181818,3.082828282828283,15.781658239034895,1.5369458958071232,28490.938475665753
405.45454545454544,3.082828282828283,15.92533542384338,1.5456926468331764,28748.77502295684
409.09090909090907,3.082828282828283,16.068759603347548,1.5552114659670493,29006.611570247936
412.7272727272727,3.082828282828283,16.211909278014183,1.5655117257644744,29264.44811753903
416.3636363636364,3.082828282828283,16.35476298946653,1.5766016452010783,29522.284664830124
420.0,3.082828282828283,16.497299325791307,1.5884882698132454,29780.121212121216
60.0,3.1121212121212123,4.024526176638068,2.4149874984443884,4294.727272727273
63.63636363636363,3.1121212121212123,4.10770032650267,2.3934650995484805,4555.013774104683
67.27272727272727,3.1121212121212123,4.192137708408459,2.372315273977655,4815.300275482094
70.9090909090909,3.1121212121212123,4.277832673545571,2.3515338227582685,5075.586776859504
74.54545454545455,3.1121212121212123,4.364779285613054,2.3311163080363486,5335.873278236915
78.18181818181819,3.1121212121212123,4.4529713209185315,2.3110580605531803,5596.159779614326
81.81818181818181,3.1121212121212123,4.542402268565198,2.2913541879171966,5856.446280991736
85.45454545454545,3.1121212121212123,4.633065330725962,2.271999583670544,6116.732782369147
89.0909090909091,3.1121212121212123,4.724953423005457,2.252988937145202,6377.0192837465565
92.72727272727272,3.1121212121212123,4.818059174889257,2.2343167441006266,6637.305785123966
96.36363636363636,3.1121212121212123,4.9123749302819775,2.2159773181314417,6897.592286501378
100.0,3.1121212121212123,5.007892748132787,2.1979648028301497,7157.878787878789
103.63636363636363,3.1121212121212123,5.104604403149895,2.180273184687094,7418.165289256198
107.27272727272728,3.1121212121212123,5.202501386603178,2.162896306707116,7678.45179063361
110.9090909090909,3.1121212121212123,5.30157490721535,2.145827882719127,7938.738292011019
114.54545454545455,3.1121212121212123,5.401815892142196,2.1290615123525956,8199.02479338843
118.18181818181819,3.1121212121212123,5.503214988040435,2.1125906966527643,8459.311294765841
121.81818181818181,3.1121212121212123,5.605762562225268,2.096408854303799,8719.59779614325
125.45454545454545,3.1121212121212123,5.70944870391571,2.0805093384282234,8979.88429752066
129.0909090909091,3.1121212121212123,5.8142632255684905,2.0648854539286066,9240.170798898072
132.72727272727272,3.1121212121212123,5.920195664300493,2.0495304753367445,9500.457300275482
136.36363636363637,3.1121212121212123,6.027235283398763,2.034437665134857,9760.743801652894
140.0,3.1121212121212123,6.135371073918863,2.019600292512203,10021.030303030304
143.63636363636363,3.1121212121212123,6.244591756370986,2.0050116525209236,10281.316804407714
147.27272727272725,3.1121212121212123,6.354885782492589,1.9906650855941328,10541.603305785124
150.9090909090909,3.1121212121212123,6.466241337109379,1.976553997390405,10801.889807162535
154.54545454545456,3.1121212121212123,6.578646340082054,1.9626718789284379,11062.176308539947
158.1818181818182,3.1121212121212123,6.692088448339531,1.9490123269773463,11322.462809917355
161.8181818181818,3.1121212121212123,6.806555057998372,1.935569064667819,11582.749311294767
165.45454545454544,3.1121212121212123,6.922033306567762,1.9223359622917349,11843.035812672175
169.0909090909091,3.1121212121212123,7.0385100752386665,1.9093070582577882,12103.322314049587
172.72727272727272,3.1121212121212123,7.155971991258566,1.8964765801729975,12363.608815426998
176.36363636363637,3.1121212121212123,7.274405430389231,1.8838389660203096,12623.89531680441
180.0,3.1121212121212123,7.393796519448154,1.8713888854046212,12884.18181818182
183.63636363636363,3.1121212121212123,7.514131138932556,1.8591212608401155,13144.46831955923
187.27272727272725,3.1121212121212123,7.635394925725447,1.8470312890533431,13404.754820936638
190.9090909090909,3.1121212121212123,7.757573275883008,1.835114462276841,13665.04132231405
194.54545454545453,3.1121212121212123,7.880651347502457,1.823366589509429,13925.32782369146
198.1818181818182,3.1121212121212123,8.004614063669642,1.8117838177190624,14185.614325068871
201.8181818181818,3.1121212121212123,8.129446115486154,1.8003626529644838,14445.900826446281
205.45454545454544,3.1121212121212123,8.255131965174085,1.7890999814114652,14706.18732782369
209.0909090909091,3.1121212121212123,8.381655849258,1.7779930902183092,14966.473829201102
212.72727272727272,3.1121212121212123,8.509001781823986,1.7670396882643002,15226.760330578514
216.36363636363635,3.1121212121212123,8.637153557853768,1.7562379266924466,15487.046831955922
220.0,3.1121212121212123,8.76609475663312,1.7455864192351396,15747.333333333336
223.63636363636363,3.1121212121212123,8.895808745234362,1.7350842622883522,16007.619834710744
227.27272727272728,3.1121212121212123,9.02627868207096,1.7247310546953287,16267.906336088156
230.9090909090909,3.1121212121212123,9.157487520523654,1.7145269171961997,16528.192837465565
234.54545454545453,3.1121212121212123,9.28941801263708,1.7044725114939543,16788.479338842975
238.1818181818182,3.1121212121212123,9.422052712885653,1.6945690588799502,17048.765840220385
241.8181818181818,3.1121212121212123,9.555373982007248,1.6848183583554712,17309.052341597795
245.45454545454544,3.1121212121212123,9.689363990904045,1.675222804176174,17569.338842975205
249.0909090909091,3.1121212121212123,9.824004724609294,1.6657854027371382,17829.62534435262
252.72727272727272,3.1121212121212123,9.959277986318027,1.6565097887053506,18089.91184573003
256.3636363636364,3.1121212121212123,10.095165401481507,1.6474002402953667,18350.198347107438
260.0,3.1121212121212123,10.231648421963444,1.6384616935706735,18610.48484848485
263.6363636363636,3.1121212121212123,10.368708330256606,1.6296997556408892,18870.77134986226
267.27272727272725,3.1121212121212123,10.506326243759123,1.621120716610348,19131.057851239668
270.9090909090909,3.1121212121212123,10.64448311910835,1.6127315601194228,19391.344352617078
274.5454545454545,3.1121212121212123,10.783159756571557,1.6045399723050868,19651.630853994488
278.1818181818182,3.1121212121212123,10.922336804491453,1.5965543489924623,19911.9173553719
281.8181818181818,3.1121212121212123,11.061994763785416,1.5887838009138695,20172.20385674931
285.45454545454544,3.1121212121212123,11.20211399249725,1.5812381567383638,20432.49035812672
289.0909090909091,3.1121212121212123,11.342674710399368,1.5739279636814134,20692.776859504134
292.72727272727275,3.1121212121212123,11.48365700364388,1.5668644854522964,20953.063360881544
296.3636363636364,3.1121212121212123,11.625040829462087,1.5600596972877523,21213.349862258954
300.0,3.1121212121212123,11.76680602090968,1.5535262778129322,21473.636363636368
303.6363636363636,3.1121212121212123,11.90893229165624,1.5472775974674273,21733.922865013774
307.27272727272725,3.1121212121212123,12.051399240818355,1.5413277032338515,21994.209366391184
310.9090909090909,3.1121212121212123,12.194186357833539,1.535691299412526,22254.495867768594
314.5454545454545,3.1121212121212123,12.337273027373746,1.5303837241954086,22514.782369146003
318.1818181818182,3.1121212121212123,12.480638534298086,1.5254209218103456,22775.068870523417
321.8181818181818,3.1121212121212123,12.624262068640274,1.5208194100300598,23035.355371900827
325.45454545454544,3.1121212121212123,12.768122730632202,1.5165962428721615,23295.641873278237
329.09090909090907,3.1121212121212123,12.912199535759827,1.5127689683564904,23555.928374655647
332.7272727272727,3.1121212121212123,13.056471419850613,1.5093555812336155,23816.214876033056
336.3636363636364,3.1121212121212123,13.20091724419074,1.5063744706563094,24076.50137741047
340.0,3.1121212121212123,13.345515800669677,1.5038443628299427,24336.78787878788
343.6363636363636,3.1121212121212123,13.490245816951596,1.5017842587524084,24597.07438016529
347.27272727272725,3.1121212121212123,13.635085961670587,1.5002133672332558,24857.3608815427
350.9090909090909,3.1121212121212123,13.780014849648735,1.4991510334698683,25117.647382920106
354.54545454545456,3.1121212121212123,13.925011047134795,1.4986166635483331,25377.933884297523
358.1818181818182,3.1121212121212123,14.0700530770623,1.4986296453304973,25638.22038567493
361.8181818181818,3.1121212121212123,14.215119424324374,1.499209266282725,25898.506887052343
365.45454545454544,3.1121212121212123,14.360188541064478,1.5003746288916289,26158.793388429753
369.09090909090907,3.1121212121212123,14.505238851980483,1.5021445643986646,26419.079889807163
372.7272727272727,3.1121212121212123,14.650248759640414,1.5045375456616032,26679.366391184572
376.3636363636364,3.1121212121212123,14.795196649808474,1.5075716000158863,26939.652892561986
380.0,3.1121212121212123,14.94006089677908,1.5112642230596842,27199.939393939396
383.6363636363636,3.1121212121212123,15.08481986871725,1.5156322943193488,27460.225895316802
387.27272727272725,3.1121212121212123,15.229451933003089,1.520691995764902,27720.512396694216
390.9090909090909,3.1121212121212123,15.373935461579652,1.5264587341382116,27980.79889807162
394.54545454545456,3.1121212121212123,15.518248836300877,1.5329470680249202,28241.08539944904
398.1818181818182,3.1121212121212123,15.66237045427889,1.5401706405497189,28501.371900826445
401.8181818181818,3.1121212121212123,15.806278733228222,1.5481421184989683,28761.65840220386
405.45454545454544,3.1121212121212123,15.949952116805527,1.5568731385803007,29021.94490358127
409.09090909090907,3.1121212121212123,16.093369079942565,1.5663742614161595,29282.23140495868
412.7272727272727,3.1121212121212123,16.236508134170627,1.576654933740575,29542.51790633609
416.3636363636364,3.1121212121212123,16.379347832935412,1.5877234591304055,29802.804407713502
420.0,3.1121212121212123,16.52186677689891,1.5995869774571307,30063.09090909091
60.0,3.141414141414142,4.035463484916009,2.421646428487143,4335.151515151516
63.63636363636363,3.141414141414142,4.118884063310057,2.4002045424033756,4597.887970615244
67.27272727272727,3.141414141414142,4.203566569507384,2.3791356241245967,4860.624426078972
70.9090909090909,3.141414141414142,4.289505307898372,2.3584354175580517,5123.3608815427
74.54545454545455,3.141414141414142,4.376694295601224,2.33809942733259,5386.0973370064285
78.18181818181819,3.141414141414142,4.4651272625748195,2.318122926434497,5648.833792470157
81.81818181818181,3.141414141414142,4.554797651819207,2.298500964642101,5911.570247933885
85.45454545454545,3.141414141414142,4.645698619662707,2.2792283777565294,6174.306703397613
89.0909090909091,3.141414141414142,4.737823036137396,2.2602997976230603,6437.043158861342
92.72727272727272,3.141414141414142,4.831163485441398,2.2417096629335083,6699.779614325069
96.36363636363636,3.141414141414142,4.925712266489618,2.223452230797458,6962.516069788798
100.0,3.141414141414142,5.021461393553044,2.205521589066483,7225.2525252525265
103.63636363636363,3.141414141414142,5.118402596985101,2.1879116693925797,7487.988980716254
107.27272727272728,3.141414141414142,5.2165273240380685,2.1706162609988895,7750.725436179984
110.9090909090909,3.141414141414142,5.31582673976655,2.1536290251388603,8013.461891643711
114.54545454545455,3.141414141414142,5.416291728020151,2.136943510215994,8276.19834710744
118.18181818181819,3.141414141414142,5.517912892524312,2.120553167535803,8538.934802571168
121.81818181818181,3.141414141414142,5.620680558050111,2.104451367658172,8801.671258034896
125.45454545454545,3.141414141414142,5.7245847716719584,2.088631417317521,9064.407713498624
129.0909090909091,3.141414141414142,5.829615304113909,2.073086576876261,9327.144168962352
132.72727272727272,3.141414141414142,5.93576165118368,2.0578100782760784,9589.88062442608
136.36363636363637,3.141414141414142,6.043013035295493,2.0427951434507503,9852.61707988981
140.0,3.141414141414142,6.151358407079664,2.0280350031637266,10115.353535353537
143.63636363636363,3.141414141414142,6.2607864470805605,2.0135229162333577,10378.089990817263
147.27272727272725,3.141414141414142,6.371285567541433,1.9992521891089896,10640.826446280991
150.9090909090909,3.141414141414142,6.4828439142761365,1.9852161957609167,10903.56290174472
154.54545454545456,3.141414141414142,6.595449368627454,1.971408397848579,11166.29935720845
158.1818181818182,3.141414141414142,6.709089549511849,1.9578223651313975,11429.035812672179
161.8181818181818,3.141414141414142,6.823751815549636,1.9444517960880399,11691.772268135906
165.45454545454544,3.141414141414142,6.939423267280757,1.931290538711053,11954.508723599634
169.0909090909091,3.141414141414142,7.056090749465193,1.9183326114447465,12217.245179063362
172.72727272727272,3.141414141414142,7.173740853467601,1.9055722242357647,12479.981634527088
176.36363636363637,3.141414141414142,7.292359919725969,1.8930037996671016,12742.71808999082
180.0,3.141414141414142,7.411934040303201,1.88062199414754,13005.454545454546
183.63636363636363,3.141414141414142,7.532449061521112,1.8684217191295789,13268.191000918274
187.27272727272725,3.141414141414142,7.653890586676186,1.8563981623306307,13530.927456382002
190.9090909090909,3.141414141414142,7.776243978837194,1.8445468089320798,13793.663911845731
194.54545454545453,3.141414141414142,7.899494363721957,1.8328634627328761,14056.400367309458
198.1818181818182,3.141414141414142,8.02362663265494,1.8213442672334519,14319.13682277319
201.8181818181818,3.141414141414142,8.148625445602745,1.8099857266264827,14581.873278236915
205.45454545454544,3.141414141414142,8.274475234288284,1.7987847266706753,14844.609733700643
209.0909090909091,3.141414141414142,8.401160205381625,1.787738555422251,15107.346189164373
212.72727272727272,3.141414141414142,8.528664343767085,1.776844923798308,15370.0826446281
216.36363636363635,3.141414141414142,8.656971415885897,1.7661019859434446,15632.819100091827
220.0,3.141414141414142,8.78606497315303,1.7555083593690577,15895.555555555558
223.63636363636363,3.141414141414142,8.915928355447058,1.7450631448305407,16158.292011019284
227.27272727272728,3.141414141414142,9.046544694672779,1.7347659459047082,16421.028466483014
230.9090909090909,3.141414141414142,9.177896918394824,1.7246168882236128,16683.764921946742
234.54545454545453,3.141414141414142,9.309967753541422,1.714616638315894,16946.50137741047
238.1818181818182,3.141414141414142,9.442739730177125,1.704766421999985,17209.237832874198
241.8181818181818,3.141414141414142,9.576195185343616,1.6950680422657953,17471.974288337926
245.45454545454544,3.141414141414142,9.71031626696715,1.685523896572931,17734.710743801654
249.0909090909091,3.141414141414142,9.84508493783103,1.6761369934842858,17997.447199265385
252.72727272727272,3.141414141414142,9.980482979613132,1.6669109685429317,18260.183654729113
256.3636363636364,3.141414141414142,10.116491996986047,1.657850099289457,18522.92011019284
260.0,3.141414141414142,10.253093421778443,1.648959319304071,18785.65656565657
263.6363636363636,3.141414141414142,10.39026851719757,1.6402442311456296,19048.393021120297
267.27272727272725,3.141414141414142,10.527998382110594,1.6317111180448576,19311.129476584025
270.9090909090909,3.141414141414142,10.666263955383144,1.6233669541964413,19573.86593204775
274.5454545454545,3.141414141414142,10.805046020274784,1.6152194134785176,19836.602387511477
278.1818181818182,3.141414141414142,10.94432520888886,1.6072768764151495,20099.338842975212
281.8181818181818,3.141414141414142,11.084082006676176,1.5995484351814113,20362.075298438936
285.45454545454544,3.141414141414142,11.224296756989993,1.5920438964385948,20624.811753902664
289.0909090909091,3.141414141414142,11.364949665692384,1.584773781772579,20887.548209366396
292.72727272727275,3.141414141414142,11.506020805808607,1.5777493254986155,21150.284664830124
296.3636363636364,3.141414141414142,11.64749012222967,1.5709824695852186,21413.02112029385
300.0,3.141414141414142,11.789337436460135,1.5644858554439012,21675.75757575758
303.6363636363636,3.141414141414142,11.931542451410767,1.558272812327593,21938.494031221308
307.27272727272725,3.141414141414142,12.074084756233505,1.5523573420811587,22201.230486685035
310.9090909090909,3.141414141414142,12.216943831197696,1.5467540999926603,22463.966942148763
314.5454545454545,3.141414141414142,12.360099052605623,1.5414783715040674,22726.703397612488
318.1818181818182,3.141414141414142,12.503529697746147,1.5365460445576768,22989.43985307622
321.8181818181818,3.141414141414142,12.647214949884274,1.5319735773769814,23252.17630853995
325.45454545454544,3.141414141414142,12.791133903285143,1.5277779615122382,23514.912764003675
329.09090909090907,3.141414141414142,12.935265568271074,1.5239766800202137,23777.649219467403
332.7272727272727,3.141414141414142,13.079588876309431,1.5205876606934379,24040.38567493113
336.3636363636364,3.141414141414142,13.22408268512999,1.517629224311292,24303.122130394862
340.0,3.141414141414142,13.368725783869582,1.5151200279480133,24565.85858585859
343.6363636363636,3.141414141414142,13.513496898243424,1.513079003444286,24828.595041322315
347.27272727272725,3.141414141414142,13.658374695739433,1.511525291228244,25091.331496786046
350.9090909090909,3.141414141414142,13.803337790835773,1.5104781697553662,25354.06795224977
354.54545454545456,3.141414141414142,13.948364750238593,1.5099569809259807,25616.804407713505
358.1818181818182,3.141414141414142,14.09343409813853,1.5099810519300942,25879.54086317723
361.8181818181818,3.141414141414142,14.238524321484402,1.5105696140604956,26142.27731864096
365.45454545454544,3.141414141414142,14.383613875271633,1.5117417191243212,26405.013774104686
369.09090909090907,3.141414141414142,14.528681187844487,1.5135161541663182,26667.750229568413
372.7272727272727,3.141414141414142,14.67370466620969,1.5159113552931665,26930.48668503214
376.3636363636364,3.141414141414142,14.81866270135961,1.5189453214514859,27193.223140495877
380.0,3.141414141414142,14.963533673603479,1.5226355290630407,27455.9595959596
383.6363636363636,3.141414141414142,15.108295957904804,1.5269988484533583,27718.69605142333
387.27272727272725,3.141414141414142,15.252927929222535,1.5320514630243836,27981.432506887053
390.9090909090909,3.141414141414142,15.397407967855234,1.5378087921156267,28244.168962350785
394.54545454545456,3.141414141414142,15.541714464785201,1.5442854184697958,28506.905417814516
398.1818181818182,3.141414141414142,15.685825827021894,1.5514950211695633,28769.64187327824
401.8181818181818,3.141414141414142,15.829720482941646,1.5594503148402408,29032.37832874197
405.45454545454544,3.141414141414142,15.973376887622845,1.5681629958229966,29295.1147842057
409.09090909090907,3.141414141414142,16.11677352817413,1.5776436959133278,29557.851239669424
412.7272727272727,3.141414141414142,16.259888929054107,1.5879019441378979,29820.587695133152
416.3636363636364,3.141414141414142,16.402701657380298,1.5989461369073876,30083.324150596884
420.0,3.141414141414142,16.545190328226106,1.6107835167424265,30346.060606060608
60.0,3.170707070707071,4.04654196487837,2.4279682746094973,4375.575757575758
63.63636363636363,3.170707070707071,4.130197660744687,2.4066141741538543,4640.762167125804
67.27272727272727,3.170707070707071,4.215113882541673,2.385633531619503,4905.948576675849
70.9090909090909,3.170707070707071,4.301284888968718,2.36502202908744,5171.134986225896
74.54545454545455,3.170707070707071,4.388704651695704,2.3447751088069295,5436.321395775942
78.18181818181819,3.170707070707071,4.477366855489715,2.32488798099994,5701.507805325988
81.81818181818181,3.170707070707071,4.567264898427764,2.305355632467546,5966.694214876034
85.45454545454545,3.170707070707071,4.658391892197776,2.286172835994492,6231.8806244260795
89.0909090909091,3.170707070707071,4.750740662486322,2.267334160545399,6497.0670339761255
92.72727272727272,3.170707070707071,4.8443037494544745,2.2488339822425365,6762.253443526171
96.36363636363636,3.170707070707071,4.939073408301131,2.230666496110983,7027.439853076216
100.0,3.170707070707071,5.0350416099147255,2.2128257285753126,7292.626262626263
103.63636363636363,3.170707070707071,5.132200041613159,2.195305550687323,7557.812672176308
107.27272727272728,3.170707070707071,5.230540107971902,2.1780996920623767,7822.999081726355
110.9090909090909,3.170707070707071,5.330052931740396,2.161201755498711,8088.185491276401
114.54545454545455,3.170707070707071,5.4307293548472355,2.1446052322521933,8353.371900826447
118.18181818181819,3.170707070707071,5.532559939493139,2.128303517935754,8618.558310376495
121.81818181818181,3.170707070707071,5.635534969333129,2.1122899290119403,8883.744719926539
125.45454545454545,3.170707070707071,5.7396444507458195,2.0965577198445406,9148.931129476585
129.0909090909091,3.170707070707071,5.844878114192506,2.0811001002742953,9414.11753902663
132.72727272727272,3.170707070707071,5.951225415662435,2.0659102536822096,9679.303948576677
136.36363636363637,3.170707070707071,6.058675538207585,2.0509813555038683,9944.490358126724
140.0,3.170707070707071,6.167217393563816,2.0363065921571364,10209.676767676769
143.63636363636363,3.170707070707071,6.276839623860361,2.021879180345784,10474.863177226815
147.27272727272725,3.170707070707071,6.387530603415821,2.007692386701489,10740.04958677686
150.9090909090909,3.170707070707071,6.499278440621365,1.9937395477273614,11005.235996326906
154.54545454545456,3.170707070707071,6.612070979909728,1.980014090006528,11270.422405876952
158.1818181818182,3.170707070707071,6.725895803811186,1.9665095506402284,11535.608815426998
161.8181818181818,3.170707070707071,6.840740235094248,1.9532195978810287,11800.795224977044
165.45454545454544,3.170707070707071,6.9565913389920215,1.9401380519276301,12065.981634527088
169.0909090909091,3.170707070707071,7.073435925512961,1.9272589058497225,12331.168044077138
172.72727272727272,3.170707070707071,7.191260551836162,1.9145763466115995,12596.354453627182
176.36363636363637,3.170707070707071,7.3100515247893725,1.9020847761658775,12861.540863177228
180.0,3.170707070707071,7.429794903411013,1.8897788325889264,13126.727272727274
183.63636363636363,3.170707070707071,7.5504765015937325,1.8776534112316876,13391.913682277318
187.27272727272725,3.170707070707071,7.672081890809743,1.865703685860181,13657.100091827364
190.9090909090909,3.170707070707071,7.794596402917372,1.853925129761198,13922.286501377412
194.54545454545453,3.170707070707071,7.918005133047582,1.8423135367893213,14187.472910927458
198.1818181818182,3.170707070707071,8.04229294257008,1.830865042331877,14452.659320477505
201.8181818181818,3.170707070707071,8.167444462137741,1.8195761441682512,14717.845730027548
205.45454545454544,3.170707070707071,8.293444094809214,1.8084437232001558,14983.032139577594
209.0909090909091,3.170707070707071,8.420276019248048,1.797465064027842,15248.218549127641
212.72727272727272,3.170707070707071,8.547924192998334,1.7866378753466212,15513.404958677687
216.36363636363635,3.170707070707071,8.676372355834719,1.7759603101356798,15778.591368227731
220.0,3.170707070707071,8.805604033187207,1.76543098560859,16043.777777777781
223.63636363636363,3.170707070707071,8.935602539638664,1.7550490028918282,16308.964187327825
227.27272727272728,3.170707070707071,9.066350982494397,1.7448139663934608,16574.15059687787
230.9090909090909,3.170707070707071,9.19783226542302,1.7347260028190639,16839.337006427915
234.54545454545453,3.170707070707071,9.330029092166813,1.7247857797866306,17104.52341597796
238.1818181818182,3.170707070707071,9.462923970321429,1.7149945239855553,17369.70982552801
241.8181818181818,3.170707070707071,9.596499215182547,1.7053540388169723,17634.896235078057
245.45454545454544,3.170707070707071,9.730736953659717,1.6958667214448602,17900.0826446281
249.0909090909091,3.170707070707071,9.865619128254892,1.686535579177402,18165.26905417815
252.72727272727272,3.170707070707071,10.0011275011053,1.677364245088402,18430.45546372819
256.3636363636364,3.170707070707071,10.137243658088856,1.6683569927769528,18695.64187327824
260.0,3.170707070707071,10.273949012991192,1.659518750151916,18960.828282828283
263.6363636363636,3.170707070707071,10.411224811732762,1.6508551121147186,19226.01469237833
267.27272727272725,3.170707070707071,10.549052136654696,1.642372352000971,19491.201101928375
270.9090909090909,3.170707070707071,10.687411910862233,1.6340774316271347,19756.38751147842
274.5454545454545,3.170707070707071,10.826284902623874,1.6259780097747318,20021.573921028466
278.1818181818182,3.170707070707071,10.965651729825485,1.6180824489300139,20286.760330578512
281.8181818181818,3.170707070707071,11.105492864477329,1.6103998200832854,20551.94674012856
285.45454545454544,3.170707070707071,11.245788637273009,1.602939905378245,20817.133149678604
289.0909090909091,3.170707070707071,11.386519242198297,1.5957131983899546,21082.319559228654
292.72727272727275,3.170707070707071,11.527664741189009,1.5887309017982116,21347.5059687787
296.3636363636364,3.170707070707071,11.669205068835705,1.582004922214849,21612.692378328746
300.0,3.170707070707071,11.811120037134366,1.5755478619160743,21877.87878787879
303.6363636363636,3.170707070707071,11.953389340280868,1.5693730072288326,22143.065197428834
307.27272727272725,3.170707070707071,12.095992559507845,1.5634943133192236,22408.25160697888
310.9090909090909,3.170707070707071,12.2389091679626,1.557926385137611,22673.438016528926
314.5454545454545,3.170707070707071,12.382118535623938,1.5526844542840998,22938.62442607897
318.1818181818182,3.170707070707071,12.52559993425698,1.547784351575376,23203.81083562902
321.8181818181818,3.170707070707071,12.669332542403327,1.5432424751160294,23468.997245179067
325.45454545454544,3.170707070707071,12.81329545040596,1.5390757537087736,23734.18365472911
329.09090909090907,3.170707070707071,12.957467665466298,1.5353016054744586,23999.370064279155
332.7272727272727,3.170707070707071,13.101828116732214,1.5319378916002044,24264.5564738292
336.3636363636364,3.170707070707071,13.24635566041501,1.5290028651868715,24529.74288337925
340.0,3.170707070707071,13.391029084934168,1.5265151152299297,24794.929292929297
343.6363636363636,3.170707070707071,13.535827116086903,1.5244935058370637,25060.11570247934
347.27272727272725,3.170707070707071,13.680728422242549,1.5229571108625863,25325.302112029385
350.9090909090909,3.170707070707071,13.825711619558158,1.521925144220838,25590.488521579427
354.54545454545456,3.170707070707071,13.970755277215034,1.5214168862271988,25855.67493112948
358.1818181818182,3.170707070707071,14.115837922673265,1.5214516064048076,26120.861340679527
361.8181818181818,3.170707070707071,14.260938046943483,1.5220484832833812,26386.047750229573
365.45454545454544,3.170707070707071,14.406034109872941,1.5232265218042713,26651.234159779615
369.09090909090907,3.170707070707071,14.551104545445419,1.5250044690271345,26916.420569329657
372.7272727272727,3.170707070707071,14.696127767091756,1.5274007289083702,27181.606978879707
376.3636363636364,3.170707070707071,14.841082173009962,1.5304332769838722,27446.793388429753
380.0,3.170707070707071,14.985946151493586,1.5341195758393842,27711.979797979802
383.6363636363636,3.170707070707071,15.13069808626499,1.5384764922841627,27977.166207529845
387.27272727272725,3.170707070707071,15.27531636181311,1.5435202171600841,28242.352617079894
390.9090909090909,3.170707070707071,15.419779368733558,1.5492661887124812,28507.539026629936
394.54545454545456,3.170707070707071,15.564065509068225,1.5557290204241712,28772.725436179982
398.1818181818182,3.170707070707071,15.70815320164438,1.5629224341663959,29037.911845730032
401.8181818181818,3.170707070707071,15.852020887409694,1.57085919945305,29303.098255280074
405.45454545454544,3.170707070707071,15.995647034762026,1.57955107949725,29568.284664830124
409.09090909090907,3.170707070707071,16.139010144872994,1.5890087846644638,29833.471074380166
412.7272727272727,3.170707070707071,16.282088757001535,1.5992419337979882,30098.657483930212
416.3636363636364,3.170707070707071,16.424861453797767,1.6102590237620669,30363.84389348026
420.0,3.170707070707071,16.56730686659369,1.6220674074106431,30629.030303030304
60.0,3.2,4.057803874532565,2.4339554579346334,4416.0
63.63636363636363,3.2,4.141683403419143,2.412696291173166,4683.636363636363
67.27272727272727,3.2,4.226821957163238,2.391811163420709,4951.272727272727
70.9090909090909,3.2,4.313213749882202,2.371295690197634,5218.909090909091
74.54545454545455,3.2,4.400852708931165,2.3511452464915896,5486.545454545455
78.18181818181819,3.2,4.489732475042403,2.3313549747395848,5754.181818181819
81.81818181818181,3.2,4.579846402551389,2.3119197936153353,6021.818181818182
85.45454545454545,3.2,4.6711875597105825,2.292834407617588,6289.454545454545
89.0909090909091,3.2,4.763748729089741,2.2740933174515017,6557.09090909091
92.72727272727272,3.2,4.857522408064564,2.255690831191864,6824.727272727272
96.36363636363636,3.2,4.952500809393005,2.237621076213473,7092.363636363637
100.0,3.2,5.048675861879068,2.2198780118709176,7360.0
103.63636363636363,3.2,5.146039211125595,2.2024554429069325,7627.636363636363
107.27272727272728,3.2,5.2445822203744275,2.1853470335651806,7895.272727272728
110.9090909090909,3.2,5.344295971435554,2.1685463223814776,8162.909090909092
114.54545454545455,3.2,5.445171265703812,2.1520467376240244,8430.545454545454
118.18181818181819,3.2,5.54719862526464,2.1358416133516567,8698.18181818182
121.81818181818181,3.2,5.650368294087493,2.119924206057364,8965.818181818182
125.45454545454545,3.2,5.754670239307794,2.104287711861785,9233.454545454546
129.0909090909091,3.2,5.860094152596749,2.0889252842213613,9501.09090909091
132.72727272727272,3.2,5.966629451619117,2.073830052113678,9768.727272727274
136.36363636363637,3.2,6.074265281578892,2.058995138662641,10036.363636363638
140.0,3.2,6.182990516851962,2.0444136801652233,10304.0
143.63636363636363,3.2,6.292793762706777,2.0300788454819574,10571.636363636364
147.27272727272725,3.2,6.403663357111313,2.015983855752802,10839.272727272726
150.9090909090909,3.2,6.515587372626955,2.0021220044015924,11106.909090909092
154.54545454545456,3.2,6.628553618388882,1.9884866773917798,11374.545454545456
158.1818181818182,3.2,6.742549642171737,1.975071373697883,11642.18181818182
161.8181818181818,3.2,6.857562732541427,1.9618697259581126,11909.818181818184
165.45454545454544,3.2,6.973579921091242,1.948875521274497,12177.454545454544
169.0909090909091,3.2,7.090587984763018,1.9360827221286074,12445.09090909091
172.72727272727272,3.2,7.208573448252002,1.9234854873820673,12712.727272727274
176.36363636363637,3.2,7.327522586494986,1.9110781933327645,12980.363636363636
180.0,3.2,7.4474214272413715,1.898855454798889,13248.0
183.63636363636363,3.2,7.568255753706378,1.8868121462041552,13515.636363636364
187.27272727272725,3.2,7.690011107305495,1.8749434226390644,13783.272727272726
190.9090909090909,3.2,7.81267279047003,1.863244740873686,14050.90909090909
194.54545454545453,3.2,7.93622586954214,1.8517118802985062,14318.545454545454
198.1818181818182,3.2,8.060655177749753,1.8403409637699963,14586.18181818182
201.8181818181818,3.2,8.185945318259291,1.8291284783378352,14853.818181818184
205.45454545454544,3.2,8.312080667306407,1.8180712958306078,15121.454545454546
209.0909090909091,3.2,8.439045377403115,1.8071666932753445,15389.09090909091
212.72727272727272,3.2,8.566823380620878,1.7964123731256163,15656.727272727274
216.36363636363635,3.2,8.695398391948599,1.7858064832706657,15924.363636363636
220.0,3.2,8.824753912724317,1.7753476367952858,16192.0
223.63636363636363,3.2,8.954873234139917,1.765034931457596,16459.636363636364
227.27272727272728,3.2,9.085739440817562,1.754867968846957,16727.272727272728
230.9090909090909,3.2,9.217335414457178,1.7448468731800768,16994.909090909092
234.54545454545453,3.2,9.3496438375532,1.7349723096879144,17262.545454545452
238.1818181818182,3.2,9.482647197180297,1.7252455025386788,17530.18181818182
241.8181818181818,3.2,9.616327788846329,1.7156682522358608,17797.818181818184
245.45454545454544,3.2,9.750667720411261,1.7062429524212879,18065.454545454548
249.0909090909091,3.2,9.8856489160716,1.6969726060042103,18333.090909090908
252.72727272727272,3.2,10.02125312040839,1.6878608405272872,18600.727272727272
256.3636363636364,3.2,10.157461902497346,1.678911922669751,18868.36363636364
260.0,3.2,10.294256660080887,1.6701307717757796,19136.0
263.6363636363636,3.2,10.43161862379963,1.661522972283837,19403.636363636364
267.27272727272725,3.2,10.569528861482121,1.6530947849197755,19671.272727272728
270.9090909090909,3.2,10.70796828249271,1.644853156502828,19938.909090909092
274.5454545454545,3.2,10.846917642134025,1.6368057281996025,20206.545454545452
278.1818181818182,3.2,10.986357546104944,1.628960842047695,20474.18181818182
281.8181818181818,3.2,11.126268455010361,1.621327545556411,20741.818181818184
285.45454545454544,3.2,11.266630688923232,1.6139155941794125,21009.454545454548
289.0909090909091,3.2,11.407424431996311,1.6067354514416756,21277.09090909091
292.72727272727275,3.2,11.54862973712213,1.599798286492694,21544.727272727276
296.3636363636364,3.2,11.690226530640132,1.5931159688489258,21812.36363636364
300.0,3.2,11.832194617089005,1.5867010600819433,22080.0
303.6363636363636,3.2,11.97451368400285,1.580566802206482,22347.636363636364
307.27272727272725,3.2,12.117163306749712,1.5747271025216518,22615.272727272728
310.9090909090909,3.2,12.26012295341029,1.5691965146651834,22882.909090909092
314.5454545454545,3.2,12.403371989695733,1.5639902156495948,23150.545454545452
318.1818181818182,3.2,12.546889683903006,1.5591239786654048,23418.18181818182
321.8181818181818,3.2,12.690655211905629,1.5546141414595216,23685.81818181818
325.45454545454544,3.2,12.834647662178277,1.5504775701254554,23953.454545454548
329.09090909090907,3.2,12.978846040853938,1.546731618179673,24221.090909090908
332.7272727272727,3.2,13.123229276811367,1.5433940808428865,24488.727272727272
336.3636363636364,3.2,13.267776226791456,1.5404831444976101,24756.36363636364
340.0,3.2,13.412465680540764,1.5380173313541632,25024.0
343.6363636363636,3.2,13.557276365980204,1.5360154394246337,25291.636363636368
347.27272727272725,3.2,13.702186954397625,1.5344964779792578,25559.272727272728
350.9090909090909,3.2,13.847176065661808,1.5334795987394987,25826.90909090909
354.54545454545456,3.2,13.992222273457006,1.5329840231465501,26094.54545454546
358.1818181818182,3.2,14.137304110535268,1.5330289661309129,26362.18181818182
361.8181818181818,3.2,14.282400073985341,1.5336335568953294,26629.81818181818
365.45454545454544,3.2,14.427488630516645,1.5348167573088372,26897.454545454548
369.09090909090907,3.2,14.572548221755412,1.5365972785894937,27165.090909090908
372.7272727272727,3.2,14.717557269552248,1.5389934970268033,27432.727272727272
376.3636363636364,3.2,14.862494181299082,1.5420233695563466,27700.36363636364
380.0,3.2,15.007337355253178,1.545704350049639,27968.0
383.6363636363636,3.2,15.152065185866658,1.5500533072153917,28235.636363636368
387.27272727272725,3.2,15.296656069120191,1.5550864450248214,28503.272727272728
390.9090909090909,3.2,15.441088407858095,1.5608192265708816,28770.909090909092
394.54545454545456,3.2,15.585340617123727,1.5672663022471696,29038.54545454546
398.1818181818182,3.2,15.729391129493216,1.574441443088833,29306.18181818182
401.8181818181818,3.2,15.873218400405245,1.5823574800528877,29573.818181818184
405.45454545454544,3.2,16.016800913486122,1.591026249932276,29841.454545454548
409.09090909090907,3.2,16.160117185866337,1.600458548497337,30109.090909090908
412.7272727272727,3.2,16.30314577348941,1.6106640913434263,30376.727272727272
416.3636363636364,3.2,16.445865276409076,1.6216514827979618,30644.36363636364
420.0,3.2,16.588254344073636,1.6334281931059442,30912.0
