laser_W,scan_mm_s,pulse_kHz,n_passes,plasma_s,n_cycles,mask_um,wafer_um,duty_cycle,beol_k,beol_thickness_um,pulse_regime_code,street_width_um,die_strength_MPa,HAZ_depth_um,throughput_mm2_s,delamination_risk
11.744667844096757,116.38940957447787,52.47914532927936,4,3039.810717600817,50,13.312808188042057,298.5612103689994,0.5892624923188806,3.389623120439206,8.526828432972257,2,22.501398743312116,637.1826405742701,0.7803686688578612,0.2058261273538976,0.0
26.579473058747165,316.5844880996367,94.95678358060772,3,684.9590134363889,30,5.112815700492587,276.48415551011135,0.6824705604168251,2.8461546895181318,5.0694204340950675,2,20.546686300939484,802.9091875401645,0.5657488373469305,0.918199060556775,0.0024038181646126415
8.37741262556028,388.5953360776327,128.80314837135887,2,1530.725626676867,30,18.121293183933005,375.26631848359364,0.42201567703816323,2.7716007122405935,4.574955128607537,2,20.7972864253911,1006.2310980219146,0.43669901883359646,0.43250311576463474,0.025280206835369586
20.57967861715106,133.60613743295391,174.89662214800967,3,1318.1083289788564,80,17.900231923781966,46.96301305194788,0.40250535449109437,2.0554750937212263,5.602714933194296,1,18.841677295895796,330.0305708630789,3.048682589518046,0.4745142630805412,0.056801980922271365
19.50830964967127,219.47845312756903,150.79923169345392,1,1198.5463319046398,80,9.206872860162086,64.56072983883607,0.6661973363857383,3.3761627402153747,5.523017237726272,2,20.166098615333976,1121.869604188709,0.3623836391817421,0.5363525203149548,0.011650499881140221
23.943221132707286,298.9690781950476,129.39682402951556,2,1843.9675480670123,80,15.486220720408399,291.6785792461562,0.9388537179520404,1.995385476577539,7.832120936610475,2,22.035014099296944,987.1797256979738,0.4878871542317355,0.39567464783400974,0.02397214152817403
8.719100305812448,489.05152552918196,183.4903333580781,5,3067.121482629211,20,6.950339633868166,325.7052170193655,0.9311771438051226,2.2524214628968973,6.311475260977495,2,23.361108777214216,693.093414196943,0.7213312532447832,0.23043987451331063,0.0016985882642540813
5.709134127838026,387.68790913069614,52.3987594285358,1,2138.2761697862343,80,18.794771753549107,49.78093627152803,0.8571855516511449,1.9133730149040724,4.754479830433001,1,20.308745233075086,471.98219057383176,2.0250022438182103,0.32151063167604726,0.053932261490102676
10.64673571043311,149.8218823341134,93.24961355113663,5,2358.369194438198,100,16.765083190517224,235.1784820023197,0.35957909298808943,2.5019237825575176,8.544967767767282,0,20.82650021966447,157.49817059770797,19.591633222427564,0.29472755813974594,0.48794696093723033
26.2072802068765,158.1894152746127,110.976550512219,1,729.2006657046126,100,16.986006763085534,180.76901401420923,0.8468235867502925,1.8169227533723964,4.920369262066165,1,20.696504438429695,426.55109281026006,2.1760445548341942,0.8341911645736221,0.07079377532101873
26.619457385019352,123.78566064013539,107.11557624663342,1,1889.32218353573,20,19.599859472912758,315.8841955381856,0.37797162644733495,2.2587225353513602,8.904961633514542,2,21.15918109221534,989.0651325095557,0.3915484088063653,0.3869461858111153,0.025774879834442942
9.567809473164061,452.0392485216279,171.85030971668812,2,3475.240895333856,80,18.73714781264512,305.5931887381578,0.87463126859291,2.2201494585475827,3.129972455208253,1,20.34183269092051,406.72543567517744,2.2963019173878956,0.19710571782246775,0.07413131674402719
19.45839787315682,177.65190915631743,128.90333729268127,3,2170.30418218476,20,19.693025783154006,239.27335017091542,0.10576799439787915,3.1135036420831605,9.826125710721165,1,16.951368712104472,357.80632674892377,2.7807035148295918,0.3177501159404356,0.001864648016959531
19.442197312946483,340.89567055185034,194.36346396865716,1,2099.9184709758556,10,15.64965714780502,91.46002767799705,0.4492600586060673,1.9069223473734513,7.807046910206214,0,22.33675205295212,163.0994189459438,17.427740437710607,0.31297663023025984,0.825602844167243
27.883099002794147,150.96120361956253,61.0344357995948,4,810.9787607076541,20,13.779189648906534,211.21438517456988,0.24718907457683226,2.945346844136365,4.544139102766384,0,23.356579900107505,160.7733587786205,17.367696076722,0.7155956467769718,0.27255198992972307
19.468962583087563,178.89397891834741,171.22051277203522,5,3566.086000103459,30,6.110036519487219,386.13217754660025,0.8208253329477481,2.6181428441779566,8.508272513437085,2,24.81623066961756,582.1611796772626,1.2189504485271818,0.185159683584139,0.03500667296993123
13.138640402517611,497.61070848399373,167.1785753114567,2,2056.6054163387635,10,17.917991399820533,57.5555770805853,0.7375768812224794,3.141562860298748,8.393571037728918,0,20.429421454247617,161.81003314592448,15.26543067915905,0.3707169559450167,0.17845860437719832
18.535249590754113,145.04546621622288,111.04217009589593,1,2833.1421790421973,10,17.48189050798237,77.09937967007409,0.733407192340118,3.195875250270886,9.854626582974351,1,21.220093758824202,418.38839861268485,2.019293618466639,0.23048081400728515,0.008983091404862649
27.845941691829072,290.45882878750126,179.56793616456272,4,2704.7056981856185,100,16.050088589719053,239.00679469731216,0.18446063808997562,2.465346724717929,2.5899281071824474,1,17.44048567927292,343.6353423043209,3.2083236903515737,0.23659228039235747,0.05545718540325878
28.344222748921066,373.6201792300132,173.56720375891575,3,2349.9601407704276,100,3.683709755378212,291.80755904415923,0.6121232688370224,3.204127277689679,6.257283787794753,0,22.889655713351374,126.81966965490085,17.00981170582915,0.2896310429079581,0.15162954493153669
8.183961798041777,390.44940437359213,92.01236027997493,3,1171.8526812120547,100,12.5950179590501,206.68710337984388,0.9089413887236361,1.9462211413037045,7.569235602727142,1,18.119328075089395,425.6995784340504,2.3888436668553332,0.5459651634016986,0.04667781700945777
28.591944130729694,179.71933627179448,126.82604867566026,3,1090.1042734108685,10,18.018118471770553,320.9678305947536,0.6011519410485913,2.1781707731853124,6.461980660970451,2,21.021512792311196,750.3165003332181,0.7421532926881507,0.5940657593713519,0.013374371958710786
11.160149226274388,329.75121923917277,109.12801490433463,1,3576.069685744335,80,5.58413434288313,246.23522224357401,0.726593595493111,2.0321238043115066,4.50076517680937,0,25.038507915747534,167.86409930387106,14.29278793338037,0.21354962332838276,0.757149901245012
19.624567005641957,290.6353686823082,88.42250321418385,2,653.6742626909258,10,12.859493069589611,96.66635254752805,0.9779796805841383,1.9827112882564504,5.616710306616867,2,21.124733176583543,909.6750565415969,0.4339065165787129,0.963909827159899,0.02201983705810373
13.818585392410128,307.9332297336927,114.00817155953617,1,721.8526856182357,20,19.065419021178652,85.96364678249432,0.8668470992164977,3.1976331704095484,5.130350056624864,0,22.407829674446273,153.75283864226174,14.366632782343753,0.8525884321597414,0.1580254409553604
22.281786986015117,465.18964240275125,173.42106996418832,1,2844.6728252437347,20,4.473582492947227,184.6960901102581,0.45707669843808274,2.143685759758324,9.503240869087914,0,22.11523724692252,163.32402559494986,16.757065754662452,0.2295009694752203,0.7018250249919106
9.327840925511637,334.5513419193511,193.7614002769088,5,2749.5397036974214,100,12.767463034513675,393.750514957533,0.8533423285480034,3.123021984373278,9.107919095292,1,19.524938147743864,381.8177834494736,3.0354013058154536,0.21035528118169827,0.007099412099355662
9.251962540371661,330.8791795946363,130.38483943686714,1,2881.45979599575,80,4.867074063086452,259.3528606254938,0.4725602942186735,2.8441424406355216,7.551876345171962,2,20.023902131131,1215.9558626266014,0.33308656095142936,0.22588299134798995,0.008641265662489945
22.38255265229546,378.2845411249831,79.32237694648946,2,3515.512249833336,10,12.030674094567047,340.44075682936284,0.5378683899728394,2.6091062791705557,4.066195200620295,1,20.32342638151756,446.729717254303,2.3292248309040766,0.20427093806018332,0.06359503821044987
19.393052280476304,325.36498946959597,190.48491252114408,5,1094.3479561980105,30,17.907859186593186,360.5231863325757,0.14343903550170578,2.13698085242712,7.090269228795679,2,19.136348034090616,624.5176176941958,0.9095535412756278,0.6191883361437431,0.008454785119975475
10.426679526803156,130.05307794911346,132.6567493689957,5,1175.451444405764,30,16.14549816670156,332.9599772792209,0.4585019959884119,2.2999298122860834,4.216967115495662,0,17.659247802721737,140.50282032703748,18.85703536123808,0.5545859262824068,0.6194074305913174
21.8941860486865,323.31157919001373,108.09423725778109,2,2375.7083496423315,50,8.78550557547133,138.70037974909198,0.5911739911173579,2.840980956303146,6.88638751137447,0,22.564730409701472,154.25930400200494,15.095700646787183,0.27744194189848886,0.3372500147591421
26.880706342549296,476.68246221195454,89.27960237809059,1,636.3042470165781,30,6.106108380258725,389.36172035697547,0.9079285916057935,3.4331303060814617,6.830957261926022,1,20.30424223814717,482.28402758688964,2.041276392172845,0.9197948152645541,0.0
15.992486249138283,409.4224913237196,125.140693548273,4,1487.78054102824,20,12.764983069647892,78.6257815991052,0.11236407275483073,2.5376150813948835,8.097577374873758,1,19.012610121207167,359.70820455732013,2.941461802430479,0.4887845533907136,0.006665605620356896
8.807374071220348,179.7215636428,114.83974465193991,2,2136.447358862701,10,16.259061106805888,350.6616829064611,0.3844044871842167,2.663709134485693,6.754996820102071,1,18.395548883814577,407.9968141170221,2.347478395316457,0.34487911255564435,0.03691821589739987
27.49864483597371,279.14334479549734,110.9919267550772,2,1294.1177179642366,20,14.063027690977771,124.25725068351082,0.8760479685787426,2.260102272608584,7.386877049801182,0,21.433471009581982,159.1205312064709,16.259356535432072,0.5345950584808852,0.6441606067343102
6.910975522955424,313.69240944149624,74.85967279284083,1,3021.5037902804697,20,9.36831851949258,202.45148927071332,0.29487547060914204,2.405040573179394,3.7823314842276172,2,19.62635843490388,1088.9245773943824,0.31101952961245305,0.2301796294649853,0.027679094843471398
21.60354641871264,364.1106179710739,62.71384508360208,3,2807.770799693927,50,16.524662224438643,245.70034447725723,0.2175157524111021,1.9423585506245242,4.584429544846543,0,20.961814314313465,169.29910331873484,16.02928963260235,0.23971888530697197,0.7925757241935023
22.717556535809596,226.87171066687182,183.47978954550558,3,1397.1242062097494,50,15.259818363986314,278.7266737167173,0.6912113049331094,2.968605503932655,6.690113688147865,2,19.394101462681537,718.590599660835,0.752363291139984,0.44066816856933433,0.016720108635265924
14.459234510216366,147.58606496580705,114.0436406059831,3,1732.390294597302,50,15.044491215874054,111.59578576685388,0.2294427450438311,3.073129735630427,7.349825038096439,0,21.25603815579624,155.94112204146253,17.9149306271856,0.3537350391871845,0.21299488029807415
23.788492190209784,209.49246809335853,190.7039479456706,5,675.6982683139034,80,7.112350509501295,299.53003126370663,0.5735512274514594,2.5894381934199124,3.780266710177468,2,20.260540270399773,621.9960304699318,1.2095265221346154,0.8322601678793665,0.0004206016953939573
26.920443414990224,340.6656416929024,168.4316970437573,2,1548.6656030294002,20,9.404002880611603,210.324702205763,0.5252203220297774,3.1981924678902023,3.3855242552963407,0,23.302083005939053,160.20381349969935,17.22667847400991,0.4325078488515596,0.15033831184566515
29.261235168712677,128.5634388213931,167.19578978424522,3,2026.2748607631863,50,9.223365247401196,167.8380276553415,0.31921525027193126,2.3004183877905957,5.3593506496206,1,20.061779107516408,359.25215630914323,3.39295325799679,0.320208752886012,0.06488083212870928
5.695397654931732,366.3778553049417,83.03490366706927,3,2986.098406816274,50,8.640836617194562,117.12905976590754,0.7528677284265174,2.6090262486092697,3.193681168394405,0,23.60413767295113,151.44473742176507,16.389096541731003,0.2281693551266264,0.4635037072287334
10.64143530696195,281.40955560837403,177.77860604084205,1,2550.5922565058063,30,15.85095690647205,188.29006574522882,0.9844875506747488,2.528836133724169,8.697570791228369,2,22.64902578559512,1105.170197808032,0.35394663187368675,0.2880513745003417,0.021452784053195187
28.237787843174722,179.85800535247498,134.23800561127152,4,3175.330281898535,50,10.933331174655368,336.2092304353558,0.5715069078042142,3.4257689210184523,7.732862669858149,0,22.668499094949016,140.7230694772659,19.26445548758286,0.21838910953345206,0.013236602849964488
14.62880810565681,169.53127064945096,164.32574945905816,2,3163.493110936641,100,11.78619392498859,173.12984874909512,0.8110137861827199,2.5904869102983112,7.846472393185382,2,22.186438267943352,747.2296780923537,0.6090397594163343,0.22546596277784253,0.022984868325965847
9.56671628477022,412.832424174964,90.75785035297383,3,2538.04523967398,50,6.394513388601167,37.90260087925921,0.9883300092039617,3.189563243232441,2.9896420396758163,0,20.287910974839868,158.4905080527929,15.613888678535547,0.26437164070453173,0.16106092971779656
8.41630019716647,399.03447009003423,120.47358114098093,5,1577.6502243821565,30,17.367432376289425,145.92278408618972,0.2393304009944158,3.4858640211676097,9.353519913903185,2,18.543814729182987,719.5519670637973,0.6688398493723386,0.4361534159345581,0.0
9.921577869013163,218.2748987990797,139.3332282261499,1,2808.7014478423635,30,13.070168778847892,102.63574471299611,0.649098558895578,1.8239004447531502,2.893982522424354,2,20.36334873900351,1112.6182457416242,0.37310478043986467,0.23957054222478916,0.05266939198315876
14.391058142631353,476.2954862913768,102.7728993722057,2,1893.398568613792,10,19.596165595880493,161.82145932521888,0.1751836788906686,2.9185700702064303,7.732839365723811,0,21.131755115650634,165.63375208111145,14.975023928882857,0.4036049447918329,0.28280373450624346
20.522722460498784,177.56717914730189,153.18717820835508,3,826.1662160830431,80,9.45127078393667,147.56792407967833,0.61338819035032,2.9101904712260893,3.4511023071068907,0,22.009468335092507,145.49688912397227,17.590924991636424,0.7768553046054784,0.29438248050493887
26.729842888117037,275.32201531978956,182.46170022439966,3,2326.6195290907162,10,7.289152490181678,333.8551957456114,0.6797804662029474,2.1607843187996707,3.040563947640668,2,21.929520494119142,732.2127839830943,0.7271867982019218,0.30238162002585706,0.028080827053309262
10.658326194857105,113.0289399258444,77.05041298185242,2,646.239528363486,80,12.590245020303623,96.72503709551755,0.7899946141422108,2.6149386839300734,6.392639512614138,1,18.236612630918195,381.95760965244136,2.402358373823029,0.8877538061233958,0.03589459065712707
17.390556811196287,437.51373977761074,50.573131369873536,4,2597.8722209646326,20,8.553156032268593,346.21438410399173,0.10017100144660916,2.8746043594456836,4.4081918478449245,1,19.170593584881548,406.08169119094947,2.3076809720375047,0.26308518844524365,0.014081155107008907
9.682017207725798,454.46997196492043,182.35799929810395,3,2718.2880826111773,50,10.673574495910113,325.54126163907546,0.850470621652922,3.0990714887825748,3.9451907142516136,2,21.591485853881693,876.6398424116953,0.5651381136162591,0.25573914805358394,0.01448256178520381
14.436103766387813,385.19581637014215,156.4054543268606,3,2646.848679414043,80,12.814415949162054,218.51630494007696,0.5652173202466615,3.3112671186328893,4.934009067421025,2,22.010169047568127,836.035428443016,0.5702892240156361,0.2541261051637242,0.0
18.197126116596007,441.32394213415785,76.9183290830686,3,2347.5067552055734,30,16.086945295513924,377.8663609380155,0.5955470931115691,3.366750632066044,4.692471698764324,2,21.894329978519078,924.9028037531896,0.5063987246097246,0.2969354364540729,0.004901624479843159
29.171965481627115,357.84898439018434,186.35567551429875,2,1488.4793089031618,50,12.645329536875568,158.02306877136598,0.510849664438554,2.8188219972419226,2.2262877948046187,2,21.65646002325759,892.3460502553075,0.496960867805393,0.48096482027098303,0.017822058485731422
11.052360053619918,421.5967284236055,176.04223397743965,4,3042.6711916236804,30,7.711384301546427,289.79058336755566,0.590910961291403,2.548168434134526,7.251538209390213,1,19.013430021208368,370.4347751482756,2.6866296504606013,0.23441357595135345,0.04076781306683455
24.19042766409356,131.82062440549385,65.8833362623032,4,3166.053480786342,100,12.662311938219666,213.81355215003032,0.6639963142038622,1.930809409087519,8.158321810931316,0,22.791428252246366,145.15014292655795,17.56973071883503,0.19742914426374614,0.8195926726636711
14.27506876739092,118.41498854058887,194.63173275824084,2,2826.4339231825825,50,12.032012173310934,332.3825885012396,0.6081545611789533,2.008686693258233,7.1352525172464425,1,20.046754424093912,414.86959652783975,2.6382013395350863,0.22962959985504858,0.060544158691203956
18.928438645632077,408.7089107839588,156.78324462876145,2,1626.8901180044552,20,18.899574042118264,281.80376616232576,0.43057126202722196,3.348289161651828,8.620993541825381,2,20.935730949766228,818.7716151968273,0.4580634389959532,0.43065821627168244,0.0
6.842648388946403,373.3064049890344,169.89049347185585,3,1634.5300092750135,50,12.516146422448328,33.06998179279766,0.6063954901777523,3.2565619970156328,2.6244258801165605,1,16.780036304748553,377.38331709723553,2.451700762144019,0.4120162434384244,0.026865755003643202
15.897951639056968,340.7178862545805,177.50423063823507,3,1473.7821744731632,50,3.8414015311067495,124.89966014998407,0.15959066338428662,1.8706494281956085,6.421844497682937,2,19.74984315346913,729.8157721156354,0.6161882934343721,0.4484432162137852,0.0
29.266951458180067,366.78678556065444,158.8631062504747,1,811.1691423605378,50,17.31191308701326,181.76087657697167,0.4532210419385564,2.030025714807462,2.905759086650244,0,20.650780714585366,154.44322574701943,15.73883458856593,0.7808666350362554,0.7563594087850025
14.478691967496713,202.6290810321711,96.02699636823871,3,2282.4211600771027,30,10.499057508844674,40.2858727407304,0.2693390533684932,1.95410879682243,4.666747312238226,1,18.873258218247575,363.54782643905526,2.602751080539967,0.3023473800792949,0.08374345267136424
12.406398875983573,304.3841915685801,124.57474476089804,2,3075.9046745005758,20,10.366326711779681,342.0460469352551,0.3389433672983604,3.401297295984321,2.894858771209801,2,20.656138643390765,944.3154492141168,0.4389415686395365,0.24118268998106,0.012199026698201453
28.23542501557142,420.0770307574021,109.41581738372236,5,3174.8055103079323,100,5.144927316455673,344.48438834469187,0.8346220339797062,2.0304612487689173,8.932212135827662,2,23.925616267007705,695.1634836608182,0.7788241222134161,0.22805479540359727,0.016848798558135713
20.00534495146493,159.0821862434606,104.88051293775601,2,2004.8507451424396,100,8.726499225410688,152.85769933151158,0.842179782010571,2.5723083468176426,9.58682802187781,1,20.4074524236125,407.5874154757774,2.443996602362959,0.33384302528321524,0.032474945790759095
11.481422663238224,448.0367858525744,98.37475645198893,1,2050.5766236024483,80,12.633530862334366,60.99795022876878,0.22744210404081114,3.1616530718248295,3.951282289940891,0,20.911763153245527,154.6464843329973,15.680847389786912,0.3400518539661146,0.18384447913936147
14.929570523854009,446.190030428695,161.60472020793338,3,854.4338876579786,20,5.913073290918549,210.4675616751912,0.42197332561533885,3.214369473387408,5.753926744428607,0,20.788406963113747,158.37019027122176,16.600283339963216,0.7719797430375801,0.15617358477329601
14.965153217927641,147.63433649590488,172.69001662223823,4,1636.5674566832204,50,19.803920459367642,288.1606507917944,0.9160171580181301,1.8227034126786297,6.829739758827361,2,21.891077072578913,598.3721082249097,0.9772619687619385,0.40733128859432705,0.03199422816424245
25.81902587873489,374.7545707958467,197.2486664879014,1,2382.5702235737017,80,12.167135313011498,28.700259890318318,0.805433233794665,2.452803036893069,2.8532255961208213,2,21.320657231951994,992.6850861943274,0.3868725497705254,0.2852165170236363,0.028652637210038773
20.247685405599384,132.8856637091301,145.45668131674125,3,3123.663445101331,20,11.862623236883584,364.79472809618045,0.7326637167211901,2.1514279575293935,9.731941399988031,2,22.207230267382254,647.8914377915335,0.8196118624231112,0.22686266319062798,0.03195520773381774
27.568083347790292,421.84098426170686,98.44584963501555,2,1060.0193222762414,100,7.423314602585537,267.3824590268403,0.7733630082177543,1.8855716814324206,4.15091337617752,0,20.44792699202241,165.42061525945147,15.889580093598985,0.6305703674024543,0.84675193206576
28.394019680708706,124.63941795895713,131.7880181703861,4,1266.652476149186,10,16.90291160475121,117.34354147019744,0.8739051141425,2.1016028999034675,5.840578153300077,2,22.021269485107062,648.1728318623024,1.1554048881586017,0.5022770349709068,0.021906089364187524
24.64338305795578,217.41537168639718,58.4524158590666,4,2237.8409314150304,20,17.9205133819927,271.57932584405216,0.6465509294217588,1.854013122616266,5.98429455356812,2,21.392142824858716,737.0960836050808,0.6392298183123731,0.2880281430146137,0.03662882097211723
21.067458557183596,207.84343391327423,155.8731290629944,2,2685.275608665188,100,17.189887977718122,146.41882829478848,0.6608744142135166,2.718039053099249,2.5735529813696383,1,18.48426290579631,391.40999626192166,2.695285023388917,0.25175755308258774,0.04912056625943552
9.911761814248583,207.98498804357263,56.36360328780941,5,1872.690680602861,50,14.19522670383004,224.29844991891596,0.4751057243697169,2.3984441574271544,2.324977972167239,1,17.570895570396083,357.33961458105927,2.9330781694677173,0.3270347097978663,0.08532619222982811
8.790741611516363,235.98002678856983,51.98725714752708,4,3394.7072631191436,30,17.328933015967127,385.7255655047844,0.7547068187361828,2.2432611522313053,5.937163797892467,0,24.725888283589917,153.53562892094158,16.457190360246173,0.18809132926075378,0.6537629249006022
14.079905601313557,176.56251489883925,154.58603986608802,3,2951.642823898185,10,3.1229647467671815,256.30034523685487,0.6351524655946059,1.9793711153578932,6.737618334399916,0,21.953099141208924,159.6958203868794,16.780916636628515,0.21940527757445968,0.7950191266125577
13.18853622603056,333.4807824372118,65.47743324721809,5,3589.215051117389,10,10.85035576895913,237.2949048591799,0.12446949006340799,2.208135398308097,9.797512452670334,2,21.1577207041317,785.7237827202463,0.6516566677841281,0.19605658715563515,0.02259278441010666
26.530707071055456,404.0888625619493,102.14866036200817,5,3039.3693553219573,50,5.3603793057460045,55.532714932999795,0.5127266762605134,2.3275785719285453,2.029877840211058,1,19.364712695982632,341.40879960242046,2.939738923517007,0.21712168996248063,0.0875814573161895
12.491665253453988,287.0448225703999,105.14899411782415,3,1312.7581499237376,30,3.886062538818437,108.51367086705069,0.1749873566033468,2.056073116866412,2.9993590839320383,1,19.371407718327752,423.4486595526641,2.5101245591298773,0.5075667227695873,0.06664890697919332
11.12861208862807,116.3310405571452,143.90146847121696,4,1766.554557650448,50,15.466641172484062,376.36858808319795,0.4567197271553497,2.438053905756182,6.113466783124623,0,21.699007734184356,141.32997126263027,18.433524990501233,0.3430171221419733,0.5475712970192339
25.202703034264584,232.8581166559064,133.87338713387993,1,766.4810564155642,10,3.4715475871007975,102.72191357928705,0.5031071186850532,2.6904809125542433,3.0024671159710996,2,18.897472941336236,1015.2196926680474,0.3992389265670082,0.7879714782946928,0.026329511646847093
24.97506981476077,205.27042503058036,71.03307175760843,3,3219.0220452321423,100,17.86119340686064,203.93959805931124,0.13181687936961453,3.0630379640643355,8.321262867863105,1,20.648310509312928,412.71168885848243,2.667270227079673,0.1987511822835959,0.005971600899613309
11.29045261699996,497.3712878326277,55.677303711931046,5,944.146757188149,10,15.222163881233842,372.4352246129819,0.86254430279507,3.4498726807046403,5.530869115397497,1,20.1584389800211,425.68529043665376,2.6795128398376327,0.691694997500239,0.0
27.64919873955214,266.27134633888477,165.70376525717984,5,836.3091141845493,100,15.023148628044689,363.68494708096193,0.9050418139121267,3.2836896038609003,4.229977253453021,1,19.699774028189996,345.4949180993449,3.047334883234808,0.7445648286897397,0.01749439953500593
8.667205797739168,448.13751860844746,125.78435342440369,4,3468.887629466302,10,19.106462521702884,93.55672939860946,0.8511841602753074,3.26679289179748,9.578226506776335,2,22.02300149722587,901.0584474861994,0.6467969055238305,0.1977230020021972,0.0
23.055499733174855,235.82268383549453,187.83120743515514,1,1599.3736318797864,80,18.799536592791277,146.62820254401453,0.3879649211052577,1.8505319830116598,7.607264742933042,2,21.72599399217002,1047.7959259521067,0.410662026998881,0.43801717158709724,0.012254281557946247
10.716512301166047,444.4932195223127,51.82164285806394,4,1182.4477533045422,100,12.781638072172724,74.39466945586955,0.10424742144400395,2.4953547645181384,5.475411531551913,2,20.70654608197253,854.288280892245,0.5190444895141494,0.5795531430207774,6.60916755349742e-05
29.912596635683112,269.54012454802523,151.77276665810774,1,1026.6536309701835,20,6.290087419143366,30.69637877725379,0.7194507410183782,3.4824722208311725,2.732807496776867,2,20.461933694176295,1086.0290156591923,0.3825180596422086,0.6520255357101735,0.012973712132137398
12.16006313047551,421.7556772687486,78.12744723083478,3,1739.4026608305746,100,18.527530347532306,329.8111060945947,0.17646635428561142,3.2689351406171814,8.330605325651426,1,17.290413393425588,430.9381396107898,2.371252728638072,0.39971709646962383,9.074251795923582e-05
27.827113129544603,339.45531522485544,64.7272838264565,5,2455.2934139849212,50,16.791056707920028,243.09466086961956,0.28120941680643347,3.448878345383962,4.37011911375889,1,17.703332455138177,373.1018324510642,2.886311376182997,0.2772389990515323,0.003535979494946411
21.40844517091489,104.75413601167402,57.86043666184805,1,669.4837193194513,100,16.38652269481924,51.34452218712501,0.38736684213411077,2.4446051584319544,9.195451060322664,0,21.669403735494566,160.1160278929785,16.133917265665648,0.9640221160163858,0.5488007987870048
22.80233192426547,316.7311551155666,120.1247798556447,3,2315.4810452677434,100,9.905359665624593,60.091011449770086,0.27303341212056736,3.4715922942588238,9.693636616618686,1,18.811585270206663,362.67279355958857,2.5328162829684713,0.3111650568801379,0.0
14.921066287984907,230.35447797856517,86.97254736312652,2,2925.3432702554783,100,18.549137589534038,95.77030322517584,0.9054424979524259,2.060930539924483,4.367556212607133,1,23.1482663740792,431.6841141118712,2.1984026133419348,0.24044551864298996,0.07008811729763267
28.954999498094697,147.57195827226562,106.53552677000395,3,2556.6975408873996,50,8.716047733200773,118.28003780503636,0.9170382779392858,1.8137157834555986,9.849785348455605,0,24.38916410012918,161.54964404843383,18.405914912462016,0.26219697216660515,0.8751680100343757
10.56650811319282,183.1945381525022,183.84759359592982,1,1976.5041596323322,10,18.406005672609567,172.4316351483701,0.9314959727193365,2.9567045331291535,6.838879478213992,2,22.330210558462724,1059.2241024018526,0.378806997606798,0.3373849550648666,0.01899691326245361
15.191512318475285,204.92687042530164,61.05890897224123,1,2318.1943684845496,100,8.711439284987474,340.1154304795241,0.5383429166464062,3.2209393662254895,3.318132887182448,2,21.753372649349732,1153.3433394600638,0.3113616252637384,0.29452059754738247,0.016843883468486906
26.508855160442927,255.2322117022204,139.9785848562061,5,3554.498412091868,30,6.361589706029943,249.4863135680261,0.9021259681410542,2.7049564932570007,5.739003983274213,0,23.605811402215096,140.3695586875947,18.449652833001362,0.19240038684619115,0.41393660162339707
29.025732763542486,438.08873187815306,172.5067084448458,4,2806.078549822747,30,11.315704758572322,67.57841799210766,0.13018176005425003,2.391933160757595,8.693043661824078,2,21.89184878391111,807.3372887449747,0.7657679842878075,0.24923380081056812,0.0
12.393218010377842,277.4375001509393,71.20856871001675,4,1817.4646325387732,10,12.018011468647567,63.314884756338344,0.8740364747998859,3.013593625861241,3.1906504759104637,1,21.48343304893271,403.4505534972846,2.6939680295107316,0.3430389590635119,0.05649163852990198
20.691203810885778,147.7636522248573,81.95152317035647,3,953.094107300182,100,6.787147731174159,365.68572872468565,0.8029570239506346,2.562056570795225,9.756378951174508,1,18.910387538918012,400.18588028058764,2.9429963917191175,0.6187304495733316,0.014627747091456395
9.605058277700454,454.4003566756082,184.54094629848908,4,2905.6811883185233,10,8.140523381476184,44.421206702452245,0.9174827732974613,2.780679929942966,2.35156344232158,2,20.08232175000229,754.3960797565405,0.6467893672943895,0.25039190031076686,0.03175381962583357
27.695952362673214,242.81726215113642,91.19802342192494,4,2276.5641255051096,80,3.4198526867088246,155.7733680212915,0.10777258824877106,2.3253868414178074,5.741516621672067,2,17.925492277713257,740.1747719124729,0.7689414992693651,0.3058316226215873,0.0008618854634511956
20.15145371526109,368.4188296569695,98.13173766635052,1,3346.366380290021,50,5.924054454879341,341.3627308906928,0.5042202939755489,2.751631030821228,8.14231624228198,0,20.949877982045503,161.28466825929786,16.518971624390037,0.22904452773893516,0.38879097139261265
10.94822500397277,345.3554969680545,140.29976581570546,4,627.4562409078508,30,10.62148434586047,126.1455151410449,0.9957517782291768,2.78338282194622,9.085432098120096,0,19.858077501421057,165.32552380238096,15.794225170926156,1.0524748622357316,0.36453503817774396
24.061983560683988,411.20295744603266,160.18052604866378,1,2582.15178292765,80,10.315418752044682,152.62264095145855,0.9060504379291031,1.9457853571757278,9.752894936496514,0,22.931384867626875,158.59123245113526,15.220175898164337,0.26887058892118776,0.8130666325232266
26.124467379829312,217.76122401188854,138.47422254412243,1,928.9863082762633,30,7.733268571632941,331.06055153589085,0.38524862657590886,2.387023558620103,9.10851386564762,2,20.101022807126093,1094.5199031843092,0.3597515190356314,0.7000010183780413,0.02058758858843197
28.205279398183254,251.67291098889945,198.05496075486934,2,2566.679150075129,30,12.30231083291219,325.12519324164424,0.323369367305248,2.301896566755641,5.331321036276437,0,17.77197906431532,163.46277648105163,16.80786444672353,0.2518641471491781,0.6055364990005574
15.049036503214564,374.4796867321039,75.28250716699444,4,1584.438275436239,100,11.12778944366863,35.296406211275254,0.23218888926269188,3.184426452907781,7.406235660996897,0,20.91046312480679,158.3750310736817,16.58815484017883,0.43757411827943654,0.1507375548369378
7.778516090196684,267.80826815731444,109.52252097293143,3,2100.0663801956334,100,8.545929429655262,49.01004275078026,0.7771678557642735,2.2748908881972354,7.446586041138283,1,18.852830255334716,426.4585237700556,2.3480338226834885,0.3646726127528512,0.042730710398042694
10.702256305053659,169.82602724291618,135.64327906513296,4,2275.540963491284,10,3.3122170789480885,185.6476571971179,0.4737601024247138,1.9452485557977692,2.6565597388129376,0,19.518808205919893,151.95670915215734,17.35617862364324,0.27763020754530315,0.802320327899381
5.559284968135831,350.7857487988749,52.6799528611452,5,1746.0077802654139,10,4.365813912838451,318.696171331111,0.6146733092475856,1.9314717881141013,9.817356504651725,1,17.76519157114904,377.4965170799719,2.5442990907408483,0.3449945407269137,0.066096912013305
21.938641453541493,240.9110226969097,77.64516543327076,4,1585.5375213777784,10,4.068045213797067,90.96466870164375,0.6856726186092391,2.1426358817342974,4.9913470259501,0,22.568018863494707,151.59382709326502,14.973020418541223,0.45027477482272,0.706381821779926
25.547296570598526,171.4970289603516,77.01564530843582,3,3462.008123441972,80,10.394878937661865,87.70925160297139,0.39248712173349676,2.3617589423199457,6.861651882289377,2,22.768354146954795,734.0823769806118,0.6297994367798962,0.20537472661311013,0.022572027784471448
12.571822389197369,283.00176536617835,94.00493657488215,3,1190.041262983952,20,9.444663419217683,151.0772684865101,0.9469901147546792,2.8285447249240123,8.95859105184535,0,23.68350054317048,156.1339759942078,15.333644558451368,0.5299202161974438,0.35351666971644985
15.830374551204223,153.0796528012663,198.74465050980433,2,2248.9522172414336,10,17.476814493869046,186.27985341908732,0.6716775561057646,2.0673274909026396,5.164708176643556,1,17.849322009675028,415.87999899046355,2.5041415143587313,0.2871318986643467,0.07616270592423578
11.693878130911488,223.0807426139478,120.85013851387104,5,692.839469371783,20,6.387014351598664,241.8084077239797,0.34348014180760994,2.36411000194213,4.068622023651555,0,19.183375491569947,145.44467465500702,18.061346059388445,0.8231802645046153,0.5943460227200319
23.58249020524152,489.7178074472024,163.03852163422783,5,945.3391622068733,50,17.31560855728152,191.3607256258382,0.4902300489100144,1.8526222819532756,3.741132305600958,0,21.36985574120898,134.78445186375717,18.51870697955125,0.6676959478214056,0.8588300677931431
12.405189309021,284.34608561235035,131.8207178467712,4,1261.4927108722118,20,3.8596763188571197,333.78737666177665,0.9750784339398363,2.013447709048617,8.878646708400604,2,22.41852569410984,746.069069571625,0.7308932648768112,0.5074332724826868,0.021424546042281667
21.468956167235994,193.62092543245814,130.51028961489754,5,965.025429153092,20,14.43869129610983,192.54774976359886,0.10779804433249252,1.9026223222189038,7.455821490953631,1,17.36061406694339,350.75764568339923,3.168391459883479,0.6220781328913858,0.03570937036219898
20.69201437193156,328.92716318169926,103.32404550425272,1,2773.7481099841857,20,6.076863235217713,84.00799677523067,0.6694877071591573,2.923061702479766,2.815752785893019,2,22.09221653677097,1195.0824647988554,0.33608627774901056,0.24743712459611153,0.02959317437550204
16.674871925396644,462.73494295571953,156.10645644749198,1,1680.521263838107,50,14.985206274256754,228.21845237036496,0.748260972683287,1.8762539863406453,3.385124993282454,0,21.011027056731702,152.16560782369396,13.801010012862461,0.38870518569422374,0.8503430844165577
19.15290852653607,266.9902492510963,91.82192732015609,1,965.5815398259286,50,15.73761328607282,382.350896432879,0.14868683870503854,3.1299561398890887,3.7906631293437867,0,21.583011725301287,158.83527531021574,14.63170997227599,0.7068995392595286,0.17618765047835028
29.43202665547657,124.01650302494929,187.68591582034486,2,1438.5313469991327,10,13.618978722654704,361.08867634697566,0.429774133877448,2.3892555276293206,4.098956178976163,0,20.777515875868975,147.76416924022317,17.02031184935706,0.4879146927986935,0.5733285238644641
23.059255723398966,457.2948554456492,171.0731606796016,2,3340.620217827888,10,9.94973705883697,367.9701677388387,0.17527297250333318,3.4724428694392695,2.773916065474358,0,22.52846765585272,153.33825250284247,15.933859248659624,0.22101474230892906,0.03139633965438555
6.176236029124411,139.01163846515124,92.03559604962433,3,3142.346840025544,20,7.658746492891832,225.58806982244388,0.3971970705708142,2.3237299728131346,3.58561635526548,1,16.48220379046438,377.0833813219248,2.4653006010495537,0.2154371574307244,0.060820191280891445
10.403012320336822,291.36509077403804,91.70421138935629,2,774.7146443623948,100,14.014752140332535,347.86955944683353,0.9287282399940461,2.6231473680026838,5.224827487260566,1,19.06003531277226,406.47672042617904,2.284383497712897,0.7678299577718957,0.04137470702765364
9.05796609120361,323.1737450123544,118.54940924343207,3,3584.4217715285135,50,13.798613853908856,99.78073881378856,0.47662424928581315,3.0706442684202813,5.9772806873750834,0,22.293614333050076,159.06681684565615,17.69150886422586,0.191069904819988,0.1996627749974896
13.571659335801677,174.6470886304914,161.73083744344834,3,2115.430219449963,50,3.278366554522474,387.2845946339564,0.11212078593374215,2.6966641824620456,5.453154996182258,0,19.898615018198345,155.84436885542883,18.478739069380598,0.3019390351902485,0.4063014389690284
26.005635281849656,151.54768262040048,70.28803070220461,1,2570.5182181152886,30,16.274846128840345,52.99669899621023,0.1280637942614608,2.4447748966822314,8.935682878807565,1,19.43695967563067,435.55341889167573,1.960886708612346,0.25653733393721956,0.015961477141118327
10.746272195619078,384.1126906816855,177.74886520869575,4,3377.7255556642626,30,15.18372511941476,53.79365018975754,0.9463938836235367,2.4679127522281217,7.02612459066153,0,20.54303234804304,152.69725105087988,16.524563989409906,0.21019787101979773,0.5410219437549453
7.722315560845834,325.6028458494101,77.53526785786639,5,1486.3253802612621,100,11.521690556687336,58.37937621209673,0.7557509274783292,2.5549681257235592,2.661485201776099,1,20.04425153463156,371.1605720135532,2.5089439436810896,0.416876077184163,0.08468721203255938
22.595994615739574,495.78489801974087,133.64375162590153,1,2736.139336193813,30,18.535603284324267,33.62806986939624,0.13245439691939995,3.461449648554941,6.368068445169367,2,19.79053248771108,1137.423889146732,0.3215800281594693,0.23457894997386425,0.0034420681313086436
25.50301326485512,441.5477881633719,108.01687438683504,4,3540.545683733565,10,14.402132140190092,111.86085738417019,0.73740917363359,2.597877958714826,2.242345259892895,2,24.406017409712696,776.8768476485878,0.6029895926802787,0.20382150452484993,0.01017867492673288
21.10039885958927,366.6404698942065,57.12452842961063,3,2648.649528896602,30,18.352964925027234,379.7495077380629,0.4444362310309856,2.7797897860046925,9.472150822783894,0,22.009433368310233,162.39125504910834,15.56201459515669,0.2779174657624674,0.37270318165554056
24.361404889708183,361.17167403778734,75.95936914103072,5,1914.8170800406222,10,9.833140745263691,359.8263385013902,0.595708357413712,1.9513905886652583,9.002691666107534,0,24.790822415867677,157.7781370334842,17.422246996714716,0.34107737320367004,0.7910575995021593
17.184614795275305,487.1925591038817,116.29423559672432,4,2251.26562652726,30,15.020366320639965,266.21146257780356,0.1298765405649332,3.3974295021524927,5.668159091544964,1,18.857536067254877,355.7432727081822,2.539131836462626,0.3329850260585419,0.0011086358649275226
11.74240155248483,176.5886185213315,63.4461014801651,4,2272.910836486174,80,10.155535093308293,310.3931622911614,0.6459122188008302,2.3397672653168504,2.7427192350670415,2,20.97242470900764,732.7491937610529,0.6769686854333026,0.2745537422627121,0.039490612396580305
14.65924865445405,263.1968559343686,113.93211579547156,4,2879.055516148717,20,11.995925230904886,29.234577002283828,0.46959065648260634,2.1825016887571462,6.763564657014645,0,20.16662425791137,170.99184929142467,16.171605633681885,0.23625163151123948,0.6814572542508973
14.22647760517788,374.6785396716256,68.25320630112901,3,749.6695079569024,10,6.409108123858965,159.49046695214048,0.9298536056153995,2.0412264381630725,8.798322505697561,0,22.563058158496847,150.36110094073015,14.59981834792465,0.7760446766587715,0.7623716011101985
24.085383182154615,248.2134336403777,129.83875224741115,2,1090.5387544064688,30,17.075111754756033,289.99426766792413,0.33453610707296644,2.6970688821772564,2.101870786574702,1,19.840649835027516,452.50077309852594,2.514746904317061,0.5939148211761526,0.06541967788119724
6.380021701920195,328.88164404029584,165.52073631264102,4,2299.8184682041456,30,13.044096747378257,182.66231099183392,0.3664084137678587,2.876970014598333,7.761988115752216,1,16.67345411485307,402.27665485820614,2.6065686939499075,0.28369503282731073,0.024900449900108004
29.588783928129747,197.0106535037515,124.03680691633515,3,2010.479822754621,30,9.13252864420193,292.31998868466917,0.8334545849154708,2.030467891922657,2.3264426995658605,2,21.75942543847607,689.8591875402606,0.7572687817264954,0.32399232164163483,0.021913069488648542
25.36214112063492,245.26345729349944,117.56749752535056,4,1508.087914216896,20,14.185641892795791,25.141781830806405,0.13773421802375546,2.687575827930674,3.5923216544621877,2,21.75553184620578,725.7227535168123,0.7786943570924345,0.40477669283823725,0.0
26.69103623686228,439.0443267625964,136.82123366309213,5,1900.3941216655594,10,4.114257885809556,387.5357847170974,0.23784005290879628,3.2931219980243975,6.202386634565203,1,17.537871229902862,383.0279819456715,3.096187461313721,0.3547227766027618,0.01822233800780077
16.744750077711483,154.3776544892825,90.06880662090106,1,3542.146733564938,80,15.296362258056318,391.167607243321,0.2661861876825369,3.328170026899576,2.6559342568490907,0,20.456865288419337,164.13146028635464,16.396547242695117,0.19032164320146946,0.08491861649343081
14.773249767090075,242.7596043831363,191.08609711925442,5,3218.1790832417128,100,14.486391012327477,31.99608503315964,0.4910764597220981,3.3666633576174156,2.7275229046705665,2,18.01874256278937,608.0738024359256,1.0510265923003044,0.21347365356814196,0.0
9.483597453485807,452.5581499548868,190.03731949926524,3,2525.2898043614714,80,9.283040140048708,398.81468347888125,0.8520381992701702,3.032365344622254,2.5471611807864347,0,21.699901981564107,142.4005221956122,17.661820180116223,0.28839913349641616,0.23756751777671764
12.47537920446257,258.37783967471114,106.7852296082072,2,3284.012417354794,80,10.151773446401434,86.23128599561508,0.9153303011596291,2.044121515577033,6.866051454299849,2,22.789469337092346,907.188110592157,0.47630578897536374,0.22648277215852597,0.02096108576963182
28.679348282203406,309.27665348420226,156.65820999863968,2,2151.3690164321956,50,4.389264360173872,37.8069368043673,0.14153203585340107,2.5622415816940785,4.785182651690448,2,19.096157579873758,903.3657676796589,0.4483695705677946,0.3151461761758028,0.0
12.64256983012599,405.44007041878075,152.58462455193504,4,641.8494799037327,50,16.880064960341972,257.0260842793385,0.6459071492094565,3.2207619171480673,3.68177886995813,0,21.9208121815082,159.37661787028915,16.724814939034182,0.9972232348687292,0.14792492102850127
21.564267964070975,431.2680932674844,92.97366606044645,1,1981.3894223057962,20,6.060693158840964,344.78421890637765,0.7106746772880185,2.713296762083872,8.62834324762132,1,19.067510087158944,466.58618163908505,1.8975567493205543,0.3331005425904448,0.03482772923694699
26.4450142952195,234.8388563382831,103.9070039691505,4,2682.040305761263,10,17.65752702249928,182.55662418498625,0.8957519264779441,3.202180209485764,8.137338547118201,0,26.29242588021939,158.1069220306447,18.65765075479314,0.26360341086398564,0.15681981668919417
15.974163242540621,201.41880129842792,54.69562180660411,4,3386.745715179471,100,17.67075115314565,168.06668776208696,0.9057229161649666,2.3332665868045015,7.317507009677387,1,25.29716805866975,362.50101089974424,2.719896098387981,0.19650624151313872,0.046901083656457405
7.111007043679713,195.02605804157392,71.93624748827288,1,3370.1677388429457,20,18.40934750664251,256.72031306302733,0.9157795764786919,2.297512251243571,2.753393700120334,0,23.126961097914023,163.22328505896758,15.256029710658412,0.19355133326796964,0.6276426110978515
23.34422696796004,151.03808704003478,191.75407858743375,1,2135.031495944236,10,3.2465415293424966,76.46362455069723,0.8356654916506984,1.8988593842681543,2.3358269482131115,0,20.146624112406403,153.98814474633028,15.95882363119789,0.3241558325533503,0.8259945851211152
24.045378899221262,125.90547007383775,87.08497415374744,5,2206.3410136493367,100,14.967785101936776,391.38754739972984,0.9342136362638264,3.3756254111710877,5.282954542818437,1,22.542609994835693,348.46707494221624,3.5537513844328115,0.28562305407528943,0.0
11.234915324990826,286.74305758937635,189.0970815139337,2,1290.9444194520433,10,19.20544405923588,263.9219775150164,0.43327330065775305,2.654945372365089,2.7751339253642255,0,19.244080677645712,163.7276528830526,16.424801380145762,0.5183958797270576,0.426215640722942
19.80449056983835,444.8685861774303,84.27986435254866,1,1431.799610819116,30,7.867732075775873,385.0556859268605,0.4897761654207715,3.1760230043620608,3.198091317971393,0,21.38067780237576,178.84969273852943,14.642097272368378,0.46476255342901157,0.16450310046484384
28.618483947270878,248.17207498229448,68.74227181289116,1,2225.140560724079,80,16.61282334730436,284.0187193764846,0.6399384265567813,1.8262858303813077,5.380422715419058,2,22.67931748524526,1084.3523570213515,0.31977516415178137,0.299051391448902,0.043345129108464664
7.154502112584641,274.39988358448574,176.1695476137314,1,1567.470902460694,20,19.61811545890761,52.537704357303504,0.40500089569626274,2.5469478308149722,5.850475922003452,0,20.186120052426286,157.95211357872037,15.411008631350192,0.426347101606622,0.4994910590157402
17.52237194906381,447.65373445608014,62.630438976039095,1,1820.2573537569235,20,17.115162921056825,301.86564817292395,0.7395628242224155,1.8131187183209374,5.486055032124906,0,22.843953738800582,147.2926692335054,14.746874714253945,0.3541147938233874,0.8963839538020357
26.591213017556615,319.45934663334197,178.15392102767237,2,3590.14006277925,80,8.80049740554685,218.3825234984214,0.6679153705841464,1.8252968343585112,6.313290807671084,2,24.788093617874836,870.0526952443919,0.5522940236023395,0.20654664385799448,0.025247646030624123
16.62572570880807,384.829930591756,76.92395252358467,5,2558.6455382426284,10,16.531650377797657,329.49086277118437,0.22534435511431358,3.3724064825526847,5.913097442602417,1,18.748907326333544,414.2221449996774,2.700092270907245,0.2567941792916999,0.0022933791615347386
14.675763168016815,127.21888571805869,92.11934839472119,1,2766.4809307504433,10,12.270125985766034,81.9948193266984,0.6442029735174912,2.0734127117045,6.576506691370788,0,23.718767158480247,161.99266015676977,15.142705372701016,0.24097196536714355,0.7264851297409864
11.826036481662008,377.47733348121994,189.16182934135702,3,811.6647747716385,30,12.077843560648196,340.80415353674744,0.5291209390115654,2.872370472052003,4.384422776387807,1,15.576444773991117,415.31122265849785,2.297094571347568,0.8128845711286149,0.0499317504337925
24.51986207038729,308.7293970849344,141.181004748806,2,2044.557973384648,30,6.015604399501404,332.40155406685966,0.3219251411838283,2.824084626726875,7.482081036631692,1,18.499358333074866,430.2197160940626,2.303220393373618,0.3267502819488226,0.04194020898332972
8.69562903188082,457.18385956371634,88.52846877768465,2,600.9881694819313,50,7.382107410493597,173.51136183660785,0.31296502957700106,2.3747184204919636,6.450527450479469,2,18.727120776486363,1036.6800295951048,0.3927145423634278,1.1317162989836578,0.019333328906875696
12.603051652071427,111.52943823825056,182.82889537117015,3,2101.9095336341315,20,4.642432756687516,78.55825118247807,0.7067299728426841,2.2052283503085977,6.8926083107925935,0,21.267775322540125,147.75157828996237,18.200725415965806,0.3344504323428104,0.6658953553616105
23.557179539226233,288.3967947473358,145.14752425946415,4,3297.165515858379,10,14.860837887159402,97.73326549373306,0.17073556220168928,3.4198942478682492,3.4652720385415767,0,22.051409228056297,149.59186681546072,16.849102284025356,0.2010593020332757,0.044138303680376655
15.686639469298411,430.06978938559445,56.60573215840463,4,2712.1211354679904,50,10.930698762670303,352.2002384923219,0.4431159687375409,3.0018405386330564,3.3501599905515977,1,20.14109912073965,412.40134483959713,2.3255386281739847,0.25048959926859166,0.03269946059143711
26.025532274419337,136.21190606917347,135.6839480592696,3,3084.690448838797,50,15.162828946543618,100.68943341616807,0.3990916194335421,1.806395448252298,4.72906950900047,2,20.525335053416125,658.2297617582647,0.8246339025141058,0.23379639137587438,0.04859184937335789
12.126801371286243,474.1472628776631,79.69322000269815,4,2179.060935312792,80,8.3590160733105,279.3828248240215,0.8136126387008737,3.293684440981042,2.4963395744119747,0,22.539134066536857,160.80624008387846,14.921678112760716,0.31615370613487725,0.10221559668574302
23.27493093025383,243.6574930384738,138.03142001752556,2,2253.961958131807,20,14.329420826048095,333.1688458148462,0.5975204032649689,1.8843130105621466,4.902813041762062,2,21.97103613164396,825.5742530330592,0.5427310036623044,0.29178297357955363,0.03374891863335136
12.65456267008917,281.57649693991266,94.17488977535604,2,1948.2815622888606,30,19.81670581689517,55.2717234413008,0.4678247880541334,3.35691763043644,6.6271699891248765,2,19.932295061857193,957.2703536384696,0.44654686585042197,0.34772047328281863,0.0
12.524054474822652,153.99638780829528,191.39358064137951,3,1183.013834956632,100,13.096055329116195,177.5490071612109,0.3763712142043444,1.8276415072205774,9.246360824486736,2,18.76518098415916,693.7664132617613,0.814266404701604,0.5417771127946124,0.0370978698609979
22.30556681450122,381.3665469181224,120.63054673580126,1,1920.4454927498577,20,3.3264307550702816,294.6495931294361,0.9886242313050017,3.2442789613451675,5.961045777985202,2,25.18618758467382,1176.661741745797,0.3293484492912396,0.35392822822481923,0.005199888467047035
24.848868575160584,472.0682116225848,154.8219614885789,4,2214.2226863704886,50,9.627964483478227,200.01395072475773,0.8695648942022071,1.898513324467585,8.70141628633306,2,23.12511850461552,734.9139334991748,0.6957609754871087,0.2970585689196918,0.03370216949486728
5.577190801009911,429.28596863885343,172.35410849454206,1,2334.6922254237907,50,19.26791453197857,173.2434697448207,0.45195760126844486,2.418149763709068,6.029849094042683,2,18.526628148414357,1016.8321281983823,0.34240379510101054,0.2867329199489576,0.020507325947562365
20.554985279586592,491.9372438633109,116.82088560007314,2,1056.737475952384,100,9.631843219609099,212.4304651910407,0.8861739626050557,3.004318407447255,5.722723242914011,1,21.575409058998613,395.1074799019768,2.3221920991512364,0.6178220996980988,0.019888325222291114
18.37118271317749,400.50279816612766,120.81181237710952,4,1041.1920714839696,100,17.263160959957737,320.8597515736064,0.20623455184231956,2.737105296659343,8.271593178941117,2,20.359118882825072,710.0035168897124,0.6268550241921064,0.5656067589533024,0.0050712235756835726
25.30834731479036,147.44915753419826,150.325681605662,5,3071.3250119948125,20,10.108638861091205,105.81890985020725,0.2537125681310653,3.2493899346936113,4.668183375028244,2,19.77974032753301,544.9906822672207,1.1624050619974913,0.22526955022145725,0.010181333770033716
26.753040076979644,241.1062812068399,167.07092429920323,4,2186.297623943411,10,5.352939168152802,385.92150264994115,0.7285333212907391,2.402642871115403,9.691103075955905,2,21.625176310850602,638.235681513847,0.9230102126913489,0.2916763246457961,0.008427608831477145
10.570865998562198,378.18841545652,120.59646465580416,3,3158.8104325882096,50,15.941836577055,143.01823254184737,0.24068430094832055,2.45673781642905,2.299543465764967,0,22.21376390953746,150.47623114673792,15.980257119028023,0.21112214430620818,0.5267783387374244
24.51270779062103,175.65865414908126,188.47038984565756,1,2191.0884901919962,30,13.760703476736968,230.65477021155434,0.6243081070841582,1.9758802189824411,6.002250278974104,2,19.117695899306092,967.063475921889,0.4406960648808123,0.30480495343430347,0.026532719491402647
26.23844459453529,428.3601862994499,141.05368588393134,2,1743.6644126101953,50,5.561659707468591,174.99097928103532,0.47914554552542155,2.0703333597158187,5.225951974027981,2,21.940825285948538,957.7548147093871,0.4748412739340239,0.396378438168586,0.01720671141288838
8.096985573980652,486.71258612160153,192.54900588133194,4,908.3681945926776,30,13.347224411734873,189.28645657790966,0.9568513301363176,2.0181701328391974,8.225734468995556,2,20.088943652023026,837.7447993494129,0.6152668856727915,0.6999313824456849,0.02409263966709886
16.51865815524157,151.736840703108,166.40232923695606,1,2613.813773011571,10,6.054029220721582,259.27676890031427,0.4802556329928508,2.3135898543024225,7.037239329126268,2,20.86863017016595,1039.9879772539327,0.41387132729211007,0.26815513425946086,0.028753449320253116
10.239399775465888,392.8587711410415,131.3487774433417,4,1959.2062359940799,50,10.457683209337327,103.80082520591279,0.9024587524526134,2.1355070827424263,3.9949618490342624,0,23.759376307697526,165.94024758793185,17.429761168385497,0.3466762975639259,0.6988250388400197
5.523711867712784,392.9132522602222,194.24975774480168,2,3284.4548015276396,20,10.852153012310712,96.57913204624344,0.3729755098997515,2.118394951626691,8.272336797172068,1,17.046477548794005,366.7910974301512,2.284194814970568,0.22531190576919063,0.03829958306597558
22.016646075731032,444.91108194497264,69.10043332365527,2,2242.431538817814,30,4.8554161691996995,299.73253861372825,0.5085928749828715,2.8542602678193107,8.90695641709835,0,21.897227786538735,158.26497999797067,15.528216981778074,0.286088304665917,0.32502749355308597
16.779761036840835,152.03226734253295,150.3663774157577,2,1278.7434353207805,30,17.780735371595412,91.33915753392951,0.6303162694191979,2.252489732883449,5.871275270173673,2,21.210629272184054,798.5123941743702,0.6136157162414755,0.465951831006036,0.035110826986306194
24.271293373241388,291.42245019990366,176.998948368676,2,2487.582163969597,30,7.548881034581426,175.38621522721635,0.5484513885116676,2.0971191340477793,5.093232811276363,0,23.016986049563577,142.1906412178342,16.438225668383318,0.23600801226886697,0.7360431665125988
16.185905607439736,232.8459355133709,83.20181112373473,3,2698.2594432860074,100,4.726393979144513,237.7235879442178,0.36029861621966075,2.2882905426684617,8.149560657560471,2,20.31018266081388,823.4258491201527,0.5937003188517824,0.26141664210388044,0.016712377354477316
9.533794853616872,197.1674877446409,81.26383543130568,3,3393.2548231257847,80,16.643013589158684,168.94208508336283,0.8029925605986927,2.7278687583270886,5.277695883376366,0,23.84005777762561,158.15802106114268,15.261093919157375,0.20654736216823982,0.39046679401528894
7.630534576235002,138.06711644631127,71.98385069084537,4,2310.902323665561,100,17.218936561542,252.91148447908267,0.8705301700993353,3.4374551618144373,2.9049845640036622,0,24.765851721224244,150.62926796921315,18.376590742653885,0.2795363144858242,0.019772215015213944
9.473668000275033,381.75440238312876,108.32197753967152,5,2569.306132003082,50,14.02151881972886,115.288890175322,0.5194164530297503,2.3725704166035335,9.832728485814789,0,21.1637101599376,165.26551773995752,15.119915808596787,0.2838841632034529,0.5703441503547493
21.055182897974003,480.43263504480905,68.12724056983343,2,3402.5821706735387,20,18.049165046785077,298.2407325048349,0.8389955092503689,2.4050778331478804,4.317592027614169,0,23.5493106988519,168.95020629880665,13.950725374628732,0.22089474085755514,0.5627674782636405
10.626311661617525,242.81048437726233,89.53778795895968,4,1516.1037452689836,10,19.91324810758244,284.5743239922143,0.6311168745273742,3.160270096435185,7.15157266956189,0,22.063196879664986,153.45207542731416,18.338293518797368,0.39566547796474427,0.18232418878962647
15.317857808673942,372.67551308448685,115.4194199792465,5,1066.3132370873209,10,19.402413319895082,117.23221758391507,0.2720855227214395,3.233375740375598,5.041763910315447,0,20.30616296423245,160.714978542471,16.71041749547657,0.6163991643373556,0.13282532755780818
17.658739754408614,133.1347137296052,181.48682686712093,2,1601.1786679273669,80,6.016367273610742,223.41029378486317,0.25727569035410724,2.4214823512098262,6.395728739452533,1,19.756179134187803,356.9347724476067,3.030931934380795,0.3754886821523062,0.030825407638978036
25.241159212858157,334.22416463455465,188.89971308719194,1,2572.9604129098425,80,12.00722776151024,194.2648313646138,0.40041407926619343,2.827722222245677,5.335621274742612,2,21.556880507780146,977.2191806440973,0.35952776608824205,0.25153743254158356,0.010460411123691641
29.735088566180618,195.2462678753721,149.04424920090096,5,2684.7126909469966,80,4.50230450648673,132.2731711324716,0.7150287245291547,2.233818557396792,9.746356247841494,1,21.399123179642356,327.92759373665734,3.680996098493862,0.26249512894268145,0.043713879946862697
5.585442471265549,487.91021603493687,67.19114284259975,5,1891.5390527038292,50,16.604574728074084,271.74424080491764,0.5411728300757432,3.3135874887456023,5.477849564777193,0,19.04418213576835,160.8883766287972,17.5869939197722,0.35858774128864357,0.08994553930227416
7.232170751710127,316.50752779310005,72.49071536646177,4,2266.5221701200553,80,19.508328414576162,29.36545533853358,0.7445002583485915,2.1462559705067816,2.275837148028926,2,20.13994596477847,855.7803592059048,0.606910050486791,0.29669225651083886,0.03384690893614194
19.42144826851826,449.8841397447323,177.07708053482864,3,2991.6465039339805,30,10.107418801919284,193.39358206700047,0.10827663298644523,2.5774734762121128,6.072757754761551,0,21.1185716377329,150.6590177118055,15.580669568903126,0.23910923588248015,0.46932302652249913
25.676036373587902,361.2652682729164,170.7040856300862,1,1593.3247828352442,10,3.3048431748986347,371.31654206530465,0.747173009292397,2.4123147112467813,6.038936072369832,2,21.54719021010037,1091.4158032475018,0.3759589982616682,0.4230463140466058,0.015060149501345956
21.669297762356194,329.00004154579926,128.78604589233902,3,2372.4367459410146,10,4.502563750829456,142.4729616343094,0.1799952318034987,2.443301613665529,2.6526373729090356,1,19.142233672230386,365.8752167810589,2.6488567704546364,0.25171256635647676,0.05343865721333894
23.794210384628215,420.47275765957045,67.37008976724013,2,1663.428823593602,30,13.838759838286315,146.5136672866891,0.6820382615572519,3.2152955787910056,4.687764751455129,0,21.69375795908516,159.20414471223523,17.09508943187782,0.3757077677163378,0.1658897562402156
6.610659052489519,338.88294123275193,51.73874155000791,5,881.2371780452017,10,19.696300910853218,275.2814794532595,0.6760834330658372,1.8848186725775795,5.480245854068708,2,19.953254499805585,783.4623092984422,0.5966310304032953,0.6983699479612957,0.03236650303923619
11.660127457426796,445.0838370739389,155.92410073178033,3,2250.2519452582983,20,9.824797011015573,288.3553432461675,0.4995207487856559,3.283662874794965,9.417975494657366,0,19.933092884911176,158.406371965445,16.780834027658724,0.29947712408225463,0.11820040336397646
5.295467618990116,237.75904105610607,115.76447270773512,5,1804.3238852898496,50,7.1645887250578,379.37799034131166,0.9181327200359789,2.0210195229263084,2.3979609943630464,1,17.715010105627893,394.3408526836128,3.0963030831962333,0.40698399522699436,0.11690634485173604
8.879327815356984,248.6666572149369,111.08572964279156,4,2067.7764002204412,10,6.253096594321589,331.40763580837205,0.8985285269316174,2.8549168010736294,3.7803727820004376,0,22.681214702325075,160.27363916831024,16.81890070289518,0.31690578757195353,0.339585224574063
11.218074803657345,178.0548891137123,116.85113389299853,2,2768.6841673882723,20,15.128132023376585,143.6102393732985,0.4252614726969878,3.499262059929147,3.4853847819743935,0,21.04059457620805,155.8739808831566,18.360719881168247,0.24287977030502242,0.0
5.2547105912941605,495.4255161525188,198.63151335765934,3,1348.5209410102384,20,16.11072361925845,326.64624692927015,0.4949251941763363,3.046337034155976,9.64045466189512,0,17.748514018267787,148.7362819163977,17.730683559859465,0.5129523689309637,0.24082450780774037
24.877372526826324,200.78966607612142,110.92401903680887,1,2692.0341057536884,10,11.749650566887587,70.45717852746594,0.21257481633911068,2.7698142204485596,7.845112802156265,1,17.968847960812308,410.31335852145213,2.3154048559475133,0.26100586852223967,0.007914896397331792
28.34481933393693,354.9247657584833,64.34071391061002,3,694.0512901877572,10,13.295356915451169,314.66628179943524,0.5408477200955151,2.4962695171486597,9.12178952626507,0,21.57881080415864,172.83078894120874,16.42401303870654,0.9038068462329302,0.5240178475968424
19.947715616757293,217.2071148189495,138.85902794347993,2,3303.174165675871,20,4.04842931698497,71.16851460140091,0.9761610934127425,1.9197614465401076,8.739761728701584,1,20.117690801798197,416.6390969736381,2.232194282094598,0.21516432023345747,0.0397584082160482
26.077382934646064,399.5039714904324,165.55392596744997,3,873.3381740341666,80,8.742318488515647,345.6851662915231,0.764110744151615,3.417714207817962,8.730008782568365,2,21.571276057441885,807.8780915393538,0.570041431231677,0.7192555986112806,0.01449609821372645
29.107404978385023,137.51227986810227,164.83347179676235,1,989.2184858905264,10,8.206729195507295,158.1618537029235,0.8728583247673515,2.1074984365023828,8.970782329895911,2,21.521288084819094,905.0220842432565,0.4472167673887902,0.660970530815118,0.03777665751440386
21.34811080227731,370.9000076321243,109.98239136247707,5,1811.333799114966,50,11.142826845973456,288.74927391678864,0.47354718189816425,2.4869144405295365,8.174533066685667,0,21.22692789456761,148.32011664667905,16.88486115603065,0.3839678228921203,0.5049231149349804
13.207967438120367,124.8692258420549,83.54439149574337,3,2411.324777710667,10,19.51251900604931,398.39330667079383,0.2270855432006415,1.8855410276245896,5.358345115282948,0,21.061159992574314,147.65978712761813,18.39956914125994,0.29180601241995835,0.8218900253962643
29.6493542140971,235.522506875334,109.51636267002473,1,1752.2847821359508,50,18.392537160430297,322.4345477010159,0.6317807415970371,2.920253342822285,7.702418152330713,0,21.65125638300678,153.3611274846617,15.91010841365494,0.3817034911976851,0.30362676581823367
15.683728211839416,436.30456117622975,83.00957700288907,4,1382.5078100591325,10,9.087230124485085,389.60641836521864,0.21905213351246833,3.257155404494208,6.419749953643125,1,19.226148010661642,389.85816904344284,2.431828281861861,0.46725494372909565,0.010810732144297534
20.656405678383543,356.6768911148469,180.15334428740636,1,2211.657184701139,100,6.503111989324734,222.0143407003981,0.9991933779571885,2.2965937272624903,3.8917018986266365,2,23.78339850263313,1071.285004590121,0.37633372387486613,0.3210837681371395,0.02947012117035194
27.120472930579176,373.6611900313249,150.1519450552883,3,1005.6652672667708,100,7.0782822545339785,164.4266638733459,0.21497374747534884,2.1311843160740236,8.541075957972394,2,19.99899189042299,751.1194727010828,0.6250375972994687,0.6097679330383396,0.01045104092765311
13.286787005718946,218.48257379761856,167.36617354019347,5,2873.4687585395877,30,15.163268660504789,151.24819220476047,0.32450270198618136,3.4411231434828804,7.2664773629604245,0,19.77197833582563,146.51138824606954,18.97961854900923,0.25927365441431616,0.022645486577252245
18.97338060623597,124.78308694546025,173.5585256735322,1,2921.82698527602,30,8.576977461455698,127.2522167421962,0.5429476457190469,2.703543104129459,4.213870199144716,0,20.20949448792771,154.7833124405868,15.598624671220668,0.2428602310743964,0.4087920551806196
28.844566119353942,371.96809069605126,102.82121485102198,2,1893.8138893175794,20,6.243474641483433,143.4902050252663,0.2723700752606124,1.8334909452370909,5.817658634991117,0,22.851084747927516,157.70801041204675,16.06590103007884,0.33122833651141653,0.8436822535626296
16.659201161545425,311.91891438702567,69.18818303383962,4,3171.0851287564496,10,9.28256217952012,174.04872007438163,0.4823961911845458,2.5107829165935875,3.372744458601443,0,24.016409783482086,158.57840107909183,15.142273782723361,0.20889899550683172,0.5119136825223867
6.079786964018304,157.90768859281502,110.54373699977623,4,1162.0617179414498,20,10.723228801682577,159.37065919035368,0.2751639781018329,2.275059196258295,3.136399501189711,1,16.23452101461607,333.53011200856497,2.923204894624961,0.5557093208294412,0.09315317730696361
18.984913832023864,219.4242796589895,93.97187205121313,2,1802.3571879432923,100,14.691449437333029,183.6767156622189,0.14503236923152052,1.8004223967670134,5.388815177146292,0,19.928532014163604,149.00500628449294,15.37967784362025,0.3368553323733541,0.8682982805747823
23.232100822965535,160.15886012052977,85.79676003141631,4,2433.7520659561806,30,6.018330588846764,318.0535655180898,0.393681989689036,3.0760637748234974,7.310736076503294,1,18.235039498090483,368.2274194057498,2.963419605773287,0.25946079238007647,0.000833540291807211
13.96225024812281,334.05601622607253,131.13099761594634,1,693.828727944763,100,10.468505623868136,354.15730341839964,0.16425346067028052,3.2103016825978683,6.289063450727639,1,17.655685929808225,392.13391081394036,1.9230702153493542,0.8792940562378819,0.0030405239302061654
10.02703961286841,488.1469508362924,95.64843574791422,2,1923.1926360265884,10,12.907738539705006,284.1882432356667,0.10052815183760076,2.12189251287243,2.0477185341677897,0,18.4931235244891,160.35440322531102,16.325662811680974,0.3605295077401701,0.6959586938504142
20.944157043743267,421.3896814743855,85.64612466815012,3,777.0274271781021,30,16.530282812347465,219.13709174991016,0.8278990858284784,2.4142273815855657,7.721261555748889,1,19.076551276890992,388.73417651779465,2.4775129667452402,0.7885145072002862,0.03010587023580681
22.334330630055312,386.56833276628123,68.05118799123352,1,925.9719958107382,80,16.5559222772973,272.77609824301385,0.3148898126202906,2.7682290040250552,9.357624724584195,1,20.042398025725426,428.94687149096285,2.0510083001511124,0.7497585806076075,0.007212812533299423
14.630657868050282,444.13122423090135,128.25822200321107,1,1419.297454435473,50,11.889359300030854,330.2124060808247,0.13832199958098104,1.9447828930534115,5.848287513923092,2,19.74159341615296,1122.6190666054945,0.319803376455297,0.4908875376961841,0.0035504247071488325
18.790170163544907,267.6010917867635,171.99808392642814,5,3078.671239353199,100,12.596016749785775,369.58119167275396,0.19917378635449096,2.7849636141412217,9.146658996130977,0,20.564035665074243,135.07314639068025,18.197250956120637,0.23247921055603452,0.36284411576423115
11.019320666739699,419.9953444118328,64.15033144910296,4,2914.4133637831956,50,16.66545072244169,30.481826761978823,0.7755299001048516,2.49916507949319,9.755666175829557,1,19.02453834292672,413.6233991026469,2.442674089038144,0.21532971825052405,0.044023383800780094
25.78340184696506,474.75306225614406,158.38870745795407,3,2839.9246387082308,50,19.684173410186244,26.48396773508923,0.7877579841806458,2.5354154224151975,7.470585692789216,1,18.180488851118145,417.75844199440854,2.468202083320232,0.24079499479149788,0.04534436210897841
15.956705981036752,204.94447257754194,59.26680684272172,1,1205.5028196690578,50,8.366974386168797,345.6835226719355,0.7421907806000674,2.1940693168001726,8.980528656805962,0,21.237944630755404,178.4676392413134,16.010708515612286,0.5639294603423831,0.6697081297353533
23.01154838412877,479.2621200581914,158.24400636712727,4,1435.151309220878,50,9.00892558772583,36.061523239777955,0.34459089916200414,2.800964968130769,6.154515509319158,1,19.24046514843545,417.65924473403913,2.8684032232672916,0.4525170335403297,0.025429831605502915
26.425462037897887,443.33243706759754,145.80901647529151,5,2888.564918038085,100,11.459649954634045,86.89571368740545,0.45239023542546863,2.959589259536171,7.922718318966741,0,22.680869885981075,165.86881682510455,16.65072490402255,0.23242947024161997,0.2760070567297629
6.093267583884428,180.92812935733673,161.8217355722881,3,703.8828568613305,100,4.295337430032447,308.31246437814065,0.4913233886029269,2.0518350224275044,8.539977318875021,2,16.4569246633998,779.45493238334,0.7672143406460159,0.8069064459096155,0.02651496448465864
21.845350205504907,154.32296319776174,122.19848703656105,5,3103.429638204283,20,16.307939290847962,399.5743466982736,0.34067687164417426,2.1109178669289954,7.183460643981068,2,21.635208725134685,577.8334339968865,1.0838137089621473,0.2057461173399829,0.024095038082281504
9.82781671372284,378.33150958562214,141.3605247656945,4,1170.3976302649044,10,15.484364007805535,399.5651829570391,0.3371964701252427,3.148191303665441,2.4514171084546312,0,22.43006164653803,152.46991215405566,15.832589999483266,0.6075500642314019,0.19585948931485447
17.623287077222667,425.0249717529074,166.96561167328827,3,1924.8619763024328,100,13.005797127392562,151.67895822210738,0.2620425840323878,2.740702568062033,4.589396215375291,2,20.07721892033061,904.0599040419133,0.5969292913383962,0.35432249664140636,0.029372121159409948
28.394466676219185,272.2858694520576,93.42466403885567,2,3477.9815807509935,80,12.812232141884142,254.4192551628307,0.622812457644958,2.8337156212130923,8.198000909253652,2,23.642817125583104,920.7599106524938,0.5398803164921484,0.19967718093870723,0.0
27.68800366845437,155.371844306259,118.11075748371857,1,2332.18682490234,30,14.560033212616938,248.06176160019066,0.6758064805210873,2.417077188672746,9.752691888944966,1,19.91220496585531,443.3141371926629,2.2958072854053637,0.31404778358839935,0.03889324479914096
26.51587023921532,242.613778050216,184.4915721533154,4,781.1735198582267,50,17.878270882980715,108.23463030142344,0.7497982229945112,1.8581113874278319,2.1806084375828725,2,20.327306145637138,700.501099992698,0.8893429114192462,0.8410460473517245,0.040214223209641374
20.08686395573632,304.9319929987238,118.85928421523683,1,3207.3316458035606,50,10.695273969170511,107.16015491083233,0.12694756503213425,2.39292064949528,8.223597748534019,0,20.09419854994401,156.2755314493166,16.56116785154536,0.2185273841098629,0.5807666594427611
13.041462064670588,227.49825876254448,199.647314234268,4,2831.8272279707967,30,8.852756835783108,197.14360180538125,0.677321401533034,2.668541544968809,3.804036484381278,2,21.585907986090554,692.148292524058,0.8547584708598173,0.22532045636610126,0.022203353931316224
10.8855679380946,188.53200354255853,156.5940071964937,5,1667.2068440113608,10,6.855160948024269,372.954061849664,0.8425769556637758,3.1940472061388085,2.337456223253552,2,20.780453388726855,587.7122282235104,1.1415257350965131,0.37127497776769963,0.0
26.05603612374889,433.9158806911497,122.45392787501162,2,1909.219811760426,50,9.279584806481441,56.842732134595195,0.8213594462175419,2.786193473764221,6.3634001873071755,1,19.990188892419425,419.4640495613906,2.1742813632084665,0.3419664907492375,0.03865544903580228
6.795527864580859,445.1255406723297,143.53609751167636,2,2895.09610726859,10,8.973982739800398,177.2928484331181,0.923812016157593,1.983588937567945,5.580867131236334,0,22.65444318400614,159.34839403366416,16.499358272889822,0.2352165684097899,0.7834970481253091
5.0287615906291085,180.41454394276886,197.57415035425427,5,1212.529098852617,20,16.913798517264315,316.073244586597,0.4522411496766565,2.5424783987594046,4.605163752194912,2,17.427979528160378,600.1845290603318,1.0415469246387004,0.5587720295541516,0.01979543295806522
14.021959688074524,310.5557584036416,99.77354138075198,5,1135.2086523701678,30,10.918766762988552,302.8940837778384,0.8159795431082256,2.8938395307237443,2.6376041771233796,2,19.49949114273938,700.5585418573379,0.8260081810779384,0.5026212995583015,0.031617142844817425
17.92117026085996,296.4992884335077,115.1040761982114,4,2210.9858745520623,100,5.348754663705474,59.022341033810186,0.5329110607972477,1.9909004710053166,6.821808352277026,1,19.20012415773056,421.31985467944804,2.785608743530711,0.2974828045296653,0.06709493025594078
19.030234324078293,290.7373279401759,170.5768338242913,5,3187.581747091794,30,18.218115772281756,222.75981658573144,0.7401353334468944,2.3060395856106033,8.548034521145677,2,21.123745565127987,664.3908066966251,0.9998169369675863,0.21042784518474567,0.022202301857867455
5.008453376516685,254.30175566568147,99.7641307740669,3,3317.2497510174,100,14.26222044115821,261.0245283403817,0.8915566864445714,2.9204805190361673,3.1634572655224575,1,21.53248978490023,393.74258575082905,2.364903449633037,0.20514151447914786,0.025527847150954124
7.362272008108884,343.9397210116417,138.54367133425296,4,1462.5238779803108,10,3.255099185114421,149.4027139050456,0.7998532909555386,2.3489388516108622,2.623250345374273,0,20.58505870643323,160.82581308920317,17.173542186505685,0.4301348917836594,0.5860900777402733
22.363721759458475,473.53176453452244,190.30990998444253,1,839.9434383892062,20,18.468418694035343,262.0223126348516,0.36025139274259,2.43205516564744,5.911613513545192,2,21.17345557616114,1071.1501837224369,0.37842875125368025,0.7765863258978625,0.013660845328873236
23.786198119727608,384.3718398660924,78.72036082817604,3,2342.6106478636134,50,7.297134643279814,298.95101509040427,0.37834939459441363,3.0311950313402356,3.859759707167542,2,20.793678777786642,924.0062639591324,0.5276224087976912,0.3136792932165252,0.015636201897234317
11.444324998669979,286.2105762399402,53.692032705692725,2,1803.6335231414148,30,3.817268745624357,61.18911148777103,0.6777047899240031,1.893297019699327,5.125217841464223,0,23.188329797316026,160.61576864752186,17.05380458228271,0.34658454502370867,0.8189378155435773
22.900298696457092,155.86876728841096,159.38540269274387,2,967.0617307489148,10,19.96090823469459,377.61087773379234,0.17286195433194118,2.809868431747091,5.808777313901178,2,20.647263221059298,795.5903522739208,0.623830308902264,0.6597650566091567,0.00727842693842566
9.82722597414004,385.2927586163559,188.96882551835782,2,3551.869299522452,30,6.723957367597892,95.51067078307834,0.7555760759750064,2.237565678279297,9.634441417165435,1,18.716299500668143,446.7839302805419,2.201674910020401,0.18206016855658766,0.058798052874901204
20.40357126674276,152.07182821806975,71.82794860401691,2,2820.2849067285847,100,16.175308325116006,352.38656148822315,0.2681212290126907,3.0157642046504542,8.491233853381575,0,23.908820363746173,175.3712858004616,15.69453561510155,0.23295561870993262,0.2378671187129484
23.804819868768032,104.3226191499472,110.08854182540915,1,3475.7343112850176,80,7.167562189708262,381.9836256242884,0.5207835063394753,1.8842022613960248,2.117522660667592,2,23.316251757882135,949.562262705859,0.48360473555617167,0.2084843531097908,0.020812875844293935
27.39047583605999,425.323786429827,142.19679889186162,5,2679.2784822456133,80,14.002333632908247,57.25639337818315,0.5787668656762069,3.144677797307353,2.9049603804846837,0,20.567966503615914,154.96980473965314,16.626174774024747,0.24791421909077285,0.18113603694739044
19.135505594234445,414.3665883963494,158.7202007168109,5,2283.5753080939985,10,14.690546724880633,395.9711756142555,0.8180103960948291,3.3295793006633905,4.624736642677584,2,22.396431614795624,689.2410031078443,0.8781724649475329,0.26877433314194893,0.0
25.42113156022546,190.0936346948614,63.22368041901743,5,1617.8894425982921,20,3.668459732215574,325.27881507928964,0.6390581870384141,3.2117668971270183,4.732090624380563,1,20.162216565889697,320.46069702784854,3.2474546765887013,0.3899136457866362,0.003992066733210044
15.354093442046409,285.065406532058,191.44672954056605,2,876.7619830774179,100,5.936418417128036,231.17600055032403,0.35178009570235147,2.369619171474087,9.980831600301748,2,18.354336009429716,946.5663237425264,0.5176351118278256,0.7619369056836263,0.010430188997540987
16.300373375161154,168.41918622937055,165.53187663690744,3,3184.8683021740367,100,11.532092343072927,131.8748317254604,0.44198708396517783,2.5310333474703475,6.477010998739186,0,20.760628284919502,153.0527673594029,19.546117552678965,0.22971037359663088,0.49465003200160235
26.638169138806056,191.22478446775028,85.83801393236101,4,2802.1107879875967,50,7.65409289895527,371.46726039576794,0.4635257986220688,2.419613075786235,8.527175237250551,2,21.279730729093515,717.6168172122091,0.7695306466355298,0.24213907305708746,0.0028450046022084584
26.61616785341074,332.6355722492375,79.36450127770192,1,1361.014101383232,10,8.028897681902519,91.71185855994149,0.3707446157522736,1.9516500559194299,7.338395530413914,0,20.001518658937755,163.46033322293607,15.74483123462189,0.47750479698261544,0.7917451167401205
21.612087381265113,278.3452815720849,58.48028090035051,1,3013.39490450126,100,7.232202951683676,324.9929631674708,0.15192893863532195,3.4759304445305395,2.983863910333713,1,17.17102830983999,437.61749496835176,1.9487982759146933,0.2457242641689333,0.007773570092858983
14.27072144329974,339.5214458125367,128.78033926115927,2,3550.1723466022336,50,9.8496018114431,263.6073623984295,0.7856060835982447,1.982029503266019,6.959863163284753,2,23.430638558172323,1010.9063809918422,0.4711415084298114,0.19694577768644303,0.028854894953731666
7.392147410041273,187.3731308923984,148.27202377774267,4,656.998609693297,50,8.258792039615003,99.43262215796159,0.7201494672863189,3.274082914225664,8.746215315722024,2,19.392962360171747,651.5593804795102,0.8342303349244461,0.9912589313893455,0.007423584407046338
22.059836866220714,310.7058592884418,186.28037138273694,4,872.2139986585589,30,10.068136391465014,263.76397200979636,0.7134262141870262,2.515151613818012,3.190817247213091,0,22.417678654073278,151.89267256114115,17.138171568511616,0.6624441043207384,0.5082513576964982
10.35932503525633,287.12685983117,76.65826668060765,1,1988.3357770853156,50,14.890626737217818,366.64040723562596,0.506564771187418,3.433842086256722,3.9665358433229017,2,21.672854123769326,1211.8166019800838,0.31956262790987133,0.36247156708705913,0.0
17.907905808575514,187.8011719277266,111.1423888841077,5,3553.884337043174,20,18.211918031443968,26.40840072550899,0.1370711982156007,2.772789120830871,4.420961081834846,0,20.036347234180543,146.82393666891664,17.896397787904903,0.21156299555743888,0.36555440310316856
18.93382449629258,124.60023823871151,104.73686111558774,1,1504.2417254216411,30,12.560568600249514,289.2650031854101,0.6755881162903541,2.3646049519736287,8.45668450138928,2,20.72610249327866,1056.6562415264957,0.42444547933020704,0.4237662155651821,0.01855603185272771
21.142076367381577,392.1732927053339,68.74048238497673,2,3359.037560268988,80,17.45832880594297,263.2005142522454,0.5900833688304032,3.4265816477060183,7.591311257196113,0,23.388295437927823,156.36335198906573,15.694258989224945,0.23669618872799827,0.03832565562763369
25.972063948137006,388.4113212605282,136.7183171992454,3,2276.6774782463085,10,8.851101301664853,232.28155809994595,0.5770232072490175,3.1359804503254294,8.88217059690464,2,21.802771711821375,877.1812766856619,0.5699623483588098,0.28426578431797256,0.0
9.121537565980113,317.4637813634549,59.16844968452043,1,2610.001769907477,20,17.182946215058735,287.5265324022644,0.9223004159700582,3.028702956228053,7.58377784494123,1,21.497445481815884,435.5812124938892,2.0284267120262824,0.2590034143021878,0.025969541036801033
24.49974646465584,207.03208652860692,103.45879563871387,5,2200.3757889540047,80,7.080778301089852,149.4988165848714,0.41011583490912995,2.6021588737074755,9.8844044231733,2,22.61901130852248,643.6533378196991,0.9843854001845235,0.31276094636799273,0.005189573390450399
27.400572632840593,230.88472518516494,192.54078892144034,4,3287.373292232812,10,19.341475266571923,143.83391802615245,0.9444147838388259,2.159497747333131,6.981234157180483,1,23.957488615627668,346.7175069669271,3.3909625799117538,0.2187817900249907,0.06617627781680001
7.43862282212694,471.7422319535257,60.723784830817955,3,1043.6746993548186,80,5.105074695548403,155.53376841077713,0.20125195250968508,1.8539181592212537,2.8240529745638154,2,20.759332461008007,988.933205432142,0.4455735198830229,0.5669963165505978,0.011277027057811995
16.32946305926456,344.578408547988,169.983306386405,1,3268.535527755574,80,12.10573988825855,328.3459693741827,0.3318991521545378,2.1734849022042444,9.79339890340536,0,21.62119279034481,164.73797490990313,16.709545504768442,0.20675777511811463,0.6825587940340752
28.831193683698192,323.1732909541056,86.85917876485993,1,3567.6993058711973,20,18.30049097247705,234.67170045208982,0.5442017647895687,2.1283042056899255,5.645981413585253,0,22.53478171876096,140.96417227620933,14.619880307174933,0.19684282030597178,0.6967081184740214
10.512144452450556,462.70988084225854,198.18797056407917,4,740.5974835692804,10,7.916022918389593,217.4555169133129,0.7420422807705404,2.979411561817572,7.22690826512293,2,17.474739061351293,744.9329981526107,0.732453908399556,0.845698439929019,0.029798825891184093
22.297808853443005,235.3747899157308,97.98290168387022,4,2451.1882708735584,30,12.426929640821792,313.88831271558325,0.8140653313539014,2.3444672181192825,4.193395591000151,2,23.10387936567476,694.9662224506944,0.7306135562530438,0.2827930028469946,0.035774866114270575
21.033828336144097,145.4845078191445,173.77657842755502,3,2008.2734941504543,80,12.488209451646492,68.27054866705666,0.5487363050691985,1.9818530804359573,2.802067064262845,1,18.76793366478551,385.9558113689845,2.866589511508627,0.3271053264322559,0.10693557395506062
16.534466773218597,223.94642397651134,62.60570155362147,4,2373.2938264922996,20,4.319289977863617,378.42506371357183,0.1097836728702086,2.4237068714736885,5.266299028177686,1,19.478902183620164,353.33825848341155,2.909358634918274,0.2986520414722033,0.04534702902579188
8.251657630128005,439.2625392717697,92.96517816913747,2,2403.5268288605585,30,3.64346034989509,220.57686303637357,0.782963638109578,3.2330178975404387,4.4000980478645,2,21.344033391441627,1019.801493248055,0.42076178407246534,0.289040973503819,0.018729287833793407
9.582058732728438,319.0613946771122,133.8006512784106,2,2339.286822675193,30,18.836026415613155,65.12024666374032,0.9451651941849989,2.712864388493685,7.790532712584645,0,22.73985909532875,164.61773150852653,16.802944916027794,0.29462789898233077,0.42337918688442217
20.395780520714872,316.9168771881956,184.6875339835602,3,3071.764968960419,20,13.786965633959598,388.1503174766859,0.993102373368067,1.8033063659841229,6.005745977643899,0,25.276245431938996,157.65289242801833,16.89667997605376,0.2148846170519856,0.8760175335320787
6.742180923304762,276.05996818648094,150.03701688256052,2,2110.9825999039995,50,5.858241155067212,396.21451843781665,0.7078983700644877,2.9522627747246766,3.2880349987513044,2,18.131965282205893,985.4336806707809,0.4830215440135362,0.33330477885087517,0.010993757627628817
27.229344862590832,381.5109048145293,175.23885023561223,4,1568.8455081045931,100,6.323788565260117,33.001042171031386,0.7617578811718391,3.165265342926517,8.79642647203486,1,18.48849567480131,364.4960324860473,2.8966754201284366,0.4043275127846782,0.009862105784893896
13.713003383060657,174.82184868754808,108.60027209065882,1,2317.8607804253143,80,16.937138636243866,240.61999432453948,0.8895658588898783,2.200285748104245,5.502831639229958,2,22.2524411299702,1002.5755182167582,0.3960966938761207,0.29112195933771157,0.01707620191788757
29.14210943321343,373.8020720637022,144.23019814337192,3,1806.8950765269844,100,18.715846195831457,270.9513632635843,0.8269746195781974,2.9250335713082465,2.545629991733816,1,20.26945734325277,420.29505916070195,2.3681891426468025,0.3816857419802416,0.04988955140720926
28.697249924196356,191.74327891032505,67.51961730150721,3,2069.567322013315,30,16.342460641616846,174.83215675196942,0.8570047080487018,3.4318614063185393,5.0443366644077585,1,23.256288162597297,387.40164013162115,2.6359654437913203,0.3017434895162303,0.0015199020830806377
12.242208327888699,144.73082218788815,138.08642847526465,1,652.2961417195341,10,12.558011539550591,199.00303047996908,0.9750610887292152,3.188596083049971,2.088542323274785,2,19.61736020217055,1102.7860624653415,0.3688096502281116,0.9694349051667436,0.0
23.069112899448562,433.1333233667087,144.82171584518647,2,1823.7206413021054,80,6.071250090816752,315.87488854100263,0.18995231410777674,2.013981017209953,8.214010432090163,2,20.404862179588825,991.7605277661188,0.45445781162086274,0.3706268670761573,0.0
25.306870614096656,384.13337245415426,131.10337952107284,2,1144.2071882694358,100,6.407266035651243,255.36374857615,0.8393779999055234,2.2270763761623154,9.392796820856361,1,18.816925902621,454.68008130637776,2.2712723988047236,0.5881798748913373,0.05100796461466529
27.95935635669077,265.7819407387022,163.7840919869676,3,2344.8942966562645,80,11.587126718262493,176.18589815651345,0.5967500786474766,2.3219178855888374,3.741654380407274,1,20.239233519119097,376.28422547423605,2.777240301853786,0.2739040349825054,0.07034246186985331
29.024681021571542,138.42540691954855,60.89025252826488,5,690.9054643949964,30,9.890701535975843,277.5774818764258,0.26489922210524336,2.988904957054749,5.393130597228996,1,20.122474862990156,318.1967252697789,3.655105979833097,0.8192140489167522,0.019862232702031482
7.746969042429856,421.20243614544165,147.1763427539733,1,716.6562278851843,20,4.799492153395734,30.531212104471884,0.9687915699904547,2.7991820831917567,5.324844664343132,1,16.48429362020928,449.3145493314589,2.0553220432070334,0.9119813821652177,0.025776313522790608
27.09153469175974,395.7344435720759,81.13771886131218,2,2437.325250381401,100,5.907281420058434,216.19174896145918,0.900603197365802,3.19113363879754,9.052301161333773,1,24.77709331735761,469.21996036380983,2.2030507834584414,0.30856136175622345,0.012255048944392664
16.24450515143465,150.95935577787293,116.54442305606118,1,659.4791406459843,10,11.559376053123907,180.39951758157255,0.8016825800332475,2.13778115401253,3.049731903297549,1,18.761192668315292,418.65962354317725,2.2052180123149987,0.9590392141272446,0.07686137543885332
11.761934384428049,305.6914938785619,72.46859520670209,3,1557.2964649555088,100,18.019118370258564,380.949429105866,0.4343975771221189,2.2545701528008335,2.2881088625362667,1,16.135788412311776,416.7149997328154,2.3271232970323044,0.4121392548746209,0.08714390222902244
8.973594141753356,119.52244485635264,186.43100236705564,5,979.7772372075152,50,5.503115790914916,376.69551732497365,0.16806053549292843,2.849748353865393,2.2391940106902206,2,18.466013452625493,532.1289434856332,1.4052176546995927,0.5832830574164796,0.014008834943442315
19.343582644337072,481.58253074232374,180.07370742392402,1,2551.3754278207703,50,10.33974595289575,384.16491713451956,0.5717074664956906,1.9078699848757028,5.716359453689502,2,20.752125861399236,1112.3268848006937,0.31153800266446746,0.2716705901221451,0.022757999206081153
11.363278686896445,195.8788458811178,137.36947311285712,5,1675.1699067345303,10,19.4985271936942,68.32505724535184,0.6872611393752811,2.184995806751611,5.242243110460771,2,19.90137108126479,642.4297934097666,0.9470930063751145,0.3880653750896876,0.034556692816277726
12.841451331796076,491.7558176048423,114.0725637221914,3,3055.1394914790712,100,19.100008773163367,356.9515832420706,0.7215809063857149,2.6194119856133904,7.436065061116173,0,21.71750877440142,157.92132973785658,17.13266023833909,0.2200326649744616,0.4578458415485311
11.508794135699253,465.9215778850891,126.39907750563731,3,2397.3801812637594,50,6.501911516940334,83.45147277042355,0.6657269199628579,2.140064734539678,3.1867384775421845,0,23.175896529671878,150.7707772099496,16.30319113031994,0.28608150607915717,0.7132293693045968
10.752322390131578,327.67955360379784,180.7251328094679,2,3442.2201329982804,30,6.738487226972584,369.0469677427358,0.28745202919699353,2.8479119503156225,8.294465693566984,1,17.654712538998663,376.6154105895953,2.328147187802239,0.20552852512011116,0.02658659555539474
15.090965307007973,349.67811604582903,144.59410077491003,2,1638.519677604366,20,4.408752804313181,308.85961732061287,0.6160039732813759,2.446641176887338,2.246749137779462,2,19.861750826268228,980.8403306605586,0.4477487154584812,0.38627848048409574,0.018365828435473245
29.342842266155266,159.77254041776297,180.59830367307651,5,2444.2291729280087,80,15.700764909739425,274.2124409075292,0.8038970294508477,2.278641026383974,5.982894902010916,1,19.08432462515547,308.8402151735027,4.158846047877667,0.26656019402646736,0.07318525763771662
6.162076688637518,137.3702582763884,154.7150879044575,3,2690.5983043509314,100,15.116076467158273,165.1439919895664,0.805364345805182,3.114282624671603,4.878054526642898,2,22.163766034404983,768.4276873055662,0.7277399319820635,0.2549760307140123,0.016885291673562598
15.51647371893888,405.1387851321123,175.8336022783496,1,1622.689813100778,10,5.869119333618995,131.12349069961556,0.5453515210722212,2.2473666659138694,4.963018903663048,1,18.63192741540402,420.91445499638303,2.096828278600684,0.43172761001909293,0.056574810508709265
28.25817219443411,173.690711017191,180.24902665463208,5,1052.705702303773,20,11.291873576931716,272.61526850484415,0.5076794533917841,2.6638590739073065,6.98772577675383,0,19.28042767000311,132.42681935123798,19.544264034057903,0.588044339465331,0.4308456677107203
20.500973225214487,446.62026920526097,103.21591552653557,1,3164.279987703196,10,15.058063558740491,66.59674003655265,0.5965266784795167,1.8656857678013261,3.1434593635958796,0,22.979783162885447,168.87701169566017,16.107228539640307,0.22349096485122694,0.8302947480683782
25.22451876198314,210.47575657474152,147.10046307661764,3,1730.6836214754335,30,14.481332978577052,377.2530463918973,0.8289712880427739,2.391677403779346,2.5537284395511204,1,19.00167533535962,343.1195999906807,2.884084074107291,0.39417509373532295,0.08918298398964981
26.60439272679017,273.04493779693473,145.60379083568705,4,2708.8047033753273,20,4.54561023507595,225.45018132547355,0.498064389535277,2.378437914679208,4.965549925975912,2,22.07662702762403,691.3491788438355,0.897544407479805,0.25586289013968194,0.021718155092822995
19.6202569856734,374.4983216868594,123.57976301252702,4,1699.9220778500749,30,11.570072782962693,112.48723940862433,0.11823343848612276,3.3557675488681324,3.5082298713752857,2,19.58618628973664,795.9979812979217,0.7088611919532597,0.3997245340846745,0.0038859059142878046
24.215320156739388,309.4903690350793,180.43410895123188,3,2622.441981737362,80,8.6553459554508,54.00110447390872,0.38159306088588063,2.8570899340397933,5.954304143600261,2,20.4216308338499,752.9224891436395,0.6590068713284767,0.2554088229165875,0.0005597201134662153
22.17526408200807,365.60147597390795,62.671628224174206,4,2396.3303211301854,20,4.479539987607353,310.9129049465356,0.7683832238973376,2.1046145792151263,9.890786386032056,1,22.610736060919884,430.40268342187863,2.624824550748919,0.29280392907464925,0.037980141738544144
16.174638240550752,427.90909246539997,134.83532564248458,1,822.4852191649649,50,12.241210050459982,192.41719303849246,0.534714023631041,3.488876732132031,5.95464222608767,1,17.53823756910038,446.09464110206284,2.0341946714878616,0.7715045282384037,0.0
27.996142481829178,316.2216063723232,65.41108612134855,1,813.9123481143465,30,16.90569231299149,392.2230766971449,0.7116305929587221,2.448476177832477,7.944743560484358,0,20.467540292998496,172.41941027000473,14.700888810910124,0.7695481419602764,0.5243961128431421
24.83603578579014,288.3150971780404,166.19981264545396,4,2461.541528599916,20,17.143908574894798,154.48846415202215,0.7071871872769503,2.5293318572477985,9.363228398945214,0,22.69048565934572,150.40007244709398,17.694499953566645,0.2846397584695971,0.507863319115479
15.674458138071635,300.4159623077362,172.9917354381165,1,2624.6014384705804,100,12.864876694707917,266.9498920341671,0.8375967584899708,2.3900504323441565,8.737636575191019,0,22.05749101195503,161.06028958237385,16.447217253805963,0.2570952830599375,0.5930320287740997
6.374533417080881,139.97024771076477,55.46232533359226,4,3178.5623660200336,10,15.477084147302746,135.9557784123283,0.8708031133046483,2.320839590107414,7.51129798177313,1,20.912392804723453,366.1263512466404,3.0629568824588334,0.20869867009811033,0.05846569667279542
15.299914952370631,420.6531196892104,192.9301001896926,5,1403.636177382447,20,3.026853516257648,284.75779622877167,0.6148650925215525,3.048532460028955,2.2180167596116673,1,17.80214464874257,336.2790076258483,3.0319565048789534,0.4779952543300631,0.05302051514164571
20.546443490401508,193.85069529437175,111.32017471678022,5,2837.450859999574,100,11.774038152916619,256.87742701872526,0.969752398812247,2.9120844114256927,5.678587596421612,0,25.704522396158374,149.7770297946198,18.906252017345626,0.23274937535317428,0.28786797213790855
8.130644005457686,273.28550037547063,196.43641389974815,5,1930.2617547315265,50,3.0572076153478367,212.55047023139755,0.3687160118794698,2.16799552385415,4.73078865493102,2,19.11894696818601,698.8413753743994,0.9881636085741469,0.32966167807499486,0.022937214755246578
14.743559824440275,430.1742176151544,127.40003190788279,4,1817.772965294321,50,14.414800556431743,367.88574272884864,0.9659974039437196,2.3046926335251374,6.826558547114732,0,24.256677167557623,154.98593588518986,17.982596956035405,0.3392389987292306,0.6309489468376559
6.996172511414493,372.56613246387565,164.40263211099295,2,3148.0588836988563,100,13.624582646765049,83.26066969385451,0.8519683685883317,2.1953244486542496,7.227295525837216,1,19.36229305245804,403.6092537373222,2.2520477342480802,0.20599975459374023,0.0497630073067738
24.46867045725873,145.6624247470582,73.49691413060926,1,2952.1161257962467,10,12.592872188334889,150.07123437519908,0.17234667650151175,3.287170706997121,4.4589157439907625,0,20.989345084657042,163.90384533060154,16.34753269914723,0.23428848293570448,0.11353341274146898
25.184292993975514,358.60224961286644,80.61992247001406,4,2219.2501307499897,100,14.023354173511304,240.83243367336578,0.2363211850945083,1.9676618806929227,5.5086345941275425,0,21.98261559007374,155.2401489266257,17.49660227224261,0.2976787148725879,0.7646344262773257
23.033120917088123,240.18286359818347,140.14801220519647,2,3350.8892334073676,80,7.453167607553433,50.86144814852327,0.7171123519412861,2.9978685571062478,3.5700395848121884,0,22.283273006003366,150.06857946119734,16.234836353019702,0.2045034883253276,0.2593782102376789
7.8129031621585865,393.68305668971834,126.70822854848973,1,912.4618102799749,80,7.108446797619488,144.789857470262,0.3643281000785473,2.9277263463757333,6.901733613649989,2,19.69964814670871,1150.260735226021,0.3136109583571398,0.6926694983103556,0.026106596148460497
19.355765972142326,190.47451020784027,166.50519204824556,1,2674.4327159912373,50,19.61049923498852,234.96124317676924,0.94926722944555,3.333349427851982,7.974952707359382,2,23.006571528492685,1045.8306569414774,0.4134723841666693,0.23799985954069552,0.0
20.07168182184938,109.09821351081703,195.3385569010758,4,970.3265927914388,100,10.823539331594368,76.13976472508703,0.47255307838139904,3.0254707711031257,3.325760027647478,0,19.917000434572092,144.85613359648434,19.553552826312167,0.5390809112182161,0.24426643118253275
27.416012899432353,233.28749119590123,155.03523053027203,5,2347.4077488244493,30,6.3380396586305,386.4735927455822,0.16248198149026172,2.517159503271506,8.406233124281657,0,21.79674769304186,155.2159215399445,18.75957972937415,0.28873431393654847,0.5060480603558228
27.836908769141782,315.07799717446005,93.3424199990969,2,935.2523687614564,50,9.557307484254792,89.60102675788102,0.5595581267696181,2.4283380308938947,4.553216433229605,0,22.422511182376102,153.17769925974392,16.29178336725606,0.6968531917022439,0.5434919572986431
17.97793461132651,240.91369397288437,99.75660651587835,5,611.8196101637892,30,11.256258192126532,44.861286987506276,0.5892801919874764,3.4837477517168765,3.0308577009290003,2,20.525666048449857,677.9634663617205,0.9105060005124118,0.9606343370800278,0.0
7.203948883761736,238.7228938796809,92.37853469546053,5,969.9377744277431,10,10.802184955582284,358.438085641454,0.37639166361887955,3.4049630684345678,8.602683429693604,2,18.87735100649009,775.6268355960714,0.7911942984225686,0.6393988349016401,0.001982948643135323
29.649842184893348,412.2328230871611,117.57584778422873,5,1272.6508786558284,100,3.4061658594011357,214.94601565998494,0.2164396842221345,3.0959740580886463,9.257625454456445,1,21.8790008815714,359.4865818214068,3.014569310019602,0.508308508311441,0.016536699988016802
12.156652719342844,231.77295823806992,157.87281889177075,2,1154.17216450237,80,4.821952953974344,284.26349035438807,0.36548518869665847,3.176861473494951,2.3438870550868716,0,19.6450433452042,139.92046586881713,15.85379406230466,0.5608633645092815,0.15801783874039332
16.874634770387473,319.2141894585528,56.11247888469268,1,1221.0596227670553,10,5.448248504752743,58.91994426689943,0.6110736851378346,2.9062830131969584,2.6635108025630663,1,21.26783643959241,434.4202345299868,1.9014184277647792,0.5516197466206054,0.022673449284409355
21.99479817531437,144.2364427262869,118.55363293940978,5,1437.6300364329768,20,14.810822832823305,208.53095537517498,0.7228636342306718,2.726250212029057,3.6381897362500526,1,19.323485946517906,332.73021858892946,3.9006385705543574,0.4497254243029628,0.05891089577659427
20.286010054271074,238.05842140227392,197.43642031499735,3,2863.0824190910844,30,16.295921644246157,45.94271088727366,0.9879102331149971,2.0424817726747246,7.274184869049949,0,21.47881301190851,138.66035494567552,17.741544411450057,0.2409331286429145,0.7575413608407991
12.73691633024601,488.4479362772988,61.31581986254939,3,1695.6334949107127,100,3.6958540593228344,341.26447273039594,0.19169635880209213,1.8386652197506517,6.661528604806013,1,19.789360936093942,380.9599254843597,2.2026192839636938,0.41728190955109445,0.0631578526984997
28.49045054066759,330.3328697935708,96.51197298397832,2,2611.981683608502,80,19.6183943837883,168.73028271727017,0.8704344290910957,2.8051445165000395,6.02936119951918,0,25.393314491686798,165.9118806917498,16.034021972373132,0.2542525006411735,0.358169798456348
27.887355479909402,142.63116562975569,62.45637748579023,4,1326.6890340922173,30,8.731101256138478,175.3015102038194,0.2852560030247403,3.2543832419600607,6.249789875359064,2,21.276581141464003,755.0454107242603,0.8306829227222551,0.4460136567216608,0.0
5.774360120444351,366.74112998221864,173.52569777160556,2,1878.923206150674,80,15.512046254432608,128.35257291433322,0.7373195641022632,1.883150256368597,8.599527075718022,1,17.474412885189697,424.9888586626627,2.147127660742919,0.35635876456273435,0.05708256592775077
15.674757254185108,457.0425504717468,112.97066986646246,2,2534.7775261450215,30,12.929981802135893,61.660980103741196,0.6316375148787817,2.2947831595039068,2.269986069649674,2,20.93910526086684,984.5086669807184,0.43540214291581497,0.2750940334914025,0.008572073842007925
10.698927068738815,307.4226430089843,61.452760415282995,2,1010.8562563788347,50,13.149524966893427,174.81008944283226,0.6309479375773368,2.327958272640126,6.83297910387391,2,19.54957468716074,977.369527008087,0.416944688491379,0.6209230787367411,0.020240182816310397
28.169549338600383,437.23816804255046,123.67057867444456,2,2001.8836425651389,50,13.309251419038958,138.7963320342344,0.5516347183573934,1.8508854101100094,6.465862982651913,2,22.713829937646356,1015.2749700923448,0.46755470907777386,0.33593462566135784,0.02373551334367848
16.567965014485026,294.5638427765225,154.8297350069675,5,2579.825738123216,20,18.981239645107365,364.2877408233739,0.15730356954991054,2.061139174468451,7.519610776698021,1,16.36608827588159,346.6824362815575,3.2317125893461167,0.2659011813627394,0.03564501319731045
24.403939869423994,243.4112527967015,150.09450531194997,2,2207.0247491663677,50,13.093785769163294,85.0836643386431,0.5281108227340251,2.534479873581758,6.522552639188673,0,21.283553653028246,158.0693472138689,16.11056427935732,0.3326837132574749,0.4987952498490606
7.2747895633022654,449.13510230341325,181.61661912776373,3,3359.6430943889227,20,17.765358493490538,261.9341412258467,0.7666565306098564,2.584302435365927,7.109767813088781,2,20.74817363558144,896.1288636740867,0.5299705763823381,0.22466199690129382,0.011235192750134553
24.7787461686293,436.0232150884078,68.28800820981898,1,1763.6149121066633,10,9.58185193790151,345.0076524552381,0.6286911877859466,3.1422169900574515,3.289106865963767,2,23.067237577451653,1117.4030612103468,0.3173634785208423,0.3740803506338163,0.014547359068526352
28.928228437391812,369.85108984175474,171.54001850961072,3,1514.374322941746,100,8.40691945908777,330.5783530765612,0.32416272847298094,2.1682678920342724,4.809104300108755,0,20.239145869679668,162.59917778873034,16.641001592833256,0.4603132618067616,0.679138345549977
11.273746488937697,266.569105044412,70.04083373331152,4,2305.437306013746,20,9.359140875584089,189.91746087970407,0.8988478406745306,1.9618842368583722,7.012562122149808,0,23.764281569888187,160.68435455137083,16.711428367756472,0.28560484114893003,0.8198772196099559
24.293326506209375,387.93901281600887,110.23064774067278,3,3003.607504148694,20,5.70668207896937,222.7902741053084,0.5285519448585642,2.786928814160653,3.8188236445896857,0,22.35192188882674,148.46526638955632,17.24228087680725,0.22816761026392463,0.3675515865240886
19.786702950718187,229.44307214930188,123.42993000175376,5,1468.6934951740413,100,11.160784538358094,75.89499467854954,0.7629010084439429,1.9325730119464222,3.2545744291844407,2,23.67833315392481,631.0859407047452,0.9940419568701157,0.43956139101024194,0.028611773885045655
14.0264129632485,290.1941882626618,95.91269733036376,4,3538.0991871110946,10,3.9357056761852456,308.3713493076273,0.37630271794931747,2.477803912378664,9.392882627192252,2,21.571861584897185,739.0896918881306,0.6818246295229021,0.19044268289616764,0.0025696952604895643
20.209736300536136,425.80596264152837,86.23115678824222,3,3016.8473526348516,100,3.60473408699521,189.76967503656272,0.5381812897366122,2.3371819439860086,9.891483052304313,1,20.714332863160884,412.89786527598574,2.1963317679703684,0.23546170602637775,0.04711073775875586
14.91242172004089,458.17579472413416,180.72075970655618,4,1012.0108190739497,10,7.570838252290322,160.27940098478695,0.7882709697334324,2.1140904041347723,2.472305751752753,1,18.981019971004358,369.03649169918737,2.8161231024372038,0.6673499899900223,0.10334498360323612
6.613427947436779,327.13183856573573,161.70663314857467,3,1545.088284695524,10,5.2495719974395385,228.50656699316204,0.7979528148572372,2.7698192587446577,4.086458786420199,1,16.140432169315726,398.10054961686444,2.6770396237680467,0.44016878377950147,0.03626122952031912
20.774770003270326,487.01991901801176,170.9670988736621,3,624.3536061453956,50,11.690569238274232,57.08728953413756,0.8417785021882169,2.530312652343447,7.596445780864858,1,18.514847037525428,402.6496781261963,2.747568155050003,1.0359939457991099,0.020956509302777065
7.830057326156307,110.09631800364055,181.98819690677408,5,2373.7196154474786,50,5.385853536654943,141.6518912166096,0.7545747695003409,2.4557327091173686,5.874114398854685,1,17.31679690556277,333.07892638642437,3.8741892583614135,0.26064466210076925,0.06850664373277612
27.256223228499383,410.6282119152208,167.50135449669335,1,3284.5247635746523,20,8.240623111729917,243.11544835588623,0.9797692558400598,2.305315798811808,6.617143572862002,0,25.428011385283966,172.53573576384036,16.22925674281529,0.21358042821651102,0.6229700696752768
10.399372450069103,192.08115556715376,65.39676912086833,5,1718.8037581704446,50,18.14176823188088,66.98939186938924,0.12139098178120758,2.228098571746398,4.803374788601571,2,20.86921524946256,701.7771020456827,0.8190883343646217,0.36018267243950525,0.03366891511444466
25.24230870901091,454.36066673972806,100.49051285151909,5,1809.9611238089528,80,11.002894339083701,173.52555584671708,0.17864824468397905,2.332331424738679,3.9231452863774328,1,19.06374601321353,398.5395812162374,2.87035000057396,0.3289712038868099,0.05192168969547247
8.259893614986392,167.84578335046905,66.55757794873274,4,1480.947427071093,100,11.57320588039501,67.67285485164348,0.8828618384311717,1.8434169115678136,3.062306203629351,2,20.303623239354227,774.0864314688545,0.6910607338539055,0.4278556457850235,0.022253450253066052
22.32584545625842,429.1267549984924,167.85514215519072,2,2863.2375557424875,20,14.99930523606133,183.70721842581625,0.3179730425646877,3.345733342710857,7.19775746634643,1,19.669445695217572,395.15463640725125,2.2534975102716994,0.24712518926368987,0.009074470556705355
14.146189780950415,343.19011941322367,58.8779651854921,1,977.9946554385509,50,11.2739628855202,38.5050593119725,0.7864867461739933,2.4573540970867613,9.442888121269842,0,20.599871843162408,170.4217027201418,15.11203197950236,0.6548946589231561,0.5433970713845653
10.048031305182318,467.9402223364734,57.80965350393022,3,3122.3031547372584,20,9.085964459043451,275.9243454089572,0.8742919806289632,2.737796678827423,2.1409853113339663,2,23.54610408828937,934.997463280096,0.4831625854235516,0.22059680024682002,0.011022099130393148
7.200068891620219,381.6160659747491,51.120253212575015,2,3217.806868315938,50,18.352925324113734,64.32591317287648,0.31989387070562714,2.0933073610021524,6.671563718257595,2,20.900402222095238,1034.7763513385519,0.3468320274386087,0.2142274284719111,0.005625078330676145
19.3374875426394,307.5674360856623,139.90850458984866,4,930.9950737610011,10,12.4482619881238,98.60192084314988,0.6052913873016781,3.0749971372336375,8.465133820836101,0,21.00625265025061,162.90310097172798,16.96593943927484,0.7520013640696275,0.22200564599048553
25.6691163272962,193.12738021519485,117.08652621993089,1,1190.032153647977,20,19.006570796077586,52.076572574434145,0.7590127646649953,2.232911502462847,2.8164380450174713,0,22.734677727571036,161.26915335556657,15.899071882596486,0.5840896121637817,0.6748668558747579
7.908335996505104,174.93141882609297,84.65387058066894,3,3409.0643893264373,30,6.255061528329782,393.6636468859286,0.7239866994768733,2.534349328543975,9.650499756427065,1,19.821857971390937,388.14154005184355,2.5511057753078856,0.20126413498933915,0.04279438456016466
25.575974535892215,361.0114753003626,196.5814293662092,2,1769.133934334848,30,18.000403540889472,155.2883220289132,0.9727650750501594,3.335927165943308,7.36123792675926,0,23.303623642278737,156.99911498300597,16.85967936047329,0.3858520526617709,0.08659845375807189
5.130094460165978,246.25623869224503,138.9296479119236,1,2490.84024236791,30,15.38520839970831,131.45221765147363,0.8874858705061831,2.870188713663774,9.676272943320075,2,20.430043619191412,1107.332328453561,0.34038144115431757,0.2604395447825758,0.008824763257125562
11.28224745068799,167.89419127652053,158.1549271242992,3,1666.8728320269236,10,10.07769648681018,399.99878752046834,0.38243036657635143,3.16004757773619,6.591634938763582,0,20.62211047985485,154.86394140556135,19.151655015030258,0.39405429585100976,0.19096548282435957
7.004396126925936,139.6413553519385,94.6880748093094,3,3090.9450857496972,30,3.3970585866288276,279.47759081963784,0.29748626955234925,3.0498224422894884,3.2219728527864264,1,16.497377714924784,398.664780100518,2.9260043115616208,0.21837279083383881,0.025412108878171254
28.88272235044571,314.4035805168104,100.99658912437496,4,2501.0721489101234,20,7.897056348731125,365.68377399952465,0.7243380472734806,2.9909221471846856,4.161337845518868,2,23.550409769987088,716.5598379745495,0.7452896682072362,0.2603866351018329,0.013080306823496757
14.008105116126359,283.56182216867796,89.1346841293188,4,991.2010514956485,100,19.59883981008214,122.85807273260535,0.2812583987715861,2.682005332714074,3.963655626495047,2,20.242003130687092,741.822232854589,0.6361321397622809,0.6164002438896315,0.005638753339097135
6.16502744898273,267.6888094229834,156.02739991998038,3,2580.266812258739,80,4.2767753294931365,162.9505394718689,0.7112428566817534,3.4614425533589572,6.032551065949519,2,19.942017314951894,869.2892961124385,0.5914549197513156,0.2557122848859432,0.02364389718110693
20.108092353417803,191.40930039547857,142.2359708259466,3,1457.4005799229578,100,15.499229284136334,363.08362120295084,0.5433310481855047,2.06513291003448,5.608087746387562,0,20.98389984499252,151.525276423169,16.980226667062684,0.4509752649243139,0.7543535951401283
21.9693557476994,478.5839616165191,162.18804151283865,1,3557.031803996582,20,19.28087763463188,77.05069336399274,0.6890643443631734,2.200963045496973,4.254253194028074,0,21.80393936353528,159.48255598062104,15.282885103606548,0.2037505932248142,0.6785183471339427
29.954961779707318,216.7944588903917,90.14507804397815,2,1597.324534271405,80,6.724212564156284,44.50676803906333,0.7392836111932648,1.9630236574919686,6.115111203617746,0,22.084535937272594,148.61016596399222,16.348103914861156,0.42533928050615516,0.8032245195546562
24.71824420518714,482.779088863146,80.96814575621391,2,1744.3246627303338,30,9.3392742174367,284.86870968039756,0.6531332450582362,3.209520332220924,8.24455687721898,1,20.950969285412782,436.1104788078433,2.397990170941955,0.33907719867530794,0.00894418298757707
6.4903128641854195,434.9842857335361,70.22886778607699,2,2521.0999331921553,100,4.472796110324753,337.9904564933554,0.6786251669660697,2.1162414865305768,9.413180527040485,0,21.244236212426703,154.62150102849768,15.42965480901917,0.27543719821238966,0.7284286739194871
14.73583896372245,321.2688521118853,129.2668592648729,4,1098.871855554027,80,11.808913822782515,343.66142891037157,0.14828755820641049,2.6745039385815774,4.120169796905471,0,19.89081455615521,158.74611189463803,15.45645040781748,0.5949906477910013,0.4137334547167687
6.396229307756169,265.44344248280436,177.41828919948955,4,1220.2403481886258,80,3.860193656671287,83.60541899735443,0.7866507810020336,2.1574483045939856,2.835281195119302,0,20.43698885286727,154.79386355947386,17.53524396820807,0.525138346269142,0.6936051772196942
13.514747573811812,249.30429045885597,56.592703889479225,2,3382.06016342419,30,11.692131216550845,152.63767488454755,0.7879079368232771,3.033189718461014,8.078320852710332,2,24.627004609580638,960.8653343822895,0.40525129825769074,0.1963870090767194,0.016832257565487445
27.87005487782234,357.5599204042838,165.56411530393342,3,1974.021475982727,20,9.661564217808568,146.94002371506792,0.3542048471041386,3.429882778402845,3.6608800899959295,1,19.04956453420664,421.49507855544846,2.8297033627859887,0.3519133613828842,0.0
16.34252495777955,249.57417878607396,64.29374728314201,2,3174.551838842122,10,6.379436577626714,156.0815095537459,0.9729489341079544,2.490594949292309,4.435963328343629,1,22.528938184828675,445.1595100991466,2.229665339762835,0.23831642933235186,0.05891392336800147
17.97576331231071,183.18944040610734,159.7609181965094,1,3359.261100820539,10,4.365250661922019,159.14312119293513,0.32755011803625,1.848530744163445,9.990005898900517,2,18.061692492297475,1002.8584287239328,0.4141239299309086,0.20280285637189907,0.011905913731823073
6.769160240083448,345.44613981448754,155.62512558695323,1,1460.661876881956,80,13.896573668359167,360.62887171642603,0.32432203546625593,2.1710384891252508,8.543506770368104,2,19.971355331470296,1101.1348453119072,0.35353578123171875,0.49900782570793567,0.022176688628124316
16.243559488265504,131.28424522188263,182.32564691696658,4,660.3087827540207,100,11.901732544345098,216.91386948171342,0.8523994038925095,2.9206517210821783,6.968533537520719,1,16.114803906793213,335.0844196787255,3.590626534361929,0.8795487366772465,0.046581034987321024
7.5018409246611135,106.75475394598735,55.5468600855621,1,1021.5417052003161,100,3.899255180031336,389.2089696836626,0.46432001172311155,3.4248656431509996,7.015165307992207,2,19.452670718989268,949.5981392519947,0.37626539492661987,0.656038181004468,0.003488713658160409
6.35054110728543,103.59908556534432,121.5788921827276,3,1394.7579083843318,80,9.386680479974716,291.4779865492221,0.24103358869447924,3.4327877454722158,2.5819817843204085,1,15.596962000255502,353.6917500211446,2.804799727870458,0.5001034506574044,0.005868322351837744
14.853727730990498,101.89832376174004,185.05333895827403,1,1508.0083507554348,10,18.460015296980863,173.89153907631336,0.5134009531481759,3.1237062371024567,6.14072022226067,1,18.049233491380154,429.6048675471106,2.2663496327267696,0.4132873437559046,0.019148285776438796
10.312266506872362,411.9070326505467,76.93358425765003,4,1596.9707195620194,20,3.910839042158644,158.991936501216,0.19807751688197245,1.80921811755894,5.813477473632185,1,17.891855961739523,393.26673214531166,2.3953941718025757,0.41333056331363954,0.06394120402149665
7.733818332140537,338.76124250354724,57.17825613897714,2,2745.6152354501037,80,15.126882381017413,25.988456522937746,0.46497524713847427,2.3050044769018987,8.690705427507663,1,19.642507751177153,386.0496714682291,2.15595775205858,0.23664929653354286,0.03384947504021911
5.750519800367677,366.80571791694575,145.92470775549657,1,2253.3555321718386,20,11.326491266096328,334.71162685584983,0.8407386823556553,2.27293325080282,2.6703815361042453,1,17.130575155807577,437.85705821408754,1.9476881768292444,0.2910259147754364,0.08116656315884668
9.019851963449831,302.0109254914855,167.66615085842483,5,2586.9864085118215,50,10.245212573742847,229.5442015995249,0.4762747573925158,3.27807439813327,4.4795771931375565,2,21.418043922239193,672.9468447898186,0.9033185134518539,0.25110404860258234,0.009234475628847605
7.573852203324761,294.38835943309493,69.75298119881543,5,1458.4894298925528,80,19.991958912740817,209.88115245522528,0.16628335487916884,3.048665084339602,6.410148264166079,0,19.275676675858914,146.7308204475287,15.265857015655035,0.41843696679320613,0.22235823640060717
14.365326595939324,427.2714388010827,130.71773931493024,2,2564.07504813617,80,19.762849387779706,37.03905124056201,0.23464494936480446,2.8728761072262357,2.7674977260618148,1,18.074279853005045,431.82604442707856,2.389564408063928,0.26083072292573617,0.044062920314905434
18.20712047890266,233.76876144639573,86.13395406199098,1,685.481878449043,10,6.776128043773241,326.8161034337376,0.8993680227876034,2.7948228232830346,3.406378007112888,2,20.55181599847298,1155.2819916263718,0.36319812974947596,0.9859582930565222,0.015803877515256637
19.618323400962865,190.66675271754133,99.1678797692359,3,1605.7081973530549,50,8.559563765646853,49.54814802610035,0.15488477730685085,3.2129396714472214,2.3305647046261493,1,20.524390130338322,382.7545852560145,2.739601880371285,0.4233510244822459,0.026140996344642935
5.167229606274868,372.09765843387174,82.19506106327464,3,3518.050647399244,10,16.544636696039575,127.78948497191942,0.5016743556454017,2.7612969463441446,9.01106112545198,2,19.259318652325426,913.3718299996924,0.49495840058167007,0.19856001804910972,0.02384748966882394
26.63335002982578,124.04260842212373,149.79063724357945,4,2386.232225565802,30,17.431607424638614,137.082103867999,0.18537109936077995,2.473420295206199,5.587246046790882,2,20.902214475036416,585.2259969980133,1.1216234955008793,0.2925145126383989,0.0
11.502291587748912,130.09276671640316,145.9137407455499,5,2827.9132964283476,50,6.873885647536697,94.04405068363126,0.7112280778573898,2.3871751296801262,2.9044012537148225,1,20.41745530172812,324.7067317180451,3.561813407177392,0.22546394989198631,0.0850090794232765
23.966095204628147,415.9640740349982,162.4832815132055,1,3535.4861799034925,30,13.060910385316047,342.23649842895725,0.5681205541704226,2.352410612009927,5.067869661462221,1,19.82329271516518,441.53472764305855,1.8523518915016828,0.20341296239547477,0.054144067629165266
8.521782659955395,398.83549609118376,59.32502728595953,2,1033.1111683540407,50,18.994591484689025,250.91701950262217,0.8667147545023496,2.9700075311686023,9.216060092942339,1,19.112075598933796,439.09038441552354,2.0615280735272807,0.6067784347281652,0.007421487924382577
24.558633342564185,431.09333162109687,128.1445220287616,1,1636.638086080761,20,13.828595125136134,222.00231757493896,0.6830485734238052,3.3805164523850553,9.828850840642279,1,19.39143165445896,481.30342713972345,2.062411866232715,0.4381891211123048,0.028774332277115067
27.680783712507964,332.8459836778677,106.75743498552228,4,1145.3779801345522,10,10.542178140215222,78.17486396614945,0.4550252577621601,3.2613677905024585,9.372347343115608,0,21.11927442853051,155.46388460674302,15.531914122488567,0.5428642360535749,0.1444963660503338
9.657747420091106,184.2807578556617,181.16621884812463,3,2956.3612505273777,30,14.422044183812332,166.5101566450907,0.880015491760817,3.330403123197053,9.575674660845998,2,23.26637165371361,679.0700810617453,0.7547918623491685,0.2165433360856168,0.007689059243151762
17.76702290161017,142.7944527278469,134.49744423438318,5,1748.5872832759087,20,9.219042443305696,270.42915337189436,0.3239535312176507,2.2262798459999797,2.4626131097799107,2,22.49262777684934,580.8557306644775,1.2682962300879843,0.3929961156219374,0.01791891305432734
10.197444218535765,430.5260178097512,78.28903651797955,1,1117.967463880065,50,10.526131245187752,43.00529182482565,0.29757699435051854,3.4911262795776734,6.507992524816367,2,19.645541272011968,1118.3813878764975,0.3047419111663017,0.5951469099762686,0.0
15.820255508232707,177.98209988029635,160.46921103510013,4,2699.740999647144,100,5.7330512601886685,323.7592018898412,0.9132993895633901,2.9096248545080328,5.783743210554965,2,23.429126486215797,625.439173563341,1.0142453944578682,0.2721373683385344,0.019312861523269685
16.59534221265468,409.8729499931105,199.30612727296952,5,2810.001838535542,50,9.472826976386127,120.93871259968101,0.6659812386667591,2.1331172055701444,7.5816674587264705,1,20.507808984417903,379.87766537242373,3.003121929487052,0.24791977738926116,0.05166246259303947
14.435680922799547,373.4677940688598,54.381550930542495,3,2734.7170423432103,20,15.378728972950972,395.4888619377561,0.7173016669938245,3.3373680099962337,5.242976846505167,2,22.056147951957577,849.4051407430296,0.4752090860878675,0.26347811395622095,0.01674594759604433
26.023512616717355,417.2818498739305,58.54668363100437,3,3021.4814811887773,10,8.343601864100862,160.57447846809913,0.4517274842982637,1.8340954285228908,6.37131776417948,1,22.723147663527214,421.98476114808085,2.19614543378153,0.21407692130468273,0.07262634344002304
5.722828248666407,291.88987824504966,84.62569458975187,4,1741.6654156281106,30,15.340828958226714,244.04353462657696,0.2540987445337668,2.102985787792064,6.549886879288322,0,19.620146363668557,156.52761140210075,16.431169976151754,0.4076461124128743,0.6900662142957676
18.43198201063005,391.1871566196791,141.1610562851115,3,1228.1819220484585,100,16.647390690476204,319.8205746973728,0.28746687752949096,1.9016400859256257,3.015918223860915,1,18.715004488490624,413.87687796534533,2.6159517657653133,0.5721585486362902,0.10812194131957913
25.171394653887457,146.3336253887304,199.3231016798055,4,1527.321857742705,100,12.352543160303101,88.8663251686035,0.7787521335934469,2.005963770416121,3.8855812040466633,1,19.35763524603225,340.9082100298889,3.618961546289122,0.43040955270590614,0.10234005992341118
20.014674554853432,311.2137183014845,60.48758026100442,3,3309.881303547277,80,6.147621616748939,167.0292057026574,0.3474069459778686,2.296365648854161,7.085043825890838,0,23.592461747757188,162.20750088306272,15.66954639633324,0.20584097863817302,0.631284602064588
10.841032376238678,120.04810060104427,168.34469054506235,1,738.6896649678729,100,13.149487667562543,304.8637615844005,0.4245287324268261,3.1706122366990677,2.9715479598474035,0,18.634624624147754,166.16081539220613,15.482301098379189,0.8242150287993978,0.16405087589119166
16.221199210911333,329.0397035622571,58.075961874255206,5,3408.255575520386,20,5.24353232923979,250.62190795803508,0.47306212141865156,2.2613980708547183,5.021095162683989,1,20.315554535905676,419.5023451413325,2.8810526041736617,0.19679674192404187,0.04940046721194702
23.959153873176422,315.45705014809795,167.06108183005102,2,1193.5413448697132,100,6.474126658870904,303.595558664442,0.6609842982314076,1.8972900372498922,9.518093275571776,0,21.197198173350372,152.79828561254382,16.26037435005771,0.47661365539767664,0.8311537388365424
11.049369968514597,244.39078919922227,171.60974232639515,1,2250.9461219069144,50,8.306134016924876,303.03027807643645,0.22257804874883075,2.1230539727906357,6.218196929210343,2,17.80435196281178,1029.043552350626,0.3725704879055651,0.29840257707838164,0.004603365417894047
27.37693859678986,279.7850752754857,78.08395426172665,1,1468.7929162283858,30,12.087967932494347,114.20451188299089,0.774290473433346,3.450607316205539,7.850233971309001,2,22.64713475077758,1127.4473299567978,0.394457751832717,0.4395449207174859,0.012336788094685799
28.339858355728587,470.79535388522197,96.44066327484654,2,2993.769360572997,80,15.328095104805666,396.56264019773806,0.21883483910135815,2.2095157312342204,2.194141827772306,0,23.61451630042577,172.05408839371677,16.621306553434216,0.22759239490970054,0.6677922100030189
22.75508548574444,196.27980102835113,95.35690722211683,1,2047.731614760368,50,15.955305156123881,195.31256147996518,0.29012752830622374,3.3526166302429123,8.864856098819669,0,23.93835824423887,160.38278911102765,16.38971307661448,0.3711241896227958,0.08416132067575978
17.339235450219057,441.25703048854893,60.88739953516976,2,1100.4557542854473,80,19.498477439452568,143.65758123200595,0.9989928257655024,1.9080016353143205,5.138988039116888,2,22.50784907910068,1018.8567236834655,0.38423435051345595,0.5969138902004179,0.03475997926819793
15.544639647454309,297.84379670566545,160.6617270899565,5,2867.379910381809,80,4.111189147212112,99.11726144595522,0.6345136654889989,2.2343537578039347,9.753776657991576,2,21.290399569679515,627.9085193528826,0.960766101647173,0.2435017099078782,0.01044321242636121
10.17703402612917,350.2617628253506,69.29141792039584,1,2565.1495390037726,100,17.572080099545765,119.41032623382948,0.719747875473635,2.747124683540478,4.550698485111689,2,21.938986264356288,1064.5793429710782,0.29882875138362136,0.28030489460187574,0.030316423635472312
24.406270958210754,213.52874948899955,131.20042374799425,3,656.6851127125926,20,12.92114262416148,359.791666256704,0.45493187528975565,1.9759742348777174,2.577848456963875,1,18.259705619339936,361.3937995819518,2.8012274040878378,0.9317903215475676,0.11347287208033183
11.2280640873871,215.45856175146332,83.83139740179664,1,964.8904467575303,10,8.464502374475732,314.00137145391807,0.3349421108602514,2.676839905826992,3.509490118625889,0,21.06531612080516,154.56998139128896,16.018435631110183,0.7253871944136387,0.4243329426011669
26.767638732922197,404.64124776845404,115.81071659313287,2,1596.9433702280976,10,15.575674850200109,340.2645158824452,0.4185793180961773,2.500117347788552,8.983662666261354,2,20.525787700695318,972.8344734563308,0.4455622890116528,0.4331572273345861,0.019644624162735023
26.649983544956296,248.10372240537083,53.38711130131407,5,2921.8735765501197,100,19.732453702717766,300.1831164717563,0.6154399186425336,2.8201684472299604,5.500795012711991,2,22.881585947154242,726.7936975899346,0.740952677175745,0.20710699049685372,0.0285506483503897
16.007069751367922,187.47041442546612,54.92800634933698,4,2629.679516246028,30,4.968873296930904,291.69674204703085,0.8937851651236041,2.38404334377898,6.774561379418846,0,24.762761682512107,158.13227140922265,17.55985918403567,0.2584974757059226,0.5756064163261312
29.6747980884689,147.69306705138092,100.66400443084225,1,846.5973064174798,50,13.023301385359288,329.5392762766213,0.7443941956958445,2.1472317546509636,3.7213999244185842,2,22.60999738256747,913.0842485389438,0.4157711675621081,0.7200867230291571,0.033365550517445636
20.804313060176973,134.57492771403355,72.33402073835322,5,1583.5570378179523,30,5.818138250903367,383.21243969526313,0.2781077488110582,3.34249254095095,3.3245994941337447,2,20.31830266389573,630.7640152744375,1.0372523689742517,0.43508377124913505,0.001797964084480374
13.724626779450867,354.4257647465374,96.08568986276549,4,3047.5252149880725,100,14.697148875996971,259.233094937136,0.7285207321789511,2.348453884540284,3.990352756980829,1,21.250924883752838,417.5303722591924,2.5619069127473453,0.2302591357677054,0.06446747699860962
20.496706496203288,118.39095985643877,127.14282577979132,5,1254.2486762018916,30,18.037938844128146,358.20870586211987,0.6881697519776098,3.0479619533694438,3.1453366708115302,0,22.552862855337303,138.18621413095516,19.853727044789565,0.4428819911992347,0.24994379556108462
22.97389400443905,206.61160964824484,194.1513353380279,5,3581.3508143133276,30,15.373562297444034,44.591571593865865,0.943831165585149,3.347097056753894,5.365282684586506,0,21.737108196378937,137.8121783437813,20.02580333656765,0.18893116585222636,0.0788088937927046
18.872175354419866,102.83267246333176,150.20354506345893,4,2183.6981843005433,10,19.28035399880663,209.14318487736853,0.12341279109282295,2.7061210635195723,4.102563380006919,1,17.92182428877853,313.9303716002024,3.4887816472508026,0.29663679421072753,0.05652576657633244
26.378235476520207,108.02935260594437,147.6910693936383,3,2333.2291873030517,10,7.267233692509887,317.68899670757344,0.45322567764461985,2.7031056349305285,4.402664978505235,2,19.81297988375966,679.1631256268189,0.9616464138169182,0.2848264418394451,0.0044023000402567715
9.015986557525675,320.2203824360426,83.79364294393696,2,1294.4462483918637,30,6.63105664137897,115.0574629551728,0.986274599224681,2.925523659319979,2.1461991047107967,2,20.330534813453916,961.2371583870481,0.41253865173030774,0.49279830978144623,0.018039209495367546
25.80961211994116,249.240222117332,66.71121036553092,4,2071.216424104931,50,11.914223693351815,174.05424273694825,0.22171668795351207,2.234679074267296,9.399618758913276,0,21.29883869438704,155.23732820284707,18.625410258738537,0.31729197402128817,0.64077111665181
24.21288277581478,452.01719769436176,89.77877048075933,1,3033.7325642300234,10,11.479581926638044,361.1448092790557,0.53852261583022,2.6223997733802316,5.762745274849057,2,22.751879579719976,1189.7199086551316,0.3109814495954469,0.24472241076199436,0.00947563420347134
7.912257906586291,145.06948773636896,72.64046144979336,1,1744.0597173679619,10,13.069800609518325,132.11146878772237,0.1335249017090014,2.1475291782548918,6.100748275316293,2,19.759349546884206,1106.9849476258155,0.35505814032364197,0.4336529179112847,0.01874627658520146
13.470264405113884,339.53354731006107,50.05854237574843,3,2470.89213203813,50,19.25182208824541,330.81341580495234,0.5139104233665979,2.2206075676246417,9.306433973852245,2,21.208995844988554,964.7473855835832,0.4623151163432719,0.29293164554339635,0.01366684660419326
16.825205495412582,253.1586121861952,155.9488827713603,5,1276.0400122822944,20,6.135349221490778,175.18861915993088,0.927729363803649,3.1721761782639213,5.521200050051819,1,20.785952585022958,326.41081669797825,3.3870047730833894,0.5188360330453431,0.0023129649159124768
12.255437267553594,348.92579245195753,199.317090626376,4,1302.6703448522094,50,15.909657549651646,160.05868591948845,0.7317940077050543,3.3327360818997036,6.317724685108798,2,18.602788269443938,765.8112694542823,0.8534425761772306,0.5201851253565876,0.012436916603790213
13.002702752478072,426.04950044417495,113.20191274109663,1,2007.4023217280117,80,14.146142658525186,241.7825153040385,0.13896275144730463,2.2988217637309565,3.2691551869804663,1,16.807690455710553,468.21543564096044,2.080694640370937,0.3681770243394648,0.06455196913991278
28.984084836393667,411.8187872355325,150.2959000298249,1,1203.2815967490328,30,11.751356550771508,64.67556386947086,0.6844281797410916,3.416872588492195,8.381283553673894,1,21.787828149241346,426.04843125443887,2.103599131890985,0.5901860825970962,0.014906937521005265
29.861295384541414,461.7809894169259,131.6959278777835,2,2656.7337383836425,20,10.934902411747823,129.04989953030127,0.8649334078332959,2.592888679069765,8.20959984681009,0,26.498634831552213,159.61649480408775,16.223766518152793,0.2618670041920305,0.47384729411112264
28.553527385063745,190.8763930966605,86.49697491053095,1,3175.285929335955,100,14.981967019652627,355.2834492082869,0.9502123722604309,1.9293557527292786,4.614957757713472,0,25.483371901837852,169.05121720460636,15.591462209107382,0.22264495626806385,0.822380074644034
9.02677831297684,125.10361617583223,125.77879055053674,3,813.4348909627424,50,3.9677745880867894,89.11825683112744,0.7612165271658147,2.8915723157553312,8.722115635479632,2,20.343759193368015,698.4847220445218,0.773905221046017,0.7310486180326846,0.018551690191247146
25.205704626605332,498.53466590190914,133.97589708610388,4,1546.0486030899997,80,19.416648922155773,117.61101568828413,0.2580573741917701,1.850598129819036,6.1723785640838935,1,18.329713167576827,377.01138752967273,2.8239135948774647,0.42825737118476653,0.06354753417797568
6.954168740462256,233.76540736728265,135.83028165568265,5,2407.5001038412297,50,14.984625014955945,385.2952371610352,0.2351137452710023,1.9551220754128233,4.392762133345433,0,17.656379166644477,142.90971474508854,17.680614462690944,0.27929894632852564,0.7981058470447306
17.35755227271715,394.26755347658263,179.61560867128844,4,1414.4924890128923,100,12.883197459344583,135.90828218225062,0.625130223114207,2.920764696582804,9.606537662047272,2,19.798734873113972,771.2864414259565,0.7705865194405115,0.4719247831755868,0.0
28.070592122783808,458.42758116626754,82.13336319512189,3,1915.7585421393208,50,13.19709416469868,164.77974402927552,0.9722559610872373,2.5400546017413714,8.874993264228166,1,22.72139335862554,418.70420276180823,2.096886610398075,0.35753487455853233,0.024845403548685786
10.082354966868868,217.50213224720713,141.09194075529462,1,1897.048445942228,20,13.137828258265024,160.14103120531948,0.7649705913217723,3.4436148983035957,6.355568204182249,2,20.537928546706638,1108.7844348683443,0.33431281151608055,0.3450731318738172,0.0
27.696692669772226,268.63081722965046,134.8102308404601,1,1495.0452807036586,20,12.94588911876045,119.02615216905227,0.1683835535326213,2.8840235031440224,4.8207354503805275,2,21.24982023780025,1013.4486024780483,0.3895983657342451,0.4576335319025444,0.0024139739942941624
12.975941997649329,437.0789067104059,121.09435406713759,4,3025.5281939590095,10,16.334557270110686,90.49747066214861,0.11231531674886408,2.6978159023973567,5.297841968693894,1,18.91631803708647,356.43911816064303,2.412785513675259,0.24035826088685971,0.018060135506260087
9.127754971031141,197.5869311915378,64.13062100232641,4,1824.4079165799037,100,4.659032599184204,192.61180358088222,0.968989592631837,2.806079295355298,9.51812217515183,0,23.61031256493373,160.6753270097822,16.157264273474375,0.35477940093991345,0.36732178979145275
17.98388773087545,444.9059736928157,131.12193507676005,3,3033.9685717571115,80,8.499339979945775,273.0825406058273,0.9954940774790415,1.977233314272666,9.012616937297718,1,22.87245912564241,403.2796797286387,2.4213537150670086,0.217865825235152,0.04555056678857896
13.58897779545775,270.35953251178137,173.68551056988264,1,860.4979386028493,50,9.238385295689957,368.8503043566304,0.7790055352220299,3.2290311437604666,9.814277213508346,0,21.915205974210696,161.16305479415723,14.453782347709687,0.7325376124342347,0.11438801697943426
8.013021310980566,336.7857580684621,160.07326654881,4,800.9682849711124,20,4.934244095534847,232.5607814532309,0.48209009002292713,2.5805344273081756,9.681808727064219,1,16.71857043363638,389.8850833461649,2.3933004424872952,0.8204108156970696,0.04834967882820993
7.704753566540466,486.72613583234374,165.66312668965912,5,2306.9960146558587,80,4.664887050330023,357.029957382761,0.1438932675674394,2.0771079340703484,6.390343795203272,0,19.282639488280918,145.70315124603283,16.361721323278903,0.29656449833267184,0.7093632628131296
28.30318945585648,453.5757276749653,185.00850281493632,1,1050.6406955300952,80,14.075422576532402,268.11271079209627,0.5373063649007361,2.9679690874034996,3.126463998544649,2,21.220050990670803,1052.0910731086253,0.35785141627433914,0.6373611122810526,0.013389239217618493
6.927447368647855,486.51072272098645,191.99276249890877,5,3126.6722153164364,100,5.622169997292348,387.83937379283276,0.5831668954375537,2.8744116511410702,4.332872783974983,1,17.891178745246147,359.1912305001567,2.736300877594295,0.21868597329319625,0.023497341332021287
8.953202346196397,223.79359383361765,170.6527398448551,5,1425.7570981061776,10,19.129794733056816,127.07419006019595,0.4174273143597669,2.3249324630073387,2.6380126058387,0,21.369062314011153,151.95870506795404,18.15605896973649,0.4683538971707366,0.5827459476439586
8.84502337789746,330.83871154913777,55.80480301893197,3,2261.8661281592304,50,3.5534344422304294,88.31710116649734,0.8209804246979338,2.0501400500264326,2.6260345852982034,1,19.12005182534831,448.61822539408035,2.1832058678246726,0.28865982525764733,0.10528473258623929
16.5243778676333,322.94681739415466,146.83776205050455,4,882.5676871005041,50,19.102969653923225,77.40738960452848,0.7366392796120671,3.451730313749503,7.241548347079312,1,18.425589656768434,370.21244166661097,3.0118671689796965,0.7186789381684355,0.0
7.460930557950314,178.80485334553634,120.94672461635486,2,2427.4971494407173,20,5.626427705777077,273.3691255924954,0.307337342365327,1.930537854968352,5.695869817982189,2,17.778030317507543,929.998918300486,0.5316449882885776,0.2506190839276112,0.0072353329241320805
28.525012926704125,456.34285485293503,69.25356628493995,1,3336.400272201904,30,11.786005742773973,76.26849336368574,0.7416867403833708,3.110820877660265,7.607980702983404,0,23.140802742726716,165.56821570743026,15.318442384615416,0.2358353355743925,0.21162808662611415
18.496925905703534,347.4145273029628,188.17910946220525,5,3543.6884327219823,20,4.211953753560608,236.83623822220127,0.6468476073333382,2.400561613287607,7.7454222240905795,0,22.53063666232444,161.1139909481803,17.755042981781926,0.17781155555188022,0.5513828314615083
28.960651607009016,197.93289659224723,70.13449474933154,5,1583.0704847161776,80,3.0951676195784357,106.86709740888536,0.36922154000013596,3.415183553666796,6.20333577731346,2,21.98021770147729,624.2343329838143,0.9401648334167014,0.4114637832051833,0.01077309577947432
15.460847080079363,473.76506428237155,180.6962032459651,4,2284.923119329058,30,5.451515761079497,393.7349465595299,0.34328747400665227,2.5808188813983683,7.441670300439496,0,18.820466310579977,152.08990053619644,18.03872738401712,0.28946786852905665,0.45426394760724104
15.165676004123025,206.8030340786584,139.0493674593298,4,666.8089453149238,100,13.102698353916756,117.57901567734362,0.11497097739532314,2.30980981668708,2.186171221808374,0,20.628937252046065,166.04226539607538,16.274215205613988,0.8805794306300369,0.6057574512288298
13.82624564752906,345.4815135254064,126.67193466920482,2,1922.109549863963,20,10.613187768040333,258.7281147409616,0.5379203288756348,2.9673518978585425,8.7546203785354,1,19.044686514223976,395.3346357974217,2.0924884669178043,0.35663183260344544,0.017030761222907795
26.983826241636883,366.3008644257235,198.73006304761222,5,2870.1092253837273,20,3.322253323051219,174.02120471414582,0.3616469562366863,3.258607671350283,9.651843770351299,1,17.81915493355856,340.05888365697723,3.1137969644780026,0.2473728393505441,0.008931568814726787
26.84720058987634,368.8482780069953,58.175120272500195,3,1087.135449244645,10,17.231827893209708,151.97475474796988,0.5926388604798827,3.0449054364424857,5.735821847799196,2,22.883081990070558,890.5887712971763,0.5050925133062594,0.5650939120845588,0.014901046040906906
